metric,tag,unit,fy,fp,form,filed,start,end,value
assets,Assets,USD,2009.0,Q2,10-Q,2009-08-20,,2009-01-25,3350727000.0
assets,Assets,USD,2009.0,Q3,10-Q,2009-11-19,,2009-01-25,3350727000.0
assets,Assets,USD,2010.0,FY,10-K,2010-03-18,,2009-01-25,3350727000.0
assets,Assets,USD,2009.0,Q2,10-Q,2009-08-20,,2009-07-26,3298409000.0
assets,Assets,USD,2009.0,Q3,10-Q,2009-11-19,,2009-10-25,3463574000.0
assets,Assets,USD,2010.0,FY,10-K,2010-03-18,,2010-01-31,3585918000.0
assets,Assets,USD,2010.0,Q2,10-Q,2010-05-21,,2010-01-31,3585918000.0
assets,Assets,USD,2010.0,Q3,10-Q,2010-08-30,,2010-01-31,3585918000.0
assets,Assets,USD,2010.0,Q3,10-Q,2010-12-07,,2010-01-31,3585918000.0
assets,Assets,USD,2010.0,FY,10-K,2011-03-16,,2010-01-31,3585918000.0
assets,Assets,USD,2010.0,Q2,10-Q,2010-05-21,,2010-05-02,3803030000.0
assets,Assets,USD,2010.0,Q3,10-Q,2010-08-30,,2010-08-01,3731268000.0
assets,Assets,USD,2010.0,Q3,10-Q,2010-12-07,,2010-10-31,3915579000.0
assets,Assets,USD,2010.0,FY,10-K,2011-03-16,,2011-01-30,4495246000.0
assets,Assets,USD,2011.0,Q1,10-Q,2011-05-27,,2011-01-30,4495246000.0
assets,Assets,USD,2011.0,Q2,10-Q,2011-08-25,,2011-01-30,4495246000.0
assets,Assets,USD,2011.0,Q3,10-Q,2011-11-22,,2011-01-30,4495246000.0
assets,Assets,USD,2011.0,FY,10-K,2012-03-13,,2011-01-30,4495246000.0
assets,Assets,USD,2011.0,Q1,10-Q,2011-05-27,,2011-05-01,4736744000.0
assets,Assets,USD,2011.0,Q2,10-Q,2011-08-25,,2011-07-31,4864424000.0
assets,Assets,USD,2011.0,Q3,10-Q,2011-11-22,,2011-10-30,5089043000.0
assets,Assets,USD,2011.0,FY,10-K,2012-03-13,,2012-01-29,5552928000.0
assets,Assets,USD,2012.0,Q1,10-Q,2012-05-23,,2012-01-29,5552928000.0
assets,Assets,USD,2012.0,Q2,10-Q,2012-08-22,,2012-01-29,5552928000.0
assets,Assets,USD,2012.0,Q3,10-Q,2012-11-19,,2012-01-29,5552928000.0
assets,Assets,USD,2012.0,FY,10-K,2013-03-12,,2012-01-29,5552928000.0
assets,Assets,USD,2012.0,Q1,10-Q,2012-05-23,,2012-04-29,5708167000.0
assets,Assets,USD,2012.0,Q2,10-Q,2012-08-22,,2012-07-29,5891881000.0
assets,Assets,USD,2012.0,Q3,10-Q,2012-11-19,,2012-10-28,6075144000.0
assets,Assets,USD,2012.0,FY,10-K,2013-03-12,,2013-01-27,6412245000.0
assets,Assets,USD,2013.0,Q1,10-Q,2013-05-22,,2013-01-27,6412245000.0
assets,Assets,USD,2013.0,Q2,10-Q,2013-08-21,,2013-01-27,6412245000.0
assets,Assets,USD,2013.0,Q3,10-Q,2013-11-19,,2013-01-27,6412245000.0
assets,Assets,USD,2013.0,FY,10-K,2014-03-13,,2013-01-27,6412245000.0
assets,Assets,USD,2013.0,Q1,10-Q,2013-05-22,,2013-04-28,6279527000.0
assets,Assets,USD,2013.0,Q2,10-Q,2013-08-21,,2013-07-28,5569592000.0
assets,Assets,USD,2013.0,Q3,10-Q,2013-11-19,,2013-10-27,5711373000.0
assets,Assets,USD,2013.0,FY,10-K,2014-03-13,,2014-01-26,7250894000.0
assets,Assets,USD,2014.0,Q1,10-Q,2014-05-21,,2014-01-26,7250894000.0
assets,Assets,USD,2015.0,Q2,10-Q,2014-08-20,,2014-01-26,7250894000.0
assets,Assets,USD,2015.0,Q3,10-Q,2014-11-19,,2014-01-26,7250894000.0
assets,Assets,USD,2015.0,FY,10-K,2015-03-12,,2014-01-26,7250894000.0
assets,Assets,USD,2014.0,Q1,10-Q,2014-05-21,,2014-04-27,6864663000.0
assets,Assets,USD,2015.0,Q2,10-Q,2014-08-20,,2014-07-27,6933719000.0
assets,Assets,USD,2015.0,Q3,10-Q,2014-11-19,,2014-10-26,6885869000.0
assets,Assets,USD,2015.0,FY,10-K,2015-03-12,,2015-01-25,7201368000.0
assets,Assets,USD,2016.0,Q1,10-Q,2015-05-20,,2015-01-25,7201000000.0
assets,Assets,USD,2016.0,Q2,10-Q,2015-08-19,,2015-01-25,7201000000.0
assets,Assets,USD,2016.0,Q3,10-Q,2015-11-18,,2015-01-25,7201000000.0
assets,Assets,USD,2016.0,FY,10-K,2016-03-17,,2015-01-25,7201000000.0
assets,Assets,USD,2016.0,Q1,10-Q,2015-05-20,,2015-04-26,7291000000.0
assets,Assets,USD,2016.0,Q2,10-Q,2015-08-19,,2015-07-26,6979000000.0
assets,Assets,USD,2016.0,Q3,10-Q,2015-11-18,,2015-10-25,7174000000.0
assets,Assets,USD,2016.0,FY,10-K,2016-03-17,,2016-01-31,7370000000.0
assets,Assets,USD,2017.0,Q1,10-Q,2016-05-25,,2016-01-31,7370000000.0
assets,Assets,USD,2017.0,Q2,10-Q,2016-08-23,,2016-01-31,7370000000.0
assets,Assets,USD,2017.0,Q3,10-Q,2016-11-22,,2016-01-31,7370000000.0
assets,Assets,USD,2017.0,FY,10-K,2017-03-01,,2016-01-31,7370000000.0
assets,Assets,USD,2017.0,Q1,10-Q,2016-05-25,,2016-05-01,7108000000.0
assets,Assets,USD,2017.0,Q2,10-Q,2016-08-23,,2016-07-31,7461000000.0
assets,Assets,USD,2017.0,Q3,10-Q,2016-11-22,,2016-10-30,9612000000.0
assets,Assets,USD,2017.0,FY,10-K,2017-03-01,,2017-01-29,9841000000.0
assets,Assets,USD,2018.0,Q1,10-Q,2017-05-23,,2017-01-29,9841000000.0
assets,Assets,USD,2018.0,Q2,10-Q,2017-08-23,,2017-01-29,9841000000.0
assets,Assets,USD,2018.0,Q3,10-Q,2017-11-21,,2017-01-29,9841000000.0
assets,Assets,USD,2018.0,FY,10-K,2018-02-28,,2017-01-29,9841000000.0
assets,Assets,USD,2018.0,Q1,10-Q,2017-05-23,,2017-04-30,9410000000.0
assets,Assets,USD,2018.0,Q2,10-Q,2017-08-23,,2017-07-30,9402000000.0
assets,Assets,USD,2018.0,Q3,10-Q,2017-11-21,,2017-10-29,9830000000.0
assets,Assets,USD,2018.0,FY,10-K,2018-02-28,,2018-01-28,11241000000.0
assets,Assets,USD,2019.0,Q1,10-Q,2018-05-22,,2018-01-28,11241000000.0
assets,Assets,USD,2019.0,Q2,10-Q,2018-08-16,,2018-01-28,11241000000.0
assets,Assets,USD,2019.0,Q3,10-Q,2018-11-15,,2018-01-28,11241000000.0
assets,Assets,USD,2019.0,FY,10-K,2019-02-21,,2018-01-28,11241000000.0
assets,Assets,USD,2019.0,Q1,10-Q,2018-05-22,,2018-04-29,11460000000.0
assets,Assets,USD,2019.0,Q2,10-Q,2018-08-16,,2018-07-29,12882000000.0
assets,Assets,USD,2019.0,Q3,10-Q,2018-11-15,,2018-10-28,13657000000.0
assets,Assets,USD,2019.0,FY,10-K,2019-02-21,,2019-01-27,13292000000.0
assets,Assets,USD,2020.0,Q1,10-Q,2019-05-16,,2019-01-27,13292000000.0
assets,Assets,USD,2020.0,Q2,10-Q,2019-08-15,,2019-01-27,13292000000.0
assets,Assets,USD,2020.0,Q3,10-Q,2019-11-14,,2019-01-27,13292000000.0
assets,Assets,USD,2020.0,FY,10-K,2020-02-20,,2019-01-27,13292000000.0
assets,Assets,USD,2020.0,Q1,10-Q,2019-05-16,,2019-04-28,14021000000.0
assets,Assets,USD,2020.0,Q2,10-Q,2019-08-15,,2019-07-28,14775000000.0
assets,Assets,USD,2020.0,Q3,10-Q,2019-11-14,,2019-10-27,15810000000.0
assets,Assets,USD,2020.0,FY,10-K,2020-02-20,,2020-01-26,17315000000.0
assets,Assets,USD,2020.0,Q1,10-Q,2020-05-21,,2020-01-26,17315000000.0
assets,Assets,USD,2020.0,Q2,10-Q,2020-08-19,,2020-01-26,17315000000.0
assets,Assets,USD,2021.0,Q3,10-Q,2020-11-18,,2020-01-26,17315000000.0
assets,Assets,USD,2021.0,FY,10-K,2021-02-26,,2020-01-26,17315000000.0
assets,Assets,USD,2020.0,Q1,10-Q,2020-05-21,,2020-04-26,23254000000.0
assets,Assets,USD,2020.0,Q2,10-Q,2020-08-19,,2020-07-26,25180000000.0
assets,Assets,USD,2021.0,Q3,10-Q,2020-11-18,,2020-10-25,26881000000.0
assets,Assets,USD,2021.0,FY,10-K,2021-02-26,,2021-01-31,28791000000.0
assets,Assets,USD,2022.0,Q1,10-Q,2021-05-26,,2021-01-31,28791000000.0
assets,Assets,USD,2022.0,Q2,10-Q,2021-08-20,,2021-01-31,28791000000.0
assets,Assets,USD,2022.0,Q3,10-Q,2021-11-22,,2021-01-31,28791000000.0
assets,Assets,USD,2022.0,FY,10-K,2022-03-18,,2021-01-31,28791000000.0
assets,Assets,USD,2022.0,Q1,10-Q,2021-05-26,,2021-05-02,30796000000.0
assets,Assets,USD,2022.0,Q2,10-Q,2021-08-20,,2021-08-01,38650000000.0
assets,Assets,USD,2022.0,Q3,10-Q,2021-11-22,,2021-10-31,40632000000.0
assets,Assets,USD,2022.0,FY,10-K,2022-03-18,,2022-01-30,44187000000.0
assets,Assets,USD,2023.0,Q1,10-Q,2022-05-27,,2022-01-30,44187000000.0
assets,Assets,USD,2023.0,Q2,10-Q,2022-08-31,,2022-01-30,44187000000.0
assets,Assets,USD,2023.0,Q3,10-Q,2022-11-18,,2022-01-30,44187000000.0
assets,Assets,USD,2023.0,FY,10-K,2023-02-24,,2022-01-30,44187000000.0
assets,Assets,USD,2023.0,Q1,10-Q,2022-05-27,,2022-05-01,45212000000.0
assets,Assets,USD,2023.0,Q2,10-Q,2022-08-31,,2022-07-31,43476000000.0
assets,Assets,USD,2023.0,Q3,10-Q,2022-11-18,,2022-10-30,40488000000.0
assets,Assets,USD,2023.0,FY,10-K,2023-02-24,,2023-01-29,41182000000.0
assets,Assets,USD,2024.0,Q1,10-Q,2023-05-26,,2023-01-29,41182000000.0
assets,Assets,USD,2024.0,Q2,10-Q,2023-08-28,,2023-01-29,41182000000.0
assets,Assets,USD,2024.0,Q3,10-Q,2023-11-21,,2023-01-29,41182000000.0
assets,Assets,USD,2024.0,FY,10-K,2024-02-21,,2023-01-29,41182000000.0
assets,Assets,USD,2024.0,Q1,10-Q,2023-05-26,,2023-04-30,44460000000.0
assets,Assets,USD,2024.0,Q2,10-Q,2023-08-28,,2023-07-30,49555000000.0
assets,Assets,USD,2024.0,Q3,10-Q,2023-11-21,,2023-10-29,54148000000.0
assets,Assets,USD,2024.0,FY,10-K,2024-02-21,,2024-01-28,65728000000.0
assets,Assets,USD,2025.0,Q1,10-Q,2024-05-29,,2024-01-28,65728000000.0
assets,Assets,USD,2025.0,Q2,10-Q,2024-08-28,,2024-01-28,65728000000.0
assets,Assets,USD,2025.0,Q3,10-Q,2024-11-20,,2024-01-28,65728000000.0
assets,Assets,USD,2025.0,FY,10-K,2025-02-26,,2024-01-28,65728000000.0
assets,Assets,USD,2025.0,Q1,10-Q,2024-05-29,,2024-04-28,77072000000.0
assets,Assets,USD,2025.0,Q2,10-Q,2024-08-28,,2024-07-28,85227000000.0
assets,Assets,USD,2025.0,Q3,10-Q,2024-11-20,,2024-10-27,96013000000.0
assets,Assets,USD,2025.0,FY,10-K,2025-02-26,,2025-01-26,111601000000.0
assets,Assets,USD,2026.0,Q1,10-Q,2025-05-28,,2025-01-26,111601000000.0
assets,Assets,USD,2026.0,Q2,10-Q,2025-08-27,,2025-01-26,111601000000.0
assets,Assets,USD,2026.0,Q3,10-Q,2025-11-19,,2025-01-26,111601000000.0
assets,Assets,USD,2026.0,FY,10-K,2026-02-25,,2025-01-26,111601000000.0
assets,Assets,USD,2026.0,Q1,10-Q,2025-05-28,,2025-04-27,125254000000.0
assets,Assets,USD,2026.0,Q2,10-Q,2025-08-27,,2025-07-27,140740000000.0
assets,Assets,USD,2026.0,Q3,10-Q,2025-11-19,,2025-10-26,161148000000.0
assets,Assets,USD,2026.0,FY,10-K,2026-02-25,,2026-01-25,206803000000.0
capex_purchase_ppe,PaymentsToAcquirePropertyPlantAndEquipment,USD,2011.0,FY,10-K,2012-03-13,2009-01-26,2010-01-31,77601000.0
capex_purchase_ppe,PaymentsToAcquirePropertyPlantAndEquipment,USD,2011.0,FY,10-K,2012-03-13,2010-02-01,2011-01-30,97890000.0
capex_purchase_ppe,PaymentsToAcquirePropertyPlantAndEquipment,USD,2012.0,Q1,10-Q,2012-05-23,2011-01-31,2011-05-01,31195000.0
capex_purchase_ppe,PaymentsToAcquirePropertyPlantAndEquipment,USD,2012.0,Q2,10-Q,2012-08-22,2011-01-31,2011-07-31,54518000.0
capex_purchase_ppe,PaymentsToAcquirePropertyPlantAndEquipment,USD,2012.0,Q3,10-Q,2012-11-19,2011-01-31,2011-10-30,93553000.0
capex_purchase_ppe,PaymentsToAcquirePropertyPlantAndEquipment,USD,2011.0,FY,10-K,2012-03-13,2011-01-31,2012-01-29,138735000.0
capex_purchase_ppe,PaymentsToAcquirePropertyPlantAndEquipment,USD,2012.0,Q1,10-Q,2012-05-23,2012-01-30,2012-04-29,28923000.0
capex_purchase_ppe,PaymentsToAcquirePropertyPlantAndEquipment,USD,2013.0,Q1,10-Q,2013-05-22,2012-01-30,2012-04-29,28923000.0
capex_purchase_ppe,PaymentsToAcquirePropertyPlantAndEquipment,USD,2012.0,Q2,10-Q,2012-08-22,2012-01-30,2012-07-29,90867000.0
capex_purchase_ppe,PaymentsToAcquirePropertyPlantAndEquipment,USD,2013.0,Q2,10-Q,2013-08-21,2012-01-30,2012-07-29,90867000.0
capex_purchase_ppe,PaymentsToAcquirePropertyPlantAndEquipment,USD,2012.0,Q3,10-Q,2012-11-19,2012-01-30,2012-10-28,135551000.0
capex_purchase_ppe,PaymentsToAcquirePropertyPlantAndEquipment,USD,2013.0,Q3,10-Q,2013-11-19,2012-01-30,2012-10-28,135551000.0
capex_purchase_ppe,PaymentsToAcquirePropertyPlantAndEquipment,USD,2013.0,Q1,10-Q,2013-05-22,2013-01-28,2013-04-28,65667000.0
capex_purchase_ppe,PaymentsToAcquirePropertyPlantAndEquipment,USD,2014.0,Q1,10-Q,2014-05-21,2013-01-28,2013-04-28,65667000.0
capex_purchase_ppe,PaymentsToAcquirePropertyPlantAndEquipment,USD,2013.0,Q2,10-Q,2013-08-21,2013-01-28,2013-07-28,150653000.0
capex_purchase_ppe,PaymentsToAcquirePropertyPlantAndEquipment,USD,2015.0,Q2,10-Q,2014-08-20,2013-01-28,2013-07-28,150653000.0
capex_purchase_ppe,PaymentsToAcquirePropertyPlantAndEquipment,USD,2013.0,Q3,10-Q,2013-11-19,2013-01-28,2013-10-27,188812000.0
capex_purchase_ppe,PaymentsToAcquirePropertyPlantAndEquipment,USD,2015.0,Q3,10-Q,2014-11-19,2013-01-28,2013-10-27,188812000.0
capex_purchase_ppe,PaymentsToAcquirePropertyPlantAndEquipment,USD,2014.0,Q1,10-Q,2014-05-21,2014-01-27,2014-04-27,29068000.0
capex_purchase_ppe,PaymentsToAcquirePropertyPlantAndEquipment,USD,2016.0,Q1,10-Q,2015-05-20,2014-01-27,2014-04-27,29000000.0
capex_purchase_ppe,PaymentsToAcquirePropertyPlantAndEquipment,USD,2015.0,Q2,10-Q,2014-08-20,2014-01-27,2014-07-27,51595000.0
capex_purchase_ppe,PaymentsToAcquirePropertyPlantAndEquipment,USD,2016.0,Q2,10-Q,2015-08-19,2014-01-27,2014-07-27,52000000.0
capex_purchase_ppe,PaymentsToAcquirePropertyPlantAndEquipment,USD,2015.0,Q3,10-Q,2014-11-19,2014-01-27,2014-10-26,91336000.0
capex_purchase_ppe,PaymentsToAcquirePropertyPlantAndEquipment,USD,2016.0,Q3,10-Q,2015-11-18,2014-01-27,2014-10-26,91000000.0
capex_purchase_ppe,PaymentsToAcquirePropertyPlantAndEquipment,USD,2016.0,Q1,10-Q,2015-05-20,2015-01-26,2015-04-26,30000000.0
capex_purchase_ppe,PaymentsToAcquirePropertyPlantAndEquipment,USD,2017.0,Q1,10-Q,2016-05-25,2015-01-26,2015-04-26,30000000.0
capex_purchase_ppe,PaymentsToAcquirePropertyPlantAndEquipment,USD,2016.0,Q2,10-Q,2015-08-19,2015-01-26,2015-07-26,54000000.0
capex_purchase_ppe,PaymentsToAcquirePropertyPlantAndEquipment,USD,2017.0,Q2,10-Q,2016-08-23,2015-01-26,2015-07-26,54000000.0
capex_purchase_ppe,PaymentsToAcquirePropertyPlantAndEquipment,USD,2016.0,Q3,10-Q,2015-11-18,2015-01-26,2015-10-25,71000000.0
capex_purchase_ppe,PaymentsToAcquirePropertyPlantAndEquipment,USD,2017.0,Q3,10-Q,2016-11-22,2015-01-26,2015-10-25,71000000.0
capex_purchase_ppe,PaymentsToAcquirePropertyPlantAndEquipment,USD,2017.0,Q1,10-Q,2016-05-25,2016-02-01,2016-05-01,55000000.0
capex_purchase_ppe,PaymentsToAcquirePropertyPlantAndEquipment,USD,2018.0,Q1,10-Q,2017-05-23,2016-02-01,2016-05-01,55000000.0
capex_purchase_ppe,PaymentsToAcquirePropertyPlantAndEquipment,USD,2017.0,Q2,10-Q,2016-08-23,2016-02-01,2016-07-31,87000000.0
capex_purchase_ppe,PaymentsToAcquirePropertyPlantAndEquipment,USD,2018.0,Q2,10-Q,2017-08-23,2016-02-01,2016-07-31,87000000.0
capex_purchase_ppe,PaymentsToAcquirePropertyPlantAndEquipment,USD,2017.0,Q3,10-Q,2016-11-22,2016-02-01,2016-10-30,125000000.0
capex_purchase_ppe,PaymentsToAcquirePropertyPlantAndEquipment,USD,2018.0,Q3,10-Q,2017-11-21,2016-02-01,2016-10-30,125000000.0
capex_purchase_ppe,PaymentsToAcquirePropertyPlantAndEquipment,USD,2018.0,Q1,10-Q,2017-05-23,2017-01-30,2017-04-30,54000000.0
capex_purchase_ppe,PaymentsToAcquirePropertyPlantAndEquipment,USD,2019.0,Q1,10-Q,2018-05-22,2017-01-30,2017-04-30,54000000.0
capex_purchase_ppe,PaymentsToAcquirePropertyPlantAndEquipment,USD,2018.0,Q2,10-Q,2017-08-23,2017-01-30,2017-07-30,108000000.0
capex_purchase_ppe,PaymentsToAcquirePropertyPlantAndEquipment,USD,2019.0,Q2,10-Q,2018-08-16,2017-01-30,2017-07-30,108000000.0
capex_purchase_ppe,PaymentsToAcquirePropertyPlantAndEquipment,USD,2018.0,Q3,10-Q,2017-11-21,2017-01-30,2017-10-29,177000000.0
capex_purchase_ppe,PaymentsToAcquirePropertyPlantAndEquipment,USD,2019.0,Q3,10-Q,2018-11-15,2017-01-30,2017-10-29,177000000.0
capex_purchase_ppe,PaymentsToAcquirePropertyPlantAndEquipment,USD,2019.0,Q1,10-Q,2018-05-22,2018-01-29,2018-04-29,118000000.0
capex_purchase_ppe,PaymentsToAcquirePropertyPlantAndEquipment,USD,2020.0,Q1,10-Q,2019-05-16,2018-01-29,2018-04-29,118000000.0
capex_purchase_ppe,PaymentsToAcquirePropertyPlantAndEquipment,USD,2019.0,Q2,10-Q,2018-08-16,2018-01-29,2018-07-29,247000000.0
capex_purchase_ppe,PaymentsToAcquirePropertyPlantAndEquipment,USD,2020.0,Q2,10-Q,2019-08-15,2018-01-29,2018-07-29,247000000.0
capex_purchase_ppe,PaymentsToAcquirePropertyPlantAndEquipment,USD,2019.0,Q3,10-Q,2018-11-15,2018-01-29,2018-10-28,397000000.0
capex_purchase_ppe,PaymentsToAcquirePropertyPlantAndEquipment,USD,2020.0,Q3,10-Q,2019-11-14,2018-01-29,2018-10-28,397000000.0
capex_purchase_ppe,PaymentsToAcquirePropertyPlantAndEquipment,USD,2020.0,Q1,10-Q,2019-05-16,2019-01-28,2019-04-28,128000000.0
capex_purchase_ppe,PaymentsToAcquirePropertyPlantAndEquipment,USD,2020.0,Q1,10-Q,2020-05-21,2019-01-28,2019-04-28,128000000.0
capex_purchase_ppe,PaymentsToAcquirePropertyPlantAndEquipment,USD,2020.0,Q2,10-Q,2019-08-15,2019-01-28,2019-07-28,241000000.0
capex_purchase_ppe,PaymentsToAcquirePropertyPlantAndEquipment,USD,2020.0,Q2,10-Q,2020-08-19,2019-01-28,2019-07-28,241000000.0
capex_purchase_ppe,PaymentsToAcquirePropertyPlantAndEquipment,USD,2020.0,Q3,10-Q,2019-11-14,2019-01-28,2019-10-27,344000000.0
capex_purchase_ppe,PaymentsToAcquirePropertyPlantAndEquipment,USD,2020.0,Q1,10-Q,2020-05-21,2020-01-27,2020-04-26,155000000.0
capex_purchase_ppe,PaymentsToAcquirePropertyPlantAndEquipment,USD,2020.0,Q2,10-Q,2020-08-19,2020-01-27,2020-07-26,372000000.0
eps_diluted,EarningsPerShareDiluted,USD/shares,2010.0,FY,10-K,2010-03-18,2007-01-29,2008-01-27,1.31
eps_diluted,EarningsPerShareDiluted,USD/shares,2009.0,Q2,10-Q,2009-08-20,2008-01-25,2008-07-27,0.09
eps_diluted,EarningsPerShareDiluted,USD/shares,2009.0,Q2,10-Q,2009-08-20,2008-04-27,2008-07-27,-0.22
eps_diluted,EarningsPerShareDiluted,USD/shares,2009.0,Q3,10-Q,2009-11-19,2008-01-28,2008-10-26,0.2
eps_diluted,EarningsPerShareDiluted,USD/shares,2009.0,Q3,10-Q,2009-11-19,2008-07-28,2008-10-26,0.11
eps_diluted,EarningsPerShareDiluted,USD/shares,2010.0,FY,10-K,2010-03-18,2008-01-28,2009-01-25,-0.05
eps_diluted,EarningsPerShareDiluted,USD/shares,2010.0,FY,10-K,2011-03-16,2008-01-28,2009-01-25,-0.05
eps_diluted,EarningsPerShareDiluted,USD/shares,2010.0,Q2,10-Q,2010-05-21,2009-01-26,2009-04-26,-0.37
eps_diluted,EarningsPerShareDiluted,USD/shares,2010.0,FY,10-K,2011-03-16,2009-01-26,2009-04-26,-0.37
eps_diluted,EarningsPerShareDiluted,USD/shares,2009.0,Q2,10-Q,2009-08-20,2009-01-25,2009-07-26,-0.56
eps_diluted,EarningsPerShareDiluted,USD/shares,2009.0,Q2,10-Q,2009-08-20,2009-04-27,2009-07-26,-0.19
eps_diluted,EarningsPerShareDiluted,USD/shares,2010.0,Q3,10-Q,2010-08-30,2009-01-26,2009-07-26,-0.56
eps_diluted,EarningsPerShareDiluted,USD/shares,2010.0,Q3,10-Q,2010-08-30,2009-04-27,2009-07-26,-0.19
eps_diluted,EarningsPerShareDiluted,USD/shares,2010.0,FY,10-K,2011-03-16,2009-04-27,2009-07-26,-0.19
eps_diluted,EarningsPerShareDiluted,USD/shares,2009.0,Q3,10-Q,2009-11-19,2009-01-26,2009-10-25,-0.36
eps_diluted,EarningsPerShareDiluted,USD/shares,2009.0,Q3,10-Q,2009-11-19,2009-07-27,2009-10-25,0.19
eps_diluted,EarningsPerShareDiluted,USD/shares,2010.0,Q3,10-Q,2010-12-07,2009-01-26,2009-10-25,-0.36
eps_diluted,EarningsPerShareDiluted,USD/shares,2010.0,Q3,10-Q,2010-12-07,2009-07-27,2009-10-25,0.19
eps_diluted,EarningsPerShareDiluted,USD/shares,2010.0,FY,10-K,2011-03-16,2009-07-27,2009-10-25,0.19
eps_diluted,EarningsPerShareDiluted,USD/shares,2010.0,FY,10-K,2010-03-18,2009-01-26,2010-01-31,-0.12
eps_diluted,EarningsPerShareDiluted,USD/shares,2010.0,FY,10-K,2011-03-16,2009-01-26,2010-01-31,-0.12
eps_diluted,EarningsPerShareDiluted,USD/shares,2010.0,FY,10-K,2011-03-16,2009-10-26,2010-01-31,0.23
eps_diluted,EarningsPerShareDiluted,USD/shares,2011.0,FY,10-K,2012-03-13,2009-01-26,2010-01-31,-0.12
eps_diluted,EarningsPerShareDiluted,USD/shares,2010.0,Q2,10-Q,2010-05-21,2010-02-01,2010-05-02,0.23
eps_diluted,EarningsPerShareDiluted,USD/shares,2010.0,FY,10-K,2011-03-16,2010-02-01,2010-05-02,0.23
eps_diluted,EarningsPerShareDiluted,USD/shares,2011.0,Q1,10-Q,2011-05-27,2010-02-01,2010-05-02,0.23
eps_diluted,EarningsPerShareDiluted,USD/shares,2011.0,FY,10-K,2012-03-13,2010-02-01,2010-05-02,0.23
eps_diluted,EarningsPerShareDiluted,USD/shares,2011.0,FY,10-K,2012-03-13,2010-05-03,2010-07-31,-0.25
eps_diluted,EarningsPerShareDiluted,USD/shares,2010.0,Q3,10-Q,2010-08-30,2010-02-01,2010-08-01,-0.01
eps_diluted,EarningsPerShareDiluted,USD/shares,2010.0,Q3,10-Q,2010-08-30,2010-05-03,2010-08-01,-0.25
eps_diluted,EarningsPerShareDiluted,USD/shares,2010.0,FY,10-K,2011-03-16,2010-05-03,2010-08-01,-0.25
eps_diluted,EarningsPerShareDiluted,USD/shares,2011.0,Q2,10-Q,2011-08-25,2010-02-01,2010-08-01,-0.01
eps_diluted,EarningsPerShareDiluted,USD/shares,2011.0,Q2,10-Q,2011-08-25,2010-05-03,2010-08-01,-0.25
eps_diluted,EarningsPerShareDiluted,USD/shares,2010.0,Q3,10-Q,2010-12-07,2010-02-01,2010-10-31,0.14
eps_diluted,EarningsPerShareDiluted,USD/shares,2010.0,Q3,10-Q,2010-12-07,2010-08-02,2010-10-31,0.15
eps_diluted,EarningsPerShareDiluted,USD/shares,2010.0,FY,10-K,2011-03-16,2010-08-02,2010-10-31,0.15
eps_diluted,EarningsPerShareDiluted,USD/shares,2011.0,Q3,10-Q,2011-11-22,2010-02-01,2010-10-31,0.14
eps_diluted,EarningsPerShareDiluted,USD/shares,2011.0,Q3,10-Q,2011-11-22,2010-08-02,2010-10-31,0.15
eps_diluted,EarningsPerShareDiluted,USD/shares,2011.0,FY,10-K,2012-03-13,2010-08-02,2010-10-31,0.15
eps_diluted,EarningsPerShareDiluted,USD/shares,2010.0,FY,10-K,2011-03-16,2010-02-01,2011-01-30,0.43
eps_diluted,EarningsPerShareDiluted,USD/shares,2010.0,FY,10-K,2011-03-16,2010-11-01,2011-01-30,0.29
eps_diluted,EarningsPerShareDiluted,USD/shares,2011.0,FY,10-K,2012-03-13,2010-02-01,2011-01-30,0.43
eps_diluted,EarningsPerShareDiluted,USD/shares,2011.0,FY,10-K,2012-03-13,2010-11-01,2011-01-30,0.29
eps_diluted,EarningsPerShareDiluted,USD/shares,2012.0,FY,10-K,2013-03-12,2010-02-01,2011-01-30,0.43
eps_diluted,EarningsPerShareDiluted,USD/shares,2011.0,Q1,10-Q,2011-05-27,2011-01-31,2011-05-01,0.22
eps_diluted,EarningsPerShareDiluted,USD/shares,2011.0,FY,10-K,2012-03-13,2011-01-31,2011-05-01,0.22
eps_diluted,EarningsPerShareDiluted,USD/shares,2012.0,Q1,10-Q,2012-05-23,2011-01-31,2011-05-01,0.22
eps_diluted,EarningsPerShareDiluted,USD/shares,2012.0,FY,10-K,2013-03-12,2011-01-31,2011-05-01,0.22
eps_diluted,EarningsPerShareDiluted,USD/shares,2011.0,Q2,10-Q,2011-08-25,2011-01-31,2011-07-31,0.47
eps_diluted,EarningsPerShareDiluted,USD/shares,2011.0,Q2,10-Q,2011-08-25,2011-05-02,2011-07-31,0.25
eps_diluted,EarningsPerShareDiluted,USD/shares,2011.0,FY,10-K,2012-03-13,2011-05-02,2011-07-31,0.25
eps_diluted,EarningsPerShareDiluted,USD/shares,2012.0,Q2,10-Q,2012-08-22,2011-01-31,2011-07-31,0.47
eps_diluted,EarningsPerShareDiluted,USD/shares,2012.0,Q2,10-Q,2012-08-22,2011-05-02,2011-07-31,0.25
eps_diluted,EarningsPerShareDiluted,USD/shares,2012.0,FY,10-K,2013-03-12,2011-05-02,2011-07-31,0.25
eps_diluted,EarningsPerShareDiluted,USD/shares,2011.0,Q3,10-Q,2011-11-22,2011-01-31,2011-10-30,0.76
eps_diluted,EarningsPerShareDiluted,USD/shares,2011.0,Q3,10-Q,2011-11-22,2011-08-01,2011-10-30,0.29
eps_diluted,EarningsPerShareDiluted,USD/shares,2011.0,FY,10-K,2012-03-13,2011-08-01,2011-10-30,0.29
eps_diluted,EarningsPerShareDiluted,USD/shares,2012.0,Q3,10-Q,2012-11-19,2011-01-31,2011-10-30,0.76
eps_diluted,EarningsPerShareDiluted,USD/shares,2012.0,Q3,10-Q,2012-11-19,2011-08-01,2011-10-30,0.29
eps_diluted,EarningsPerShareDiluted,USD/shares,2012.0,FY,10-K,2013-03-12,2011-08-01,2011-10-30,0.29
eps_diluted,EarningsPerShareDiluted,USD/shares,2011.0,FY,10-K,2012-03-13,2011-01-31,2012-01-29,0.94
eps_diluted,EarningsPerShareDiluted,USD/shares,2011.0,FY,10-K,2012-03-13,2011-10-31,2012-01-29,0.19
eps_diluted,EarningsPerShareDiluted,USD/shares,2012.0,FY,10-K,2013-03-12,2011-01-31,2012-01-29,0.94
eps_diluted,EarningsPerShareDiluted,USD/shares,2012.0,FY,10-K,2013-03-12,2011-10-31,2012-01-29,0.19
eps_diluted,EarningsPerShareDiluted,USD/shares,2013.0,FY,10-K,2014-03-13,2011-01-31,2012-01-29,0.94
eps_diluted,EarningsPerShareDiluted,USD/shares,2012.0,Q1,10-Q,2012-05-23,2012-01-30,2012-04-29,0.1
eps_diluted,EarningsPerShareDiluted,USD/shares,2012.0,FY,10-K,2013-03-12,2012-01-30,2012-04-29,0.1
eps_diluted,EarningsPerShareDiluted,USD/shares,2013.0,Q1,10-Q,2013-05-22,2012-01-30,2012-04-29,0.1
eps_diluted,EarningsPerShareDiluted,USD/shares,2013.0,FY,10-K,2014-03-13,2012-01-30,2012-04-29,0.1
eps_diluted,EarningsPerShareDiluted,USD/shares,2012.0,Q2,10-Q,2012-08-22,2012-01-30,2012-07-29,0.29
eps_diluted,EarningsPerShareDiluted,USD/shares,2012.0,Q2,10-Q,2012-08-22,2012-04-30,2012-07-29,0.19
eps_diluted,EarningsPerShareDiluted,USD/shares,2012.0,FY,10-K,2013-03-12,2012-04-30,2012-07-29,0.19
eps_diluted,EarningsPerShareDiluted,USD/shares,2013.0,Q2,10-Q,2013-08-21,2012-01-30,2012-07-29,0.29
eps_diluted,EarningsPerShareDiluted,USD/shares,2013.0,Q2,10-Q,2013-08-21,2012-04-30,2012-07-29,0.19
eps_diluted,EarningsPerShareDiluted,USD/shares,2013.0,FY,10-K,2014-03-13,2012-04-30,2012-07-29,0.19
eps_diluted,EarningsPerShareDiluted,USD/shares,2012.0,Q3,10-Q,2012-11-19,2012-01-30,2012-10-28,0.62
eps_diluted,EarningsPerShareDiluted,USD/shares,2012.0,Q3,10-Q,2012-11-19,2012-07-30,2012-10-28,0.33
eps_diluted,EarningsPerShareDiluted,USD/shares,2012.0,FY,10-K,2013-03-12,2012-07-30,2012-10-28,0.33
eps_diluted,EarningsPerShareDiluted,USD/shares,2013.0,Q3,10-Q,2013-11-19,2012-01-30,2012-10-28,0.62
eps_diluted,EarningsPerShareDiluted,USD/shares,2013.0,Q3,10-Q,2013-11-19,2012-07-30,2012-10-28,0.33
eps_diluted,EarningsPerShareDiluted,USD/shares,2013.0,FY,10-K,2014-03-13,2012-07-30,2012-10-28,0.33
eps_diluted,EarningsPerShareDiluted,USD/shares,2012.0,FY,10-K,2013-03-12,2012-01-30,2013-01-27,0.9
eps_diluted,EarningsPerShareDiluted,USD/shares,2012.0,FY,10-K,2013-03-12,2012-10-29,2013-01-27,0.28
eps_diluted,EarningsPerShareDiluted,USD/shares,2013.0,FY,10-K,2014-03-13,2012-01-30,2013-01-27,0.9
eps_diluted,EarningsPerShareDiluted,USD/shares,2013.0,FY,10-K,2014-03-13,2012-10-29,2013-01-27,0.28
eps_diluted,EarningsPerShareDiluted,USD/shares,2015.0,FY,10-K,2015-03-12,2012-01-30,2013-01-27,0.9
eps_diluted,EarningsPerShareDiluted,USD/shares,2013.0,Q1,10-Q,2013-05-22,2013-01-28,2013-04-28,0.13
eps_diluted,EarningsPerShareDiluted,USD/shares,2013.0,FY,10-K,2014-03-13,2013-01-28,2013-04-28,0.13
eps_diluted,EarningsPerShareDiluted,USD/shares,2014.0,Q1,10-Q,2014-05-21,2013-01-28,2013-04-28,0.13
eps_diluted,EarningsPerShareDiluted,USD/shares,2015.0,FY,10-K,2015-03-12,2013-01-28,2013-04-28,0.13
eps_diluted,EarningsPerShareDiluted,USD/shares,2013.0,Q2,10-Q,2013-08-21,2013-01-28,2013-07-28,0.29
eps_diluted,EarningsPerShareDiluted,USD/shares,2013.0,Q2,10-Q,2013-08-21,2013-04-29,2013-07-28,0.16
eps_diluted,EarningsPerShareDiluted,USD/shares,2013.0,FY,10-K,2014-03-13,2013-04-29,2013-07-28,0.16
eps_diluted,EarningsPerShareDiluted,USD/shares,2015.0,Q2,10-Q,2014-08-20,2013-01-28,2013-07-28,0.29
eps_diluted,EarningsPerShareDiluted,USD/shares,2015.0,Q2,10-Q,2014-08-20,2013-04-29,2013-07-28,0.16
eps_diluted,EarningsPerShareDiluted,USD/shares,2015.0,FY,10-K,2015-03-12,2013-04-29,2013-07-28,0.16
eps_diluted,EarningsPerShareDiluted,USD/shares,2013.0,Q3,10-Q,2013-11-19,2013-01-28,2013-10-27,0.49
eps_diluted,EarningsPerShareDiluted,USD/shares,2013.0,Q3,10-Q,2013-11-19,2013-07-29,2013-10-27,0.2
eps_diluted,EarningsPerShareDiluted,USD/shares,2013.0,FY,10-K,2014-03-13,2013-07-29,2013-10-27,0.2
eps_diluted,EarningsPerShareDiluted,USD/shares,2015.0,Q3,10-Q,2014-11-19,2013-01-28,2013-10-27,0.49
eps_diluted,EarningsPerShareDiluted,USD/shares,2015.0,Q3,10-Q,2014-11-19,2013-07-29,2013-10-27,0.2
eps_diluted,EarningsPerShareDiluted,USD/shares,2015.0,FY,10-K,2015-03-12,2013-07-29,2013-10-27,0.2
eps_diluted,EarningsPerShareDiluted,USD/shares,2013.0,FY,10-K,2014-03-13,2013-01-28,2014-01-26,0.74
eps_diluted,EarningsPerShareDiluted,USD/shares,2013.0,FY,10-K,2014-03-13,2013-10-28,2014-01-26,0.25
eps_diluted,EarningsPerShareDiluted,USD/shares,2015.0,FY,10-K,2015-03-12,2013-01-28,2014-01-26,0.74
eps_diluted,EarningsPerShareDiluted,USD/shares,2015.0,FY,10-K,2015-03-12,2013-10-28,2014-01-26,0.25
eps_diluted,EarningsPerShareDiluted,USD/shares,2016.0,FY,10-K,2016-03-17,2013-01-28,2014-01-26,0.74
eps_diluted,EarningsPerShareDiluted,USD/shares,2014.0,Q1,10-Q,2014-05-21,2014-01-27,2014-04-27,0.24
eps_diluted,EarningsPerShareDiluted,USD/shares,2015.0,FY,10-K,2015-03-12,2014-01-27,2014-04-27,0.24
eps_diluted,EarningsPerShareDiluted,USD/shares,2016.0,Q1,10-Q,2015-05-20,2014-01-27,2014-04-27,0.24
eps_diluted,EarningsPerShareDiluted,USD/shares,2016.0,FY,10-K,2016-03-17,2014-01-27,2014-04-27,0.24
eps_diluted,EarningsPerShareDiluted,USD/shares,2015.0,Q2,10-Q,2014-08-20,2014-01-27,2014-07-27,0.46
eps_diluted,EarningsPerShareDiluted,USD/shares,2015.0,Q2,10-Q,2014-08-20,2014-04-28,2014-07-27,0.22
eps_diluted,EarningsPerShareDiluted,USD/shares,2015.0,FY,10-K,2015-03-12,2014-04-28,2014-07-27,0.22
eps_diluted,EarningsPerShareDiluted,USD/shares,2016.0,Q2,10-Q,2015-08-19,2014-01-27,2014-07-27,0.46
eps_diluted,EarningsPerShareDiluted,USD/shares,2016.0,Q2,10-Q,2015-08-19,2014-04-28,2014-07-27,0.22
eps_diluted,EarningsPerShareDiluted,USD/shares,2016.0,FY,10-K,2016-03-17,2014-04-28,2014-07-27,0.22
eps_diluted,EarningsPerShareDiluted,USD/shares,2015.0,Q3,10-Q,2014-11-19,2014-01-27,2014-10-26,0.77
eps_diluted,EarningsPerShareDiluted,USD/shares,2015.0,Q3,10-Q,2014-11-19,2014-07-28,2014-10-26,0.31
eps_diluted,EarningsPerShareDiluted,USD/shares,2015.0,FY,10-K,2015-03-12,2014-07-28,2014-10-26,0.31
eps_diluted,EarningsPerShareDiluted,USD/shares,2016.0,Q3,10-Q,2015-11-18,2014-01-27,2014-10-26,0.77
eps_diluted,EarningsPerShareDiluted,USD/shares,2016.0,Q3,10-Q,2015-11-18,2014-07-28,2014-10-26,0.31
eps_diluted,EarningsPerShareDiluted,USD/shares,2016.0,FY,10-K,2016-03-17,2014-07-28,2014-10-26,0.31
eps_diluted,EarningsPerShareDiluted,USD/shares,2015.0,FY,10-K,2015-03-12,2014-01-27,2015-01-25,1.12
eps_diluted,EarningsPerShareDiluted,USD/shares,2015.0,FY,10-K,2015-03-12,2014-10-27,2015-01-25,0.35
eps_diluted,EarningsPerShareDiluted,USD/shares,2016.0,FY,10-K,2016-03-17,2014-01-27,2015-01-25,1.12
eps_diluted,EarningsPerShareDiluted,USD/shares,2016.0,FY,10-K,2016-03-17,2014-10-27,2015-01-25,0.35
eps_diluted,EarningsPerShareDiluted,USD/shares,2017.0,FY,10-K,2017-03-01,2014-01-27,2015-01-25,1.12
eps_diluted,EarningsPerShareDiluted,USD/shares,2016.0,Q1,10-Q,2015-05-20,2015-01-26,2015-04-26,0.24
eps_diluted,EarningsPerShareDiluted,USD/shares,2016.0,FY,10-K,2016-03-17,2015-01-26,2015-04-26,0.24
eps_diluted,EarningsPerShareDiluted,USD/shares,2017.0,Q1,10-Q,2016-05-25,2015-01-26,2015-04-26,0.24
eps_diluted,EarningsPerShareDiluted,USD/shares,2017.0,FY,10-K,2017-03-01,2015-01-26,2015-04-26,0.24
eps_diluted,EarningsPerShareDiluted,USD/shares,2016.0,Q2,10-Q,2015-08-19,2015-01-26,2015-07-26,0.28
eps_diluted,EarningsPerShareDiluted,USD/shares,2016.0,Q2,10-Q,2015-08-19,2015-04-27,2015-07-26,0.05
eps_diluted,EarningsPerShareDiluted,USD/shares,2016.0,FY,10-K,2016-03-17,2015-04-27,2015-07-26,0.05
eps_diluted,EarningsPerShareDiluted,USD/shares,2017.0,Q2,10-Q,2016-08-23,2015-01-26,2015-07-26,0.28
eps_diluted,EarningsPerShareDiluted,USD/shares,2017.0,Q2,10-Q,2016-08-23,2015-04-27,2015-07-26,0.05
eps_diluted,EarningsPerShareDiluted,USD/shares,2017.0,FY,10-K,2017-03-01,2015-04-27,2015-07-26,0.05
eps_diluted,EarningsPerShareDiluted,USD/shares,2016.0,Q3,10-Q,2015-11-18,2015-01-26,2015-10-25,0.72
eps_diluted,EarningsPerShareDiluted,USD/shares,2016.0,Q3,10-Q,2015-11-18,2015-07-27,2015-10-25,0.44
eps_diluted,EarningsPerShareDiluted,USD/shares,2016.0,FY,10-K,2016-03-17,2015-07-27,2015-10-25,0.44
eps_diluted,EarningsPerShareDiluted,USD/shares,2017.0,Q3,10-Q,2016-11-22,2015-01-26,2015-10-25,0.72
eps_diluted,EarningsPerShareDiluted,USD/shares,2017.0,Q3,10-Q,2016-11-22,2015-07-27,2015-10-25,0.44
eps_diluted,EarningsPerShareDiluted,USD/shares,2017.0,FY,10-K,2017-03-01,2015-07-27,2015-10-25,0.44
eps_diluted,EarningsPerShareDiluted,USD/shares,2016.0,FY,10-K,2016-03-17,2015-01-26,2016-01-31,1.08
eps_diluted,EarningsPerShareDiluted,USD/shares,2016.0,FY,10-K,2016-03-17,2015-10-26,2016-01-31,0.35
eps_diluted,EarningsPerShareDiluted,USD/shares,2017.0,FY,10-K,2017-03-01,2015-01-26,2016-01-31,1.08
eps_diluted,EarningsPerShareDiluted,USD/shares,2017.0,FY,10-K,2017-03-01,2015-10-26,2016-01-31,0.35
eps_diluted,EarningsPerShareDiluted,USD/shares,2018.0,FY,10-K,2018-02-28,2015-01-26,2016-01-31,1.08
eps_diluted,EarningsPerShareDiluted,USD/shares,2017.0,Q1,10-Q,2016-05-25,2016-02-01,2016-05-01,0.33
eps_diluted,EarningsPerShareDiluted,USD/shares,2017.0,Q3,10-Q,2016-11-22,2016-02-01,2016-05-01,0.35
eps_diluted,EarningsPerShareDiluted,USD/shares,2017.0,FY,10-K,2017-03-01,2016-02-01,2016-05-01,0.35
eps_diluted,EarningsPerShareDiluted,USD/shares,2018.0,Q1,10-Q,2017-05-23,2016-02-01,2016-05-01,0.35
eps_diluted,EarningsPerShareDiluted,USD/shares,2018.0,FY,10-K,2018-02-28,2016-02-01,2016-05-01,0.35
eps_diluted,EarningsPerShareDiluted,USD/shares,2017.0,Q2,10-Q,2016-08-23,2016-02-01,2016-07-31,0.73
eps_diluted,EarningsPerShareDiluted,USD/shares,2017.0,Q2,10-Q,2016-08-23,2016-05-02,2016-07-31,0.4
eps_diluted,EarningsPerShareDiluted,USD/shares,2017.0,Q3,10-Q,2016-11-22,2016-02-01,2016-07-31,0.76
eps_diluted,EarningsPerShareDiluted,USD/shares,2017.0,Q3,10-Q,2016-11-22,2016-05-02,2016-07-31,0.41
eps_diluted,EarningsPerShareDiluted,USD/shares,2017.0,FY,10-K,2017-03-01,2016-02-01,2016-07-31,0.76
eps_diluted,EarningsPerShareDiluted,USD/shares,2017.0,FY,10-K,2017-03-01,2016-05-02,2016-07-31,0.41
eps_diluted,EarningsPerShareDiluted,USD/shares,2018.0,Q2,10-Q,2017-08-23,2016-02-01,2016-07-31,0.76
eps_diluted,EarningsPerShareDiluted,USD/shares,2018.0,Q2,10-Q,2017-08-23,2016-05-02,2016-07-31,0.41
eps_diluted,EarningsPerShareDiluted,USD/shares,2018.0,FY,10-K,2018-02-28,2016-05-02,2016-07-31,0.41
eps_diluted,EarningsPerShareDiluted,USD/shares,2017.0,Q3,10-Q,2016-11-22,2016-02-01,2016-10-30,1.59
eps_diluted,EarningsPerShareDiluted,USD/shares,2017.0,Q3,10-Q,2016-11-22,2016-08-01,2016-10-30,0.83
eps_diluted,EarningsPerShareDiluted,USD/shares,2017.0,FY,10-K,2017-03-01,2016-08-01,2016-10-30,0.83
eps_diluted,EarningsPerShareDiluted,USD/shares,2018.0,Q3,10-Q,2017-11-21,2016-02-01,2016-10-30,1.59
eps_diluted,EarningsPerShareDiluted,USD/shares,2018.0,Q3,10-Q,2017-11-21,2016-08-01,2016-10-30,0.83
eps_diluted,EarningsPerShareDiluted,USD/shares,2018.0,FY,10-K,2018-02-28,2016-08-01,2016-10-30,0.83
eps_diluted,EarningsPerShareDiluted,USD/shares,2017.0,FY,10-K,2017-03-01,2016-02-01,2017-01-29,2.57
eps_diluted,EarningsPerShareDiluted,USD/shares,2017.0,FY,10-K,2017-03-01,2016-10-31,2017-01-29,0.99
eps_diluted,EarningsPerShareDiluted,USD/shares,2018.0,FY,10-K,2018-02-28,2016-02-01,2017-01-29,2.57
eps_diluted,EarningsPerShareDiluted,USD/shares,2018.0,FY,10-K,2018-02-28,2016-10-31,2017-01-29,0.99
eps_diluted,EarningsPerShareDiluted,USD/shares,2019.0,FY,10-K,2019-02-21,2016-02-01,2017-01-29,2.57
eps_diluted,EarningsPerShareDiluted,USD/shares,2018.0,Q1,10-Q,2017-05-23,2017-01-30,2017-04-30,0.79
eps_diluted,EarningsPerShareDiluted,USD/shares,2018.0,FY,10-K,2018-02-28,2017-01-30,2017-04-30,0.79
eps_diluted,EarningsPerShareDiluted,USD/shares,2019.0,Q1,10-Q,2018-05-22,2017-01-30,2017-04-30,0.79
eps_diluted,EarningsPerShareDiluted,USD/shares,2019.0,FY,10-K,2019-02-21,2017-01-30,2017-04-30,0.79
eps_diluted,EarningsPerShareDiluted,USD/shares,2018.0,Q2,10-Q,2017-08-23,2017-01-30,2017-07-30,1.71
eps_diluted,EarningsPerShareDiluted,USD/shares,2018.0,Q2,10-Q,2017-08-23,2017-05-01,2017-07-30,0.92
eps_diluted,EarningsPerShareDiluted,USD/shares,2018.0,FY,10-K,2018-02-28,2017-01-30,2017-07-30,0.92
eps_diluted,EarningsPerShareDiluted,USD/shares,2019.0,Q2,10-Q,2018-08-16,2017-01-30,2017-07-30,1.71
eps_diluted,EarningsPerShareDiluted,USD/shares,2019.0,Q2,10-Q,2018-08-16,2017-05-01,2017-07-30,0.92
eps_diluted,EarningsPerShareDiluted,USD/shares,2019.0,FY,10-K,2019-02-21,2017-05-01,2017-07-30,0.92
eps_diluted,EarningsPerShareDiluted,USD/shares,2018.0,Q3,10-Q,2017-11-21,2017-01-30,2017-10-29,3.05
eps_diluted,EarningsPerShareDiluted,USD/shares,2018.0,Q3,10-Q,2017-11-21,2017-07-31,2017-10-29,1.33
eps_diluted,EarningsPerShareDiluted,USD/shares,2018.0,FY,10-K,2018-02-28,2017-07-31,2017-10-29,1.33
eps_diluted,EarningsPerShareDiluted,USD/shares,2019.0,Q3,10-Q,2018-11-15,2017-01-30,2017-10-29,3.05
eps_diluted,EarningsPerShareDiluted,USD/shares,2019.0,Q3,10-Q,2018-11-15,2017-07-31,2017-10-29,1.33
eps_diluted,EarningsPerShareDiluted,USD/shares,2019.0,FY,10-K,2019-02-21,2017-07-31,2017-10-29,1.33
eps_diluted,EarningsPerShareDiluted,USD/shares,2018.0,FY,10-K,2018-02-28,2017-01-30,2018-01-28,4.82
eps_diluted,EarningsPerShareDiluted,USD/shares,2018.0,FY,10-K,2018-02-28,2017-10-30,2018-01-28,1.78
eps_diluted,EarningsPerShareDiluted,USD/shares,2019.0,FY,10-K,2019-02-21,2017-01-30,2018-01-28,4.82
eps_diluted,EarningsPerShareDiluted,USD/shares,2019.0,FY,10-K,2019-02-21,2017-10-30,2018-01-28,1.78
eps_diluted,EarningsPerShareDiluted,USD/shares,2020.0,FY,10-K,2020-02-20,2017-01-30,2018-01-28,4.82
eps_diluted,EarningsPerShareDiluted,USD/shares,2019.0,Q1,10-Q,2018-05-22,2018-01-29,2018-04-29,1.98
eps_diluted,EarningsPerShareDiluted,USD/shares,2019.0,FY,10-K,2019-02-21,2018-01-29,2018-04-29,1.98
eps_diluted,EarningsPerShareDiluted,USD/shares,2020.0,Q1,10-Q,2019-05-16,2018-01-29,2018-04-29,1.98
eps_diluted,EarningsPerShareDiluted,USD/shares,2020.0,FY,10-K,2020-02-20,2018-01-29,2018-04-29,1.98
eps_diluted,EarningsPerShareDiluted,USD/shares,2019.0,Q2,10-Q,2018-08-16,2018-01-29,2018-07-29,3.74
eps_diluted,EarningsPerShareDiluted,USD/shares,2019.0,Q2,10-Q,2018-08-16,2018-04-30,2018-07-29,1.76
eps_diluted,EarningsPerShareDiluted,USD/shares,2019.0,FY,10-K,2019-02-21,2018-04-30,2018-07-29,1.76
eps_diluted,EarningsPerShareDiluted,USD/shares,2020.0,Q2,10-Q,2019-08-15,2018-01-29,2018-07-29,3.74
eps_diluted,EarningsPerShareDiluted,USD/shares,2020.0,Q2,10-Q,2019-08-15,2018-04-30,2018-07-29,1.76
eps_diluted,EarningsPerShareDiluted,USD/shares,2020.0,FY,10-K,2020-02-20,2018-04-30,2018-07-29,1.76
eps_diluted,EarningsPerShareDiluted,USD/shares,2019.0,Q3,10-Q,2018-11-15,2018-01-29,2018-10-28,5.71
eps_diluted,EarningsPerShareDiluted,USD/shares,2019.0,Q3,10-Q,2018-11-15,2018-07-30,2018-10-28,1.97
eps_diluted,EarningsPerShareDiluted,USD/shares,2019.0,FY,10-K,2019-02-21,2018-07-30,2018-10-28,1.97
eps_diluted,EarningsPerShareDiluted,USD/shares,2020.0,Q3,10-Q,2019-11-14,2018-01-29,2018-10-28,5.71
eps_diluted,EarningsPerShareDiluted,USD/shares,2020.0,Q3,10-Q,2019-11-14,2018-07-30,2018-10-28,1.97
eps_diluted,EarningsPerShareDiluted,USD/shares,2020.0,FY,10-K,2020-02-20,2018-07-30,2018-10-28,1.97
eps_diluted,EarningsPerShareDiluted,USD/shares,2019.0,FY,10-K,2019-02-21,2018-01-29,2019-01-27,6.63
eps_diluted,EarningsPerShareDiluted,USD/shares,2019.0,FY,10-K,2019-02-21,2018-10-29,2019-01-27,0.92
eps_diluted,EarningsPerShareDiluted,USD/shares,2020.0,FY,10-K,2020-02-20,2018-01-29,2019-01-27,6.63
eps_diluted,EarningsPerShareDiluted,USD/shares,2020.0,FY,10-K,2020-02-20,2018-10-29,2019-01-27,0.92
eps_diluted,EarningsPerShareDiluted,USD/shares,2021.0,FY,10-K,2021-02-26,2018-01-29,2019-01-27,6.63
eps_diluted,EarningsPerShareDiluted,USD/shares,2020.0,Q1,10-Q,2019-05-16,2019-01-28,2019-04-28,0.64
eps_diluted,EarningsPerShareDiluted,USD/shares,2020.0,FY,10-K,2020-02-20,2019-01-28,2019-04-28,0.64
eps_diluted,EarningsPerShareDiluted,USD/shares,2020.0,Q1,10-Q,2020-05-21,2019-01-28,2019-04-28,0.64
eps_diluted,EarningsPerShareDiluted,USD/shares,2020.0,Q2,10-Q,2019-08-15,2019-01-28,2019-07-28,1.54
eps_diluted,EarningsPerShareDiluted,USD/shares,2020.0,Q2,10-Q,2019-08-15,2019-04-29,2019-07-28,0.9
eps_diluted,EarningsPerShareDiluted,USD/shares,2020.0,FY,10-K,2020-02-20,2019-04-29,2019-07-28,0.9
eps_diluted,EarningsPerShareDiluted,USD/shares,2020.0,Q2,10-Q,2020-08-19,2019-01-28,2019-07-28,1.54
eps_diluted,EarningsPerShareDiluted,USD/shares,2020.0,Q2,10-Q,2020-08-19,2019-04-29,2019-07-28,0.9
eps_diluted,EarningsPerShareDiluted,USD/shares,2020.0,Q3,10-Q,2019-11-14,2019-01-28,2019-10-27,2.99
eps_diluted,EarningsPerShareDiluted,USD/shares,2020.0,Q3,10-Q,2019-11-14,2019-07-29,2019-10-27,1.45
eps_diluted,EarningsPerShareDiluted,USD/shares,2020.0,FY,10-K,2020-02-20,2019-07-29,2019-10-27,1.45
eps_diluted,EarningsPerShareDiluted,USD/shares,2021.0,Q3,10-Q,2020-11-18,2019-01-28,2019-10-27,2.99
eps_diluted,EarningsPerShareDiluted,USD/shares,2021.0,Q3,10-Q,2020-11-18,2019-07-29,2019-10-27,1.45
eps_diluted,EarningsPerShareDiluted,USD/shares,2020.0,FY,10-K,2020-02-20,2019-01-28,2020-01-26,4.52
eps_diluted,EarningsPerShareDiluted,USD/shares,2020.0,FY,10-K,2020-02-20,2019-10-28,2020-01-26,1.53
eps_diluted,EarningsPerShareDiluted,USD/shares,2021.0,FY,10-K,2021-02-26,2019-01-28,2020-01-26,4.52
eps_diluted,EarningsPerShareDiluted,USD/shares,2022.0,FY,10-K,2022-03-18,2019-01-28,2020-01-26,1.13
eps_diluted,EarningsPerShareDiluted,USD/shares,2020.0,Q1,10-Q,2020-05-21,2020-01-27,2020-04-26,1.47
eps_diluted,EarningsPerShareDiluted,USD/shares,2022.0,Q1,10-Q,2021-05-26,2020-01-27,2020-04-26,1.47
eps_diluted,EarningsPerShareDiluted,USD/shares,2020.0,Q2,10-Q,2020-08-19,2020-01-27,2020-07-26,2.47
eps_diluted,EarningsPerShareDiluted,USD/shares,2020.0,Q2,10-Q,2020-08-19,2020-04-27,2020-07-26,0.99
eps_diluted,EarningsPerShareDiluted,USD/shares,2022.0,Q2,10-Q,2021-08-20,2020-01-27,2020-07-26,0.62
eps_diluted,EarningsPerShareDiluted,USD/shares,2022.0,Q2,10-Q,2021-08-20,2020-04-27,2020-07-26,0.25
eps_diluted,EarningsPerShareDiluted,USD/shares,2021.0,Q3,10-Q,2020-11-18,2020-01-27,2020-10-25,4.59
eps_diluted,EarningsPerShareDiluted,USD/shares,2021.0,Q3,10-Q,2020-11-18,2020-07-27,2020-10-25,2.12
eps_diluted,EarningsPerShareDiluted,USD/shares,2022.0,Q3,10-Q,2021-11-22,2020-01-27,2020-10-25,1.15
eps_diluted,EarningsPerShareDiluted,USD/shares,2022.0,Q3,10-Q,2021-11-22,2020-07-27,2020-10-25,0.53
eps_diluted,EarningsPerShareDiluted,USD/shares,2021.0,FY,10-K,2021-02-26,2020-01-27,2021-01-31,6.9
eps_diluted,EarningsPerShareDiluted,USD/shares,2022.0,FY,10-K,2022-03-18,2020-01-27,2021-01-31,1.73
eps_diluted,EarningsPerShareDiluted,USD/shares,2023.0,FY,10-K,2023-02-24,2020-01-27,2021-01-31,1.73
eps_diluted,EarningsPerShareDiluted,USD/shares,2022.0,Q1,10-Q,2021-05-26,2021-02-01,2021-05-02,3.03
eps_diluted,EarningsPerShareDiluted,USD/shares,2023.0,Q1,10-Q,2022-05-27,2021-02-01,2021-05-02,0.76
eps_diluted,EarningsPerShareDiluted,USD/shares,2022.0,Q2,10-Q,2021-08-20,2021-02-01,2021-08-01,1.69
eps_diluted,EarningsPerShareDiluted,USD/shares,2022.0,Q2,10-Q,2021-08-20,2021-05-03,2021-08-01,0.94
eps_diluted,EarningsPerShareDiluted,USD/shares,2023.0,Q2,10-Q,2022-08-31,2021-02-01,2021-08-01,1.69
eps_diluted,EarningsPerShareDiluted,USD/shares,2023.0,Q2,10-Q,2022-08-31,2021-05-03,2021-08-01,0.94
eps_diluted,EarningsPerShareDiluted,USD/shares,2022.0,Q3,10-Q,2021-11-22,2021-02-01,2021-10-31,2.67
eps_diluted,EarningsPerShareDiluted,USD/shares,2022.0,Q3,10-Q,2021-11-22,2021-08-02,2021-10-31,0.97
eps_diluted,EarningsPerShareDiluted,USD/shares,2023.0,Q3,10-Q,2022-11-18,2021-02-01,2021-10-31,2.67
eps_diluted,EarningsPerShareDiluted,USD/shares,2023.0,Q3,10-Q,2022-11-18,2021-08-02,2021-10-31,0.97
eps_diluted,EarningsPerShareDiluted,USD/shares,2022.0,FY,10-K,2022-03-18,2021-02-01,2022-01-30,3.85
eps_diluted,EarningsPerShareDiluted,USD/shares,2023.0,FY,10-K,2023-02-24,2021-02-01,2022-01-30,3.85
eps_diluted,EarningsPerShareDiluted,USD/shares,2024.0,FY,10-K,2024-02-21,2021-02-01,2022-01-30,3.85
eps_diluted,EarningsPerShareDiluted,USD/shares,2023.0,Q1,10-Q,2022-05-27,2022-01-31,2022-05-01,0.64
eps_diluted,EarningsPerShareDiluted,USD/shares,2024.0,Q1,10-Q,2023-05-26,2022-01-31,2022-05-01,0.64
eps_diluted,EarningsPerShareDiluted,USD/shares,2023.0,Q2,10-Q,2022-08-31,2022-01-31,2022-07-31,0.9
eps_diluted,EarningsPerShareDiluted,USD/shares,2023.0,Q2,10-Q,2022-08-31,2022-05-02,2022-07-31,0.26
eps_diluted,EarningsPerShareDiluted,USD/shares,2024.0,Q2,10-Q,2023-08-28,2022-01-31,2022-07-31,0.9
eps_diluted,EarningsPerShareDiluted,USD/shares,2024.0,Q2,10-Q,2023-08-28,2022-05-02,2022-07-31,0.26
eps_diluted,EarningsPerShareDiluted,USD/shares,2023.0,Q3,10-Q,2022-11-18,2022-01-31,2022-10-30,1.17
eps_diluted,EarningsPerShareDiluted,USD/shares,2023.0,Q3,10-Q,2022-11-18,2022-08-01,2022-10-30,0.27
eps_diluted,EarningsPerShareDiluted,USD/shares,2024.0,Q3,10-Q,2023-11-21,2022-01-31,2022-10-30,1.17
eps_diluted,EarningsPerShareDiluted,USD/shares,2024.0,Q3,10-Q,2023-11-21,2022-08-01,2022-10-30,0.27
eps_diluted,EarningsPerShareDiluted,USD/shares,2023.0,FY,10-K,2023-02-24,2022-01-31,2023-01-29,1.74
eps_diluted,EarningsPerShareDiluted,USD/shares,2024.0,FY,10-K,2024-02-21,2022-01-31,2023-01-29,1.74
eps_diluted,EarningsPerShareDiluted,USD/shares,2025.0,FY,10-K,2025-02-26,2022-01-31,2023-01-29,0.17
eps_diluted,EarningsPerShareDiluted,USD/shares,2024.0,Q1,10-Q,2023-05-26,2023-01-30,2023-04-30,0.82
eps_diluted,EarningsPerShareDiluted,USD/shares,2025.0,Q1,10-Q,2024-05-29,2023-01-30,2023-04-30,0.82
eps_diluted,EarningsPerShareDiluted,USD/shares,2024.0,Q2,10-Q,2023-08-28,2023-01-30,2023-07-30,3.3
eps_diluted,EarningsPerShareDiluted,USD/shares,2024.0,Q2,10-Q,2023-08-28,2023-05-01,2023-07-30,2.48
eps_diluted,EarningsPerShareDiluted,USD/shares,2025.0,Q2,10-Q,2024-08-28,2023-01-30,2023-07-30,0.33
eps_diluted,EarningsPerShareDiluted,USD/shares,2025.0,Q2,10-Q,2024-08-28,2023-05-01,2023-07-30,0.25
eps_diluted,EarningsPerShareDiluted,USD/shares,2024.0,Q3,10-Q,2023-11-21,2023-01-30,2023-10-29,7.01
eps_diluted,EarningsPerShareDiluted,USD/shares,2024.0,Q3,10-Q,2023-11-21,2023-07-31,2023-10-29,3.71
eps_diluted,EarningsPerShareDiluted,USD/shares,2025.0,Q3,10-Q,2024-11-20,2023-01-30,2023-10-29,0.7
eps_diluted,EarningsPerShareDiluted,USD/shares,2025.0,Q3,10-Q,2024-11-20,2023-07-31,2023-10-29,0.37
eps_diluted,EarningsPerShareDiluted,USD/shares,2024.0,FY,10-K,2024-02-21,2023-01-30,2024-01-28,11.93
eps_diluted,EarningsPerShareDiluted,USD/shares,2025.0,FY,10-K,2025-02-26,2023-01-30,2024-01-28,1.19
eps_diluted,EarningsPerShareDiluted,USD/shares,2026.0,FY,10-K,2026-02-25,2023-01-30,2024-01-28,1.19
eps_diluted,EarningsPerShareDiluted,USD/shares,2025.0,Q1,10-Q,2024-05-29,2024-01-29,2024-04-28,5.98
eps_diluted,EarningsPerShareDiluted,USD/shares,2026.0,Q1,10-Q,2025-05-28,2024-01-29,2024-04-28,0.6
eps_diluted,EarningsPerShareDiluted,USD/shares,2025.0,Q2,10-Q,2024-08-28,2024-01-29,2024-07-28,1.27
eps_diluted,EarningsPerShareDiluted,USD/shares,2025.0,Q2,10-Q,2024-08-28,2024-04-29,2024-07-28,0.67
eps_diluted,EarningsPerShareDiluted,USD/shares,2026.0,Q2,10-Q,2025-08-27,2024-01-29,2024-07-28,1.27
eps_diluted,EarningsPerShareDiluted,USD/shares,2026.0,Q2,10-Q,2025-08-27,2024-04-29,2024-07-28,0.67
eps_diluted,EarningsPerShareDiluted,USD/shares,2025.0,Q3,10-Q,2024-11-20,2024-01-29,2024-10-27,2.04
eps_diluted,EarningsPerShareDiluted,USD/shares,2025.0,Q3,10-Q,2024-11-20,2024-07-29,2024-10-27,0.78
eps_diluted,EarningsPerShareDiluted,USD/shares,2026.0,Q3,10-Q,2025-11-19,2024-01-29,2024-10-27,2.04
eps_diluted,EarningsPerShareDiluted,USD/shares,2026.0,Q3,10-Q,2025-11-19,2024-07-29,2024-10-27,0.78
eps_diluted,EarningsPerShareDiluted,USD/shares,2025.0,FY,10-K,2025-02-26,2024-01-29,2025-01-26,2.94
eps_diluted,EarningsPerShareDiluted,USD/shares,2026.0,FY,10-K,2026-02-25,2024-01-29,2025-01-26,2.94
eps_diluted,EarningsPerShareDiluted,USD/shares,2026.0,Q1,10-Q,2025-05-28,2025-01-27,2025-04-27,0.76
eps_diluted,EarningsPerShareDiluted,USD/shares,2026.0,Q2,10-Q,2025-08-27,2025-01-27,2025-07-27,1.84
eps_diluted,EarningsPerShareDiluted,USD/shares,2026.0,Q2,10-Q,2025-08-27,2025-04-28,2025-07-27,1.08
eps_diluted,EarningsPerShareDiluted,USD/shares,2026.0,Q3,10-Q,2025-11-19,2025-01-27,2025-10-26,3.14
eps_diluted,EarningsPerShareDiluted,USD/shares,2026.0,Q3,10-Q,2025-11-19,2025-07-28,2025-10-26,1.3
eps_diluted,EarningsPerShareDiluted,USD/shares,2026.0,FY,10-K,2026-02-25,2025-01-27,2026-01-25,4.9
equity,StockholdersEquity,USD,2010.0,FY,10-K,2010-03-18,,2007-01-28,2006919000.0
equity,StockholdersEquity,USD,2010.0,FY,10-K,2010-03-18,,2008-01-27,2617912000.0
equity,StockholdersEquity,USD,2010.0,FY,10-K,2011-03-16,,2008-01-27,2617912000.0
equity,StockholdersEquity,USD,2009.0,Q2,10-Q,2009-08-20,,2009-01-25,2394652000.0
equity,StockholdersEquity,USD,2009.0,Q3,10-Q,2009-11-19,,2009-01-25,2394652000.0
equity,StockholdersEquity,USD,2010.0,FY,10-K,2010-03-18,,2009-01-25,2394652000.0
equity,StockholdersEquity,USD,2010.0,FY,10-K,2011-03-16,,2009-01-25,2394652000.0
equity,StockholdersEquity,USD,2011.0,FY,10-K,2012-03-13,,2009-01-25,2394652000.0
equity,StockholdersEquity,USD,2009.0,Q2,10-Q,2009-08-20,,2009-07-26,2247409000.0
equity,StockholdersEquity,USD,2009.0,Q3,10-Q,2009-11-19,,2009-10-25,2423635000.0
equity,StockholdersEquity,USD,2010.0,FY,10-K,2010-03-18,,2010-01-31,2665140000.0
equity,StockholdersEquity,USD,2010.0,Q2,10-Q,2010-05-21,,2010-01-31,2665140000.0
equity,StockholdersEquity,USD,2010.0,Q3,10-Q,2010-08-30,,2010-01-31,2665140000.0
equity,StockholdersEquity,USD,2010.0,Q3,10-Q,2010-12-07,,2010-01-31,2665140000.0
equity,StockholdersEquity,USD,2010.0,FY,10-K,2011-03-16,,2010-01-31,2665140000.0
equity,StockholdersEquity,USD,2011.0,FY,10-K,2012-03-13,,2010-01-31,2665140000.0
equity,StockholdersEquity,USD,2012.0,FY,10-K,2013-03-12,,2010-01-31,2665140000.0
equity,StockholdersEquity,USD,2010.0,Q2,10-Q,2010-05-21,,2010-05-02,2860645000.0
equity,StockholdersEquity,USD,2010.0,Q3,10-Q,2010-08-30,,2010-08-01,2760514000.0
equity,StockholdersEquity,USD,2010.0,Q3,10-Q,2010-12-07,,2010-10-31,2897880000.0
equity,StockholdersEquity,USD,2010.0,FY,10-K,2011-03-16,,2011-01-30,3181462000.0
equity,StockholdersEquity,USD,2011.0,Q1,10-Q,2011-05-27,,2011-01-30,3181462000.0
equity,StockholdersEquity,USD,2011.0,Q2,10-Q,2011-08-25,,2011-01-30,3181462000.0
equity,StockholdersEquity,USD,2011.0,Q3,10-Q,2011-11-22,,2011-01-30,3181462000.0
equity,StockholdersEquity,USD,2011.0,FY,10-K,2012-03-13,,2011-01-30,3181462000.0
equity,StockholdersEquity,USD,2012.0,FY,10-K,2013-03-12,,2011-01-30,3181462000.0
equity,StockholdersEquity,USD,2013.0,FY,10-K,2014-03-13,,2011-01-30,3181462000.0
equity,StockholdersEquity,USD,2011.0,Q1,10-Q,2011-05-27,,2011-05-01,3447808000.0
equity,StockholdersEquity,USD,2011.0,Q2,10-Q,2011-08-25,,2011-07-31,3689469000.0
equity,StockholdersEquity,USD,2011.0,Q3,10-Q,2011-11-22,,2011-10-30,3973450000.0
equity,StockholdersEquity,USD,2011.0,FY,10-K,2012-03-13,,2012-01-29,4145724000.0
equity,StockholdersEquity,USD,2012.0,Q1,10-Q,2012-05-23,,2012-01-29,4145724000.0
equity,StockholdersEquity,USD,2012.0,Q2,10-Q,2012-08-22,,2012-01-29,4145724000.0
equity,StockholdersEquity,USD,2012.0,Q3,10-Q,2012-11-19,,2012-01-29,4145724000.0
equity,StockholdersEquity,USD,2012.0,FY,10-K,2013-03-12,,2012-01-29,4145724000.0
equity,StockholdersEquity,USD,2013.0,FY,10-K,2014-03-13,,2012-01-29,4145724000.0
equity,StockholdersEquity,USD,2015.0,FY,10-K,2015-03-12,,2012-01-29,4145724000.0
equity,StockholdersEquity,USD,2012.0,Q1,10-Q,2012-05-23,,2012-04-29,4287428000.0
equity,StockholdersEquity,USD,2012.0,Q2,10-Q,2012-08-22,,2012-07-29,4453665000.0
equity,StockholdersEquity,USD,2012.0,Q3,10-Q,2012-11-19,,2012-10-28,4722846000.0
equity,StockholdersEquity,USD,2012.0,FY,10-K,2013-03-12,,2013-01-27,4827703000.0
equity,StockholdersEquity,USD,2013.0,Q1,10-Q,2013-05-22,,2013-01-27,4827703000.0
equity,StockholdersEquity,USD,2013.0,Q2,10-Q,2013-08-21,,2013-01-27,4827703000.0
equity,StockholdersEquity,USD,2013.0,Q3,10-Q,2013-11-19,,2013-01-27,4827703000.0
equity,StockholdersEquity,USD,2013.0,FY,10-K,2014-03-13,,2013-01-27,4827703000.0
equity,StockholdersEquity,USD,2015.0,FY,10-K,2015-03-12,,2013-01-27,4827703000.0
equity,StockholdersEquity,USD,2016.0,FY,10-K,2016-03-17,,2013-01-27,4827000000.0
equity,StockholdersEquity,USD,2013.0,Q1,10-Q,2013-05-22,,2013-04-28,4824936000.0
equity,StockholdersEquity,USD,2013.0,Q2,10-Q,2013-08-21,,2013-07-28,4172173000.0
equity,StockholdersEquity,USD,2013.0,Q3,10-Q,2013-11-19,,2013-10-27,4320647000.0
equity,StockholdersEquity,USD,2013.0,FY,10-K,2014-03-13,,2014-01-26,4456398000.0
equity,StockholdersEquity,USD,2014.0,Q1,10-Q,2014-05-21,,2014-01-26,4456398000.0
equity,StockholdersEquity,USD,2015.0,Q2,10-Q,2014-08-20,,2014-01-26,4456398000.0
equity,StockholdersEquity,USD,2015.0,Q3,10-Q,2014-11-19,,2014-01-26,4456398000.0
equity,StockholdersEquity,USD,2015.0,FY,10-K,2015-03-12,,2014-01-26,4456398000.0
equity,StockholdersEquity,USD,2016.0,FY,10-K,2016-03-17,,2014-01-26,4455000000.0
equity,StockholdersEquity,USD,2017.0,FY,10-K,2017-03-01,,2014-01-26,4455000000.0
equity,StockholdersEquity,USD,2014.0,Q1,10-Q,2014-05-21,,2014-04-27,4166985000.0
equity,StockholdersEquity,USD,2015.0,Q2,10-Q,2014-08-20,,2014-07-27,4304786000.0
equity,StockholdersEquity,USD,2015.0,Q3,10-Q,2014-11-19,,2014-10-26,4204593000.0
equity,StockholdersEquity,USD,2015.0,FY,10-K,2015-03-12,,2015-01-25,4417982000.0
equity,StockholdersEquity,USD,2016.0,Q1,10-Q,2015-05-20,,2015-01-25,4418000000.0
equity,StockholdersEquity,USD,2016.0,Q2,10-Q,2015-08-19,,2015-01-25,4418000000.0
equity,StockholdersEquity,USD,2016.0,Q3,10-Q,2015-11-18,,2015-01-25,4418000000.0
equity,StockholdersEquity,USD,2016.0,FY,10-K,2016-03-17,,2015-01-25,4418000000.0
equity,StockholdersEquity,USD,2017.0,FY,10-K,2017-03-01,,2015-01-25,4418000000.0
equity,StockholdersEquity,USD,2018.0,FY,10-K,2018-02-28,,2015-01-25,4418000000.0
equity,StockholdersEquity,USD,2016.0,Q1,10-Q,2015-05-20,,2015-04-26,4556000000.0
equity,StockholdersEquity,USD,2016.0,Q2,10-Q,2015-08-19,,2015-07-26,4185000000.0
equity,StockholdersEquity,USD,2016.0,Q3,10-Q,2015-11-18,,2015-10-25,4465000000.0
equity,StockholdersEquity,USD,2016.0,FY,10-K,2016-03-17,,2016-01-31,4469000000.0
equity,StockholdersEquity,USD,2017.0,Q1,10-Q,2016-05-25,,2016-01-31,4469000000.0
equity,StockholdersEquity,USD,2017.0,Q2,10-Q,2016-08-23,,2016-01-31,4469000000.0
equity,StockholdersEquity,USD,2017.0,Q3,10-Q,2016-11-22,,2016-01-31,4469000000.0
equity,StockholdersEquity,USD,2017.0,FY,10-K,2017-03-01,,2016-01-31,4469000000.0
equity,StockholdersEquity,USD,2018.0,FY,10-K,2018-02-28,,2016-01-31,4469000000.0
equity,StockholdersEquity,USD,2019.0,FY,10-K,2019-02-21,,2016-01-31,4469000000.0
equity,StockholdersEquity,USD,2017.0,Q1,10-Q,2016-05-25,,2016-05-01,4196000000.0
equity,StockholdersEquity,USD,2017.0,Q2,10-Q,2016-08-23,,2016-07-31,4480000000.0
equity,StockholdersEquity,USD,2017.0,Q3,10-Q,2016-11-22,,2016-10-30,5324000000.0
equity,StockholdersEquity,USD,2017.0,FY,10-K,2017-03-01,,2017-01-29,5762000000.0
equity,StockholdersEquity,USD,2018.0,Q1,10-Q,2017-05-23,,2017-01-29,5762000000.0
equity,StockholdersEquity,USD,2018.0,Q2,10-Q,2017-08-23,,2017-01-29,5762000000.0
equity,StockholdersEquity,USD,2018.0,Q3,10-Q,2017-11-21,,2017-01-29,5762000000.0
equity,StockholdersEquity,USD,2018.0,FY,10-K,2018-02-28,,2017-01-29,5762000000.0
equity,StockholdersEquity,USD,2019.0,FY,10-K,2019-02-21,,2017-01-29,5762000000.0
equity,StockholdersEquity,USD,2020.0,FY,10-K,2020-02-20,,2017-01-29,5762000000.0
equity,StockholdersEquity,USD,2018.0,Q1,10-Q,2017-05-23,,2017-04-30,6132000000.0
equity,StockholdersEquity,USD,2018.0,Q2,10-Q,2017-08-23,,2017-07-30,5973000000.0
equity,StockholdersEquity,USD,2018.0,Q3,10-Q,2017-11-21,,2017-10-29,6352000000.0
equity,StockholdersEquity,USD,2018.0,FY,10-K,2018-02-28,,2018-01-28,7471000000.0
equity,StockholdersEquity,USD,2019.0,Q1,10-Q,2018-05-22,,2018-01-28,7471000000.0
equity,StockholdersEquity,USD,2019.0,Q2,10-Q,2018-08-16,,2018-01-28,7471000000.0
equity,StockholdersEquity,USD,2019.0,Q3,10-Q,2018-11-15,,2018-01-28,7471000000.0
equity,StockholdersEquity,USD,2019.0,FY,10-K,2019-02-21,,2018-01-28,7471000000.0
equity,StockholdersEquity,USD,2020.0,Q1,10-Q,2019-05-16,,2018-01-28,7471000000.0
equity,StockholdersEquity,USD,2020.0,Q2,10-Q,2019-08-15,,2018-01-28,7471000000.0
equity,StockholdersEquity,USD,2020.0,Q3,10-Q,2019-11-14,,2018-01-28,7471000000.0
equity,StockholdersEquity,USD,2020.0,FY,10-K,2020-02-20,,2018-01-28,7471000000.0
equity,StockholdersEquity,USD,2021.0,FY,10-K,2021-02-26,,2018-01-28,7471000000.0
equity,StockholdersEquity,USD,2019.0,Q1,10-Q,2018-05-22,,2018-04-29,7717000000.0
equity,StockholdersEquity,USD,2020.0,Q1,10-Q,2019-05-16,,2018-04-29,7717000000.0
equity,StockholdersEquity,USD,2020.0,Q2,10-Q,2019-08-15,,2018-04-29,7717000000.0
equity,StockholdersEquity,USD,2019.0,Q2,10-Q,2018-08-16,,2018-07-29,8795000000.0
equity,StockholdersEquity,USD,2020.0,Q2,10-Q,2019-08-15,,2018-07-29,8795000000.0
equity,StockholdersEquity,USD,2020.0,Q3,10-Q,2019-11-14,,2018-07-29,8795000000.0
equity,StockholdersEquity,USD,2019.0,Q3,10-Q,2018-11-15,,2018-10-28,9475000000.0
equity,StockholdersEquity,USD,2020.0,Q3,10-Q,2019-11-14,,2018-10-28,9475000000.0
equity,StockholdersEquity,USD,2019.0,FY,10-K,2019-02-21,,2019-01-27,9342000000.0
equity,StockholdersEquity,USD,2020.0,Q1,10-Q,2019-05-16,,2019-01-27,9342000000.0
equity,StockholdersEquity,USD,2020.0,Q2,10-Q,2019-08-15,,2019-01-27,9342000000.0
equity,StockholdersEquity,USD,2020.0,Q3,10-Q,2019-11-14,,2019-01-27,9342000000.0
equity,StockholdersEquity,USD,2020.0,FY,10-K,2020-02-20,,2019-01-27,9342000000.0
equity,StockholdersEquity,USD,2020.0,Q1,10-Q,2020-05-21,,2019-01-27,9342000000.0
equity,StockholdersEquity,USD,2020.0,Q2,10-Q,2020-08-19,,2019-01-27,9342000000.0
equity,StockholdersEquity,USD,2021.0,Q3,10-Q,2020-11-18,,2019-01-27,9342000000.0
equity,StockholdersEquity,USD,2021.0,FY,10-K,2021-02-26,,2019-01-27,9342000000.0
equity,StockholdersEquity,USD,2022.0,FY,10-K,2022-03-18,,2019-01-27,9342000000.0
equity,StockholdersEquity,USD,2020.0,Q1,10-Q,2019-05-16,,2019-04-28,9704000000.0
equity,StockholdersEquity,USD,2020.0,Q2,10-Q,2019-08-15,,2019-04-28,9704000000.0
equity,StockholdersEquity,USD,2020.0,Q1,10-Q,2020-05-21,,2019-04-28,9704000000.0
equity,StockholdersEquity,USD,2020.0,Q2,10-Q,2020-08-19,,2019-04-28,9704000000.0
equity,StockholdersEquity,USD,2020.0,Q2,10-Q,2019-08-15,,2019-07-28,10336000000.0
equity,StockholdersEquity,USD,2020.0,Q3,10-Q,2019-11-14,,2019-07-28,10336000000.0
equity,StockholdersEquity,USD,2020.0,Q2,10-Q,2020-08-19,,2019-07-28,10336000000.0
equity,StockholdersEquity,USD,2021.0,Q3,10-Q,2020-11-18,,2019-07-28,10336000000.0
equity,StockholdersEquity,USD,2020.0,Q3,10-Q,2019-11-14,,2019-10-27,11214000000.0
equity,StockholdersEquity,USD,2021.0,Q3,10-Q,2020-11-18,,2019-10-27,11214000000.0
equity,StockholdersEquity,USD,2020.0,FY,10-K,2020-02-20,,2020-01-26,12204000000.0
equity,StockholdersEquity,USD,2020.0,Q1,10-Q,2020-05-21,,2020-01-26,12204000000.0
equity,StockholdersEquity,USD,2020.0,Q2,10-Q,2020-08-19,,2020-01-26,12204000000.0
equity,StockholdersEquity,USD,2021.0,Q3,10-Q,2020-11-18,,2020-01-26,12204000000.0
equity,StockholdersEquity,USD,2021.0,FY,10-K,2021-02-26,,2020-01-26,12204000000.0
equity,StockholdersEquity,USD,2022.0,Q1,10-Q,2021-05-26,,2020-01-26,12204000000.0
equity,StockholdersEquity,USD,2022.0,Q2,10-Q,2021-08-20,,2020-01-26,12204000000.0
equity,StockholdersEquity,USD,2022.0,Q3,10-Q,2021-11-22,,2020-01-26,12204000000.0
equity,StockholdersEquity,USD,2022.0,FY,10-K,2022-03-18,,2020-01-26,12204000000.0
equity,StockholdersEquity,USD,2023.0,FY,10-K,2023-02-24,,2020-01-26,12204000000.0
equity,StockholdersEquity,USD,2020.0,Q1,10-Q,2020-05-21,,2020-04-26,13099000000.0
equity,StockholdersEquity,USD,2020.0,Q2,10-Q,2020-08-19,,2020-04-26,13099000000.0
equity,StockholdersEquity,USD,2022.0,Q1,10-Q,2021-05-26,,2020-04-26,13099000000.0
equity,StockholdersEquity,USD,2022.0,Q2,10-Q,2021-08-20,,2020-04-26,13099000000.0
equity,StockholdersEquity,USD,2020.0,Q2,10-Q,2020-08-19,,2020-07-26,13914000000.0
equity,StockholdersEquity,USD,2021.0,Q3,10-Q,2020-11-18,,2020-07-26,13914000000.0
equity,StockholdersEquity,USD,2022.0,Q2,10-Q,2021-08-20,,2020-07-26,13914000000.0
equity,StockholdersEquity,USD,2022.0,Q3,10-Q,2021-11-22,,2020-07-26,13914000000.0
equity,StockholdersEquity,USD,2021.0,Q3,10-Q,2020-11-18,,2020-10-25,15334000000.0
equity,StockholdersEquity,USD,2022.0,Q3,10-Q,2021-11-22,,2020-10-25,15334000000.0
equity,StockholdersEquity,USD,2021.0,FY,10-K,2021-02-26,,2021-01-31,16893000000.0
equity,StockholdersEquity,USD,2022.0,Q1,10-Q,2021-05-26,,2021-01-31,16893000000.0
equity,StockholdersEquity,USD,2022.0,Q2,10-Q,2021-08-20,,2021-01-31,16893000000.0
equity,StockholdersEquity,USD,2022.0,Q3,10-Q,2021-11-22,,2021-01-31,16893000000.0
equity,StockholdersEquity,USD,2022.0,FY,10-K,2022-03-18,,2021-01-31,16893000000.0
equity,StockholdersEquity,USD,2023.0,Q1,10-Q,2022-05-27,,2021-01-31,16893000000.0
equity,StockholdersEquity,USD,2023.0,Q2,10-Q,2022-08-31,,2021-01-31,16893000000.0
equity,StockholdersEquity,USD,2023.0,Q3,10-Q,2022-11-18,,2021-01-31,16893000000.0
equity,StockholdersEquity,USD,2023.0,FY,10-K,2023-02-24,,2021-01-31,16893000000.0
equity,StockholdersEquity,USD,2024.0,FY,10-K,2024-02-21,,2021-01-31,16893000000.0
equity,StockholdersEquity,USD,2022.0,Q1,10-Q,2021-05-26,,2021-05-02,18774000000.0
equity,StockholdersEquity,USD,2022.0,Q2,10-Q,2021-08-20,,2021-05-02,18774000000.0
equity,StockholdersEquity,USD,2023.0,Q1,10-Q,2022-05-27,,2021-05-02,18774000000.0
equity,StockholdersEquity,USD,2023.0,Q2,10-Q,2022-08-31,,2021-05-02,18774000000.0
equity,StockholdersEquity,USD,2022.0,Q2,10-Q,2021-08-20,,2021-08-01,21147000000.0
equity,StockholdersEquity,USD,2022.0,Q3,10-Q,2021-11-22,,2021-08-01,21147000000.0
equity,StockholdersEquity,USD,2023.0,Q2,10-Q,2022-08-31,,2021-08-01,21147000000.0
equity,StockholdersEquity,USD,2023.0,Q3,10-Q,2022-11-18,,2021-08-01,21147000000.0
equity,StockholdersEquity,USD,2022.0,Q3,10-Q,2021-11-22,,2021-10-31,23798000000.0
equity,StockholdersEquity,USD,2023.0,Q3,10-Q,2022-11-18,,2021-10-31,23798000000.0
equity,StockholdersEquity,USD,2022.0,FY,10-K,2022-03-18,,2022-01-30,26612000000.0
equity,StockholdersEquity,USD,2023.0,Q1,10-Q,2022-05-27,,2022-01-30,26612000000.0
equity,StockholdersEquity,USD,2023.0,Q2,10-Q,2022-08-31,,2022-01-30,26612000000.0
equity,StockholdersEquity,USD,2023.0,Q3,10-Q,2022-11-18,,2022-01-30,26612000000.0
equity,StockholdersEquity,USD,2023.0,FY,10-K,2023-02-24,,2022-01-30,26612000000.0
equity,StockholdersEquity,USD,2024.0,Q1,10-Q,2023-05-26,,2022-01-30,26612000000.0
equity,StockholdersEquity,USD,2024.0,Q2,10-Q,2023-08-28,,2022-01-30,26612000000.0
equity,StockholdersEquity,USD,2024.0,Q3,10-Q,2023-11-21,,2022-01-30,26612000000.0
equity,StockholdersEquity,USD,2024.0,FY,10-K,2024-02-21,,2022-01-30,26612000000.0
equity,StockholdersEquity,USD,2025.0,FY,10-K,2025-02-26,,2022-01-30,26612000000.0
equity,StockholdersEquity,USD,2023.0,Q1,10-Q,2022-05-27,,2022-05-01,26320000000.0
equity,StockholdersEquity,USD,2023.0,Q2,10-Q,2022-08-31,,2022-05-01,26320000000.0
equity,StockholdersEquity,USD,2024.0,Q1,10-Q,2023-05-26,,2022-05-01,26320000000.0
equity,StockholdersEquity,USD,2024.0,Q2,10-Q,2023-08-28,,2022-05-01,26320000000.0
equity,StockholdersEquity,USD,2023.0,Q2,10-Q,2022-08-31,,2022-07-31,23851000000.0
equity,StockholdersEquity,USD,2023.0,Q3,10-Q,2022-11-18,,2022-07-31,23851000000.0
equity,StockholdersEquity,USD,2024.0,Q2,10-Q,2023-08-28,,2022-07-31,23851000000.0
equity,StockholdersEquity,USD,2024.0,Q3,10-Q,2023-11-21,,2022-07-31,23851000000.0
equity,StockholdersEquity,USD,2023.0,Q3,10-Q,2022-11-18,,2022-10-30,21349000000.0
equity,StockholdersEquity,USD,2024.0,Q3,10-Q,2023-11-21,,2022-10-30,21349000000.0
equity,StockholdersEquity,USD,2023.0,FY,10-K,2023-02-24,,2023-01-29,22101000000.0
equity,StockholdersEquity,USD,2024.0,Q1,10-Q,2023-05-26,,2023-01-29,22101000000.0
equity,StockholdersEquity,USD,2024.0,Q2,10-Q,2023-08-28,,2023-01-29,22101000000.0
equity,StockholdersEquity,USD,2024.0,Q3,10-Q,2023-11-21,,2023-01-29,22101000000.0
equity,StockholdersEquity,USD,2024.0,FY,10-K,2024-02-21,,2023-01-29,22101000000.0
equity,StockholdersEquity,USD,2025.0,Q1,10-Q,2024-05-29,,2023-01-29,22101000000.0
equity,StockholdersEquity,USD,2025.0,Q2,10-Q,2024-08-28,,2023-01-29,22101000000.0
equity,StockholdersEquity,USD,2025.0,Q3,10-Q,2024-11-20,,2023-01-29,22101000000.0
equity,StockholdersEquity,USD,2025.0,FY,10-K,2025-02-26,,2023-01-29,22101000000.0
equity,StockholdersEquity,USD,2026.0,FY,10-K,2026-02-25,,2023-01-29,22101000000.0
equity,StockholdersEquity,USD,2024.0,Q1,10-Q,2023-05-26,,2023-04-30,24520000000.0
equity,StockholdersEquity,USD,2024.0,Q2,10-Q,2023-08-28,,2023-04-30,24520000000.0
equity,StockholdersEquity,USD,2025.0,Q1,10-Q,2024-05-29,,2023-04-30,24520000000.0
equity,StockholdersEquity,USD,2025.0,Q2,10-Q,2024-08-28,,2023-04-30,24520000000.0
equity,StockholdersEquity,USD,2024.0,Q2,10-Q,2023-08-28,,2023-07-30,27501000000.0
equity,StockholdersEquity,USD,2024.0,Q3,10-Q,2023-11-21,,2023-07-30,27501000000.0
equity,StockholdersEquity,USD,2025.0,Q2,10-Q,2024-08-28,,2023-07-30,27501000000.0
equity,StockholdersEquity,USD,2025.0,Q3,10-Q,2024-11-20,,2023-07-30,27501000000.0
equity,StockholdersEquity,USD,2024.0,Q3,10-Q,2023-11-21,,2023-10-29,33265000000.0
equity,StockholdersEquity,USD,2025.0,Q3,10-Q,2024-11-20,,2023-10-29,33265000000.0
equity,StockholdersEquity,USD,2024.0,FY,10-K,2024-02-21,,2024-01-28,42978000000.0
equity,StockholdersEquity,USD,2025.0,Q1,10-Q,2024-05-29,,2024-01-28,42978000000.0
equity,StockholdersEquity,USD,2025.0,Q2,10-Q,2024-08-28,,2024-01-28,42978000000.0
equity,StockholdersEquity,USD,2025.0,Q3,10-Q,2024-11-20,,2024-01-28,42978000000.0
equity,StockholdersEquity,USD,2025.0,FY,10-K,2025-02-26,,2024-01-28,42978000000.0
equity,StockholdersEquity,USD,2026.0,Q1,10-Q,2025-05-28,,2024-01-28,42978000000.0
equity,StockholdersEquity,USD,2026.0,Q2,10-Q,2025-08-27,,2024-01-28,42978000000.0
equity,StockholdersEquity,USD,2026.0,Q3,10-Q,2025-11-19,,2024-01-28,42978000000.0
equity,StockholdersEquity,USD,2026.0,FY,10-K,2026-02-25,,2024-01-28,42978000000.0
equity,StockholdersEquity,USD,2025.0,Q1,10-Q,2024-05-29,,2024-04-28,49142000000.0
equity,StockholdersEquity,USD,2025.0,Q2,10-Q,2024-08-28,,2024-04-28,49142000000.0
equity,StockholdersEquity,USD,2026.0,Q1,10-Q,2025-05-28,,2024-04-28,49142000000.0
equity,StockholdersEquity,USD,2026.0,Q2,10-Q,2025-08-27,,2024-04-28,49142000000.0
equity,StockholdersEquity,USD,2025.0,Q2,10-Q,2024-08-28,,2024-07-28,58157000000.0
equity,StockholdersEquity,USD,2025.0,Q3,10-Q,2024-11-20,,2024-07-28,58157000000.0
equity,StockholdersEquity,USD,2026.0,Q2,10-Q,2025-08-27,,2024-07-28,58157000000.0
equity,StockholdersEquity,USD,2026.0,Q3,10-Q,2025-11-19,,2024-07-28,58157000000.0
equity,StockholdersEquity,USD,2025.0,Q3,10-Q,2024-11-20,,2024-10-27,65899000000.0
equity,StockholdersEquity,USD,2026.0,Q3,10-Q,2025-11-19,,2024-10-27,65899000000.0
equity,StockholdersEquity,USD,2025.0,FY,10-K,2025-02-26,,2025-01-26,79327000000.0
equity,StockholdersEquity,USD,2026.0,Q1,10-Q,2025-05-28,,2025-01-26,79327000000.0
equity,StockholdersEquity,USD,2026.0,Q2,10-Q,2025-08-27,,2025-01-26,79327000000.0
equity,StockholdersEquity,USD,2026.0,Q3,10-Q,2025-11-19,,2025-01-26,79327000000.0
equity,StockholdersEquity,USD,2026.0,FY,10-K,2026-02-25,,2025-01-26,79327000000.0
equity,StockholdersEquity,USD,2026.0,Q1,10-Q,2025-05-28,,2025-04-27,83843000000.0
equity,StockholdersEquity,USD,2026.0,Q2,10-Q,2025-08-27,,2025-04-27,83843000000.0
equity,StockholdersEquity,USD,2026.0,Q2,10-Q,2025-08-27,,2025-07-27,100131000000.0
equity,StockholdersEquity,USD,2026.0,Q3,10-Q,2025-11-19,,2025-07-27,100131000000.0
equity,StockholdersEquity,USD,2026.0,Q3,10-Q,2025-11-19,,2025-10-26,118897000000.0
equity,StockholdersEquity,USD,2026.0,FY,10-K,2026-02-25,,2026-01-25,157293000000.0
gross_profit,GrossProfit,USD,2010.0,FY,10-K,2010-03-18,2007-01-29,2008-01-27,1869280000.0
gross_profit,GrossProfit,USD,2009.0,Q2,10-Q,2009-08-20,2008-01-25,2008-07-27,664760000.0
gross_profit,GrossProfit,USD,2009.0,Q2,10-Q,2009-08-20,2008-04-27,2008-07-27,149917000.0
gross_profit,GrossProfit,USD,2009.0,Q3,10-Q,2009-11-19,2008-01-28,2008-10-26,1032603000.0
gross_profit,GrossProfit,USD,2009.0,Q3,10-Q,2009-11-19,2008-07-28,2008-10-26,367843000.0
gross_profit,GrossProfit,USD,2010.0,FY,10-K,2010-03-18,2008-01-28,2009-01-25,1174269000.0
gross_profit,GrossProfit,USD,2010.0,FY,10-K,2011-03-16,2008-01-28,2009-01-25,1174269000.0
gross_profit,GrossProfit,USD,2010.0,Q2,10-Q,2010-05-21,2009-01-26,2009-04-26,189696000.0
gross_profit,GrossProfit,USD,2010.0,FY,10-K,2011-03-16,2009-01-26,2009-04-26,189696000.0
gross_profit,GrossProfit,USD,2009.0,Q2,10-Q,2009-08-20,2009-01-25,2009-07-26,346419000.0
gross_profit,GrossProfit,USD,2009.0,Q2,10-Q,2009-08-20,2009-04-27,2009-07-26,156723000.0
gross_profit,GrossProfit,USD,2010.0,Q3,10-Q,2010-08-30,2009-01-26,2009-07-26,346419000.0
gross_profit,GrossProfit,USD,2010.0,Q3,10-Q,2010-08-30,2009-04-27,2009-07-26,156723000.0
gross_profit,GrossProfit,USD,2010.0,FY,10-K,2011-03-16,2009-04-27,2009-07-26,156723000.0
gross_profit,GrossProfit,USD,2009.0,Q3,10-Q,2009-11-19,2009-01-26,2009-10-25,738202000.0
gross_profit,GrossProfit,USD,2009.0,Q3,10-Q,2009-11-19,2009-07-27,2009-10-25,391783000.0
gross_profit,GrossProfit,USD,2010.0,Q3,10-Q,2010-12-07,2009-01-26,2009-10-25,738202000.0
gross_profit,GrossProfit,USD,2010.0,Q3,10-Q,2010-12-07,2009-07-27,2009-10-25,391783000.0
gross_profit,GrossProfit,USD,2010.0,FY,10-K,2011-03-16,2009-07-27,2009-10-25,391783000.0
gross_profit,GrossProfit,USD,2010.0,FY,10-K,2010-03-18,2009-01-26,2010-01-31,1176923000.0
gross_profit,GrossProfit,USD,2010.0,FY,10-K,2011-03-16,2009-01-26,2010-01-31,1176923000.0
gross_profit,GrossProfit,USD,2010.0,FY,10-K,2011-03-16,2009-10-26,2010-01-31,438721000.0
gross_profit,GrossProfit,USD,2011.0,FY,10-K,2012-03-13,2009-01-26,2010-01-31,1176923000.0
gross_profit,GrossProfit,USD,2010.0,Q2,10-Q,2010-05-21,2010-02-01,2010-05-02,456377000.0
gross_profit,GrossProfit,USD,2010.0,FY,10-K,2011-03-16,2010-02-01,2010-05-02,456377000.0
gross_profit,GrossProfit,USD,2011.0,Q1,10-Q,2011-05-27,2010-02-01,2010-05-02,456377000.0
gross_profit,GrossProfit,USD,2011.0,FY,10-K,2012-03-13,2010-02-01,2010-05-02,456377000.0
gross_profit,GrossProfit,USD,2011.0,FY,10-K,2012-03-13,2010-05-03,2010-07-31,134292000.0
gross_profit,GrossProfit,USD,2010.0,Q3,10-Q,2010-08-30,2010-02-01,2010-08-01,590669000.0
gross_profit,GrossProfit,USD,2010.0,Q3,10-Q,2010-08-30,2010-05-03,2010-08-01,134292000.0
gross_profit,GrossProfit,USD,2010.0,FY,10-K,2011-03-16,2010-05-03,2010-08-01,134292000.0
gross_profit,GrossProfit,USD,2011.0,Q2,10-Q,2011-08-25,2010-02-01,2010-08-01,590669000.0
gross_profit,GrossProfit,USD,2011.0,Q2,10-Q,2011-08-25,2010-05-03,2010-08-01,134292000.0
gross_profit,GrossProfit,USD,2010.0,Q3,10-Q,2010-12-07,2010-02-01,2010-10-31,982731000.0
gross_profit,GrossProfit,USD,2010.0,Q3,10-Q,2010-12-07,2010-08-02,2010-10-31,392062000.0
gross_profit,GrossProfit,USD,2010.0,FY,10-K,2011-03-16,2010-08-02,2010-10-31,392062000.0
gross_profit,GrossProfit,USD,2011.0,Q3,10-Q,2011-11-22,2010-02-01,2010-10-31,982731000.0
gross_profit,GrossProfit,USD,2011.0,Q3,10-Q,2011-11-22,2010-08-02,2010-10-31,392062000.0
gross_profit,GrossProfit,USD,2011.0,FY,10-K,2012-03-13,2010-08-02,2010-10-31,392062000.0
gross_profit,GrossProfit,USD,2010.0,FY,10-K,2011-03-16,2010-02-01,2011-01-30,1409090000.0
gross_profit,GrossProfit,USD,2010.0,FY,10-K,2011-03-16,2010-11-01,2011-01-30,426359000.0
gross_profit,GrossProfit,USD,2011.0,FY,10-K,2012-03-13,2010-02-01,2011-01-30,1409090000.0
gross_profit,GrossProfit,USD,2011.0,FY,10-K,2012-03-13,2010-11-01,2011-01-30,426359000.0
gross_profit,GrossProfit,USD,2012.0,FY,10-K,2013-03-12,2010-02-01,2011-01-30,1409090000.0
gross_profit,GrossProfit,USD,2011.0,Q1,10-Q,2011-05-27,2011-01-31,2011-05-01,484503000.0
gross_profit,GrossProfit,USD,2011.0,FY,10-K,2012-03-13,2011-01-31,2011-05-01,484503000.0
gross_profit,GrossProfit,USD,2012.0,Q1,10-Q,2012-05-23,2011-01-31,2011-05-01,484503000.0
gross_profit,GrossProfit,USD,2012.0,FY,10-K,2013-03-12,2011-01-31,2011-05-01,484503000.0
gross_profit,GrossProfit,USD,2011.0,Q2,10-Q,2011-08-25,2011-01-31,2011-07-31,1009787000.0
gross_profit,GrossProfit,USD,2011.0,Q2,10-Q,2011-08-25,2011-05-02,2011-07-31,525284000.0
gross_profit,GrossProfit,USD,2011.0,FY,10-K,2012-03-13,2011-05-02,2011-07-31,525284000.0
gross_profit,GrossProfit,USD,2012.0,Q2,10-Q,2012-08-22,2011-01-31,2011-07-31,1009787000.0
gross_profit,GrossProfit,USD,2012.0,Q2,10-Q,2012-08-22,2011-05-02,2011-07-31,525284000.0
gross_profit,GrossProfit,USD,2012.0,FY,10-K,2013-03-12,2011-05-02,2011-07-31,525284000.0
gross_profit,GrossProfit,USD,2011.0,Q3,10-Q,2011-11-22,2011-01-31,2011-10-30,1566504000.0
gross_profit,GrossProfit,USD,2011.0,Q3,10-Q,2011-11-22,2011-08-01,2011-10-30,556717000.0
gross_profit,GrossProfit,USD,2011.0,FY,10-K,2012-03-13,2011-08-01,2011-10-30,556717000.0
gross_profit,GrossProfit,USD,2012.0,Q3,10-Q,2012-11-19,2011-01-31,2011-10-30,1566504000.0
gross_profit,GrossProfit,USD,2012.0,Q3,10-Q,2012-11-19,2011-08-01,2011-10-30,556717000.0
gross_profit,GrossProfit,USD,2012.0,FY,10-K,2013-03-12,2011-08-01,2011-10-30,556717000.0
gross_profit,GrossProfit,USD,2011.0,FY,10-K,2012-03-13,2011-01-31,2012-01-29,2056517000.0
gross_profit,GrossProfit,USD,2011.0,FY,10-K,2012-03-13,2011-10-31,2012-01-29,490013000.0
gross_profit,GrossProfit,USD,2012.0,FY,10-K,2013-03-12,2011-01-31,2012-01-29,2056517000.0
gross_profit,GrossProfit,USD,2012.0,FY,10-K,2013-03-12,2011-10-31,2012-01-29,490013000.0
gross_profit,GrossProfit,USD,2013.0,FY,10-K,2014-03-13,2011-01-31,2012-01-29,2056517000.0
gross_profit,GrossProfit,USD,2012.0,Q1,10-Q,2012-05-23,2012-01-30,2012-04-29,463364000.0
gross_profit,GrossProfit,USD,2012.0,FY,10-K,2013-03-12,2012-01-30,2012-04-29,463364000.0
gross_profit,GrossProfit,USD,2013.0,Q1,10-Q,2013-05-22,2012-01-30,2012-04-29,463364000.0
gross_profit,GrossProfit,USD,2013.0,FY,10-K,2014-03-13,2012-01-30,2012-04-29,463364000.0
gross_profit,GrossProfit,USD,2012.0,Q2,10-Q,2012-08-22,2012-01-30,2012-07-29,1004083000.0
gross_profit,GrossProfit,USD,2012.0,Q2,10-Q,2012-08-22,2012-04-30,2012-07-29,540719000.0
gross_profit,GrossProfit,USD,2012.0,FY,10-K,2013-03-12,2012-04-30,2012-07-29,540719000.0
gross_profit,GrossProfit,USD,2013.0,Q2,10-Q,2013-08-21,2012-01-30,2012-07-29,1004083000.0
gross_profit,GrossProfit,USD,2013.0,Q2,10-Q,2013-08-21,2012-04-30,2012-07-29,540719000.0
gross_profit,GrossProfit,USD,2013.0,FY,10-K,2014-03-13,2012-04-30,2012-07-29,540719000.0
gross_profit,GrossProfit,USD,2012.0,Q3,10-Q,2012-11-19,2012-01-30,2012-10-28,1640741000.0
gross_profit,GrossProfit,USD,2012.0,Q3,10-Q,2012-11-19,2012-07-30,2012-10-28,636658000.0
gross_profit,GrossProfit,USD,2012.0,FY,10-K,2013-03-12,2012-07-30,2012-10-28,636658000.0
gross_profit,GrossProfit,USD,2013.0,Q3,10-Q,2013-11-19,2012-01-30,2012-10-28,1640741000.0
gross_profit,GrossProfit,USD,2013.0,Q3,10-Q,2013-11-19,2012-07-30,2012-10-28,636658000.0
gross_profit,GrossProfit,USD,2013.0,FY,10-K,2014-03-13,2012-07-30,2012-10-28,636658000.0
gross_profit,GrossProfit,USD,2012.0,FY,10-K,2013-03-12,2012-01-30,2013-01-27,2226343000.0
gross_profit,GrossProfit,USD,2012.0,FY,10-K,2013-03-12,2012-10-29,2013-01-27,585602000.0
gross_profit,GrossProfit,USD,2013.0,FY,10-K,2014-03-13,2012-01-30,2013-01-27,2226343000.0
gross_profit,GrossProfit,USD,2013.0,FY,10-K,2014-03-13,2012-10-29,2013-01-27,585602000.0
gross_profit,GrossProfit,USD,2015.0,FY,10-K,2015-03-12,2012-01-30,2013-01-27,2226343000.0
gross_profit,GrossProfit,USD,2013.0,Q1,10-Q,2013-05-22,2013-01-28,2013-04-28,518568000.0
gross_profit,GrossProfit,USD,2013.0,FY,10-K,2014-03-13,2013-01-28,2013-04-28,518568000.0
gross_profit,GrossProfit,USD,2014.0,Q1,10-Q,2014-05-21,2013-01-28,2013-04-28,518568000.0
gross_profit,GrossProfit,USD,2015.0,FY,10-K,2015-03-12,2013-01-28,2013-04-28,518568000.0
gross_profit,GrossProfit,USD,2013.0,Q2,10-Q,2013-08-21,2013-01-28,2013-07-28,1064106000.0
gross_profit,GrossProfit,USD,2013.0,Q2,10-Q,2013-08-21,2013-04-29,2013-07-28,545538000.0
gross_profit,GrossProfit,USD,2013.0,FY,10-K,2014-03-13,2013-04-29,2013-07-28,545538000.0
gross_profit,GrossProfit,USD,2015.0,Q2,10-Q,2014-08-20,2013-01-28,2013-07-28,1064106000.0
gross_profit,GrossProfit,USD,2015.0,Q2,10-Q,2014-08-20,2013-04-29,2013-07-28,545538000.0
gross_profit,GrossProfit,USD,2015.0,FY,10-K,2015-03-12,2013-04-29,2013-07-28,545538000.0
gross_profit,GrossProfit,USD,2013.0,Q3,10-Q,2013-11-19,2013-01-28,2013-10-27,1648521000.0
gross_profit,GrossProfit,USD,2013.0,Q3,10-Q,2013-11-19,2013-07-29,2013-10-27,584415000.0
gross_profit,GrossProfit,USD,2013.0,FY,10-K,2014-03-13,2013-07-29,2013-10-27,584415000.0
gross_profit,GrossProfit,USD,2015.0,Q3,10-Q,2014-11-19,2013-01-28,2013-10-27,1648521000.0
gross_profit,GrossProfit,USD,2015.0,Q3,10-Q,2014-11-19,2013-07-29,2013-10-27,584415000.0
gross_profit,GrossProfit,USD,2015.0,FY,10-K,2015-03-12,2013-07-29,2013-10-27,584415000.0
gross_profit,GrossProfit,USD,2013.0,FY,10-K,2014-03-13,2013-01-28,2014-01-26,2267763000.0
gross_profit,GrossProfit,USD,2013.0,FY,10-K,2014-03-13,2013-10-28,2014-01-26,619242000.0
gross_profit,GrossProfit,USD,2015.0,FY,10-K,2015-03-12,2013-01-28,2014-01-26,2267763000.0
gross_profit,GrossProfit,USD,2015.0,FY,10-K,2015-03-12,2013-10-28,2014-01-26,619242000.0
gross_profit,GrossProfit,USD,2016.0,FY,10-K,2016-03-17,2013-01-28,2014-01-26,2268000000.0
gross_profit,GrossProfit,USD,2014.0,Q1,10-Q,2014-05-21,2014-01-27,2014-04-27,604202000.0
gross_profit,GrossProfit,USD,2015.0,FY,10-K,2015-03-12,2014-01-27,2014-04-27,604202000.0
gross_profit,GrossProfit,USD,2016.0,Q1,10-Q,2015-05-20,2014-01-27,2014-04-27,604000000.0
gross_profit,GrossProfit,USD,2016.0,FY,10-K,2016-03-17,2014-01-27,2014-04-27,604000000.0
gross_profit,GrossProfit,USD,2015.0,Q2,10-Q,2014-08-20,2014-01-27,2014-07-27,1223176000.0
gross_profit,GrossProfit,USD,2015.0,Q2,10-Q,2014-08-20,2014-04-28,2014-07-27,618974000.0
gross_profit,GrossProfit,USD,2015.0,FY,10-K,2015-03-12,2014-04-28,2014-07-27,618974000.0
gross_profit,GrossProfit,USD,2016.0,Q2,10-Q,2015-08-19,2014-01-27,2014-07-27,1223000000.0
gross_profit,GrossProfit,USD,2016.0,Q2,10-Q,2015-08-19,2014-04-28,2014-07-27,619000000.0
gross_profit,GrossProfit,USD,2016.0,FY,10-K,2016-03-17,2014-04-28,2014-07-27,619000000.0
gross_profit,GrossProfit,USD,2015.0,Q3,10-Q,2014-11-19,2014-01-27,2014-10-26,1899874000.0
gross_profit,GrossProfit,USD,2015.0,Q3,10-Q,2014-11-19,2014-07-28,2014-10-26,676698000.0
gross_profit,GrossProfit,USD,2015.0,FY,10-K,2015-03-12,2014-07-28,2014-10-26,676698000.0
gross_profit,GrossProfit,USD,2016.0,Q3,10-Q,2015-11-18,2014-01-27,2014-10-26,1900000000.0
gross_profit,GrossProfit,USD,2016.0,Q3,10-Q,2015-11-18,2014-07-28,2014-10-26,676000000.0
gross_profit,GrossProfit,USD,2016.0,FY,10-K,2016-03-17,2014-07-28,2014-10-26,677000000.0
gross_profit,GrossProfit,USD,2015.0,FY,10-K,2015-03-12,2014-01-27,2015-01-25,2599477000.0
gross_profit,GrossProfit,USD,2015.0,FY,10-K,2015-03-12,2014-10-27,2015-01-25,699603000.0
gross_profit,GrossProfit,USD,2016.0,FY,10-K,2016-03-17,2014-01-27,2015-01-25,2599000000.0
gross_profit,GrossProfit,USD,2016.0,FY,10-K,2016-03-17,2014-10-27,2015-01-25,699000000.0
gross_profit,GrossProfit,USD,2017.0,FY,10-K,2017-03-01,2014-01-27,2015-01-25,2599000000.0
gross_profit,GrossProfit,USD,2016.0,Q1,10-Q,2015-05-20,2015-01-26,2015-04-26,653000000.0
gross_profit,GrossProfit,USD,2016.0,FY,10-K,2016-03-17,2015-01-26,2015-04-26,653000000.0
gross_profit,GrossProfit,USD,2017.0,Q1,10-Q,2016-05-25,2015-01-26,2015-04-26,653000000.0
gross_profit,GrossProfit,USD,2017.0,FY,10-K,2017-03-01,2015-01-26,2015-04-26,653000000.0
gross_profit,GrossProfit,USD,2016.0,Q2,10-Q,2015-08-19,2015-01-26,2015-07-26,1286000000.0
gross_profit,GrossProfit,USD,2016.0,Q2,10-Q,2015-08-19,2015-04-27,2015-07-26,634000000.0
gross_profit,GrossProfit,USD,2016.0,FY,10-K,2016-03-17,2015-04-27,2015-07-26,634000000.0
gross_profit,GrossProfit,USD,2017.0,Q2,10-Q,2016-08-23,2015-01-26,2015-07-26,1286000000.0
gross_profit,GrossProfit,USD,2017.0,Q2,10-Q,2016-08-23,2015-04-27,2015-07-26,634000000.0
gross_profit,GrossProfit,USD,2017.0,FY,10-K,2017-03-01,2015-04-27,2015-07-26,634000000.0
gross_profit,GrossProfit,USD,2016.0,Q3,10-Q,2015-11-18,2015-01-26,2015-10-25,2020000000.0
gross_profit,GrossProfit,USD,2016.0,Q3,10-Q,2015-11-18,2015-07-27,2015-10-25,734000000.0
gross_profit,GrossProfit,USD,2016.0,FY,10-K,2016-03-17,2015-07-27,2015-10-25,733000000.0
gross_profit,GrossProfit,USD,2017.0,Q3,10-Q,2016-11-22,2015-01-26,2015-10-25,2020000000.0
gross_profit,GrossProfit,USD,2017.0,Q3,10-Q,2016-11-22,2015-07-27,2015-10-25,734000000.0
gross_profit,GrossProfit,USD,2017.0,FY,10-K,2017-03-01,2015-07-27,2015-10-25,733000000.0
gross_profit,GrossProfit,USD,2016.0,FY,10-K,2016-03-17,2015-01-26,2016-01-31,2811000000.0
gross_profit,GrossProfit,USD,2016.0,FY,10-K,2016-03-17,2015-10-26,2016-01-31,791000000.0
gross_profit,GrossProfit,USD,2017.0,FY,10-K,2017-03-01,2015-01-26,2016-01-31,2811000000.0
gross_profit,GrossProfit,USD,2017.0,FY,10-K,2017-03-01,2015-10-26,2016-01-31,791000000.0
gross_profit,GrossProfit,USD,2018.0,FY,10-K,2018-02-28,2015-01-26,2016-01-31,2811000000.0
gross_profit,GrossProfit,USD,2017.0,Q1,10-Q,2016-05-25,2016-02-01,2016-05-01,751000000.0
gross_profit,GrossProfit,USD,2017.0,FY,10-K,2017-03-01,2016-02-01,2016-05-01,751000000.0
gross_profit,GrossProfit,USD,2018.0,Q1,10-Q,2017-05-23,2016-02-01,2016-05-01,751000000.0
gross_profit,GrossProfit,USD,2018.0,FY,10-K,2018-02-28,2016-02-01,2016-05-01,751000000.0
gross_profit,GrossProfit,USD,2017.0,Q2,10-Q,2016-08-23,2016-02-01,2016-07-31,1577000000.0
gross_profit,GrossProfit,USD,2017.0,Q2,10-Q,2016-08-23,2016-05-02,2016-07-31,826000000.0
gross_profit,GrossProfit,USD,2017.0,FY,10-K,2017-03-01,2016-05-02,2016-07-31,826000000.0
gross_profit,GrossProfit,USD,2018.0,Q2,10-Q,2017-08-23,2016-02-01,2016-07-31,1577000000.0
gross_profit,GrossProfit,USD,2018.0,Q2,10-Q,2017-08-23,2016-05-02,2016-07-31,826000000.0
gross_profit,GrossProfit,USD,2018.0,FY,10-K,2018-02-28,2016-05-02,2016-07-31,826000000.0
gross_profit,GrossProfit,USD,2017.0,Q3,10-Q,2016-11-22,2016-02-01,2016-10-30,2760000000.0
gross_profit,GrossProfit,USD,2017.0,Q3,10-Q,2016-11-22,2016-08-01,2016-10-30,1183000000.0
gross_profit,GrossProfit,USD,2017.0,FY,10-K,2017-03-01,2016-08-01,2016-10-30,1183000000.0
gross_profit,GrossProfit,USD,2018.0,Q3,10-Q,2017-11-21,2016-02-01,2016-10-30,2760000000.0
gross_profit,GrossProfit,USD,2018.0,Q3,10-Q,2017-11-21,2016-08-01,2016-10-30,1183000000.0
gross_profit,GrossProfit,USD,2018.0,FY,10-K,2018-02-28,2016-08-01,2016-10-30,1183000000.0
gross_profit,GrossProfit,USD,2017.0,FY,10-K,2017-03-01,2016-02-01,2017-01-29,4063000000.0
gross_profit,GrossProfit,USD,2017.0,FY,10-K,2017-03-01,2016-10-31,2017-01-29,1303000000.0
gross_profit,GrossProfit,USD,2018.0,FY,10-K,2018-02-28,2016-02-01,2017-01-29,4063000000.0
gross_profit,GrossProfit,USD,2018.0,FY,10-K,2018-02-28,2016-10-31,2017-01-29,1303000000.0
gross_profit,GrossProfit,USD,2019.0,FY,10-K,2019-02-21,2016-02-01,2017-01-29,4063000000.0
gross_profit,GrossProfit,USD,2018.0,Q1,10-Q,2017-05-23,2017-01-30,2017-04-30,1150000000.0
gross_profit,GrossProfit,USD,2018.0,FY,10-K,2018-02-28,2017-01-30,2017-04-30,1150000000.0
gross_profit,GrossProfit,USD,2019.0,Q1,10-Q,2018-05-22,2017-01-30,2017-04-30,1150000000.0
gross_profit,GrossProfit,USD,2019.0,FY,10-K,2019-02-21,2017-01-30,2017-04-30,1150000000.0
gross_profit,GrossProfit,USD,2018.0,Q2,10-Q,2017-08-23,2017-01-30,2017-07-30,2452000000.0
gross_profit,GrossProfit,USD,2018.0,Q2,10-Q,2017-08-23,2017-05-01,2017-07-30,1302000000.0
gross_profit,GrossProfit,USD,2018.0,FY,10-K,2018-02-28,2017-01-30,2017-07-30,1302000000.0
gross_profit,GrossProfit,USD,2019.0,Q2,10-Q,2018-08-16,2017-01-30,2017-07-30,2452000000.0
gross_profit,GrossProfit,USD,2019.0,Q2,10-Q,2018-08-16,2017-05-01,2017-07-30,1302000000.0
gross_profit,GrossProfit,USD,2019.0,FY,10-K,2019-02-21,2017-05-01,2017-07-30,1302000000.0
gross_profit,GrossProfit,USD,2018.0,Q3,10-Q,2017-11-21,2017-01-30,2017-10-29,4021000000.0
gross_profit,GrossProfit,USD,2018.0,Q3,10-Q,2017-11-21,2017-07-31,2017-10-29,1569000000.0
gross_profit,GrossProfit,USD,2018.0,FY,10-K,2018-02-28,2017-07-31,2017-10-29,1569000000.0
gross_profit,GrossProfit,USD,2019.0,Q3,10-Q,2018-11-15,2017-01-30,2017-10-29,4021000000.0
gross_profit,GrossProfit,USD,2019.0,Q3,10-Q,2018-11-15,2017-07-31,2017-10-29,1569000000.0
gross_profit,GrossProfit,USD,2019.0,FY,10-K,2019-02-21,2017-07-31,2017-10-29,1569000000.0
gross_profit,GrossProfit,USD,2018.0,FY,10-K,2018-02-28,2017-01-30,2018-01-28,5822000000.0
gross_profit,GrossProfit,USD,2018.0,FY,10-K,2018-02-28,2017-10-30,2018-01-28,1801000000.0
gross_profit,GrossProfit,USD,2019.0,FY,10-K,2019-02-21,2017-01-30,2018-01-28,5822000000.0
gross_profit,GrossProfit,USD,2019.0,FY,10-K,2019-02-21,2017-10-30,2018-01-28,1801000000.0
gross_profit,GrossProfit,USD,2020.0,FY,10-K,2020-02-20,2017-01-30,2018-01-28,5822000000.0
gross_profit,GrossProfit,USD,2019.0,Q1,10-Q,2018-05-22,2018-01-29,2018-04-29,2068000000.0
gross_profit,GrossProfit,USD,2019.0,FY,10-K,2019-02-21,2018-01-29,2018-04-29,2068000000.0
gross_profit,GrossProfit,USD,2020.0,Q1,10-Q,2019-05-16,2018-01-29,2018-04-29,2068000000.0
gross_profit,GrossProfit,USD,2020.0,FY,10-K,2020-02-20,2018-01-29,2018-04-29,2068000000.0
gross_profit,GrossProfit,USD,2019.0,Q2,10-Q,2018-08-16,2018-01-29,2018-07-29,4043000000.0
gross_profit,GrossProfit,USD,2019.0,Q2,10-Q,2018-08-16,2018-04-30,2018-07-29,1975000000.0
gross_profit,GrossProfit,USD,2019.0,FY,10-K,2019-02-21,2018-04-30,2018-07-29,1975000000.0
gross_profit,GrossProfit,USD,2020.0,Q2,10-Q,2019-08-15,2018-01-29,2018-07-29,4043000000.0
gross_profit,GrossProfit,USD,2020.0,Q2,10-Q,2019-08-15,2018-04-30,2018-07-29,1975000000.0
gross_profit,GrossProfit,USD,2020.0,FY,10-K,2020-02-20,2018-04-30,2018-07-29,1975000000.0
gross_profit,GrossProfit,USD,2019.0,Q3,10-Q,2018-11-15,2018-01-29,2018-10-28,5964000000.0
gross_profit,GrossProfit,USD,2019.0,Q3,10-Q,2018-11-15,2018-07-30,2018-10-28,1921000000.0
gross_profit,GrossProfit,USD,2019.0,FY,10-K,2019-02-21,2018-07-30,2018-10-28,1921000000.0
gross_profit,GrossProfit,USD,2020.0,Q3,10-Q,2019-11-14,2018-01-29,2018-10-28,5964000000.0
gross_profit,GrossProfit,USD,2020.0,Q3,10-Q,2019-11-14,2018-07-30,2018-10-28,1921000000.0
gross_profit,GrossProfit,USD,2020.0,FY,10-K,2020-02-20,2018-07-30,2018-10-28,1921000000.0
gross_profit,GrossProfit,USD,2019.0,FY,10-K,2019-02-21,2018-01-29,2019-01-27,7171000000.0
gross_profit,GrossProfit,USD,2019.0,FY,10-K,2019-02-21,2018-10-29,2019-01-27,1207000000.0
gross_profit,GrossProfit,USD,2020.0,FY,10-K,2020-02-20,2018-01-29,2019-01-27,7171000000.0
gross_profit,GrossProfit,USD,2020.0,FY,10-K,2020-02-20,2018-10-29,2019-01-27,1207000000.0
gross_profit,GrossProfit,USD,2021.0,FY,10-K,2021-02-26,2018-01-29,2019-01-27,7171000000.0
gross_profit,GrossProfit,USD,2020.0,Q1,10-Q,2019-05-16,2019-01-28,2019-04-28,1296000000.0
gross_profit,GrossProfit,USD,2020.0,FY,10-K,2020-02-20,2019-01-28,2019-04-28,1296000000.0
gross_profit,GrossProfit,USD,2020.0,Q1,10-Q,2020-05-21,2019-01-28,2019-04-28,1296000000.0
gross_profit,GrossProfit,USD,2020.0,Q2,10-Q,2019-08-15,2019-01-28,2019-07-28,2837000000.0
gross_profit,GrossProfit,USD,2020.0,Q2,10-Q,2019-08-15,2019-04-29,2019-07-28,1541000000.0
gross_profit,GrossProfit,USD,2020.0,FY,10-K,2020-02-20,2019-04-29,2019-07-28,1541000000.0
gross_profit,GrossProfit,USD,2020.0,Q2,10-Q,2020-08-19,2019-01-28,2019-07-28,2837000000.0
gross_profit,GrossProfit,USD,2020.0,Q2,10-Q,2020-08-19,2019-04-29,2019-07-28,1541000000.0
gross_profit,GrossProfit,USD,2020.0,Q3,10-Q,2019-11-14,2019-01-28,2019-10-27,4753000000.0
gross_profit,GrossProfit,USD,2020.0,Q3,10-Q,2019-11-14,2019-07-29,2019-10-27,1916000000.0
gross_profit,GrossProfit,USD,2020.0,FY,10-K,2020-02-20,2019-07-29,2019-10-27,1916000000.0
gross_profit,GrossProfit,USD,2021.0,Q3,10-Q,2020-11-18,2019-01-28,2019-10-27,4753000000.0
gross_profit,GrossProfit,USD,2021.0,Q3,10-Q,2020-11-18,2019-07-29,2019-10-27,1916000000.0
gross_profit,GrossProfit,USD,2020.0,FY,10-K,2020-02-20,2019-01-28,2020-01-26,6768000000.0
gross_profit,GrossProfit,USD,2020.0,FY,10-K,2020-02-20,2019-10-28,2020-01-26,2015000000.0
gross_profit,GrossProfit,USD,2021.0,FY,10-K,2021-02-26,2019-01-28,2020-01-26,6768000000.0
gross_profit,GrossProfit,USD,2022.0,FY,10-K,2022-03-18,2019-01-28,2020-01-26,6768000000.0
gross_profit,GrossProfit,USD,2020.0,Q1,10-Q,2020-05-21,2020-01-27,2020-04-26,2004000000.0
gross_profit,GrossProfit,USD,2022.0,Q1,10-Q,2021-05-26,2020-01-27,2020-04-26,2004000000.0
gross_profit,GrossProfit,USD,2020.0,Q2,10-Q,2020-08-19,2020-01-27,2020-07-26,4279000000.0
gross_profit,GrossProfit,USD,2020.0,Q2,10-Q,2020-08-19,2020-04-27,2020-07-26,2275000000.0
gross_profit,GrossProfit,USD,2022.0,Q2,10-Q,2021-08-20,2020-01-27,2020-07-26,4279000000.0
gross_profit,GrossProfit,USD,2022.0,Q2,10-Q,2021-08-20,2020-04-27,2020-07-26,2275000000.0
gross_profit,GrossProfit,USD,2021.0,Q3,10-Q,2020-11-18,2020-01-27,2020-10-25,7240000000.0
gross_profit,GrossProfit,USD,2021.0,Q3,10-Q,2020-11-18,2020-07-27,2020-10-25,2960000000.0
gross_profit,GrossProfit,USD,2022.0,Q3,10-Q,2021-11-22,2020-01-27,2020-10-25,7240000000.0
gross_profit,GrossProfit,USD,2022.0,Q3,10-Q,2021-11-22,2020-07-27,2020-10-25,2960000000.0
gross_profit,GrossProfit,USD,2021.0,FY,10-K,2021-02-26,2020-01-27,2021-01-31,10396000000.0
gross_profit,GrossProfit,USD,2022.0,FY,10-K,2022-03-18,2020-01-27,2021-01-31,10396000000.0
gross_profit,GrossProfit,USD,2023.0,FY,10-K,2023-02-24,2020-01-27,2021-01-31,10396000000.0
gross_profit,GrossProfit,USD,2022.0,Q1,10-Q,2021-05-26,2021-02-01,2021-05-02,3629000000.0
gross_profit,GrossProfit,USD,2023.0,Q1,10-Q,2022-05-27,2021-02-01,2021-05-02,3629000000.0
gross_profit,GrossProfit,USD,2022.0,Q2,10-Q,2021-08-20,2021-02-01,2021-08-01,7844000000.0
gross_profit,GrossProfit,USD,2022.0,Q2,10-Q,2021-08-20,2021-05-03,2021-08-01,4215000000.0
gross_profit,GrossProfit,USD,2023.0,Q2,10-Q,2022-08-31,2021-02-01,2021-08-01,7844000000.0
gross_profit,GrossProfit,USD,2023.0,Q2,10-Q,2022-08-31,2021-05-03,2021-08-01,4215000000.0
gross_profit,GrossProfit,USD,2022.0,Q3,10-Q,2021-11-22,2021-02-01,2021-10-31,12476000000.0
gross_profit,GrossProfit,USD,2022.0,Q3,10-Q,2021-11-22,2021-08-02,2021-10-31,4631000000.0
gross_profit,GrossProfit,USD,2023.0,Q3,10-Q,2022-11-18,2021-02-01,2021-10-31,12476000000.0
gross_profit,GrossProfit,USD,2023.0,Q3,10-Q,2022-11-18,2021-08-02,2021-10-31,4631000000.0
gross_profit,GrossProfit,USD,2022.0,FY,10-K,2022-03-18,2021-02-01,2022-01-30,17475000000.0
gross_profit,GrossProfit,USD,2023.0,FY,10-K,2023-02-24,2021-02-01,2022-01-30,17475000000.0
gross_profit,GrossProfit,USD,2024.0,FY,10-K,2024-02-21,2021-02-01,2022-01-30,17475000000.0
gross_profit,GrossProfit,USD,2023.0,Q1,10-Q,2022-05-27,2022-01-31,2022-05-01,5431000000.0
gross_profit,GrossProfit,USD,2024.0,Q1,10-Q,2023-05-26,2022-01-31,2022-05-01,5431000000.0
gross_profit,GrossProfit,USD,2023.0,Q2,10-Q,2022-08-31,2022-01-31,2022-07-31,8346000000.0
gross_profit,GrossProfit,USD,2023.0,Q2,10-Q,2022-08-31,2022-05-02,2022-07-31,2915000000.0
gross_profit,GrossProfit,USD,2024.0,Q2,10-Q,2023-08-28,2022-01-31,2022-07-31,8346000000.0
gross_profit,GrossProfit,USD,2024.0,Q2,10-Q,2023-08-28,2022-05-02,2022-07-31,2915000000.0
gross_profit,GrossProfit,USD,2023.0,Q3,10-Q,2022-11-18,2022-01-31,2022-10-30,11523000000.0
gross_profit,GrossProfit,USD,2023.0,Q3,10-Q,2022-11-18,2022-08-01,2022-10-30,3177000000.0
gross_profit,GrossProfit,USD,2024.0,Q3,10-Q,2023-11-21,2022-01-31,2022-10-30,11523000000.0
gross_profit,GrossProfit,USD,2024.0,Q3,10-Q,2023-11-21,2022-08-01,2022-10-30,3177000000.0
gross_profit,GrossProfit,USD,2023.0,FY,10-K,2023-02-24,2022-01-31,2023-01-29,15356000000.0
gross_profit,GrossProfit,USD,2024.0,FY,10-K,2024-02-21,2022-01-31,2023-01-29,15356000000.0
gross_profit,GrossProfit,USD,2025.0,FY,10-K,2025-02-26,2022-01-31,2023-01-29,15356000000.0
gross_profit,GrossProfit,USD,2024.0,Q1,10-Q,2023-05-26,2023-01-30,2023-04-30,4648000000.0
gross_profit,GrossProfit,USD,2025.0,Q1,10-Q,2024-05-29,2023-01-30,2023-04-30,4648000000.0
gross_profit,GrossProfit,USD,2024.0,Q2,10-Q,2023-08-28,2023-01-30,2023-07-30,14110000000.0
gross_profit,GrossProfit,USD,2024.0,Q2,10-Q,2023-08-28,2023-05-01,2023-07-30,9462000000.0
gross_profit,GrossProfit,USD,2025.0,Q2,10-Q,2024-08-28,2023-01-30,2023-07-30,14110000000.0
gross_profit,GrossProfit,USD,2025.0,Q2,10-Q,2024-08-28,2023-05-01,2023-07-30,9462000000.0
gross_profit,GrossProfit,USD,2024.0,Q3,10-Q,2023-11-21,2023-01-30,2023-10-29,27510000000.0
gross_profit,GrossProfit,USD,2024.0,Q3,10-Q,2023-11-21,2023-07-31,2023-10-29,13400000000.0
gross_profit,GrossProfit,USD,2025.0,Q3,10-Q,2024-11-20,2023-01-30,2023-10-29,27510000000.0
gross_profit,GrossProfit,USD,2025.0,Q3,10-Q,2024-11-20,2023-07-31,2023-10-29,13400000000.0
gross_profit,GrossProfit,USD,2024.0,FY,10-K,2024-02-21,2023-01-30,2024-01-28,44301000000.0
gross_profit,GrossProfit,USD,2025.0,FY,10-K,2025-02-26,2023-01-30,2024-01-28,44301000000.0
gross_profit,GrossProfit,USD,2026.0,FY,10-K,2026-02-25,2023-01-30,2024-01-28,44301000000.0
gross_profit,GrossProfit,USD,2025.0,Q1,10-Q,2024-05-29,2024-01-29,2024-04-28,20406000000.0
gross_profit,GrossProfit,USD,2026.0,Q1,10-Q,2025-05-28,2024-01-29,2024-04-28,20406000000.0
gross_profit,GrossProfit,USD,2025.0,Q2,10-Q,2024-08-28,2024-01-29,2024-07-28,42979000000.0
gross_profit,GrossProfit,USD,2025.0,Q2,10-Q,2024-08-28,2024-04-29,2024-07-28,22574000000.0
gross_profit,GrossProfit,USD,2026.0,Q2,10-Q,2025-08-27,2024-01-29,2024-07-28,42979000000.0
gross_profit,GrossProfit,USD,2026.0,Q2,10-Q,2025-08-27,2024-04-29,2024-07-28,22574000000.0
gross_profit,GrossProfit,USD,2025.0,Q3,10-Q,2024-11-20,2024-01-29,2024-10-27,69135000000.0
gross_profit,GrossProfit,USD,2025.0,Q3,10-Q,2024-11-20,2024-07-29,2024-10-27,26156000000.0
gross_profit,GrossProfit,USD,2026.0,Q3,10-Q,2025-11-19,2024-01-29,2024-10-27,69135000000.0
gross_profit,GrossProfit,USD,2026.0,Q3,10-Q,2025-11-19,2024-07-29,2024-10-27,26156000000.0
gross_profit,GrossProfit,USD,2025.0,FY,10-K,2025-02-26,2024-01-29,2025-01-26,97858000000.0
gross_profit,GrossProfit,USD,2026.0,FY,10-K,2026-02-25,2024-01-29,2025-01-26,97858000000.0
gross_profit,GrossProfit,USD,2026.0,Q1,10-Q,2025-05-28,2025-01-27,2025-04-27,26668000000.0
gross_profit,GrossProfit,USD,2026.0,Q2,10-Q,2025-08-27,2025-01-27,2025-07-27,60521000000.0
gross_profit,GrossProfit,USD,2026.0,Q2,10-Q,2025-08-27,2025-04-28,2025-07-27,33853000000.0
gross_profit,GrossProfit,USD,2026.0,Q3,10-Q,2025-11-19,2025-01-27,2025-10-26,102370000000.0
gross_profit,GrossProfit,USD,2026.0,Q3,10-Q,2025-11-19,2025-07-28,2025-10-26,41849000000.0
gross_profit,GrossProfit,USD,2026.0,FY,10-K,2026-02-25,2025-01-27,2026-01-25,153463000000.0
inventory,InventoryNet,USD,2009.0,Q2,10-Q,2009-08-20,,2009-01-25,537834000.0
inventory,InventoryNet,USD,2009.0,Q3,10-Q,2009-11-19,,2009-01-25,537834000.0
inventory,InventoryNet,USD,2010.0,FY,10-K,2010-03-18,,2009-01-25,537834000.0
inventory,InventoryNet,USD,2009.0,Q2,10-Q,2009-08-20,,2009-07-26,279216000.0
inventory,InventoryNet,USD,2009.0,Q3,10-Q,2009-11-19,,2009-10-25,277643000.0
inventory,InventoryNet,USD,2010.0,FY,10-K,2010-03-18,,2010-01-31,330674000.0
inventory,InventoryNet,USD,2010.0,Q2,10-Q,2010-05-21,,2010-01-31,330674000.0
inventory,InventoryNet,USD,2010.0,Q3,10-Q,2010-08-30,,2010-01-31,330674000.0
inventory,InventoryNet,USD,2010.0,Q3,10-Q,2010-12-07,,2010-01-31,330674000.0
inventory,InventoryNet,USD,2010.0,FY,10-K,2011-03-16,,2010-01-31,330674000.0
inventory,InventoryNet,USD,2010.0,Q2,10-Q,2010-05-21,,2010-05-02,388139000.0
inventory,InventoryNet,USD,2010.0,Q3,10-Q,2010-08-30,,2010-08-01,434227000.0
inventory,InventoryNet,USD,2010.0,Q3,10-Q,2010-12-07,,2010-10-31,377812000.0
inventory,InventoryNet,USD,2010.0,FY,10-K,2011-03-16,,2011-01-30,345525000.0
inventory,InventoryNet,USD,2011.0,Q1,10-Q,2011-05-27,,2011-01-30,345525000.0
inventory,InventoryNet,USD,2011.0,Q2,10-Q,2011-08-25,,2011-01-30,345525000.0
inventory,InventoryNet,USD,2011.0,Q3,10-Q,2011-11-22,,2011-01-30,345525000.0
inventory,InventoryNet,USD,2011.0,FY,10-K,2012-03-13,,2011-01-30,345525000.0
inventory,InventoryNet,USD,2011.0,Q1,10-Q,2011-05-27,,2011-05-01,380964000.0
inventory,InventoryNet,USD,2011.0,Q2,10-Q,2011-08-25,,2011-07-31,361911000.0
inventory,InventoryNet,USD,2011.0,Q3,10-Q,2011-11-22,,2011-10-30,319602000.0
inventory,InventoryNet,USD,2011.0,FY,10-K,2012-03-13,,2012-01-29,340297000.0
inventory,InventoryNet,USD,2012.0,Q1,10-Q,2012-05-23,,2012-01-29,340297000.0
inventory,InventoryNet,USD,2012.0,Q2,10-Q,2012-08-22,,2012-01-29,340297000.0
inventory,InventoryNet,USD,2012.0,Q3,10-Q,2012-11-19,,2012-01-29,340297000.0
inventory,InventoryNet,USD,2012.0,FY,10-K,2013-03-12,,2012-01-29,340297000.0
inventory,InventoryNet,USD,2012.0,Q1,10-Q,2012-05-23,,2012-04-29,342707000.0
inventory,InventoryNet,USD,2012.0,Q2,10-Q,2012-08-22,,2012-07-29,387185000.0
inventory,InventoryNet,USD,2012.0,Q3,10-Q,2012-11-19,,2012-10-28,428983000.0
inventory,InventoryNet,USD,2012.0,FY,10-K,2013-03-12,,2013-01-27,419686000.0
inventory,InventoryNet,USD,2013.0,Q1,10-Q,2013-05-22,,2013-01-27,419686000.0
inventory,InventoryNet,USD,2013.0,Q2,10-Q,2013-08-21,,2013-01-27,412467000.0
inventory,InventoryNet,USD,2013.0,Q3,10-Q,2013-11-19,,2013-01-27,412467000.0
inventory,InventoryNet,USD,2013.0,FY,10-K,2014-03-13,,2013-01-27,412467000.0
inventory,InventoryNet,USD,2013.0,Q1,10-Q,2013-05-22,,2013-04-28,377597000.0
inventory,InventoryNet,USD,2013.0,Q2,10-Q,2013-08-21,,2013-07-28,378280000.0
inventory,InventoryNet,USD,2013.0,Q3,10-Q,2013-11-19,,2013-10-27,380319000.0
inventory,InventoryNet,USD,2013.0,FY,10-K,2014-03-13,,2014-01-26,387765000.0
inventory,InventoryNet,USD,2014.0,Q1,10-Q,2014-05-21,,2014-01-26,387765000.0
inventory,InventoryNet,USD,2015.0,Q2,10-Q,2014-08-20,,2014-01-26,387765000.0
inventory,InventoryNet,USD,2015.0,Q3,10-Q,2014-11-19,,2014-01-26,387765000.0
inventory,InventoryNet,USD,2015.0,FY,10-K,2015-03-12,,2014-01-26,387765000.0
inventory,InventoryNet,USD,2014.0,Q1,10-Q,2014-05-21,,2014-04-27,393280000.0
inventory,InventoryNet,USD,2015.0,Q2,10-Q,2014-08-20,,2014-07-27,387434000.0
inventory,InventoryNet,USD,2015.0,Q3,10-Q,2014-11-19,,2014-10-26,408081000.0
inventory,InventoryNet,USD,2015.0,FY,10-K,2015-03-12,,2015-01-25,482893000.0
inventory,InventoryNet,USD,2016.0,Q1,10-Q,2015-05-20,,2015-01-25,483000000.0
inventory,InventoryNet,USD,2016.0,Q2,10-Q,2015-08-19,,2015-01-25,483000000.0
inventory,InventoryNet,USD,2016.0,Q3,10-Q,2015-11-18,,2015-01-25,483000000.0
inventory,InventoryNet,USD,2016.0,FY,10-K,2016-03-17,,2015-01-25,483000000.0
inventory,InventoryNet,USD,2016.0,Q1,10-Q,2015-05-20,,2015-04-26,438000000.0
inventory,InventoryNet,USD,2016.0,Q2,10-Q,2015-08-19,,2015-07-26,441000000.0
inventory,InventoryNet,USD,2016.0,Q3,10-Q,2015-11-18,,2015-10-25,425000000.0
inventory,InventoryNet,USD,2016.0,FY,10-K,2016-03-17,,2016-01-31,418000000.0
inventory,InventoryNet,USD,2017.0,Q1,10-Q,2016-05-25,,2016-01-31,418000000.0
inventory,InventoryNet,USD,2017.0,Q2,10-Q,2016-08-23,,2016-01-31,418000000.0
inventory,InventoryNet,USD,2017.0,Q3,10-Q,2016-11-22,,2016-01-31,418000000.0
inventory,InventoryNet,USD,2017.0,FY,10-K,2017-03-01,,2016-01-31,418000000.0
inventory,InventoryNet,USD,2017.0,Q1,10-Q,2016-05-25,,2016-05-01,394000000.0
inventory,InventoryNet,USD,2017.0,Q2,10-Q,2016-08-23,,2016-07-31,521000000.0
inventory,InventoryNet,USD,2017.0,Q3,10-Q,2016-11-22,,2016-10-30,679000000.0
inventory,InventoryNet,USD,2017.0,FY,10-K,2017-03-01,,2017-01-29,794000000.0
inventory,InventoryNet,USD,2018.0,Q1,10-Q,2017-05-23,,2017-01-29,794000000.0
inventory,InventoryNet,USD,2018.0,Q2,10-Q,2017-08-23,,2017-01-29,794000000.0
inventory,InventoryNet,USD,2018.0,Q3,10-Q,2017-11-21,,2017-01-29,794000000.0
inventory,InventoryNet,USD,2018.0,FY,10-K,2018-02-28,,2017-01-29,794000000.0
inventory,InventoryNet,USD,2018.0,Q1,10-Q,2017-05-23,,2017-04-30,821000000.0
inventory,InventoryNet,USD,2018.0,Q2,10-Q,2017-08-23,,2017-07-30,855000000.0
inventory,InventoryNet,USD,2018.0,Q3,10-Q,2017-11-21,,2017-10-29,857000000.0
inventory,InventoryNet,USD,2018.0,FY,10-K,2018-02-28,,2018-01-28,796000000.0
inventory,InventoryNet,USD,2019.0,Q1,10-Q,2018-05-22,,2018-01-28,796000000.0
inventory,InventoryNet,USD,2019.0,Q2,10-Q,2018-08-16,,2018-01-28,796000000.0
inventory,InventoryNet,USD,2019.0,Q3,10-Q,2018-11-15,,2018-01-28,796000000.0
inventory,InventoryNet,USD,2019.0,FY,10-K,2019-02-21,,2018-01-28,796000000.0
inventory,InventoryNet,USD,2019.0,Q1,10-Q,2018-05-22,,2018-04-29,797000000.0
inventory,InventoryNet,USD,2019.0,Q2,10-Q,2018-08-16,,2018-07-29,1090000000.0
inventory,InventoryNet,USD,2019.0,Q3,10-Q,2018-11-15,,2018-10-28,1417000000.0
inventory,InventoryNet,USD,2019.0,FY,10-K,2019-02-21,,2019-01-27,1575000000.0
inventory,InventoryNet,USD,2020.0,Q1,10-Q,2019-05-16,,2019-01-27,1575000000.0
inventory,InventoryNet,USD,2020.0,Q2,10-Q,2019-08-15,,2019-01-27,1575000000.0
inventory,InventoryNet,USD,2020.0,Q3,10-Q,2019-11-14,,2019-01-27,1575000000.0
inventory,InventoryNet,USD,2020.0,FY,10-K,2020-02-20,,2019-01-27,1575000000.0
inventory,InventoryNet,USD,2020.0,Q1,10-Q,2019-05-16,,2019-04-28,1426000000.0
inventory,InventoryNet,USD,2020.0,Q2,10-Q,2019-08-15,,2019-07-28,1204000000.0
inventory,InventoryNet,USD,2020.0,Q3,10-Q,2019-11-14,,2019-10-27,1047000000.0
inventory,InventoryNet,USD,2020.0,FY,10-K,2020-02-20,,2020-01-26,979000000.0
inventory,InventoryNet,USD,2020.0,Q1,10-Q,2020-05-21,,2020-01-26,979000000.0
inventory,InventoryNet,USD,2020.0,Q2,10-Q,2020-08-19,,2020-01-26,979000000.0
inventory,InventoryNet,USD,2021.0,Q3,10-Q,2020-11-18,,2020-01-26,979000000.0
inventory,InventoryNet,USD,2021.0,FY,10-K,2021-02-26,,2020-01-26,979000000.0
inventory,InventoryNet,USD,2020.0,Q1,10-Q,2020-05-21,,2020-04-26,1128000000.0
inventory,InventoryNet,USD,2020.0,Q2,10-Q,2020-08-19,,2020-07-26,1401000000.0
inventory,InventoryNet,USD,2021.0,Q3,10-Q,2020-11-18,,2020-10-25,1495000000.0
inventory,InventoryNet,USD,2021.0,FY,10-K,2021-02-26,,2021-01-31,1826000000.0
inventory,InventoryNet,USD,2022.0,Q1,10-Q,2021-05-26,,2021-01-31,1826000000.0
inventory,InventoryNet,USD,2022.0,Q2,10-Q,2021-08-20,,2021-01-31,1826000000.0
inventory,InventoryNet,USD,2022.0,Q3,10-Q,2021-11-22,,2021-01-31,1826000000.0
inventory,InventoryNet,USD,2022.0,FY,10-K,2022-03-18,,2021-01-31,1826000000.0
inventory,InventoryNet,USD,2022.0,Q1,10-Q,2021-05-26,,2021-05-02,1992000000.0
inventory,InventoryNet,USD,2022.0,Q2,10-Q,2021-08-20,,2021-08-01,2114000000.0
inventory,InventoryNet,USD,2022.0,Q3,10-Q,2021-11-22,,2021-10-31,2233000000.0
inventory,InventoryNet,USD,2022.0,FY,10-K,2022-03-18,,2022-01-30,2605000000.0
inventory,InventoryNet,USD,2023.0,Q1,10-Q,2022-05-27,,2022-01-30,2605000000.0
inventory,InventoryNet,USD,2023.0,Q2,10-Q,2022-08-31,,2022-01-30,2605000000.0
inventory,InventoryNet,USD,2023.0,Q3,10-Q,2022-11-18,,2022-01-30,2605000000.0
inventory,InventoryNet,USD,2023.0,FY,10-K,2023-02-24,,2022-01-30,2605000000.0
inventory,InventoryNet,USD,2023.0,Q1,10-Q,2022-05-27,,2022-05-01,3163000000.0
inventory,InventoryNet,USD,2023.0,Q2,10-Q,2022-08-31,,2022-07-31,3889000000.0
inventory,InventoryNet,USD,2023.0,Q3,10-Q,2022-11-18,,2022-10-30,4454000000.0
inventory,InventoryNet,USD,2023.0,FY,10-K,2023-02-24,,2023-01-29,5159000000.0
inventory,InventoryNet,USD,2024.0,Q1,10-Q,2023-05-26,,2023-01-29,5159000000.0
inventory,InventoryNet,USD,2024.0,Q2,10-Q,2023-08-28,,2023-01-29,5159000000.0
inventory,InventoryNet,USD,2024.0,Q3,10-Q,2023-11-21,,2023-01-29,5159000000.0
inventory,InventoryNet,USD,2024.0,FY,10-K,2024-02-21,,2023-01-29,5159000000.0
inventory,InventoryNet,USD,2024.0,Q1,10-Q,2023-05-26,,2023-04-30,4611000000.0
inventory,InventoryNet,USD,2024.0,Q2,10-Q,2023-08-28,,2023-07-30,4319000000.0
inventory,InventoryNet,USD,2024.0,Q3,10-Q,2023-11-21,,2023-10-29,4779000000.0
inventory,InventoryNet,USD,2024.0,FY,10-K,2024-02-21,,2024-01-28,5282000000.0
inventory,InventoryNet,USD,2025.0,Q1,10-Q,2024-05-29,,2024-01-28,5282000000.0
inventory,InventoryNet,USD,2025.0,Q2,10-Q,2024-08-28,,2024-01-28,5282000000.0
inventory,InventoryNet,USD,2025.0,Q3,10-Q,2024-11-20,,2024-01-28,5282000000.0
inventory,InventoryNet,USD,2025.0,FY,10-K,2025-02-26,,2024-01-28,5282000000.0
inventory,InventoryNet,USD,2025.0,Q1,10-Q,2024-05-29,,2024-04-28,5864000000.0
inventory,InventoryNet,USD,2025.0,Q2,10-Q,2024-08-28,,2024-07-28,6675000000.0
inventory,InventoryNet,USD,2025.0,Q3,10-Q,2024-11-20,,2024-10-27,7654000000.0
inventory,InventoryNet,USD,2025.0,FY,10-K,2025-02-26,,2025-01-26,10080000000.0
inventory,InventoryNet,USD,2026.0,Q1,10-Q,2025-05-28,,2025-01-26,10080000000.0
inventory,InventoryNet,USD,2026.0,Q2,10-Q,2025-08-27,,2025-01-26,10080000000.0
inventory,InventoryNet,USD,2026.0,Q3,10-Q,2025-11-19,,2025-01-26,10080000000.0
inventory,InventoryNet,USD,2026.0,FY,10-K,2026-02-25,,2025-01-26,10080000000.0
inventory,InventoryNet,USD,2026.0,Q1,10-Q,2025-05-28,,2025-04-27,11333000000.0
inventory,InventoryNet,USD,2026.0,Q2,10-Q,2025-08-27,,2025-07-27,14962000000.0
inventory,InventoryNet,USD,2026.0,Q3,10-Q,2025-11-19,,2025-10-26,19784000000.0
inventory,InventoryNet,USD,2026.0,FY,10-K,2026-02-25,,2026-01-25,21403000000.0
liabilities,Liabilities,USD,2016.0,FY,10-K,2016-03-17,,2015-01-25,2783000000.0
liabilities,Liabilities,USD,2016.0,FY,10-K,2016-03-17,,2016-01-31,2814000000.0
liabilities,Liabilities,USD,2017.0,Q1,10-Q,2016-05-25,,2016-01-31,2814000000.0
liabilities,Liabilities,USD,2017.0,Q2,10-Q,2016-08-23,,2016-01-31,2814000000.0
liabilities,Liabilities,USD,2017.0,Q3,10-Q,2016-11-22,,2016-01-31,2814000000.0
liabilities,Liabilities,USD,2017.0,FY,10-K,2017-03-01,,2016-01-31,2814000000.0
liabilities,Liabilities,USD,2017.0,Q1,10-Q,2016-05-25,,2016-05-01,2833000000.0
liabilities,Liabilities,USD,2017.0,Q2,10-Q,2016-08-23,,2016-07-31,2909000000.0
liabilities,Liabilities,USD,2017.0,Q3,10-Q,2016-11-22,,2016-10-30,4243000000.0
liabilities,Liabilities,USD,2017.0,FY,10-K,2017-03-01,,2017-01-29,4048000000.0
liabilities,Liabilities,USD,2018.0,Q1,10-Q,2017-05-23,,2017-01-29,4048000000.0
liabilities,Liabilities,USD,2018.0,Q2,10-Q,2017-08-23,,2017-01-29,4048000000.0
liabilities,Liabilities,USD,2018.0,Q3,10-Q,2017-11-21,,2017-01-29,4048000000.0
liabilities,Liabilities,USD,2018.0,FY,10-K,2018-02-28,,2017-01-29,4048000000.0
liabilities,Liabilities,USD,2018.0,Q1,10-Q,2017-05-23,,2017-04-30,3271000000.0
liabilities,Liabilities,USD,2018.0,Q2,10-Q,2017-08-23,,2017-07-30,3427000000.0
liabilities,Liabilities,USD,2018.0,Q3,10-Q,2017-11-21,,2017-10-29,3477000000.0
liabilities,Liabilities,USD,2018.0,FY,10-K,2018-02-28,,2018-01-28,3770000000.0
liabilities,Liabilities,USD,2019.0,Q1,10-Q,2018-05-22,,2018-01-28,3770000000.0
liabilities,Liabilities,USD,2019.0,Q2,10-Q,2018-08-16,,2018-01-28,3770000000.0
liabilities,Liabilities,USD,2019.0,Q3,10-Q,2018-11-15,,2018-01-28,3770000000.0
liabilities,Liabilities,USD,2019.0,FY,10-K,2019-02-21,,2018-01-28,3770000000.0
liabilities,Liabilities,USD,2019.0,Q1,10-Q,2018-05-22,,2018-04-29,3743000000.0
liabilities,Liabilities,USD,2019.0,Q2,10-Q,2018-08-16,,2018-07-29,4087000000.0
liabilities,Liabilities,USD,2019.0,Q3,10-Q,2018-11-15,,2018-10-28,4182000000.0
liabilities,Liabilities,USD,2019.0,FY,10-K,2019-02-21,,2019-01-27,3950000000.0
liabilities,Liabilities,USD,2020.0,Q1,10-Q,2019-05-16,,2019-01-27,3950000000.0
liabilities,Liabilities,USD,2020.0,Q2,10-Q,2019-08-15,,2019-01-27,3950000000.0
liabilities,Liabilities,USD,2020.0,Q3,10-Q,2019-11-14,,2019-01-27,3950000000.0
liabilities,Liabilities,USD,2020.0,FY,10-K,2020-02-20,,2019-01-27,3950000000.0
liabilities,Liabilities,USD,2020.0,Q1,10-Q,2019-05-16,,2019-04-28,4317000000.0
liabilities,Liabilities,USD,2020.0,Q2,10-Q,2019-08-15,,2019-07-28,4439000000.0
liabilities,Liabilities,USD,2020.0,Q3,10-Q,2019-11-14,,2019-10-27,4596000000.0
liabilities,Liabilities,USD,2020.0,FY,10-K,2020-02-20,,2020-01-26,5111000000.0
liabilities,Liabilities,USD,2020.0,Q1,10-Q,2020-05-21,,2020-01-26,5111000000.0
liabilities,Liabilities,USD,2020.0,Q2,10-Q,2020-08-19,,2020-01-26,5111000000.0
liabilities,Liabilities,USD,2021.0,Q3,10-Q,2020-11-18,,2020-01-26,5111000000.0
liabilities,Liabilities,USD,2021.0,FY,10-K,2021-02-26,,2020-01-26,5111000000.0
liabilities,Liabilities,USD,2020.0,Q1,10-Q,2020-05-21,,2020-04-26,10155000000.0
liabilities,Liabilities,USD,2020.0,Q2,10-Q,2020-08-19,,2020-07-26,11266000000.0
liabilities,Liabilities,USD,2021.0,Q3,10-Q,2020-11-18,,2020-10-25,11547000000.0
liabilities,Liabilities,USD,2021.0,FY,10-K,2021-02-26,,2021-01-31,11898000000.0
liabilities,Liabilities,USD,2022.0,Q1,10-Q,2021-05-26,,2021-01-31,11898000000.0
liabilities,Liabilities,USD,2022.0,Q2,10-Q,2021-08-20,,2021-01-31,11898000000.0
liabilities,Liabilities,USD,2022.0,Q3,10-Q,2021-11-22,,2021-01-31,11898000000.0
liabilities,Liabilities,USD,2022.0,FY,10-K,2022-03-18,,2021-01-31,11898000000.0
liabilities,Liabilities,USD,2022.0,Q1,10-Q,2021-05-26,,2021-05-02,12022000000.0
liabilities,Liabilities,USD,2022.0,Q2,10-Q,2021-08-20,,2021-08-01,17503000000.0
liabilities,Liabilities,USD,2022.0,Q3,10-Q,2021-11-22,,2021-10-31,16834000000.0
liabilities,Liabilities,USD,2022.0,FY,10-K,2022-03-18,,2022-01-30,17575000000.0
liabilities,Liabilities,USD,2023.0,Q1,10-Q,2022-05-27,,2022-01-30,17575000000.0
liabilities,Liabilities,USD,2023.0,Q2,10-Q,2022-08-31,,2022-01-30,17575000000.0
liabilities,Liabilities,USD,2023.0,Q3,10-Q,2022-11-18,,2022-01-30,17575000000.0
liabilities,Liabilities,USD,2023.0,FY,10-K,2023-02-24,,2022-01-30,17575000000.0
liabilities,Liabilities,USD,2023.0,Q1,10-Q,2022-05-27,,2022-05-01,18892000000.0
liabilities,Liabilities,USD,2023.0,Q2,10-Q,2022-08-31,,2022-07-31,19625000000.0
liabilities,Liabilities,USD,2023.0,Q3,10-Q,2022-11-18,,2022-10-30,19139000000.0
liabilities,Liabilities,USD,2023.0,FY,10-K,2023-02-24,,2023-01-29,19081000000.0
liabilities,Liabilities,USD,2024.0,Q1,10-Q,2023-05-26,,2023-01-29,19081000000.0
liabilities,Liabilities,USD,2024.0,Q2,10-Q,2023-08-28,,2023-01-29,19081000000.0
liabilities,Liabilities,USD,2024.0,Q3,10-Q,2023-11-21,,2023-01-29,19081000000.0
liabilities,Liabilities,USD,2024.0,FY,10-K,2024-02-21,,2023-01-29,19081000000.0
liabilities,Liabilities,USD,2024.0,Q1,10-Q,2023-05-26,,2023-04-30,19940000000.0
liabilities,Liabilities,USD,2024.0,Q2,10-Q,2023-08-28,,2023-07-30,22054000000.0
liabilities,Liabilities,USD,2024.0,Q3,10-Q,2023-11-21,,2023-10-29,20883000000.0
liabilities,Liabilities,USD,2024.0,FY,10-K,2024-02-21,,2024-01-28,22750000000.0
liabilities,Liabilities,USD,2025.0,Q1,10-Q,2024-05-29,,2024-01-28,22750000000.0
liabilities,Liabilities,USD,2025.0,Q2,10-Q,2024-08-28,,2024-01-28,22750000000.0
liabilities,Liabilities,USD,2025.0,Q3,10-Q,2024-11-20,,2024-01-28,22750000000.0
liabilities,Liabilities,USD,2025.0,FY,10-K,2025-02-26,,2024-01-28,22750000000.0
liabilities,Liabilities,USD,2025.0,Q1,10-Q,2024-05-29,,2024-04-28,27930000000.0
liabilities,Liabilities,USD,2025.0,Q2,10-Q,2024-08-28,,2024-07-28,27070000000.0
liabilities,Liabilities,USD,2025.0,Q3,10-Q,2024-11-20,,2024-10-27,30114000000.0
liabilities,Liabilities,USD,2025.0,FY,10-K,2025-02-26,,2025-01-26,32274000000.0
liabilities,Liabilities,USD,2026.0,Q1,10-Q,2025-05-28,,2025-01-26,32274000000.0
liabilities,Liabilities,USD,2026.0,Q2,10-Q,2025-08-27,,2025-01-26,32274000000.0
liabilities,Liabilities,USD,2026.0,Q3,10-Q,2025-11-19,,2025-01-26,32274000000.0
liabilities,Liabilities,USD,2026.0,FY,10-K,2026-02-25,,2025-01-26,32274000000.0
liabilities,Liabilities,USD,2026.0,Q1,10-Q,2025-05-28,,2025-04-27,41411000000.0
liabilities,Liabilities,USD,2026.0,Q2,10-Q,2025-08-27,,2025-07-27,40609000000.0
liabilities,Liabilities,USD,2026.0,Q3,10-Q,2025-11-19,,2025-10-26,42251000000.0
liabilities,Liabilities,USD,2026.0,FY,10-K,2026-02-25,,2026-01-25,49510000000.0
net_income,NetIncomeLoss,USD,2010.0,FY,10-K,2010-03-18,2007-01-29,2008-01-27,797645000.0
net_income,NetIncomeLoss,USD,2009.0,Q2,10-Q,2009-08-20,2008-01-25,2008-07-27,55876000.0
net_income,NetIncomeLoss,USD,2009.0,Q2,10-Q,2009-08-20,2008-04-27,2008-07-27,-120929000.0
net_income,NetIncomeLoss,USD,2009.0,Q3,10-Q,2009-11-19,2008-01-28,2008-10-26,117624000.0
net_income,NetIncomeLoss,USD,2009.0,Q3,10-Q,2009-11-19,2008-07-28,2008-10-26,61748000.0
net_income,NetIncomeLoss,USD,2010.0,FY,10-K,2010-03-18,2008-01-28,2009-01-25,-30041000.0
net_income,NetIncomeLoss,USD,2010.0,FY,10-K,2011-03-16,2008-01-28,2009-01-25,-30041000.0
net_income,NetIncomeLoss,USD,2010.0,Q2,10-Q,2010-05-21,2009-01-26,2009-04-26,-201338000.0
net_income,NetIncomeLoss,USD,2010.0,FY,10-K,2011-03-16,2009-01-26,2009-04-26,-201338000.0
net_income,NetIncomeLoss,USD,2009.0,Q2,10-Q,2009-08-20,2009-01-25,2009-07-26,-306640000.0
net_income,NetIncomeLoss,USD,2009.0,Q2,10-Q,2009-08-20,2009-04-27,2009-07-26,-105302000.0
net_income,NetIncomeLoss,USD,2010.0,Q3,10-Q,2010-08-30,2009-01-26,2009-07-26,-306640000.0
net_income,NetIncomeLoss,USD,2010.0,Q3,10-Q,2010-08-30,2009-04-27,2009-07-26,-105302000.0
net_income,NetIncomeLoss,USD,2010.0,FY,10-K,2011-03-16,2009-04-27,2009-07-26,-105302000.0
net_income,NetIncomeLoss,USD,2009.0,Q3,10-Q,2009-11-19,2009-01-26,2009-10-25,-199063000.0
net_income,NetIncomeLoss,USD,2009.0,Q3,10-Q,2009-11-19,2009-07-27,2009-10-25,107577000.0
net_income,NetIncomeLoss,USD,2010.0,Q3,10-Q,2010-12-07,2009-01-26,2009-10-25,-199063000.0
net_income,NetIncomeLoss,USD,2010.0,Q3,10-Q,2010-12-07,2009-07-27,2009-10-25,107577000.0
net_income,NetIncomeLoss,USD,2010.0,FY,10-K,2011-03-16,2009-07-27,2009-10-25,107577000.0
net_income,NetIncomeLoss,USD,2010.0,FY,10-K,2010-03-18,2009-01-26,2010-01-31,-67987000.0
net_income,NetIncomeLoss,USD,2010.0,FY,10-K,2011-03-16,2009-01-26,2010-01-31,-67987000.0
net_income,NetIncomeLoss,USD,2010.0,FY,10-K,2011-03-16,2009-10-26,2010-01-31,131076000.0
net_income,NetIncomeLoss,USD,2011.0,FY,10-K,2012-03-13,2009-01-26,2010-01-31,-67987000.0
net_income,NetIncomeLoss,USD,2010.0,Q2,10-Q,2010-05-21,2010-02-01,2010-05-02,137594000.0
net_income,NetIncomeLoss,USD,2010.0,FY,10-K,2011-03-16,2010-02-01,2010-05-02,137594000.0
net_income,NetIncomeLoss,USD,2011.0,Q1,10-Q,2011-05-27,2010-02-01,2010-05-02,137594000.0
net_income,NetIncomeLoss,USD,2011.0,FY,10-K,2012-03-13,2010-02-01,2010-05-02,137594000.0
net_income,NetIncomeLoss,USD,2011.0,FY,10-K,2012-03-13,2010-05-03,2010-07-31,-140961000.0
net_income,NetIncomeLoss,USD,2010.0,Q3,10-Q,2010-08-30,2010-02-01,2010-08-01,-3367000.0
net_income,NetIncomeLoss,USD,2010.0,Q3,10-Q,2010-08-30,2010-05-03,2010-08-01,-140961000.0
net_income,NetIncomeLoss,USD,2010.0,FY,10-K,2011-03-16,2010-05-03,2010-08-01,-140961000.0
net_income,NetIncomeLoss,USD,2011.0,Q2,10-Q,2011-08-25,2010-02-01,2010-08-01,-3367000.0
net_income,NetIncomeLoss,USD,2011.0,Q2,10-Q,2011-08-25,2010-05-03,2010-08-01,-140961000.0
net_income,NetIncomeLoss,USD,2010.0,Q3,10-Q,2010-12-07,2010-02-01,2010-10-31,81495000.0
net_income,NetIncomeLoss,USD,2010.0,Q3,10-Q,2010-12-07,2010-08-02,2010-10-31,84862000.0
net_income,NetIncomeLoss,USD,2010.0,FY,10-K,2011-03-16,2010-08-02,2010-10-31,84862000.0
net_income,NetIncomeLoss,USD,2011.0,Q3,10-Q,2011-11-22,2010-02-01,2010-10-31,81495000.0
net_income,NetIncomeLoss,USD,2011.0,Q3,10-Q,2011-11-22,2010-08-02,2010-10-31,84862000.0
net_income,NetIncomeLoss,USD,2011.0,FY,10-K,2012-03-13,2010-08-02,2010-10-31,84862000.0
net_income,NetIncomeLoss,USD,2010.0,FY,10-K,2011-03-16,2010-02-01,2011-01-30,253146000.0
net_income,NetIncomeLoss,USD,2010.0,FY,10-K,2011-03-16,2010-11-01,2011-01-30,171651000.0
net_income,NetIncomeLoss,USD,2011.0,FY,10-K,2012-03-13,2010-02-01,2011-01-30,253146000.0
net_income,NetIncomeLoss,USD,2011.0,FY,10-K,2012-03-13,2010-11-01,2011-01-30,171651000.0
net_income,NetIncomeLoss,USD,2012.0,FY,10-K,2013-03-12,2010-02-01,2011-01-30,253146000.0
net_income,NetIncomeLoss,USD,2011.0,Q1,10-Q,2011-05-27,2011-01-31,2011-05-01,135219000.0
net_income,NetIncomeLoss,USD,2011.0,FY,10-K,2012-03-13,2011-01-31,2011-05-01,135219000.0
net_income,NetIncomeLoss,USD,2012.0,Q1,10-Q,2012-05-23,2011-01-31,2011-05-01,135219000.0
net_income,NetIncomeLoss,USD,2012.0,FY,10-K,2013-03-12,2011-01-31,2011-05-01,135219000.0
net_income,NetIncomeLoss,USD,2011.0,Q2,10-Q,2011-08-25,2011-01-31,2011-07-31,286792000.0
net_income,NetIncomeLoss,USD,2011.0,Q2,10-Q,2011-08-25,2011-05-02,2011-07-31,151573000.0
net_income,NetIncomeLoss,USD,2011.0,FY,10-K,2012-03-13,2011-05-02,2011-07-31,151573000.0
net_income,NetIncomeLoss,USD,2012.0,Q2,10-Q,2012-08-22,2011-01-31,2011-07-31,286792000.0
net_income,NetIncomeLoss,USD,2012.0,Q2,10-Q,2012-08-22,2011-05-02,2011-07-31,151573000.0
net_income,NetIncomeLoss,USD,2012.0,FY,10-K,2013-03-12,2011-05-02,2011-07-31,151573000.0
net_income,NetIncomeLoss,USD,2011.0,Q3,10-Q,2011-11-22,2011-01-31,2011-10-30,465065000.0
net_income,NetIncomeLoss,USD,2011.0,Q3,10-Q,2011-11-22,2011-08-01,2011-10-30,178273000.0
net_income,NetIncomeLoss,USD,2011.0,FY,10-K,2012-03-13,2011-08-01,2011-10-30,178273000.0
net_income,NetIncomeLoss,USD,2012.0,Q3,10-Q,2012-11-19,2011-01-31,2011-10-30,465065000.0
net_income,NetIncomeLoss,USD,2012.0,Q3,10-Q,2012-11-19,2011-08-01,2011-10-30,178273000.0
net_income,NetIncomeLoss,USD,2012.0,FY,10-K,2013-03-12,2011-08-01,2011-10-30,178273000.0
net_income,NetIncomeLoss,USD,2011.0,FY,10-K,2012-03-13,2011-01-31,2012-01-29,581090000.0
net_income,NetIncomeLoss,USD,2011.0,FY,10-K,2012-03-13,2011-10-31,2012-01-29,116025000.0
net_income,NetIncomeLoss,USD,2012.0,FY,10-K,2013-03-12,2011-01-31,2012-01-29,581090000.0
net_income,NetIncomeLoss,USD,2012.0,FY,10-K,2013-03-12,2011-10-31,2012-01-29,116025000.0
net_income,NetIncomeLoss,USD,2013.0,FY,10-K,2014-03-13,2011-01-31,2012-01-29,581090000.0
net_income,NetIncomeLoss,USD,2012.0,Q1,10-Q,2012-05-23,2012-01-30,2012-04-29,60437000.0
net_income,NetIncomeLoss,USD,2012.0,FY,10-K,2013-03-12,2012-01-30,2012-04-29,60437000.0
net_income,NetIncomeLoss,USD,2013.0,Q1,10-Q,2013-05-22,2012-01-30,2012-04-29,60437000.0
net_income,NetIncomeLoss,USD,2013.0,FY,10-K,2014-03-13,2012-01-30,2012-04-29,60437000.0
net_income,NetIncomeLoss,USD,2012.0,Q2,10-Q,2012-08-22,2012-01-30,2012-07-29,179483000.0
net_income,NetIncomeLoss,USD,2012.0,Q2,10-Q,2012-08-22,2012-04-30,2012-07-29,119046000.0
net_income,NetIncomeLoss,USD,2012.0,FY,10-K,2013-03-12,2012-04-30,2012-07-29,119046000.0
net_income,NetIncomeLoss,USD,2013.0,Q2,10-Q,2013-08-21,2012-01-30,2012-07-29,179483000.0
net_income,NetIncomeLoss,USD,2013.0,Q2,10-Q,2013-08-21,2012-04-30,2012-07-29,119046000.0
net_income,NetIncomeLoss,USD,2013.0,FY,10-K,2014-03-13,2012-04-30,2012-07-29,119046000.0
net_income,NetIncomeLoss,USD,2012.0,Q3,10-Q,2012-11-19,2012-01-30,2012-10-28,388563000.0
net_income,NetIncomeLoss,USD,2012.0,Q3,10-Q,2012-11-19,2012-07-30,2012-10-28,209080000.0
net_income,NetIncomeLoss,USD,2012.0,FY,10-K,2013-03-12,2012-07-30,2012-10-28,209080000.0
net_income,NetIncomeLoss,USD,2013.0,Q3,10-Q,2013-11-19,2012-01-30,2012-10-28,388563000.0
net_income,NetIncomeLoss,USD,2013.0,Q3,10-Q,2013-11-19,2012-07-30,2012-10-28,209080000.0
net_income,NetIncomeLoss,USD,2013.0,FY,10-K,2014-03-13,2012-07-30,2012-10-28,209080000.0
net_income,NetIncomeLoss,USD,2012.0,FY,10-K,2013-03-12,2012-01-30,2013-01-27,562536000.0
net_income,NetIncomeLoss,USD,2012.0,FY,10-K,2013-03-12,2012-10-29,2013-01-27,173973000.0
net_income,NetIncomeLoss,USD,2013.0,FY,10-K,2014-03-13,2012-01-30,2013-01-27,562536000.0
net_income,NetIncomeLoss,USD,2013.0,FY,10-K,2014-03-13,2012-10-29,2013-01-27,173973000.0
net_income,NetIncomeLoss,USD,2015.0,FY,10-K,2015-03-12,2012-01-30,2013-01-27,562536000.0
net_income,NetIncomeLoss,USD,2013.0,Q1,10-Q,2013-05-22,2013-01-28,2013-04-28,77891000.0
net_income,NetIncomeLoss,USD,2013.0,FY,10-K,2014-03-13,2013-01-28,2013-04-28,77891000.0
net_income,NetIncomeLoss,USD,2014.0,Q1,10-Q,2014-05-21,2013-01-28,2013-04-28,77891000.0
net_income,NetIncomeLoss,USD,2015.0,FY,10-K,2015-03-12,2013-01-28,2013-04-28,77891000.0
net_income,NetIncomeLoss,USD,2013.0,Q2,10-Q,2013-08-21,2013-01-28,2013-07-28,174339000.0
net_income,NetIncomeLoss,USD,2013.0,Q2,10-Q,2013-08-21,2013-04-29,2013-07-28,96448000.0
net_income,NetIncomeLoss,USD,2013.0,FY,10-K,2014-03-13,2013-04-29,2013-07-28,96448000.0
net_income,NetIncomeLoss,USD,2015.0,Q2,10-Q,2014-08-20,2013-01-28,2013-07-28,174339000.0
net_income,NetIncomeLoss,USD,2015.0,Q2,10-Q,2014-08-20,2013-04-29,2013-07-28,96448000.0
net_income,NetIncomeLoss,USD,2015.0,FY,10-K,2015-03-12,2013-04-29,2013-07-28,96448000.0
net_income,NetIncomeLoss,USD,2013.0,Q3,10-Q,2013-11-19,2013-01-28,2013-10-27,293073000.0
net_income,NetIncomeLoss,USD,2013.0,Q3,10-Q,2013-11-19,2013-07-29,2013-10-27,118734000.0
net_income,NetIncomeLoss,USD,2013.0,FY,10-K,2014-03-13,2013-07-29,2013-10-27,118734000.0
net_income,NetIncomeLoss,USD,2015.0,Q3,10-Q,2014-11-19,2013-01-28,2013-10-27,293073000.0
net_income,NetIncomeLoss,USD,2015.0,Q3,10-Q,2014-11-19,2013-07-29,2013-10-27,118734000.0
net_income,NetIncomeLoss,USD,2015.0,FY,10-K,2015-03-12,2013-07-29,2013-10-27,118734000.0
net_income,NetIncomeLoss,USD,2013.0,FY,10-K,2014-03-13,2013-01-28,2014-01-26,439990000.0
net_income,NetIncomeLoss,USD,2013.0,FY,10-K,2014-03-13,2013-10-28,2014-01-26,146917000.0
net_income,NetIncomeLoss,USD,2015.0,FY,10-K,2015-03-12,2013-01-28,2014-01-26,439990000.0
net_income,NetIncomeLoss,USD,2015.0,FY,10-K,2015-03-12,2013-10-28,2014-01-26,146917000.0
net_income,NetIncomeLoss,USD,2016.0,FY,10-K,2016-03-17,2013-01-28,2014-01-26,440000000.0
net_income,NetIncomeLoss,USD,2014.0,Q1,10-Q,2014-05-21,2014-01-27,2014-04-27,136516000.0
net_income,NetIncomeLoss,USD,2015.0,FY,10-K,2015-03-12,2014-01-27,2014-04-27,136516000.0
net_income,NetIncomeLoss,USD,2016.0,Q1,10-Q,2015-05-20,2014-01-27,2014-04-27,137000000.0
net_income,NetIncomeLoss,USD,2016.0,FY,10-K,2016-03-17,2014-01-27,2014-04-27,137000000.0
net_income,NetIncomeLoss,USD,2015.0,Q2,10-Q,2014-08-20,2014-01-27,2014-07-27,264492000.0
net_income,NetIncomeLoss,USD,2015.0,Q2,10-Q,2014-08-20,2014-04-28,2014-07-27,127976000.0
net_income,NetIncomeLoss,USD,2015.0,FY,10-K,2015-03-12,2014-04-28,2014-07-27,127976000.0
net_income,NetIncomeLoss,USD,2016.0,Q2,10-Q,2015-08-19,2014-01-27,2014-07-27,265000000.0
net_income,NetIncomeLoss,USD,2016.0,Q2,10-Q,2015-08-19,2014-04-28,2014-07-27,128000000.0
net_income,NetIncomeLoss,USD,2016.0,FY,10-K,2016-03-17,2014-04-28,2014-07-27,128000000.0
net_income,NetIncomeLoss,USD,2015.0,Q3,10-Q,2014-11-19,2014-01-27,2014-10-26,437459000.0
net_income,NetIncomeLoss,USD,2015.0,Q3,10-Q,2014-11-19,2014-07-28,2014-10-26,172967000.0
net_income,NetIncomeLoss,USD,2015.0,FY,10-K,2015-03-12,2014-07-28,2014-10-26,172967000.0
net_income,NetIncomeLoss,USD,2016.0,Q3,10-Q,2015-11-18,2014-01-27,2014-10-26,437000000.0
net_income,NetIncomeLoss,USD,2016.0,Q3,10-Q,2015-11-18,2014-07-28,2014-10-26,173000000.0
net_income,NetIncomeLoss,USD,2016.0,FY,10-K,2016-03-17,2014-07-28,2014-10-26,173000000.0
net_income,NetIncomeLoss,USD,2015.0,FY,10-K,2015-03-12,2014-01-27,2015-01-25,630587000.0
net_income,NetIncomeLoss,USD,2015.0,FY,10-K,2015-03-12,2014-10-27,2015-01-25,193128000.0
net_income,NetIncomeLoss,USD,2016.0,FY,10-K,2016-03-17,2014-01-27,2015-01-25,631000000.0
net_income,NetIncomeLoss,USD,2016.0,FY,10-K,2016-03-17,2014-10-27,2015-01-25,193000000.0
net_income,NetIncomeLoss,USD,2017.0,FY,10-K,2017-03-01,2014-01-27,2015-01-25,631000000.0
net_income,NetIncomeLoss,USD,2016.0,Q1,10-Q,2015-05-20,2015-01-26,2015-04-26,134000000.0
net_income,NetIncomeLoss,USD,2016.0,FY,10-K,2016-03-17,2015-01-26,2015-04-26,134000000.0
net_income,NetIncomeLoss,USD,2017.0,Q1,10-Q,2016-05-25,2015-01-26,2015-04-26,134000000.0
net_income,NetIncomeLoss,USD,2017.0,FY,10-K,2017-03-01,2015-01-26,2015-04-26,134000000.0
net_income,NetIncomeLoss,USD,2016.0,Q2,10-Q,2015-08-19,2015-01-26,2015-07-26,160000000.0
net_income,NetIncomeLoss,USD,2016.0,Q2,10-Q,2015-08-19,2015-04-27,2015-07-26,26000000.0
net_income,NetIncomeLoss,USD,2016.0,FY,10-K,2016-03-17,2015-04-27,2015-07-26,26000000.0
net_income,NetIncomeLoss,USD,2017.0,Q2,10-Q,2016-08-23,2015-01-26,2015-07-26,160000000.0
net_income,NetIncomeLoss,USD,2017.0,Q2,10-Q,2016-08-23,2015-04-27,2015-07-26,26000000.0
net_income,NetIncomeLoss,USD,2017.0,FY,10-K,2017-03-01,2015-04-27,2015-07-26,26000000.0
net_income,NetIncomeLoss,USD,2016.0,Q3,10-Q,2015-11-18,2015-01-26,2015-10-25,406000000.0
net_income,NetIncomeLoss,USD,2016.0,Q3,10-Q,2015-11-18,2015-07-27,2015-10-25,246000000.0
net_income,NetIncomeLoss,USD,2016.0,FY,10-K,2016-03-17,2015-07-27,2015-10-25,247000000.0
net_income,NetIncomeLoss,USD,2017.0,Q3,10-Q,2016-11-22,2015-01-26,2015-10-25,406000000.0
net_income,NetIncomeLoss,USD,2017.0,Q3,10-Q,2016-11-22,2015-07-27,2015-10-25,246000000.0
net_income,NetIncomeLoss,USD,2017.0,FY,10-K,2017-03-01,2015-07-27,2015-10-25,247000000.0
net_income,NetIncomeLoss,USD,2016.0,FY,10-K,2016-03-17,2015-01-26,2016-01-31,614000000.0
net_income,NetIncomeLoss,USD,2016.0,FY,10-K,2016-03-17,2015-10-26,2016-01-31,207000000.0
net_income,NetIncomeLoss,USD,2017.0,FY,10-K,2017-03-01,2015-01-26,2016-01-31,614000000.0
net_income,NetIncomeLoss,USD,2017.0,FY,10-K,2017-03-01,2015-10-26,2016-01-31,207000000.0
net_income,NetIncomeLoss,USD,2018.0,FY,10-K,2018-02-28,2015-01-26,2016-01-31,614000000.0
net_income,NetIncomeLoss,USD,2017.0,Q1,10-Q,2016-05-25,2016-02-01,2016-05-01,196000000.0
net_income,NetIncomeLoss,USD,2017.0,Q3,10-Q,2016-11-22,2016-02-01,2016-05-01,208000000.0
net_income,NetIncomeLoss,USD,2017.0,FY,10-K,2017-03-01,2016-02-01,2016-05-01,208000000.0
net_income,NetIncomeLoss,USD,2018.0,Q1,10-Q,2017-05-23,2016-02-01,2016-05-01,208000000.0
net_income,NetIncomeLoss,USD,2018.0,FY,10-K,2018-02-28,2016-02-01,2016-05-01,208000000.0
net_income,NetIncomeLoss,USD,2017.0,Q2,10-Q,2016-08-23,2016-02-01,2016-07-31,449000000.0
net_income,NetIncomeLoss,USD,2017.0,Q2,10-Q,2016-08-23,2016-05-02,2016-07-31,253000000.0
net_income,NetIncomeLoss,USD,2017.0,Q3,10-Q,2016-11-22,2016-02-01,2016-07-31,469000000.0
net_income,NetIncomeLoss,USD,2017.0,Q3,10-Q,2016-11-22,2016-05-02,2016-07-31,261000000.0
net_income,NetIncomeLoss,USD,2017.0,FY,10-K,2017-03-01,2016-02-01,2016-07-31,469000000.0
net_income,NetIncomeLoss,USD,2017.0,FY,10-K,2017-03-01,2016-05-02,2016-07-31,261000000.0
net_income,NetIncomeLoss,USD,2018.0,Q2,10-Q,2017-08-23,2016-02-01,2016-07-31,469000000.0
net_income,NetIncomeLoss,USD,2018.0,Q2,10-Q,2017-08-23,2016-05-02,2016-07-31,261000000.0
net_income,NetIncomeLoss,USD,2018.0,FY,10-K,2018-02-28,2016-05-02,2016-07-31,261000000.0
net_income,NetIncomeLoss,USD,2017.0,Q3,10-Q,2016-11-22,2016-02-01,2016-10-30,1012000000.0
net_income,NetIncomeLoss,USD,2017.0,Q3,10-Q,2016-11-22,2016-08-01,2016-10-30,542000000.0
net_income,NetIncomeLoss,USD,2017.0,FY,10-K,2017-03-01,2016-08-01,2016-10-30,542000000.0
net_income,NetIncomeLoss,USD,2018.0,Q3,10-Q,2017-11-21,2016-02-01,2016-10-30,1012000000.0
net_income,NetIncomeLoss,USD,2018.0,Q3,10-Q,2017-11-21,2016-08-01,2016-10-30,542000000.0
net_income,NetIncomeLoss,USD,2018.0,FY,10-K,2018-02-28,2016-08-01,2016-10-30,542000000.0
net_income,NetIncomeLoss,USD,2017.0,FY,10-K,2017-03-01,2016-02-01,2017-01-29,1666000000.0
net_income,NetIncomeLoss,USD,2017.0,FY,10-K,2017-03-01,2016-10-31,2017-01-29,655000000.0
net_income,NetIncomeLoss,USD,2018.0,FY,10-K,2018-02-28,2016-02-01,2017-01-29,1666000000.0
net_income,NetIncomeLoss,USD,2018.0,FY,10-K,2018-02-28,2016-10-31,2017-01-29,655000000.0
net_income,NetIncomeLoss,USD,2019.0,FY,10-K,2019-02-21,2016-02-01,2017-01-29,1666000000.0
net_income,NetIncomeLoss,USD,2018.0,Q1,10-Q,2017-05-23,2017-01-30,2017-04-30,507000000.0
net_income,NetIncomeLoss,USD,2018.0,FY,10-K,2018-02-28,2017-01-30,2017-04-30,507000000.0
net_income,NetIncomeLoss,USD,2019.0,Q1,10-Q,2018-05-22,2017-01-30,2017-04-30,507000000.0
net_income,NetIncomeLoss,USD,2019.0,FY,10-K,2019-02-21,2017-01-30,2017-04-30,507000000.0
net_income,NetIncomeLoss,USD,2018.0,Q2,10-Q,2017-08-23,2017-01-30,2017-07-30,1091000000.0
net_income,NetIncomeLoss,USD,2018.0,Q2,10-Q,2017-08-23,2017-05-01,2017-07-30,583000000.0
net_income,NetIncomeLoss,USD,2018.0,FY,10-K,2018-02-28,2017-01-30,2017-07-30,583000000.0
net_income,NetIncomeLoss,USD,2019.0,Q2,10-Q,2018-08-16,2017-01-30,2017-07-30,1091000000.0
net_income,NetIncomeLoss,USD,2019.0,Q2,10-Q,2018-08-16,2017-05-01,2017-07-30,583000000.0
net_income,NetIncomeLoss,USD,2019.0,FY,10-K,2019-02-21,2017-05-01,2017-07-30,583000000.0
net_income,NetIncomeLoss,USD,2018.0,Q3,10-Q,2017-11-21,2017-01-30,2017-10-29,1928000000.0
net_income,NetIncomeLoss,USD,2018.0,Q3,10-Q,2017-11-21,2017-07-31,2017-10-29,838000000.0
net_income,NetIncomeLoss,USD,2018.0,FY,10-K,2018-02-28,2017-07-31,2017-10-29,838000000.0
net_income,NetIncomeLoss,USD,2019.0,Q3,10-Q,2018-11-15,2017-01-30,2017-10-29,1928000000.0
net_income,NetIncomeLoss,USD,2019.0,Q3,10-Q,2018-11-15,2017-07-31,2017-10-29,838000000.0
net_income,NetIncomeLoss,USD,2019.0,FY,10-K,2019-02-21,2017-07-31,2017-10-29,838000000.0
net_income,NetIncomeLoss,USD,2018.0,FY,10-K,2018-02-28,2017-01-30,2018-01-28,3047000000.0
net_income,NetIncomeLoss,USD,2018.0,FY,10-K,2018-02-28,2017-10-30,2018-01-28,1118000000.0
net_income,NetIncomeLoss,USD,2019.0,FY,10-K,2019-02-21,2017-01-30,2018-01-28,3047000000.0
net_income,NetIncomeLoss,USD,2019.0,FY,10-K,2019-02-21,2017-10-30,2018-01-28,1118000000.0
net_income,NetIncomeLoss,USD,2020.0,FY,10-K,2020-02-20,2017-01-30,2018-01-28,3047000000.0
net_income,NetIncomeLoss,USD,2019.0,Q1,10-Q,2018-05-22,2018-01-29,2018-04-29,1244000000.0
net_income,NetIncomeLoss,USD,2019.0,FY,10-K,2019-02-21,2018-01-29,2018-04-29,1244000000.0
net_income,NetIncomeLoss,USD,2020.0,Q1,10-Q,2019-05-16,2018-01-29,2018-04-29,1244000000.0
net_income,NetIncomeLoss,USD,2020.0,FY,10-K,2020-02-20,2018-01-29,2018-04-29,1244000000.0
net_income,NetIncomeLoss,USD,2019.0,Q2,10-Q,2018-08-16,2018-01-29,2018-07-29,2345000000.0
net_income,NetIncomeLoss,USD,2019.0,Q2,10-Q,2018-08-16,2018-04-30,2018-07-29,1101000000.0
net_income,NetIncomeLoss,USD,2019.0,FY,10-K,2019-02-21,2018-04-30,2018-07-29,1101000000.0
net_income,NetIncomeLoss,USD,2020.0,Q2,10-Q,2019-08-15,2018-01-29,2018-07-29,2345000000.0
net_income,NetIncomeLoss,USD,2020.0,Q2,10-Q,2019-08-15,2018-04-30,2018-07-29,1101000000.0
net_income,NetIncomeLoss,USD,2020.0,FY,10-K,2020-02-20,2018-04-30,2018-07-29,1101000000.0
net_income,NetIncomeLoss,USD,2019.0,Q3,10-Q,2018-11-15,2018-01-29,2018-10-28,3575000000.0
net_income,NetIncomeLoss,USD,2019.0,Q3,10-Q,2018-11-15,2018-07-30,2018-10-28,1230000000.0
net_income,NetIncomeLoss,USD,2019.0,FY,10-K,2019-02-21,2018-07-30,2018-10-28,1230000000.0
net_income,NetIncomeLoss,USD,2020.0,Q3,10-Q,2019-11-14,2018-01-29,2018-10-28,3575000000.0
net_income,NetIncomeLoss,USD,2020.0,Q3,10-Q,2019-11-14,2018-07-30,2018-10-28,1230000000.0
net_income,NetIncomeLoss,USD,2020.0,FY,10-K,2020-02-20,2018-07-30,2018-10-28,1230000000.0
net_income,NetIncomeLoss,USD,2019.0,FY,10-K,2019-02-21,2018-01-29,2019-01-27,4141000000.0
net_income,NetIncomeLoss,USD,2019.0,FY,10-K,2019-02-21,2018-10-29,2019-01-27,567000000.0
net_income,NetIncomeLoss,USD,2020.0,FY,10-K,2020-02-20,2018-01-29,2019-01-27,4141000000.0
net_income,NetIncomeLoss,USD,2020.0,FY,10-K,2020-02-20,2018-10-29,2019-01-27,567000000.0
net_income,NetIncomeLoss,USD,2021.0,FY,10-K,2021-02-26,2018-01-29,2019-01-27,4141000000.0
net_income,NetIncomeLoss,USD,2020.0,Q1,10-Q,2019-05-16,2019-01-28,2019-04-28,394000000.0
net_income,NetIncomeLoss,USD,2020.0,FY,10-K,2020-02-20,2019-01-28,2019-04-28,394000000.0
net_income,NetIncomeLoss,USD,2020.0,Q1,10-Q,2020-05-21,2019-01-28,2019-04-28,394000000.0
net_income,NetIncomeLoss,USD,2020.0,Q2,10-Q,2019-08-15,2019-01-28,2019-07-28,947000000.0
net_income,NetIncomeLoss,USD,2020.0,Q2,10-Q,2019-08-15,2019-04-29,2019-07-28,552000000.0
net_income,NetIncomeLoss,USD,2020.0,FY,10-K,2020-02-20,2019-04-29,2019-07-28,552000000.0
net_income,NetIncomeLoss,USD,2020.0,Q2,10-Q,2020-08-19,2019-01-28,2019-07-28,947000000.0
net_income,NetIncomeLoss,USD,2020.0,Q2,10-Q,2020-08-19,2019-04-29,2019-07-28,552000000.0
net_income,NetIncomeLoss,USD,2020.0,Q3,10-Q,2019-11-14,2019-01-28,2019-10-27,1845000000.0
net_income,NetIncomeLoss,USD,2020.0,Q3,10-Q,2019-11-14,2019-07-29,2019-10-27,899000000.0
net_income,NetIncomeLoss,USD,2020.0,FY,10-K,2020-02-20,2019-07-29,2019-10-27,899000000.0
net_income,NetIncomeLoss,USD,2021.0,Q3,10-Q,2020-11-18,2019-01-28,2019-10-27,1845000000.0
net_income,NetIncomeLoss,USD,2021.0,Q3,10-Q,2020-11-18,2019-07-29,2019-10-27,899000000.0
net_income,NetIncomeLoss,USD,2020.0,FY,10-K,2020-02-20,2019-01-28,2020-01-26,2796000000.0
net_income,NetIncomeLoss,USD,2020.0,FY,10-K,2020-02-20,2019-10-28,2020-01-26,950000000.0
net_income,NetIncomeLoss,USD,2021.0,FY,10-K,2021-02-26,2019-01-28,2020-01-26,2796000000.0
net_income,NetIncomeLoss,USD,2022.0,FY,10-K,2022-03-18,2019-01-28,2020-01-26,2796000000.0
net_income,NetIncomeLoss,USD,2020.0,Q1,10-Q,2020-05-21,2020-01-27,2020-04-26,917000000.0
net_income,NetIncomeLoss,USD,2022.0,Q1,10-Q,2021-05-26,2020-01-27,2020-04-26,917000000.0
net_income,NetIncomeLoss,USD,2020.0,Q2,10-Q,2020-08-19,2020-01-27,2020-07-26,1539000000.0
net_income,NetIncomeLoss,USD,2020.0,Q2,10-Q,2020-08-19,2020-04-27,2020-07-26,622000000.0
net_income,NetIncomeLoss,USD,2022.0,Q2,10-Q,2021-08-20,2020-01-27,2020-07-26,1539000000.0
net_income,NetIncomeLoss,USD,2022.0,Q2,10-Q,2021-08-20,2020-04-27,2020-07-26,622000000.0
net_income,NetIncomeLoss,USD,2021.0,Q3,10-Q,2020-11-18,2020-01-27,2020-10-25,2875000000.0
net_income,NetIncomeLoss,USD,2021.0,Q3,10-Q,2020-11-18,2020-07-27,2020-10-25,1336000000.0
net_income,NetIncomeLoss,USD,2022.0,Q3,10-Q,2021-11-22,2020-01-27,2020-10-25,2875000000.0
net_income,NetIncomeLoss,USD,2022.0,Q3,10-Q,2021-11-22,2020-07-27,2020-10-25,1336000000.0
net_income,NetIncomeLoss,USD,2021.0,FY,10-K,2021-02-26,2020-01-27,2021-01-31,4332000000.0
net_income,NetIncomeLoss,USD,2022.0,FY,10-K,2022-03-18,2020-01-27,2021-01-31,4332000000.0
net_income,NetIncomeLoss,USD,2023.0,FY,10-K,2023-02-24,2020-01-27,2021-01-31,4332000000.0
net_income,NetIncomeLoss,USD,2022.0,Q1,10-Q,2021-05-26,2021-02-01,2021-05-02,1912000000.0
net_income,NetIncomeLoss,USD,2023.0,Q1,10-Q,2022-05-27,2021-02-01,2021-05-02,1912000000.0
net_income,NetIncomeLoss,USD,2022.0,Q2,10-Q,2021-08-20,2021-02-01,2021-08-01,4285000000.0
net_income,NetIncomeLoss,USD,2022.0,Q2,10-Q,2021-08-20,2021-05-03,2021-08-01,2374000000.0
net_income,NetIncomeLoss,USD,2023.0,Q2,10-Q,2022-08-31,2021-02-01,2021-08-01,4285000000.0
net_income,NetIncomeLoss,USD,2023.0,Q2,10-Q,2022-08-31,2021-05-03,2021-08-01,2374000000.0
net_income,NetIncomeLoss,USD,2022.0,Q3,10-Q,2021-11-22,2021-02-01,2021-10-31,6749000000.0
net_income,NetIncomeLoss,USD,2022.0,Q3,10-Q,2021-11-22,2021-08-02,2021-10-31,2464000000.0
net_income,NetIncomeLoss,USD,2023.0,Q3,10-Q,2022-11-18,2021-02-01,2021-10-31,6749000000.0
net_income,NetIncomeLoss,USD,2023.0,Q3,10-Q,2022-11-18,2021-08-02,2021-10-31,2464000000.0
net_income,NetIncomeLoss,USD,2022.0,FY,10-K,2022-03-18,2021-02-01,2022-01-30,9752000000.0
net_income,NetIncomeLoss,USD,2023.0,FY,10-K,2023-02-24,2021-02-01,2022-01-30,9752000000.0
net_income,NetIncomeLoss,USD,2024.0,FY,10-K,2024-02-21,2021-02-01,2022-01-30,9752000000.0
net_income,NetIncomeLoss,USD,,,DEF 14A,2026-05-12,2021-02-01,2022-01-30,9752000000.0
net_income,NetIncomeLoss,USD,2023.0,Q1,10-Q,2022-05-27,2022-01-31,2022-05-01,1618000000.0
net_income,NetIncomeLoss,USD,2024.0,Q1,10-Q,2023-05-26,2022-01-31,2022-05-01,1618000000.0
net_income,NetIncomeLoss,USD,2023.0,Q2,10-Q,2022-08-31,2022-01-31,2022-07-31,2274000000.0
net_income,NetIncomeLoss,USD,2023.0,Q2,10-Q,2022-08-31,2022-05-02,2022-07-31,656000000.0
net_income,NetIncomeLoss,USD,2024.0,Q2,10-Q,2023-08-28,2022-01-31,2022-07-31,2274000000.0
net_income,NetIncomeLoss,USD,2024.0,Q2,10-Q,2023-08-28,2022-05-02,2022-07-31,656000000.0
net_income,NetIncomeLoss,USD,2023.0,Q3,10-Q,2022-11-18,2022-01-31,2022-10-30,2954000000.0
net_income,NetIncomeLoss,USD,2023.0,Q3,10-Q,2022-11-18,2022-08-01,2022-10-30,680000000.0
net_income,NetIncomeLoss,USD,2024.0,Q3,10-Q,2023-11-21,2022-01-31,2022-10-30,2954000000.0
net_income,NetIncomeLoss,USD,2024.0,Q3,10-Q,2023-11-21,2022-08-01,2022-10-30,680000000.0
net_income,NetIncomeLoss,USD,2023.0,FY,10-K,2023-02-24,2022-01-31,2023-01-29,4368000000.0
net_income,NetIncomeLoss,USD,2024.0,FY,10-K,2024-02-21,2022-01-31,2023-01-29,4368000000.0
net_income,NetIncomeLoss,USD,2025.0,FY,10-K,2025-02-26,2022-01-31,2023-01-29,4368000000.0
net_income,NetIncomeLoss,USD,,,DEF 14A,2026-05-12,2022-01-31,2023-01-29,4368000000.0
net_income,NetIncomeLoss,USD,2024.0,Q1,10-Q,2023-05-26,2023-01-30,2023-04-30,2043000000.0
net_income,NetIncomeLoss,USD,2025.0,Q1,10-Q,2024-05-29,2023-01-30,2023-04-30,2043000000.0
net_income,NetIncomeLoss,USD,2024.0,Q2,10-Q,2023-08-28,2023-01-30,2023-07-30,8232000000.0
net_income,NetIncomeLoss,USD,2024.0,Q2,10-Q,2023-08-28,2023-05-01,2023-07-30,6188000000.0
net_income,NetIncomeLoss,USD,2025.0,Q2,10-Q,2024-08-28,2023-01-30,2023-07-30,8232000000.0
net_income,NetIncomeLoss,USD,2025.0,Q2,10-Q,2024-08-28,2023-05-01,2023-07-30,6188000000.0
net_income,NetIncomeLoss,USD,2024.0,Q3,10-Q,2023-11-21,2023-01-30,2023-10-29,17475000000.0
net_income,NetIncomeLoss,USD,2024.0,Q3,10-Q,2023-11-21,2023-07-31,2023-10-29,9243000000.0
net_income,NetIncomeLoss,USD,2025.0,Q3,10-Q,2024-11-20,2023-01-30,2023-10-29,17475000000.0
net_income,NetIncomeLoss,USD,2025.0,Q3,10-Q,2024-11-20,2023-07-31,2023-10-29,9243000000.0
net_income,NetIncomeLoss,USD,2024.0,FY,10-K,2024-02-21,2023-01-30,2024-01-28,29760000000.0
net_income,NetIncomeLoss,USD,2025.0,FY,10-K,2025-02-26,2023-01-30,2024-01-28,29760000000.0
net_income,NetIncomeLoss,USD,2026.0,FY,10-K,2026-02-25,2023-01-30,2024-01-28,29760000000.0
net_income,NetIncomeLoss,USD,,,DEF 14A,2026-05-12,2023-01-30,2024-01-28,29760000000.0
net_income,NetIncomeLoss,USD,2025.0,Q1,10-Q,2024-05-29,2024-01-29,2024-04-28,14881000000.0
net_income,NetIncomeLoss,USD,2026.0,Q1,10-Q,2025-05-28,2024-01-29,2024-04-28,14881000000.0
net_income,NetIncomeLoss,USD,2025.0,Q2,10-Q,2024-08-28,2024-01-29,2024-07-28,31480000000.0
net_income,NetIncomeLoss,USD,2025.0,Q2,10-Q,2024-08-28,2024-04-29,2024-07-28,16599000000.0
net_income,NetIncomeLoss,USD,2026.0,Q2,10-Q,2025-08-27,2024-01-29,2024-07-28,31480000000.0
net_income,NetIncomeLoss,USD,2026.0,Q2,10-Q,2025-08-27,2024-04-29,2024-07-28,16599000000.0
net_income,NetIncomeLoss,USD,2025.0,Q3,10-Q,2024-11-20,2024-01-29,2024-10-27,50789000000.0
net_income,NetIncomeLoss,USD,2025.0,Q3,10-Q,2024-11-20,2024-07-29,2024-10-27,19309000000.0
net_income,NetIncomeLoss,USD,2026.0,Q3,10-Q,2025-11-19,2024-01-29,2024-10-27,50789000000.0
net_income,NetIncomeLoss,USD,2026.0,Q3,10-Q,2025-11-19,2024-07-29,2024-10-27,19309000000.0
net_income,NetIncomeLoss,USD,2025.0,FY,10-K,2025-02-26,2024-01-29,2025-01-26,72880000000.0
net_income,NetIncomeLoss,USD,2026.0,FY,10-K,2026-02-25,2024-01-29,2025-01-26,72880000000.0
net_income,NetIncomeLoss,USD,,,DEF 14A,2026-05-12,2024-01-29,2025-01-26,72880000000.0
net_income,NetIncomeLoss,USD,2026.0,Q1,10-Q,2025-05-28,2025-01-27,2025-04-27,18775000000.0
net_income,NetIncomeLoss,USD,2026.0,Q2,10-Q,2025-08-27,2025-01-27,2025-07-27,45197000000.0
net_income,NetIncomeLoss,USD,2026.0,Q2,10-Q,2025-08-27,2025-04-28,2025-07-27,26422000000.0
net_income,NetIncomeLoss,USD,2026.0,Q3,10-Q,2025-11-19,2025-01-27,2025-10-26,77107000000.0
net_income,NetIncomeLoss,USD,2026.0,Q3,10-Q,2025-11-19,2025-07-28,2025-10-26,31910000000.0
net_income,NetIncomeLoss,USD,2026.0,FY,10-K,2026-02-25,2025-01-27,2026-01-25,120067000000.0
net_income,NetIncomeLoss,USD,,,DEF 14A,2026-05-12,2025-01-27,2026-01-25,120067000000.0
operating_income,OperatingIncomeLoss,USD,2010.0,FY,10-K,2010-03-18,2007-01-29,2008-01-27,836346000.0
operating_income,OperatingIncomeLoss,USD,2009.0,Q2,10-Q,2009-08-20,2008-01-25,2008-07-27,47587000.0
operating_income,OperatingIncomeLoss,USD,2009.0,Q2,10-Q,2009-08-20,2008-04-27,2008-07-27,-155392000.0
operating_income,OperatingIncomeLoss,USD,2009.0,Q3,10-Q,2009-11-19,2008-01-28,2008-10-26,104383000.0
operating_income,OperatingIncomeLoss,USD,2009.0,Q3,10-Q,2009-11-19,2008-07-28,2008-10-26,56796000.0
operating_income,OperatingIncomeLoss,USD,2010.0,FY,10-K,2010-03-18,2008-01-28,2009-01-25,-70700000.0
operating_income,OperatingIncomeLoss,USD,2010.0,FY,10-K,2011-03-16,2008-01-28,2009-01-25,-70700000.0
operating_income,OperatingIncomeLoss,USD,2010.0,Q2,10-Q,2010-05-21,2009-01-26,2009-04-26,-230965000.0
operating_income,OperatingIncomeLoss,USD,2009.0,Q2,10-Q,2009-08-20,2009-01-25,2009-07-26,-341072000.0
operating_income,OperatingIncomeLoss,USD,2009.0,Q2,10-Q,2009-08-20,2009-04-27,2009-07-26,-110107000.0
operating_income,OperatingIncomeLoss,USD,2010.0,Q3,10-Q,2010-08-30,2009-01-26,2009-07-26,-341072000.0
operating_income,OperatingIncomeLoss,USD,2010.0,Q3,10-Q,2010-08-30,2009-04-27,2009-07-26,-110107000.0
operating_income,OperatingIncomeLoss,USD,2009.0,Q3,10-Q,2009-11-19,2009-01-26,2009-10-25,-233227000.0
operating_income,OperatingIncomeLoss,USD,2009.0,Q3,10-Q,2009-11-19,2009-07-27,2009-10-25,107845000.0
operating_income,OperatingIncomeLoss,USD,2010.0,Q3,10-Q,2010-12-07,2009-01-26,2009-10-25,-233227000.0
operating_income,OperatingIncomeLoss,USD,2010.0,Q3,10-Q,2010-12-07,2009-07-27,2009-10-25,107845000.0
operating_income,OperatingIncomeLoss,USD,2010.0,FY,10-K,2010-03-18,2009-01-26,2010-01-31,-98945000.0
operating_income,OperatingIncomeLoss,USD,2010.0,FY,10-K,2011-03-16,2009-01-26,2010-01-31,-98945000.0
operating_income,OperatingIncomeLoss,USD,2011.0,FY,10-K,2012-03-13,2009-01-26,2010-01-31,-98945000.0
operating_income,OperatingIncomeLoss,USD,2010.0,Q2,10-Q,2010-05-21,2010-02-01,2010-05-02,147393000.0
operating_income,OperatingIncomeLoss,USD,2011.0,Q1,10-Q,2011-05-27,2010-02-01,2010-05-02,147393000.0
operating_income,OperatingIncomeLoss,USD,2010.0,Q3,10-Q,2010-08-30,2010-02-01,2010-08-01,-27814000.0
operating_income,OperatingIncomeLoss,USD,2010.0,Q3,10-Q,2010-08-30,2010-05-03,2010-08-01,-175207000.0
operating_income,OperatingIncomeLoss,USD,2011.0,Q2,10-Q,2011-08-25,2010-02-01,2010-08-01,-27814000.0
operating_income,OperatingIncomeLoss,USD,2011.0,Q2,10-Q,2011-08-25,2010-05-03,2010-08-01,-175207000.0
operating_income,OperatingIncomeLoss,USD,2010.0,Q3,10-Q,2010-12-07,2010-02-01,2010-10-31,75969000.0
operating_income,OperatingIncomeLoss,USD,2010.0,Q3,10-Q,2010-12-07,2010-08-02,2010-10-31,103783000.0
operating_income,OperatingIncomeLoss,USD,2011.0,Q3,10-Q,2011-11-22,2010-02-01,2010-10-31,75969000.0
operating_income,OperatingIncomeLoss,USD,2011.0,Q3,10-Q,2011-11-22,2010-08-02,2010-10-31,103783000.0
operating_income,OperatingIncomeLoss,USD,2010.0,FY,10-K,2011-03-16,2010-02-01,2011-01-30,255747000.0
operating_income,OperatingIncomeLoss,USD,2011.0,FY,10-K,2012-03-13,2010-02-01,2011-01-30,255747000.0
operating_income,OperatingIncomeLoss,USD,2012.0,FY,10-K,2013-03-12,2010-02-01,2011-01-30,255747000.0
operating_income,OperatingIncomeLoss,USD,2011.0,Q1,10-Q,2011-05-27,2011-01-31,2011-05-01,154862000.0
operating_income,OperatingIncomeLoss,USD,2012.0,Q1,10-Q,2012-05-23,2011-01-31,2011-05-01,154862000.0
operating_income,OperatingIncomeLoss,USD,2011.0,Q2,10-Q,2011-08-25,2011-01-31,2011-07-31,328892000.0
operating_income,OperatingIncomeLoss,USD,2011.0,Q2,10-Q,2011-08-25,2011-05-02,2011-07-31,174030000.0
operating_income,OperatingIncomeLoss,USD,2012.0,Q2,10-Q,2012-08-22,2011-01-31,2011-07-31,328892000.0
operating_income,OperatingIncomeLoss,USD,2012.0,Q2,10-Q,2012-08-22,2011-05-02,2011-07-31,174030000.0
operating_income,OperatingIncomeLoss,USD,2011.0,Q3,10-Q,2011-11-22,2011-01-31,2011-10-30,525982000.0
operating_income,OperatingIncomeLoss,USD,2011.0,Q3,10-Q,2011-11-22,2011-08-01,2011-10-30,197090000.0
operating_income,OperatingIncomeLoss,USD,2012.0,Q3,10-Q,2012-11-19,2011-01-31,2011-10-30,525982000.0
operating_income,OperatingIncomeLoss,USD,2012.0,Q3,10-Q,2012-11-19,2011-08-01,2011-10-30,197090000.0
operating_income,OperatingIncomeLoss,USD,2011.0,FY,10-K,2012-03-13,2011-01-31,2012-01-29,648299000.0
operating_income,OperatingIncomeLoss,USD,2012.0,FY,10-K,2013-03-12,2011-01-31,2012-01-29,648299000.0
operating_income,OperatingIncomeLoss,USD,2013.0,FY,10-K,2014-03-13,2011-01-31,2012-01-29,648299000.0
operating_income,OperatingIncomeLoss,USD,2012.0,Q1,10-Q,2012-05-23,2012-01-30,2012-04-29,72826000.0
operating_income,OperatingIncomeLoss,USD,2013.0,Q1,10-Q,2013-05-22,2012-01-30,2012-04-29,72826000.0
operating_income,OperatingIncomeLoss,USD,2012.0,Q2,10-Q,2012-08-22,2012-01-30,2012-07-29,212449000.0
operating_income,OperatingIncomeLoss,USD,2012.0,Q2,10-Q,2012-08-22,2012-04-30,2012-07-29,139623000.0
operating_income,OperatingIncomeLoss,USD,2013.0,Q2,10-Q,2013-08-21,2012-01-30,2012-07-29,212449000.0
operating_income,OperatingIncomeLoss,USD,2013.0,Q2,10-Q,2013-08-21,2012-04-30,2012-07-29,139623000.0
operating_income,OperatingIncomeLoss,USD,2012.0,Q3,10-Q,2012-11-19,2012-01-30,2012-10-28,464666000.0
operating_income,OperatingIncomeLoss,USD,2012.0,Q3,10-Q,2012-11-19,2012-07-30,2012-10-28,252217000.0
operating_income,OperatingIncomeLoss,USD,2013.0,Q3,10-Q,2013-11-19,2012-01-30,2012-10-28,464666000.0
operating_income,OperatingIncomeLoss,USD,2013.0,Q3,10-Q,2013-11-19,2012-07-30,2012-10-28,252217000.0
operating_income,OperatingIncomeLoss,USD,2012.0,FY,10-K,2013-03-12,2012-01-30,2013-01-27,648239000.0
operating_income,OperatingIncomeLoss,USD,2013.0,FY,10-K,2014-03-13,2012-01-30,2013-01-27,648239000.0
operating_income,OperatingIncomeLoss,USD,2015.0,FY,10-K,2015-03-12,2012-01-30,2013-01-27,648239000.0
operating_income,OperatingIncomeLoss,USD,2013.0,Q1,10-Q,2013-05-22,2013-01-28,2013-04-28,82781000.0
operating_income,OperatingIncomeLoss,USD,2014.0,Q1,10-Q,2014-05-21,2013-01-28,2013-04-28,82781000.0
operating_income,OperatingIncomeLoss,USD,2013.0,Q2,10-Q,2013-08-21,2013-01-28,2013-07-28,188315000.0
operating_income,OperatingIncomeLoss,USD,2013.0,Q2,10-Q,2013-08-21,2013-04-29,2013-07-28,105534000.0
operating_income,OperatingIncomeLoss,USD,2015.0,Q2,10-Q,2014-08-20,2013-01-28,2013-07-28,188315000.0
operating_income,OperatingIncomeLoss,USD,2015.0,Q2,10-Q,2014-08-20,2013-04-29,2013-07-28,105534000.0
operating_income,OperatingIncomeLoss,USD,2013.0,Q3,10-Q,2013-11-19,2013-01-28,2013-10-27,329303000.0
operating_income,OperatingIncomeLoss,USD,2013.0,Q3,10-Q,2013-11-19,2013-07-29,2013-10-27,140988000.0
operating_income,OperatingIncomeLoss,USD,2015.0,Q3,10-Q,2014-11-19,2013-01-28,2013-10-27,329303000.0
operating_income,OperatingIncomeLoss,USD,2015.0,Q3,10-Q,2014-11-19,2013-07-29,2013-10-27,140988000.0
operating_income,OperatingIncomeLoss,USD,2013.0,FY,10-K,2014-03-13,2013-01-28,2014-01-26,496227000.0
operating_income,OperatingIncomeLoss,USD,2015.0,FY,10-K,2015-03-12,2013-01-28,2014-01-26,496227000.0
operating_income,OperatingIncomeLoss,USD,2016.0,FY,10-K,2016-03-17,2013-01-28,2014-01-26,496000000.0
operating_income,OperatingIncomeLoss,USD,2014.0,Q1,10-Q,2014-05-21,2014-01-27,2014-04-27,151359000.0
operating_income,OperatingIncomeLoss,USD,2016.0,Q1,10-Q,2015-05-20,2014-01-27,2014-04-27,151000000.0
operating_income,OperatingIncomeLoss,USD,2015.0,Q2,10-Q,2014-08-20,2014-01-27,2014-07-27,314538000.0
operating_income,OperatingIncomeLoss,USD,2015.0,Q2,10-Q,2014-08-20,2014-04-28,2014-07-27,163179000.0
operating_income,OperatingIncomeLoss,USD,2016.0,Q2,10-Q,2015-08-19,2014-01-27,2014-07-27,314000000.0
operating_income,OperatingIncomeLoss,USD,2016.0,Q2,10-Q,2015-08-19,2014-04-28,2014-07-27,163000000.0
operating_income,OperatingIncomeLoss,USD,2015.0,Q3,10-Q,2014-11-19,2014-01-27,2014-10-26,527853000.0
operating_income,OperatingIncomeLoss,USD,2015.0,Q3,10-Q,2014-11-19,2014-07-28,2014-10-26,213315000.0
operating_income,OperatingIncomeLoss,USD,2016.0,Q3,10-Q,2015-11-18,2014-01-27,2014-10-26,528000000.0
operating_income,OperatingIncomeLoss,USD,2016.0,Q3,10-Q,2015-11-18,2014-07-28,2014-10-26,213000000.0
operating_income,OperatingIncomeLoss,USD,2015.0,FY,10-K,2015-03-12,2014-01-27,2015-01-25,758989000.0
operating_income,OperatingIncomeLoss,USD,2016.0,FY,10-K,2016-03-17,2014-01-27,2015-01-25,759000000.0
operating_income,OperatingIncomeLoss,USD,2017.0,FY,10-K,2017-03-01,2014-01-27,2015-01-25,759000000.0
operating_income,OperatingIncomeLoss,USD,2016.0,Q1,10-Q,2015-05-20,2015-01-26,2015-04-26,176000000.0
operating_income,OperatingIncomeLoss,USD,2017.0,Q1,10-Q,2016-05-25,2015-01-26,2015-04-26,176000000.0
operating_income,OperatingIncomeLoss,USD,2016.0,Q2,10-Q,2015-08-19,2015-01-26,2015-07-26,250000000.0
operating_income,OperatingIncomeLoss,USD,2016.0,Q2,10-Q,2015-08-19,2015-04-27,2015-07-26,76000000.0
operating_income,OperatingIncomeLoss,USD,2017.0,Q2,10-Q,2016-08-23,2015-01-26,2015-07-26,250000000.0
operating_income,OperatingIncomeLoss,USD,2017.0,Q2,10-Q,2016-08-23,2015-04-27,2015-07-26,76000000.0
operating_income,OperatingIncomeLoss,USD,2016.0,Q3,10-Q,2015-11-18,2015-01-26,2015-10-25,495000000.0
operating_income,OperatingIncomeLoss,USD,2016.0,Q3,10-Q,2015-11-18,2015-07-27,2015-10-25,245000000.0
operating_income,OperatingIncomeLoss,USD,2017.0,Q3,10-Q,2016-11-22,2015-01-26,2015-10-25,495000000.0
operating_income,OperatingIncomeLoss,USD,2017.0,Q3,10-Q,2016-11-22,2015-07-27,2015-10-25,245000000.0
operating_income,OperatingIncomeLoss,USD,2016.0,FY,10-K,2016-03-17,2015-01-26,2016-01-31,747000000.0
operating_income,OperatingIncomeLoss,USD,2017.0,FY,10-K,2017-03-01,2015-01-26,2016-01-31,747000000.0
operating_income,OperatingIncomeLoss,USD,2018.0,FY,10-K,2018-02-28,2015-01-26,2016-01-31,747000000.0
operating_income,OperatingIncomeLoss,USD,2017.0,Q1,10-Q,2016-05-25,2016-02-01,2016-05-01,245000000.0
operating_income,OperatingIncomeLoss,USD,2018.0,Q1,10-Q,2017-05-23,2016-02-01,2016-05-01,245000000.0
operating_income,OperatingIncomeLoss,USD,2017.0,Q2,10-Q,2016-08-23,2016-02-01,2016-07-31,561000000.0
operating_income,OperatingIncomeLoss,USD,2017.0,Q2,10-Q,2016-08-23,2016-05-02,2016-07-31,317000000.0
operating_income,OperatingIncomeLoss,USD,2018.0,Q2,10-Q,2017-08-23,2016-02-01,2016-07-31,561000000.0
operating_income,OperatingIncomeLoss,USD,2018.0,Q2,10-Q,2017-08-23,2016-05-02,2016-07-31,317000000.0
operating_income,OperatingIncomeLoss,USD,2017.0,Q3,10-Q,2016-11-22,2016-02-01,2016-10-30,1201000000.0
operating_income,OperatingIncomeLoss,USD,2017.0,Q3,10-Q,2016-11-22,2016-08-01,2016-10-30,639000000.0
operating_income,OperatingIncomeLoss,USD,2018.0,Q3,10-Q,2017-11-21,2016-02-01,2016-10-30,1201000000.0
operating_income,OperatingIncomeLoss,USD,2018.0,Q3,10-Q,2017-11-21,2016-08-01,2016-10-30,639000000.0
operating_income,OperatingIncomeLoss,USD,2017.0,FY,10-K,2017-03-01,2016-02-01,2017-01-29,1934000000.0
operating_income,OperatingIncomeLoss,USD,2018.0,FY,10-K,2018-02-28,2016-02-01,2017-01-29,1934000000.0
operating_income,OperatingIncomeLoss,USD,2019.0,FY,10-K,2019-02-21,2016-02-01,2017-01-29,1934000000.0
operating_income,OperatingIncomeLoss,USD,2018.0,Q1,10-Q,2017-05-23,2017-01-30,2017-04-30,554000000.0
operating_income,OperatingIncomeLoss,USD,2019.0,Q1,10-Q,2018-05-22,2017-01-30,2017-04-30,554000000.0
operating_income,OperatingIncomeLoss,USD,2018.0,Q2,10-Q,2017-08-23,2017-01-30,2017-07-30,1242000000.0
operating_income,OperatingIncomeLoss,USD,2018.0,Q2,10-Q,2017-08-23,2017-05-01,2017-07-30,688000000.0
operating_income,OperatingIncomeLoss,USD,2019.0,Q2,10-Q,2018-08-16,2017-01-30,2017-07-30,1242000000.0
operating_income,OperatingIncomeLoss,USD,2019.0,Q2,10-Q,2018-08-16,2017-05-01,2017-07-30,688000000.0
operating_income,OperatingIncomeLoss,USD,2018.0,Q3,10-Q,2017-11-21,2017-01-30,2017-10-29,2137000000.0
operating_income,OperatingIncomeLoss,USD,2018.0,Q3,10-Q,2017-11-21,2017-07-31,2017-10-29,895000000.0
operating_income,OperatingIncomeLoss,USD,2019.0,Q3,10-Q,2018-11-15,2017-01-30,2017-10-29,2137000000.0
operating_income,OperatingIncomeLoss,USD,2019.0,Q3,10-Q,2018-11-15,2017-07-31,2017-10-29,895000000.0
operating_income,OperatingIncomeLoss,USD,2018.0,FY,10-K,2018-02-28,2017-01-30,2018-01-28,3210000000.0
operating_income,OperatingIncomeLoss,USD,2019.0,FY,10-K,2019-02-21,2017-01-30,2018-01-28,3210000000.0
operating_income,OperatingIncomeLoss,USD,2020.0,FY,10-K,2020-02-20,2017-01-30,2018-01-28,3210000000.0
operating_income,OperatingIncomeLoss,USD,2019.0,Q1,10-Q,2018-05-22,2018-01-29,2018-04-29,1295000000.0
operating_income,OperatingIncomeLoss,USD,2020.0,Q1,10-Q,2019-05-16,2018-01-29,2018-04-29,1295000000.0
operating_income,OperatingIncomeLoss,USD,2019.0,Q2,10-Q,2018-08-16,2018-01-29,2018-07-29,2452000000.0
operating_income,OperatingIncomeLoss,USD,2019.0,Q2,10-Q,2018-08-16,2018-04-30,2018-07-29,1157000000.0
operating_income,OperatingIncomeLoss,USD,2020.0,Q2,10-Q,2019-08-15,2018-01-29,2018-07-29,2452000000.0
operating_income,OperatingIncomeLoss,USD,2020.0,Q2,10-Q,2019-08-15,2018-04-30,2018-07-29,1157000000.0
operating_income,OperatingIncomeLoss,USD,2019.0,Q3,10-Q,2018-11-15,2018-01-29,2018-10-28,3510000000.0
operating_income,OperatingIncomeLoss,USD,2019.0,Q3,10-Q,2018-11-15,2018-07-30,2018-10-28,1058000000.0
operating_income,OperatingIncomeLoss,USD,2020.0,Q3,10-Q,2019-11-14,2018-01-29,2018-10-28,3510000000.0
operating_income,OperatingIncomeLoss,USD,2020.0,Q3,10-Q,2019-11-14,2018-07-30,2018-10-28,1058000000.0
operating_income,OperatingIncomeLoss,USD,2019.0,FY,10-K,2019-02-21,2018-01-29,2019-01-27,3804000000.0
operating_income,OperatingIncomeLoss,USD,2020.0,FY,10-K,2020-02-20,2018-01-29,2019-01-27,3804000000.0
operating_income,OperatingIncomeLoss,USD,2021.0,FY,10-K,2021-02-26,2018-01-29,2019-01-27,3804000000.0
operating_income,OperatingIncomeLoss,USD,2020.0,Q1,10-Q,2019-05-16,2019-01-28,2019-04-28,358000000.0
operating_income,OperatingIncomeLoss,USD,2020.0,Q1,10-Q,2020-05-21,2019-01-28,2019-04-28,358000000.0
operating_income,OperatingIncomeLoss,USD,2020.0,Q2,10-Q,2019-08-15,2019-01-28,2019-07-28,929000000.0
operating_income,OperatingIncomeLoss,USD,2020.0,Q2,10-Q,2019-08-15,2019-04-29,2019-07-28,571000000.0
operating_income,OperatingIncomeLoss,USD,2020.0,Q2,10-Q,2020-08-19,2019-01-28,2019-07-28,929000000.0
operating_income,OperatingIncomeLoss,USD,2020.0,Q2,10-Q,2020-08-19,2019-04-29,2019-07-28,571000000.0
operating_income,OperatingIncomeLoss,USD,2020.0,Q3,10-Q,2019-11-14,2019-01-28,2019-10-27,1856000000.0
operating_income,OperatingIncomeLoss,USD,2020.0,Q3,10-Q,2019-11-14,2019-07-29,2019-10-27,927000000.0
operating_income,OperatingIncomeLoss,USD,2021.0,Q3,10-Q,2020-11-18,2019-01-28,2019-10-27,1856000000.0
operating_income,OperatingIncomeLoss,USD,2021.0,Q3,10-Q,2020-11-18,2019-07-29,2019-10-27,927000000.0
operating_income,OperatingIncomeLoss,USD,2020.0,FY,10-K,2020-02-20,2019-01-28,2020-01-26,2846000000.0
operating_income,OperatingIncomeLoss,USD,2021.0,FY,10-K,2021-02-26,2019-01-28,2020-01-26,2846000000.0
operating_income,OperatingIncomeLoss,USD,2022.0,FY,10-K,2022-03-18,2019-01-28,2020-01-26,2846000000.0
operating_income,OperatingIncomeLoss,USD,2020.0,Q1,10-Q,2020-05-21,2020-01-27,2020-04-26,976000000.0
operating_income,OperatingIncomeLoss,USD,2022.0,Q1,10-Q,2021-05-26,2020-01-27,2020-04-26,976000000.0
operating_income,OperatingIncomeLoss,USD,2020.0,Q2,10-Q,2020-08-19,2020-01-27,2020-07-26,1627000000.0
operating_income,OperatingIncomeLoss,USD,2020.0,Q2,10-Q,2020-08-19,2020-04-27,2020-07-26,651000000.0
operating_income,OperatingIncomeLoss,USD,2022.0,Q2,10-Q,2021-08-20,2020-01-27,2020-07-26,1627000000.0
operating_income,OperatingIncomeLoss,USD,2022.0,Q2,10-Q,2021-08-20,2020-04-27,2020-07-26,651000000.0
operating_income,OperatingIncomeLoss,USD,2021.0,Q3,10-Q,2020-11-18,2020-01-27,2020-10-25,3025000000.0
operating_income,OperatingIncomeLoss,USD,2021.0,Q3,10-Q,2020-11-18,2020-07-27,2020-10-25,1398000000.0
operating_income,OperatingIncomeLoss,USD,2022.0,Q3,10-Q,2021-11-22,2020-01-27,2020-10-25,3025000000.0
operating_income,OperatingIncomeLoss,USD,2022.0,Q3,10-Q,2021-11-22,2020-07-27,2020-10-25,1398000000.0
operating_income,OperatingIncomeLoss,USD,2021.0,FY,10-K,2021-02-26,2020-01-27,2021-01-31,4532000000.0
operating_income,OperatingIncomeLoss,USD,2022.0,FY,10-K,2022-03-18,2020-01-27,2021-01-31,4532000000.0
operating_income,OperatingIncomeLoss,USD,2023.0,FY,10-K,2023-02-24,2020-01-27,2021-01-31,4532000000.0
operating_income,OperatingIncomeLoss,USD,2022.0,Q1,10-Q,2021-05-26,2021-02-01,2021-05-02,1956000000.0
operating_income,OperatingIncomeLoss,USD,2023.0,Q1,10-Q,2022-05-27,2021-02-01,2021-05-02,1956000000.0
operating_income,OperatingIncomeLoss,USD,2022.0,Q2,10-Q,2021-08-20,2021-02-01,2021-08-01,4400000000.0
operating_income,OperatingIncomeLoss,USD,2022.0,Q2,10-Q,2021-08-20,2021-05-03,2021-08-01,2444000000.0
operating_income,OperatingIncomeLoss,USD,2023.0,Q2,10-Q,2022-08-31,2021-02-01,2021-08-01,4400000000.0
operating_income,OperatingIncomeLoss,USD,2023.0,Q2,10-Q,2022-08-31,2021-05-03,2021-08-01,2444000000.0
operating_income,OperatingIncomeLoss,USD,2022.0,Q3,10-Q,2021-11-22,2021-02-01,2021-10-31,7071000000.0
operating_income,OperatingIncomeLoss,USD,2022.0,Q3,10-Q,2021-11-22,2021-08-02,2021-10-31,2671000000.0
operating_income,OperatingIncomeLoss,USD,2023.0,Q3,10-Q,2022-11-18,2021-02-01,2021-10-31,7071000000.0
operating_income,OperatingIncomeLoss,USD,2023.0,Q3,10-Q,2022-11-18,2021-08-02,2021-10-31,2671000000.0
operating_income,OperatingIncomeLoss,USD,2022.0,FY,10-K,2022-03-18,2021-02-01,2022-01-30,10041000000.0
operating_income,OperatingIncomeLoss,USD,2023.0,FY,10-K,2023-02-24,2021-02-01,2022-01-30,10041000000.0
operating_income,OperatingIncomeLoss,USD,2024.0,FY,10-K,2024-02-21,2021-02-01,2022-01-30,10041000000.0
operating_income,OperatingIncomeLoss,USD,2023.0,Q1,10-Q,2022-05-27,2022-01-31,2022-05-01,1868000000.0
operating_income,OperatingIncomeLoss,USD,2024.0,Q1,10-Q,2023-05-26,2022-01-31,2022-05-01,1868000000.0
operating_income,OperatingIncomeLoss,USD,2023.0,Q2,10-Q,2022-08-31,2022-01-31,2022-07-31,2367000000.0
operating_income,OperatingIncomeLoss,USD,2023.0,Q2,10-Q,2022-08-31,2022-05-02,2022-07-31,499000000.0
operating_income,OperatingIncomeLoss,USD,2024.0,Q2,10-Q,2023-08-28,2022-01-31,2022-07-31,2367000000.0
operating_income,OperatingIncomeLoss,USD,2024.0,Q2,10-Q,2023-08-28,2022-05-02,2022-07-31,499000000.0
operating_income,OperatingIncomeLoss,USD,2023.0,Q3,10-Q,2022-11-18,2022-01-31,2022-10-30,2968000000.0
operating_income,OperatingIncomeLoss,USD,2023.0,Q3,10-Q,2022-11-18,2022-08-01,2022-10-30,601000000.0
operating_income,OperatingIncomeLoss,USD,2024.0,Q3,10-Q,2023-11-21,2022-01-31,2022-10-30,2968000000.0
operating_income,OperatingIncomeLoss,USD,2024.0,Q3,10-Q,2023-11-21,2022-08-01,2022-10-30,601000000.0
operating_income,OperatingIncomeLoss,USD,2023.0,FY,10-K,2023-02-24,2022-01-31,2023-01-29,4224000000.0
operating_income,OperatingIncomeLoss,USD,2024.0,FY,10-K,2024-02-21,2022-01-31,2023-01-29,4224000000.0
operating_income,OperatingIncomeLoss,USD,2025.0,FY,10-K,2025-02-26,2022-01-31,2023-01-29,4224000000.0
operating_income,OperatingIncomeLoss,USD,2024.0,Q1,10-Q,2023-05-26,2023-01-30,2023-04-30,2140000000.0
operating_income,OperatingIncomeLoss,USD,2025.0,Q1,10-Q,2024-05-29,2023-01-30,2023-04-30,2140000000.0
operating_income,OperatingIncomeLoss,USD,2024.0,Q2,10-Q,2023-08-28,2023-01-30,2023-07-30,8941000000.0
operating_income,OperatingIncomeLoss,USD,2024.0,Q2,10-Q,2023-08-28,2023-05-01,2023-07-30,6800000000.0
operating_income,OperatingIncomeLoss,USD,2025.0,Q2,10-Q,2024-08-28,2023-01-30,2023-07-30,8941000000.0
operating_income,OperatingIncomeLoss,USD,2025.0,Q2,10-Q,2024-08-28,2023-05-01,2023-07-30,6800000000.0
operating_income,OperatingIncomeLoss,USD,2024.0,Q3,10-Q,2023-11-21,2023-01-30,2023-10-29,19358000000.0
operating_income,OperatingIncomeLoss,USD,2024.0,Q3,10-Q,2023-11-21,2023-07-31,2023-10-29,10417000000.0
operating_income,OperatingIncomeLoss,USD,2025.0,Q3,10-Q,2024-11-20,2023-01-30,2023-10-29,19358000000.0
operating_income,OperatingIncomeLoss,USD,2025.0,Q3,10-Q,2024-11-20,2023-07-31,2023-10-29,10417000000.0
operating_income,OperatingIncomeLoss,USD,2024.0,FY,10-K,2024-02-21,2023-01-30,2024-01-28,32972000000.0
operating_income,OperatingIncomeLoss,USD,2025.0,FY,10-K,2025-02-26,2023-01-30,2024-01-28,32972000000.0
operating_income,OperatingIncomeLoss,USD,2026.0,FY,10-K,2026-02-25,2023-01-30,2024-01-28,32972000000.0
operating_income,OperatingIncomeLoss,USD,2025.0,Q1,10-Q,2024-05-29,2024-01-29,2024-04-28,16909000000.0
operating_income,OperatingIncomeLoss,USD,2026.0,Q1,10-Q,2025-05-28,2024-01-29,2024-04-28,16909000000.0
operating_income,OperatingIncomeLoss,USD,2025.0,Q2,10-Q,2024-08-28,2024-01-29,2024-07-28,35551000000.0
operating_income,OperatingIncomeLoss,USD,2025.0,Q2,10-Q,2024-08-28,2024-04-29,2024-07-28,18642000000.0
operating_income,OperatingIncomeLoss,USD,2026.0,Q2,10-Q,2025-08-27,2024-01-29,2024-07-28,35551000000.0
operating_income,OperatingIncomeLoss,USD,2026.0,Q2,10-Q,2025-08-27,2024-04-29,2024-07-28,18642000000.0
operating_income,OperatingIncomeLoss,USD,2025.0,Q3,10-Q,2024-11-20,2024-01-29,2024-10-27,57419000000.0
operating_income,OperatingIncomeLoss,USD,2025.0,Q3,10-Q,2024-11-20,2024-07-29,2024-10-27,21869000000.0
operating_income,OperatingIncomeLoss,USD,2026.0,Q3,10-Q,2025-11-19,2024-01-29,2024-10-27,57419000000.0
operating_income,OperatingIncomeLoss,USD,2026.0,Q3,10-Q,2025-11-19,2024-07-29,2024-10-27,21869000000.0
operating_income,OperatingIncomeLoss,USD,2025.0,FY,10-K,2025-02-26,2024-01-29,2025-01-26,81453000000.0
operating_income,OperatingIncomeLoss,USD,2026.0,FY,10-K,2026-02-25,2024-01-29,2025-01-26,81453000000.0
operating_income,OperatingIncomeLoss,USD,2026.0,Q1,10-Q,2025-05-28,2025-01-27,2025-04-27,21638000000.0
operating_income,OperatingIncomeLoss,USD,2026.0,Q2,10-Q,2025-08-27,2025-01-27,2025-07-27,50078000000.0
operating_income,OperatingIncomeLoss,USD,2026.0,Q2,10-Q,2025-08-27,2025-04-28,2025-07-27,28440000000.0
operating_income,OperatingIncomeLoss,USD,2026.0,Q3,10-Q,2025-11-19,2025-01-27,2025-10-26,86088000000.0
operating_income,OperatingIncomeLoss,USD,2026.0,Q3,10-Q,2025-11-19,2025-07-28,2025-10-26,36010000000.0
operating_income,OperatingIncomeLoss,USD,2026.0,FY,10-K,2026-02-25,2025-01-27,2026-01-25,130387000000.0
r_and_d,ResearchAndDevelopmentExpense,USD,2010.0,FY,10-K,2010-03-18,2007-01-29,2008-01-27,691637000.0
r_and_d,ResearchAndDevelopmentExpense,USD,2009.0,Q2,10-Q,2009-08-20,2008-01-25,2008-07-27,431740000.0
r_and_d,ResearchAndDevelopmentExpense,USD,2009.0,Q2,10-Q,2009-08-20,2008-04-27,2008-07-27,212910000.0
r_and_d,ResearchAndDevelopmentExpense,USD,2009.0,Q3,10-Q,2009-11-19,2008-01-28,2008-10-26,644100000.0
r_and_d,ResearchAndDevelopmentExpense,USD,2009.0,Q3,10-Q,2009-11-19,2008-07-28,2008-10-26,212360000.0
r_and_d,ResearchAndDevelopmentExpense,USD,2010.0,FY,10-K,2010-03-18,2008-01-28,2009-01-25,855879000.0
r_and_d,ResearchAndDevelopmentExpense,USD,2010.0,FY,10-K,2011-03-16,2008-01-28,2009-01-25,855879000.0
r_and_d,ResearchAndDevelopmentExpense,USD,2010.0,Q2,10-Q,2010-05-21,2009-01-26,2009-04-26,301797000.0
r_and_d,ResearchAndDevelopmentExpense,USD,2009.0,Q2,10-Q,2009-08-20,2009-01-25,2009-07-26,494652000.0
r_and_d,ResearchAndDevelopmentExpense,USD,2009.0,Q2,10-Q,2009-08-20,2009-04-27,2009-07-26,192855000.0
r_and_d,ResearchAndDevelopmentExpense,USD,2010.0,Q3,10-Q,2010-08-30,2009-01-26,2009-07-26,494652000.0
r_and_d,ResearchAndDevelopmentExpense,USD,2010.0,Q3,10-Q,2010-08-30,2009-04-27,2009-07-26,192855000.0
r_and_d,ResearchAndDevelopmentExpense,USD,2009.0,Q3,10-Q,2009-11-19,2009-01-26,2009-10-25,692600000.0
r_and_d,ResearchAndDevelopmentExpense,USD,2009.0,Q3,10-Q,2009-11-19,2009-07-27,2009-10-25,197948000.0
r_and_d,ResearchAndDevelopmentExpense,USD,2010.0,Q3,10-Q,2010-12-07,2009-01-26,2009-10-25,692600000.0
r_and_d,ResearchAndDevelopmentExpense,USD,2010.0,Q3,10-Q,2010-12-07,2009-07-27,2009-10-25,197948000.0
r_and_d,ResearchAndDevelopmentExpense,USD,2010.0,FY,10-K,2010-03-18,2009-01-26,2010-01-31,908851000.0
r_and_d,ResearchAndDevelopmentExpense,USD,2010.0,FY,10-K,2011-03-16,2009-01-26,2010-01-31,908851000.0
r_and_d,ResearchAndDevelopmentExpense,USD,2011.0,FY,10-K,2012-03-13,2009-01-26,2010-01-31,908851000.0
r_and_d,ResearchAndDevelopmentExpense,USD,2010.0,Q2,10-Q,2010-05-21,2010-02-01,2010-05-02,218105000.0
r_and_d,ResearchAndDevelopmentExpense,USD,2011.0,Q1,10-Q,2011-05-27,2010-02-01,2010-05-02,218105000.0
r_and_d,ResearchAndDevelopmentExpense,USD,2010.0,Q3,10-Q,2010-08-30,2010-02-01,2010-08-01,428740000.0
r_and_d,ResearchAndDevelopmentExpense,USD,2010.0,Q3,10-Q,2010-08-30,2010-05-03,2010-08-01,210635000.0
r_and_d,ResearchAndDevelopmentExpense,USD,2011.0,Q2,10-Q,2011-08-25,2010-02-01,2010-08-01,428740000.0
r_and_d,ResearchAndDevelopmentExpense,USD,2011.0,Q2,10-Q,2011-08-25,2010-05-03,2010-08-01,210635000.0
r_and_d,ResearchAndDevelopmentExpense,USD,2010.0,Q3,10-Q,2010-12-07,2010-02-01,2010-10-31,633267000.0
r_and_d,ResearchAndDevelopmentExpense,USD,2010.0,Q3,10-Q,2010-12-07,2010-08-02,2010-10-31,204527000.0
r_and_d,ResearchAndDevelopmentExpense,USD,2011.0,Q3,10-Q,2011-11-22,2010-02-01,2010-10-31,633267000.0
r_and_d,ResearchAndDevelopmentExpense,USD,2011.0,Q3,10-Q,2011-11-22,2010-08-02,2010-10-31,204527000.0
r_and_d,ResearchAndDevelopmentExpense,USD,2010.0,FY,10-K,2011-03-16,2010-02-01,2011-01-30,848830000.0
r_and_d,ResearchAndDevelopmentExpense,USD,2011.0,FY,10-K,2012-03-13,2010-02-01,2011-01-30,848830000.0
r_and_d,ResearchAndDevelopmentExpense,USD,2012.0,FY,10-K,2013-03-12,2010-02-01,2011-01-30,848830000.0
r_and_d,ResearchAndDevelopmentExpense,USD,2011.0,Q1,10-Q,2011-05-27,2011-01-31,2011-05-01,231524000.0
r_and_d,ResearchAndDevelopmentExpense,USD,2012.0,Q1,10-Q,2012-05-23,2011-01-31,2011-05-01,231524000.0
r_and_d,ResearchAndDevelopmentExpense,USD,2011.0,Q2,10-Q,2011-08-25,2011-01-31,2011-07-31,479245000.0
r_and_d,ResearchAndDevelopmentExpense,USD,2011.0,Q2,10-Q,2011-08-25,2011-05-02,2011-07-31,247721000.0
r_and_d,ResearchAndDevelopmentExpense,USD,2012.0,Q2,10-Q,2012-08-22,2011-01-31,2011-07-31,479245000.0
r_and_d,ResearchAndDevelopmentExpense,USD,2012.0,Q2,10-Q,2012-08-22,2011-05-02,2011-07-31,247721000.0
r_and_d,ResearchAndDevelopmentExpense,USD,2011.0,Q3,10-Q,2011-11-22,2011-01-31,2011-10-30,735743000.0
r_and_d,ResearchAndDevelopmentExpense,USD,2011.0,Q3,10-Q,2011-11-22,2011-08-01,2011-10-30,256498000.0
r_and_d,ResearchAndDevelopmentExpense,USD,2012.0,Q3,10-Q,2012-11-19,2011-01-31,2011-10-30,735743000.0
r_and_d,ResearchAndDevelopmentExpense,USD,2012.0,Q3,10-Q,2012-11-19,2011-08-01,2011-10-30,256498000.0
r_and_d,ResearchAndDevelopmentExpense,USD,2011.0,FY,10-K,2012-03-13,2011-01-31,2012-01-29,1002605000.0
r_and_d,ResearchAndDevelopmentExpense,USD,2012.0,FY,10-K,2013-03-12,2011-01-31,2012-01-29,1002605000.0
r_and_d,ResearchAndDevelopmentExpense,USD,2013.0,FY,10-K,2014-03-13,2011-01-31,2012-01-29,1002605000.0
r_and_d,ResearchAndDevelopmentExpense,USD,2012.0,Q1,10-Q,2012-05-23,2012-01-30,2012-04-29,283902000.0
r_and_d,ResearchAndDevelopmentExpense,USD,2013.0,Q1,10-Q,2013-05-22,2012-01-30,2012-04-29,283902000.0
r_and_d,ResearchAndDevelopmentExpense,USD,2012.0,Q2,10-Q,2012-08-22,2012-01-30,2012-07-29,565095000.0
r_and_d,ResearchAndDevelopmentExpense,USD,2012.0,Q2,10-Q,2012-08-22,2012-04-30,2012-07-29,281193000.0
r_and_d,ResearchAndDevelopmentExpense,USD,2013.0,Q2,10-Q,2013-08-21,2012-01-30,2012-07-29,565095000.0
r_and_d,ResearchAndDevelopmentExpense,USD,2013.0,Q2,10-Q,2013-08-21,2012-04-30,2012-07-29,281193000.0
r_and_d,ResearchAndDevelopmentExpense,USD,2012.0,Q3,10-Q,2012-11-19,2012-01-30,2012-10-28,849275000.0
r_and_d,ResearchAndDevelopmentExpense,USD,2012.0,Q3,10-Q,2012-11-19,2012-07-30,2012-10-28,284180000.0
r_and_d,ResearchAndDevelopmentExpense,USD,2013.0,Q3,10-Q,2013-11-19,2012-01-30,2012-10-28,849275000.0
r_and_d,ResearchAndDevelopmentExpense,USD,2013.0,Q3,10-Q,2013-11-19,2012-07-30,2012-10-28,284180000.0
r_and_d,ResearchAndDevelopmentExpense,USD,2012.0,FY,10-K,2013-03-12,2012-01-30,2013-01-27,1147282000.0
r_and_d,ResearchAndDevelopmentExpense,USD,2013.0,FY,10-K,2014-03-13,2012-01-30,2013-01-27,1147282000.0
r_and_d,ResearchAndDevelopmentExpense,USD,2015.0,FY,10-K,2015-03-12,2012-01-30,2013-01-27,1147282000.0
r_and_d,ResearchAndDevelopmentExpense,USD,2013.0,Q1,10-Q,2013-05-22,2013-01-28,2013-04-28,327161000.0
r_and_d,ResearchAndDevelopmentExpense,USD,2014.0,Q1,10-Q,2014-05-21,2013-01-28,2013-04-28,327161000.0
r_and_d,ResearchAndDevelopmentExpense,USD,2013.0,Q2,10-Q,2013-08-21,2013-01-28,2013-07-28,658899000.0
r_and_d,ResearchAndDevelopmentExpense,USD,2013.0,Q2,10-Q,2013-08-21,2013-04-29,2013-07-28,331738000.0
r_and_d,ResearchAndDevelopmentExpense,USD,2015.0,Q2,10-Q,2014-08-20,2013-01-28,2013-07-28,658899000.0
r_and_d,ResearchAndDevelopmentExpense,USD,2015.0,Q2,10-Q,2014-08-20,2013-04-29,2013-07-28,331738000.0
r_and_d,ResearchAndDevelopmentExpense,USD,2013.0,Q3,10-Q,2013-11-19,2013-01-28,2013-10-27,999193000.0
r_and_d,ResearchAndDevelopmentExpense,USD,2013.0,Q3,10-Q,2013-11-19,2013-07-29,2013-10-27,340294000.0
r_and_d,ResearchAndDevelopmentExpense,USD,2015.0,Q3,10-Q,2014-11-19,2013-01-28,2013-10-27,999193000.0
r_and_d,ResearchAndDevelopmentExpense,USD,2015.0,Q3,10-Q,2014-11-19,2013-07-29,2013-10-27,340294000.0
r_and_d,ResearchAndDevelopmentExpense,USD,2013.0,FY,10-K,2014-03-13,2013-01-28,2014-01-26,1335834000.0
r_and_d,ResearchAndDevelopmentExpense,USD,2015.0,FY,10-K,2015-03-12,2013-01-28,2014-01-26,1335834000.0
r_and_d,ResearchAndDevelopmentExpense,USD,2016.0,FY,10-K,2016-03-17,2013-01-28,2014-01-26,1336000000.0
r_and_d,ResearchAndDevelopmentExpense,USD,2014.0,Q1,10-Q,2014-05-21,2014-01-27,2014-04-27,334263000.0
r_and_d,ResearchAndDevelopmentExpense,USD,2016.0,Q1,10-Q,2015-05-20,2014-01-27,2014-04-27,334000000.0
r_and_d,ResearchAndDevelopmentExpense,USD,2015.0,Q2,10-Q,2014-08-20,2014-01-27,2014-07-27,671387000.0
r_and_d,ResearchAndDevelopmentExpense,USD,2015.0,Q2,10-Q,2014-08-20,2014-04-28,2014-07-27,337124000.0
r_and_d,ResearchAndDevelopmentExpense,USD,2016.0,Q2,10-Q,2015-08-19,2014-01-27,2014-07-27,672000000.0
r_and_d,ResearchAndDevelopmentExpense,USD,2016.0,Q2,10-Q,2015-08-19,2014-04-28,2014-07-27,337000000.0
r_and_d,ResearchAndDevelopmentExpense,USD,2015.0,Q3,10-Q,2014-11-19,2014-01-27,2014-10-26,1011472000.0
r_and_d,ResearchAndDevelopmentExpense,USD,2015.0,Q3,10-Q,2014-11-19,2014-07-28,2014-10-26,340085000.0
r_and_d,ResearchAndDevelopmentExpense,USD,2016.0,Q3,10-Q,2015-11-18,2014-01-27,2014-10-26,1011000000.0
r_and_d,ResearchAndDevelopmentExpense,USD,2016.0,Q3,10-Q,2015-11-18,2014-07-28,2014-10-26,340000000.0
r_and_d,ResearchAndDevelopmentExpense,USD,2015.0,FY,10-K,2015-03-12,2014-01-27,2015-01-25,1359725000.0
r_and_d,ResearchAndDevelopmentExpense,USD,2016.0,FY,10-K,2016-03-17,2014-01-27,2015-01-25,1360000000.0
r_and_d,ResearchAndDevelopmentExpense,USD,2017.0,FY,10-K,2017-03-01,2014-01-27,2015-01-25,1360000000.0
r_and_d,ResearchAndDevelopmentExpense,USD,2016.0,Q1,10-Q,2015-05-20,2015-01-26,2015-04-26,339000000.0
r_and_d,ResearchAndDevelopmentExpense,USD,2017.0,Q1,10-Q,2016-05-25,2015-01-26,2015-04-26,339000000.0
r_and_d,ResearchAndDevelopmentExpense,USD,2016.0,Q2,10-Q,2015-08-19,2015-01-26,2015-07-26,658000000.0
r_and_d,ResearchAndDevelopmentExpense,USD,2016.0,Q2,10-Q,2015-08-19,2015-04-27,2015-07-26,320000000.0
r_and_d,ResearchAndDevelopmentExpense,USD,2017.0,Q2,10-Q,2016-08-23,2015-01-26,2015-07-26,658000000.0
r_and_d,ResearchAndDevelopmentExpense,USD,2017.0,Q2,10-Q,2016-08-23,2015-04-27,2015-07-26,320000000.0
r_and_d,ResearchAndDevelopmentExpense,USD,2016.0,Q3,10-Q,2015-11-18,2015-01-26,2015-10-25,987000000.0
r_and_d,ResearchAndDevelopmentExpense,USD,2016.0,Q3,10-Q,2015-11-18,2015-07-27,2015-10-25,329000000.0
r_and_d,ResearchAndDevelopmentExpense,USD,2017.0,Q3,10-Q,2016-11-22,2015-01-26,2015-10-25,987000000.0
r_and_d,ResearchAndDevelopmentExpense,USD,2017.0,Q3,10-Q,2016-11-22,2015-07-27,2015-10-25,329000000.0
r_and_d,ResearchAndDevelopmentExpense,USD,2016.0,FY,10-K,2016-03-17,2015-01-26,2016-01-31,1331000000.0
r_and_d,ResearchAndDevelopmentExpense,USD,2017.0,FY,10-K,2017-03-01,2015-01-26,2016-01-31,1331000000.0
r_and_d,ResearchAndDevelopmentExpense,USD,2018.0,FY,10-K,2018-02-28,2015-01-26,2016-01-31,1331000000.0
r_and_d,ResearchAndDevelopmentExpense,USD,2017.0,Q1,10-Q,2016-05-25,2016-02-01,2016-05-01,346000000.0
r_and_d,ResearchAndDevelopmentExpense,USD,2018.0,Q1,10-Q,2017-05-23,2016-02-01,2016-05-01,346000000.0
r_and_d,ResearchAndDevelopmentExpense,USD,2017.0,Q2,10-Q,2016-08-23,2016-02-01,2016-07-31,697000000.0
r_and_d,ResearchAndDevelopmentExpense,USD,2017.0,Q2,10-Q,2016-08-23,2016-05-02,2016-07-31,350000000.0
r_and_d,ResearchAndDevelopmentExpense,USD,2018.0,Q2,10-Q,2017-08-23,2016-02-01,2016-07-31,697000000.0
r_and_d,ResearchAndDevelopmentExpense,USD,2018.0,Q2,10-Q,2017-08-23,2016-05-02,2016-07-31,350000000.0
r_and_d,ResearchAndDevelopmentExpense,USD,2017.0,Q3,10-Q,2016-11-22,2016-02-01,2016-10-30,1069000000.0
r_and_d,ResearchAndDevelopmentExpense,USD,2017.0,Q3,10-Q,2016-11-22,2016-08-01,2016-10-30,373000000.0
r_and_d,ResearchAndDevelopmentExpense,USD,2018.0,Q3,10-Q,2017-11-21,2016-02-01,2016-10-30,1069000000.0
r_and_d,ResearchAndDevelopmentExpense,USD,2018.0,Q3,10-Q,2017-11-21,2016-08-01,2016-10-30,373000000.0
r_and_d,ResearchAndDevelopmentExpense,USD,2017.0,FY,10-K,2017-03-01,2016-02-01,2017-01-29,1463000000.0
r_and_d,ResearchAndDevelopmentExpense,USD,2018.0,FY,10-K,2018-02-28,2016-02-01,2017-01-29,1463000000.0
r_and_d,ResearchAndDevelopmentExpense,USD,2019.0,FY,10-K,2019-02-21,2016-02-01,2017-01-29,1463000000.0
r_and_d,ResearchAndDevelopmentExpense,USD,2018.0,Q1,10-Q,2017-05-23,2017-01-30,2017-04-30,411000000.0
r_and_d,ResearchAndDevelopmentExpense,USD,2019.0,Q1,10-Q,2018-05-22,2017-01-30,2017-04-30,411000000.0
r_and_d,ResearchAndDevelopmentExpense,USD,2018.0,Q2,10-Q,2017-08-23,2017-01-30,2017-07-30,827000000.0
r_and_d,ResearchAndDevelopmentExpense,USD,2018.0,Q2,10-Q,2017-08-23,2017-05-01,2017-07-30,416000000.0
r_and_d,ResearchAndDevelopmentExpense,USD,2019.0,Q2,10-Q,2018-08-16,2017-01-30,2017-07-30,827000000.0
r_and_d,ResearchAndDevelopmentExpense,USD,2019.0,Q2,10-Q,2018-08-16,2017-05-01,2017-07-30,416000000.0
r_and_d,ResearchAndDevelopmentExpense,USD,2018.0,Q3,10-Q,2017-11-21,2017-01-30,2017-10-29,1290000000.0
r_and_d,ResearchAndDevelopmentExpense,USD,2018.0,Q3,10-Q,2017-11-21,2017-07-31,2017-10-29,462000000.0
r_and_d,ResearchAndDevelopmentExpense,USD,2019.0,Q3,10-Q,2018-11-15,2017-01-30,2017-10-29,1290000000.0
r_and_d,ResearchAndDevelopmentExpense,USD,2019.0,Q3,10-Q,2018-11-15,2017-07-31,2017-10-29,462000000.0
r_and_d,ResearchAndDevelopmentExpense,USD,2018.0,FY,10-K,2018-02-28,2017-01-30,2018-01-28,1797000000.0
r_and_d,ResearchAndDevelopmentExpense,USD,2019.0,FY,10-K,2019-02-21,2017-01-30,2018-01-28,1797000000.0
r_and_d,ResearchAndDevelopmentExpense,USD,2020.0,FY,10-K,2020-02-20,2017-01-30,2018-01-28,1797000000.0
r_and_d,ResearchAndDevelopmentExpense,USD,2019.0,Q1,10-Q,2018-05-22,2018-01-29,2018-04-29,542000000.0
r_and_d,ResearchAndDevelopmentExpense,USD,2020.0,Q1,10-Q,2019-05-16,2018-01-29,2018-04-29,542000000.0
r_and_d,ResearchAndDevelopmentExpense,USD,2019.0,Q2,10-Q,2018-08-16,2018-01-29,2018-07-29,1124000000.0
r_and_d,ResearchAndDevelopmentExpense,USD,2019.0,Q2,10-Q,2018-08-16,2018-04-30,2018-07-29,581000000.0
r_and_d,ResearchAndDevelopmentExpense,USD,2020.0,Q2,10-Q,2019-08-15,2018-01-29,2018-07-29,1124000000.0
r_and_d,ResearchAndDevelopmentExpense,USD,2020.0,Q2,10-Q,2019-08-15,2018-04-30,2018-07-29,581000000.0
r_and_d,ResearchAndDevelopmentExpense,USD,2019.0,Q3,10-Q,2018-11-15,2018-01-29,2018-10-28,1729000000.0
r_and_d,ResearchAndDevelopmentExpense,USD,2019.0,Q3,10-Q,2018-11-15,2018-07-30,2018-10-28,605000000.0
r_and_d,ResearchAndDevelopmentExpense,USD,2020.0,Q3,10-Q,2019-11-14,2018-01-29,2018-10-28,1729000000.0
r_and_d,ResearchAndDevelopmentExpense,USD,2020.0,Q3,10-Q,2019-11-14,2018-07-30,2018-10-28,605000000.0
r_and_d,ResearchAndDevelopmentExpense,USD,2019.0,FY,10-K,2019-02-21,2018-01-29,2019-01-27,2376000000.0
r_and_d,ResearchAndDevelopmentExpense,USD,2020.0,FY,10-K,2020-02-20,2018-01-29,2019-01-27,2376000000.0
r_and_d,ResearchAndDevelopmentExpense,USD,2021.0,FY,10-K,2021-02-26,2018-01-29,2019-01-27,2376000000.0
r_and_d,ResearchAndDevelopmentExpense,USD,2020.0,Q1,10-Q,2019-05-16,2019-01-28,2019-04-28,674000000.0
r_and_d,ResearchAndDevelopmentExpense,USD,2020.0,Q1,10-Q,2020-05-21,2019-01-28,2019-04-28,674000000.0
r_and_d,ResearchAndDevelopmentExpense,USD,2020.0,Q2,10-Q,2019-08-15,2019-01-28,2019-07-28,1379000000.0
r_and_d,ResearchAndDevelopmentExpense,USD,2020.0,Q2,10-Q,2019-08-15,2019-04-29,2019-07-28,704000000.0
r_and_d,ResearchAndDevelopmentExpense,USD,2020.0,Q2,10-Q,2020-08-19,2019-01-28,2019-07-28,1379000000.0
r_and_d,ResearchAndDevelopmentExpense,USD,2020.0,Q2,10-Q,2020-08-19,2019-04-29,2019-07-28,704000000.0
r_and_d,ResearchAndDevelopmentExpense,USD,2020.0,Q3,10-Q,2019-11-14,2019-01-28,2019-10-27,2091000000.0
r_and_d,ResearchAndDevelopmentExpense,USD,2020.0,Q3,10-Q,2019-11-14,2019-07-29,2019-10-27,712000000.0
r_and_d,ResearchAndDevelopmentExpense,USD,2021.0,Q3,10-Q,2020-11-18,2019-01-28,2019-10-27,2091000000.0
r_and_d,ResearchAndDevelopmentExpense,USD,2021.0,Q3,10-Q,2020-11-18,2019-07-29,2019-10-27,712000000.0
r_and_d,ResearchAndDevelopmentExpense,USD,2020.0,FY,10-K,2020-02-20,2019-01-28,2020-01-26,2829000000.0
r_and_d,ResearchAndDevelopmentExpense,USD,2021.0,FY,10-K,2021-02-26,2019-01-28,2020-01-26,2829000000.0
r_and_d,ResearchAndDevelopmentExpense,USD,2022.0,FY,10-K,2022-03-18,2019-01-28,2020-01-26,2829000000.0
r_and_d,ResearchAndDevelopmentExpense,USD,2020.0,Q1,10-Q,2020-05-21,2020-01-27,2020-04-26,735000000.0
r_and_d,ResearchAndDevelopmentExpense,USD,2022.0,Q1,10-Q,2021-05-26,2020-01-27,2020-04-26,735000000.0
r_and_d,ResearchAndDevelopmentExpense,USD,2020.0,Q2,10-Q,2020-08-19,2020-01-27,2020-07-26,1732000000.0
r_and_d,ResearchAndDevelopmentExpense,USD,2020.0,Q2,10-Q,2020-08-19,2020-04-27,2020-07-26,997000000.0
r_and_d,ResearchAndDevelopmentExpense,USD,2022.0,Q2,10-Q,2021-08-20,2020-01-27,2020-07-26,1732000000.0
r_and_d,ResearchAndDevelopmentExpense,USD,2022.0,Q2,10-Q,2021-08-20,2020-04-27,2020-07-26,997000000.0
r_and_d,ResearchAndDevelopmentExpense,USD,2021.0,Q3,10-Q,2020-11-18,2020-01-27,2020-10-25,2778000000.0
r_and_d,ResearchAndDevelopmentExpense,USD,2021.0,Q3,10-Q,2020-11-18,2020-07-27,2020-10-25,1047000000.0
r_and_d,ResearchAndDevelopmentExpense,USD,2022.0,Q3,10-Q,2021-11-22,2020-01-27,2020-10-25,2778000000.0
r_and_d,ResearchAndDevelopmentExpense,USD,2022.0,Q3,10-Q,2021-11-22,2020-07-27,2020-10-25,1047000000.0
r_and_d,ResearchAndDevelopmentExpense,USD,2021.0,FY,10-K,2021-02-26,2020-01-27,2021-01-31,3924000000.0
r_and_d,ResearchAndDevelopmentExpense,USD,2022.0,FY,10-K,2022-03-18,2020-01-27,2021-01-31,3924000000.0
r_and_d,ResearchAndDevelopmentExpense,USD,2023.0,FY,10-K,2023-02-24,2020-01-27,2021-01-31,3924000000.0
r_and_d,ResearchAndDevelopmentExpense,USD,2022.0,Q1,10-Q,2021-05-26,2021-02-01,2021-05-02,1153000000.0
r_and_d,ResearchAndDevelopmentExpense,USD,2023.0,Q1,10-Q,2022-05-27,2021-02-01,2021-05-02,1153000000.0
r_and_d,ResearchAndDevelopmentExpense,USD,2022.0,Q2,10-Q,2021-08-20,2021-02-01,2021-08-01,2398000000.0
r_and_d,ResearchAndDevelopmentExpense,USD,2022.0,Q2,10-Q,2021-08-20,2021-05-03,2021-08-01,1245000000.0
r_and_d,ResearchAndDevelopmentExpense,USD,2023.0,Q2,10-Q,2022-08-31,2021-02-01,2021-08-01,2398000000.0
r_and_d,ResearchAndDevelopmentExpense,USD,2023.0,Q2,10-Q,2022-08-31,2021-05-03,2021-08-01,1245000000.0
r_and_d,ResearchAndDevelopmentExpense,USD,2022.0,Q3,10-Q,2021-11-22,2021-02-01,2021-10-31,3802000000.0
r_and_d,ResearchAndDevelopmentExpense,USD,2022.0,Q3,10-Q,2021-11-22,2021-08-02,2021-10-31,1403000000.0
r_and_d,ResearchAndDevelopmentExpense,USD,2023.0,Q3,10-Q,2022-11-18,2021-02-01,2021-10-31,3802000000.0
r_and_d,ResearchAndDevelopmentExpense,USD,2023.0,Q3,10-Q,2022-11-18,2021-08-02,2021-10-31,1403000000.0
r_and_d,ResearchAndDevelopmentExpense,USD,2022.0,FY,10-K,2022-03-18,2021-02-01,2022-01-30,5268000000.0
r_and_d,ResearchAndDevelopmentExpense,USD,2023.0,FY,10-K,2023-02-24,2021-02-01,2022-01-30,5268000000.0
r_and_d,ResearchAndDevelopmentExpense,USD,2024.0,FY,10-K,2024-02-21,2021-02-01,2022-01-30,5268000000.0
r_and_d,ResearchAndDevelopmentExpense,USD,2023.0,Q1,10-Q,2022-05-27,2022-01-31,2022-05-01,1618000000.0
r_and_d,ResearchAndDevelopmentExpense,USD,2024.0,Q1,10-Q,2023-05-26,2022-01-31,2022-05-01,1618000000.0
r_and_d,ResearchAndDevelopmentExpense,USD,2023.0,Q2,10-Q,2022-08-31,2022-01-31,2022-07-31,3443000000.0
r_and_d,ResearchAndDevelopmentExpense,USD,2023.0,Q2,10-Q,2022-08-31,2022-05-02,2022-07-31,1824000000.0
r_and_d,ResearchAndDevelopmentExpense,USD,2024.0,Q2,10-Q,2023-08-28,2022-01-31,2022-07-31,3443000000.0
r_and_d,ResearchAndDevelopmentExpense,USD,2024.0,Q2,10-Q,2023-08-28,2022-05-02,2022-07-31,1824000000.0
r_and_d,ResearchAndDevelopmentExpense,USD,2023.0,Q3,10-Q,2022-11-18,2022-01-31,2022-10-30,5387000000.0
r_and_d,ResearchAndDevelopmentExpense,USD,2023.0,Q3,10-Q,2022-11-18,2022-08-01,2022-10-30,1945000000.0
r_and_d,ResearchAndDevelopmentExpense,USD,2024.0,Q3,10-Q,2023-11-21,2022-01-31,2022-10-30,5387000000.0
r_and_d,ResearchAndDevelopmentExpense,USD,2024.0,Q3,10-Q,2023-11-21,2022-08-01,2022-10-30,1945000000.0
r_and_d,ResearchAndDevelopmentExpense,USD,2023.0,FY,10-K,2023-02-24,2022-01-31,2023-01-29,7339000000.0
r_and_d,ResearchAndDevelopmentExpense,USD,2024.0,FY,10-K,2024-02-21,2022-01-31,2023-01-29,7339000000.0
r_and_d,ResearchAndDevelopmentExpense,USD,2025.0,FY,10-K,2025-02-26,2022-01-31,2023-01-29,7339000000.0
r_and_d,ResearchAndDevelopmentExpense,USD,2024.0,Q1,10-Q,2023-05-26,2023-01-30,2023-04-30,1875000000.0
r_and_d,ResearchAndDevelopmentExpense,USD,2025.0,Q1,10-Q,2024-05-29,2023-01-30,2023-04-30,1875000000.0
r_and_d,ResearchAndDevelopmentExpense,USD,2024.0,Q2,10-Q,2023-08-28,2023-01-30,2023-07-30,3916000000.0
r_and_d,ResearchAndDevelopmentExpense,USD,2024.0,Q2,10-Q,2023-08-28,2023-05-01,2023-07-30,2040000000.0
r_and_d,ResearchAndDevelopmentExpense,USD,2025.0,Q2,10-Q,2024-08-28,2023-01-30,2023-07-30,3916000000.0
r_and_d,ResearchAndDevelopmentExpense,USD,2025.0,Q2,10-Q,2024-08-28,2023-05-01,2023-07-30,2040000000.0
r_and_d,ResearchAndDevelopmentExpense,USD,2024.0,Q3,10-Q,2023-11-21,2023-01-30,2023-10-29,6210000000.0
r_and_d,ResearchAndDevelopmentExpense,USD,2024.0,Q3,10-Q,2023-11-21,2023-07-31,2023-10-29,2294000000.0
r_and_d,ResearchAndDevelopmentExpense,USD,2025.0,Q3,10-Q,2024-11-20,2023-01-30,2023-10-29,6210000000.0
r_and_d,ResearchAndDevelopmentExpense,USD,2025.0,Q3,10-Q,2024-11-20,2023-07-31,2023-10-29,2294000000.0
r_and_d,ResearchAndDevelopmentExpense,USD,2024.0,FY,10-K,2024-02-21,2023-01-30,2024-01-28,8675000000.0
r_and_d,ResearchAndDevelopmentExpense,USD,2025.0,FY,10-K,2025-02-26,2023-01-30,2024-01-28,8675000000.0
r_and_d,ResearchAndDevelopmentExpense,USD,2026.0,FY,10-K,2026-02-25,2023-01-30,2024-01-28,8675000000.0
r_and_d,ResearchAndDevelopmentExpense,USD,2025.0,Q1,10-Q,2024-05-29,2024-01-29,2024-04-28,2720000000.0
r_and_d,ResearchAndDevelopmentExpense,USD,2026.0,Q1,10-Q,2025-05-28,2024-01-29,2024-04-28,2720000000.0
r_and_d,ResearchAndDevelopmentExpense,USD,2025.0,Q2,10-Q,2024-08-28,2024-01-29,2024-07-28,5810000000.0
r_and_d,ResearchAndDevelopmentExpense,USD,2025.0,Q2,10-Q,2024-08-28,2024-04-29,2024-07-28,3090000000.0
r_and_d,ResearchAndDevelopmentExpense,USD,2026.0,Q2,10-Q,2025-08-27,2024-01-29,2024-07-28,5810000000.0
r_and_d,ResearchAndDevelopmentExpense,USD,2026.0,Q2,10-Q,2025-08-27,2024-04-29,2024-07-28,3090000000.0
r_and_d,ResearchAndDevelopmentExpense,USD,2025.0,Q3,10-Q,2024-11-20,2024-01-29,2024-10-27,9200000000.0
r_and_d,ResearchAndDevelopmentExpense,USD,2025.0,Q3,10-Q,2024-11-20,2024-07-29,2024-10-27,3390000000.0
r_and_d,ResearchAndDevelopmentExpense,USD,2026.0,Q3,10-Q,2025-11-19,2024-01-29,2024-10-27,9200000000.0
r_and_d,ResearchAndDevelopmentExpense,USD,2026.0,Q3,10-Q,2025-11-19,2024-07-29,2024-10-27,3390000000.0
r_and_d,ResearchAndDevelopmentExpense,USD,2025.0,FY,10-K,2025-02-26,2024-01-29,2025-01-26,12914000000.0
r_and_d,ResearchAndDevelopmentExpense,USD,2026.0,FY,10-K,2026-02-25,2024-01-29,2025-01-26,12914000000.0
r_and_d,ResearchAndDevelopmentExpense,USD,2026.0,Q1,10-Q,2025-05-28,2025-01-27,2025-04-27,3989000000.0
r_and_d,ResearchAndDevelopmentExpense,USD,2026.0,Q2,10-Q,2025-08-27,2025-01-27,2025-07-27,8280000000.0
r_and_d,ResearchAndDevelopmentExpense,USD,2026.0,Q2,10-Q,2025-08-27,2025-04-28,2025-07-27,4291000000.0
r_and_d,ResearchAndDevelopmentExpense,USD,2026.0,Q3,10-Q,2025-11-19,2025-01-27,2025-10-26,12985000000.0
r_and_d,ResearchAndDevelopmentExpense,USD,2026.0,Q3,10-Q,2025-11-19,2025-07-28,2025-10-26,4705000000.0
r_and_d,ResearchAndDevelopmentExpense,USD,2026.0,FY,10-K,2026-02-25,2025-01-27,2026-01-25,18497000000.0
revenue,Revenues,USD,2010.0,FY,10-K,2010-03-18,2007-01-29,2008-01-27,4097860000.0
revenue,Revenues,USD,2009.0,Q2,10-Q,2009-08-20,2008-01-25,2008-07-27,2046064000.0
revenue,Revenues,USD,2009.0,Q2,10-Q,2009-08-20,2008-04-27,2008-07-27,892676000.0
revenue,Revenues,USD,2009.0,Q3,10-Q,2009-11-19,2008-01-28,2008-10-26,2943719000.0
revenue,Revenues,USD,2009.0,Q3,10-Q,2009-11-19,2008-07-28,2008-10-26,897655000.0
revenue,Revenues,USD,2010.0,FY,10-K,2010-03-18,2008-01-28,2009-01-25,3424859000.0
revenue,Revenues,USD,2010.0,FY,10-K,2011-03-16,2008-01-28,2009-01-25,3424859000.0
revenue,Revenues,USD,2010.0,Q2,10-Q,2010-05-21,2009-01-26,2009-04-26,664231000.0
revenue,Revenues,USD,2010.0,FY,10-K,2011-03-16,2009-01-26,2009-04-26,664231000.0
revenue,Revenues,USD,2009.0,Q2,10-Q,2009-08-20,2009-01-25,2009-07-26,1440751000.0
revenue,Revenues,USD,2009.0,Q2,10-Q,2009-08-20,2009-04-27,2009-07-26,776520000.0
revenue,Revenues,USD,2010.0,Q3,10-Q,2010-08-30,2009-01-26,2009-07-26,1440751000.0
revenue,Revenues,USD,2010.0,Q3,10-Q,2010-08-30,2009-04-27,2009-07-26,776520000.0
revenue,Revenues,USD,2010.0,FY,10-K,2011-03-16,2009-04-27,2009-07-26,776520000.0
revenue,Revenues,USD,2009.0,Q3,10-Q,2009-11-19,2009-01-26,2009-10-25,2343957000.0
revenue,Revenues,USD,2009.0,Q3,10-Q,2009-11-19,2009-07-27,2009-10-25,903206000.0
revenue,Revenues,USD,2010.0,Q3,10-Q,2010-12-07,2009-01-26,2009-10-25,2343957000.0
revenue,Revenues,USD,2010.0,Q3,10-Q,2010-12-07,2009-07-27,2009-10-25,903206000.0
revenue,Revenues,USD,2010.0,FY,10-K,2011-03-16,2009-07-27,2009-10-25,903206000.0
revenue,Revenues,USD,2010.0,FY,10-K,2010-03-18,2009-01-26,2010-01-31,3326445000.0
revenue,Revenues,USD,2010.0,FY,10-K,2011-03-16,2009-01-26,2010-01-31,3326445000.0
revenue,Revenues,USD,2010.0,FY,10-K,2011-03-16,2009-10-26,2010-01-31,982488000.0
revenue,Revenues,USD,2011.0,FY,10-K,2012-03-13,2009-01-26,2010-01-31,3326445000.0
revenue,Revenues,USD,2010.0,Q2,10-Q,2010-05-21,2010-02-01,2010-05-02,1001813000.0
revenue,Revenues,USD,2010.0,FY,10-K,2011-03-16,2010-02-01,2010-05-02,1001813000.0
revenue,Revenues,USD,2011.0,Q1,10-Q,2011-05-27,2010-02-01,2010-05-02,1001813000.0
revenue,Revenues,USD,2011.0,FY,10-K,2012-03-13,2010-02-01,2010-05-02,1001813000.0
revenue,Revenues,USD,2011.0,FY,10-K,2012-03-13,2010-05-03,2010-07-31,811208000.0
revenue,Revenues,USD,2010.0,Q3,10-Q,2010-08-30,2010-02-01,2010-08-01,1813021000.0
revenue,Revenues,USD,2010.0,Q3,10-Q,2010-08-30,2010-05-03,2010-08-01,811208000.0
revenue,Revenues,USD,2010.0,FY,10-K,2011-03-16,2010-05-03,2010-08-01,811208000.0
revenue,Revenues,USD,2011.0,Q2,10-Q,2011-08-25,2010-02-01,2010-08-01,1813021000.0
revenue,Revenues,USD,2011.0,Q2,10-Q,2011-08-25,2010-05-03,2010-08-01,811208000.0
revenue,Revenues,USD,2010.0,Q3,10-Q,2010-12-07,2010-02-01,2010-10-31,2656933000.0
revenue,Revenues,USD,2010.0,Q3,10-Q,2010-12-07,2010-08-02,2010-10-31,843912000.0
revenue,Revenues,USD,2010.0,FY,10-K,2011-03-16,2010-08-02,2010-10-31,843912000.0
revenue,Revenues,USD,2011.0,Q3,10-Q,2011-11-22,2010-02-01,2010-10-31,2656933000.0
revenue,Revenues,USD,2011.0,Q3,10-Q,2011-11-22,2010-08-02,2010-10-31,843912000.0
revenue,Revenues,USD,2011.0,FY,10-K,2012-03-13,2010-08-02,2010-10-31,843912000.0
revenue,Revenues,USD,2010.0,FY,10-K,2011-03-16,2010-02-01,2011-01-30,3543309000.0
revenue,Revenues,USD,2010.0,FY,10-K,2011-03-16,2010-11-01,2011-01-30,886376000.0
revenue,Revenues,USD,2011.0,FY,10-K,2012-03-13,2010-02-01,2011-01-30,3543309000.0
revenue,Revenues,USD,2011.0,FY,10-K,2012-03-13,2010-11-01,2011-01-30,886376000.0
revenue,Revenues,USD,2012.0,FY,10-K,2013-03-12,2010-02-01,2011-01-30,3543309000.0
revenue,Revenues,USD,2011.0,Q1,10-Q,2011-05-27,2011-01-31,2011-05-01,962039000.0
revenue,Revenues,USD,2011.0,FY,10-K,2012-03-13,2011-01-31,2011-05-01,962039000.0
revenue,Revenues,USD,2012.0,Q1,10-Q,2012-05-23,2011-01-31,2011-05-01,962039000.0
revenue,Revenues,USD,2012.0,FY,10-K,2013-03-12,2011-01-31,2011-05-01,962039000.0
revenue,Revenues,USD,2011.0,Q2,10-Q,2011-08-25,2011-01-31,2011-07-31,1978556000.0
revenue,Revenues,USD,2011.0,Q2,10-Q,2011-08-25,2011-05-02,2011-07-31,1016517000.0
revenue,Revenues,USD,2011.0,FY,10-K,2012-03-13,2011-05-02,2011-07-31,1016517000.0
revenue,Revenues,USD,2012.0,Q2,10-Q,2012-08-22,2011-01-31,2011-07-31,1978556000.0
revenue,Revenues,USD,2012.0,Q2,10-Q,2012-08-22,2011-05-02,2011-07-31,1016517000.0
revenue,Revenues,USD,2012.0,FY,10-K,2013-03-12,2011-05-02,2011-07-31,1016517000.0
revenue,Revenues,USD,2011.0,Q3,10-Q,2011-11-22,2011-01-31,2011-10-30,3044736000.0
revenue,Revenues,USD,2011.0,Q3,10-Q,2011-11-22,2011-08-01,2011-10-30,1066180000.0
revenue,Revenues,USD,2011.0,FY,10-K,2012-03-13,2011-08-01,2011-10-30,1066180000.0
revenue,Revenues,USD,2012.0,Q3,10-Q,2012-11-19,2011-01-31,2011-10-30,3044736000.0
revenue,Revenues,USD,2012.0,Q3,10-Q,2012-11-19,2011-08-01,2011-10-30,1066180000.0
revenue,Revenues,USD,2012.0,FY,10-K,2013-03-12,2011-08-01,2011-10-30,1066180000.0
revenue,Revenues,USD,2011.0,FY,10-K,2012-03-13,2011-01-31,2012-01-29,3997930000.0
revenue,Revenues,USD,2011.0,FY,10-K,2012-03-13,2011-10-31,2012-01-29,953194000.0
revenue,Revenues,USD,2012.0,FY,10-K,2013-03-12,2011-01-31,2012-01-29,3997930000.0
revenue,Revenues,USD,2012.0,FY,10-K,2013-03-12,2011-10-31,2012-01-29,953194000.0
revenue,Revenues,USD,2013.0,FY,10-K,2014-03-13,2011-01-31,2012-01-29,3997930000.0
revenue,Revenues,USD,2012.0,Q1,10-Q,2012-05-23,2012-01-30,2012-04-29,924877000.0
revenue,Revenues,USD,2012.0,FY,10-K,2013-03-12,2012-01-30,2012-04-29,924877000.0
revenue,Revenues,USD,2013.0,Q1,10-Q,2013-05-22,2012-01-30,2012-04-29,924877000.0
revenue,Revenues,USD,2013.0,FY,10-K,2014-03-13,2012-01-30,2012-04-29,924877000.0
revenue,Revenues,USD,2012.0,Q2,10-Q,2012-08-22,2012-01-30,2012-07-29,1969147000.0
revenue,Revenues,USD,2012.0,Q2,10-Q,2012-08-22,2012-04-30,2012-07-29,1044270000.0
revenue,Revenues,USD,2012.0,FY,10-K,2013-03-12,2012-04-30,2012-07-29,1044270000.0
revenue,Revenues,USD,2013.0,Q2,10-Q,2013-08-21,2012-01-30,2012-07-29,1969147000.0
revenue,Revenues,USD,2013.0,Q2,10-Q,2013-08-21,2012-04-30,2012-07-29,1044270000.0
revenue,Revenues,USD,2013.0,FY,10-K,2014-03-13,2012-04-30,2012-07-29,1044270000.0
revenue,Revenues,USD,2012.0,Q3,10-Q,2012-11-19,2012-01-30,2012-10-28,3173257000.0
revenue,Revenues,USD,2012.0,Q3,10-Q,2012-11-19,2012-07-30,2012-10-28,1204110000.0
revenue,Revenues,USD,2012.0,FY,10-K,2013-03-12,2012-07-30,2012-10-28,1204110000.0
revenue,Revenues,USD,2013.0,Q3,10-Q,2013-11-19,2012-01-30,2012-10-28,3173257000.0
revenue,Revenues,USD,2013.0,Q3,10-Q,2013-11-19,2012-07-30,2012-10-28,1204110000.0
revenue,Revenues,USD,2013.0,FY,10-K,2014-03-13,2012-07-30,2012-10-28,1204110000.0
revenue,Revenues,USD,2012.0,FY,10-K,2013-03-12,2012-01-30,2013-01-27,4280159000.0
revenue,Revenues,USD,2012.0,FY,10-K,2013-03-12,2012-10-29,2013-01-27,1106902000.0
revenue,Revenues,USD,2013.0,FY,10-K,2014-03-13,2012-01-30,2013-01-27,4280159000.0
revenue,Revenues,USD,2013.0,FY,10-K,2014-03-13,2012-10-29,2013-01-27,1106902000.0
revenue,Revenues,USD,2015.0,FY,10-K,2015-03-12,2012-01-30,2013-01-27,4280159000.0
revenue,Revenues,USD,2013.0,Q1,10-Q,2013-05-22,2013-01-28,2013-04-28,954739000.0
revenue,Revenues,USD,2013.0,FY,10-K,2014-03-13,2013-01-28,2013-04-28,954739000.0
revenue,Revenues,USD,2014.0,Q1,10-Q,2014-05-21,2013-01-28,2013-04-28,954739000.0
revenue,Revenues,USD,2015.0,FY,10-K,2015-03-12,2013-01-28,2013-04-28,954739000.0
revenue,Revenues,USD,2013.0,Q2,10-Q,2013-08-21,2013-01-28,2013-07-28,1931977000.0
revenue,Revenues,USD,2013.0,Q2,10-Q,2013-08-21,2013-04-29,2013-07-28,977238000.0
revenue,Revenues,USD,2013.0,FY,10-K,2014-03-13,2013-04-29,2013-07-28,977238000.0
revenue,Revenues,USD,2015.0,Q2,10-Q,2014-08-20,2013-01-28,2013-07-28,1931977000.0
revenue,Revenues,USD,2015.0,Q2,10-Q,2014-08-20,2013-04-29,2013-07-28,977238000.0
revenue,Revenues,USD,2015.0,FY,10-K,2015-03-12,2013-04-29,2013-07-28,977238000.0
revenue,Revenues,USD,2013.0,Q3,10-Q,2013-11-19,2013-01-28,2013-10-27,2985944000.0
revenue,Revenues,USD,2013.0,Q3,10-Q,2013-11-19,2013-07-29,2013-10-27,1053967000.0
revenue,Revenues,USD,2013.0,FY,10-K,2014-03-13,2013-07-29,2013-10-27,1053967000.0
revenue,Revenues,USD,2015.0,Q3,10-Q,2014-11-19,2013-01-28,2013-10-27,2985944000.0
revenue,Revenues,USD,2015.0,Q3,10-Q,2014-11-19,2013-07-29,2013-10-27,1053967000.0
revenue,Revenues,USD,2015.0,FY,10-K,2015-03-12,2013-07-29,2013-10-27,1053967000.0
revenue,Revenues,USD,2013.0,FY,10-K,2014-03-13,2013-01-28,2014-01-26,4130162000.0
revenue,Revenues,USD,2013.0,FY,10-K,2014-03-13,2013-10-28,2014-01-26,1144218000.0
revenue,Revenues,USD,2015.0,FY,10-K,2015-03-12,2013-01-28,2014-01-26,4130162000.0
revenue,Revenues,USD,2015.0,FY,10-K,2015-03-12,2013-10-28,2014-01-26,1144218000.0
revenue,Revenues,USD,2016.0,FY,10-K,2016-03-17,2013-01-28,2014-01-26,4130000000.0
revenue,Revenues,USD,2014.0,Q1,10-Q,2014-05-21,2014-01-27,2014-04-27,1102787000.0
revenue,Revenues,USD,2015.0,FY,10-K,2015-03-12,2014-01-27,2014-04-27,1102787000.0
revenue,Revenues,USD,2016.0,Q1,10-Q,2015-05-20,2014-01-27,2014-04-27,1103000000.0
revenue,Revenues,USD,2016.0,FY,10-K,2016-03-17,2014-01-27,2014-04-27,1103000000.0
revenue,Revenues,USD,2015.0,Q2,10-Q,2014-08-20,2014-01-27,2014-07-27,2205611000.0
revenue,Revenues,USD,2015.0,Q2,10-Q,2014-08-20,2014-04-28,2014-07-27,1102824000.0
revenue,Revenues,USD,2015.0,FY,10-K,2015-03-12,2014-04-28,2014-07-27,1102824000.0
revenue,Revenues,USD,2016.0,Q2,10-Q,2015-08-19,2014-01-27,2014-07-27,2206000000.0
revenue,Revenues,USD,2016.0,Q2,10-Q,2015-08-19,2014-04-28,2014-07-27,1103000000.0
revenue,Revenues,USD,2016.0,FY,10-K,2016-03-17,2014-04-28,2014-07-27,1103000000.0
revenue,Revenues,USD,2015.0,Q3,10-Q,2014-11-19,2014-01-27,2014-10-26,3430993000.0
revenue,Revenues,USD,2015.0,Q3,10-Q,2014-11-19,2014-07-28,2014-10-26,1225382000.0
revenue,Revenues,USD,2015.0,FY,10-K,2015-03-12,2014-07-28,2014-10-26,1225382000.0
revenue,Revenues,USD,2016.0,Q3,10-Q,2015-11-18,2014-01-27,2014-10-26,3431000000.0
revenue,Revenues,USD,2016.0,Q3,10-Q,2015-11-18,2014-07-28,2014-10-26,1225000000.0
revenue,Revenues,USD,2016.0,FY,10-K,2016-03-17,2014-07-28,2014-10-26,1225000000.0
revenue,Revenues,USD,2015.0,FY,10-K,2015-03-12,2014-01-27,2015-01-25,4681507000.0
revenue,Revenues,USD,2015.0,FY,10-K,2015-03-12,2014-10-27,2015-01-25,1250514000.0
revenue,Revenues,USD,2016.0,FY,10-K,2016-03-17,2014-01-27,2015-01-25,4682000000.0
revenue,Revenues,USD,2016.0,FY,10-K,2016-03-17,2014-10-27,2015-01-25,1251000000.0
revenue,Revenues,USD,2017.0,FY,10-K,2017-03-01,2014-01-27,2015-01-25,4682000000.0
revenue,Revenues,USD,2016.0,Q1,10-Q,2015-05-20,2015-01-26,2015-04-26,1151000000.0
revenue,Revenues,USD,2016.0,FY,10-K,2016-03-17,2015-01-26,2015-04-26,1151000000.0
revenue,Revenues,USD,2017.0,Q1,10-Q,2016-05-25,2015-01-26,2015-04-26,1151000000.0
revenue,Revenues,USD,2017.0,FY,10-K,2017-03-01,2015-01-26,2015-04-26,1151000000.0
revenue,Revenues,USD,2016.0,Q2,10-Q,2015-08-19,2015-01-26,2015-07-26,2304000000.0
revenue,Revenues,USD,2016.0,Q2,10-Q,2015-08-19,2015-04-27,2015-07-26,1153000000.0
revenue,Revenues,USD,2016.0,FY,10-K,2016-03-17,2015-04-27,2015-07-26,1153000000.0
revenue,Revenues,USD,2017.0,Q2,10-Q,2016-08-23,2015-01-26,2015-07-26,2304000000.0
revenue,Revenues,USD,2017.0,Q2,10-Q,2016-08-23,2015-04-27,2015-07-26,1153000000.0
revenue,Revenues,USD,2017.0,FY,10-K,2017-03-01,2015-04-27,2015-07-26,1153000000.0
revenue,Revenues,USD,2016.0,Q3,10-Q,2015-11-18,2015-01-26,2015-10-25,3609000000.0
revenue,Revenues,USD,2016.0,Q3,10-Q,2015-11-18,2015-07-27,2015-10-25,1305000000.0
revenue,Revenues,USD,2016.0,FY,10-K,2016-03-17,2015-07-27,2015-10-25,1305000000.0
revenue,Revenues,USD,2017.0,Q3,10-Q,2016-11-22,2015-01-26,2015-10-25,3609000000.0
revenue,Revenues,USD,2017.0,Q3,10-Q,2016-11-22,2015-07-27,2015-10-25,1305000000.0
revenue,Revenues,USD,2017.0,FY,10-K,2017-03-01,2015-07-27,2015-10-25,1305000000.0
revenue,Revenues,USD,2016.0,FY,10-K,2016-03-17,2015-01-26,2016-01-31,5010000000.0
revenue,Revenues,USD,2016.0,FY,10-K,2016-03-17,2015-10-26,2016-01-31,1401000000.0
revenue,Revenues,USD,2017.0,FY,10-K,2017-03-01,2015-01-26,2016-01-31,5010000000.0
revenue,Revenues,USD,2017.0,FY,10-K,2017-03-01,2015-10-26,2016-01-31,1401000000.0
revenue,Revenues,USD,2018.0,FY,10-K,2018-02-28,2015-01-26,2016-01-31,5010000000.0
revenue,Revenues,USD,2017.0,Q1,10-Q,2016-05-25,2016-02-01,2016-05-01,1305000000.0
revenue,Revenues,USD,2017.0,FY,10-K,2017-03-01,2016-02-01,2016-05-01,1305000000.0
revenue,Revenues,USD,2018.0,Q1,10-Q,2017-05-23,2016-02-01,2016-05-01,1305000000.0
revenue,Revenues,USD,2018.0,FY,10-K,2018-02-28,2016-02-01,2016-05-01,1305000000.0
revenue,Revenues,USD,2017.0,Q2,10-Q,2016-08-23,2016-02-01,2016-07-31,2733000000.0
revenue,Revenues,USD,2017.0,Q2,10-Q,2016-08-23,2016-05-02,2016-07-31,1428000000.0
revenue,Revenues,USD,2017.0,FY,10-K,2017-03-01,2016-05-02,2016-07-31,1428000000.0
revenue,Revenues,USD,2018.0,Q2,10-Q,2017-08-23,2016-02-01,2016-07-31,2733000000.0
revenue,Revenues,USD,2018.0,Q2,10-Q,2017-08-23,2016-05-02,2016-07-31,1428000000.0
revenue,Revenues,USD,2018.0,FY,10-K,2018-02-28,2016-05-02,2016-07-31,1428000000.0
revenue,Revenues,USD,2017.0,Q3,10-Q,2016-11-22,2016-02-01,2016-10-30,4737000000.0
revenue,Revenues,USD,2017.0,Q3,10-Q,2016-11-22,2016-08-01,2016-10-30,2004000000.0
revenue,Revenues,USD,2017.0,FY,10-K,2017-03-01,2016-08-01,2016-10-30,2004000000.0
revenue,Revenues,USD,2018.0,Q3,10-Q,2017-11-21,2016-02-01,2016-10-30,4737000000.0
revenue,Revenues,USD,2018.0,Q3,10-Q,2017-11-21,2016-08-01,2016-10-30,2004000000.0
revenue,Revenues,USD,2018.0,FY,10-K,2018-02-28,2016-08-01,2016-10-30,2004000000.0
revenue,Revenues,USD,2017.0,FY,10-K,2017-03-01,2016-02-01,2017-01-29,6910000000.0
revenue,Revenues,USD,2017.0,FY,10-K,2017-03-01,2016-10-31,2017-01-29,2173000000.0
revenue,Revenues,USD,2018.0,FY,10-K,2018-02-28,2016-02-01,2017-01-29,6910000000.0
revenue,Revenues,USD,2018.0,FY,10-K,2018-02-28,2016-10-31,2017-01-29,2173000000.0
revenue,Revenues,USD,2018.0,Q1,10-Q,2017-05-23,2017-01-30,2017-04-30,1937000000.0
revenue,Revenues,USD,2018.0,FY,10-K,2018-02-28,2017-01-30,2017-04-30,1937000000.0
revenue,Revenues,USD,2019.0,Q1,10-Q,2018-05-22,2017-01-30,2017-04-30,1937000000.0
revenue,Revenues,USD,2018.0,Q2,10-Q,2017-08-23,2017-01-30,2017-07-30,4167000000.0
revenue,Revenues,USD,2018.0,Q2,10-Q,2017-08-23,2017-05-01,2017-07-30,2230000000.0
revenue,Revenues,USD,2018.0,FY,10-K,2018-02-28,2017-01-30,2017-07-30,2230000000.0
revenue,Revenues,USD,2019.0,Q2,10-Q,2018-08-16,2017-01-30,2017-07-30,4167000000.0
revenue,Revenues,USD,2019.0,Q2,10-Q,2018-08-16,2017-05-01,2017-07-30,2230000000.0
revenue,Revenues,USD,2018.0,Q3,10-Q,2017-11-21,2017-01-30,2017-10-29,6803000000.0
revenue,Revenues,USD,2018.0,Q3,10-Q,2017-11-21,2017-07-31,2017-10-29,2636000000.0
revenue,Revenues,USD,2018.0,FY,10-K,2018-02-28,2017-07-31,2017-10-29,2636000000.0
revenue,Revenues,USD,2019.0,Q3,10-Q,2018-11-15,2017-01-30,2017-10-29,6803000000.0
revenue,Revenues,USD,2019.0,Q3,10-Q,2018-11-15,2017-07-31,2017-10-29,2636000000.0
revenue,Revenues,USD,2018.0,FY,10-K,2018-02-28,2017-01-30,2018-01-28,9714000000.0
revenue,Revenues,USD,2018.0,FY,10-K,2018-02-28,2017-10-30,2018-01-28,2911000000.0
revenue,Revenues,USD,2019.0,Q1,10-Q,2018-05-22,2018-01-29,2018-04-29,3207000000.0
revenue,Revenues,USD,2020.0,Q1,10-Q,2019-05-16,2018-01-29,2018-04-29,3207000000.0
revenue,Revenues,USD,2019.0,Q2,10-Q,2018-08-16,2018-01-29,2018-07-29,6330000000.0
revenue,Revenues,USD,2019.0,Q2,10-Q,2018-08-16,2018-04-30,2018-07-29,3123000000.0
revenue,Revenues,USD,2020.0,Q2,10-Q,2019-08-15,2018-01-29,2018-07-29,6330000000.0
revenue,Revenues,USD,2020.0,Q2,10-Q,2019-08-15,2018-04-30,2018-07-29,3123000000.0
revenue,Revenues,USD,2019.0,Q3,10-Q,2018-11-15,2018-01-29,2018-10-28,9511000000.0
revenue,Revenues,USD,2019.0,Q3,10-Q,2018-11-15,2018-07-30,2018-10-28,3181000000.0
revenue,Revenues,USD,2020.0,Q3,10-Q,2019-11-14,2018-01-29,2018-10-28,9511000000.0
revenue,Revenues,USD,2020.0,Q3,10-Q,2019-11-14,2018-07-30,2018-10-28,3181000000.0
revenue,Revenues,USD,2020.0,Q1,10-Q,2019-05-16,2019-01-28,2019-04-28,2220000000.0
revenue,Revenues,USD,2020.0,Q1,10-Q,2020-05-21,2019-01-28,2019-04-28,2220000000.0
revenue,Revenues,USD,2020.0,Q2,10-Q,2019-08-15,2019-01-28,2019-07-28,4799000000.0
revenue,Revenues,USD,2020.0,Q2,10-Q,2019-08-15,2019-04-29,2019-07-28,2579000000.0
revenue,Revenues,USD,2020.0,Q2,10-Q,2020-08-19,2019-01-28,2019-07-28,4799000000.0
revenue,Revenues,USD,2020.0,Q2,10-Q,2020-08-19,2019-04-29,2019-07-28,2579000000.0
revenue,Revenues,USD,2020.0,Q3,10-Q,2019-11-14,2019-01-28,2019-10-27,7813000000.0
revenue,Revenues,USD,2020.0,Q3,10-Q,2019-11-14,2019-07-29,2019-10-27,3014000000.0
revenue,Revenues,USD,2021.0,Q3,10-Q,2020-11-18,2019-01-28,2019-10-27,7813000000.0
revenue,Revenues,USD,2021.0,Q3,10-Q,2020-11-18,2019-07-29,2019-10-27,3014000000.0
revenue,Revenues,USD,2022.0,FY,10-K,2022-03-18,2019-01-28,2020-01-26,10918000000.0
revenue,Revenues,USD,2020.0,Q1,10-Q,2020-05-21,2020-01-27,2020-04-26,3080000000.0
revenue,Revenues,USD,2022.0,Q1,10-Q,2021-05-26,2020-01-27,2020-04-26,3080000000.0
revenue,Revenues,USD,2020.0,Q2,10-Q,2020-08-19,2020-01-27,2020-07-26,6946000000.0
revenue,Revenues,USD,2020.0,Q2,10-Q,2020-08-19,2020-04-27,2020-07-26,3866000000.0
revenue,Revenues,USD,2022.0,Q2,10-Q,2021-08-20,2020-01-27,2020-07-26,6946000000.0
revenue,Revenues,USD,2022.0,Q2,10-Q,2021-08-20,2020-04-27,2020-07-26,3866000000.0
revenue,Revenues,USD,2021.0,Q3,10-Q,2020-11-18,2020-01-27,2020-10-25,11672000000.0
revenue,Revenues,USD,2021.0,Q3,10-Q,2020-11-18,2020-07-27,2020-10-25,4726000000.0
revenue,Revenues,USD,2022.0,Q3,10-Q,2021-11-22,2020-01-27,2020-10-25,11672000000.0
revenue,Revenues,USD,2022.0,Q3,10-Q,2021-11-22,2020-07-27,2020-10-25,4726000000.0
revenue,Revenues,USD,2022.0,FY,10-K,2022-03-18,2020-01-27,2021-01-31,16675000000.0
revenue,Revenues,USD,2023.0,FY,10-K,2023-02-24,2020-01-27,2021-01-31,16675000000.0
revenue,Revenues,USD,2022.0,Q1,10-Q,2021-05-26,2021-02-01,2021-05-02,5661000000.0
revenue,Revenues,USD,2023.0,Q1,10-Q,2022-05-27,2021-02-01,2021-05-02,5661000000.0
revenue,Revenues,USD,2022.0,Q2,10-Q,2021-08-20,2021-02-01,2021-08-01,12168000000.0
revenue,Revenues,USD,2022.0,Q2,10-Q,2021-08-20,2021-05-03,2021-08-01,6507000000.0
revenue,Revenues,USD,2023.0,Q2,10-Q,2022-08-31,2021-02-01,2021-08-01,12168000000.0
revenue,Revenues,USD,2023.0,Q2,10-Q,2022-08-31,2021-05-03,2021-08-01,6507000000.0
revenue,Revenues,USD,2022.0,Q3,10-Q,2021-11-22,2021-02-01,2021-10-31,19271000000.0
revenue,Revenues,USD,2022.0,Q3,10-Q,2021-11-22,2021-08-02,2021-10-31,7103000000.0
revenue,Revenues,USD,2023.0,Q3,10-Q,2022-11-18,2021-02-01,2021-10-31,19271000000.0
revenue,Revenues,USD,2023.0,Q3,10-Q,2022-11-18,2021-08-02,2021-10-31,7103000000.0
revenue,Revenues,USD,2022.0,FY,10-K,2022-03-18,2021-02-01,2022-01-30,26914000000.0
revenue,Revenues,USD,2023.0,FY,10-K,2023-02-24,2021-02-01,2022-01-30,26914000000.0
revenue,Revenues,USD,2024.0,FY,10-K,2024-02-21,2021-02-01,2022-01-30,26914000000.0
revenue,Revenues,USD,2023.0,Q1,10-Q,2022-05-27,2022-01-31,2022-05-01,8288000000.0
revenue,Revenues,USD,2024.0,Q1,10-Q,2023-05-26,2022-01-31,2022-05-01,8288000000.0
revenue,Revenues,USD,2023.0,Q2,10-Q,2022-08-31,2022-01-31,2022-07-31,14992000000.0
revenue,Revenues,USD,2023.0,Q2,10-Q,2022-08-31,2022-05-02,2022-07-31,6704000000.0
revenue,Revenues,USD,2024.0,Q2,10-Q,2023-08-28,2022-01-31,2022-07-31,14992000000.0
revenue,Revenues,USD,2024.0,Q2,10-Q,2023-08-28,2022-05-02,2022-07-31,6704000000.0
revenue,Revenues,USD,2023.0,Q3,10-Q,2022-11-18,2022-01-31,2022-10-30,20923000000.0
revenue,Revenues,USD,2023.0,Q3,10-Q,2022-11-18,2022-08-01,2022-10-30,5931000000.0
revenue,Revenues,USD,2024.0,Q3,10-Q,2023-11-21,2022-01-31,2022-10-30,20923000000.0
revenue,Revenues,USD,2024.0,Q3,10-Q,2023-11-21,2022-08-01,2022-10-30,5931000000.0
revenue,Revenues,USD,2023.0,FY,10-K,2023-02-24,2022-01-31,2023-01-29,26974000000.0
revenue,Revenues,USD,2024.0,FY,10-K,2024-02-21,2022-01-31,2023-01-29,26974000000.0
revenue,Revenues,USD,2025.0,FY,10-K,2025-02-26,2022-01-31,2023-01-29,26974000000.0
revenue,Revenues,USD,2024.0,Q1,10-Q,2023-05-26,2023-01-30,2023-04-30,7192000000.0
revenue,Revenues,USD,2025.0,Q1,10-Q,2024-05-29,2023-01-30,2023-04-30,7192000000.0
revenue,Revenues,USD,2024.0,Q2,10-Q,2023-08-28,2023-01-30,2023-07-30,20699000000.0
revenue,Revenues,USD,2024.0,Q2,10-Q,2023-08-28,2023-05-01,2023-07-30,13507000000.0
revenue,Revenues,USD,2025.0,Q2,10-Q,2024-08-28,2023-01-30,2023-07-30,20699000000.0
revenue,Revenues,USD,2025.0,Q2,10-Q,2024-08-28,2023-05-01,2023-07-30,13507000000.0
revenue,Revenues,USD,2024.0,Q3,10-Q,2023-11-21,2023-01-30,2023-10-29,38819000000.0
revenue,Revenues,USD,2024.0,Q3,10-Q,2023-11-21,2023-07-31,2023-10-29,18120000000.0
revenue,Revenues,USD,2025.0,Q3,10-Q,2024-11-20,2023-01-30,2023-10-29,38819000000.0
revenue,Revenues,USD,2025.0,Q3,10-Q,2024-11-20,2023-07-31,2023-10-29,18120000000.0
revenue,Revenues,USD,2024.0,FY,10-K,2024-02-21,2023-01-30,2024-01-28,60922000000.0
revenue,Revenues,USD,2025.0,FY,10-K,2025-02-26,2023-01-30,2024-01-28,60922000000.0
revenue,Revenues,USD,2026.0,FY,10-K,2026-02-25,2023-01-30,2024-01-28,60922000000.0
revenue,Revenues,USD,2025.0,Q1,10-Q,2024-05-29,2024-01-29,2024-04-28,26044000000.0
revenue,Revenues,USD,2026.0,Q1,10-Q,2025-05-28,2024-01-29,2024-04-28,26044000000.0
revenue,Revenues,USD,2025.0,Q2,10-Q,2024-08-28,2024-01-29,2024-07-28,56084000000.0
revenue,Revenues,USD,2025.0,Q2,10-Q,2024-08-28,2024-04-29,2024-07-28,30040000000.0
revenue,Revenues,USD,2026.0,Q2,10-Q,2025-08-27,2024-01-29,2024-07-28,56084000000.0
revenue,Revenues,USD,2026.0,Q2,10-Q,2025-08-27,2024-04-29,2024-07-28,30040000000.0
revenue,Revenues,USD,2025.0,Q3,10-Q,2024-11-20,2024-01-29,2024-10-27,91166000000.0
revenue,Revenues,USD,2025.0,Q3,10-Q,2024-11-20,2024-07-29,2024-10-27,35082000000.0
revenue,Revenues,USD,2026.0,Q3,10-Q,2025-11-19,2024-01-29,2024-10-27,91166000000.0
revenue,Revenues,USD,2026.0,Q3,10-Q,2025-11-19,2024-07-29,2024-10-27,35082000000.0
revenue,Revenues,USD,2025.0,FY,10-K,2025-02-26,2024-01-29,2025-01-26,130497000000.0
revenue,Revenues,USD,2026.0,FY,10-K,2026-02-25,2024-01-29,2025-01-26,130497000000.0
revenue,Revenues,USD,2026.0,Q1,10-Q,2025-05-28,2025-01-27,2025-04-27,44062000000.0
revenue,Revenues,USD,2026.0,Q2,10-Q,2025-08-27,2025-01-27,2025-07-27,90805000000.0
revenue,Revenues,USD,2026.0,Q2,10-Q,2025-08-27,2025-04-28,2025-07-27,46743000000.0
revenue,Revenues,USD,2026.0,Q3,10-Q,2025-11-19,2025-01-27,2025-10-26,147811000000.0
revenue,Revenues,USD,2026.0,Q3,10-Q,2025-11-19,2025-07-28,2025-10-26,57006000000.0
revenue,Revenues,USD,2026.0,FY,10-K,2026-02-25,2025-01-27,2026-01-25,215938000000.0
revenue_contract,RevenueFromContractWithCustomerExcludingAssessedTax,USD,2019.0,FY,10-K,2019-02-21,2016-02-01,2017-01-29,6910000000.0
revenue_contract,RevenueFromContractWithCustomerExcludingAssessedTax,USD,2019.0,FY,10-K,2019-02-21,2017-01-30,2017-04-30,1937000000.0
revenue_contract,RevenueFromContractWithCustomerExcludingAssessedTax,USD,2019.0,FY,10-K,2019-02-21,2017-05-01,2017-07-30,2230000000.0
revenue_contract,RevenueFromContractWithCustomerExcludingAssessedTax,USD,2019.0,FY,10-K,2019-02-21,2017-07-31,2017-10-29,2636000000.0
revenue_contract,RevenueFromContractWithCustomerExcludingAssessedTax,USD,2019.0,FY,10-K,2019-02-21,2017-01-30,2018-01-28,9714000000.0
revenue_contract,RevenueFromContractWithCustomerExcludingAssessedTax,USD,2019.0,FY,10-K,2019-02-21,2017-10-30,2018-01-28,2911000000.0
revenue_contract,RevenueFromContractWithCustomerExcludingAssessedTax,USD,2020.0,FY,10-K,2020-02-20,2017-01-30,2018-01-28,9714000000.0
revenue_contract,RevenueFromContractWithCustomerExcludingAssessedTax,USD,2019.0,FY,10-K,2019-02-21,2018-01-29,2018-04-29,3207000000.0
revenue_contract,RevenueFromContractWithCustomerExcludingAssessedTax,USD,2020.0,FY,10-K,2020-02-20,2018-01-29,2018-04-29,3207000000.0
revenue_contract,RevenueFromContractWithCustomerExcludingAssessedTax,USD,2019.0,FY,10-K,2019-02-21,2018-04-30,2018-07-29,3123000000.0
revenue_contract,RevenueFromContractWithCustomerExcludingAssessedTax,USD,2020.0,FY,10-K,2020-02-20,2018-04-30,2018-07-29,3123000000.0
revenue_contract,RevenueFromContractWithCustomerExcludingAssessedTax,USD,2019.0,FY,10-K,2019-02-21,2018-07-30,2018-10-28,3181000000.0
revenue_contract,RevenueFromContractWithCustomerExcludingAssessedTax,USD,2020.0,FY,10-K,2020-02-20,2018-07-30,2018-10-28,3181000000.0
revenue_contract,RevenueFromContractWithCustomerExcludingAssessedTax,USD,2019.0,FY,10-K,2019-02-21,2018-01-29,2019-01-27,11716000000.0
revenue_contract,RevenueFromContractWithCustomerExcludingAssessedTax,USD,2019.0,FY,10-K,2019-02-21,2018-10-29,2019-01-27,2205000000.0
revenue_contract,RevenueFromContractWithCustomerExcludingAssessedTax,USD,2020.0,FY,10-K,2020-02-20,2018-01-29,2019-01-27,11716000000.0
revenue_contract,RevenueFromContractWithCustomerExcludingAssessedTax,USD,2020.0,FY,10-K,2020-02-20,2018-10-29,2019-01-27,2205000000.0
revenue_contract,RevenueFromContractWithCustomerExcludingAssessedTax,USD,2021.0,FY,10-K,2021-02-26,2018-01-29,2019-01-27,11716000000.0
revenue_contract,RevenueFromContractWithCustomerExcludingAssessedTax,USD,2020.0,FY,10-K,2020-02-20,2019-01-28,2019-04-28,2220000000.0
revenue_contract,RevenueFromContractWithCustomerExcludingAssessedTax,USD,2020.0,FY,10-K,2020-02-20,2019-04-29,2019-07-28,2579000000.0
revenue_contract,RevenueFromContractWithCustomerExcludingAssessedTax,USD,2020.0,FY,10-K,2020-02-20,2019-07-29,2019-10-27,3014000000.0
revenue_contract,RevenueFromContractWithCustomerExcludingAssessedTax,USD,2020.0,FY,10-K,2020-02-20,2019-01-28,2020-01-26,10918000000.0
revenue_contract,RevenueFromContractWithCustomerExcludingAssessedTax,USD,2020.0,FY,10-K,2020-02-20,2019-10-28,2020-01-26,3105000000.0
revenue_contract,RevenueFromContractWithCustomerExcludingAssessedTax,USD,2021.0,FY,10-K,2021-02-26,2019-01-28,2020-01-26,10918000000.0
revenue_contract,RevenueFromContractWithCustomerExcludingAssessedTax,USD,2022.0,FY,10-K,2022-03-18,2019-01-28,2020-01-26,10918000000.0
revenue_contract,RevenueFromContractWithCustomerExcludingAssessedTax,USD,2021.0,FY,10-K,2021-02-26,2020-01-27,2021-01-31,16675000000.0
revenue_contract,RevenueFromContractWithCustomerExcludingAssessedTax,USD,2022.0,FY,10-K,2022-03-18,2020-01-27,2021-01-31,16675000000.0
revenue_contract,RevenueFromContractWithCustomerExcludingAssessedTax,USD,2022.0,FY,10-K,2022-03-18,2021-02-01,2022-01-30,26914000000.0
