date,samsung_electronics,sk_hynix,nvidia,vanEck_semiconductor_etf_smh,ishares_semiconductor_etf_soxx,phlx_semiconductor_index_yahoo,kospi,kospi200,kosdaq,nasdaq_composite,sp500,dow_jones,russell2000,vix,shanghai_composite,hang_seng,nikkei225,usd_krw,usd_cny,usd_jpy,cny_krw,us_5y_treasury,us_10y_treasury,us_30y_treasury,dollar_index,wti_crude_oil,brent_crude_oil,natural_gas,gold,silver,copper,federal_funds_rate,industrial_production,semiconductor_electronic_component_industrial_production,semiconductor_related_device_ppi,computers_electronic_products_new_orders,us_10y_treasury_fred,us_2y_treasury_fred,us_10y_2y_spread,broad_dollar_index,vix_fred,nasdaq_composite_fred
2010-12-31,,,0.38499999046325684,16.264999389648438,18.566667556762695,411.82000732421875,,,,2652.8701171875,1257.6400146484375,11577.509765625,783.6500244140625,17.75,2808.076904296875,23035.44921875,,1127.0999755859375,6.612400054931641,81.4800033569336,,2.0160000324249268,3.305000066757202,4.361999988555908,79.02999877929688,91.37999725341797,94.75,4.40500020980835,1421.0999755859375,30.90999984741211,4.439499855041504,,,,,,,,,,,
2011-01-31,,,0.5979999899864197,17.204999923706055,19.829999923706055,440.510009765625,2069.73,273.12,521.38,2700.080078125,1286.1199951171875,11891.9296875,781.25,19.530000686645508,2790.694091796875,23447.33984375,10237.919921875,1117.4000244140625,6.572500228881836,82.08899688720703,,1.9520000219345093,3.378000020980835,4.571000099182129,77.73999786376953,92.19000244140625,101.01000213623047,4.420000076293945,1333.800048828125,28.173999786376953,4.451000213623047,0.17,93.4814,53.7716,43.6,23892.0,3.42,0.58,2.84,89.694,19.53,2700.08
2011-02-28,,,0.5665000081062317,17.889999389648438,20.69333267211914,458.6199951171875,1939.3,256.36,504.46,2782.27001953125,1327.219970703125,12226.33984375,823.4500122070312,18.350000381469727,2905.052978515625,23338.01953125,10624.08984375,1127.0999755859375,6.563000202178955,81.62200164794922,,2.13700008392334,3.4140000343322754,4.489999771118164,76.88999938964844,96.97000122070312,111.80000305175781,4.0370001792907715,1409.300048828125,33.80400085449219,4.478000164031982,0.16,93.1102,54.1177,44.1,23634.0,3.42,0.69,2.73,88.9391,18.35,2782.27
2011-03-31,,,0.46149998903274536,17.295000076293945,19.696666717529297,437.3599853515625,2106.7,278.87,525.42,2781.070068359375,1325.8299560546875,12319.73046875,843.5499877929688,17.739999771118164,2928.111083984375,23527.51953125,9755.099609375,1099.199951171875,6.5355000495910645,83.36000061035156,,2.2249999046325684,3.4539999961853027,4.507999897003174,75.86000061035156,106.72000122070312,117.36000061035156,4.388999938964844,1438.9000244140625,37.87200164794922,4.300000190734863,0.14,94.0788,53.7497,43.9,22813.0,3.47,0.8,2.67,88.0299,17.74,2781.07
2011-04-30,,,0.5,18.344999313354492,20.260000228881836,449.55999755859375,2192.36,290.39,511.0,2873.5400390625,1363.6099853515625,12810.5400390625,865.2899780273438,14.75,2911.510009765625,23720.810546875,9849.740234375,1068.800048828125,6.500999927520752,81.52999877929688,,1.975000023841858,3.2960000038146973,4.406000137329102,72.93000030517578,113.93000030517578,125.88999938964844,4.697999954223633,1556.0,48.58399963378906,4.165500164031982,0.1,93.7749,53.7194,43.6,23190.0,3.32,0.61,2.71,85.5999,14.75,2873.54
2011-05-31,,,0.5009999871253967,17.94499969482422,19.84666633605957,439.6000061035156,2142.47,282.76,484.54,2835.300048828125,1345.199951171875,12569.7900390625,848.2999877929688,15.449999809265137,2743.471923828125,23684.130859375,9693.73046875,1073.4000244140625,6.479000091552734,81.4530029296875,,1.687999963760376,3.049999952316284,4.216000080108643,74.63999938964844,102.69999694824219,116.7300033569336,4.665999889373779,1535.9000244140625,38.303001403808594,4.173500061035156,0.09,93.888,54.0203,43.7,23217.0,3.05,0.45,2.6,86.656,15.45,2835.3
2011-06-30,,,0.398499995470047,17.040000915527344,18.5,410.3500061035156,2100.69,275.17,479.55,2773.52001953125,1320.6400146484375,12414.33984375,827.4299926757812,16.520000457763672,2762.075927734375,22398.099609375,9816.08984375,1067.9000244140625,6.463500022888184,80.5999984741211,,1.753999948501587,3.1579999923706055,4.381999969482422,74.30000305175781,95.41999816894531,112.4800033569336,4.374000072479248,1502.300048828125,34.8120002746582,4.271999835968018,0.09,94.172,54.2273,43.7,23336.0,3.18,0.45,2.73,86.4786,16.52,2773.52
2011-07-31,,,0.34575000405311584,16.030000686645508,17.489999771118164,386.94000244140625,2133.21,277.11,536.05,2756.3798828125,1292.280029296875,12143.240234375,797.030029296875,25.25,2701.72900390625,22440.25,9833.0302734375,1055.300048828125,6.428699970245361,77.21299743652344,,1.3730000257492065,2.805000066757202,4.131999969482422,73.9000015258789,95.69999694824219,116.73999786376953,4.144999980926514,1628.300048828125,40.09199905395508,4.473999977111816,0.07,94.636,53.6659,43.4,22682.0,2.82,0.36,2.46,85.7282,25.25,2756.38
2011-08-31,,,0.33274999260902405,14.579999923706055,16.113332748413086,355.7900085449219,1880.11,242.16,493.44,2579.4599609375,1218.8900146484375,11613.5302734375,726.8099975585938,31.6200008392334,2567.340087890625,20534.849609375,8955.2001953125,1065.800048828125,6.377999782562256,76.7300033569336,,0.9520000219345093,2.2179999351501465,3.5920000076293945,74.12999725341797,88.80999755859375,114.8499984741211,4.053999900817871,1828.5,41.69900131225586,4.186999797821045,0.1,95.2749,55.0189,43.0,23767.0,2.23,0.2,2.03,86.7739,31.62,2579.46
2011-09-30,,,0.3127500116825104,14.220000267028809,15.30666732788086,338.82000732421875,1769.65,230.41,449.66,2415.39990234375,1131.4200439453125,10913.3798828125,644.1599731445312,42.959999084472656,2359.218994140625,17592.41015625,8700.2900390625,1177.0,6.387499809265137,76.76499938964844,,0.9649999737739563,1.9240000247955322,2.9210000038146973,78.55000305175781,79.19999694824219,102.76000213623047,3.6659998893737793,1620.4000244140625,30.041000366210938,3.1449999809265137,0.08,95.1961,54.9714,41.9,23688.0,1.92,0.25,1.67,91.9998,42.96,2415.4
2011-10-31,,,0.3700000047683716,15.869999885559082,17.46666717529297,386.489990234375,1909.03,249.88,490.69,2684.409912109375,1253.300048828125,11955.009765625,741.0599975585938,29.959999084472656,2468.25,19864.869140625,8988.3896484375,1104.0,6.348800182342529,75.73999786376953,,1.0110000371932983,2.174999952316284,3.1989998817443848,76.16999816894531,93.19000244140625,109.55999755859375,3.934000015258789,1724.199951171875,34.33700180053711,3.628999948501587,0.07,95.8568,54.7035,41.8,23904.0,2.17,0.25,1.92,89.2053,29.96,2684.41
2011-11-30,,,0.390749990940094,15.335000038146973,16.843332290649414,373.32000732421875,1847.51,241.19,492.81,2620.340087890625,1246.9599609375,12045.6796875,737.4199829101562,27.799999237060547,2333.4140625,17989.349609375,8434.6103515625,1140.300048828125,6.365099906921387,77.95999908447266,,0.9520000219345093,2.068000078201294,3.062000036239624,78.38999938964844,100.36000061035156,110.81999969482422,3.549999952316284,1745.5,32.73099899291992,3.562999963760376,0.08,95.8485,55.2388,40.9,23401.0,2.08,0.25,1.83,91.4728,27.8,2620.34
2011-12-31,,,0.3465000092983246,15.21500015258789,16.46666717529297,364.44000244140625,1825.74,238.08,500.18,2605.14990234375,1257.5999755859375,12217.5595703125,740.9199829101562,23.399999618530273,2199.4169921875,18434.390625,8455.349609375,1155.4000244140625,6.309000015258789,77.65899658203125,,0.8299999833106995,1.871000051498413,2.8889999389648438,80.16999816894531,98.83000183105469,107.37999725341797,2.989000082015991,1565.800048828125,27.875,3.43149995803833,0.07,96.3571,55.9485,40.0,23424.0,1.89,0.25,1.64,92.4262,23.4,2605.15
2012-01-31,,,0.36924999952316284,16.760000228881836,18.503332138061523,408.94000244140625,1955.79,256.9,513.99,2813.840087890625,1312.4100341796875,12632.91015625,792.8200073242188,19.440000534057617,2292.610107421875,20390.490234375,8802.509765625,1125.699951171875,6.313600063323975,76.36000061035156,,0.7110000252723694,1.7990000247955322,2.934000015258789,79.27999877929688,98.4800033569336,110.9800033569336,2.503000020980835,1737.800048828125,33.233001708984375,3.7874999046325684,0.08,96.9318,56.5696,39.5,23072.0,1.83,0.22,1.61,90.5538,19.44,2813.84
2012-02-29,,,0.3787499964237213,17.25,19.226667404174805,424.1700134277344,2030.25,267.13,542.3,2966.889892578125,1365.6800537109375,12952.0703125,810.9400024414062,18.43000030517578,2428.487060546875,21680.080078125,9723.240234375,1124.5999755859375,6.298399925231934,80.4800033569336,,0.875,1.9769999980926514,3.0859999656677246,78.7300033569336,107.06999969482422,122.66000366210938,2.615999937057495,1709.9000244140625,34.58300018310547,3.870500087738037,0.1,97.2435,57.7653,39.5,23866.0,1.98,0.3,1.68,89.7487,18.43,2966.89
2012-03-31,,,0.38499999046325684,17.899999618530273,19.816667556762695,438.6400146484375,2014.04,266.58,519.56,3091.570068359375,1408.469970703125,13212.0400390625,830.2999877929688,15.5,2262.7880859375,20555.580078125,10083.5595703125,1138.0,6.306000232696533,82.27300262451172,,1.0429999828338623,2.2160000801086426,3.3450000286102295,78.93000030517578,103.0199966430664,122.87999725341797,2.125999927520752,1669.300048828125,32.46900177001953,3.8239998817443848,0.13,96.74,58.3927,39.4,23024.0,2.23,0.33,1.9,90.4593,15.5,3091.57
2012-04-30,,,0.32499998807907104,17.295000076293945,18.703332901000977,413.3900146484375,1981.99,264.35,478.89,3046.360107421875,1397.9100341796875,13213.6298828125,816.8800048828125,17.149999618530273,2396.31591796875,21094.2109375,9520.8896484375,1129.0,6.286399841308594,79.9209976196289,,0.8109999895095825,1.9149999618530273,3.1089999675750732,78.79000091552734,104.87000274658203,119.47000122070312,2.2850000858306885,1663.4000244140625,30.958999633789062,3.8334999084472656,0.14,97.4359,59.087,39.5,23128.0,1.95,0.27,1.68,90.3634,17.15,3046.36
2012-05-31,,,0.31075000762939453,15.53499984741211,16.739999771118164,368.3699951171875,1843.47,244.05,471.94,2827.340087890625,1310.3299560546875,12393.4501953125,761.8200073242188,24.059999465942383,2372.23388671875,18629.51953125,8542.73046875,1179.0,6.368599891662598,78.52799987792969,,0.6710000038146973,1.5809999704360962,2.671999931335449,83.04000091552734,86.52999877929688,101.87000274658203,2.421999931335449,1562.5999755859375,27.740999221801758,3.362499952316284,0.16,97.6609,59.9974,39.9,23546.0,1.59,0.27,1.32,94.6856,24.06,2827.34
2012-06-30,,,0.34549999237060547,16.114999771118164,17.440000534057617,385.4599914550781,1854.01,244.9,489.16,2935.050048828125,1362.1600341796875,12880.08984375,798.489990234375,17.079999923706055,2225.429931640625,19441.4609375,9006.7802734375,1157.0999755859375,6.357399940490723,79.31300354003906,,0.7289999723434448,1.659000039100647,2.763000011444092,81.6500015258789,84.95999908447266,97.80000305175781,2.8239998817443848,1603.5,27.579999923706055,3.490000009536743,0.16,97.6663,61.0013,39.3,21396.0,1.67,0.33,1.34,92.9096,17.08,2935.06
2012-07-31,,,0.3384999930858612,16.1200008392334,17.39666748046875,383.7200012207031,1881.99,250.08,467.61,2939.52001953125,1379.3199462890625,13008.6796875,786.9400024414062,18.93000030517578,2103.635009765625,19796.810546875,8695.0595703125,1129.4000244140625,6.361800193786621,78.12000274658203,,0.5989999771118164,1.4919999837875366,2.5769999027252197,82.63999938964844,88.05999755859375,104.91999816894531,3.2090001106262207,1610.5,27.895000457763672,3.4195001125335693,0.16,97.8713,60.6111,39.2,21584.0,1.51,0.23,1.28,92.8422,18.93,2939.52
2012-08-31,,,0.35074999928474426,16.485000610351562,17.983333587646484,396.17999267578125,1905.12,250.56,508.35,3066.9599609375,1406.5799560546875,13090.83984375,812.0900268554688,17.469999313354492,2047.52197265625,19482.5703125,8839.91015625,1133.5999755859375,6.350200176239014,78.52999877929688,,0.5960000157356262,1.562000036239624,2.684000015258789,81.25,96.47000122070312,114.56999969482422,2.7990000247955322,1684.5999755859375,31.3700008392334,3.4539999961853027,0.13,97.4525,59.8824,38.9,20751.0,1.57,0.22,1.35,92.1677,17.47,3066.96
2012-09-30,,,0.3334999978542328,15.819999694824219,17.293333053588867,382.2699890136719,1996.21,262.49,523.78,3116.22998046875,1440.6700439453125,13437.1298828125,837.4500122070312,15.729999542236328,2086.1689453125,20840.380859375,8870.16015625,1099.699951171875,6.284800052642822,77.95899963378906,,0.6299999952316284,1.6369999647140503,2.8340001106262207,79.94000244140625,92.19000244140625,112.38999938964844,3.319999933242798,1771.0999755859375,34.516998291015625,3.7730000019073486,0.14,97.381,60.984,38.8,20890.0,1.65,0.23,1.42,90.8342,15.73,3116.23
2012-10-31,,,0.2994999885559082,15.545000076293945,16.6299991607666,367.0299987792969,1912.06,250.18,508.31,2977.22998046875,1412.1600341796875,13096.4599609375,818.72998046875,18.600000381469727,2068.8798828125,21641.8203125,8928.2900390625,1090.300048828125,6.2418999671936035,79.68399810791016,,0.7149999737739563,1.6859999895095825,2.8510000705718994,79.91999816894531,86.23999786376953,108.69999694824219,3.691999912261963,1717.5,32.28799819946289,3.5269999504089355,0.16,97.7193,62.4098,38.8,21073.0,1.72,0.3,1.42,91.1609,18.6,2977.23
2012-11-30,,,0.2992500066757202,16.020000457763672,16.976667404174805,374.3500061035156,1932.9,254.25,499.37,3010.239990234375,1416.1800537109375,13025.580078125,821.9199829101562,15.869999885559082,1980.116943359375,22030.390625,9446.009765625,1082.0999755859375,6.231400012969971,82.1510009765625,,0.6140000224113464,1.6059999465942383,2.7939999103546143,80.1500015258789,88.91000366210938,111.2300033569336,3.561000108718872,1710.9000244140625,33.20399856567383,3.629499912261963,0.16,98.0777,62.1728,38.6,21301.0,1.62,0.25,1.37,91.1038,15.87,3010.24
2012-12-31,,,0.30649998784065247,16.165000915527344,17.34666633605957,384.05999755859375,1997.05,263.92,496.32,3019.510009765625,1426.18994140625,13104.1396484375,849.3499755859375,18.020000457763672,2269.1279296875,22656.919921875,10395.1796875,1038.0999755859375,6.234799861907959,85.95999908447266,,0.7250000238418579,1.75600004196167,2.9519999027252197,79.7699966430664,91.81999969482422,111.11000061035156,3.3510000705718994,1674.800048828125,30.17300033569336,3.6410000324249268,0.16,98.3101,62.3427,38.2,22244.0,1.78,0.25,1.53,91.0834,18.02,3019.51
2013-01-31,,,0.30649998784065247,17.149999618530273,18.67333221435547,412.7300109863281,1961.94,258.07,503.67,3142.1298828125,1498.1099853515625,13860.580078125,902.0900268554688,14.279999732971191,2385.422119140625,23729.529296875,11138.66015625,1085.4000244140625,6.2195000648498535,91.02100372314453,,0.8809999823570251,1.9850000143051147,3.1700000762939453,79.20999908447266,97.48999786376953,115.55000305175781,3.3389999866485596,1660.5999755859375,31.334999084472656,3.7235000133514404,0.14,98.3342,62.7268,38.3,20924.0,2.02,0.27,1.75,90.798,14.28,3142.13
2013-02-28,,,0.3165000081062317,17.559999465942383,19.35333251953125,426.6300048828125,2026.49,268.01,535.87,3160.18994140625,1514.6800537109375,14054.490234375,911.1099853515625,15.510000228881836,2365.593017578125,23020.26953125,11559.3603515625,1083.9000244140625,6.226200103759766,92.3030014038086,,0.7689999938011169,1.8880000114440918,3.0940001010894775,81.9800033569336,92.05000305175781,111.37999725341797,3.4860000610351562,1577.699951171875,28.395000457763672,3.5274999141693115,0.15,98.7941,62.014,38.2,20275.0,1.89,0.25,1.64,92.295,15.51,3160.19
2013-03-31,,,0.32074999809265137,17.764999389648438,19.73666763305664,436.6600036621094,2004.89,263.39,555.02,3267.52001953125,1569.18994140625,14578.5400390625,951.5399780273438,12.699999809265137,2236.62109375,22299.630859375,12397.91015625,1090.0,6.216100215911865,94.28199768066406,,0.7689999938011169,1.8519999980926514,3.1040000915527344,82.98999786376953,97.2300033569336,110.0199966430664,4.02400016784668,1594.800048828125,28.29199981689453,3.3949999809265137,0.14,99.1921,62.6561,37.9,19648.0,1.87,0.25,1.62,92.302,12.7,3267.52
2013-04-30,,,0.34424999356269836,18.524999618530273,20.083332061767578,444.3599853515625,1963.95,255.72,563.87,3328.7900390625,1597.5699462890625,14839.7998046875,947.4600219726562,13.520000457763672,2177.912109375,22737.009765625,13860.8603515625,1100.699951171875,6.165200233459473,97.26899719238281,,0.6779999732971191,1.6749999523162842,2.884000062942505,81.7300033569336,93.45999908447266,102.37000274658203,4.3429999351501465,1472.199951171875,24.143999099731445,3.1875,0.15,99.1065,63.8934,38.5,21394.0,1.7,0.22,1.48,91.3741,13.52,3328.79
2013-05-31,,,0.3617500066757202,19.145000457763672,21.226667404174805,468.6300048828125,2001.05,261.47,577.87,3455.909912109375,1630.739990234375,15115.5703125,984.1500244140625,16.299999237060547,2300.594970703125,22392.16015625,13774.5400390625,1127.5999755859375,6.1209001541137695,101.0999984741211,,1.0529999732971191,2.1640000343322754,3.308000087738037,83.37999725341797,91.97000122070312,100.38999938964844,3.9839999675750732,1392.5999755859375,22.22800064086914,3.2890000343322754,0.11,99.1839,64.9148,38.9,21858.0,2.16,0.3,1.86,93.6076,16.3,3455.91
2013-06-30,,,0.35100001096725464,18.844999313354492,21.17333221435547,468.42999267578125,1863.32,242.27,519.06,3403.25,1606.280029296875,14909.599609375,977.47998046875,16.860000610351562,1979.2060546875,20803.2890625,13677.3203125,1121.9000244140625,6.127600193023682,99.37999725341797,,1.3849999904632568,2.4779999256134033,3.497999906539917,83.16999816894531,96.55999755859375,102.16000366210938,3.565000057220459,1223.800048828125,19.451000213623047,3.05049991607666,0.09,99.3897,65.7834,38.9,21549.0,2.52,0.36,2.16,94.3047,16.86,3403.25
2013-07-31,,,0.3610000014305115,19.280000686645508,21.656667709350586,477.7799987792969,1914.03,247.99,554.31,3626.3701171875,1685.72998046875,15499.5400390625,1045.260009765625,13.449999809265137,1993.7989501953125,21883.66015625,13668.3203125,1122.5,6.118899822235107,97.83300018310547,,1.3910000324249268,2.5929999351501465,3.6459999084472656,81.44999694824219,105.02999877929688,107.69999694824219,3.446000099182129,1312.4000244140625,19.617000579833984,3.118499994277954,0.09,99.0814,66.8912,38.9,20996.0,2.6,0.31,2.29,93.5703,13.45,3626.37
2013-08-31,,,0.3687500059604645,18.56999969482422,20.803333282470703,457.70001220703125,1926.36,251.74,516.74,3589.8701171875,1632.969970703125,14810.3095703125,1010.9000244140625,17.010000228881836,2098.382080078125,21731.369140625,13388.8603515625,1111.699951171875,6.110499858856201,98.29199981689453,,1.6009999513626099,2.749000072479248,3.6760001182556152,82.08999633789062,107.6500015258789,114.01000213623047,3.5810000896453857,1396.0999755859375,23.46299934387207,3.2249999046325684,0.08,99.6543,68.0148,38.7,19973.0,2.78,0.39,2.39,94.7541,17.01,3589.87
2013-09-30,,,0.3889999985694885,19.940000534057617,22.21666717529297,490.8299865722656,1996.96,260.91,534.89,3771.47998046875,1681.550048828125,15129.669921875,1073.7900390625,16.600000381469727,2174.6650390625,22859.859375,14455.7998046875,1073.300048828125,6.111499786376953,98.4000015258789,,1.3880000114440918,2.615000009536743,3.686000108718872,80.22000122070312,102.33000183105469,108.37000274658203,3.559999942779541,1326.5,21.6560001373291,3.321000099182129,0.08,100.161,68.6801,38.4,20874.0,2.64,0.33,2.31,92.9207,16.6,3771.48
2013-10-31,,,0.37975001335144043,20.584999084472656,22.956666946411133,507.0899963378906,2030.09,266.91,532.44,3919.7099609375,1756.5400390625,15545.75,1100.1500244140625,13.75,2141.614013671875,23206.369140625,14327.9404296875,1058.199951171875,6.083799839019775,98.50700378417969,,1.315000057220459,2.5420000553131104,3.63100004196167,80.19999694824219,96.37999725341797,108.83999633789062,3.5810000896453857,1323.5999755859375,21.832000732421875,3.2945001125335693,0.09,100.082,70.6466,38.5,21399.0,2.57,0.31,2.26,92.731,13.75,3919.71
2013-11-30,,,0.38999998569488525,20.59000015258789,23.156667709350586,510.25,2044.87,269.57,517.06,4059.889892578125,1805.81005859375,16086.41015625,1142.8900146484375,13.699999809265137,2220.50390625,23881.2890625,15661.8701171875,1060.0999755859375,6.082399845123291,102.29199981689453,,1.3669999837875366,2.740999937057495,3.808000087738037,80.68000030517578,92.72000122070312,109.69000244140625,3.9539999961853027,1250.5999755859375,19.981000900268555,3.2304999828338623,0.08,100.3158,71.7685,38.5,21850.0,2.75,0.28,2.47,93.6291,13.7,4059.89
2013-12-31,,,0.40049999952316284,21.21500015258789,24.23666763305664,535.030029296875,2011.34,264.24,499.99,4176.58984375,1848.3599853515625,16576.66015625,1163.6400146484375,13.720000267028809,2115.97802734375,23306.390625,16291.3095703125,1054.300048828125,6.051799774169922,104.93399810791016,,1.7480000257492065,3.0260000228881836,3.9639999866485596,80.04000091552734,98.41999816894531,110.80000305175781,4.230000019073486,1201.9000244140625,19.339000701904297,3.441499948501587,0.09,100.5175,72.8464,38.5,20495.0,3.04,0.38,2.66,93.5576,13.72,4176.59
2014-01-31,,,0.39250001311302185,20.584999084472656,23.97333335876465,529.1799926757812,1941.15,252.89,515.2,4103.8798828125,1782.5899658203125,15698.849609375,1130.8800048828125,18.40999984741211,2033.0830078125,22035.419921875,14914.5302734375,1079.300048828125,6.051000118255615,102.75800323486328,,1.5099999904632568,2.6679999828338623,3.621999979019165,81.2699966430664,97.48999786376953,106.4000015258789,4.942999839782715,1240.0999755859375,19.104999542236328,3.2204999923706055,0.07,100.1599,74.522,37.8,21429.0,2.67,0.34,2.33,95.1774,18.41,4103.88
2014-02-28,26980.0,38750.0,0.4595000147819519,21.825000762939453,25.583332061767578,563.8300170898438,1979.99,258.41,528.96,4308.1201171875,1859.449951171875,16321.7099609375,1183.030029296875,14.0,2056.302001953125,22836.9609375,14841.0703125,1068.699951171875,6.1184000968933105,102.11000061035156,,1.5110000371932983,2.6579999923706055,3.5920000076293945,79.77999877929688,102.58999633789062,109.06999969482422,4.609000205993652,1321.4000244140625,21.20400047302246,3.2385001182556152,0.07,100.9168,76.7132,37.6,21244.0,2.66,0.33,2.33,94.3879,14.0,4308.12
2014-03-31,26860.0,36000.0,0.4477500021457672,22.80500030517578,26.56333351135254,586.739990234375,1985.61,258.11,541.58,4198.990234375,1872.3399658203125,16457.66015625,1173.0400390625,13.880000114440918,2033.3060302734375,22151.060546875,14827.830078125,1062.5,6.207200050354004,103.21399688720703,,1.7319999933242798,2.7230000495910645,3.561000108718872,80.0999984741211,101.58000183105469,107.76000213623047,4.370999813079834,1283.4000244140625,19.733999252319336,3.0464999675750732,0.08,101.8942,78.497,37.5,21542.0,2.73,0.44,2.29,94.2432,13.88,4198.99
2014-04-30,26860.0,40150.0,0.46175000071525574,22.334999084472656,26.06999969482422,575.969970703125,1961.79,255.33,559.34,4114.56005859375,1883.949951171875,16580.83984375,1126.8599853515625,13.40999984741211,2026.3580322265625,22133.970703125,14304.1103515625,1032.4000244140625,6.2494001388549805,102.22000122070312,,1.680999994277954,2.6480000019073486,3.4579999446868896,79.48999786376953,99.73999786376953,108.06999969482422,4.815000057220459,1295.5999755859375,19.118999481201172,3.0295000076293945,0.09,101.9928,80.0616,37.4,21546.0,2.67,0.42,2.25,93.8896,13.41,4114.56
2014-05-31,28860.0,44150.0,0.4749999940395355,23.170000076293945,27.22333335876465,599.5900268554688,1994.96,259.94,546.53,4242.6201171875,1923.5699462890625,16717.169921875,1134.5,11.399999618530273,2039.2120361328125,23081.650390625,14632.3798828125,1018.5399780273438,6.228000164031982,101.72000122070312,,1.527999997138977,2.4570000171661377,3.313999891281128,80.37000274658203,102.70999908447266,109.41000366210938,4.541999816894531,1245.5999755859375,18.652999877929688,3.135999917984009,0.09,102.3836,81.8774,37.4,20879.0,2.48,0.37,2.11,93.7606,11.4,4242.62
2014-06-30,26440.0,48550.0,0.4634999930858612,24.7450008392334,28.799999237060547,635.9299926757812,2002.21,260.56,537.06,4408.18017578125,1960.22998046875,16826.599609375,1192.9599609375,11.569999694824219,2048.326904296875,23190.720703125,15162.099609375,1011.0,6.19379997253418,101.29000091552734,,1.625,2.5160000324249268,3.3380000591278076,79.77999877929688,105.37000274658203,112.36000061035156,4.460999965667725,1321.800048828125,21.006999969482422,3.187999963760376,0.1,102.735,82.4052,37.4,21729.0,2.53,0.47,2.06,93.2058,11.57,4408.18
2014-07-31,26860.0,45450.0,0.4375,24.3799991607666,27.546667098999023,607.5499877929688,2076.12,269.68,536.32,4369.77001953125,1930.6700439453125,16563.30078125,1120.0699462890625,16.950000762939453,2201.56201171875,24756.849609375,15620.76953125,1032.3900146484375,6.164000034332275,102.77300262451172,,1.7630000114440918,2.555999994277954,3.311000108718872,81.45999908447266,98.16999816894531,106.0199966430664,3.8410000801086426,1281.300048828125,20.37299919128418,3.2230000495910645,0.09,102.9632,82.7456,37.5,21169.0,2.58,0.53,2.05,94.4467,16.95,4369.77
2014-08-31,24680.0,45400.0,0.48625001311302185,25.84000015258789,29.31333351135254,645.25,2068.54,265.41,570.2,4580.27001953125,2003.3699951171875,17098.44921875,1174.3499755859375,12.09000015258789,2217.199951171875,24742.060546875,15424.58984375,1013.5999755859375,6.133399963378906,104.16799926757812,,1.628000020980835,2.3429999351501465,3.0799999237060547,82.75,95.95999908447266,103.19000244140625,4.065000057220459,1285.800048828125,19.398000717163086,3.134999990463257,0.09,102.7688,82.6163,37.4,21563.0,2.35,0.48,1.87,94.7251,11.98,4580.27
2014-09-30,23680.0,46750.0,0.4612500071525574,25.545000076293945,28.950000762939453,638.47998046875,2020.09,256.77,573.22,4493.39013671875,1972.2900390625,17042.900390625,1101.6800537109375,16.309999465942383,2363.8701171875,22932.98046875,16173.51953125,1053.9000244140625,6.128499984741211,109.66000366210938,,1.7799999713897705,2.507999897003174,3.2119998931884766,85.94000244140625,91.16000366210938,94.66999816894531,4.120999813079834,1210.5,17.006000518798828,3.005500078201294,0.09,103.0641,82.6105,37.5,21246.0,2.52,0.58,1.94,97.5261,16.31,4493.39
2014-10-31,24880.0,47450.0,0.4884999990463257,25.709999084472656,29.049999237060547,640.8599853515625,1964.43,250.45,558.7,4630.740234375,2018.050048828125,17390.51953125,1173.510009765625,14.029999732971191,2420.177978515625,23998.060546875,16413.759765625,1053.800048828125,6.104499816894531,109.21299743652344,,1.6130000352859497,2.3350000381469727,3.059999942779541,86.87999725341797,80.54000091552734,85.86000061035156,3.872999906539917,1171.0999755859375,16.07699966430664,3.061000108718872,0.09,103.0764,82.3956,37.5,20613.0,2.35,0.5,1.85,98.1163,14.03,4630.74
2014-11-30,25740.0,48050.0,0.5242499709129333,27.774999618530273,31.14666748046875,685.739990234375,1980.78,253.7,545.08,4791.6298828125,2067.56005859375,17828.240234375,1173.22998046875,13.329999923706055,2682.9189453125,23987.44921875,17459.849609375,1099.0999755859375,6.1290998458862305,117.83999633789062,,1.5110000371932983,2.194000005722046,2.9100000858306885,88.36000061035156,66.1500015258789,70.1500015258789,4.0879998207092285,1175.199951171875,15.48900032043457,2.859999895095825,0.09,103.7126,81.9877,37.4,19957.0,2.18,0.47,1.71,100.0719,13.33,4791.63
2014-12-31,26540.0,47750.0,0.5012500286102295,27.309999465942383,30.963333129882812,686.8699951171875,1915.59,244.05,542.97,4736.0498046875,2058.89990234375,17823.0703125,1204.699951171875,19.200000762939453,3234.677001953125,23605.0390625,17450.76953125,1095.300048828125,6.191999912261963,119.45800018310547,,1.652999997138977,2.1700000762939453,2.749000072479248,90.2699966430664,53.27000045776367,57.33000183105469,2.8889999389648438,1183.9000244140625,15.5649995803833,2.8385000228881836,0.12,103.7044,82.1515,37.3,20150.0,2.17,0.67,1.5,102.2843,19.2,4736.05
2015-01-31,27300.0,47650.0,0.47999998927116394,26.364999771118164,29.456666946411133,653.1400146484375,1949.26,249.88,591.58,4635.240234375,1994.989990234375,17164.94921875,1165.3900146484375,20.969999313354492,3210.363037109375,24507.05078125,17674.390625,1098.800048828125,6.236599922180176,118.24800109863281,,1.187000036239624,1.6749999523162842,2.250999927520752,94.80000305175781,48.2400016784668,52.9900016784668,2.690999984741211,1278.5,17.191999435424805,2.5280001163482666,0.11,102.8905,82.1504,37.2,19556.0,1.68,0.47,1.21,105.5884,20.97,4635.24
2015-02-28,27140.0,46600.0,0.5515000224113464,28.485000610351562,32.28666687011719,714.6500244140625,1985.8,251.46,624.56,4963.52978515625,2104.5,18132.69921875,1233.3699951171875,13.34000015258789,3310.302978515625,24823.2890625,18797.939453125,1100.6700439453125,6.249499797821045,119.37699890136719,,1.5049999952316284,2.002000093460083,2.5999999046325684,95.25,49.7599983215332,62.58000183105469,2.7339999675750732,1212.5999755859375,16.51300048828125,2.7160000801086426,0.11,102.2335,81.8215,37.3,19358.0,2.0,0.63,1.37,105.5981,13.34,4963.53
2015-03-31,28820.0,45550.0,0.5232499837875366,27.649999618530273,31.34000015258789,695.47998046875,2041.03,257.28,650.49,4900.8798828125,2067.889892578125,17776.119140625,1252.77001953125,15.289999961853027,3747.89892578125,24900.890625,19206.990234375,1107.0999755859375,6.1875,120.02200317382812,,1.375,1.934000015258789,2.5439999103546143,98.36000061035156,47.599998474121094,55.11000061035156,2.640000104904175,1183.0999755859375,16.58099937438965,2.746999979019165,0.11,101.8914,81.026,37.2,21263.0,1.94,0.56,1.38,107.4396,15.29,4900.88
2015-04-30,28200.0,46150.0,0.5550000071525574,27.729999542236328,30.93666648864746,686.2899780273438,2127.17,266.42,689.01,4941.419921875,2085.510009765625,17840.51953125,1220.1300048828125,14.550000190734863,4441.65478515625,28133.0,19520.009765625,1075.06005859375,6.190999984741211,119.4520034790039,,1.4420000314712524,2.0460000038146973,2.753000020980835,94.5999984741211,59.630001068115234,66.77999877929688,2.750999927520752,1182.4000244140625,16.124000549316406,2.8864998817443848,0.12,101.3355,80.5543,37.1,20496.0,2.05,0.58,1.47,105.312,14.55,4941.42
2015-05-31,26140.0,51100.0,0.5532500147819519,29.905000686645508,33.689998626708984,745.4099731445312,2114.8,260.39,711.39,5070.02978515625,2107.389892578125,18010.6796875,1246.530029296875,13.84000015258789,4611.744140625,27424.189453125,20563.150390625,1111.4200439453125,6.188300132751465,124.19300079345703,,1.4670000076293945,2.0950000286102295,2.8469998836517334,96.91000366210938,60.29999923706055,65.55999755859375,2.6419999599456787,1189.4000244140625,16.68400001525879,2.759500026702881,0.12,100.8883,79.9374,37.2,20140.0,2.12,0.61,1.51,106.7388,13.84,5070.03
2015-06-30,25360.0,42300.0,0.5027499794960022,27.28499984741211,30.696666717529297,680.5399780273438,2074.2,252.27,742.27,4986.8701171875,2063.110107421875,17619.509765625,1253.949951171875,18.229999542236328,4277.22216796875,26250.029296875,20235.73046875,1117.56005859375,6.190999984741211,122.38600158691406,,1.628000020980835,2.3350000381469727,3.1040000915527344,95.48999786376953,59.470001220703125,63.59000015258789,2.8320000171661377,1171.5,15.550999641418457,2.623500108718872,0.13,100.571,80.4261,36.8,20746.0,2.35,0.64,1.71,106.5191,18.23,4986.87
2015-07-31,23700.0,37100.0,0.4987500011920929,26.075000762939453,29.18000030517578,646.2899780273438,2030.16,244.3,725.06,5128.27978515625,2103.840087890625,17689.859375,1238.6800537109375,12.119999885559082,3663.72607421875,24636.279296875,20585.240234375,1170.77001953125,6.199699878692627,124.07099914550781,,1.5479999780654907,2.2049999237060547,2.927000045776367,97.37000274658203,47.119998931884766,52.209999084472656,2.7160000801086426,1094.9000244140625,14.746000289916992,2.367500066757202,0.13,101.2228,79.8745,36.9,20745.0,2.2,0.67,1.53,108.7819,12.12,5128.28
2015-08-31,21780.0,35800.0,0.5619999766349792,24.774999618530273,27.67333221435547,611.0399780273438,1941.49,232.8,687.11,4776.509765625,1972.1800537109375,16528.029296875,1159.449951171875,28.43000030517578,3205.986083984375,21670.580078125,18890.48046875,1180.949951171875,6.366399765014648,121.08899688720703,,1.5410000085830688,2.200000047683716,2.930999994277954,95.94999694824219,49.20000076293945,54.150001525878906,2.688999891281128,1131.5999755859375,14.57699966430664,2.3380000591278076,0.14,101.0367,80.2585,36.6,20580.0,2.21,0.74,1.47,110.5621,28.43,4776.51
2015-09-30,22680.0,33550.0,0.6162499785423279,24.940000534057617,27.15333366394043,602.72998046875,1962.81,236.71,678.48,4620.16015625,1920.030029296875,16284.7001953125,1100.68994140625,24.5,3052.781005859375,20846.30078125,17388.150390625,1183.8399658203125,6.347099781036377,119.85900115966797,,1.375,2.059999942779541,2.880000114440918,96.3499984741211,45.09000015258789,48.369998931884766,2.5239999294281006,1115.5,14.512999534606934,2.3454999923706055,0.14,100.7547,80.721,36.5,20347.0,2.06,0.64,1.42,111.3311,24.5,4620.16
2015-10-31,27440.0,30700.0,0.7092499732971191,27.104999542236328,29.84666633605957,662.52001953125,2029.47,249.41,683.63,5053.75,2079.360107421875,17663.5390625,1161.8599853515625,15.069999694824219,3382.56103515625,22640.0390625,19083.099609375,1139.8599853515625,6.346700191497803,121.0,,1.527999997138977,2.1510000228881836,2.933000087738037,96.94999694824219,46.59000015258789,49.560001373291016,2.321000099182129,1141.5,15.565999984741211,2.313499927520752,0.12,100.2675,81.048,36.5,20245.0,2.16,0.75,1.41,110.2079,15.07,5053.75
2015-11-30,25680.0,31600.0,0.7929999828338623,27.899999618530273,30.536666870117188,677.1400146484375,1991.97,244.24,688.38,5108.669921875,2080.409912109375,17719.919921875,1198.1099853515625,16.1299991607666,3445.405029296875,21996.419921875,19747.470703125,1154.8299560546875,6.385000228881836,122.83000183105469,,1.6540000438690186,2.2179999351501465,2.990000009536743,100.16999816894531,41.650001525878906,44.61000061035156,2.234999895095825,1065.800048828125,14.050000190734863,2.0445001125335693,0.12,99.5298,81.2548,36.4,20171.0,2.21,0.94,1.27,112.34,16.13,5108.67
2015-12-31,25200.0,30750.0,0.8240000009536743,26.639999389648438,29.946666717529297,663.47998046875,1961.31,240.38,682.35,5007.41015625,2043.93994140625,17425.029296875,1135.8900146484375,18.209999084472656,3539.181884765625,21914.400390625,19033.7109375,1175.43994140625,6.481200218200684,120.44999694824219,,1.7580000162124634,2.2690000534057617,3.015000104904175,98.62999725341797,37.040000915527344,37.279998779296875,2.3369998931884766,1060.300048828125,13.774999618530273,2.125499963760376,0.24,99.0417,82.4698,36.3,20673.0,2.27,1.06,1.21,113.3429,18.21,5007.41
2016-01-31,23000.0,27300.0,0.7322499752044678,24.860000610351562,27.676666259765625,613.6799926757812,1912.06,232.1,682.8,4613.9501953125,1940.239990234375,16466.30078125,1035.3800048828125,20.200000762939453,2737.60009765625,19683.109375,17518.30078125,1205.6300048828125,6.565199851989746,118.93000030517578,,1.3350000381469727,1.930999994277954,2.757999897003174,99.61000061035156,33.619998931884766,34.7400016784668,2.2980000972747803,1116.4000244140625,14.229000091552734,2.063999891281128,0.34,99.5607,81.6281,35.9,20876.0,1.94,0.76,1.18,115.5731,20.2,4613.95
2016-02-29,23560.0,30000.0,0.7839999794960022,25.21500015258789,28.156667709350586,622.1099853515625,1916.66,234.63,651.62,4557.9501953125,1932.22998046875,16516.5,1033.9000244140625,20.549999237060547,2687.97900390625,19111.9296875,16026.759765625,1241.1300048828125,6.530399799346924,113.66000366210938,,1.2200000286102295,1.7400000095367432,2.615000009536743,98.20999908447266,33.75,35.970001220703125,1.7109999656677246,1233.9000244140625,14.895999908447266,2.128499984741211,0.38,99.0445,82.5464,35.7,21206.0,1.74,0.78,0.96,114.2418,20.55,4557.95
2016-03-31,26240.0,28150.0,0.890749990940094,27.540000915527344,30.540000915527344,676.8900146484375,1995.85,245.86,688.38,4869.85009765625,2059.739990234375,17685.08984375,1114.030029296875,13.949999809265137,3003.9150390625,20776.69921875,16758.669921875,1140.800048828125,6.439000129699707,112.4800033569336,,1.2239999771118164,1.7860000133514404,2.619999885559082,94.58999633789062,38.34000015258789,39.599998474121094,1.9589999914169312,1234.199951171875,15.460000038146973,2.18149995803833,0.36,98.3096,82.9313,35.6,21034.0,1.78,0.73,1.05,109.9191,13.95,4869.85
2016-04-30,24900.0,28150.0,0.8882499933242798,26.229999542236328,29.126667022705078,645.3400268554688,1994.15,245.2,699.77,4775.35986328125,2065.300048828125,17773.640625,1130.8499755859375,15.699999809265137,2938.323974609375,21067.05078125,16666.05078125,1134.0,6.46589994430542,108.07599639892578,,1.2790000438690186,1.819000005722046,2.6659998893737793,93.08000183105469,45.91999816894531,48.130001068115234,2.177999973297119,1289.199951171875,17.788999557495117,2.2790000438690186,0.37,98.6421,83.7862,35.6,21758.0,1.83,0.77,1.06,108.8274,15.7,4775.36
2016-05-31,25840.0,28700.0,1.1679999828338623,28.450000762939453,31.656667709350586,699.3599853515625,1983.4,243.63,698.45,4948.0498046875,2096.949951171875,17787.19921875,1154.7900390625,14.1899995803833,2916.615966796875,20815.08984375,17234.98046875,1187.739990234375,6.57289981842041,110.66999816894531,,1.3589999675750732,1.8339999914169312,2.628999948501587,95.88999938964844,49.099998474121094,49.689998626708984,2.2880001068115234,1214.800048828125,15.972000122070312,2.0975000858306885,0.37,98.4184,84.7635,35.6,21611.0,1.84,0.87,0.97,112.4276,14.19,4948.05
2016-06-30,28500.0,32400.0,1.1752500534057617,28.5049991607666,31.213333129882812,691.6699829101562,1970.35,244.14,675.09,4842.669921875,2098.860107421875,17929.990234375,1151.9200439453125,15.630000114440918,2929.60595703125,20794.369140625,15575.919921875,1151.25,6.6381001472473145,103.072998046875,,1.0110000371932983,1.4880000352859497,2.306999921798706,96.13999938964844,48.33000183105469,49.68000030517578,2.9240000247955322,1318.4000244140625,18.582000732421875,2.194499969482422,0.38,98.8833,86.0963,35.5,21449.0,1.49,0.58,0.91,112.1618,15.63,4842.67
2016-07-31,30780.0,34400.0,1.4275000095367432,31.75,34.66666793823242,766.780029296875,2016.19,251.48,706.24,5162.1298828125,2173.60009765625,18432.240234375,1219.93994140625,11.869999885559082,2979.339111328125,21891.369140625,16569.26953125,1109.949951171875,6.642300128936768,102.33200073242188,,1.0329999923706055,1.4579999446868896,2.181999921798706,95.52999877929688,41.599998474121094,42.459999084472656,2.875999927520752,1349.0,20.312000274658203,2.2204999923706055,0.39,98.9992,88.2021,35.5,21529.0,1.46,0.67,0.79,111.874,11.87,5162.13
2016-08-31,32400.0,36450.0,1.5334999561309814,33.10499954223633,36.29999923706055,801.47998046875,2034.65,256.87,663.69,5213.22021484375,2170.949951171875,18400.880859375,1239.9100341796875,13.420000076293945,3085.490966796875,22976.880859375,16887.400390625,1114.43994140625,6.677599906921387,103.302001953125,,1.1799999475479126,1.5679999589920044,2.2309999465942383,96.0199966430664,44.70000076293945,47.040000915527344,2.88700008392334,1306.9000244140625,18.621999740600586,2.069499969482422,0.4,98.85,89.4199,35.4,21480.0,1.58,0.8,0.78,112.4036,13.42,5213.22
2016-09-30,31960.0,40200.0,1.7130000591278076,34.73500061035156,37.663333892822266,835.5999755859375,2043.63,257.49,681.21,5312.0,2168.27001953125,18308.150390625,1251.6500244140625,13.289999961853027,3004.702880859375,23297.150390625,16449.83984375,1101.6199951171875,6.668700218200684,101.1989974975586,,1.156000018119812,1.6080000400543213,2.3359999656677246,95.45999908447266,48.2400016784668,49.060001373291016,2.9059998989105225,1313.300048828125,19.138999938964844,2.2019999027252197,0.4,98.7457,91.3266,35.4,21152.0,1.6,0.77,0.83,112.2795,13.29,5312.0
2016-10-31,32780.0,41000.0,1.7790000438690186,34.1349983215332,37.119998931884766,823.52001953125,2008.19,255.93,624.68,5189.14013671875,2126.14990234375,18142.419921875,1191.3900146484375,17.059999465942383,3100.491943359375,22934.5390625,17425.01953125,1146.699951171875,6.783400058746338,104.56500244140625,,1.312999963760376,1.8339999914169312,2.5889999866485596,98.44999694824219,46.86000061035156,48.29999923706055,3.0260000228881836,1271.5,17.761999130249023,2.200500011444092,0.4,98.7611,92.678,35.2,20990.0,1.84,0.86,0.98,114.0188,17.06,5189.13
2016-11-30,34920.0,42900.0,2.305000066757202,35.529998779296875,39.793331146240234,879.469970703125,1983.48,254.26,596.11,5323.68017578125,2198.81005859375,19123.580078125,1322.3399658203125,13.329999923706055,3250.033935546875,22789.76953125,18308.48046875,1167.8599853515625,6.897299766540527,112.47000122070312,,1.8339999914169312,2.368000030517578,3.0169999599456787,101.5,49.439998626708984,50.470001220703125,3.3519999980926514,1170.800048828125,16.4060001373291,2.621500015258789,0.41,98.3491,93.5939,35.1,20861.0,2.37,1.11,1.26,117.7636,13.33,5323.68
2016-12-31,36040.0,44700.0,2.6684999465942383,35.81999969482422,40.90666580200195,906.469970703125,2026.46,260.01,631.44,5383.1201171875,2238.830078125,19762.599609375,1357.1300048828125,14.039999961853027,3103.636962890625,22000.560546875,19114.369140625,1205.2900390625,6.945300102233887,116.26699829101562,,1.934000015258789,2.446000099182129,3.062999963760376,102.38999938964844,53.720001220703125,56.130001068115234,3.7239999771118164,1150.0,15.935999870300293,2.497499942779541,0.54,99.0214,94.1908,35.1,21483.0,2.45,1.2,1.25,118.3466,14.04,5383.12
2017-01-31,39460.0,53700.0,2.7295000553131104,37.220001220703125,42.619998931884766,944.280029296875,2067.57,268.09,616.13,5614.7900390625,2278.8701171875,19864.08984375,1361.8199462890625,11.989999771118164,3159.166015625,23360.779296875,19041.33984375,1169.2099609375,6.88070011138916,113.6500015258789,,1.9079999923706055,2.4509999752044678,3.0510001182556152,99.51000213623047,52.810001373291016,55.70000076293945,3.117000102996826,1208.5999755859375,17.511999130249023,2.7214999198913574,0.65,98.7611,95.0183,35.6,21216.0,2.45,1.19,1.26,116.2241,11.99,5614.79
2017-02-28,38440.0,46700.0,2.5369999408721924,38.19499969482422,43.81999969482422,969.3800048828125,2091.64,270.06,612.2,5825.43994140625,2363.639892578125,20812.240234375,1386.6800537109375,12.920000076293945,3241.73291015625,23740.73046875,19118.990234375,1133.93994140625,6.870100021362305,112.74500274658203,,1.8799999952316284,2.3580000400543213,2.9679999351501465,101.12000274658203,54.0099983215332,55.59000015258789,2.7739999294281006,1252.5999755859375,18.420000076293945,2.7039999961853027,0.66,98.3646,96.0273,35.6,21512.0,2.36,1.22,1.14,116.0032,12.92,5825.44
2017-03-31,41200.0,50500.0,2.723249912261963,39.85499954223633,45.630001068115234,1011.4000244140625,2160.23,280.64,619.28,5911.740234375,2362.719970703125,20663.220703125,1385.9200439453125,12.369999885559082,3222.513916015625,24111.58984375,18909.259765625,1117.02001953125,6.888999938964844,111.7760009765625,,1.9290000200271606,2.3959999084472656,3.0179998874664307,100.3499984741211,50.599998474121094,52.83000183105469,3.190000057220459,1247.300048828125,18.235000610351562,2.6465001106262207,0.79,99.0137,97.5229,35.5,20900.0,2.4,1.27,1.13,114.7938,12.37,5911.74
2017-04-30,44620.0,54000.0,2.6075000762939453,39.849998474121094,45.369998931884766,1005.530029296875,2205.44,287.21,628.24,6047.60986328125,2384.199951171875,20940.509765625,1400.4300537109375,10.819999694824219,3154.657958984375,24615.130859375,19196.740234375,1135.6400146484375,6.912099838256836,111.302001953125,,1.815999984741211,2.2820000648498535,2.9519999027252197,99.05000305175781,49.33000183105469,51.72999954223633,3.2760000228881836,1266.0999755859375,17.19099998474121,2.5964999198913574,0.9,100.0224,101.0176,35.8,21350.0,2.29,1.28,1.01,114.7877,10.82,6047.61
2017-05-31,44700.0,57000.0,3.608750104904175,42.994998931884766,49.33000183105469,1091.4200439453125,2347.38,304.67,652.04,6198.52001953125,2411.800048828125,21008.650390625,1370.2099609375,10.40999984741211,3117.177978515625,25660.650390625,19650.5703125,1119.02001953125,6.811200141906738,110.7959976196289,,1.7480000257492065,2.196000099182129,2.8570001125335693,96.91999816894531,48.31999969482422,50.310001373291016,3.071000099182129,1272.0,17.368000030517578,2.5769999027252197,0.91,100.1408,101.0408,35.7,21175.0,2.21,1.28,0.93,113.2956,10.41,6198.52
2017-06-30,47540.0,67400.0,3.614000082015991,40.93000030517578,46.733333587646484,1034.9100341796875,2391.79,311.76,669.04,6140.419921875,2423.409912109375,21349.630859375,1415.3599853515625,11.180000305175781,3192.427001953125,25764.580078125,20033.4296875,1146.1400146484375,6.785699844360352,112.00900268554688,,1.8849999904632568,2.302000045776367,2.8399999141693115,95.66000366210938,46.040000915527344,47.91999816894531,3.0350000858306885,1240.699951171875,16.56800079345703,2.6989998817443848,1.04,100.3471,100.548,35.7,21015.0,2.31,1.38,0.93,111.9896,11.18,6140.42
2017-07-31,48200.0,66000.0,4.062749862670898,42.91999816894531,48.99333190917969,1085.1500244140625,2402.71,314.6,650.47,6348.1201171875,2470.300048828125,21891.119140625,1425.1400146484375,10.260000228881836,3273.028076171875,27323.990234375,19925.1796875,1118.72998046875,6.725500106811523,110.35900115966797,,1.8320000171661377,2.2920000553131104,2.8980000019073486,92.86000061035156,50.16999816894531,52.650001525878906,2.7939999103546143,1266.5999755859375,16.75,2.888000011444092,1.15,100.1068,99.5657,34.7,21789.0,2.3,1.34,0.96,109.8177,10.26,6348.12
2017-08-31,46320.0,68600.0,4.236000061035156,44.290000915527344,50.41666793823242,1114.31005859375,2363.19,308.28,657.83,6428.66015625,2471.64990234375,21948.099609375,1405.280029296875,10.59000015258789,3360.81005859375,27970.30078125,19646.240234375,1123.5400390625,6.589799880981445,110.12899780273438,,1.7070000171661377,2.121000051498413,2.7249999046325684,92.66999816894531,47.22999954223633,52.380001068115234,3.0399999618530273,1316.199951171875,17.479999542236328,3.0789999961853027,1.16,99.6925,99.3714,34.5,21779.0,2.12,1.33,0.79,109.3686,10.59,6428.66
2017-09-30,51280.0,82900.0,4.469250202178955,46.65999984741211,52.856666564941406,1171.739990234375,2394.47,316.27,652.82,6495.9599609375,2519.360107421875,22405.08984375,1490.8599853515625,9.510000228881836,3348.943115234375,27554.30078125,20356.279296875,1145.93994140625,6.664999961853027,112.46700286865234,,1.9279999732971191,2.3259999752044678,2.8570001125335693,93.08000183105469,51.66999816894531,57.540000915527344,3.006999969482422,1281.5,16.60700035095215,2.9375,1.15,99.7954,100.0478,33.9,22577.0,2.33,1.47,0.86,110.0867,9.51,6495.96
2017-10-31,55080.0,82200.0,5.170249938964844,50.80500030517578,57.573333740234375,1275.6099853515625,2523.43,333.57,694.2,6727.669921875,2575.260009765625,23377.240234375,1502.530029296875,10.180000305175781,3393.342041015625,28245.5390625,22011.609375,1123.449951171875,6.642399787902832,112.99600219726562,,2.009999990463257,2.375999927520752,2.875,94.55000305175781,54.380001068115234,61.369998931884766,2.8959999084472656,1267.0,16.645000457763672,3.0920000076293945,1.15,101.0247,101.3948,33.9,22295.0,2.38,1.6,0.78,111.8052,10.18,6727.67
2017-11-30,50800.0,76800.0,5.017749786376953,50.125,57.52000045776367,1272.550048828125,2476.37,325.25,771.42,6873.97021484375,2647.580078125,24272.349609375,1544.1400146484375,11.279999732971191,3317.18798828125,29177.349609375,22724.9609375,1080.6600341796875,6.60830020904541,112.00199890136719,,2.1440000534057617,2.4170000553131104,2.8320000171661377,93.01000213623047,57.400001525878906,63.56999969482422,3.0250000953674316,1273.199951171875,16.381999969482422,3.0369999408721924,1.16,101.2664,103.144,33.9,22767.0,2.42,1.78,0.64,110.4648,11.28,6873.97
2017-12-31,50960.0,76500.0,4.837500095367432,48.904998779296875,56.60333251953125,1253.050048828125,2467.49,324.74,798.42,6903.39013671875,2673.610107421875,24719.220703125,1535.510009765625,11.039999961853027,3307.172119140625,29919.150390625,22764.939453125,1069.489990234375,6.531599998474121,112.875,,2.2060000896453857,2.4049999713897705,2.739000082015991,92.12000274658203,60.41999816894531,66.5999984741211,2.953000068664551,1306.300048828125,17.059999465942383,3.2795000076293945,1.3,101.4644,105.3014,33.9,22126.0,2.4,1.89,0.51,110.0783,11.04,6903.39
2018-01-31,49900.0,73500.0,6.144999980926514,53.255001068115234,61.4900016784668,1361.5,2566.46,333.38,913.57,7411.47998046875,2823.81005859375,26149.390625,1574.97998046875,13.539999961853027,3480.8330078125,32887.26953125,23098.2890625,1072.5400390625,6.321100234985352,108.73200225830078,,2.5239999294281006,2.7200000286102295,2.941999912261963,89.12999725341797,64.7300033569336,69.05000305175781,2.994999885559082,1339.0,17.20400047302246,3.184000015258789,1.41,101.4625,106.5123,34.0,21876.0,2.72,2.14,0.58,106.7696,13.54,7411.48
2018-02-28,47060.0,76800.0,6.050000190734863,53.27000045776367,61.62666702270508,1362.02001953125,2427.36,312.86,857.06,7273.009765625,2713.830078125,25029.19921875,1512.449951171875,19.850000381469727,3259.407958984375,30844.720703125,22068.240234375,1079.3900146484375,6.316699981689453,107.4260025024414,,2.6500000953674316,2.868000030517578,3.127000093460083,90.61000061035156,61.63999938964844,65.77999877929688,2.6670000553131104,1315.5,16.323999404907227,3.1075000762939453,1.42,101.7085,106.2109,34.0,22026.0,2.87,2.25,0.62,108.3903,19.85,7273.01
2018-03-31,49220.0,81300.0,5.789750099182129,52.13999938964844,60.016666412353516,1328.9000244140625,2445.85,314.61,871.09,7063.4501953125,2640.8701171875,24103.109375,1529.4300537109375,19.969999313354492,3168.89697265625,30093.380859375,21454.30078125,1062.0,6.288899898529053,106.47899627685547,,2.562000036239624,2.740999937057495,2.9719998836517334,90.1500015258789,64.94000244140625,70.2699966430664,2.7330000400543213,1322.800048828125,16.222999572753906,3.0190000534057617,1.51,102.2067,105.5107,33.9,21747.0,2.74,2.27,0.47,107.4784,19.97,7063.44
2018-04-30,53000.0,84500.0,5.622499942779541,48.58000183105469,56.2400016784668,1244.4000244140625,2515.38,323.56,875.95,7066.27001953125,2648.050048828125,24163.150390625,1541.8800048828125,15.930000305175781,3082.23193359375,30808.44921875,22467.869140625,1069.449951171875,6.332099914550781,109.322998046875,,2.7890000343322754,2.936000108718872,3.0969998836517334,91.83999633789062,68.56999969482422,75.16999816894531,2.763000011444092,1316.199951171875,16.312000274658203,3.052500009536743,1.69,103.3329,106.0022,33.9,22440.0,2.95,2.49,0.46,109.3363,15.93,7066.27
2018-05-31,50700.0,93400.0,6.304749965667725,53.595001220703125,62.47666549682617,1379.0,2423.01,310.92,879.66,7442.1201171875,2705.27001953125,24415.83984375,1633.6099853515625,15.430000305175781,3095.47412109375,30468.560546875,22201.8203125,1079.949951171875,6.409299850463867,108.7490005493164,,2.6640000343322754,2.822000026702881,2.9860000610351562,93.98999786376953,67.04000091552734,77.58999633789062,2.9519999027252197,1300.0999755859375,16.402000427246094,3.058000087738037,1.7,102.4024,106.3259,33.7,22716.0,2.83,2.4,0.43,111.9894,15.43,7442.12
2018-06-30,46650.0,85700.0,5.922500133514404,51.334999084472656,59.413333892822266,1313.699951171875,2326.13,299.66,818.22,7510.2998046875,2718.3701171875,24271.41015625,1643.0699462890625,16.09000015258789,2847.41796875,28955.109375,22304.509765625,1120.5400390625,6.627399921417236,110.48600006103516,,2.7309999465942383,2.8489999771118164,2.9830000400543213,94.62999725341797,74.1500015258789,79.44000244140625,2.9240000247955322,1251.300048828125,16.104000091552734,2.9509999752044678,1.82,103.198,107.3727,33.7,22836.0,2.85,2.52,0.33,113.2586,16.09,7510.3
2018-07-31,46250.0,86300.0,6.121500015258789,52.94499969482422,61.83333206176758,1367.469970703125,2295.26,297.45,775.52,7671.7900390625,2816.2900390625,25415.189453125,1670.800048828125,12.829999923706055,2876.40087890625,28583.009765625,22553.720703125,1112.199951171875,6.811699867248535,111.80799865722656,,2.8480000495910645,2.9639999866485596,3.0829999446868896,94.48999786376953,68.76000213623047,74.25,2.7820000648498535,1223.699951171875,15.5,2.819000005722046,1.91,103.3646,107.5357,33.2,22970.0,2.96,2.67,0.29,112.7299,12.83,7671.79
2018-08-31,48450.0,83000.0,7.017000198364258,54.470001220703125,63.439998626708984,1401.199951171875,2322.88,300.07,816.97,8109.5400390625,2901.52001953125,25964.8203125,1740.75,12.859999656677246,2725.25,27888.55078125,22865.150390625,1115.449951171875,6.843100070953369,110.9990005493164,,2.734999895095825,2.8529999256134033,3.009999990463257,95.13999938964844,69.80000305175781,77.41999816894531,2.9159998893737793,1200.300048828125,14.437999725341797,2.6489999294281006,1.91,104.0327,107.8675,32.7,22856.0,2.86,2.62,0.24,114.2755,12.86,8109.54
2018-09-30,46450.0,73100.0,7.0254998207092285,53.224998474121094,61.68333435058594,1366.739990234375,2343.07,300.51,822.27,8046.35009765625,2913.97998046875,26458.310546875,1696.5699462890625,12.119999885559082,2821.35009765625,27788.51953125,24120.0390625,1109.010009765625,6.8678998947143555,113.7959976196289,,2.947999954223633,3.055999994277954,3.197000026702881,95.19000244140625,73.25,82.72000122070312,3.007999897003174,1191.5,14.623000144958496,2.7869999408721924,1.95,104.1004,106.6054,32.6,22545.0,3.05,2.81,0.24,113.8077,12.12,8046.35
2018-10-31,42400.0,68200.0,5.270750045776367,46.72999954223633,54.31999969482422,1202.300048828125,2029.69,264.01,648.67,7305.89990234375,2711.739990234375,25115.759765625,1511.4100341796875,21.229999542236328,2602.782958984375,24979.689453125,21920.4609375,1137.699951171875,6.966300010681152,113.052001953125,,2.986999988555908,3.1589999198913574,3.4019999504089355,97.12999725341797,65.30999755859375,75.47000122070312,3.260999917984009,1212.300048828125,14.229000091552734,2.6635000705718994,2.19,103.9856,105.2557,32.3,23254.0,3.15,2.87,0.28,116.5281,21.23,7305.9
2018-11-30,41850.0,69600.0,4.085750102996826,48.375,56.08333206176758,1239.5999755859375,2096.86,271.35,695.76,7330.5400390625,2760.169921875,25538.4609375,1533.27001953125,18.06999969482422,2588.18798828125,26506.75,22351.060546875,1117.02001953125,6.941500186920166,113.41100311279297,,2.8450000286102295,3.013000011444092,3.311000108718872,97.2699966430664,50.93000030517578,58.709999084472656,4.611999988555908,1220.199951171875,14.093999862670898,2.7774999141693115,2.2,104.0681,103.0036,32.3,23366.0,3.01,2.8,0.21,116.413,18.07,7330.54
2018-12-31,38700.0,60500.0,3.3375000953674316,43.63999938964844,52.3033332824707,1155.1700439453125,2041.04,261.98,675.65,6635.27978515625,2506.85009765625,23327.4609375,1348.56005859375,25.420000076293945,2493.89599609375,25845.69921875,20014.76953125,1116.300048828125,6.877200126647949,110.33000183105469,,2.509999990463257,2.686000108718872,3.0199999809265137,96.16999816894531,45.40999984741211,53.79999923706055,2.940000057220459,1278.300048828125,15.432999610900879,2.628000020980835,2.27,104.0936,102.4992,32.3,23343.0,2.69,2.48,0.21,115.5674,25.42,6635.28
2019-01-31,46150.0,73900.0,3.59375,48.29499816894531,57.563331604003906,1272.0899658203125,2204.85,285.89,716.86,7281.740234375,2704.10009765625,24999.669921875,1499.4200439453125,16.56999969482422,2584.572021484375,27942.470703125,20773.490234375,1109.0,6.7154998779296875,108.98100280761719,,2.440000057220459,2.634999990463257,3.005000114440918,95.58000183105469,53.790000915527344,61.88999938964844,2.813999891281128,1319.699951171875,16.02199935913086,2.7890000343322754,2.4,103.4021,103.7506,31.7,22967.0,2.63,2.45,0.18,113.5504,16.57,7281.74
2019-02-28,45100.0,70000.0,3.8564999103546143,51.665000915527344,61.246665954589844,1350.199951171875,2195.44,283.8,731.25,7532.52978515625,2784.489990234375,25916.0,1575.550048828125,14.779999732971191,2940.9541015625,28633.1796875,21385.16015625,1115.0999755859375,6.686200141906738,110.86199951171875,,2.509000062942505,2.7109999656677246,3.0829999446868896,96.16000366210938,57.220001220703125,66.02999877929688,2.812000036239624,1312.800048828125,15.538000106811523,2.950000047683716,2.4,102.8371,104.7604,31.6,23016.0,2.73,2.52,0.21,114.1991,14.78,7532.53
2019-03-31,44650.0,74200.0,4.488999843597412,53.165000915527344,63.18000030517578,1395.510009765625,2140.67,276.48,729.31,7729.31982421875,2834.39990234375,25928.6796875,1539.739990234375,13.710000038146973,3090.758056640625,29051.359375,21205.810546875,1136.699951171875,6.711100101470947,110.99500274658203,,2.243000030517578,2.4140000343322754,2.822000026702881,97.27999877929688,60.13999938964844,68.38999938964844,2.6619999408721924,1293.0,15.0600004196167,2.936000108718872,2.41,102.8757,105.3679,31.6,23250.0,2.41,2.27,0.14,115.1371,13.71,7729.32
2019-04-30,45850.0,79000.0,4.525000095367432,58.125,70.5199966430664,1556.1800537109375,2203.59,284.92,754.74,8095.39013671875,2945.830078125,26592.91015625,1591.2099609375,13.119999885559082,3086.39892578125,29699.109375,22258.73046875,1163.260009765625,6.733799934387207,111.3949966430664,,2.2820000648498535,2.509000062942505,2.940000057220459,97.4800033569336,63.90999984741211,72.80000305175781,2.575000047683716,1282.800048828125,14.899999618530273,2.9014999866485596,2.42,102.274,105.8286,31.7,23818.0,2.51,2.27,0.24,115.3281,13.12,8095.39
2019-05-31,42500.0,65300.0,3.3864998817443848,49.1150016784668,58.84000015258789,1296.1800537109375,2041.74,263.89,696.47,7453.14990234375,2752.06005859375,24815.0390625,1465.489990234375,18.709999084472656,2898.696044921875,26901.08984375,20601.189453125,1188.3800048828125,6.900899887084961,109.35700225830078,,1.9270000457763672,2.1419999599456787,2.5829999446868896,97.75,53.5,64.48999786376953,2.4539999961853027,1305.800048828125,14.529999732971191,2.6459999084472656,2.39,102.392,105.8115,31.5,23512.0,2.14,1.95,0.19,116.7273,18.71,7453.15
2019-06-30,47000.0,69500.0,4.10575008392334,55.09000015258789,66.13666534423828,1458.9599609375,2130.62,277.5,690.53,8006.240234375,2941.760009765625,26599.9609375,1566.5699462890625,15.079999923706055,2978.8779296875,28542.619140625,21275.919921875,1155.5999755859375,6.865799903869629,108.38200378417969,,1.7580000162124634,2.0,2.5280001163482666,96.12999725341797,58.470001220703125,66.55000305175781,2.308000087738037,1409.699951171875,15.253000259399414,2.7054998874664307,2.38,102.4375,106.7633,31.5,23393.0,2.0,1.75,0.25,114.5821,15.08,8006.24
2019-07-31,45350.0,76900.0,4.2179999351501465,58.54499816894531,69.86000061035156,1542.43994140625,2024.55,266.34,630.18,8175.419921875,2980.3798828125,26864.26953125,1574.6099853515625,16.1200008392334,2932.510009765625,27777.75,21521.529296875,1186.31005859375,6.883399963378906,108.81999969482422,,1.843999981880188,2.0209999084472656,2.5269999504089355,98.5199966430664,58.58000183105469,65.16999816894531,2.2330000400543213,1426.0999755859375,16.34600067138672,2.6579999923706055,2.4,101.9408,107.5196,31.6,23189.0,2.02,1.89,0.13,115.4946,16.12,8175.42
2019-08-31,44000.0,77400.0,4.187749862670898,57.209999084472656,68.24333190917969,1504.9200439453125,1967.79,259.0,610.55,7962.8798828125,2926.4599609375,26403.279296875,1494.8399658203125,18.979999542236328,2886.239990234375,25724.73046875,20704.369140625,1207.1600341796875,7.143599987030029,106.43800354003906,,1.3910000324249268,1.50600004196167,1.9700000286102295,98.91999816894531,55.099998474121094,60.43000030517578,2.2850000858306885,1519.0999755859375,18.184999465942383,2.5329999923706055,2.13,102.639,109.1758,31.6,23042.0,1.5,1.5,0.0,118.1575,18.98,7962.88
2019-09-30,49050.0,82200.0,4.351749897003174,59.564998626708984,70.47000122070312,1558.75,2063.05,273.55,621.76,7999.33984375,2976.739990234375,26916.830078125,1523.3699951171875,16.239999771118164,2905.18994140625,26092.26953125,21755.83984375,1198.0,7.147500038146973,108.06900024414062,,1.5509999990463257,1.6749999523162842,2.121000051498413,99.37999725341797,54.06999969482422,60.779998779296875,2.3299999237060547,1465.699951171875,16.898000717163086,2.564500093460083,2.04,102.2917,108.7369,31.7,22922.0,1.68,1.63,0.05,117.9461,16.24,7999.33
2019-10-31,50400.0,82000.0,5.0254998207092285,63.744998931884766,74.78333282470703,1651.219970703125,2083.48,275.82,658.52,8292.3603515625,3037.56005859375,27046.23046875,1562.449951171875,13.220000267028809,2929.06005859375,26906.720703125,22927.0390625,1163.699951171875,7.0543999671936035,108.78900146484375,,1.5230000019073486,1.690999984741211,2.1760001182556152,97.3499984741211,54.18000030517578,60.22999954223633,2.632999897003174,1511.4000244140625,18.013999938964844,2.632999897003174,1.83,101.4281,108.9746,31.6,22529.0,1.69,1.52,0.17,115.9125,13.22,8292.36
2019-11-30,50300.0,80900.0,5.418499946594238,66.45500183105469,77.82333374023438,1716.8399658203125,2087.96,276.78,632.99,8665.4697265625,3140.97998046875,28051.41015625,1624.5,12.619999885559082,2871.97998046875,26346.490234375,23293.91015625,1177.010009765625,7.03439998626709,109.51200103759766,,1.621000051498413,1.7760000228881836,2.2019999027252197,98.2699966430664,55.16999816894531,62.43000030517578,2.2809998989105225,1465.5999755859375,16.9689998626709,2.6419999599456787,1.55,101.9372,110.9638,31.5,22350.0,1.78,1.61,0.17,117.1204,12.62,8665.47
2019-12-31,55800.0,94100.0,5.882500171661377,70.70500183105469,83.69999694824219,1849.6199951171875,2197.67,293.77,669.83,8972.599609375,3230.780029296875,28538.439453125,1668.469970703125,13.779999732971191,3050.1240234375,28189.75,23656.619140625,1156.3499755859375,6.9857001304626465,108.87300109863281,,1.6929999589920044,1.9190000295639038,2.3889999389648438,96.38999938964844,61.060001373291016,66.0,2.188999891281128,1519.5,17.827999114990234,2.7939999103546143,1.55,101.7003,112.6269,31.6,22570.0,1.92,1.58,0.34,114.669,13.78,8972.6
2020-01-31,56400.0,93500.0,5.910749912261963,68.78500366210938,81.0199966430664,1789.9300537109375,2119.01,284.53,642.48,9150.9404296875,3225.52001953125,28256.029296875,1614.06005859375,18.84000015258789,2976.528076171875,26312.630859375,23205.1796875,1187.1199951171875,6.935699939727783,108.87699890136719,,1.3259999752044678,1.5199999809265137,2.015000104904175,97.38999938964844,51.560001373291016,58.15999984741211,1.840999960899353,1582.9000244140625,17.972000122070312,2.5199999809265137,1.55,101.0338,110.9344,31.4,22796.0,1.51,1.33,0.18,115.7345,18.84,9150.94
2020-02-29,54200.0,87900.0,6.7517499923706055,65.98500061035156,77.26333618164062,1705.5400390625,1987.01,268.02,610.73,8567.3701171875,2954.219970703125,25409.359375,1476.4300537109375,40.11000061035156,2880.303955078125,26129.9296875,21142.9609375,1211.31005859375,7.003499984741211,109.66000366210938,,0.9129999876022339,1.1269999742507935,1.6710000038146973,98.12999725341797,44.7599983215332,50.52000045776367,1.684000015258789,1564.0999755859375,16.386999130249023,2.5460000038146973,1.58,101.3735,108.6923,31.4,23006.0,1.13,0.86,0.27,117.6568,40.11,8567.37
2020-03-31,47750.0,83300.0,6.590000152587891,58.56999969482422,68.40333557128906,1510.5899658203125,1754.64,236.82,569.07,7700.10009765625,2584.590087890625,21917.16015625,1153.0999755859375,53.540000915527344,2750.2958984375,23603.48046875,18917.009765625,1216.6600341796875,7.081399917602539,107.50800323486328,,0.375,0.6980000138282776,1.3509999513626099,99.05000305175781,20.479999542236328,22.739999771118164,1.6399999856948853,1583.4000244140625,14.097999572753906,2.240000009536743,0.65,97.4078,109.4757,31.6,22648.0,0.7,0.23,0.47,122.5301,53.54,7700.1
2020-04-30,50000.0,83700.0,7.307000160217285,66.86499786376953,78.34666442871094,1731.239990234375,1947.56,258.15,645.18,8889.5498046875,2912.429931640625,24345.720703125,1310.6600341796875,34.150001525878906,2860.08203125,24643.58984375,20193.689453125,1212.9599609375,7.061299800872803,107.28500366210938,,0.3449999988079071,0.621999979019165,1.2660000324249268,99.0199966430664,18.84000015258789,25.270000457763672,1.9490000009536743,1684.199951171875,14.89799976348877,2.3540000915527344,0.05,84.5619,107.5225,30.6,22584.0,0.64,0.2,0.44,122.327,34.15,8889.55
2020-05-31,50700.0,81500.0,8.875499725341797,70.51499938964844,83.95333099365234,1852.489990234375,2029.6,268.32,713.68,9489.8701171875,3044.31005859375,25383.109375,1394.0400390625,27.510000228881836,2852.35107421875,22961.470703125,21877.890625,1230.469970703125,7.136300086975098,107.70800018310547,,0.30399999022483826,0.6480000019073486,1.406999945640564,98.33999633789062,35.4900016784668,35.33000183105469,1.8489999771118164,1736.9000244140625,18.440000534057617,2.426500082015991,0.05,85.9604,107.1574,30.6,22651.0,0.65,0.16,0.49,120.9458,27.51,9489.87
2020-06-30,52800.0,85100.0,9.497750282287598,76.4000015258789,90.29000091552734,1996.43994140625,2108.33,280.09,737.97,10058.76953125,3100.2900390625,25812.880859375,1441.3699951171875,30.43000030517578,2984.674072265625,24427.189453125,22288.140625,1198.3900146484375,7.0644001960754395,107.98899841308594,,0.289000004529953,0.652999997138977,1.409000039100647,97.38999938964844,39.27000045776367,41.150001525878906,1.7510000467300415,1793.0,18.541000366210938,2.7135000228881836,0.08,91.5934,109.2417,30.6,22760.0,0.66,0.16,0.5,120.4649,30.43,10058.77
2020-07-31,57900.0,82800.0,10.614749908447266,83.11000061035156,96.79666900634766,2136.409912109375,2249.37,299.32,815.3,10745.26953125,3271.1201171875,26428.3203125,1480.4300537109375,24.459999084472656,3310.007080078125,24595.349609375,21710.0,1189.56005859375,7.007299900054932,104.68299865722656,,0.2150000035762787,0.5360000133514404,1.1979999542236328,93.48999786376953,40.27000045776367,43.29999923706055,1.7990000247955322,1962.800048828125,24.18899917602539,2.8589999675750732,0.09,95.0256,111.7799,30.3,23027.0,0.55,0.11,0.44,117.2082,24.46,10745.27
2020-08-31,54000.0,75100.0,13.374500274658203,87.68499755859375,102.40666961669922,2260.429931640625,2326.17,307.14,848.24,11775.4599609375,3500.31005859375,28430.05078125,1561.8800048828125,26.40999984741211,3395.677978515625,25177.05078125,23139.759765625,1187.0400390625,6.847700119018555,106.00399780273438,,0.2639999985694885,0.6930000185966492,1.4520000219345093,92.13999938964844,42.61000061035156,45.279998779296875,2.630000114440918,1967.5999755859375,28.437000274658203,3.0409998893737793,0.1,95.9549,112.4082,30.2,23404.0,0.72,0.14,0.58,115.7586,26.41,11775.46
2020-09-30,58200.0,84000.0,13.530500411987305,87.0999984741211,101.53666687011719,2244.1201171875,2327.89,309.44,848.15,11167.509765625,3363.0,27781.69921875,1507.68994140625,26.3700008392334,3218.052001953125,23459.05078125,23185.119140625,1163.780029296875,6.789700031280518,105.45099639892578,,0.2720000147819519,0.6769999861717224,1.4509999752044678,93.88999938964844,40.220001220703125,40.95000076293945,2.5269999504089355,1887.5,23.433000564575195,3.0285000801086426,0.09,95.9669,115.8024,30.2,23397.0,0.69,0.13,0.56,116.946,26.37,11167.68
2020-10-31,56600.0,79900.0,12.534000396728516,87.4749984741211,101.82666778564453,2246.14990234375,2267.15,301.6,792.65,10911.58984375,3269.9599609375,26501.599609375,1538.47998046875,38.02000045776367,3224.532958984375,24107.419921875,22977.130859375,1129.52001953125,6.714000225067139,104.55400085449219,,0.38100001215934753,0.8600000143051147,1.6399999856948853,94.04000091552734,35.790000915527344,37.459999084472656,3.3540000915527344,1877.4000244140625,23.617000579833984,3.0434999465942383,0.09,96.7394,119.86,29.1,24196.0,0.88,0.14,0.74,116.1354,38.02,10911.59
2020-11-30,66700.0,97500.0,13.40149974822998,104.30500030517578,120.60333251953125,2663.489990234375,2591.34,346.05,886.11,12198.740234375,3621.6298828125,29638.640625,1819.8199462890625,20.56999969482422,3391.760009765625,26341.490234375,26433.619140625,1104.3299560546875,6.576000213623047,104.08200073242188,,0.3619999885559082,0.843999981880188,1.5729999542236328,91.87000274658203,45.34000015258789,47.59000015258789,2.881999969482422,1775.699951171875,22.534000396728516,3.4205000400543213,0.09,97.0816,121.1263,29.1,24147.0,0.84,0.16,0.68,113.2256,20.57,12198.74
2020-12-31,81000.0,118500.0,13.055000305175781,109.20999908447266,126.3933334350586,2795.5,2873.47,389.29,968.42,12888.2802734375,3756.070068359375,30606.48046875,1974.8599853515625,22.75,3473.069091796875,27231.130859375,27444.169921875,1086.4200439453125,6.522200107574463,103.12100219726562,,0.3610000014305115,0.9169999957084656,1.6460000276565552,89.94000244140625,48.52000045776367,51.79999923706055,2.5390000343322754,1893.0999755859375,26.332000732421875,3.5139999389648438,0.09,98.363,121.0366,29.3,24299.0,0.93,0.13,0.8,111.3169,22.75,12888.28
2021-01-31,82000.0,122500.0,12.989749908447266,113.30500030517578,130.47332763671875,2887.080078125,2976.21,404.56,928.73,13070.6904296875,3714.239990234375,29982.619140625,2073.639892578125,33.09000015258789,3483.069091796875,28283.7109375,27663.390625,1112.2900390625,6.448400020599365,104.29100036621094,,0.4429999887943268,1.093000054359436,1.8580000400543213,90.58000183105469,52.20000076293945,55.880001068115234,2.563999891281128,1847.300048828125,26.899999618530273,3.573499917984009,0.09,98.8822,120.3158,29.1,22657.0,1.11,0.11,1.0,111.9511,33.09,13070.69
2021-02-28,82500.0,141500.0,13.714500427246094,120.4749984741211,138.97000122070312,3067.6201171875,3012.95,409.91,913.94,13192.349609375,3811.14990234375,30932.369140625,2201.050048828125,27.950000762939453,3509.080078125,28980.2109375,28966.009765625,1119.1300048828125,6.453800201416016,106.37899780273438,,0.7760000228881836,1.4600000381469727,2.181999921798706,90.93000030517578,61.5,66.12999725341797,2.7709999084472656,1728.0999755859375,26.402000427246094,4.0945000648498535,0.08,95.6149,119.1051,29.1,22920.0,1.44,0.14,1.3,112.8306,27.95,13192.35
2021-03-31,81400.0,132500.0,13.348250389099121,121.7750015258789,141.3300018310547,3124.93994140625,3061.42,415.04,956.17,13246.8701171875,3972.889892578125,32981.55078125,2220.52001953125,19.399999618530273,3441.909912109375,28378.349609375,29178.80078125,1127.199951171875,6.551199913024902,110.75,,0.9380000233650208,1.746000051498413,2.424999952316284,93.2300033569336,59.15999984741211,63.540000915527344,2.6080000400543213,1713.800048828125,24.517000198364258,4.002999782562256,0.07,98.3856,119.6459,29.1,22931.0,1.74,0.16,1.58,113.8234,19.4,13246.87
2021-04-30,81500.0,128000.0,15.009499549865723,121.5,140.67666625976562,3108.989990234375,3147.86,422.36,983.45,13962.6796875,4181.169921875,33874.8515625,2266.449951171875,18.610000610351562,3446.860107421875,28724.880859375,28812.630859375,1106.6300048828125,6.471199989318848,108.90399932861328,,0.8569999933242798,1.63100004196167,2.3010001182556152,91.27999877929688,63.58000183105469,67.25,2.930999994277954,1767.300048828125,25.85300064086914,4.479000091552734,0.07,98.5587,121.9916,29.0,23219.0,1.65,0.16,1.49,112.0839,18.61,13962.68
2021-05-31,80500.0,127000.0,16.24449920654297,124.59500122070312,144.22666931152344,3186.56005859375,3203.92,427.91,981.78,13748.740234375,4204.10986328125,34529.44921875,2268.969970703125,16.760000228881836,3615.47998046875,29151.80078125,28860.080078125,1106.97998046875,6.36899995803833,109.49299621582031,,0.7879999876022339,1.5809999704360962,2.263000011444092,90.02999877929688,66.31999969482422,69.62999725341797,2.9860000610351562,1902.5,27.993000030517578,4.682499885559082,0.06,99.4333,123.9862,29.2,23212.0,1.58,0.14,1.44,110.7576,16.76,13748.74
2021-06-30,80700.0,127500.0,20.002500534057617,131.1199951171875,151.4066619873047,3345.31005859375,3296.68,438.84,1029.96,14503.9501953125,4297.5,34502.51171875,2310.550048828125,15.829999923706055,3591.199951171875,28827.94921875,28791.529296875,1129.5999755859375,6.456200122833252,111.1240005493164,,0.8730000257492065,1.4429999589920044,2.065000057220459,92.44000244140625,73.47000122070312,75.12999725341797,3.6500000953674316,1770.800048828125,26.165000915527344,4.296500205993652,0.08,99.7987,121.2857,29.3,23243.0,1.45,0.25,1.2,112.5533,15.83,14503.95
2021-07-31,78500.0,112500.0,19.499000549316406,131.57000732421875,152.30332946777344,3356.530029296875,3202.32,423.91,1031.14,14672.6796875,4395.259765625,34935.46875,2226.25,18.239999771118164,3397.360107421875,25961.029296875,27283.58984375,1142.1199951171875,6.4552998542785645,109.40899658203125,,0.703000009059906,1.2389999628067017,1.8969999551773071,92.16999816894531,73.94999694824219,76.33000183105469,3.9140000343322754,1812.5999755859375,25.527999877929688,4.480500221252441,0.1,100.2519,117.7423,28.898,23169.0,1.24,0.19,1.05,112.6714,18.24,14672.68
2021-08-31,76700.0,106500.0,22.385000228881836,135.4149932861328,156.06333923339844,3417.719970703125,3199.27,419.79,1038.33,15259.240234375,4522.68017578125,35360.73046875,2273.77001953125,16.479999542236328,3543.93994140625,25878.990234375,28089.5390625,1158.4100341796875,6.45959997177124,110.05599975585938,,0.7720000147819519,1.3040000200271606,1.9270000457763672,92.62999725341797,68.5,72.98999786376953,4.376999855041504,1815.0,23.959999084472656,4.360000133514404,0.09,100.0437,117.8182,29.073,23851.0,1.3,0.2,1.1,113.1076,16.48,15259.24
2021-09-30,74100.0,103000.0,20.715999603271484,128.13499450683594,148.6233367919922,3258.090087890625,3068.82,401.3,1003.27,14448.580078125,4307.5400390625,33843.921875,2204.3701171875,23.139999389648438,3568.169921875,24575.640625,29452.66015625,1183.719970703125,6.445499897003174,111.46099853515625,,0.996999979019165,1.5290000438690186,2.0920000076293945,94.25,75.02999877929688,78.5199966430664,5.867000102996826,1755.300048828125,22.020999908447266,4.090000152587891,0.08,98.8579,118.1095,29.068,23426.0,1.52,0.28,1.24,114.6403,23.14,14448.58
2021-10-31,69800.0,103000.0,25.566999435424805,136.82000732421875,158.2100067138672,3451.27001953125,2970.68,388.47,992.33,15498.3896484375,4605.3798828125,35819.55859375,2297.18994140625,16.260000228881836,3547.340087890625,25377.240234375,28892.689453125,1167.3699951171875,6.390399932861328,113.61599731445312,,1.187999963760376,1.5570000410079956,1.9420000314712524,94.12000274658203,83.56999969482422,84.37999725341797,5.426000118255615,1783.0,23.94499969482422,4.375500202178955,0.08,100.1861,119.9345,28.853,23258.0,1.55,0.48,1.07,114.1349,16.26,15498.39
2021-11-30,71300.0,114000.0,32.67599868774414,152.4499969482422,176.413330078125,3833.219970703125,2839.01,373.24,965.63,15537.6904296875,4567.0,34483.71875,2198.909912109375,27.190000534057617,3563.889892578125,23475.259765625,27821.759765625,1190.739990234375,6.38700008392334,113.80400085449219,,1.149999976158142,1.4429999589920044,1.7869999408721924,95.98999786376953,66.18000030517578,70.56999969482422,4.566999912261963,1773.5999755859375,22.764999389648438,4.2779998779296875,0.08,100.8654,122.4168,29.074,24365.0,1.43,0.52,0.91,116.2071,27.19,15537.69
2021-12-31,78300.0,131000.0,29.410999298095703,154.39500427246094,180.77333068847656,3946.169921875,2977.65,394.19,1033.98,15644.9697265625,4766.18017578125,36338.30078125,2245.31005859375,17.219999313354492,3639.780029296875,23397.669921875,28791.7109375,1189.8900146484375,6.372099876403809,115.06300354003906,,1.2630000114440918,1.5119999647140503,1.9049999713897705,95.66999816894531,75.20999908447266,77.77999877929688,3.7300000190734863,1827.5,23.327999114990234,4.454999923706055,0.08,100.5726,124.7074,29.174,24000.0,1.52,0.73,0.79,115.283,17.22,15644.97
2022-01-31,73300.0,120500.0,24.486000061035156,137.6999969482422,159.82333374023438,3483.2099609375,2663.34,357.98,872.87,14239.8798828125,4515.5498046875,35131.859375,2028.449951171875,24.829999923706055,3361.43994140625,23802.259765625,27001.98046875,1207.7099609375,6.35099983215332,115.26200103759766,,1.6139999628067017,1.781999945640564,2.0980000495910645,96.54000091552734,88.1500015258789,91.20999908447266,4.874000072479248,1795.0,22.395000457763672,4.317999839782715,0.08,100.1856,125.773,29.396,24951.0,1.79,1.18,0.61,115.566,24.83,14239.88
2022-02-28,72100.0,123500.0,24.385000228881836,134.0749969482422,158.05332946777344,3429.530029296875,2699.18,361.54,881.07,13751.400390625,4373.93994140625,33892.6015625,2048.090087890625,30.149999618530273,3462.31005859375,22713.01953125,26526.8203125,1197.5899658203125,6.315999984741211,115.58499908447266,,1.7209999561309814,1.8389999866485596,2.181999921798706,96.70999908447266,95.72000122070312,100.98999786376953,4.4019999504089355,1899.4000244140625,24.361000061035156,4.444499969482422,0.08,100.8064,128.9521,29.372,24829.0,1.83,1.44,0.39,115.2224,30.15,13751.4
2022-03-31,69600.0,118000.0,27.285999298095703,134.89500427246094,157.75999450683594,3429.0,2757.65,365.61,944.53,14220.51953125,4530.41015625,34678.3515625,2070.1298828125,20.559999465942383,3252.199951171875,21996.849609375,27821.4296875,1214.5,6.338900089263916,121.75599670410156,,2.421999931335449,2.3269999027252197,2.447999954223633,98.30999755859375,100.27999877929688,107.91000366210938,5.642000198364258,1949.199951171875,25.121000289916992,4.743000030517578,0.2,101.3907,129.5542,29.449,24866.0,2.32,2.28,0.04,115.2218,20.56,14220.52
2022-04-30,67400.0,112500.0,18.547000885009766,114.92500305175781,133.5933380126953,2919.739990234375,2695.05,355.08,904.75,12334.6396484375,4131.93017578125,32977.2109375,1864.0999755859375,33.400001525878906,3047.06005859375,21089.390625,26847.900390625,1272.2900390625,6.62529993057251,130.81100463867188,,2.9119999408721924,2.88700008392334,2.947000026702881,102.95999908447266,104.69000244140625,109.33999633789062,7.24399995803833,1909.300048828125,23.040000915527344,4.394999980926514,0.33,101.44,127.9384,29.639,25011.0,2.89,2.7,0.19,119.4933,33.4,12334.64
2022-05-31,67400.0,108000.0,18.672000885009766,122.29000091552734,142.04666137695312,3098.68994140625,2685.9,354.54,893.36,12081.3896484375,4132.14990234375,32990.12109375,1864.0400390625,26.190000534057617,3186.429931640625,21415.19921875,27279.80078125,1241.739990234375,6.6717000007629395,128.73599243164062,,2.811000108718872,2.8440001010894775,3.056999921798706,101.75,114.66999816894531,122.83999633789062,8.145000457763672,1842.699951171875,21.650999069213867,4.295000076293945,0.77,101.3335,128.77,29.779,25136.0,2.85,2.53,0.32,118.0704,26.19,12081.39
2022-06-30,57000.0,91000.0,15.159000396728516,101.86499786376953,116.53666687011719,2556.25,2332.64,307.2,745.44,11028.740234375,3785.3798828125,30775.4296875,1707.989990234375,28.709999084472656,3398.6201171875,21859.7890625,26393.0390625,1287.7099609375,6.698200225830078,135.78599548339844,,3.003999948501587,2.9719998836517334,3.11899995803833,104.69000244140625,105.76000213623047,114.80999755859375,5.423999786376953,1804.0999755859375,20.281999588012695,3.7144999504089355,1.21,101.018,131.2495,29.965,25024.0,2.98,2.92,0.06,120.9652,28.71,11028.74
2022-07-31,61400.0,97900.0,18.163000106811523,118.58000183105469,135.77667236328125,2967.139892578125,2451.5,323.31,803.62,12390.6904296875,4130.2900390625,32845.12890625,1885.22998046875,21.329999923706055,3253.239990234375,20156.509765625,27801.640625,1302.280029296875,6.743199825286865,133.40699768066406,,2.694999933242798,2.6419999599456787,2.9739999771118164,105.9000015258789,98.62000274658203,110.01000213623047,8.229000091552734,1762.9000244140625,20.1560001373291,3.5840001106262207,1.68,101.223,131.7061,29.926,25470.0,2.67,2.89,-0.22,121.7678,21.33,12390.69
2022-08-31,59700.0,95200.0,15.093999862670898,107.28500366210938,123.2300033569336,2677.389892578125,2472.05,322.96,807.04,11816.2001953125,3955.0,31510.4296875,1844.1199951171875,25.8700008392334,3202.139892578125,19954.390625,28091.529296875,1342.260009765625,6.888899803161621,139.29600524902344,,3.2839999198913574,3.132999897003174,3.255000114440918,108.69999694824219,89.55000305175781,96.48999786376953,9.126999855041504,1712.800048828125,17.761999130249023,3.5185000896453857,2.33,101.0963,132.8333,29.804,25449.0,3.15,3.45,-0.3,123.535,25.87,11816.2
2022-09-30,53100.0,83100.0,12.138999938964844,92.55999755859375,106.24333190917969,2306.699951171875,2155.49,281.36,672.65,10575.6201171875,3585.6201171875,28725.509765625,1664.719970703125,31.6200008392334,3024.389892578125,17222.830078125,25937.2109375,1430.1700439453125,7.123899936676025,144.43099975585938,,4.040999889373779,3.803999900817871,3.765000104904175,112.12000274658203,79.48999786376953,87.95999908447266,6.765999794006348,1662.4000244140625,18.959999084472656,3.441999912261963,2.56,101.2918,134.0567,30.021,25076.0,3.83,4.22,-0.39,127.5148,31.62,10575.62
2022-10-31,59400.0,82700.0,13.496999740600586,94.61000061035156,108.82666778564453,2384.449951171875,2293.61,299.58,695.33,10988.150390625,3871.97998046875,32732.94921875,1846.8599853515625,25.8799991607666,2893.47998046875,14687.01953125,27587.4609375,1421.6500244140625,7.251399993896484,147.81199645996094,,4.248000144958496,4.077000141143799,4.203999996185303,111.52999877929688,86.52999877929688,94.83000183105469,6.355000019073486,1635.9000244140625,19.125,3.4135000705718994,3.08,101.2529,132.9257,30.664,24651.0,4.1,4.51,-0.41,127.6219,25.88,10988.15
2022-11-30,62200.0,85000.0,16.92300033569336,113.86499786376953,129.3433380126953,2826.85009765625,2472.53,321.0,729.54,11468.0,4080.110107421875,34589.76953125,1886.5799560546875,20.579999923706055,3151.340087890625,18597.23046875,27968.990234375,1325.3699951171875,7.15939998626709,138.7449951171875,,3.8320000171661377,3.703000068664551,3.822000026702881,105.94999694824219,80.55000305175781,85.43000030517578,6.929999828338623,1746.0,21.549999237060547,3.7295000553131104,3.78,100.9552,133.4489,30.789,24806.0,3.68,4.38,-0.7,123.5175,20.58,11468.0
2022-12-31,55300.0,75000.0,14.61400032043457,101.47000122070312,115.99333190917969,2532.110107421875,2236.4,291.1,679.29,10466.48046875,3839.5,33147.25,1761.25,21.670000076293945,3089.260009765625,19781.41015625,26094.5,1260.260009765625,6.963099956512451,132.91600036621094,,4.0,3.878999948501587,3.9749999046325684,103.5199966430664,80.26000213623047,85.91000366210938,4.474999904632568,1819.699951171875,23.86199951171875,3.805500030517578,4.1,99.7664,130.8489,30.801,24587.0,3.88,4.41,-0.53,121.4256,21.67,10466.48
2023-01-31,61000.0,88500.0,19.53700065612793,118.55000305175781,134.55999755859375,2921.919921875,2425.08,317.26,740.49,11584.5498046875,4076.60009765625,34086.0390625,1931.93994140625,19.399999618530273,3255.669921875,21842.330078125,27327.109375,1231.5,6.747799873352051,130.47900390625,,3.638000011444092,3.5290000438690186,3.6610000133514404,102.0999984741211,78.87000274658203,84.48999786376953,2.684000015258789,1929.5,23.74799919128418,4.228499889373779,4.33,100.505,130.0403,30.73,24005.0,3.52,4.21,-0.69,118.9802,19.4,11584.55
2023-02-28,60600.0,89400.0,23.215999603271484,119.69999694824219,136.61000061035156,2958.389892578125,2412.85,314.8,791.6,11455.5400390625,3970.14990234375,32656.69921875,1896.989990234375,20.700000762939453,3279.610107421875,19785.939453125,27445.560546875,1318.3499755859375,6.943900108337402,136.31700134277344,,4.168000221252441,3.9159998893737793,3.930999994277954,104.87000274658203,77.05000305175781,83.88999938964844,2.746999979019165,1828.9000244140625,20.961000442504883,4.097499847412109,4.57,100.6416,133.54,30.916,24255.0,3.92,4.81,-0.89,121.3341,20.7,11455.54
2023-03-31,64000.0,88600.0,27.777000427246094,131.59500122070312,148.22332763671875,3230.860107421875,2476.86,322.03,847.52,12221.91015625,4109.31005859375,33274.1484375,1802.47998046875,18.700000762939453,3272.860107421875,20400.109375,28041.48046875,1296.5,6.8703999519348145,133.2010040283203,,3.6110000610351562,3.49399995803833,3.688999891281128,102.51000213623047,75.66999816894531,79.7699966430664,2.2160000801086426,1969.0,24.076000213623047,4.104499816894531,4.65,101.0205,133.5331,30.836,24613.0,3.48,4.06,-0.58,119.3602,18.7,12221.91
2023-04-30,65500.0,89500.0,27.749000549316406,123.625,137.3800048828125,2994.969970703125,2501.53,326.46,842.83,12226.580078125,4169.47998046875,34098.16015625,1768.989990234375,15.779999732971191,3323.27001953125,19894.5703125,28856.439453125,1337.1700439453125,6.911099910736084,136.38600158691406,,3.5360000133514404,3.4519999027252197,3.677999973297119,101.66999816894531,76.77999877929688,79.54000091552734,2.4100000858306885,1990.0999755859375,24.999000549316406,3.869999885559082,4.83,101.253,135.8398,30.583,24360.0,3.44,4.04,-0.6,119.2248,15.78,12226.58
2023-05-31,71400.0,108600.0,37.83399963378906,144.3300018310547,158.89999389648438,3453.179931640625,2577.12,339.12,856.94,12935.2900390625,4179.830078125,32908.26953125,1749.6500244140625,17.940000534057617,3204.56005859375,18234.26953125,30887.880859375,1321.739990234375,7.110799789428711,139.1269989013672,,3.743000030517578,3.63700008392334,3.8559999465942383,104.31999969482422,68.08999633789062,72.66000366210938,2.2660000324249268,1963.9000244140625,23.474000930786133,3.63100004196167,5.06,100.9286,136.0676,30.483,24346.0,3.64,4.4,-0.76,120.9662,17.94,12935.29
2023-06-30,72200.0,115200.0,42.301998138427734,152.25,169.086669921875,3673.06005859375,2564.28,337.95,868.24,13787.919921875,4450.3798828125,34407.6015625,1888.72998046875,13.59000015258789,3202.06005859375,18916.4296875,33189.0390625,1323.0699462890625,7.251800060272217,144.77999877929688,,4.132999897003174,3.819000005722046,3.8550000190734863,102.91000366210938,70.63999938964844,74.9000015258789,2.7980000972747803,1921.0999755859375,22.809999465942383,3.740999937057495,5.08,100.1196,135.4366,30.552,24640.0,3.81,4.87,-1.06,119.3606,13.59,13787.92
2023-07-31,69800.0,123400.0,46.729000091552734,160.6199951171875,178.43333435058594,3861.6298828125,2632.58,345.62,935.97,14346.01953125,4588.9599609375,35559.53125,2003.1800537109375,13.630000114440918,3291.0400390625,20078.939453125,33172.21875,1277.9300537109375,7.095699787139893,142.322998046875,,4.178999900817871,3.9590001106262207,4.019000053405762,101.86000061035156,81.80000305175781,85.55999755859375,2.634000062942505,1970.5,24.854000091552734,3.994499921798706,5.12,100.9067,136.6894,30.488,24778.0,3.97,4.88,-0.91,117.8241,13.63,14346.02
2023-08-31,66900.0,121800.0,49.35499954223633,156.22000122070312,170.22332763671875,3670.929931640625,2556.27,334.75,928.4,14034.9697265625,4507.66015625,34721.91015625,1899.6800537109375,13.569999694824219,3119.8798828125,18382.060546875,32619.33984375,1324.6400146484375,7.256899833679199,145.47300720214844,,4.24399995803833,4.0929999351501465,4.203999996185303,103.62000274658203,83.62999725341797,86.86000061035156,2.7679998874664307,1938.199951171875,24.472000122070312,3.7725000381469727,5.33,100.8393,135.6233,30.569,24949.0,4.09,4.85,-0.76,120.225,13.57,14034.97
2023-09-30,68400.0,114700.0,43.499000549316406,144.97999572753906,157.88333129882812,3434.2900390625,2465.07,326.71,841.02,13219.3203125,4288.0498046875,33507.5,1785.0999755859375,17.520000457763672,3110.47509765625,17809.66015625,31857.619140625,1347.8499755859375,7.299900054931641,149.33700561523438,,4.605999946594238,4.572999954223633,4.710999965667725,106.16999816894531,90.79000091552734,95.30999755859375,2.928999900817871,1848.0999755859375,22.236000061035156,3.7260000705718994,5.33,101.0211,134.4233,30.773,25148.0,4.59,5.03,-0.44,122.3077,17.52,13219.32
2023-10-31,66900.0,116300.0,40.779998779296875,138.9499969482422,147.4633331298828,3215.889892578125,2277.99,305.56,736.1,12851.240234375,4193.7998046875,33052.87109375,1662.280029296875,18.139999389648438,3018.77099609375,17112.48046875,30858.849609375,1348.0699462890625,7.312099933624268,149.11099243164062,,4.815999984741211,4.875,5.021999835968018,106.66000366210938,81.0199966430664,87.41000366210938,3.575000047683716,1985.199951171875,22.840999603271484,3.6414999961853027,5.33,100.4689,136.4045,30.661,25316.0,4.88,5.07,-0.19,123.8364,18.14,12851.24
2023-11-30,72800.0,133900.0,46.77000045776367,160.47999572753906,171.21665954589844,3724.580078125,2535.29,338.43,831.68,14226.2197265625,4567.7998046875,35950.890625,1809.02001953125,12.920000076293945,3029.673095703125,17042.880859375,33486.890625,1288.3599853515625,7.07889986038208,147.03900146484375,,4.297999858856201,4.3520002365112305,4.513000011444092,103.5,75.95999908447266,82.83000183105469,2.802000045776367,2038.0999755859375,25.292999267578125,3.8289999961853027,5.33,100.8639,137.8263,30.698,25423.0,4.37,4.73,-0.36,120.2434,12.92,14226.22
2023-12-31,78500.0,141500.0,49.52199935913086,174.8699951171875,192.03334045410156,4175.47021484375,2655.28,357.99,866.57,15011.349609375,4769.830078125,37689.5390625,2027.0699462890625,12.449999809265137,2974.93505859375,17047.390625,33464.171875,1277.8399658203125,7.10699987411499,141.42999267578125,,3.8399999141693115,3.865999937057495,4.019000053405762,101.33000183105469,71.6500015258789,77.04000091552734,2.5139999389648438,2062.39990234375,23.85300064086914,3.880500078201294,5.33,100.6031,138.9374,30.551,25075.0,3.88,4.23,-0.35,118.4208,12.45,15011.35
2024-01-31,72700.0,134700.0,61.527000427246094,185.8699951171875,195.35000610351562,4260.919921875,2497.09,336.24,799.24,15164.009765625,4845.64990234375,38150.30078125,1947.3399658203125,14.350000381469727,2788.548095703125,15485.0703125,36286.7109375,1326.6199951171875,7.094099998474121,147.36900329589844,,3.881999969482422,3.9670000076293945,4.215000152587891,103.2699966430664,75.8499984741211,81.70999908447266,2.0999999046325684,2048.39990234375,23.051000595092773,3.9024999141693115,5.33,99.2223,139.4212,30.679,25527.0,3.99,4.27,-0.28,120.4331,14.35,15164.01
2024-02-29,73400.0,156200.0,79.11199951171875,211.9499969482422,217.3633270263672,4726.919921875,2642.36,355.57,862.96,16091.919921875,5096.27001953125,38996.390625,2054.840087890625,13.399999618530273,3015.1708984375,16511.439453125,39166.19140625,1333.3800048828125,7.196000099182129,150.656005859375,,4.26200008392334,4.251999855041504,4.375,104.16000366210938,78.26000213623047,83.62000274658203,1.8600000143051147,2045.699951171875,22.666000366210938,3.8345000743865967,5.33,100.285,138.2248,30.643,25258.0,4.25,4.64,-0.39,121.1824,13.4,16091.92
2024-03-31,82400.0,183000.0,90.35600280761719,224.99000549316406,225.9199981689453,4905.2099609375,2746.63,374.63,905.5,16379.4599609375,5254.35009765625,39807.37109375,2124.550048828125,13.010000228881836,3041.1669921875,16541.419921875,40369.44140625,1345.31005859375,7.220300197601318,151.3979949951172,,4.21999979019165,4.205999851226807,4.348999977111816,104.55000305175781,83.16999816894531,87.4800033569336,1.7630000114440918,2217.39990234375,24.797000885009766,4.003499984741211,5.33,100.4575,138.3547,30.604,25104.0,4.2,4.59,-0.39,121.0191,13.01,16379.46
2024-04-30,77500.0,174200.0,86.4020004272461,214.08999633789062,213.99000549316406,4673.2998046875,2692.06,365.13,868.93,15657.8203125,5035.68994140625,37815.921875,1973.9100341796875,15.649999618530273,3104.824951171875,17763.029296875,38405.66015625,1385.4599609375,7.240699768066406,157.7220001220703,,4.7230000495910645,4.685999870300293,4.789999961853027,106.22000122070312,81.93000030517578,87.86000061035156,1.9910000562667847,2291.39990234375,26.391000747680664,4.564499855041504,5.33,100.2434,143.8737,30.78,25247.0,4.69,5.04,-0.35,122.9853,15.65,15657.82
2024-05-31,73500.0,189200.0,109.63300323486328,240.47999572753906,234.00999450683594,5123.35986328125,2636.52,358.21,839.98,16735.01953125,5277.509765625,38686.3203125,2070.1298828125,12.920000076293945,3086.81298828125,18079.609375,38487.8984375,1375.6199951171875,7.233500003814697,156.9530029296875,,4.5279998779296875,4.513999938964844,4.6519999504089355,104.66999816894531,76.98999786376953,81.62000274658203,2.5869998931884766,2322.89990234375,30.297000885009766,4.610000133514404,5.33,100.863,144.2792,30.722,25269.0,4.51,4.89,-0.38,122.098,12.92,16735.02
2024-06-30,81500.0,236500.0,123.54000091552734,260.70001220703125,246.6300048828125,5472.259765625,2797.82,384.02,840.44,17732.599609375,5460.47998046875,39118.859375,2047.68994140625,12.4399995803833,2967.403076171875,17718.609375,39583.078125,1380.2900390625,7.2657999992370605,160.90699768066406,,4.328999996185303,4.3429999351501465,4.501999855041504,105.87000274658203,81.54000091552734,86.41000366210938,2.6010000705718994,2327.699951171875,29.23699951171875,4.390500068664551,5.33,100.894,143.4192,30.513,25253.0,4.36,4.71,-0.35,124.2103,12.44,17732.6
2024-07-31,83900.0,194600.0,117.0199966430664,246.99000549316406,235.3800048828125,5233.18017578125,2770.69,380.49,803.15,17599.400390625,5522.2998046875,40842.7890625,2254.47998046875,16.360000610351562,2938.7490234375,17344.599609375,39101.8203125,1367.9200439453125,7.217199802398682,149.74400329589844,,4.0,4.109000205993652,4.36899995803833,104.0999984741211,77.91000366210938,80.72000122070312,2.0360000133514404,2426.5,28.777999877929688,4.159999847412109,5.33,99.9757,143.4068,29.661,25551.0,4.09,4.29,-0.2,123.6373,16.36,17599.4
2024-08-31,74300.0,173700.0,119.37000274658203,243.4600067138672,231.13999938964844,5158.81982421875,2674.31,361.55,767.66,17713.619140625,5648.39990234375,41563.078125,2217.6298828125,15.0,2842.214111328125,17989.0703125,38647.75,1332.8800048828125,7.0954999923706055,144.88999938964844,,3.7149999141693115,3.9110000133514404,4.196000099182129,101.69999694824219,73.55000305175781,78.80000305175781,2.127000093460083,2493.800048828125,28.731000900268555,4.144999980926514,5.33,100.4309,148.7946,29.501,25580.0,3.91,3.91,0.0,122.3262,15.0,17713.62
2024-09-30,61500.0,174600.0,121.44000244140625,245.4499969482422,230.58999633789062,5173.06005859375,2593.27,344.76,763.88,18189.169921875,5762.47998046875,42330.1484375,2229.969970703125,16.729999542236328,3336.4970703125,21133.6796875,37919.55078125,1315.3299560546875,7.017499923706055,143.7100067138672,,3.5769999027252197,3.802000045776367,4.133999824523926,100.77999877929688,68.16999816894531,71.7699966430664,2.9230000972747803,2636.10009765625,31.163999557495117,4.495999813079834,5.13,99.8084,146.4195,29.535,25755.0,3.81,3.66,0.15,121.2864,16.73,18189.17
2024-10-31,59200.0,186300.0,132.75999450683594,241.67999267578125,218.25999450683594,4946.75,2556.15,339.32,743.06,18095.150390625,5705.4501953125,41763.4609375,2196.64990234375,23.15999984741211,3279.823974609375,20317.330078125,39081.25,1378.5699462890625,7.114799976348877,153.20399475097656,,4.15500020980835,4.283999919891357,4.4730000495910645,103.9800033569336,69.26000213623047,73.16000366210938,2.7070000171661377,2738.300048828125,32.65299987792969,4.313499927520752,4.83,99.4695,148.7125,29.743,25716.0,4.28,4.16,0.12,124.7988,23.16,18095.15
2024-11-30,54200.0,159900.0,138.25,242.1300048828125,215.39999389648438,4926.56005859375,2455.91,325.45,678.19,19218.169921875,6032.3798828125,44910.6484375,2434.72998046875,13.510000228881836,3326.4560546875,19423.609375,38208.03125,1393.300048828125,7.2428998947143555,151.1739959716797,,4.054999828338623,4.177999973297119,4.366000175476074,105.73999786376953,68.0,72.94000244140625,3.36299991607666,2657.0,30.684999465942383,4.08050012588501,4.64,99.2925,148.1992,29.749,25550.0,4.18,4.13,0.05,126.5798,13.51,19218.17
2024-12-31,53200.0,173900.0,134.2899932861328,242.1699981689453,215.49000549316406,4979.93017578125,2399.49,317.82,678.19,19310.7890625,5881.6298828125,42544.21875,2230.159912109375,17.350000381469727,3351.762939453125,20059.94921875,39894.5390625,1467.3900146484375,7.298099994659424,156.9949951171875,,4.380000114440918,4.572999954223633,4.785999774932861,108.48999786376953,71.72000122070312,74.63999938964844,3.632999897003174,2629.199951171875,28.940000534057617,3.9860000610351562,4.48,100.3273,150.2275,29.566,25946.0,4.58,4.25,0.33,129.2775,17.35,19310.79
2025-01-31,52400.0,199200.0,120.06999969482422,243.6199951171875,218.1300048828125,5015.85009765625,2517.37,333.36,728.29,19627.439453125,6040.52978515625,44544.66015625,2287.68994140625,16.43000030517578,3250.60107421875,20225.109375,39572.48828125,1441.6600341796875,7.1809000968933105,154.0970001220703,,4.363999843597412,4.568999767303467,4.813000202178955,108.37000274658203,72.52999877929688,76.76000213623047,3.0439999103546143,2812.5,32.12799835205078,4.26200008392334,4.33,100.0647,158.0732,29.116,26138.0,4.58,4.22,0.36,128.4828,16.43,19627.44
2025-02-28,54500.0,190200.0,124.91999816894531,232.77000427246094,208.52000427246094,4766.75,2532.78,334.27,743.96,18847.279296875,5954.5,43840.91015625,2163.070068359375,19.6299991607666,3320.89697265625,22941.3203125,37155.5,1449.8599853515625,7.285299777984619,150.01199340820312,,4.0279998779296875,4.230999946594238,4.515999794006348,107.61000061035156,69.76000213623047,73.18000030517578,3.8340001106262207,2836.800048828125,31.2189998626709,4.514500141143799,4.33,101.0993,159.6876,29.132,26187.0,4.24,3.99,0.25,128.2805,19.63,18847.28
2025-03-31,57800.0,190700.0,108.37999725341797,211.47000122070312,188.1699981689453,4270.43017578125,2481.12,332.4,672.85,17299.2890625,5611.85009765625,42001.76171875,2011.9100341796875,22.280000686645508,3335.74609375,23119.580078125,35617.55859375,1471.9599609375,7.256700038909912,149.91299438476562,,3.9830000400543213,4.245999813079834,4.61299991607666,104.20999908447266,71.4800033569336,74.73999786376953,4.11899995803833,3122.800048828125,34.457000732421875,5.019999980926514,4.33,101.0404,159.2281,29.34,25733.0,4.23,3.89,0.34,126.7075,22.28,17299.29
2025-04-30,55500.0,177500.0,108.91999816894531,211.27999877929688,183.83999633789062,4230.08984375,2556.61,338.74,717.24,17446.33984375,5569.06005859375,40669.359375,1964.1199951171875,24.700000762939453,3279.031005859375,22119.41015625,36045.37890625,1423.75,7.270599842071533,143.00900268554688,,3.752000093460083,4.177000045776367,4.681000232696533,99.47000122070312,58.209999084472656,63.119998931884766,3.3259999752044678,3305.0,32.53099822998047,4.559999942779541,4.33,101.1279,162.2271,29.259,25858.0,4.17,3.6,0.57,122.5921,24.7,17446.34
2025-05-31,56200.0,204500.0,135.1300048828125,239.75,204.94000244140625,4758.06005859375,2697.67,359.62,734.35,19113.76953125,5911.68994140625,42270.0703125,2066.2900390625,18.56999969482422,3347.487060546875,23289.76953125,37965.1015625,1370.4100341796875,7.203700065612793,143.7790069580078,,3.9790000915527344,4.415999889373779,4.928999900817871,99.33000183105469,60.790000915527344,63.900001525878906,3.447000026702881,3288.89990234375,32.891998291015625,4.652500152587891,4.33,100.9655,164.3526,28.985,26397.0,4.41,3.89,0.52,121.7674,18.57,19113.77
2025-06-30,59800.0,292000.0,157.99000549316406,278.8800048828125,238.6999969482422,5546.5400390625,3071.7,414.6,781.5,20369.73046875,6204.9501953125,44094.76953125,2175.0400390625,16.729999542236328,3444.426025390625,24072.279296875,40487.390625,1348.5,7.163599967956543,143.8000030517578,,3.7950000762939453,4.230000019073486,4.7789998054504395,96.87999725341797,65.11000061035156,67.61000061035156,3.4560000896453857,3294.39990234375,35.85200119018555,5.03000020980835,4.33,101.4785,163.1741,28.894,26639.0,4.24,3.72,0.52,119.4088,16.73,20369.73
2025-07-31,71400.0,273500.0,177.8699951171875,288.7799987792969,240.02999877929688,5607.919921875,3245.44,438.6,805.24,21122.44921875,6339.39013671875,44130.98046875,2211.64990234375,16.719999313354492,3573.2080078125,24773.330078125,41069.8203125,1391.510009765625,7.200200080871582,150.77200317382812,,3.9600000381469727,4.360000133514404,4.886000156402588,100.02999877929688,69.26000213623047,72.52999877929688,3.1059999465942383,3293.199951171875,36.551998138427734,4.33050012588501,4.33,101.894,171.5555,28.832,26786.0,4.37,3.94,0.43,121.721,16.72,21122.45
2025-08-31,69700.0,269000.0,174.17999267578125,290.2900085449219,245.32000732421875,5668.93994140625,3186.01,430.12,796.91,21455.55078125,6460.259765625,45544.87890625,2366.419921875,15.359999656677246,3857.927001953125,25077.619140625,42718.46875,1388.8399658203125,7.13040018081665,147.0970001220703,,3.6989998817443848,4.2270002365112305,4.916999816894531,97.7699966430664,64.01000213623047,68.12000274658203,2.996999979019165,3473.699951171875,40.20000076293945,4.518499851226807,4.33,101.6247,169.197,28.392,26485.0,4.23,3.59,0.64,120.2082,15.36,21455.55
2025-09-30,83900.0,347500.0,186.5800018310547,326.3599853515625,271.1199951171875,6369.81982421875,3424.6,474.03,841.99,22660.009765625,6688.4599609375,46397.890625,2436.47998046875,16.280000686645508,3882.777099609375,26855.560546875,44932.62890625,1403.1500244140625,7.11899995803833,147.9969940185547,,3.7320001125335693,4.1479997634887695,4.73199987411499,97.7699966430664,62.369998931884766,67.0199966430664,3.302999973297119,3840.800048828125,46.25299835205078,4.804999828338623,4.22,101.668,165.667,28.454,26803.0,4.16,3.6,0.56,120.1368,16.28,22660.01
2025-10-31,107500.0,559000.0,202.49000549316406,363.0199890136719,306.54998779296875,7228.66015625,4107.5,579.46,900.42,23724.9609375,6840.2001953125,47562.87109375,2479.3798828125,17.440000534057617,3954.7900390625,25906.650390625,52411.33984375,1424.02001953125,7.109799861907959,153.89999389648438,,3.7170000076293945,4.10099983215332,4.670000076293945,99.80000305175781,60.97999954223633,65.06999969482422,4.124000072479248,3982.199951171875,47.99399948120117,5.065499782562256,4.09,101.2195,169.1163,28.631,26863.0,4.11,3.6,0.51,121.3859,17.44,23724.96
2025-11-30,100500.0,530000.0,177.0,352.2799987792969,296.739990234375,7025.14990234375,3926.59,554.0,912.67,23365.689453125,6849.08984375,47716.421875,2500.429931640625,16.350000381469727,3888.595947265625,25858.890625,50253.91015625,1461.4000244140625,7.075799942016602,156.28399658203125,,3.5999999046325684,4.017000198364258,4.664999961853027,99.45999908447266,58.54999923706055,63.20000076293945,4.849999904632568,4218.2998046875,56.44599914550781,5.185500144958496,3.88,101.081,169.7287,28.638,27015.0,4.02,3.47,0.55,121.0527,16.35,23365.69
2025-12-31,119900.0,651000.0,186.5,360.1300048828125,301.1499938964844,7083.1298828125,4214.17,605.98,925.47,23241.990234375,6845.5,48063.2890625,2481.909912109375,14.949999809265137,3968.840087890625,25630.5390625,50339.48046875,1437.9100341796875,6.996099948883057,156.41299438476562,,3.7219998836517334,4.163000106811523,4.840000152587891,98.27999877929688,57.41999816894531,60.849998474121094,3.686000108718872,4325.60009765625,70.13400268554688,5.630000114440918,3.72,101.6113,169.5146,28.662,27945.0,4.18,3.47,0.71,119.7456,14.95,23241.99
2026-01-31,160500.0,909000.0,191.1300048828125,403.4599914550781,346.29998779296875,7998.47021484375,5224.36,768.41,1149.44,23461.8203125,6939.02978515625,48892.46875,2613.739990234375,17.440000534057617,4117.9482421875,27387.109375,53322.8515625,1428.760009765625,6.947999954223633,153.16200256347656,,3.796999931335449,4.241000175476074,4.872000217437744,96.98999786376953,65.20999908447266,70.69000244140625,4.354000091552734,4713.89990234375,78.29000091552734,5.896999835968018,3.64,101.5954,173.3824,28.564,28163.0,4.26,3.52,0.74,117.8996,17.44,23461.82
2026-02-28,216500.0,1061000.0,177.19000244140625,406.3699951171875,352.2900085449219,8098.3701171875,6244.13,933.34,1192.78,22668.2109375,6878.8798828125,48977.921875,2632.360107421875,19.860000610351562,4162.880859375,26630.5390625,58850.26953125,1432.3199462890625,6.84089994430542,155.85899353027344,,3.51200008392334,3.9619998931884766,4.632999897003174,97.61000061035156,67.0199966430664,72.4800033569336,2.8589999675750732,5230.5,92.68199920654297,6.004499912261963,3.64,102.344,170.2163,29.185,28559.0,3.97,3.38,0.59,117.8223,19.86,22668.21
2026-03-31,167200.0,807000.0,174.39999389648438,383.3999938964844,328.6600036621094,7588.2001953125,5052.46,744.57,1052.39,21590.630859375,6528.52001953125,46341.51171875,2496.3701171875,25.25,3891.861083984375,24788.140625,51063.71875,1503.3299560546875,6.894199848175049,158.57899475097656,,3.944999933242798,4.310999870300293,4.890999794006348,99.95999908447266,101.37999725341797,118.3499984741211,2.884000062942505,4647.60009765625,74.69000244140625,5.587500095367432,3.64,101.7898,171.4588,29.181,29598.0,4.3,3.79,0.51,121.035,25.25,21590.63
2026-04-30,220500.0,1286000.0,199.57000732421875,506.7200012207031,461.44000244140625,10503.7001953125,6598.87,992.15,1192.35,24892.310546875,7209.009765625,49652.140625,2799.909912109375,16.889999389648438,4112.1591796875,25776.529296875,59284.921875,1474.010009765625,6.827300071716309,156.97799682617188,,4.0229997634887695,4.389999866485596,4.986999988555908,98.08000183105469,105.06999969482422,114.01000213623047,2.7669999599456787,4614.7001953125,73.53399658203125,5.926000118255615,3.64,101.7898,171.4588,29.181,29598.0,4.4,3.88,0.52,118.671,16.89,24892.31
2026-05-31,268500.0,1686000.0,215.8699951171875,560.9299926757812,512.9500122070312,11609.7197265625,7498.0,1151.17,1207.72,26152.75,7394.7998046875,49658.2109375,2850.3076171875,17.299999237060547,4180.091796875,26626.279296875,62833.83984375,1460.489990234375,6.800000190734863,156.63499450683594,214.82000732421875,4.015999794006348,4.366000175476074,4.947999954223633,97.91169738769531,95.75,101.55999755859375,2.809000015258789,4718.89990234375,80.66000366210938,6.299499988555908,3.64,101.7898,171.4588,29.181,29598.0,4.36,3.87,0.49,118.3926,17.08,25806.2
