date,Open,High,Low,Close,Volume,Adj Close
2010-12-31,3.3239998817443848,3.36299991607666,3.2820000648498535,3.305000066757202,0.0,3.305000066757202
2011-01-03,3.377000093460083,3.4200000762939453,3.312999963760376,3.3420000076293945,0.0,3.3420000076293945
2011-01-04,3.3380000591278076,3.361999988555908,3.302000045776367,3.3459999561309814,0.0,3.3459999561309814
2011-01-05,3.38100004196167,3.496999979019165,3.378999948501587,3.4830000400543213,0.0,3.4830000400543213
2011-01-06,3.441999912261963,3.4600000381469727,3.3929998874664307,3.4189999103546143,0.0,3.4189999103546143
2011-01-07,3.434999942779541,3.4639999866485596,3.296999931335449,3.328000068664551,0.0,3.328000068664551
2011-01-10,3.313999891281128,3.328000068664551,3.2769999504089355,3.303999900817871,0.0,3.303999900817871
2011-01-11,3.309999942779541,3.371000051498413,3.2929999828338623,3.3410000801086426,0.0,3.3410000801086426
2011-01-12,3.4000000953674316,3.4179999828338623,3.3480000495910645,3.3550000190734863,0.0,3.3550000190734863
2011-01-13,3.367000102996826,3.3889999389648438,3.296999931335449,3.3010001182556152,0.0,3.3010001182556152
2011-01-14,3.3269999027252197,3.3350000381469727,3.255000114440918,3.3329999446868896,0.0,3.3329999446868896
2011-01-17,,,,,,
2011-01-18,3.2880001068115234,3.4130001068115234,3.2809998989105225,3.364000082015991,0.0,3.364000082015991
2011-01-19,3.3489999771118164,3.388000011444092,3.3269999027252197,3.3369998931884766,0.0,3.3369998931884766
2011-01-20,3.3589999675750732,3.4739999771118164,3.3589999675750732,3.4590001106262207,0.0,3.4590001106262207
2011-01-21,3.431999921798706,3.4709999561309814,3.4100000858306885,3.4159998893737793,0.0,3.4159998893737793
2011-01-24,3.4140000343322754,3.431999921798706,3.38100004196167,3.4079999923706055,0.0,3.4079999923706055
2011-01-25,3.371000051498413,3.4200000762939453,3.309000015258789,3.319000005722046,0.0,3.319000005722046
2011-01-26,3.378999948501587,3.441999912261963,3.361999988555908,3.427999973297119,0.0,3.427999973297119
2011-01-27,3.4619998931884766,3.4619998931884766,3.378999948501587,3.384999990463257,0.0,3.384999990463257
2011-01-28,3.4210000038146973,3.453000068664551,3.309999942779541,3.3289999961853027,0.0,3.3289999961853027
2011-01-31,3.3570001125335693,3.4040000438690186,3.3289999961853027,3.378000020980835,0.0,3.378000020980835
2011-02-01,3.427999973297119,3.4690001010894775,3.4179999828338623,3.443000078201294,0.0,3.443000078201294
2011-02-02,3.4059998989105225,3.506999969482422,3.3980000019073486,3.489000082015991,0.0,3.489000082015991
2011-02-03,3.510999917984009,3.5510001182556152,3.490999937057495,3.5409998893737793,0.0,3.5409998893737793
2011-02-04,3.565000057220459,3.6659998893737793,3.5299999713897705,3.6519999504089355,0.0,3.6519999504089355
2011-02-07,3.6700000762939453,3.691999912261963,3.640000104904175,3.6440000534057617,0.0,3.6440000534057617
2011-02-08,3.6419999599456787,3.734999895095825,3.640000104904175,3.7249999046325684,0.0,3.7249999046325684
2011-02-09,3.7109999656677246,3.74399995803833,3.625999927520752,3.6419999599456787,0.0,3.6419999599456787
2011-02-10,3.6679999828338623,3.7209999561309814,3.6549999713897705,3.7079999446868896,0.0,3.7079999446868896
2011-02-11,3.6570000648498535,3.6700000762939453,3.6080000400543213,3.6459999084472656,0.0,3.6459999084472656
2011-02-14,3.6459999084472656,3.6640000343322754,3.6010000705718994,3.614000082015991,0.0,3.614000082015991
2011-02-15,3.6530001163482666,3.6610000133514404,3.6010000705718994,3.615999937057495,0.0,3.615999937057495
2011-02-16,3.5929999351501465,3.6510000228881836,3.5759999752044678,3.621000051498413,0.0,3.621000051498413
2011-02-17,3.5989999771118164,3.614000082015991,3.549999952316284,3.5739998817443848,0.0,3.5739998817443848
2011-02-18,3.609999895095825,3.631999969482422,3.5799999237060547,3.5889999866485596,0.0,3.5889999866485596
2011-02-21,,,,,,
2011-02-22,3.5280001163482666,3.5439999103546143,3.4570000171661377,3.4609999656677246,0.0,3.4609999656677246
2011-02-23,3.4830000400543213,3.492000102996826,3.430999994277954,3.486999988555908,0.0,3.486999988555908
2011-02-24,3.433000087738037,3.4630000591278076,3.4149999618530273,3.437999963760376,0.0,3.437999963760376
2011-02-25,3.4660000801086426,3.4679999351501465,3.4179999828338623,3.424999952316284,0.0,3.424999952316284
2011-02-28,3.424999952316284,3.427000045776367,3.4030001163482666,3.4140000343322754,0.0,3.4140000343322754
2011-03-01,3.4639999866485596,3.490000009536743,3.4070000648498535,3.4140000343322754,0.0,3.4140000343322754
2011-03-02,3.434000015258789,3.4660000801086426,3.4070000648498535,3.4639999866485596,0.0,3.4639999866485596
2011-03-03,3.4830000400543213,3.5739998817443848,3.4830000400543213,3.572000026702881,0.0,3.572000026702881
2011-03-04,3.5799999237060547,3.5950000286102295,3.4790000915527344,3.492000102996826,0.0,3.492000102996826
2011-03-07,3.5269999504089355,3.552000045776367,3.4690001010894775,3.496999979019165,0.0,3.496999979019165
2011-03-08,3.505000114440918,3.555000066757202,3.492000102996826,3.5439999103546143,0.0,3.5439999103546143
2011-03-09,3.5350000858306885,3.5399999618530273,3.4489998817443848,3.4690001010894775,0.0,3.4690001010894775
2011-03-10,3.4790000915527344,3.4790000915527344,3.381999969482422,3.3929998874664307,0.0,3.3929998874664307
2011-03-11,3.380000114440918,3.4140000343322754,3.3489999771118164,3.3929998874664307,0.0,3.3929998874664307
2011-03-14,3.388000011444092,3.388000011444092,3.3310000896453857,3.3469998836517334,0.0,3.3469998836517334
2011-03-15,3.234999895095825,3.325000047683716,3.2300000190734863,3.322999954223633,0.0,3.322999954223633
2011-03-16,3.3010001182556152,3.306999921798706,3.1410000324249268,3.2119998931884766,0.0,3.2119998931884766
2011-03-17,3.246000051498413,3.2899999618530273,3.2279999256134033,3.247999906539917,0.0,3.247999906539917
2011-03-18,3.250999927520752,3.325000047683716,3.24399995803833,3.2769999504089355,0.0,3.2769999504089355
2011-03-21,3.305999994277954,3.367000102996826,3.296999931335449,3.322999954223633,0.0,3.322999954223633
2011-03-22,3.3480000495910645,3.3610000610351562,3.3299999237060547,3.3320000171661377,0.0,3.3320000171661377
2011-03-23,3.2950000762939453,3.3519999980926514,3.2799999713897705,3.3480000495910645,0.0,3.3480000495910645
2011-03-24,3.38100004196167,3.4040000438690186,3.3589999675750732,3.4040000438690186,0.0,3.4040000438690186
2011-03-25,3.3889999389648438,3.4609999656677246,3.382999897003174,3.444000005722046,0.0,3.444000005722046
2011-03-28,3.4670000076293945,3.4800000190734863,3.430999994277954,3.447999954223633,0.0,3.447999954223633
2011-03-29,3.4539999961853027,3.502000093460083,3.428999900817871,3.490999937057495,0.0,3.490999937057495
2011-03-30,3.486999988555908,3.489000082015991,3.450000047683716,3.4549999237060547,0.0,3.4549999237060547
2011-03-31,3.428999900817871,3.4820001125335693,3.4030001163482666,3.4539999961853027,0.0,3.4539999961853027
2011-04-01,3.497999906539917,3.5260000228881836,3.447999954223633,3.4509999752044678,0.0,3.4509999752044678
2011-04-04,3.440000057220459,3.441999912261963,3.4030001163482666,3.430999994277954,0.0,3.430999994277954
2011-04-05,3.4140000343322754,3.5,3.3989999294281006,3.486999988555908,0.0,3.486999988555908
2011-04-06,3.496000051498413,3.5490000247955322,3.496000051498413,3.5450000762939453,0.0,3.5450000762939453
2011-04-07,3.572000026702881,3.5769999027252197,3.5230000019073486,3.555000066757202,0.0,3.555000066757202
2011-04-08,3.5980000495910645,3.61899995803833,3.568000078201294,3.569999933242798,0.0,3.569999933242798
2011-04-11,3.5959999561309814,3.6019999980926514,3.558000087738037,3.569999933242798,0.0,3.569999933242798
2011-04-12,3.5320000648498535,3.5390000343322754,3.4749999046325684,3.5,0.0,3.5
2011-04-13,3.5220000743865967,3.5450000762939453,3.4600000381469727,3.4660000801086426,0.0,3.4660000801086426
2011-04-14,3.444000005722046,3.5,3.4210000038146973,3.484999895095825,0.0,3.484999895095825
2011-04-15,3.4679999351501465,3.4679999351501465,3.3989999294281006,3.4100000858306885,0.0,3.4100000858306885
2011-04-18,3.374000072479248,3.4549999237060547,3.36299991607666,3.371000051498413,0.0,3.371000051498413
2011-04-19,3.3949999809265137,3.3980000019073486,3.3480000495910645,3.3559999465942383,0.0,3.3559999465942383
2011-04-20,3.4019999504089355,3.4019999504089355,3.374000072479248,3.4000000953674316,0.0,3.4000000953674316
2011-04-21,3.3929998874664307,3.4019999504089355,3.369999885559082,3.4000000953674316,0.0,3.4000000953674316
2011-04-22,,,,,,
2011-04-25,3.384999990463257,3.3959999084472656,3.3610000610351562,3.36299991607666,0.0,3.36299991607666
2011-04-26,3.36299991607666,3.365000009536743,3.313999891281128,3.319999933242798,0.0,3.319999933242798
2011-04-27,3.3510000705718994,3.3910000324249268,3.3380000591278076,3.368000030517578,0.0,3.368000030517578
2011-04-28,3.3289999961853027,3.3459999561309814,3.2980000972747803,3.312000036239624,0.0,3.312000036239624
2011-04-29,3.2990000247955322,3.3329999446868896,3.2860000133514404,3.2960000038146973,0.0,3.2960000038146973
2011-05-02,3.312000036239624,3.312000036239624,3.2639999389648438,3.2860000133514404,0.0,3.2860000133514404
2011-05-03,3.2639999389648438,3.2839999198913574,3.249000072479248,3.255000114440918,0.0,3.255000114440918
2011-05-04,3.26200008392334,3.2690000534057617,3.2090001106262207,3.2230000495910645,0.0,3.2230000495910645
2011-05-05,3.191999912261963,3.1989998817443848,3.1640000343322754,3.1679999828338623,0.0,3.1679999828338623
2011-05-06,3.174999952316284,3.239000082015991,3.128000020980835,3.1570000648498535,0.0,3.1570000648498535
2011-05-09,3.174999952316284,3.180999994277954,3.134999990463257,3.1419999599456787,0.0,3.1419999599456787
2011-05-10,3.1619999408721924,3.1989998817443848,3.1600000858306885,3.194999933242798,0.0,3.194999933242798
2011-05-11,3.2209999561309814,3.2239999771118164,3.1530001163482666,3.1570000648498535,0.0,3.1570000648498535
2011-05-12,3.177999973297119,3.247999906539917,3.1689999103546143,3.2300000190734863,0.0,3.2300000190734863
2011-05-13,3.2260000705718994,3.2300000190734863,3.131999969482422,3.187000036239624,0.0,3.187000036239624
2011-05-16,3.1689999103546143,3.1989998817443848,3.1470000743865967,3.1489999294281006,0.0,3.1489999294281006
2011-05-17,3.1470000743865967,3.1489999294281006,3.0980000495910645,3.121000051498413,0.0,3.121000051498413
2011-05-18,3.0980000495910645,3.177999973297119,3.0980000495910645,3.1710000038146973,0.0,3.1710000038146973
2011-05-19,3.194999933242798,3.240999937057495,3.1689999103546143,3.1710000038146973,0.0,3.1710000038146973
2011-05-20,3.1600000858306885,3.188999891281128,3.1470000743865967,3.1519999504089355,0.0,3.1519999504089355
2011-05-23,3.0969998836517334,3.1410000324249268,3.0940001010894775,3.134000062942505,0.0,3.134000062942505
2011-05-24,3.1540000438690186,3.1619999408721924,3.114000082015991,3.122999906539917,0.0,3.122999906539917
2011-05-25,3.115999937057495,3.140000104904175,3.0989999771118164,3.128999948501587,0.0,3.128999948501587
2011-05-26,3.1470000743865967,3.1470000743865967,3.061000108718872,3.061000108718872,0.0,3.061000108718872
2011-05-27,3.0859999656677246,3.1010000705718994,3.055000066757202,3.063999891281128,0.0,3.063999891281128
2011-05-30,,,,,,
2011-05-31,3.0859999656677246,3.0989999771118164,3.0409998893737793,3.049999952316284,0.0,3.049999952316284
2011-06-01,3.015000104904175,3.0239999294281006,2.9519999027252197,2.9660000801086426,0.0,2.9660000801086426
2011-06-02,2.9660000801086426,3.0329999923706055,2.9660000801086426,3.0299999713897705,0.0,3.0299999713897705
2011-06-03,3.0239999294281006,3.0239999294281006,2.947999954223633,2.996999979019165,0.0,2.996999979019165
2011-06-06,3.002000093460083,3.0409998893737793,3.0,3.002000093460083,0.0,3.002000093460083
2011-06-07,3.0329999923706055,3.055000066757202,3.009000062942505,3.010999917984009,0.0,3.010999917984009
2011-06-08,2.9709999561309814,2.9800000190734863,2.933000087738037,2.9619998931884766,0.0,2.9619998931884766
2011-06-09,2.930000066757202,3.0199999809265137,2.9189999103546143,2.997999906539917,0.0,2.997999906539917
2011-06-10,2.9730000495910645,2.9800000190734863,2.937000036239624,2.9709999561309814,0.0,2.9709999561309814
2011-06-13,2.993000030517578,3.013000011444092,2.9489998817443848,2.990999937057495,0.0,2.990999937057495
2011-06-14,3.015000104904175,3.1029999256134033,3.006999969482422,3.0989999771118164,0.0,3.0989999771118164
2011-06-15,3.0789999961853027,3.0950000286102295,2.9639999866485596,2.9730000495910645,0.0,2.9730000495910645
2011-06-16,2.8970000743865967,2.9649999141693115,2.8929998874664307,2.9089999198913574,0.0,2.9089999198913574
2011-06-17,2.9739999771118164,2.9779999256134033,2.927000045776367,2.944000005722046,0.0,2.944000005722046
2011-06-20,2.9000000953674316,2.9779999256134033,2.8980000019073486,2.9630000591278076,0.0,2.9630000591278076
2011-06-21,2.9800000190734863,3.0,2.9539999961853027,2.984999895095825,0.0,2.984999895095825
2011-06-22,2.9560000896453857,2.99399995803833,2.940000057220459,2.993000030517578,0.0,2.993000030517578
2011-06-23,2.941999912261963,2.941999912261963,2.88700008392334,2.9089999198913574,0.0,2.9089999198913574
2011-06-24,2.9070000648498535,2.936000108718872,2.8469998836517334,2.871000051498413,0.0,2.871000051498413
2011-06-27,2.880000114440918,2.931999921798706,2.8550000190734863,2.927000045776367,0.0,2.927000045776367
2011-06-28,2.934000015258789,3.055000066757202,2.930000066757202,3.0450000762939453,0.0,3.0450000762939453
2011-06-29,3.072999954223633,3.131999969482422,3.055000066757202,3.1080000400543213,0.0,3.1080000400543213
2011-06-30,3.0950000286102295,3.2160000801086426,3.0880000591278076,3.1579999923706055,0.0,3.1579999923706055
2011-07-01,3.1470000743865967,3.2230000495910645,3.140000104904175,3.197000026702881,0.0,3.197000026702881
2011-07-04,,,,,,
2011-07-05,3.1510000228881836,3.1579999923706055,3.11899995803833,3.135999917984009,0.0,3.135999917984009
2011-07-06,3.0840001106262207,3.11899995803833,3.072999954223633,3.0950000286102295,0.0,3.0950000286102295
2011-07-07,3.1619999408721924,3.174999952316284,3.1410000324249268,3.1489999294281006,0.0,3.1489999294281006
2011-07-08,3.1689999103546143,3.180999994277954,3.007999897003174,3.0160000324249268,0.0,3.0160000324249268
2011-07-11,2.947999954223633,2.9749999046325684,2.9130001068115234,2.9170000553131104,0.0,2.9170000553131104
2011-07-12,2.8970000743865967,2.937000036239624,2.875,2.9079999923706055,0.0,2.9079999923706055
2011-07-13,2.937000036239624,2.9519999027252197,2.890000104904175,2.8910000324249268,0.0,2.8910000324249268
2011-07-14,2.9100000858306885,2.946000099182129,2.890000104904175,2.944000005722046,0.0,2.944000005722046
2011-07-15,2.953000068664551,2.9839999675750732,2.8989999294281006,2.9079999923706055,0.0,2.9079999923706055
2011-07-18,2.877000093460083,2.930999994277954,2.875,2.9089999198913574,0.0,2.9089999198913574
2011-07-19,2.947999954223633,2.9590001106262207,2.878000020980835,2.8910000324249268,0.0,2.8910000324249268
2011-07-20,2.9149999618530273,2.941999912261963,2.8970000743865967,2.933000087738037,0.0,2.933000087738037
2011-07-21,2.9619998931884766,3.0360000133514404,2.953000068664551,3.009999990463257,0.0,3.009999990463257
2011-07-22,2.990000009536743,2.990999937057495,2.9619998931884766,2.9639999866485596,0.0,2.9639999866485596
2011-07-25,3.003999948501587,3.0320000648498535,2.941999912261963,3.003999948501587,0.0,3.003999948501587
2011-07-26,3.0250000953674316,3.0260000228881836,2.940000057220459,2.9509999752044678,0.0,2.9509999752044678
2011-07-27,2.9579999446868896,3.009999990463257,2.944999933242798,2.9800000190734863,0.0,2.9800000190734863
2011-07-28,2.9619998931884766,2.9660000801086426,2.933000087738037,2.9509999752044678,0.0,2.9509999752044678
2011-07-29,2.9200000762939453,2.9200000762939453,2.805000066757202,2.805000066757202,0.0,2.805000066757202
2011-08-01,2.7920000553131104,2.821000099182129,2.7190001010894775,2.740000009536743,0.0,2.740000009536743
2011-08-02,2.686000108718872,2.7239999771118164,2.6040000915527344,2.624000072479248,0.0,2.624000072479248
2011-08-03,2.6089999675750732,2.632999897003174,2.5460000038146973,2.5989999771118164,0.0,2.5989999771118164
2011-08-04,2.5759999752044678,2.6019999980926514,2.4560000896453857,2.4579999446868896,0.0,2.4579999446868896
2011-08-05,2.4570000171661377,2.5810000896453857,2.427999973297119,2.558000087738037,0.0,2.558000087738037
2011-08-08,2.496999979019165,2.503000020980835,2.328000068664551,2.3389999866485596,0.0,2.3389999866485596
2011-08-09,2.3940000534057617,2.4059998989105225,2.1730000972747803,2.181999921798706,0.0,2.181999921798706
2011-08-10,2.2130000591278076,2.2160000801086426,2.0920000076293945,2.13700008392334,0.0,2.13700008392334
2011-08-11,2.134999990463257,2.359999895095825,2.130000114440918,2.3359999656677246,0.0,2.3359999656677246
2011-08-12,2.2829999923706055,2.312999963760376,2.2230000495910645,2.236999988555908,0.0,2.236999988555908
2011-08-15,2.2690000534057617,2.2899999618530273,2.234999895095825,2.2850000858306885,0.0,2.2850000858306885
2011-08-16,2.2669999599456787,2.3010001182556152,2.200000047683716,2.2139999866485596,0.0,2.2139999866485596
2011-08-17,2.24399995803833,2.259999990463257,2.1600000858306885,2.1649999618530273,0.0,2.1649999618530273
2011-08-18,2.0989999771118164,2.1110000610351562,1.9780000448226929,2.0829999446868896,0.0,2.0829999446868896
2011-08-19,2.1089999675750732,2.122999906539917,2.069000005722046,2.071000099182129,0.0,2.071000099182129
2011-08-22,2.115000009536743,2.134000062942505,2.0829999446868896,2.0880000591278076,0.0,2.0880000591278076
2011-08-23,2.1600000858306885,2.1619999408721924,2.063999891281128,2.13700008392334,0.0,2.13700008392334
2011-08-24,2.1459999084472656,2.2660000324249268,2.1389999389648438,2.259999990463257,0.0,2.259999990463257
2011-08-25,2.2939999103546143,2.2939999103546143,2.2109999656677246,2.2219998836517334,0.0,2.2219998836517334
2011-08-26,2.193000078201294,2.2200000286102295,2.121000051498413,2.187999963760376,0.0,2.187999963760376
2011-08-29,2.2249999046325684,2.2960000038146973,2.2249999046325684,2.2709999084472656,0.0,2.2709999084472656
2011-08-30,2.200000047683716,2.2060000896453857,2.1579999923706055,2.1760001182556152,0.0,2.1760001182556152
2011-08-31,2.1649999618530273,2.2230000495910645,2.1389999389648438,2.2179999351501465,0.0,2.2179999351501465
2011-09-01,2.2019999027252197,2.2780001163482666,2.1440000534057617,2.1459999084472656,0.0,2.1459999084472656
2011-09-02,2.122999906539917,2.1640000343322754,1.996000051498413,1.996000051498413,0.0,1.996000051498413
2011-09-05,,,,,,
2011-09-06,1.9479999542236328,1.9889999628067017,1.9290000200271606,1.9789999723434448,0.0,1.9789999723434448
2011-09-07,2.0190000534057617,2.059999942779541,2.005000114440918,2.0360000133514404,0.0,2.0360000133514404
2011-09-08,1.9910000562667847,2.0390000343322754,1.9769999980926514,1.9859999418258667,0.0,1.9859999418258667
2011-09-09,2.013000011444092,2.0179998874664307,1.8960000276565552,1.9149999618530273,0.0,1.9149999618530273
2011-09-12,1.8960000276565552,1.9490000009536743,1.8960000276565552,1.9299999475479126,0.0,1.9299999475479126
2011-09-13,1.9459999799728394,2.00600004196167,1.940999984741211,1.99399995803833,0.0,1.99399995803833
2011-09-14,2.0250000953674316,2.0320000648498535,1.9630000591278076,2.010999917984009,0.0,2.010999917984009
2011-09-15,2.0339999198913574,2.118000030517578,2.0309998989105225,2.0850000381469727,0.0,2.0850000381469727
2011-09-16,2.0859999656677246,2.118000030517578,2.059999942779541,2.0759999752044678,0.0,2.0759999752044678
2011-09-19,1.9919999837875366,1.9919999837875366,1.9279999732971191,1.940000057220459,0.0,1.940000057220459
2011-09-20,1.9700000286102295,1.9919999837875366,1.934999942779541,1.9470000267028809,0.0,1.9470000267028809
2011-09-21,1.9329999685287476,1.9570000171661377,1.8559999465942383,1.875,0.0,1.875
2011-09-22,1.7589999437332153,1.7929999828338623,1.6990000009536743,1.715000033378601,0.0,1.715000033378601
2011-09-23,1.6970000267028809,1.815999984741211,1.6959999799728394,1.8079999685287476,0.0,1.8079999685287476
2011-09-26,1.8489999771118164,1.909000039100647,1.8329999446868896,1.9040000438690186,0.0,1.9040000438690186
2011-09-27,1.975000023841858,2.0160000324249268,1.9550000429153442,2.0160000324249268,0.0,2.0160000324249268
2011-09-28,1.9759999513626099,2.065000057220459,1.9730000495910645,2.002000093460083,0.0,2.002000093460083
2011-09-29,1.9709999561309814,2.0280001163482666,1.9520000219345093,1.9570000171661377,0.0,1.9570000171661377
2011-09-30,1.9500000476837158,1.9550000429153442,1.8930000066757202,1.9240000247955322,0.0,1.9240000247955322
2011-10-03,1.8830000162124634,1.8910000324249268,1.7760000228881836,1.784999966621399,0.0,1.784999966621399
2011-10-04,1.7350000143051147,1.840000033378601,1.7170000076293945,1.781000018119812,0.0,1.781000018119812
2011-10-05,1.8639999628067017,1.9119999408721924,1.843000054359436,1.9049999713897705,0.0,1.9049999713897705
2011-10-06,1.9199999570846558,1.9859999418258667,1.9149999618530273,1.9859999418258667,0.0,1.9859999418258667
2011-10-07,2.0139999389648438,2.118000030517578,2.006999969482422,2.068000078201294,0.0,2.068000078201294
2011-10-10,2.0759999752044678,2.0759999752044678,2.0759999752044678,2.0759999752044678,0.0,2.0759999752044678
2011-10-11,2.1480000019073486,2.180000066757202,2.134000062942505,2.1600000858306885,0.0,2.1600000858306885
2011-10-12,2.2260000705718994,2.2690000534057617,2.190000057220459,2.2260000705718994,0.0,2.2260000705718994
2011-10-13,2.197999954223633,2.203000068664551,2.122999906539917,2.1689999103546143,0.0,2.1689999103546143
2011-10-14,2.234999895095825,2.2639999389648438,2.2119998931884766,2.2320001125335693,0.0,2.2320001125335693
2011-10-17,2.2330000400543213,2.24399995803833,2.1510000228881836,2.1549999713897705,0.0,2.1549999713897705
2011-10-18,2.1040000915527344,2.1659998893737793,2.1040000915527344,2.1510000228881836,0.0,2.1510000228881836
2011-10-19,2.190999984741211,2.2249999046325684,2.134000062942505,2.1589999198913574,0.0,2.1589999198913574
2011-10-20,2.1730000972747803,2.2070000171661377,2.114000082015991,2.180000066757202,0.0,2.180000066757202
2011-10-21,2.2070000171661377,2.239000082015991,2.180000066757202,2.203000068664551,0.0,2.203000068664551
2011-10-24,2.181999921798706,2.239000082015991,2.174999952316284,2.2339999675750732,0.0,2.2339999675750732
2011-10-25,2.25,2.256999969482422,2.114000082015991,2.128000020980835,0.0,2.128000020980835
2011-10-26,2.1410000324249268,2.2139999866485596,2.111999988555908,2.203000068664551,0.0,2.203000068664551
2011-10-27,2.296999931335449,2.4070000648498535,2.2709999084472656,2.3949999809265137,0.0,2.3949999809265137
2011-10-28,2.36899995803833,2.372999906539917,2.2929999828338623,2.305999994277954,0.0,2.305999994277954
2011-10-31,2.2360000610351562,2.236999988555908,2.174999952316284,2.174999952316284,0.0,2.174999952316284
2011-11-01,2.0290000438690186,2.046999931335449,1.9559999704360962,2.000999927520752,0.0,2.000999927520752
2011-11-02,2.049999952316284,2.062999963760376,1.9910000562667847,2.00600004196167,0.0,2.00600004196167
2011-11-03,2.0450000762939453,2.0799999237060547,2.0169999599456787,2.065999984741211,0.0,2.065999984741211
2011-11-04,2.0840001106262207,2.13700008392334,2.0239999294281006,2.049999952316284,0.0,2.049999952316284
2011-11-07,2.0339999198913574,2.055999994277954,1.9609999656677246,1.99399995803833,0.0,1.99399995803833
2011-11-08,2.046999931335449,2.068000078201294,1.9989999532699585,2.065000057220459,0.0,2.065000057220459
2011-11-09,1.9869999885559082,2.01200008392334,1.9290000200271606,1.9550000429153442,0.0,1.9550000429153442
2011-11-10,2.0290000438690186,2.1080000400543213,2.01200008392334,2.055999994277954,0.0,2.055999994277954
2011-11-11,2.055999994277954,2.055999994277954,2.055999994277954,2.055999994277954,0.0,2.055999994277954
2011-11-14,2.0969998836517334,2.0969998836517334,2.0260000228881836,2.0429999828338623,0.0,2.0429999828338623
2011-11-15,2.009999990463257,2.072999954223633,1.9950000047683716,2.056999921798706,0.0,2.056999921798706
2011-11-16,2.0380001068115234,2.052000045776367,2.006999969482422,2.0239999294281006,0.0,2.0239999294281006
2011-11-17,1.9859999418258667,2.0399999618530273,1.937999963760376,1.9579999446868896,0.0,1.9579999446868896
2011-11-18,2.005000114440918,2.0360000133514404,1.9839999675750732,2.01200008392334,0.0,2.01200008392334
2011-11-21,1.9570000171661377,1.9739999771118164,1.9429999589920044,1.9620000123977661,0.0,1.9620000123977661
2011-11-22,1.9579999446868896,1.9880000352859497,1.9359999895095825,1.9390000104904175,0.0,1.9390000104904175
2011-11-23,1.9240000247955322,1.9639999866485596,1.878999948501587,1.878999948501587,0.0,1.878999948501587
2011-11-24,,,,,,
2011-11-25,1.9199999570846558,1.968999981880188,1.9129999876022339,1.9670000076293945,0.0,1.9670000076293945
2011-11-28,2.063999891281128,2.0799999237060547,1.9509999752044678,1.9579999446868896,0.0,1.9579999446868896
2011-11-29,1.9950000047683716,2.046999931335449,1.965000033378601,1.996000051498413,0.0,1.996000051498413
2011-11-30,2.059000015258789,2.1070001125335693,2.0450000762939453,2.068000078201294,0.0,2.068000078201294
2011-12-01,2.128000020980835,2.140000104904175,2.072000026702881,2.117000102996826,0.0,2.117000102996826
2011-12-02,2.13100004196167,2.1559998989105225,2.0380001068115234,2.0420000553131104,0.0,2.0420000553131104
2011-12-05,2.0820000171661377,2.109999895095825,2.0420000553131104,2.053999900817871,0.0,2.053999900817871
2011-12-06,2.068000078201294,2.0959999561309814,2.053999900817871,2.0929999351501465,0.0,2.0929999351501465
2011-12-07,2.072999954223633,2.0869998931884766,2.0139999389648438,2.0169999599456787,0.0,2.0169999599456787
2011-12-08,2.059000015258789,2.0959999561309814,1.972000002861023,1.972000002861023,0.0,1.972000002861023
2011-12-09,1.996000051498413,2.059000015258789,1.972000002861023,2.052000045776367,0.0,2.052000045776367
2011-12-12,2.0280001163482666,2.0299999713897705,1.9889999628067017,2.009000062942505,0.0,2.009000062942505
2011-12-13,2.0439999103546143,2.059000015258789,1.9490000009536743,1.9620000123977661,0.0,1.9620000123977661
2011-12-14,1.9630000591278076,1.9700000286102295,1.8980000019073486,1.9010000228881836,0.0,1.9010000228881836
2011-12-15,1.902999997138977,1.9420000314712524,1.8960000276565552,1.9129999876022339,0.0,1.9129999876022339
2011-12-16,1.9249999523162842,1.9249999523162842,1.8350000381469727,1.8539999723434448,0.0,1.8539999723434448
2011-12-19,1.8580000400543213,1.878000020980835,1.8009999990463257,1.812999963760376,0.0,1.812999963760376
2011-12-20,1.847000002861023,1.9290000200271606,1.847000002861023,1.9249999523162842,0.0,1.9249999523162842
2011-12-21,1.9079999923706055,1.9789999723434448,1.8969999551773071,1.9670000076293945,0.0,1.9670000076293945
2011-12-22,1.9559999704360962,1.965000033378601,1.9199999570846558,1.9509999752044678,0.0,1.9509999752044678
2011-12-23,1.972000002861023,2.0369999408721924,1.9579999446868896,2.0299999713897705,0.0,2.0299999713897705
2011-12-26,,,,,,
2011-12-27,2.0299999713897705,2.0309998989105225,2.002000093460083,2.009000062942505,0.0,2.009000062942505
2011-12-28,2.006999969482422,2.009000062942505,1.9079999923706055,1.9079999923706055,0.0,1.9079999923706055
2011-12-29,1.9140000343322754,1.940999984741211,1.8849999904632568,1.8969999551773071,0.0,1.8969999551773071
2011-12-30,1.9040000438690186,1.9040000438690186,1.8569999933242798,1.871000051498413,0.0,1.871000051498413
2012-01-02,,,,,,
2012-01-03,1.9509999752044678,1.965000033378601,1.9140000343322754,1.9600000381469727,0.0,1.9600000381469727
2012-01-04,1.937000036239624,2.01200008392334,1.9329999685287476,1.9950000047683716,0.0,1.9950000047683716
2012-01-05,1.9910000562667847,2.0209999084472656,1.944000005722046,1.9930000305175781,0.0,1.9930000305175781
2012-01-06,2.003000020980835,2.0439999103546143,1.9459999799728394,1.9609999656677246,0.0,1.9609999656677246
2012-01-09,1.975000023841858,1.9859999418258667,1.9190000295639038,1.9600000381469727,0.0,1.9600000381469727
2012-01-10,1.9889999628067017,2.009000062942505,1.9529999494552612,1.972000002861023,0.0,1.972000002861023
2012-01-11,1.9509999752044678,1.9509999752044678,1.8980000019073486,1.9040000438690186,0.0,1.9040000438690186
2012-01-12,1.9190000295639038,1.9420000314712524,1.8919999599456787,1.9329999685287476,0.0,1.9329999685287476
2012-01-13,1.9049999713897705,1.9049999713897705,1.8359999656677246,1.8530000448226929,0.0,1.8530000448226929
2012-01-16,,,,,,
2012-01-17,1.899999976158142,1.9049999713897705,1.8459999561309814,1.850000023841858,0.0,1.850000023841858
2012-01-18,1.8569999933242798,1.9040000438690186,1.8359999656677246,1.8969999551773071,0.0,1.8969999551773071
2012-01-19,1.9259999990463257,1.9980000257492065,1.9170000553131104,1.972000002861023,0.0,1.972000002861023
2012-01-20,1.9930000305175781,2.0329999923706055,1.9839999675750732,2.0280001163482666,0.0,2.0280001163482666
2012-01-23,2.059999942779541,2.0940001010894775,2.0460000038146973,2.066999912261963,0.0,2.066999912261963
2012-01-24,2.0490000247955322,2.0850000381469727,2.0369999408721924,2.063999891281128,0.0,2.063999891281128
2012-01-25,2.0490000247955322,2.069000005722046,1.9170000553131104,2.006999969482422,0.0,2.006999969482422
2012-01-26,1.9579999446868896,1.9789999723434448,1.9229999780654907,1.930999994277954,0.0,1.930999994277954
2012-01-27,1.9630000591278076,1.9700000286102295,1.8880000114440918,1.8980000019073486,0.0,1.8980000019073486
2012-01-30,1.8420000076293945,1.8489999771118164,1.8140000104904175,1.8370000123977661,0.0,1.8370000123977661
2012-01-31,1.8509999513626099,1.8559999465942383,1.7970000505447388,1.7990000247955322,0.0,1.7990000247955322
2012-02-01,1.8070000410079956,1.8530000448226929,1.7999999523162842,1.8459999561309814,0.0,1.8459999561309814
2012-02-02,1.819000005722046,1.8489999771118164,1.812999963760376,1.8250000476837158,0.0,1.8250000476837158
2012-02-03,1.815999984741211,1.9559999704360962,1.812000036239624,1.9490000009536743,0.0,1.9490000009536743
2012-02-06,1.9240000247955322,1.9450000524520874,1.8860000371932983,1.9010000228881836,0.0,1.9010000228881836
2012-02-07,1.9140000343322754,1.9910000562667847,1.9140000343322754,1.965999960899353,0.0,1.965999960899353
2012-02-08,1.9980000257492065,2.0,1.9609999656677246,1.975000023841858,0.0,1.975000023841858
2012-02-09,2.0309998989105225,2.0799999237060547,2.0280001163482666,2.046999931335449,0.0,2.046999931335449
2012-02-10,1.9809999465942383,1.9950000047683716,1.9550000429153442,1.968999981880188,0.0,1.968999981880188
2012-02-13,2.0,2.0160000324249268,1.9589999914169312,1.9900000095367432,0.0,1.9900000095367432
2012-02-14,1.968999981880188,1.9709999561309814,1.9170000553131104,1.9240000247955322,0.0,1.9240000247955322
2012-02-15,1.934000015258789,1.9450000524520874,1.899999976158142,1.930999994277954,0.0,1.930999994277954
2012-02-16,1.9190000295639038,2.0160000324249268,1.9170000553131104,1.9930000305175781,0.0,1.9930000305175781
2012-02-17,2.0299999713897705,2.0380001068115234,2.006999969482422,2.009999990463257,0.0,2.009999990463257
2012-02-20,,,,,,
2012-02-21,2.0230000019073486,2.0799999237060547,2.0209999084472656,2.0450000762939453,0.0,2.0450000762939453
2012-02-22,2.053999900817871,2.053999900817871,1.9980000257492065,2.005000114440918,0.0,2.005000114440918
2012-02-23,2.0380001068115234,2.0450000762939453,1.9739999771118164,1.9839999675750732,0.0,1.9839999675750732
2012-02-24,1.9859999418258667,1.9910000562667847,1.968999981880188,1.9769999980926514,0.0,1.9769999980926514
2012-02-27,1.9390000104904175,1.940999984741211,1.9119999408721924,1.9220000505447388,0.0,1.9220000505447388
2012-02-28,1.9259999990463257,1.934000015258789,1.8960000276565552,1.9290000200271606,0.0,1.9290000200271606
2012-02-29,1.9190000295639038,2.009000062942505,1.9170000553131104,1.9769999980926514,0.0,1.9769999980926514
2012-03-01,2.0329999923706055,2.063999891281128,2.0190000534057617,2.0369999408721924,0.0,2.0369999408721924
2012-03-02,2.006999969482422,2.0139999389648438,1.9700000286102295,1.9859999418258667,0.0,1.9859999418258667
2012-03-05,1.9930000305175781,2.006999969482422,1.9700000286102295,2.005000114440918,0.0,2.005000114440918
2012-03-06,1.9769999980926514,1.9769999980926514,1.930999994277954,1.944000005722046,0.0,1.944000005722046
2012-03-07,1.9500000476837158,1.9839999675750732,1.9500000476837158,1.972000002861023,0.0,1.972000002861023
2012-03-08,2.0,2.0239999294281006,1.9789999723434448,2.0139999389648438,0.0,2.0139999389648438
2012-03-09,2.0190000534057617,2.059000015258789,2.0190000534057617,2.0380001068115234,0.0,2.0380001068115234
2012-03-12,2.003000020980835,2.0329999923706055,1.9889999628067017,2.0309998989105225,0.0,2.0309998989105225
2012-03-13,2.052000045776367,2.11899995803833,2.052000045776367,2.1070001125335693,0.0,2.1070001125335693
2012-03-14,2.187000036239624,2.2899999618530273,2.1689999103546143,2.2739999294281006,0.0,2.2739999294281006
2012-03-15,2.3320000171661377,2.3369998931884766,2.253000020980835,2.2809998989105225,0.0,2.2809998989105225
2012-03-16,2.3320000171661377,2.36299991607666,2.2920000553131104,2.2980000972747803,0.0,2.2980000972747803
2012-03-19,2.2709999084472656,2.390000104904175,2.2669999599456787,2.378999948501587,0.0,2.378999948501587
2012-03-20,2.3340001106262207,2.3970000743865967,2.3320000171661377,2.371999979019165,0.0,2.371999979019165
2012-03-21,2.3450000286102295,2.3469998836517334,2.2829999923706055,2.2939999103546143,0.0,2.2939999103546143
2012-03-22,2.257999897003174,2.2939999103546143,2.249000072479248,2.2750000953674316,0.0,2.2750000953674316
2012-03-23,2.253000020980835,2.259999990463257,2.2100000381469727,2.236999988555908,0.0,2.236999988555908
2012-03-26,2.2690000534057617,2.2869999408721924,2.240999937057495,2.24399995803833,0.0,2.24399995803833
2012-03-27,2.2320001125335693,2.236999988555908,2.181999921798706,2.187000036239624,0.0,2.187000036239624
2012-03-28,2.2119998931884766,2.2249999046325684,2.1589999198913574,2.196000099182129,0.0,2.196000099182129
2012-03-29,2.193000078201294,2.197999954223633,2.1480000019073486,2.1589999198913574,0.0,2.1589999198913574
2012-03-30,2.1519999504089355,2.236999988555908,2.1410000324249268,2.2160000801086426,0.0,2.2160000801086426
2012-04-02,2.200000047683716,2.2070000171661377,2.1619999408721924,2.193000078201294,0.0,2.193000078201294
2012-04-03,2.1610000133514404,2.2839999198913574,2.1500000953674316,2.2839999198913574,0.0,2.2839999198913574
2012-04-04,2.259000062942505,2.263000011444092,2.2269999980926514,2.243000030517578,0.0,2.243000030517578
2012-04-05,2.174999952316284,2.2090001106262207,2.140000104904175,2.174999952316284,0.0,2.174999952316284
2012-04-06,,,,,,
2012-04-09,2.0320000648498535,2.0439999103546143,2.0190000534057617,2.0369999408721924,0.0,2.0369999408721924
2012-04-10,2.046999931335449,2.046999931335449,1.965000033378601,1.9880000352859497,0.0,1.9880000352859497
2012-04-11,2.0260000228881836,2.046999931335449,2.0169999599456787,2.0280001163482666,0.0,2.0280001163482666
2012-04-12,2.0369999408721924,2.062999963760376,2.01200008392334,2.0490000247955322,0.0,2.0490000247955322
2012-04-13,2.0139999389648438,2.0260000228881836,1.9809999465942383,1.9980000257492065,0.0,1.9980000257492065
2012-04-16,1.9700000286102295,1.9980000257492065,1.9459999799728394,1.9739999771118164,0.0,1.9739999771118164
2012-04-17,2.002000093460083,2.0160000324249268,1.9910000562667847,2.009000062942505,0.0,2.009000062942505
2012-04-18,1.9880000352859497,1.9910000562667847,1.972000002861023,1.9819999933242798,0.0,1.9819999933242798
2012-04-19,1.9769999980926514,1.9789999723434448,1.9490000009536743,1.9520000219345093,0.0,1.9520000219345093
2012-04-20,1.9950000047683716,1.996000051498413,1.9630000591278076,1.9700000286102295,0.0,1.9700000286102295
2012-04-23,1.9229999780654907,1.937000036239624,1.909999966621399,1.9329999685287476,0.0,1.9329999685287476
2012-04-24,1.9539999961853027,1.9630000591278076,1.937000036239624,1.9609999656677246,0.0,1.9609999656677246
2012-04-25,1.9880000352859497,2.0369999408721924,1.965999960899353,1.9839999675750732,0.0,1.9839999675750732
2012-04-26,1.9539999961853027,1.968000054359436,1.9299999475479126,1.9589999914169312,0.0,1.9589999914169312
2012-04-27,1.9509999752044678,1.9579999446868896,1.9259999990463257,1.9329999685287476,0.0,1.9329999685287476
2012-04-30,1.9190000295639038,1.9240000247955322,1.906999945640564,1.9149999618530273,0.0,1.9149999618530273
2012-05-01,1.9190000295639038,1.9609999656677246,1.899999976158142,1.9559999704360962,0.0,1.9559999704360962
2012-05-02,1.909999966621399,1.937999963760376,1.899999976158142,1.9220000505447388,0.0,1.9220000505447388
2012-05-03,1.9240000247955322,1.9559999704360962,1.9149999618530273,1.9240000247955322,0.0,1.9240000247955322
2012-05-04,1.9359999895095825,1.9539999961853027,1.8730000257492065,1.8799999952316284,0.0,1.8799999952316284
2012-05-07,1.8730000257492065,1.8819999694824219,1.8589999675750732,1.8769999742507935,0.0,1.8769999742507935
2012-05-08,1.8539999723434448,1.8609999418258667,1.815999984741211,1.8370000123977661,0.0,1.8370000123977661
2012-05-09,1.7999999523162842,1.8450000286102295,1.7929999828338623,1.8350000381469727,0.0,1.8350000381469727
2012-05-10,1.8949999809265137,1.9210000038146973,1.8830000162124634,1.8839999437332153,0.0,1.8839999437332153
2012-05-11,1.8509999513626099,1.8619999885559082,1.8380000591278076,1.840999960899353,0.0,1.840999960899353
2012-05-14,1.781000018119812,1.7979999780654907,1.7669999599456787,1.7879999876022339,0.0,1.7879999876022339
2012-05-15,1.7929999828338623,1.809999942779541,1.7669999599456787,1.7769999504089355,0.0,1.7769999504089355
2012-05-16,1.809999942779541,1.819000005722046,1.7519999742507935,1.7649999856948853,0.0,1.7649999856948853
2012-05-17,1.7710000276565552,1.7760000228881836,1.7020000219345093,1.7020000219345093,0.0,1.7020000219345093
2012-05-18,1.718000054359436,1.7430000305175781,1.7000000476837158,1.7020000219345093,0.0,1.7020000219345093
2012-05-21,1.7350000143051147,1.746999979019165,1.7230000495910645,1.7350000143051147,0.0,1.7350000143051147
2012-05-22,1.7929999828338623,1.8049999475479126,1.781000018119812,1.7929999828338623,0.0,1.7929999828338623
2012-05-23,1.7430000305175781,1.7450000047683716,1.7070000171661377,1.7209999561309814,0.0,1.7209999561309814
2012-05-24,1.753000020980835,1.7769999504089355,1.75,1.7589999437332153,0.0,1.7589999437332153
2012-05-25,1.7619999647140503,1.7640000581741333,1.7400000095367432,1.7450000047683716,0.0,1.7450000047683716
2012-05-28,,,,,,
2012-05-29,1.7259999513626099,1.7400000095367432,1.7070000171661377,1.7309999465942383,0.0,1.7309999465942383
2012-05-30,1.687999963760376,1.687999963760376,1.61899995803833,1.625,0.0,1.625
2012-05-31,1.6169999837875366,1.6169999837875366,1.5329999923706055,1.5809999704360962,0.0,1.5809999704360962
2012-06-01,1.5210000276565552,1.5260000228881836,1.440000057220459,1.4670000076293945,0.0,1.4670000076293945
2012-06-04,1.5,1.531999945640564,1.4869999885559082,1.5269999504089355,0.0,1.5269999504089355
2012-06-05,1.5470000505447388,1.5740000009536743,1.531999945640564,1.555999994277954,0.0,1.555999994277954
2012-06-06,1.590000033378601,1.6710000038146973,1.5540000200271606,1.6510000228881836,0.0,1.6510000228881836
2012-06-07,1.6749999523162842,1.684999942779541,1.6319999694824219,1.6540000438690186,0.0,1.6540000438690186
2012-06-08,1.565999984741211,1.6399999856948853,1.562000036239624,1.6369999647140503,0.0,1.6369999647140503
2012-06-11,1.6339999437332153,1.656999945640564,1.5829999446868896,1.600000023841858,0.0,1.600000023841858
2012-06-12,1.6100000143051147,1.6679999828338623,1.6100000143051147,1.6610000133514404,0.0,1.6610000133514404
2012-06-13,1.6799999475479126,1.6859999895095825,1.5959999561309814,1.5989999771118164,0.0,1.5989999771118164
2012-06-14,1.6109999418258667,1.6449999809265137,1.590999960899353,1.6109999418258667,0.0,1.6109999418258667
2012-06-15,1.5989999771118164,1.6059999465942383,1.5640000104904175,1.5870000123977661,0.0,1.5870000123977661
2012-06-18,1.5670000314712524,1.5989999771118164,1.559999942779541,1.5839999914169312,0.0,1.5839999914169312
2012-06-19,1.5820000171661377,1.6399999856948853,1.5770000219345093,1.6200000047683716,0.0,1.6200000047683716
2012-06-20,1.6449999809265137,1.6829999685287476,1.6009999513626099,1.6419999599456787,0.0,1.6419999599456787
2012-06-21,1.6349999904632568,1.6490000486373901,1.5959999561309814,1.6180000305175781,0.0,1.6180000305175781
2012-06-22,1.6430000066757202,1.6759999990463257,1.6399999856948853,1.6720000505447388,0.0,1.6720000505447388
2012-06-25,1.625,1.628000020980835,1.6039999723434448,1.6080000400543213,0.0,1.6080000400543213
2012-06-26,1.6130000352859497,1.6519999504089355,1.6109999418258667,1.628000020980835,0.0,1.628000020980835
2012-06-27,1.6330000162124634,1.649999976158142,1.6139999628067017,1.621000051498413,0.0,1.621000051498413
2012-06-28,1.5950000286102295,1.5989999771118164,1.5679999589920044,1.5770000219345093,0.0,1.5770000219345093
2012-06-29,1.6430000066757202,1.6759999990463257,1.6349999904632568,1.659000039100647,0.0,1.659000039100647
2012-07-02,1.6430000066757202,1.6430000066757202,1.555999994277954,1.5800000429153442,0.0,1.5800000429153442
2012-07-03,1.5880000591278076,1.6360000371932983,1.5870000123977661,1.63100004196167,0.0,1.63100004196167
2012-07-04,,,,,,
2012-07-05,1.6239999532699585,1.6239999532699585,1.5829999446868896,1.597000002861023,0.0,1.597000002861023
2012-07-06,1.5880000591278076,1.590000033378601,1.5369999408721924,1.5440000295639038,0.0,1.5440000295639038
2012-07-09,1.5240000486373901,1.5390000343322754,1.5069999694824219,1.5130000114440918,0.0,1.5130000114440918
2012-07-10,1.524999976158142,1.5269999504089355,1.4980000257492065,1.4980000257492065,0.0,1.4980000257492065
2012-07-11,1.5080000162124634,1.5149999856948853,1.4520000219345093,1.4980000257492065,0.0,1.4980000257492065
2012-07-12,1.4910000562667847,1.5010000467300415,1.4780000448226929,1.4789999723434448,0.0,1.4789999723434448
2012-07-13,1.4830000400543213,1.5160000324249268,1.4830000400543213,1.4989999532699585,0.0,1.4989999532699585
2012-07-16,1.4769999980926514,1.4769999980926514,1.4420000314712524,1.4639999866485596,0.0,1.4639999866485596
2012-07-17,1.4889999628067017,1.5080000162124634,1.468999981880188,1.5010000467300415,0.0,1.5010000467300415
2012-07-18,1.4809999465942383,1.4910000562667847,1.472000002861023,1.4789999723434448,0.0,1.4789999723434448
2012-07-19,1.5130000114440918,1.5230000019073486,1.4869999885559082,1.5149999856948853,0.0,1.5149999856948853
2012-07-20,1.4739999771118164,1.4769999980926514,1.4470000267028809,1.4600000381469727,0.0,1.4600000381469727
2012-07-23,1.4040000438690186,1.4429999589920044,1.4040000438690186,1.434999942779541,0.0,1.434999942779541
2012-07-24,1.440000057220459,1.465000033378601,1.3940000534057617,1.4040000438690186,0.0,1.4040000438690186
2012-07-25,1.4279999732971191,1.4329999685287476,1.3969999551773071,1.406000018119812,0.0,1.406000018119812
2012-07-26,1.4259999990463257,1.4450000524520874,1.4160000085830688,1.4279999732971191,0.0,1.4279999732971191
2012-07-27,1.4709999561309814,1.5889999866485596,1.4700000286102295,1.5549999475479126,0.0,1.5549999475479126
2012-07-30,1.5410000085830688,1.5449999570846558,1.503999948501587,1.503999948501587,0.0,1.503999948501587
2012-07-31,1.4780000448226929,1.5210000276565552,1.465999960899353,1.4919999837875366,0.0,1.4919999837875366
2012-08-01,1.4919999837875366,1.5390000343322754,1.4759999513626099,1.5390000343322754,0.0,1.5390000343322754
2012-08-02,1.5460000038146973,1.5750000476837158,1.4490000009536743,1.4780000448226929,0.0,1.4780000448226929
2012-08-03,1.5119999647140503,1.5920000076293945,1.5119999647140503,1.5770000219345093,0.0,1.5770000219345093
2012-08-06,1.5579999685287476,1.5579999685287476,1.5299999713897705,1.5579999685287476,0.0,1.5579999685287476
2012-08-07,1.5959999561309814,1.6419999599456787,1.5959999561309814,1.628000020980835,0.0,1.628000020980835
2012-08-08,1.621000051498413,1.656000018119812,1.6080000400543213,1.6399999856948853,0.0,1.6399999856948853
2012-08-09,1.6929999589920044,1.7289999723434448,1.6759999990463257,1.687999963760376,0.0,1.687999963760376
2012-08-10,1.6449999809265137,1.659000039100647,1.6299999952316284,1.6490000486373901,0.0,1.6490000486373901
2012-08-13,1.6610000133514404,1.6690000295639038,1.6299999952316284,1.6540000438690186,0.0,1.6540000438690186
2012-08-14,1.684999942779541,1.7309999465942383,1.680999994277954,1.7259999513626099,0.0,1.7259999513626099
2012-08-15,1.7769999504089355,1.812000036239624,1.75,1.8049999475479126,0.0,1.8049999475479126
2012-08-16,1.812000036239624,1.8609999418258667,1.7860000133514404,1.8359999656677246,0.0,1.8359999656677246
2012-08-17,1.8229999542236328,1.8259999752044678,1.7970000505447388,1.815999984741211,0.0,1.815999984741211
2012-08-20,1.8350000381469727,1.8370000123977661,1.7949999570846558,1.8140000104904175,0.0,1.8140000104904175
2012-08-21,1.8370000123977661,1.8630000352859497,1.8040000200271606,1.8049999475479126,0.0,1.8049999475479126
2012-08-22,1.7690000534057617,1.7690000534057617,1.7100000381469727,1.718999981880188,0.0,1.718999981880188
2012-08-23,1.7020000219345093,1.7089999914169312,1.659000039100647,1.6660000085830688,0.0,1.6660000085830688
2012-08-24,1.6490000486373901,1.6829999685287476,1.6319999694824219,1.6779999732971191,0.0,1.6779999732971191
2012-08-27,1.6779999732971191,1.6779999732971191,1.6440000534057617,1.6490000486373901,0.0,1.6490000486373901
2012-08-28,1.6349999904632568,1.6440000534057617,1.6150000095367432,1.6299999952316284,0.0,1.6299999952316284
2012-08-29,1.6399999856948853,1.6749999523162842,1.6369999647140503,1.6540000438690186,0.0,1.6540000438690186
2012-08-30,1.6419999599456787,1.6419999599456787,1.6100000143051147,1.6200000047683716,0.0,1.6200000047683716
2012-08-31,1.6440000534057617,1.6490000486373901,1.562000036239624,1.562000036239624,0.0,1.562000036239624
2012-09-03,,,,,,
2012-09-04,1.565000057220459,1.5889999866485596,1.5479999780654907,1.5809999704360962,0.0,1.5809999704360962
2012-09-05,1.5720000267028809,1.5980000495910645,1.569000005722046,1.593999981880188,0.0,1.593999981880188
2012-09-06,1.6440000534057617,1.6820000410079956,1.6339999437332153,1.6729999780654907,0.0,1.6729999780654907
2012-09-07,1.7259999513626099,1.7330000400543213,1.5889999866485596,1.6610000133514404,0.0,1.6610000133514404
2012-09-10,1.6799999475479126,1.690000057220459,1.659000039100647,1.6829999685287476,0.0,1.6829999685287476
2012-09-11,1.6759999990463257,1.7039999961853027,1.6699999570846558,1.6950000524520874,0.0,1.6950000524520874
2012-09-12,1.7330000400543213,1.7730000019073486,1.7319999933242798,1.7649999856948853,0.0,1.7649999856948853
2012-09-13,1.7350000143051147,1.8359999656677246,1.7139999866485596,1.75600004196167,0.0,1.75600004196167
2012-09-14,1.8259999752044678,1.8919999599456787,1.7960000038146973,1.8700000047683716,0.0,1.8700000047683716
2012-09-17,1.847000002861023,1.8639999628067017,1.8209999799728394,1.8380000591278076,0.0,1.8380000591278076
2012-09-18,1.7999999523162842,1.812000036239624,1.7799999713897705,1.812000036239624,0.0,1.812000036239624
2012-09-19,1.7910000085830688,1.8009999990463257,1.7649999856948853,1.781999945640564,0.0,1.781999945640564
2012-09-20,1.74399995803833,1.7860000133514404,1.7230000495910645,1.7769999504089355,0.0,1.7769999504089355
2012-09-21,1.781999945640564,1.7929999828338623,1.7510000467300415,1.7599999904632568,0.0,1.7599999904632568
2012-09-24,1.725000023841858,1.7319999933242798,1.7059999704360962,1.718000054359436,0.0,1.718000054359436
2012-09-25,1.6990000009536743,1.7339999675750732,1.6820000410079956,1.6820000410079956,0.0,1.6820000410079956
2012-09-26,1.6390000581741333,1.6469999551773071,1.6150000095367432,1.6180000305175781,0.0,1.6180000305175781
2012-09-27,1.6399999856948853,1.6579999923706055,1.621000051498413,1.6399999856948853,0.0,1.6399999856948853
2012-09-28,1.6180000305175781,1.6510000228881836,1.5989999771118164,1.6369999647140503,0.0,1.6369999647140503
2012-10-01,1.6200000047683716,1.6490000486373901,1.6130000352859497,1.625,0.0,1.625
2012-10-02,1.6469999551773071,1.6490000486373901,1.6109999418258667,1.6150000095367432,0.0,1.6150000095367432
2012-10-03,1.621000051498413,1.6399999856948853,1.6130000352859497,1.6230000257492065,0.0,1.6230000257492065
2012-10-04,1.6399999856948853,1.6649999618530273,1.628000020980835,1.6649999618530273,0.0,1.6649999618530273
2012-10-05,1.6799999475479126,1.7410000562667847,1.6779999732971191,1.7319999933242798,0.0,1.7319999933242798
2012-10-08,1.746000051498413,1.746000051498413,1.746000051498413,1.746000051498413,0.0,1.746000051498413
2012-10-09,1.7200000286102295,1.7289999723434448,1.6920000314712524,1.7200000286102295,0.0,1.7200000286102295
2012-10-10,1.746000051498413,1.75,1.6790000200271606,1.690999984741211,0.0,1.690999984741211
2012-10-11,1.6979999542236328,1.7319999933242798,1.6720000505447388,1.6749999523162842,0.0,1.6749999523162842
2012-10-12,1.6790000200271606,1.6790000200271606,1.6339999437332153,1.6629999876022339,0.0,1.6629999876022339
2012-10-15,1.6770000457763672,1.6890000104904175,1.6510000228881836,1.6629999876022339,0.0,1.6629999876022339
2012-10-16,1.6959999799728394,1.7259999513626099,1.6959999799728394,1.7200000286102295,0.0,1.7200000286102295
2012-10-17,1.7549999952316284,1.8109999895095825,1.7549999952316284,1.8109999895095825,0.0,1.8109999895095825
2012-10-18,1.809999942779541,1.8259999752044678,1.7829999923706055,1.8259999752044678,0.0,1.8259999752044678
2012-10-19,1.7990000247955322,1.819000005722046,1.7610000371932983,1.7680000066757202,0.0,1.7680000066757202
2012-10-22,1.8029999732971191,1.815000057220459,1.784000039100647,1.7979999780654907,0.0,1.7979999780654907
2012-10-23,1.774999976158142,1.774999976158142,1.75,1.7640000581741333,0.0,1.7640000581741333
2012-10-24,1.777999997138977,1.7920000553131104,1.7630000114440918,1.774999976158142,0.0,1.774999976158142
2012-10-25,1.8380000591278076,1.8519999980926514,1.7979999780654907,1.8279999494552612,0.0,1.8279999494552612
2012-10-26,1.781999945640564,1.7960000038146973,1.7489999532699585,1.75,0.0,1.75
2012-10-29,,,,,,
2012-10-30,,,,,,
2012-10-31,1.7330000400543213,1.7350000143051147,1.6859999895095825,1.6859999895095825,0.0,1.6859999895095825
2012-11-01,1.715000033378601,1.7380000352859497,1.7050000429153442,1.715000033378601,0.0,1.715000033378601
2012-11-02,1.718999981880188,1.7790000438690186,1.7170000076293945,1.7259999513626099,0.0,1.7259999513626099
2012-11-05,1.690999984741211,1.6950000524520874,1.6740000247955322,1.684000015258789,0.0,1.684000015258789
2012-11-06,1.7029999494552612,1.7489999532699585,1.690999984741211,1.7419999837875366,0.0,1.7419999837875366
2012-11-07,1.6410000324249268,1.6510000228881836,1.6180000305175781,1.6319999694824219,0.0,1.6319999694824219
2012-11-08,1.6759999990463257,1.6970000267028809,1.6169999837875366,1.6319999694824219,0.0,1.6319999694824219
2012-11-09,1.593000054359436,1.6419999599456787,1.5889999866485596,1.6130000352859497,0.0,1.6130000352859497
2012-11-12,1.6109999418258667,1.6109999418258667,1.6109999418258667,1.6109999418258667,0.0,1.6109999418258667
2012-11-13,1.6009999513626099,1.6080000400543213,1.5789999961853027,1.5889999866485596,0.0,1.5889999866485596
2012-11-14,1.6150000095367432,1.6299999952316284,1.5859999656677246,1.5889999866485596,0.0,1.5889999866485596
2012-11-15,1.6100000143051147,1.6130000352859497,1.5720000267028809,1.5889999866485596,0.0,1.5889999866485596
2012-11-16,1.5880000591278076,1.5989999771118164,1.555999994277954,1.5740000009536743,0.0,1.5740000009536743
2012-11-19,1.6109999418258667,1.6269999742507935,1.6059999465942383,1.6109999418258667,0.0,1.6109999418258667
2012-11-20,1.6230000257492065,1.6610000133514404,1.6180000305175781,1.656000018119812,0.0,1.656000018119812
2012-11-21,1.6759999990463257,1.6950000524520874,1.6710000038146973,1.687000036239624,0.0,1.687000036239624
2012-11-22,,,,,,
2012-11-23,1.6759999990463257,1.6950000524520874,1.6749999523162842,1.6929999589920044,0.0,1.6929999589920044
2012-11-26,1.6629999876022339,1.6660000085830688,1.6399999856948853,1.6640000343322754,0.0,1.6640000343322754
2012-11-27,1.659000039100647,1.6749999523162842,1.6390000581741333,1.6449999809265137,0.0,1.6449999809265137
2012-11-28,1.6150000095367432,1.628000020980835,1.6009999513626099,1.6169999837875366,0.0,1.6169999837875366
2012-11-29,1.6419999599456787,1.6440000534057617,1.6109999418258667,1.6200000047683716,0.0,1.6200000047683716
2012-11-30,1.6050000190734863,1.6230000257492065,1.5959999561309814,1.6059999465942383,0.0,1.6059999465942383
2012-12-03,1.6440000534057617,1.656000018119812,1.625,1.628000020980835,0.0,1.628000020980835
2012-12-04,1.6299999952316284,1.6299999952316284,1.5989999771118164,1.6080000400543213,0.0,1.6080000400543213
2012-12-05,1.5980000495910645,1.6030000448226929,1.5750000476837158,1.590999960899353,0.0,1.590999960899353
2012-12-06,1.5809999704360962,1.5820000171661377,1.5640000104904175,1.5809999704360962,0.0,1.5809999704360962
2012-12-07,1.5770000219345093,1.6330000162124634,1.5720000267028809,1.6269999742507935,0.0,1.6269999742507935
2012-12-10,1.6100000143051147,1.6269999742507935,1.5989999771118164,1.6160000562667847,0.0,1.6160000562667847
2012-12-11,1.6399999856948853,1.659000039100647,1.6399999856948853,1.6490000486373901,0.0,1.6490000486373901
2012-12-12,1.656000018119812,1.7039999961853027,1.6349999904632568,1.6970000267028809,0.0,1.6970000267028809
2012-12-13,1.7020000219345093,1.74399995803833,1.7020000219345093,1.7280000448226929,0.0,1.7280000448226929
2012-12-14,1.7280000448226929,1.7280000448226929,1.6950000524520874,1.7079999446868896,0.0,1.7079999446868896
2012-12-17,1.7059999704360962,1.7630000114440918,1.7059999704360962,1.7630000114440918,0.0,1.7630000114440918
2012-12-18,1.784000039100647,1.847000002861023,1.7719999551773071,1.8270000219345093,0.0,1.8270000219345093
2012-12-19,1.819000005722046,1.8240000009536743,1.774999976158142,1.7999999523162842,0.0,1.7999999523162842
2012-12-20,1.7910000085830688,1.8070000410079956,1.7699999809265137,1.7999999523162842,0.0,1.7999999523162842
2012-12-21,1.7599999904632568,1.7599999904632568,1.7369999885559082,1.753999948501587,0.0,1.753999948501587
2012-12-24,1.7669999599456787,1.7790000438690186,1.7669999599456787,1.7740000486373901,0.0,1.7740000486373901
2012-12-25,,,,,,
2012-12-26,1.7790000438690186,1.7790000438690186,1.746000051498413,1.7580000162124634,0.0,1.7580000162124634
2012-12-27,1.7649999856948853,1.7719999551773071,1.7020000219345093,1.715000033378601,0.0,1.715000033378601
2012-12-28,1.7059999704360962,1.7230000495910645,1.6990000009536743,1.7109999656677246,0.0,1.7109999656677246
2012-12-31,1.6959999799728394,1.7649999856948853,1.694000005722046,1.75600004196167,0.0,1.75600004196167
2013-01-01,,,,,,
2013-01-02,1.8420000076293945,1.8600000143051147,1.8250000476837158,1.8389999866485596,0.0,1.8389999866485596
2013-01-03,1.843999981880188,1.9110000133514404,1.8350000381469727,1.8990000486373901,0.0,1.8990000486373901
2013-01-04,1.9520000219345093,1.965000033378601,1.9110000133514404,1.9149999618530273,0.0,1.9149999618530273
2013-01-07,1.9040000438690186,1.9170000553131104,1.8919999599456787,1.902999997138977,0.0,1.902999997138977
2013-01-08,1.8940000534057617,1.8940000534057617,1.8639999628067017,1.871000051498413,0.0,1.871000051498413
2013-01-09,1.871000051498413,1.8760000467300415,1.8459999561309814,1.8519999980926514,0.0,1.8519999980926514
2013-01-10,1.8890000581741333,1.9079999923706055,1.875,1.8940000534057617,0.0,1.8940000534057617
2013-01-11,1.8910000324249268,1.9299999475479126,1.8680000305175781,1.875,0.0,1.875
2013-01-14,1.8359999656677246,1.8639999628067017,1.8339999914169312,1.8569999933242798,0.0,1.8569999933242798
2013-01-15,1.8220000267028809,1.8329999446868896,1.8109999895095825,1.8309999704360962,0.0,1.8309999704360962
2013-01-16,1.8359999656677246,1.8359999656677246,1.8029999732971191,1.8240000009536743,0.0,1.8240000009536743
2013-01-17,1.8380000591278076,1.8910000324249268,1.8380000591278076,1.875,0.0,1.875
2013-01-18,1.8660000562667847,1.8660000562667847,1.8350000381469727,1.843000054359436,0.0,1.843000054359436
2013-01-21,,,,,,
2013-01-22,1.8650000095367432,1.8739999532699585,1.8289999961853027,1.8350000381469727,0.0,1.8350000381469727
2013-01-23,1.8420000076293945,1.8420000076293945,1.812999963760376,1.8329999446868896,0.0,1.8329999446868896
2013-01-24,1.812000036239624,1.8700000047683716,1.812000036239624,1.843999981880188,0.0,1.843999981880188
2013-01-25,1.9170000553131104,1.9500000476837158,1.9040000438690186,1.9470000267028809,0.0,1.9470000267028809
2013-01-28,1.9579999446868896,2.00600004196167,1.9579999446868896,1.9739999771118164,0.0,1.9739999771118164
2013-01-29,1.9609999656677246,1.9989999532699585,1.9490000009536743,1.9880000352859497,0.0,1.9880000352859497
2013-01-30,2.009999990463257,2.0369999408721924,1.9739999771118164,2.00600004196167,0.0,2.00600004196167
2013-01-31,1.9739999771118164,2.00600004196167,1.9709999561309814,1.9850000143051147,0.0,1.9850000143051147
2013-02-01,2.009999990463257,2.0360000133514404,1.9259999990463257,2.009999990463257,0.0,2.009999990463257
2013-02-04,2.003000020980835,2.006999969482422,1.9509999752044678,1.9730000495910645,0.0,1.9730000495910645
2013-02-05,2.006999969482422,2.0199999809265137,2.0,2.0160000324249268,0.0,2.0160000324249268
2013-02-06,1.9780000448226929,1.996000051498413,1.9620000123977661,1.968000054359436,0.0,1.968000054359436
2013-02-07,1.9800000190734863,1.9800000190734863,1.937000036239624,1.9509999752044678,0.0,1.9509999752044678
2013-02-08,1.9390000104904175,1.9910000562667847,1.9359999895095825,1.9539999961853027,0.0,1.9539999961853027
2013-02-11,1.965999960899353,1.965999960899353,1.9450000524520874,1.9459999799728394,0.0,1.9459999799728394
2013-02-12,1.972000002861023,1.9859999418258667,1.9630000591278076,1.9819999933242798,0.0,1.9819999933242798
2013-02-13,2.010999917984009,2.0329999923706055,1.9989999532699585,2.0190000534057617,0.0,2.0190000534057617
2013-02-14,2.0350000858306885,2.053999900817871,1.9950000047683716,2.0,0.0,2.0
2013-02-15,2.0,2.0369999408721924,2.0,2.006999969482422,0.0,2.006999969482422
2013-02-18,,,,,,
2013-02-19,2.006999969482422,2.0280001163482666,1.9880000352859497,2.0260000228881836,0.0,2.0260000228881836
2013-02-20,2.0350000858306885,2.052000045776367,2.009000062942505,2.0209999084472656,0.0,2.0209999084472656
2013-02-21,1.9930000305175781,1.9930000305175781,1.9570000171661377,1.9759999513626099,0.0,1.9759999513626099
2013-02-22,1.9809999465942383,1.9880000352859497,1.9579999446868896,1.9670000076293945,0.0,1.9670000076293945
2013-02-25,1.9789999723434448,2.002000093460083,1.8739999532699585,1.8949999809265137,0.0,1.8949999809265137
2013-02-26,1.8639999628067017,1.8949999809265137,1.843000054359436,1.878999948501587,0.0,1.878999948501587
2013-02-27,1.8600000143051147,1.902999997138977,1.843000054359436,1.902999997138977,0.0,1.902999997138977
2013-02-28,1.8760000467300415,1.906999945640564,1.871999979019165,1.8880000114440918,0.0,1.8880000114440918
2013-03-01,1.850000023841858,1.86899995803833,1.840999960899353,1.8530000448226929,0.0,1.8530000448226929
2013-03-04,1.8389999866485596,1.878999948501587,1.8389999866485596,1.8769999742507935,0.0,1.8769999742507935
2013-03-05,1.8990000486373901,1.909999966621399,1.8860000371932983,1.8940000534057617,0.0,1.8940000534057617
2013-03-06,1.9320000410079956,1.944000005722046,1.9190000295639038,1.937999963760376,0.0,1.937999963760376
2013-03-07,1.9390000104904175,1.9950000047683716,1.9390000104904175,1.9910000562667847,0.0,1.9910000562667847
2013-03-08,2.01200008392334,2.0859999656677246,2.003000020980835,2.055999994277954,0.0,2.055999994277954
2013-03-11,2.0439999103546143,2.062999963760376,2.0420000553131104,2.055999994277954,0.0,2.055999994277954
2013-03-12,2.0380001068115234,2.0399999618530273,2.01200008392334,2.0230000019073486,0.0,2.0230000019073486
2013-03-13,2.006999969482422,2.052000045776367,2.005000114440918,2.0209999084472656,0.0,2.0209999084472656
2013-03-14,2.053999900817871,2.068000078201294,2.0190000534057617,2.0329999923706055,0.0,2.0329999923706055
2013-03-15,2.0350000858306885,2.0420000553131104,1.9910000562667847,1.996000051498413,0.0,1.996000051498413
2013-03-18,1.9930000305175781,1.9930000305175781,1.940999984741211,1.9559999704360962,0.0,1.9559999704360962
2013-03-19,1.944000005722046,1.9479999542236328,1.8919999599456787,1.9079999923706055,0.0,1.9079999923706055
2013-03-20,1.940999984741211,1.9529999494552612,1.9290000200271606,1.937000036239624,0.0,1.937000036239624
2013-03-21,1.9490000009536743,1.9579999446868896,1.9220000505447388,1.9320000410079956,0.0,1.9320000410079956
2013-03-22,1.9129999876022339,1.944000005722046,1.9110000133514404,1.9149999618530273,0.0,1.9149999618530273
2013-03-25,1.9670000076293945,1.972000002861023,1.8949999809265137,1.9149999618530273,0.0,1.9149999618530273
2013-03-26,1.9299999475479126,1.944000005722046,1.9010000228881836,1.906000018119812,0.0,1.906000018119812
2013-03-27,1.8569999933242798,1.86899995803833,1.8329999446868896,1.8509999513626099,0.0,1.8509999513626099
2013-03-28,1.8639999628067017,1.8680000305175781,1.843000054359436,1.8519999980926514,0.0,1.8519999980926514
2013-03-29,,,,,,
2013-04-01,1.8849999904632568,1.8880000114440918,1.8309999704360962,1.840000033378601,0.0,1.840000033378601
2013-04-02,1.8350000381469727,1.8680000305175781,1.8350000381469727,1.8609999418258667,0.0,1.8609999418258667
2013-04-03,1.8569999933242798,1.8569999933242798,1.7970000505447388,1.812000036239624,0.0,1.812000036239624
2013-04-04,1.7949999570846558,1.7949999570846558,1.7569999694824219,1.7589999437332153,0.0,1.7589999437332153
2013-04-05,1.75,1.7569999694824219,1.6770000457763672,1.694000005722046,0.0,1.694000005722046
2013-04-08,1.7230000495910645,1.7319999933242798,1.7079999446868896,1.7319999933242798,0.0,1.7319999933242798
2013-04-09,1.75,1.7519999742507935,1.7230000495910645,1.746999979019165,0.0,1.746999979019165
2013-04-10,1.7669999599456787,1.8049999475479126,1.7660000324249268,1.8049999475479126,0.0,1.8049999475479126
2013-04-11,1.7979999780654907,1.8049999475479126,1.781000018119812,1.7910000085830688,0.0,1.7910000085830688
2013-04-12,1.7569999694824219,1.7599999904632568,1.718999981880188,1.7209999561309814,0.0,1.7209999561309814
2013-04-15,1.7089999914169312,1.7280000448226929,1.6979999542236328,1.7020000219345093,0.0,1.7020000219345093
2013-04-16,1.7280000448226929,1.7339999675750732,1.7089999914169312,1.718999981880188,0.0,1.718999981880188
2013-04-17,1.7070000171661377,1.722000002861023,1.6729999780654907,1.7039999961853027,0.0,1.7039999961853027
2013-04-18,1.7120000123977661,1.7120000123977661,1.6790000200271606,1.684999942779541,0.0,1.684999942779541
2013-04-19,1.7000000476837158,1.7120000123977661,1.690999984741211,1.7029999494552612,0.0,1.7029999494552612
2013-04-22,1.715000033378601,1.715000033378601,1.680999994277954,1.6979999542236328,0.0,1.6979999542236328
2013-04-23,1.6740000247955322,1.7079999446868896,1.6430000066757202,1.6979999542236328,0.0,1.6979999542236328
2013-04-24,1.7120000123977661,1.7130000591278076,1.6929999589920044,1.6979999542236328,0.0,1.6979999542236328
2013-04-25,1.7100000381469727,1.7269999980926514,1.7100000381469727,1.7109999656677246,0.0,1.7109999656677246
2013-04-26,1.6890000104904175,1.6890000104904175,1.6619999408721924,1.6629999876022339,0.0,1.6629999876022339
2013-04-29,1.6629999876022339,1.6679999828338623,1.6510000228881836,1.6679999828338623,0.0,1.6679999828338623
2013-04-30,1.6510000228881836,1.6790000200271606,1.6380000114440918,1.6749999523162842,0.0,1.6749999523162842
2013-05-01,1.6579999923706055,1.6579999923706055,1.6139999628067017,1.6390000581741333,0.0,1.6390000581741333
2013-05-02,1.6430000066757202,1.6649999618530273,1.6239999532699585,1.63100004196167,0.0,1.63100004196167
2013-05-03,1.6269999742507935,1.7519999742507935,1.6269999742507935,1.7519999742507935,0.0,1.7519999742507935
2013-05-06,1.746999979019165,1.7760000228881836,1.7380000352859497,1.7710000276565552,0.0,1.7710000276565552
2013-05-07,1.7760000228881836,1.7899999618530273,1.7730000019073486,1.7829999923706055,0.0,1.7829999923706055
2013-05-08,1.7899999618530273,1.7920000553131104,1.75,1.7599999904632568,0.0,1.7599999904632568
2013-05-09,1.781999945640564,1.8170000314712524,1.7760000228881836,1.812999963760376,0.0,1.812999963760376
2013-05-10,1.8480000495910645,1.9279999732971191,1.8380000591278076,1.899999976158142,0.0,1.899999976158142
2013-05-13,1.9119999408721924,1.9420000314712524,1.9119999408721924,1.9229999780654907,0.0,1.9229999780654907
2013-05-14,1.906999945640564,1.9639999866485596,1.8949999809265137,1.9520000219345093,0.0,1.9520000219345093
2013-05-15,1.9559999704360962,1.975000023841858,1.9210000038146973,1.9429999589920044,0.0,1.9429999589920044
2013-05-16,1.9490000009536743,1.9579999446868896,1.8580000400543213,1.8650000095367432,0.0,1.8650000095367432
2013-05-17,1.88100004196167,1.9559999704360962,1.88100004196167,1.9490000009536743,0.0,1.9490000009536743
2013-05-20,1.934999942779541,1.975000023841858,1.9190000295639038,1.965000033378601,0.0,1.965000033378601
2013-05-21,1.9609999656677246,1.9980000257492065,1.9249999523162842,1.944000005722046,0.0,1.944000005722046
2013-05-22,1.9279999732971191,2.0420000553131104,1.8880000114440918,2.0260000228881836,0.0,2.0260000228881836
2013-05-23,2.01200008392334,2.0510001182556152,1.9819999933242798,2.0230000019073486,0.0,2.0230000019073486
2013-05-24,2.010999917984009,2.0299999713897705,1.9809999465942383,2.010999917984009,0.0,2.010999917984009
2013-05-27,,,,,,
2013-05-28,2.0420000553131104,2.13700008392334,2.0409998893737793,2.134999990463257,0.0,2.134999990463257
2013-05-29,2.1470000743865967,2.1670000553131104,2.121000051498413,2.124000072479248,0.0,2.124000072479248
2013-05-30,2.1470000743865967,2.1579999923706055,2.0940001010894775,2.124000072479248,0.0,2.124000072479248
2013-05-31,2.0920000076293945,2.2109999656677246,2.0840001106262207,2.1640000343322754,0.0,2.1640000343322754
2013-06-03,2.1679999828338623,2.1689999103546143,2.0859999656677246,2.134000062942505,0.0,2.134000062942505
2013-06-04,2.134999990463257,2.1640000343322754,2.11899995803833,2.13700008392334,0.0,2.13700008392334
2013-06-05,2.1070001125335693,2.128000020980835,2.0840001106262207,2.0999999046325684,0.0,2.0999999046325684
2013-06-06,2.0820000171661377,2.127000093460083,1.9989999532699585,2.075000047683716,0.0,2.075000047683716
2013-06-07,2.0929999351501465,2.1700000762939453,2.046999931335449,2.1610000133514404,0.0,2.1610000133514404
2013-06-10,2.186000108718872,2.2309999465942383,2.174999952316284,2.2149999141693115,0.0,2.2149999141693115
2013-06-11,2.2690000534057617,2.2690000534057617,2.1740000247955322,2.194999933242798,0.0,2.194999933242798
2013-06-12,2.190000057220459,2.2300000190734863,2.1670000553131104,2.2300000190734863,0.0,2.2300000190734863
2013-06-13,2.2300000190734863,2.2300000190734863,2.1649999618530273,2.1740000247955322,0.0,2.1740000247955322
2013-06-14,2.121999979019165,2.1470000743865967,2.0989999771118164,2.125999927520752,0.0,2.125999927520752
2013-06-17,2.117000102996826,2.174999952316284,2.115000009536743,2.1710000038146973,0.0,2.1710000038146973
2013-06-18,2.197999954223633,2.2179999351501465,2.1710000038146973,2.181999921798706,0.0,2.181999921798706
2013-06-19,2.174999952316284,2.3289999961853027,2.1670000553131104,2.311000108718872,0.0,2.311000108718872
2013-06-20,2.4170000553131104,2.447000026702881,2.361999988555908,2.4189999103546143,0.0,2.4189999103546143
2013-06-21,2.3919999599456787,2.5139999389648438,2.384999990463257,2.5139999389648438,0.0,2.5139999389648438
2013-06-24,2.6530001163482666,2.6570000648498535,2.5179998874664307,2.5480000972747803,0.0,2.5480000972747803
2013-06-25,2.5,2.6080000400543213,2.5,2.5889999866485596,0.0,2.5889999866485596
2013-06-26,2.566999912261963,2.5820000171661377,2.506999969482422,2.5390000343322754,0.0,2.5390000343322754
2013-06-27,2.497999906539917,2.5220000743865967,2.4660000801086426,2.4830000400543213,0.0,2.4830000400543213
2013-06-28,2.496999979019165,2.5510001182556152,2.4779999256134033,2.4779999256134033,0.0,2.4779999256134033
2013-07-01,2.5209999084472656,2.5329999923706055,2.4730000495910645,2.490000009536743,0.0,2.490000009536743
2013-07-02,2.4769999980926514,2.494999885559082,2.4600000381469727,2.4690001010894775,0.0,2.4690001010894775
2013-07-03,2.4790000915527344,2.500999927520752,2.4509999752044678,2.500999927520752,0.0,2.500999927520752
2013-07-04,,,,,,
2013-07-05,2.569000005722046,2.7249999046325684,2.5510001182556152,2.7149999141693115,0.0,2.7149999141693115
2013-07-08,2.7230000495910645,2.7230000495910645,2.6429998874664307,2.6449999809265137,0.0,2.6449999809265137
2013-07-09,2.635999917984009,2.6510000228881836,2.617000102996826,2.630000114440918,0.0,2.630000114440918
2013-07-10,2.625,2.690999984741211,2.622999906539917,2.680000066757202,0.0,2.680000066757202
2013-07-11,2.5869998931884766,2.614000082015991,2.565999984741211,2.5739998817443848,0.0,2.5739998817443848
2013-07-12,2.5409998893737793,2.6050000190734863,2.5199999809265137,2.6010000705718994,0.0,2.6010000705718994
2013-07-15,2.634999990463257,2.63700008392334,2.5429999828338623,2.555999994277954,0.0,2.555999994277954
2013-07-16,2.5209999084472656,2.549999952316284,2.5209999084472656,2.5320000648498535,0.0,2.5320000648498535
2013-07-17,2.5429999828338623,2.553999900817871,2.4609999656677246,2.490999937057495,0.0,2.490999937057495
2013-07-18,2.4820001125335693,2.5420000553131104,2.4800000190734863,2.5339999198913574,0.0,2.5339999198913574
2013-07-19,2.5350000858306885,2.5350000858306885,2.4839999675750732,2.490999937057495,0.0,2.490999937057495
2013-07-22,2.4749999046325684,2.49399995803833,2.4649999141693115,2.48799991607666,0.0,2.48799991607666
2013-07-23,2.5220000743865967,2.5329999923706055,2.496000051498413,2.5160000324249268,0.0,2.5160000324249268
2013-07-24,2.555999994277954,2.625999927520752,2.553999900817871,2.5880000591278076,0.0,2.5880000591278076
2013-07-25,2.5999999046325684,2.634000062942505,2.5880000591278076,2.6070001125335693,0.0,2.6070001125335693
2013-07-26,2.5810000896453857,2.5810000896453857,2.5450000762939453,2.561000108718872,0.0,2.561000108718872
2013-07-29,2.562999963760376,2.6040000915527344,2.562999963760376,2.5850000381469727,0.0,2.5850000381469727
2013-07-30,2.5910000801086426,2.6080000400543213,2.572000026702881,2.6029999256134033,0.0,2.6029999256134033
2013-07-31,2.6559998989105225,2.7019999027252197,2.5899999141693115,2.5929999351501465,0.0,2.5929999351501465
2013-08-01,2.6010000705718994,2.7230000495910645,2.5989999771118164,2.7230000495910645,0.0,2.7230000495910645
2013-08-02,2.736999988555908,2.736999988555908,2.5980000495910645,2.6019999980926514,0.0,2.6019999980926514
2013-08-05,2.617000102996826,2.6610000133514404,2.617000102996826,2.640000104904175,0.0,2.640000104904175
2013-08-06,2.634999990463257,2.6649999618530273,2.632999897003174,2.6419999599456787,0.0,2.6419999599456787
2013-08-07,2.6419999599456787,2.6419999599456787,2.5869998931884766,2.5999999046325684,0.0,2.5999999046325684
2013-08-08,2.5989999771118164,2.611999988555908,2.575000047683716,2.5869998931884766,0.0,2.5869998931884766
2013-08-09,2.5869998931884766,2.6110000610351562,2.5769999027252197,2.5799999237060547,0.0,2.5799999237060547
2013-08-12,2.5910000801086426,2.6070001125335693,2.552000045776367,2.6050000190734863,0.0,2.6050000190734863
2013-08-13,2.6670000553131104,2.7279999256134033,2.6670000553131104,2.7149999141693115,0.0,2.7149999141693115
2013-08-14,2.7190001010894775,2.7209999561309814,2.697000026702881,2.7119998931884766,0.0,2.7119998931884766
2013-08-15,2.755000114440918,2.821000099182129,2.734999895095825,2.755000114440918,0.0,2.755000114440918
2013-08-16,2.7990000247955322,2.864000082015991,2.7669999599456787,2.8289999961853027,0.0,2.8289999961853027
2013-08-19,2.8459999561309814,2.8989999294281006,2.8359999656677246,2.884000062942505,0.0,2.884000062942505
2013-08-20,2.811000108718872,2.8380000591278076,2.811000108718872,2.813999891281128,0.0,2.813999891281128
2013-08-21,2.818000078201294,2.884000062942505,2.811000108718872,2.8550000190734863,0.0,2.8550000190734863
2013-08-22,2.9159998893737793,2.9200000762939453,2.872999906539917,2.9010000228881836,0.0,2.9010000228881836
2013-08-23,2.9100000858306885,2.9159998893737793,2.803999900817871,2.818000078201294,0.0,2.818000078201294
2013-08-26,2.8239998817443848,2.8289999961853027,2.7839999198913574,2.805000066757202,0.0,2.805000066757202
2013-08-27,2.763000011444092,2.765000104904175,2.7070000171661377,2.7209999561309814,0.0,2.7209999561309814
2013-08-28,2.750999927520752,2.7950000762939453,2.744999885559082,2.7820000648498535,0.0,2.7820000648498535
2013-08-29,2.7980000972747803,2.8299999237060547,2.743000030517578,2.750999927520752,0.0,2.750999927520752
2013-08-30,2.7690000534057617,2.7839999198913574,2.74399995803833,2.749000072479248,0.0,2.749000072479248
2013-09-02,,,,,,
2013-09-03,2.8369998931884766,2.9110000133514404,2.8320000171661377,2.8480000495910645,0.0,2.8480000495910645
2013-09-04,2.874000072479248,2.9079999923706055,2.8489999771118164,2.8970000743865967,0.0,2.8970000743865967
2013-09-05,2.8980000019073486,2.9839999675750732,2.8980000019073486,2.9790000915527344,0.0,2.9790000915527344
2013-09-06,2.9570000171661377,2.9719998836517334,2.864000082015991,2.937999963760376,0.0,2.937999963760376
2013-09-09,2.9049999713897705,2.9119999408721924,2.875,2.8970000743865967,0.0,2.8970000743865967
2013-09-10,2.9489998817443848,2.9660000801086426,2.924999952316284,2.9590001106262207,0.0,2.9590001106262207
2013-09-11,2.940000057220459,2.9679999351501465,2.9079999923706055,2.9200000762939453,0.0,2.9200000762939453
2013-09-12,2.8940000534057617,2.9119999408721924,2.861999988555908,2.9070000648498535,0.0,2.9070000648498535
2013-09-13,2.9200000762939453,2.9200000762939453,2.878999948501587,2.8980000019073486,0.0,2.8980000019073486
2013-09-16,2.809000015258789,2.875,2.7769999504089355,2.874000072479248,0.0,2.874000072479248
2013-09-17,2.8489999771118164,2.874000072479248,2.8310000896453857,2.8529999256134033,0.0,2.8529999256134033
2013-09-18,2.8550000190734863,2.8980000019073486,2.7019999027252197,2.7079999446868896,0.0,2.7079999446868896
2013-09-19,2.697000026702881,2.752000093460083,2.693000078201294,2.747999906539917,0.0,2.747999906539917
2013-09-20,2.7739999294281006,2.7739999294281006,2.7170000076293945,2.7320001125335693,0.0,2.7320001125335693
2013-09-23,2.739000082015991,2.739000082015991,2.6989998817443848,2.7139999866485596,0.0,2.7139999866485596
2013-09-24,2.691999912261963,2.694999933242798,2.6440000534057617,2.6530001163482666,0.0,2.6530001163482666
2013-09-25,2.6570000648498535,2.6659998893737793,2.614000082015991,2.614000082015991,0.0,2.614000082015991
2013-09-26,2.63700008392334,2.6589999198913574,2.634000062942505,2.6429998874664307,0.0,2.6429998874664307
2013-09-27,2.634000062942505,2.6410000324249268,2.6040000915527344,2.61899995803833,0.0,2.61899995803833
2013-09-30,2.6059999465942383,2.6440000534057617,2.5989999771118164,2.615000009536743,0.0,2.615000009536743
2013-10-01,2.6459999084472656,2.6500000953674316,2.621000051498413,2.6459999084472656,0.0,2.6459999084472656
2013-10-02,2.614000082015991,2.628000020980835,2.5940001010894775,2.625999927520752,0.0,2.625999927520752
2013-10-03,2.634999990463257,2.6389999389648438,2.5810000896453857,2.6059999465942383,0.0,2.6059999465942383
2013-10-04,2.622999906539917,2.6579999923706055,2.61899995803833,2.6519999504089355,0.0,2.6519999504089355
2013-10-07,2.621000051498413,2.634000062942505,2.6070001125335693,2.634000062942505,0.0,2.634000062942505
2013-10-08,2.6540000438690186,2.6589999198913574,2.615999937057495,2.635999917984009,0.0,2.635999917984009
2013-10-09,2.638000011444092,2.6740000247955322,2.635999917984009,2.6500000953674316,0.0,2.6500000953674316
2013-10-10,2.703000068664551,2.7219998836517334,2.684999942779541,2.684999942779541,0.0,2.684999942779541
2013-10-11,2.683000087738037,2.683000087738037,2.6449999809265137,2.681999921798706,0.0,2.681999921798706
2013-10-14,2.690999984741211,2.690999984741211,2.690999984741211,2.690999984741211,0.0,2.690999984741211
2013-10-15,2.7170000076293945,2.7330000400543213,2.693000078201294,2.7200000286102295,0.0,2.7200000286102295
2013-10-16,2.736999988555908,2.756999969482422,2.6670000553131104,2.6710000038146973,0.0,2.6710000038146973
2013-10-17,2.627000093460083,2.63100004196167,2.5810000896453857,2.5869998931884766,0.0,2.5869998931884766
2013-10-18,2.5739998817443848,2.5959999561309814,2.565000057220459,2.5889999866485596,0.0,2.5889999866485596
2013-10-21,2.6010000705718994,2.619999885559082,2.5889999866485596,2.6089999675750732,0.0,2.6089999675750732
2013-10-22,2.5829999446868896,2.5869998931884766,2.51200008392334,2.51200008392334,0.0,2.51200008392334
2013-10-23,2.493000030517578,2.509000062942505,2.4709999561309814,2.484999895095825,0.0,2.484999895095825
2013-10-24,2.484999895095825,2.5220000743865967,2.4739999771118164,2.5220000743865967,0.0,2.5220000743865967
2013-10-25,2.5179998874664307,2.5199999809265137,2.496000051498413,2.503000020980835,0.0,2.503000020980835
2013-10-28,2.51200008392334,2.5220000743865967,2.5,2.51200008392334,0.0,2.51200008392334
2013-10-29,2.5179998874664307,2.5360000133514404,2.505000114440918,2.506999969482422,0.0,2.506999969482422
2013-10-30,2.490999937057495,2.5490000247955322,2.4730000495910645,2.5269999504089355,0.0,2.5269999504089355
2013-10-31,2.5179998874664307,2.571000099182129,2.502000093460083,2.5420000553131104,0.0,2.5420000553131104
2013-11-01,2.5889999866485596,2.628999948501587,2.572000026702881,2.619999885559082,0.0,2.619999885559082
2013-11-04,2.6070001125335693,2.6070001125335693,2.5889999866485596,2.6019999980926514,0.0,2.6019999980926514
2013-11-05,2.618000030517578,2.677000045776367,2.618000030517578,2.6619999408721924,0.0,2.6619999408721924
2013-11-06,2.6600000858306885,2.6600000858306885,2.63100004196167,2.640000104904175,0.0,2.640000104904175
2013-11-07,2.615999937057495,2.6459999084472656,2.5959999561309814,2.61299991607666,0.0,2.61299991607666
2013-11-08,2.618000030517578,2.763000011444092,2.618000030517578,2.746000051498413,0.0,2.746000051498413
2013-11-11,2.750999927520752,2.750999927520752,2.750999927520752,2.750999927520752,0.0,2.750999927520752
2013-11-12,2.763000011444092,2.7809998989105225,2.753000020980835,2.7679998874664307,0.0,2.7679998874664307
2013-11-13,2.742000102996826,2.742000102996826,2.7200000286102295,2.7249999046325684,0.0,2.7249999046325684
2013-11-14,2.7230000495910645,2.739000082015991,2.686000108718872,2.7019999027252197,0.0,2.7019999027252197
2013-11-15,2.7279999256134033,2.7320001125335693,2.693000078201294,2.7090001106262207,0.0,2.7090001106262207
2013-11-18,2.703000068664551,2.7049999237060547,2.6689999103546143,2.677999973297119,0.0,2.677999973297119
2013-11-19,2.687000036239624,2.7160000801086426,2.680000066757202,2.7119998931884766,0.0,2.7119998931884766
2013-11-20,2.7230000495910645,2.7950000762939453,2.687000036239624,2.7920000553131104,0.0,2.7920000553131104
2013-11-21,2.7990000247955322,2.8389999866485596,2.7769999504089355,2.7839999198913574,0.0,2.7839999198913574
2013-11-22,2.7750000953674316,2.7820000648498535,2.746000051498413,2.752000093460083,0.0,2.752000093460083
2013-11-25,2.755000114440918,2.7660000324249268,2.7279999256134033,2.740999937057495,0.0,2.740999937057495
2013-11-26,2.7119998931884766,2.7339999675750732,2.694000005722046,2.696000099182129,0.0,2.696000099182129
2013-11-27,2.7209999561309814,2.7699999809265137,2.7100000381469727,2.7360000610351562,0.0,2.7360000610351562
2013-11-28,,,,,,
2013-11-29,2.746000051498413,2.7679998874664307,2.7360000610351562,2.740999937057495,0.0,2.740999937057495
2013-12-02,2.7809998989105225,2.809999942779541,2.7679998874664307,2.8010001182556152,0.0,2.8010001182556152
2013-12-03,2.7769999504089355,2.7839999198913574,2.759000062942505,2.7750000953674316,0.0,2.7750000953674316
2013-12-04,2.828000068664551,2.8519999980926514,2.8239998817443848,2.8410000801086426,0.0,2.8410000801086426
2013-12-05,2.8410000801086426,2.872999906539917,2.8410000801086426,2.861999988555908,0.0,2.861999988555908
2013-12-06,2.868000030517578,2.931999921798706,2.8410000801086426,2.882999897003174,0.0,2.882999897003174
2013-12-09,2.8459999561309814,2.8570001125335693,2.8350000381469727,2.8570001125335693,0.0,2.8570001125335693
2013-12-10,2.819000005722046,2.822000026702881,2.7920000553131104,2.796999931335449,0.0,2.796999931335449
2013-12-11,2.816999912261963,2.8459999561309814,2.805999994277954,2.8440001010894775,0.0,2.8440001010894775
2013-12-12,2.8589999675750732,2.888000011444092,2.8529999256134033,2.877000093460083,0.0,2.877000093460083
2013-12-13,2.869999885559082,2.878999948501587,2.8540000915527344,2.868000030517578,0.0,2.868000030517578
2013-12-16,2.8480000495910645,2.88700008392334,2.8389999866485596,2.877000093460083,0.0,2.877000093460083
2013-12-17,2.875999927520752,2.88700008392334,2.8389999866485596,2.8429999351501465,0.0,2.8429999351501465
2013-12-18,2.8610000610351562,2.928999900817871,2.8239998817443848,2.884999990463257,0.0,2.884999990463257
2013-12-19,2.882999897003174,2.9509999752044678,2.882999897003174,2.924999952316284,0.0,2.924999952316284
2013-12-20,2.946000099182129,2.9660000801086426,2.880000114440918,2.88700008392334,0.0,2.88700008392334
2013-12-23,2.9159998893737793,2.933000087738037,2.8959999084472656,2.928999900817871,0.0,2.928999900817871
2013-12-24,2.941999912261963,2.984999895095825,2.941999912261963,2.9830000400543213,0.0,2.9830000400543213
2013-12-25,,,,,,
2013-12-26,2.9809999465942383,3.0,2.9809999465942383,2.990000009536743,0.0,2.990000009536743
2013-12-27,3.0190000534057617,3.0190000534057617,2.9809999465942383,3.00600004196167,0.0,3.00600004196167
2013-12-30,2.990999937057495,2.990999937057495,2.9670000076293945,2.9760000705718994,0.0,2.9760000705718994
2013-12-31,2.984999895095825,3.0360000133514404,2.9830000400543213,3.0260000228881836,0.0,3.0260000228881836
2014-01-01,,,,,,
2014-01-02,3.0280001163482666,3.0339999198913574,2.9779999256134033,2.984999895095825,0.0,2.984999895095825
2014-01-03,2.997999906539917,3.01200008392334,2.9709999561309814,2.994999885559082,0.0,2.994999885559082
2014-01-06,2.9760000705718994,2.9839999675750732,2.946000099182129,2.9609999656677246,0.0,2.9609999656677246
2014-01-07,2.9560000896453857,2.9649999141693115,2.937000036239624,2.937000036239624,0.0,2.937000036239624
2014-01-08,2.9839999675750732,3.009999990463257,2.9760000705718994,2.993000030517578,0.0,2.993000030517578
2014-01-09,2.9860000610351562,3.000999927520752,2.9630000591278076,2.9630000591278076,0.0,2.9630000591278076
2014-01-10,2.9560000896453857,2.9690001010894775,2.8580000400543213,2.859999895095825,0.0,2.859999895095825
2014-01-13,2.8540000915527344,2.865000009536743,2.819000005722046,2.8269999027252197,0.0,2.8269999027252197
2014-01-14,2.8469998836517334,2.875,2.8399999141693115,2.86899995803833,0.0,2.86899995803833
2014-01-15,2.864000082015991,2.9119999408721924,2.859999895095825,2.884000062942505,0.0,2.884000062942505
2014-01-16,2.880000114440918,2.880000114440918,2.8380000591278076,2.8429999351501465,0.0,2.8429999351501465
2014-01-17,2.8340001106262207,2.859999895095825,2.8269999027252197,2.8269999027252197,0.0,2.8269999027252197
2014-01-20,,,,,,
2014-01-21,2.8429999351501465,2.8450000286102295,2.819000005722046,2.825000047683716,0.0,2.825000047683716
2014-01-22,2.8489999771118164,2.859999895095825,2.8359999656677246,2.859999895095825,0.0,2.859999895095825
2014-01-23,2.8380000591278076,2.8380000591278076,2.759000062942505,2.7730000019073486,0.0,2.7730000019073486
2014-01-24,2.736999988555908,2.760999917984009,2.7170000076293945,2.734999895095825,0.0,2.734999895095825
2014-01-27,2.75,2.7660000324249268,2.7219998836517334,2.7660000324249268,0.0,2.7660000324249268
2014-01-28,2.7790000438690186,2.7809998989105225,2.739000082015991,2.746000051498413,0.0,2.746000051498413
2014-01-29,2.755000114440918,2.760999917984009,2.6730000972747803,2.674999952316284,0.0,2.674999952316284
2014-01-30,2.6989998817443848,2.7260000705718994,2.690999984741211,2.693000078201294,0.0,2.693000078201294
2014-01-31,2.6480000019073486,2.674999952316284,2.6459999084472656,2.6679999828338623,0.0,2.6679999828338623
2014-02-03,2.677000045776367,2.677000045776367,2.5789999961853027,2.5810000896453857,0.0,2.5810000896453857
2014-02-04,2.6110000610351562,2.634999990463257,2.6080000400543213,2.624000072479248,0.0,2.624000072479248
2014-02-05,2.6080000400543213,2.6730000972747803,2.5989999771118164,2.6670000553131104,0.0,2.6670000553131104
2014-02-06,2.677000045776367,2.7090001106262207,2.6710000038146973,2.7019999027252197,0.0,2.7019999027252197
2014-02-07,2.7219998836517334,2.7260000705718994,2.632999897003174,2.674999952316284,0.0,2.674999952316284
2014-02-10,2.6730000972747803,2.694999933242798,2.6670000553131104,2.677999973297119,0.0,2.677999973297119
2014-02-11,2.687000036239624,2.7330000400543213,2.681999921798706,2.7190001010894775,0.0,2.7190001010894775
2014-02-12,2.742000102996826,2.7769999504089355,2.736999988555908,2.763000011444092,0.0,2.763000011444092
2014-02-13,2.760999917984009,2.760999917984009,2.7269999980926514,2.7360000610351562,0.0,2.7360000610351562
2014-02-14,2.7300000190734863,2.755000114440918,2.7300000190734863,2.746000051498413,0.0,2.746000051498413
2014-02-17,,,,,,
2014-02-18,2.7300000190734863,2.739000082015991,2.696000099182129,2.7109999656677246,0.0,2.7109999656677246
2014-02-19,2.681999921798706,2.739000082015991,2.674999952316284,2.7339999675750732,0.0,2.7339999675750732
2014-02-20,2.7360000610351562,2.7730000019073486,2.7249999046325684,2.753999948501587,0.0,2.753999948501587
2014-02-21,2.7660000324249268,2.7809998989105225,2.7320001125335693,2.7339999675750732,0.0,2.7339999675750732
2014-02-24,2.740999937057495,2.763000011444092,2.7300000190734863,2.75,0.0,2.75
2014-02-25,2.746000051498413,2.746000051498413,2.700000047683716,2.7009999752044678,0.0,2.7009999752044678
2014-02-26,2.7100000381469727,2.7170000076293945,2.6640000343322754,2.6730000972747803,0.0,2.6730000972747803
2014-02-27,2.6480000019073486,2.6600000858306885,2.6389999389648438,2.6419999599456787,0.0,2.6419999599456787
2014-02-28,2.640000104904175,2.697999954223633,2.640000104904175,2.6579999923706055,0.0,2.6579999923706055
2014-03-03,2.611999988555908,2.634999990463257,2.5959999561309814,2.6070001125335693,0.0,2.6070001125335693
2014-03-04,2.6470000743865967,2.691999912261963,2.640000104904175,2.690999984741211,0.0,2.690999984741211
2014-03-05,2.700000047683716,2.7190001010894775,2.680000066757202,2.697999954223633,0.0,2.697999954223633
2014-03-06,2.7209999561309814,2.747999906539917,2.7170000076293945,2.736999988555908,0.0,2.736999988555908
2014-03-07,2.7249999046325684,2.821000099182129,2.7209999561309814,2.7899999618530273,0.0,2.7899999618530273
2014-03-10,2.802000045776367,2.802000045776367,2.7750000953674316,2.7839999198913574,0.0,2.7839999198913574
2014-03-11,2.7860000133514404,2.7990000247955322,2.763000011444092,2.7660000324249268,0.0,2.7660000324249268
2014-03-12,2.752000093460083,2.752000093460083,2.7139999866485596,2.7260000705718994,0.0,2.7260000705718994
2014-03-13,2.7320001125335693,2.755000114440918,2.6510000228881836,2.6530001163482666,0.0,2.6530001163482666
2014-03-14,2.625999927520752,2.6670000553131104,2.609999895095825,2.6449999809265137,0.0,2.6449999809265137
2014-03-17,2.671999931335449,2.6989998817443848,2.6579999923706055,2.6989998817443848,0.0,2.6989998817443848
2014-03-18,2.690000057220459,2.7009999752044678,2.671999931335449,2.680999994277954,0.0,2.680999994277954
2014-03-19,2.683000087738037,2.7720000743865967,2.680999994277954,2.7720000743865967,0.0,2.7720000743865967
2014-03-20,2.7809998989105225,2.7929999828338623,2.763000011444092,2.7750000953674316,0.0,2.7750000953674316
2014-03-21,2.7639999389648438,2.7839999198913574,2.74399995803833,2.75,0.0,2.75
2014-03-24,2.7699999809265137,2.7769999504089355,2.7209999561309814,2.7330000400543213,0.0,2.7330000400543213
2014-03-25,2.746000051498413,2.763000011444092,2.7260000705718994,2.734999895095825,0.0,2.734999895095825
2014-03-26,2.755000114440918,2.763000011444092,2.696000099182129,2.7009999752044678,0.0,2.7009999752044678
2014-03-27,2.703000068664551,2.7139999866485596,2.6589999198913574,2.671999931335449,0.0,2.671999931335449
2014-03-28,2.687999963760376,2.7330000400543213,2.683000087738037,2.7119998931884766,0.0,2.7119998931884766
2014-03-31,2.74399995803833,2.7679998874664307,2.7230000495910645,2.7230000495910645,0.0,2.7230000495910645
2014-04-01,2.743000030517578,2.7660000324249268,2.743000030517578,2.759000062942505,0.0,2.759000062942505
2014-04-02,2.7790000438690186,2.808000087738037,2.7750000953674316,2.802999973297119,0.0,2.802999973297119
2014-04-03,2.7990000247955322,2.805999994277954,2.7769999504089355,2.7899999618530273,0.0,2.7899999618530273
2014-04-04,2.7950000762939453,2.8010001182556152,2.7209999561309814,2.7260000705718994,0.0,2.7260000705718994
2014-04-07,2.7260000705718994,2.7279999256134033,2.683000087738037,2.694999933242798,0.0,2.694999933242798
2014-04-08,2.7170000076293945,2.7209999561309814,2.674999952316284,2.680999994277954,0.0,2.680999994277954
2014-04-09,2.7060000896453857,2.7230000495910645,2.6740000247955322,2.684000015258789,0.0,2.684000015258789
2014-04-10,2.6659998893737793,2.686000108718872,2.614000082015991,2.628000020980835,0.0,2.628000020980835
2014-04-11,2.6080000400543213,2.634999990463257,2.6070001125335693,2.61899995803833,0.0,2.61899995803833
2014-04-14,2.63700008392334,2.6549999713897705,2.628000020980835,2.6389999389648438,0.0,2.6389999389648438
2014-04-15,2.6549999713897705,2.6630001068115234,2.5959999561309814,2.628000020980835,0.0,2.628000020980835
2014-04-16,2.6480000019073486,2.6610000133514404,2.634999990463257,2.63700008392334,0.0,2.63700008392334
2014-04-17,2.6519999504089355,2.7279999256134033,2.6440000534057617,2.7209999561309814,0.0,2.7209999561309814
2014-04-18,,,,,,
2014-04-21,2.7219998836517334,2.7219998836517334,2.687999963760376,2.7209999561309814,0.0,2.7209999561309814
2014-04-22,2.7260000705718994,2.747999906539917,2.7170000076293945,2.7260000705718994,0.0,2.7260000705718994
2014-04-23,2.697000026702881,2.7060000896453857,2.677000045776367,2.686000108718872,0.0,2.686000108718872
2014-04-24,2.7149999141693115,2.7330000400543213,2.684000015258789,2.687999963760376,0.0,2.687999963760376
2014-04-25,2.6659998893737793,2.678999900817871,2.6440000534057617,2.6659998893737793,0.0,2.6659998893737793
2014-04-28,2.681999921798706,2.7100000381469727,2.6679999828338623,2.677000045776367,0.0,2.677000045776367
2014-04-29,2.7149999141693115,2.7309999465942383,2.690999984741211,2.694999933242798,0.0,2.694999933242798
2014-04-30,2.7109999656677246,2.7109999656677246,2.6480000019073486,2.6480000019073486,0.0,2.6480000019073486
2014-05-01,2.6600000858306885,2.6619999408721924,2.5929999351501465,2.6059999465942383,0.0,2.6059999465942383
2014-05-02,2.624000072479248,2.700000047683716,2.5739998817443848,2.5910000801086426,0.0,2.5910000801086426
2014-05-05,2.575000047683716,2.61299991607666,2.572000026702881,2.6110000610351562,0.0,2.6110000610351562
2014-05-06,2.609999895095825,2.6110000610351562,2.5859999656677246,2.5950000286102295,0.0,2.5950000286102295
2014-05-07,2.6110000610351562,2.617000102996826,2.5769999027252197,2.5899999141693115,0.0,2.5899999141693115
2014-05-08,2.618000030517578,2.63100004196167,2.5799999237060547,2.6019999980926514,0.0,2.6019999980926514
2014-05-09,2.5950000286102295,2.635999917984009,2.5950000286102295,2.622999906539917,0.0,2.622999906539917
2014-05-12,2.6449999809265137,2.6630001068115234,2.638000011444092,2.6559998989105225,0.0,2.6559998989105225
2014-05-13,2.6559998989105225,2.6579999923706055,2.6110000610351562,2.618000030517578,0.0,2.618000030517578
2014-05-14,2.571000099182129,2.5859999656677246,2.5250000953674316,2.5429999828338623,0.0,2.5429999828338623
2014-05-15,2.5409998893737793,2.561000108718872,2.4730000495910645,2.502000093460083,0.0,2.502000093460083
2014-05-16,2.496000051498413,2.5209999084472656,2.493000030517578,2.5179998874664307,0.0,2.5179998874664307
2014-05-19,2.5199999809265137,2.5390000343322754,2.494999885559082,2.5360000133514404,0.0,2.5360000133514404
2014-05-20,2.5480000972747803,2.553999900817871,2.502000093460083,2.509000062942505,0.0,2.509000062942505
2014-05-21,2.5299999713897705,2.559000015258789,2.5299999713897705,2.5369999408721924,0.0,2.5369999408721924
2014-05-22,2.553999900817871,2.562000036239624,2.5339999198913574,2.555000066757202,0.0,2.555000066757202
2014-05-23,2.5429999828338623,2.5450000762939453,2.5179998874664307,2.5360000133514404,0.0,2.5360000133514404
2014-05-26,,,,,,
2014-05-27,2.5360000133514404,2.553999900817871,2.5139999389648438,2.5179998874664307,0.0,2.5179998874664307
2014-05-28,2.497999906539917,2.497999906539917,2.434000015258789,2.437999963760376,0.0,2.437999963760376
2014-05-29,2.436000108718872,2.4570000171661377,2.4019999504089355,2.447000026702881,0.0,2.447000026702881
2014-05-30,2.4660000801086426,2.490999937057495,2.4519999027252197,2.4570000171661377,0.0,2.4570000171661377
2014-06-02,2.5,2.5409998893737793,2.486999988555908,2.5339999198913574,0.0,2.5339999198913574
2014-06-03,2.549999952316284,2.5950000286102295,2.5450000762939453,2.5929999351501465,0.0,2.5929999351501465
2014-06-04,2.5799999237060547,2.615000009536743,2.568000078201294,2.6059999465942383,0.0,2.6059999465942383
2014-06-05,2.6019999980926514,2.6459999084472656,2.572999954223633,2.5840001106262207,0.0,2.5840001106262207
2014-06-06,2.5769999027252197,2.6019999980926514,2.5299999713897705,2.5969998836517334,0.0,2.5969998836517334
2014-06-09,2.615000009536743,2.628000020980835,2.6019999980926514,2.61299991607666,0.0,2.61299991607666
2014-06-10,2.63100004196167,2.6510000228881836,2.624000072479248,2.634999990463257,0.0,2.634999990463257
2014-06-11,2.634999990463257,2.6470000743865967,2.61299991607666,2.640000104904175,0.0,2.640000104904175
2014-06-12,2.6510000228881836,2.6549999713897705,2.5789999961853027,2.5859999656677246,0.0,2.5859999656677246
2014-06-13,2.61299991607666,2.6440000534057617,2.5880000591278076,2.6040000915527344,0.0,2.6040000915527344
2014-06-16,2.5810000896453857,2.61299991607666,2.5810000896453857,2.5969998836517334,0.0,2.5969998836517334
2014-06-17,2.5950000286102295,2.6549999713897705,2.5899999141693115,2.6549999713897705,0.0,2.6549999713897705
2014-06-18,2.6500000953674316,2.6549999713897705,2.5899999141693115,2.61299991607666,0.0,2.61299991607666
2014-06-19,2.5859999656677246,2.6459999084472656,2.563999891281128,2.621999979019165,0.0,2.621999979019165
2014-06-20,2.6410000324249268,2.6589999198913574,2.617000102996826,2.624000072479248,0.0,2.624000072479248
2014-06-23,2.5989999771118164,2.624000072479248,2.5899999141693115,2.622999906539917,0.0,2.622999906539917
2014-06-24,2.609999895095825,2.61899995803833,2.5789999961853027,2.5859999656677246,0.0,2.5859999656677246
2014-06-25,2.572000026702881,2.572000026702881,2.5290000438690186,2.559000015258789,0.0,2.559000015258789
2014-06-26,2.562999963760376,2.565000057220459,2.5160000324249268,2.5250000953674316,0.0,2.5250000953674316
2014-06-27,2.5209999084472656,2.5360000133514404,2.506999969482422,2.5320000648498535,0.0,2.5320000648498535
2014-06-30,2.5199999809265137,2.546999931335449,2.5139999389648438,2.5160000324249268,0.0,2.5160000324249268
2014-07-01,2.549999952316284,2.569999933242798,2.5450000762939453,2.562999963760376,0.0,2.562999963760376
2014-07-02,2.5880000591278076,2.630000114440918,2.5850000381469727,2.628000020980835,0.0,2.628000020980835
2014-07-03,2.627000093460083,2.691999912261963,2.625,2.6480000019073486,0.0,2.6480000019073486
2014-07-04,,,,,,
2014-07-07,2.631999969482422,2.635999917984009,2.6080000400543213,2.617000102996826,0.0,2.617000102996826
2014-07-08,2.5969998836517334,2.5969998836517334,2.555999994277954,2.565000057220459,0.0,2.565000057220459
2014-07-09,2.578000068664551,2.6010000705718994,2.5429999828338623,2.546999931335449,0.0,2.546999931335449
2014-07-10,2.503000020980835,2.5409998893737793,2.49399995803833,2.5320000648498535,0.0,2.5320000648498535
2014-07-11,2.5230000019073486,2.5290000438690186,2.505000114440918,2.5199999809265137,0.0,2.5199999809265137
2014-07-14,2.5290000438690186,2.549999952316284,2.5290000438690186,2.5490000247955322,0.0,2.5490000247955322
2014-07-15,2.546999931335449,2.569999933242798,2.5199999809265137,2.5490000247955322,0.0,2.5490000247955322
2014-07-16,2.553999900817871,2.566999912261963,2.5299999713897705,2.5380001068115234,0.0,2.5380001068115234
2014-07-17,2.5160000324249268,2.5179998874664307,2.4670000076293945,2.4749999046325684,0.0,2.4749999046325684
2014-07-18,2.4639999866485596,2.5,2.4600000381469727,2.4839999675750732,0.0,2.4839999675750732
2014-07-21,2.484999895095825,2.484999895095825,2.447999954223633,2.4739999771118164,0.0,2.4739999771118164
2014-07-22,2.496000051498413,2.502000093460083,2.4600000381469727,2.4660000801086426,0.0,2.4660000801086426
2014-07-23,2.4619998931884766,2.4660000801086426,2.4489998817443848,2.4639999866485596,0.0,2.4639999866485596
2014-07-24,2.493000030517578,2.5220000743865967,2.490999937057495,2.509000062942505,0.0,2.509000062942505
2014-07-25,2.505000114440918,2.506999969482422,2.4660000801086426,2.4690001010894775,0.0,2.4690001010894775
2014-07-28,2.4800000190734863,2.496000051498413,2.4660000801086426,2.490999937057495,0.0,2.490999937057495
2014-07-29,2.4779999256134033,2.486999988555908,2.4509999752044678,2.4619998931884766,0.0,2.4619998931884766
2014-07-30,2.4709999561309814,2.566999912261963,2.4670000076293945,2.553999900817871,0.0,2.553999900817871
2014-07-31,2.569000005722046,2.614000082015991,2.5420000553131104,2.555999994277954,0.0,2.555999994277954
2014-08-01,2.5820000171661377,2.5910000801086426,2.4820001125335693,2.505000114440918,0.0,2.505000114440918
2014-08-04,2.49399995803833,2.496000051498413,2.4709999561309814,2.490999937057495,0.0,2.490999937057495
2014-08-05,2.49399995803833,2.5250000953674316,2.4730000495910645,2.4830000400543213,0.0,2.4830000400543213
2014-08-06,2.441999912261963,2.4739999771118164,2.299999952316284,2.4739999771118164,0.0,2.4739999771118164
2014-08-07,2.4649999141693115,2.4820001125335693,2.4240000247955322,2.4240000247955322,0.0,2.4240000247955322
2014-08-08,2.3949999809265137,2.4260001182556152,2.369999885559082,2.4149999618530273,0.0,2.4149999618530273
2014-08-11,2.440000057220459,2.440000057220459,2.4110000133514404,2.4200000762939453,0.0,2.4200000762939453
2014-08-12,2.430999994277954,2.447000026702881,2.4149999618530273,2.441999912261963,0.0,2.441999912261963
2014-08-13,2.4600000381469727,2.4600000381469727,2.4079999923706055,2.4130001068115234,0.0,2.4130001068115234
2014-08-14,2.4140000343322754,2.424999952316284,2.3910000324249268,2.4000000953674316,0.0,2.4000000953674316
2014-08-15,2.38700008392334,2.3980000019073486,2.305000066757202,2.3450000286102295,0.0,2.3450000286102295
2014-08-18,2.365999937057495,2.3940000534057617,2.36299991607666,2.38700008392334,0.0,2.38700008392334
2014-08-19,2.36299991607666,2.4070000648498535,2.3610000610351562,2.4049999713897705,0.0,2.4049999713897705
2014-08-20,2.4119999408721924,2.444000005722046,2.4010000228881836,2.4260001182556152,0.0,2.4260001182556152
2014-08-21,2.441999912261963,2.441999912261963,2.3980000019073486,2.4070000648498535,0.0,2.4070000648498535
2014-08-22,2.3940000534057617,2.444000005722046,2.3910000324249268,2.4030001163482666,0.0,2.4030001163482666
2014-08-25,2.385999917984009,2.4100000858306885,2.385999917984009,2.38700008392334,0.0,2.38700008392334
2014-08-26,2.38700008392334,2.4000000953674316,2.368000030517578,2.3910000324249268,0.0,2.3910000324249268
2014-08-27,2.368000030517578,2.3889999389648438,2.3589999675750732,2.3610000610351562,0.0,2.3610000610351562
2014-08-28,2.3410000801086426,2.3499999046325684,2.322000026702881,2.3340001106262207,0.0,2.3340001106262207
2014-08-29,2.3450000286102295,2.3540000915527344,2.325000047683716,2.3429999351501465,0.0,2.3429999351501465
2014-09-01,,,,,,
2014-09-02,2.3929998874664307,2.4189999103546143,2.3910000324249268,2.4189999103546143,0.0,2.4189999103546143
2014-09-03,2.4549999237060547,2.4570000171661377,2.4089999198913574,2.4100000858306885,0.0,2.4100000858306885
2014-09-04,2.4000000953674316,2.4570000171661377,2.381999969482422,2.447999954223633,0.0,2.447999954223633
2014-09-05,2.4679999351501465,2.486999988555908,2.3889999389648438,2.4609999656677246,0.0,2.4609999656677246
2014-09-08,2.437000036239624,2.4800000190734863,2.4210000038146973,2.4690001010894775,0.0,2.4690001010894775
2014-09-09,2.5,2.506999969482422,2.4820001125335693,2.5,0.0,2.5
2014-09-10,2.5290000438690186,2.5409998893737793,2.5220000743865967,2.5339999198913574,0.0,2.5339999198913574
2014-09-11,2.5199999809265137,2.5380001068115234,2.506999969482422,2.5309998989105225,0.0,2.5309998989105225
2014-09-12,2.5759999752044678,2.615999937057495,2.5759999752044678,2.614000082015991,0.0,2.614000082015991
2014-09-15,2.6050000190734863,2.6089999675750732,2.5820000171661377,2.5910000801086426,0.0,2.5910000801086426
2014-09-16,2.555999994277954,2.5889999866485596,2.552999973297119,2.5889999866485596,0.0,2.5889999866485596
2014-09-17,2.578000068664551,2.615999937057495,2.5510001182556152,2.5999999046325684,0.0,2.5999999046325684
2014-09-18,2.625,2.6419999599456787,2.615999937057495,2.628999948501587,0.0,2.628999948501587
2014-09-19,2.6110000610351562,2.628999948501587,2.5820000171661377,2.5869998931884766,0.0,2.5869998931884766
2014-09-22,2.562000036239624,2.578000068664551,2.546999931335449,2.565999984741211,0.0,2.565999984741211
2014-09-23,2.5490000247955322,2.555999994277954,2.5329999923706055,2.5350000858306885,0.0,2.5350000858306885
2014-09-24,2.5380001068115234,2.569000005722046,2.5269999504089355,2.569000005722046,0.0,2.569000005722046
2014-09-25,2.5439999103546143,2.5460000038146973,2.503999948501587,2.510999917984009,0.0,2.510999917984009
2014-09-26,2.502000093460083,2.5490000247955322,2.496999979019165,2.5350000858306885,0.0,2.5350000858306885
2014-09-29,2.499000072479248,2.500999927520752,2.4790000915527344,2.490999937057495,0.0,2.490999937057495
2014-09-30,2.503999948501587,2.510999917984009,2.4839999675750732,2.507999897003174,0.0,2.507999897003174
2014-10-01,2.4749999046325684,2.4749999046325684,2.4030001163482666,2.4030001163482666,0.0,2.4030001163482666
2014-10-02,2.4089999198913574,2.438999891281128,2.385999917984009,2.437999963760376,0.0,2.437999963760376
2014-10-03,2.440999984741211,2.4839999675750732,2.436000108718872,2.447000026702881,0.0,2.447000026702881
2014-10-06,2.430000066757202,2.450000047683716,2.4040000438690186,2.424999952316284,0.0,2.424999952316284
2014-10-07,2.4179999828338623,2.4179999828338623,2.3429999351501465,2.3499999046325684,0.0,2.3499999046325684
2014-10-08,2.364000082015991,2.385999917984009,2.328000068664551,2.3299999237060547,0.0,2.3299999237060547
2014-10-09,2.2890000343322754,2.3389999866485596,2.2890000343322754,2.3269999027252197,0.0,2.3269999027252197
2014-10-10,2.303999900817871,2.322999954223633,2.2980000972747803,2.306999921798706,0.0,2.306999921798706
2014-10-13,2.2860000133514404,2.2860000133514404,2.2860000133514404,2.2860000133514404,0.0,2.2860000133514404
2014-10-14,2.190000057220459,2.2360000610351562,2.190000057220459,2.2060000896453857,0.0,2.2060000896453857
2014-10-15,2.1619999408721924,2.1689999103546143,1.8680000305175781,2.0899999141693115,0.0,2.0899999141693115
2014-10-16,2.055999994277954,2.180000066757202,2.0230000019073486,2.1530001163482666,0.0,2.1530001163482666
2014-10-17,2.171999931335449,2.2290000915527344,2.1710000038146973,2.1989998817443848,0.0,2.1989998817443848
2014-10-20,2.190000057220459,2.2019999027252197,2.1600000858306885,2.180999994277954,0.0,2.180999994277954
2014-10-21,2.2109999656677246,2.2249999046325684,2.194999933242798,2.2079999446868896,0.0,2.2079999446868896
2014-10-22,2.2090001106262207,2.25,2.200000047683716,2.2290000915527344,0.0,2.2290000915527344
2014-10-23,2.246000051498413,2.299999952316284,2.240999937057495,2.2750000953674316,0.0,2.2750000953674316
2014-10-24,2.243000030517578,2.2760000228881836,2.2290000915527344,2.2730000019073486,0.0,2.2730000019073486
2014-10-27,2.26200008392334,2.2679998874664307,2.243000030517578,2.256999969482422,0.0,2.256999969482422
2014-10-28,2.2839999198913574,2.2960000038146973,2.255000114440918,2.2839999198913574,0.0,2.2839999198913574
2014-10-29,2.2909998893737793,2.359999895095825,2.2890000343322754,2.322999954223633,0.0,2.322999954223633
2014-10-30,2.312000036239624,2.322999954223633,2.2799999713897705,2.305000066757202,0.0,2.305000066757202
2014-10-31,2.3320000171661377,2.3499999046325684,2.316999912261963,2.3350000381469727,0.0,2.3350000381469727
2014-11-03,2.325000047683716,2.384000062942505,2.321000099182129,2.3480000495910645,0.0,2.3480000495910645
2014-11-04,2.319000005722046,2.3480000495910645,2.302999973297119,2.3420000076293945,0.0,2.3420000076293945
2014-11-05,2.365999937057495,2.36899995803833,2.3369998931884766,2.3499999046325684,0.0,2.3499999046325684
2014-11-06,2.3350000381469727,2.381999969482422,2.3350000381469727,2.375,0.0,2.375
2014-11-07,2.3889999389648438,2.4070000648498535,2.308000087738037,2.312000036239624,0.0,2.312000036239624
2014-11-10,2.2939999103546143,2.359999895095825,2.2939999103546143,2.3589999675750732,0.0,2.3589999675750732
2014-11-11,2.359999895095825,2.359999895095825,2.359999895095825,2.359999895095825,0.0,2.359999895095825
2014-11-12,2.3259999752044678,2.371000051498413,2.319000005722046,2.3589999675750732,0.0,2.3589999675750732
2014-11-13,2.3540000915527344,2.369999885559082,2.3399999141693115,2.3469998836517334,0.0,2.3469998836517334
2014-11-14,2.3540000915527344,2.377000093460083,2.315000057220459,2.319999933242798,0.0,2.319999933242798
2014-11-17,2.2920000553131104,2.3469998836517334,2.2899999618530273,2.3399999141693115,0.0,2.3399999141693115
2014-11-18,2.328000068664551,2.3380000591278076,2.308000087738037,2.322000026702881,0.0,2.322000026702881
2014-11-19,2.3399999141693115,2.36299991607666,2.321000099182129,2.3510000705718994,0.0,2.3510000705718994
2014-11-20,2.3259999752044678,2.3510000705718994,2.302999973297119,2.3350000381469727,0.0,2.3350000381469727
2014-11-21,2.3399999141693115,2.3450000286102295,2.315000057220459,2.315000057220459,0.0,2.315000057220459
2014-11-24,2.3310000896453857,2.3380000591278076,2.302999973297119,2.309999942779541,0.0,2.309999942779541
2014-11-25,2.3010001182556152,2.316999912261963,2.259999990463257,2.259999990463257,0.0,2.259999990463257
2014-11-26,2.252000093460083,2.253000020980835,2.2290000915527344,2.2339999675750732,0.0,2.2339999675750732
2014-11-27,,,,,,
2014-11-28,2.2090001106262207,2.2179999351501465,2.194000005722046,2.194000005722046,0.0,2.194000005722046
2014-12-01,2.1570000648498535,2.2179999351501465,2.1549999713897705,2.2179999351501465,0.0,2.2179999351501465
2014-12-02,2.246000051498413,2.2890000343322754,2.243000030517578,2.2850000858306885,0.0,2.2850000858306885
2014-12-03,2.2909998893737793,2.306999921798706,2.2780001163482666,2.2869999408721924,0.0,2.2869999408721924
2014-12-04,2.2799999713897705,2.2980000972747803,2.253000020980835,2.256999969482422,0.0,2.256999969482422
2014-12-05,2.252000093460083,2.3310000896453857,2.252000093460083,2.306999921798706,0.0,2.306999921798706
2014-12-08,2.309999942779541,2.309999942779541,2.243000030517578,2.256999969482422,0.0,2.256999969482422
2014-12-09,2.239000082015991,2.239000082015991,2.187000036239624,2.2200000286102295,0.0,2.2200000286102295
2014-12-10,2.2079999446868896,2.2269999980926514,2.1689999103546143,2.1689999103546143,0.0,2.1689999103546143
2014-12-11,2.1459999084472656,2.2160000801086426,2.1459999084472656,2.177999973297119,0.0,2.177999973297119
2014-12-12,2.115999937057495,2.1459999084472656,2.0829999446868896,2.1029999256134033,0.0,2.1029999256134033
2014-12-15,2.13100004196167,2.135999917984009,2.0799999237060547,2.115999937057495,0.0,2.115999937057495
2014-12-16,2.046999931335449,2.1040000915527344,2.0450000762939453,2.071000099182129,0.0,2.071000099182129
2014-12-17,2.0969998836517334,2.1480000019073486,2.065999984741211,2.1480000019073486,0.0,2.1480000019073486
2014-12-18,2.1760001182556152,2.2249999046325684,2.1710000038146973,2.2039999961853027,0.0,2.2039999961853027
2014-12-19,2.2090001106262207,2.2090001106262207,2.1670000553131104,2.1760001182556152,0.0,2.1760001182556152
2014-12-22,2.184999942779541,2.187999963760376,2.1549999713897705,2.1619999408721924,0.0,2.1619999408721924
2014-12-23,2.171999931335449,2.260999917984009,2.171999931335449,2.256999969482422,0.0,2.256999969482422
2014-12-24,2.2839999198913574,2.3010001182556152,2.260999917984009,2.2639999389648438,0.0,2.2639999389648438
2014-12-25,,,,,,
2014-12-26,2.243000030517578,2.2660000324249268,2.2360000610351562,2.25,0.0,2.25
2014-12-29,2.2230000495910645,2.2290000915527344,2.194999933242798,2.2070000171661377,0.0,2.2070000171661377
2014-12-30,2.190000057220459,2.191999912261963,2.1670000553131104,2.190000057220459,0.0,2.190000057220459
2014-12-31,2.177000045776367,2.190000057220459,2.1689999103546143,2.1700000762939453,0.0,2.1700000762939453
2015-01-01,,,,,,
2015-01-02,2.197000026702881,2.2130000591278076,2.1019999980926514,2.122999906539917,0.0,2.122999906539917
2015-01-05,2.1019999980926514,2.1089999675750732,2.0369999408721924,2.0390000343322754,0.0,2.0390000343322754
2015-01-06,1.968000054359436,1.996999979019165,1.8890000581741333,1.9630000591278076,0.0,1.9630000591278076
2015-01-07,1.975000023841858,2.007999897003174,1.937999963760376,1.9539999961853027,0.0,1.9539999961853027
2015-01-08,2.003999948501587,2.0299999713897705,1.9880000352859497,2.0160000324249268,0.0,2.0160000324249268
2015-01-09,1.996999979019165,2.0209999084472656,1.9429999589920044,1.9709999561309814,0.0,1.9709999561309814
2015-01-12,1.9639999866485596,1.965999960899353,1.9019999504089355,1.9119999408721924,0.0,1.9119999408721924
2015-01-13,1.8760000467300415,1.9450000524520874,1.8760000467300415,1.8899999856948853,0.0,1.8899999856948853
2015-01-14,1.8660000562667847,1.8660000562667847,1.784000039100647,1.8370000123977661,0.0,1.8370000123977661
2015-01-15,1.812999963760376,1.8519999980926514,1.75600004196167,1.774999976158142,0.0,1.774999976158142
2015-01-16,1.715000033378601,1.8309999704360962,1.7000000476837158,1.815000057220459,0.0,1.815000057220459
2015-01-19,,,,,,
2015-01-20,1.8270000219345093,1.8270000219345093,1.7610000371932983,1.8070000410079956,0.0,1.8070000410079956
2015-01-21,1.7979999780654907,1.8630000352859497,1.7730000019073486,1.8530000448226929,0.0,1.8530000448226929
2015-01-22,1.9390000104904175,1.9529999494552612,1.812000036239624,1.8960000276565552,0.0,1.8960000276565552
2015-01-23,1.8200000524520874,1.847000002861023,1.8009999990463257,1.8170000314712524,0.0,1.8170000314712524
2015-01-26,1.8040000200271606,1.8420000076293945,1.7960000038146973,1.8279999494552612,0.0,1.8279999494552612
2015-01-27,1.7940000295639038,1.8300000429153442,1.75,1.8250000476837158,0.0,1.8250000476837158
2015-01-28,1.8229999542236328,1.8279999494552612,1.7209999561309814,1.7239999771118164,0.0,1.7239999771118164
2015-01-29,1.746000051498413,1.784999966621399,1.7380000352859497,1.7510000467300415,0.0,1.7510000467300415
2015-01-30,1.7020000219345093,1.7070000171661377,1.6510000228881836,1.6749999523162842,0.0,1.6749999523162842
2015-02-02,1.6740000247955322,1.7120000123977661,1.6540000438690186,1.6729999780654907,0.0,1.6729999780654907
2015-02-03,1.7170000076293945,1.784999966621399,1.7170000076293945,1.7799999713897705,0.0,1.7799999713897705
2015-02-04,1.8209999799728394,1.8459999561309814,1.7829999923706055,1.7970000505447388,0.0,1.7970000505447388
2015-02-05,1.7999999523162842,1.8289999961853027,1.7879999876022339,1.815000057220459,0.0,1.815000057220459
2015-02-06,1.8179999589920044,1.9529999494552612,1.8049999475479126,1.937999963760376,0.0,1.937999963760376
2015-02-09,1.9220000505447388,1.9500000476837158,1.902999997138977,1.9479999542236328,0.0,1.9479999542236328
2015-02-10,2.0139999389648438,2.0160000324249268,1.968999981880188,1.9910000562667847,0.0,1.9910000562667847
2015-02-11,1.9830000400543213,2.0250000953674316,1.9700000286102295,1.9880000352859497,0.0,1.9880000352859497
2015-02-12,2.0329999923706055,2.0399999618530273,1.9589999914169312,1.9859999418258667,0.0,1.9859999418258667
2015-02-13,2.006999969482422,2.0260000228881836,1.9950000047683716,2.0209999084472656,0.0,2.0209999084472656
2015-02-16,,,,,,
2015-02-17,2.0280001163482666,2.1519999504089355,2.0160000324249268,2.1449999809265137,0.0,2.1449999809265137
2015-02-18,2.132999897003174,2.135999917984009,2.0429999828338623,2.065999984741211,0.0,2.065999984741211
2015-02-19,2.0920000076293945,2.121999979019165,2.059000015258789,2.11299991607666,0.0,2.11299991607666
2015-02-20,2.078000068664551,2.1419999599456787,2.0450000762939453,2.132999897003174,0.0,2.132999897003174
2015-02-23,2.111999988555908,2.111999988555908,2.055999994277954,2.059000015258789,0.0,2.059000015258789
2015-02-24,2.075000047683716,2.1080000400543213,1.9769999980926514,1.9880000352859497,0.0,1.9880000352859497
2015-02-25,1.972000002861023,2.0,1.9620000123977661,1.968999981880188,0.0,1.968999981880188
2015-02-26,1.9390000104904175,2.0209999084472656,1.930999994277954,2.0160000324249268,0.0,2.0160000324249268
2015-02-27,2.0239999294281006,2.0490000247955322,2.0,2.002000093460083,0.0,2.002000093460083
2015-03-02,2.0139999389648438,2.0859999656677246,2.005000114440918,2.0840001106262207,0.0,2.0840001106262207
2015-03-03,2.0999999046325684,2.124000072479248,2.0769999027252197,2.121999979019165,0.0,2.121999979019165
2015-03-04,2.128000020980835,2.13100004196167,2.111999988555908,2.122999906539917,0.0,2.122999906539917
2015-03-05,2.134999990463257,2.1470000743865967,2.0959999561309814,2.111999988555908,0.0,2.111999988555908
2015-03-06,2.109999895095825,2.259000062942505,2.1050000190734863,2.240000009536743,0.0,2.240000009536743
2015-03-09,2.2149999141693115,2.2179999351501465,2.191999912261963,2.194999933242798,0.0,2.194999933242798
2015-03-10,2.1579999923706055,2.1600000858306885,2.117000102996826,2.125999927520752,0.0,2.125999927520752
2015-03-11,2.1510000228881836,2.1600000858306885,2.0980000495910645,2.1089999675750732,0.0,2.1089999675750732
2015-03-12,2.0880000591278076,2.122999906539917,2.0420000553131104,2.0959999561309814,0.0,2.0959999561309814
2015-03-13,2.1070001125335693,2.132999897003174,2.0859999656677246,2.111999988555908,0.0,2.111999988555908
2015-03-16,2.0929999351501465,2.1050000190734863,2.065000057220459,2.0980000495910645,0.0,2.0980000495910645
2015-03-17,2.0510001182556152,2.072000026702881,2.0380001068115234,2.058000087738037,0.0,2.058000087738037
2015-03-18,2.0260000228881836,2.053999900817871,1.944000005722046,1.9509999752044678,0.0,1.9509999752044678
2015-03-19,1.937000036239624,1.9889999628067017,1.9249999523162842,1.9769999980926514,0.0,1.9769999980926514
2015-03-20,1.9559999704360962,1.9579999446868896,1.9270000457763672,1.9299999475479126,0.0,1.9299999475479126
2015-03-23,1.9160000085830688,1.9390000104904175,1.909000039100647,1.9149999618530273,0.0,1.9149999618530273
2015-03-24,1.902999997138977,1.9199999570846558,1.8700000047683716,1.878000020980835,0.0,1.878000020980835
2015-03-25,1.8639999628067017,1.9229999780654907,1.8519999980926514,1.9199999570846558,0.0,1.9199999570846558
2015-03-26,1.9249999523162842,2.009000062942505,1.9220000505447388,2.006999969482422,0.0,2.006999969482422
2015-03-27,1.9839999675750732,1.9859999418258667,1.944000005722046,1.9479999542236328,0.0,1.9479999542236328
2015-03-30,1.965000033378601,1.9739999771118164,1.940999984741211,1.9630000591278076,0.0,1.9630000591278076
2015-03-31,1.9390000104904175,1.968000054359436,1.9279999732971191,1.934000015258789,0.0,1.934000015258789
2015-04-01,1.8919999599456787,1.8969999551773071,1.8519999980926514,1.8680000305175781,0.0,1.8680000305175781
2015-04-02,1.8569999933242798,1.909000039100647,1.8550000190734863,1.9040000438690186,0.0,1.9040000438690186
2015-04-03,,,,,,
2015-04-06,1.8450000286102295,1.9110000133514404,1.843000054359436,1.9040000438690186,0.0,1.9040000438690186
2015-04-07,1.9129999876022339,1.9279999732971191,1.8869999647140503,1.8930000066757202,0.0,1.8930000066757202
2015-04-08,1.8919999599456787,1.9249999523162842,1.88100004196167,1.8949999809265137,0.0,1.8949999809265137
2015-04-09,1.8799999952316284,1.965000033378601,1.878000020980835,1.9579999446868896,0.0,1.9579999446868896
2015-04-10,1.9420000314712524,1.9559999704360962,1.9190000295639038,1.9509999752044678,0.0,1.9509999752044678
2015-04-13,1.972000002861023,1.972000002861023,1.9329999685287476,1.9390000104904175,0.0,1.9390000104904175
2015-04-14,1.9179999828338623,1.9249999523162842,1.8550000190734863,1.9040000438690186,0.0,1.9040000438690186
2015-04-15,1.9140000343322754,1.9179999828338623,1.871999979019165,1.899999976158142,0.0,1.899999976158142
2015-04-16,1.88100004196167,1.9259999990463257,1.871000051498413,1.878000020980835,0.0,1.878000020980835
2015-04-17,1.8580000400543213,1.9110000133514404,1.8450000286102295,1.850000023841858,0.0,1.850000023841858
2015-04-20,1.88100004196167,1.9019999504089355,1.8530000448226929,1.8949999809265137,0.0,1.8949999809265137
2015-04-21,1.86899995803833,1.9190000295639038,1.8650000095367432,1.9160000085830688,0.0,1.9160000085830688
2015-04-22,1.9049999713897705,1.9809999465942383,1.8910000324249268,1.972000002861023,0.0,1.972000002861023
2015-04-23,1.968000054359436,1.9889999628067017,1.944000005722046,1.9470000267028809,0.0,1.9470000267028809
2015-04-24,1.9559999704360962,1.9589999914169312,1.906999945640564,1.9170000553131104,0.0,1.9170000553131104
2015-04-27,1.9329999685287476,1.9490000009536743,1.906999945640564,1.9240000247955322,0.0,1.9240000247955322
2015-04-28,1.9279999732971191,1.9889999628067017,1.9259999990463257,1.9730000495910645,0.0,1.9730000495910645
2015-04-29,2.0260000228881836,2.0810000896453857,1.9950000047683716,2.0350000858306885,0.0,2.0350000858306885
2015-04-30,2.0339999198913574,2.109999895095825,2.0299999713897705,2.0460000038146973,0.0,2.0460000038146973
2015-05-01,2.066999912261963,2.124000072479248,2.058000087738037,2.117000102996826,0.0,2.117000102996826
2015-05-04,2.11899995803833,2.1419999599456787,2.0869998931884766,2.134999990463257,0.0,2.134999990463257
2015-05-05,2.1419999599456787,2.200000047683716,2.117000102996826,2.1760001182556152,0.0,2.1760001182556152
2015-05-06,2.197999954223633,2.252000093460083,2.181999921798706,2.240000009536743,0.0,2.240000009536743
2015-05-07,2.2090001106262207,2.249000072479248,2.184000015258789,2.184000015258789,0.0,2.184000015258789
2015-05-08,2.177999973297119,2.200000047683716,2.1010000705718994,2.1500000953674316,0.0,2.1500000953674316
2015-05-11,2.174999952316284,2.2780001163482666,2.1730000972747803,2.2739999294281006,0.0,2.2739999294281006
2015-05-12,2.3350000381469727,2.3350000381469727,2.2339999675750732,2.259999990463257,0.0,2.259999990463257
2015-05-13,2.2269999980926514,2.2890000343322754,2.188999891281128,2.2820000648498535,0.0,2.2820000648498535
2015-05-14,2.250999927520752,2.2780001163482666,2.2249999046325684,2.239000082015991,0.0,2.239000082015991
2015-05-15,2.191999912261963,2.2109999656677246,2.134000062942505,2.1410000324249268,0.0,2.1410000324249268
2015-05-18,2.1559998989105225,2.2339999675750732,2.1559998989105225,2.2279999256134033,0.0,2.2279999256134033
2015-05-19,2.2139999866485596,2.3010001182556152,2.2139999866485596,2.26200008392334,0.0,2.26200008392334
2015-05-20,2.256999969482422,2.2850000858306885,2.2290000915527344,2.250999927520752,0.0,2.250999927520752
2015-05-21,2.2300000190734863,2.256999969482422,2.184999942779541,2.184999942779541,0.0,2.184999942779541
2015-05-22,2.1710000038146973,2.240999937057495,2.1710000038146973,2.2149999141693115,0.0,2.2149999141693115
2015-05-25,,,,,,
2015-05-26,2.190000057220459,2.2130000591278076,2.131999969482422,2.13700008392334,0.0,2.13700008392334
2015-05-27,2.1549999713897705,2.1740000247955322,2.134999990463257,2.134999990463257,0.0,2.134999990463257
2015-05-28,2.127000093460083,2.1530001163482666,2.115999937057495,2.130000114440918,0.0,2.130000114440918
2015-05-29,2.128000020980835,2.134000062942505,2.0920000076293945,2.0950000286102295,0.0,2.0950000286102295
2015-06-01,2.125,2.197000026702881,2.1059999465942383,2.191999912261963,0.0,2.191999912261963
2015-06-02,2.2130000591278076,2.2769999504089355,2.2109999656677246,2.2660000324249268,0.0,2.2660000324249268
2015-06-03,2.2909998893737793,2.388000011444092,2.2709999084472656,2.365999937057495,0.0,2.365999937057495
2015-06-04,2.3589999675750732,2.361999988555908,2.2960000038146973,2.306999921798706,0.0,2.306999921798706
2015-06-05,2.3499999046325684,2.437999963760376,2.3410000801086426,2.4019999504089355,0.0,2.4019999504089355
2015-06-08,2.3989999294281006,2.4019999504089355,2.365999937057495,2.38100004196167,0.0,2.38100004196167
2015-06-09,2.385999917984009,2.4489998817443848,2.385999917984009,2.4170000553131104,0.0,2.4170000553131104
2015-06-10,2.4769999980926514,2.489000082015991,2.453000068664551,2.4779999256134033,0.0,2.4779999256134033
2015-06-11,2.4619998931884766,2.4839999675750732,2.382999897003174,2.382999897003174,0.0,2.382999897003174
2015-06-12,2.385999917984009,2.4059998989105225,2.3340001106262207,2.384999990463257,0.0,2.384999990463257
2015-06-15,2.3519999980926514,2.375999927520752,2.312999963760376,2.3580000400543213,0.0,2.3580000400543213
2015-06-16,2.3239998817443848,2.3559999465942383,2.312999963760376,2.318000078201294,0.0,2.318000078201294
2015-06-17,2.3310000896453857,2.4030001163482666,2.305999994277954,2.305999994277954,0.0,2.305999994277954
2015-06-18,2.303999900817871,2.38100004196167,2.2880001068115234,2.3510000705718994,0.0,2.3510000705718994
2015-06-19,2.316999912261963,2.316999912261963,2.259999990463257,2.2669999599456787,0.0,2.2669999599456787
2015-06-22,2.316999912261963,2.36899995803833,2.2850000858306885,2.359999895095825,0.0,2.359999895095825
2015-06-23,2.3889999389648438,2.428999900817871,2.367000102996826,2.4089999198913574,0.0,2.4089999198913574
2015-06-24,2.382999897003174,2.4140000343322754,2.365000009536743,2.371000051498413,0.0,2.371000051498413
2015-06-25,2.3980000019073486,2.4230000972747803,2.381999969482422,2.3929998874664307,0.0,2.3929998874664307
2015-06-26,2.434000015258789,2.489000082015991,2.434000015258789,2.4760000705718994,0.0,2.4760000705718994
2015-06-29,2.36899995803833,2.4089999198913574,2.328000068664551,2.3310000896453857,0.0,2.3310000896453857
2015-06-30,2.361999988555908,2.378000020980835,2.309999942779541,2.3350000381469727,0.0,2.3350000381469727
2015-07-01,2.4179999828338623,2.444000005722046,2.3970000743865967,2.4179999828338623,0.0,2.4179999828338623
2015-07-02,2.4549999237060547,2.4700000286102295,2.364000082015991,2.3929998874664307,0.0,2.3929998874664307
2015-07-03,,,,,,
2015-07-06,2.315999984741211,2.3459999561309814,2.2760000228881836,2.2780001163482666,0.0,2.2780001163482666
2015-07-07,2.2260000705718994,2.236999988555908,2.187000036239624,2.2309999465942383,0.0,2.2309999465942383
2015-07-08,2.2239999771118164,2.250999927520752,2.197999954223633,2.2060000896453857,0.0,2.2060000896453857
2015-07-09,2.253000020980835,2.306999921798706,2.246000051498413,2.3010001182556152,0.0,2.3010001182556152
2015-07-10,2.365000009536743,2.4210000038146973,2.3610000610351562,2.4170000553131104,0.0,2.4170000553131104
2015-07-13,2.438999891281128,2.4609999656677246,2.4049999713897705,2.430000066757202,0.0,2.430000066757202
2015-07-14,2.427000045776367,2.431999921798706,2.390000104904175,2.3989999294281006,0.0,2.3989999294281006
2015-07-15,2.38700008392334,2.431999921798706,2.3450000286102295,2.3499999046325684,0.0,2.3499999046325684
2015-07-16,2.375999927520752,2.3959999084472656,2.3399999141693115,2.3519999980926514,0.0,2.3519999980926514
2015-07-17,2.3469998836517334,2.374000072479248,2.3359999656677246,2.3489999771118164,0.0,2.3489999771118164
2015-07-20,2.3519999980926514,2.3959999084472656,2.3519999980926514,2.371999979019165,0.0,2.371999979019165
2015-07-21,2.4000000953674316,2.4030001163482666,2.3310000896453857,2.3399999141693115,0.0,2.3399999141693115
2015-07-22,2.3239998817443848,2.3359999656677246,2.302000045776367,2.322000026702881,0.0,2.322000026702881
2015-07-23,2.311000108718872,2.3440001010894775,2.2709999084472656,2.2769999504089355,0.0,2.2769999504089355
2015-07-24,2.2750000953674316,2.2860000133514404,2.255000114440918,2.2709999084472656,0.0,2.2709999084472656
2015-07-27,2.239000082015991,2.243000030517578,2.2100000381469727,2.2279999256134033,0.0,2.2279999256134033
2015-07-28,2.260999917984009,2.2660000324249268,2.240999937057495,2.25,0.0,2.25
2015-07-29,2.2790000438690186,2.296999931335449,2.263000011444092,2.2790000438690186,0.0,2.2790000438690186
2015-07-30,2.309000015258789,2.319999933242798,2.255000114440918,2.2679998874664307,0.0,2.2679998874664307
2015-07-31,2.259000062942505,2.260999917984009,2.194000005722046,2.2049999237060547,0.0,2.2049999237060547
2015-08-03,2.194000005722046,2.2070000171661377,2.1389999389648438,2.1500000953674316,0.0,2.1500000953674316
2015-08-04,2.1730000972747803,2.2160000801086426,2.1659998893737793,2.2109999656677246,0.0,2.2109999656677246
2015-08-05,2.2209999561309814,2.2929999828338623,2.2139999866485596,2.2679998874664307,0.0,2.2679998874664307
2015-08-06,2.2720000743865967,2.2769999504089355,2.2200000286102295,2.2339999675750732,0.0,2.2339999675750732
2015-08-07,2.2179999351501465,2.252000093460083,2.1659998893737793,2.174999952316284,0.0,2.174999952316284
2015-08-10,2.2090001106262207,2.243000030517578,2.2019999027252197,2.23799991607666,0.0,2.23799991607666
2015-08-11,2.1679999828338623,2.174999952316284,2.114000082015991,2.13700008392334,0.0,2.13700008392334
2015-08-12,2.0999999046325684,2.134000062942505,2.0820000171661377,2.130000114440918,0.0,2.130000114440918
2015-08-13,2.1640000343322754,2.196000099182129,2.1519999504089355,2.188999891281128,0.0,2.188999891281128
2015-08-14,2.174999952316284,2.2209999561309814,2.1730000972747803,2.196000099182129,0.0,2.196000099182129
2015-08-17,2.180000066757202,2.181999921798706,2.1449999809265137,2.1500000953674316,0.0,2.1500000953674316
2015-08-18,2.1679999828338623,2.197999954223633,2.1640000343322754,2.196000099182129,0.0,2.196000099182129
2015-08-19,2.187000036239624,2.2300000190734863,2.128999948501587,2.128999948501587,0.0,2.128999948501587
2015-08-20,2.0989999771118164,2.117000102996826,2.075000047683716,2.0840001106262207,0.0,2.0840001106262207
2015-08-21,2.065999984741211,2.0850000381469727,2.0299999713897705,2.053999900817871,0.0,2.053999900817871
2015-08-24,1.9769999980926514,2.0450000762939453,1.9049999713897705,1.996999979019165,0.0,1.996999979019165
2015-08-25,2.062999963760376,2.134999990463257,2.0490000247955322,2.132999897003174,0.0,2.132999897003174
2015-08-26,2.128999948501587,2.180999994277954,2.0980000495910645,2.171999931335449,0.0,2.171999931335449
2015-08-27,2.180999994277954,2.2070000171661377,2.1610000133514404,2.1679999828338623,0.0,2.1679999828338623
2015-08-28,2.1649999618530273,2.193000078201294,2.128000020980835,2.186000108718872,0.0,2.186000108718872
2015-08-31,2.1610000133514404,2.2070000171661377,2.13700008392334,2.200000047683716,0.0,2.200000047683716
2015-09-01,2.1649999618530273,2.194999933242798,2.1510000228881836,2.171999931335449,0.0,2.171999931335449
2015-09-02,2.1600000858306885,2.1989998817443848,2.1540000438690186,2.193000078201294,0.0,2.193000078201294
2015-09-03,2.1740000247955322,2.197000026702881,2.1530001163482666,2.1679999828338623,0.0,2.1679999828338623
2015-09-04,2.128000020980835,2.1689999103546143,2.114000082015991,2.128000020980835,0.0,2.128000020980835
2015-09-07,,,,,,
2015-09-08,2.1619999408721924,2.1989998817443848,2.1600000858306885,2.194000005722046,0.0,2.194000005722046
2015-09-09,2.2179999351501465,2.253999948501587,2.171999931335449,2.180999994277954,0.0,2.180999994277954
2015-09-10,2.2190001010894775,2.2360000610351562,2.190000057220459,2.2219998836517334,0.0,2.2219998836517334
2015-09-11,2.203000068664551,2.2060000896453857,2.171999931335449,2.183000087738037,0.0,2.183000087738037
2015-09-14,2.1670000553131104,2.196000099182129,2.1640000343322754,2.180000066757202,0.0,2.180000066757202
2015-09-15,2.171999931335449,2.2809998989105225,2.1710000038146973,2.2809998989105225,0.0,2.2809998989105225
2015-09-16,2.2809998989105225,2.302999973297119,2.2639999389648438,2.302999973297119,0.0,2.302999973297119
2015-09-17,2.2829999923706055,2.2939999103546143,2.203000068664551,2.2170000076293945,0.0,2.2170000076293945
2015-09-18,2.1570000648498535,2.1730000972747803,2.130000114440918,2.130000114440918,0.0,2.130000114440918
2015-09-21,2.174999952316284,2.2170000076293945,2.1659998893737793,2.2139999866485596,0.0,2.2139999866485596
2015-09-22,2.1710000038146973,2.1710000038146973,2.114000082015991,2.125,0.0,2.125
2015-09-23,2.1510000228881836,2.1710000038146973,2.135999917984009,2.1440000534057617,0.0,2.1440000534057617
2015-09-24,2.11299991607666,2.127000093460083,2.0810000896453857,2.119999885559082,0.0,2.119999885559082
2015-09-25,2.180000066757202,2.197999954223633,2.1570000648498535,2.1679999828338623,0.0,2.1679999828338623
2015-09-28,2.134000062942505,2.1570000648498535,2.0929999351501465,2.0950000286102295,0.0,2.0950000286102295
2015-09-29,2.11299991607666,2.114000082015991,2.046999931335449,2.053999900817871,0.0,2.053999900817871
2015-09-30,2.0910000801086426,2.0929999351501465,2.052999973297119,2.059999942779541,0.0,2.059999942779541
2015-10-01,2.0390000343322754,2.0460000038146973,2.009999990463257,2.0420000553131104,0.0,2.0420000553131104
2015-10-02,2.046999931335449,2.065000057220459,1.906000018119812,1.9889999628067017,0.0,1.9889999628067017
2015-10-05,2.0169999599456787,2.059999942779541,2.01200008392334,2.055999994277954,0.0,2.055999994277954
2015-10-06,2.0460000038146973,2.0769999027252197,2.0299999713897705,2.0350000858306885,0.0,2.0350000858306885
2015-10-07,2.065000057220459,2.0859999656677246,2.052999973297119,2.062000036239624,0.0,2.062000036239624
2015-10-08,2.055999994277954,2.11299991607666,2.0490000247955322,2.1080000400543213,0.0,2.1080000400543213
2015-10-09,2.118000030517578,2.138000011444092,2.0880000591278076,2.0989999771118164,0.0,2.0989999771118164
2015-10-12,2.0899999141693115,2.0899999141693115,2.0899999141693115,2.0899999141693115,0.0,2.0899999141693115
2015-10-13,2.062000036239624,2.078000068664551,2.0439999103546143,2.055000066757202,0.0,2.055000066757202
2015-10-14,2.0399999618530273,2.0420000553131104,1.9789999723434448,1.9809999465942383,0.0,1.9809999465942383
2015-10-15,2.0,2.0280001163482666,1.996000051498413,2.0230000019073486,0.0,2.0230000019073486
2015-10-16,2.0139999389648438,2.0329999923706055,2.005000114440918,2.0230000019073486,0.0,2.0230000019073486
2015-10-19,2.0399999618530273,2.055999994277954,2.0209999084472656,2.0280001163482666,0.0,2.0280001163482666
2015-10-20,2.055000066757202,2.0789999961853027,2.052999973297119,2.071000099182129,0.0,2.071000099182129
2015-10-21,2.055999994277954,2.058000087738037,2.0179998874664307,2.0299999713897705,0.0,2.0299999713897705
2015-10-22,2.0409998893737793,2.055000066757202,2.003000020980835,2.0250000953674316,0.0,2.0250000953674316
2015-10-23,2.072000026702881,2.0969998836517334,2.072000026702881,2.0829999446868896,0.0,2.0829999446868896
2015-10-26,2.0739998817443848,2.0739998817443848,2.0510001182556152,2.058000087738037,0.0,2.058000087738037
2015-10-27,2.0409998893737793,2.0420000553131104,2.009000062942505,2.0280001163482666,0.0,2.0280001163482666
2015-10-28,2.0350000858306885,2.1059999465942383,2.0320000648498535,2.0920000076293945,0.0,2.0920000076293945
2015-10-29,2.1059999465942383,2.180000066757202,2.0959999561309814,2.1730000972747803,0.0,2.1730000972747803
2015-10-30,2.1730000972747803,2.181999921798706,2.1419999599456787,2.1510000228881836,0.0,2.1510000228881836
2015-11-02,2.174999952316284,2.188999891281128,2.1670000553131104,2.187000036239624,0.0,2.187000036239624
2015-11-03,2.194000005722046,2.2249999046325684,2.188999891281128,2.2200000286102295,0.0,2.2200000286102295
2015-11-04,2.2090001106262207,2.240999937057495,2.197999954223633,2.2300000190734863,0.0,2.2300000190734863
2015-11-05,2.249000072479248,2.260999917984009,2.2249999046325684,2.244999885559082,0.0,2.244999885559082
2015-11-06,2.2290000915527344,2.3489999771118164,2.2290000915527344,2.3329999446868896,0.0,2.3329999446868896
2015-11-09,2.3440001010894775,2.377000093460083,2.3310000896453857,2.3420000076293945,0.0,2.3420000076293945
2015-11-10,2.3269999027252197,2.3529999256134033,2.311000108718872,2.322000026702881,0.0,2.322000026702881
2015-11-11,2.3380000591278076,2.3380000591278076,2.3380000591278076,2.3380000591278076,0.0,2.3380000591278076
2015-11-12,2.3259999752044678,2.3420000076293945,2.2990000247955322,2.319000005722046,0.0,2.319000005722046
2015-11-13,2.305000066757202,2.312000036239624,2.2709999084472656,2.2799999713897705,0.0,2.2799999713897705
2015-11-16,2.259000062942505,2.2730000019073486,2.243000030517578,2.2730000019073486,0.0,2.2730000019073486
2015-11-17,2.2850000858306885,2.312999963760376,2.253999948501587,2.260999917984009,0.0,2.260999917984009
2015-11-18,2.2850000858306885,2.2990000247955322,2.26200008392334,2.2690000534057617,0.0,2.2690000534057617
2015-11-19,2.260999917984009,2.2639999389648438,2.2320001125335693,2.247999906539917,0.0,2.247999906539917
2015-11-20,2.25,2.26200008392334,2.2309999465942383,2.26200008392334,0.0,2.26200008392334
2015-11-23,2.2939999103546143,2.2980000972747803,2.239000082015991,2.25,0.0,2.25
2015-11-24,2.2170000076293945,2.25,2.2060000896453857,2.243000030517578,0.0,2.243000030517578
2015-11-25,2.2320001125335693,2.247999906539917,2.2239999771118164,2.2320001125335693,0.0,2.2320001125335693
2015-11-26,,,,,,
2015-11-27,2.2079999446868896,2.2290000915527344,2.2079999446868896,2.2249999046325684,0.0,2.2249999046325684
2015-11-30,2.2320001125335693,2.2339999675750732,2.2130000591278076,2.2179999351501465,0.0,2.2179999351501465
2015-12-01,2.2290000915527344,2.2320001125335693,2.1449999809265137,2.1549999713897705,0.0,2.1549999713897705
2015-12-02,2.1730000972747803,2.1989998817443848,2.1679999828338623,2.177999973297119,0.0,2.177999973297119
2015-12-03,2.2060000896453857,2.3469998836517334,2.2039999961853027,2.3299999237060547,0.0,2.3299999237060547
2015-12-04,2.313999891281128,2.3559999465942383,2.260999917984009,2.2750000953674316,0.0,2.2750000953674316
2015-12-07,2.2839999198913574,2.2920000553131104,2.2039999961853027,2.2249999046325684,0.0,2.2249999046325684
2015-12-08,2.2090001106262207,2.243000030517578,2.197000026702881,2.23799991607666,0.0,2.23799991607666
2015-12-09,2.247999906539917,2.2709999084472656,2.197000026702881,2.2079999446868896,0.0,2.2079999446868896
2015-12-10,2.2160000801086426,2.239000082015991,2.2060000896453857,2.239000082015991,0.0,2.239000082015991
2015-12-11,2.2009999752044678,2.2060000896453857,2.131999969482422,2.1389999389648438,0.0,2.1389999389648438
2015-12-14,2.1519999504089355,2.2309999465942383,2.1519999504089355,2.2249999046325684,0.0,2.2249999046325684
2015-12-15,2.239000082015991,2.2890000343322754,2.23799991607666,2.2679998874664307,0.0,2.2679998874664307
2015-12-16,2.2839999198913574,2.3320000171661377,2.25,2.2869999408721924,0.0,2.2869999408721924
2015-12-17,2.253000020980835,2.2750000953674316,2.2309999465942383,2.23799991607666,0.0,2.23799991607666
2015-12-18,2.1989998817443848,2.2179999351501465,2.177999973297119,2.1989998817443848,0.0,2.1989998817443848
2015-12-21,2.2109999656677246,2.2109999656677246,2.171999931335449,2.197000026702881,0.0,2.197000026702881
2015-12-22,2.2019999027252197,2.239000082015991,2.197000026702881,2.239000082015991,0.0,2.239000082015991
2015-12-23,2.252000093460083,2.2799999713897705,2.25,2.2639999389648438,0.0,2.2639999389648438
2015-12-24,2.260999917984009,2.26200008392334,2.240999937057495,2.243000030517578,0.0,2.243000030517578
2015-12-25,,,,,,
2015-12-28,2.240999937057495,2.244999885559082,2.2130000591278076,2.2249999046325684,0.0,2.2249999046325684
2015-12-29,2.252000093460083,2.315999984741211,2.246000051498413,2.306999921798706,0.0,2.306999921798706
2015-12-30,2.309999942779541,2.325000047683716,2.2869999408721924,2.302999973297119,0.0,2.302999973297119
2015-12-31,2.2839999198913574,2.299999952316284,2.2660000324249268,2.2690000534057617,0.0,2.2690000534057617
2016-01-01,,,,,,
2016-01-04,2.2300000190734863,2.244999885559082,2.200000047683716,2.244999885559082,0.0,2.244999885559082
2016-01-05,2.243000030517578,2.260999917984009,2.2249999046325684,2.247999906539917,0.0,2.247999906539917
2016-01-06,2.190999984741211,2.2090001106262207,2.1760001182556152,2.177000045776367,0.0,2.177000045776367
2016-01-07,2.1630001068115234,2.200000047683716,2.1530001163482666,2.1530001163482666,0.0,2.1530001163482666
2016-01-08,2.1630001068115234,2.2139999866485596,2.11899995803833,2.130000114440918,0.0,2.130000114440918
2016-01-11,2.1600000858306885,2.178999900817871,2.140000104904175,2.1579999923706055,0.0,2.1579999923706055
2016-01-12,2.194999933242798,2.197999954223633,2.0820000171661377,2.1019999980926514,0.0,2.1019999980926514
2016-01-13,2.128000020980835,2.134999990463257,2.0420000553131104,2.065999984741211,0.0,2.065999984741211
2016-01-14,2.0929999351501465,2.122999906539917,2.053999900817871,2.0980000495910645,0.0,2.0980000495910645
2016-01-15,2.0230000019073486,2.0420000553131104,1.9880000352859497,2.0329999923706055,0.0,2.0329999923706055
2016-01-18,,,,,,
2016-01-19,2.068000078201294,2.068000078201294,2.0209999084472656,2.0350000858306885,0.0,2.0350000858306885
2016-01-20,1.968999981880188,2.0,1.9390000104904175,1.9839999675750732,0.0,1.9839999675750732
2016-01-21,1.975000023841858,2.0350000858306885,1.9579999446868896,2.0190000534057617,0.0,2.0190000534057617
2016-01-22,2.068000078201294,2.0889999866485596,2.046999931335449,2.0480000972747803,0.0,2.0480000972747803
2016-01-25,2.0290000438690186,2.0409998893737793,2.015000104904175,2.0220000743865967,0.0,2.0220000743865967
2016-01-26,1.996000051498413,2.0269999504089355,1.9919999837875366,1.99399995803833,0.0,1.99399995803833
2016-01-27,2.0190000534057617,2.052000045776367,1.9980000257492065,2.000999927520752,0.0,2.000999927520752
2016-01-28,2.005000114440918,2.0380001068115234,1.9730000495910645,1.9850000143051147,0.0,1.9850000143051147
2016-01-29,1.9229999780654907,1.9559999704360962,1.9110000133514404,1.930999994277954,0.0,1.930999994277954
2016-02-01,1.9299999475479126,1.965999960899353,1.9170000553131104,1.965999960899353,0.0,1.965999960899353
2016-02-02,1.9229999780654907,1.9240000247955322,1.8619999885559082,1.8639999628067017,0.0,1.8639999628067017
2016-02-03,1.871999979019165,1.8960000276565552,1.7929999828338623,1.88100004196167,0.0,1.88100004196167
2016-02-04,1.871999979019165,1.8910000324249268,1.850000023841858,1.8639999628067017,0.0,1.8639999628067017
2016-02-05,1.8370000123977661,1.8960000276565552,1.8270000219345093,1.8480000495910645,0.0,1.8480000495910645
2016-02-08,1.7979999780654907,1.809999942779541,1.7330000400543213,1.7350000143051147,0.0,1.7350000143051147
2016-02-09,1.7359999418258667,1.7519999742507935,1.6990000009536743,1.7289999723434448,0.0,1.7289999723434448
2016-02-10,1.7619999647140503,1.7690000534057617,1.7020000219345093,1.7050000429153442,0.0,1.7050000429153442
2016-02-11,1.5670000314712524,1.6490000486373901,1.5670000314712524,1.6440000534057617,0.0,1.6440000534057617
2016-02-12,1.6740000247955322,1.7589999437332153,1.6710000038146973,1.7480000257492065,0.0,1.7480000257492065
2016-02-15,,,,,,
2016-02-16,1.7860000133514404,1.7970000505447388,1.7569999694824219,1.777999997138977,0.0,1.777999997138977
2016-02-17,1.8040000200271606,1.847000002861023,1.7970000505447388,1.819000005722046,0.0,1.819000005722046
2016-02-18,1.8209999799728394,1.8300000429153442,1.7549999952316284,1.7589999437332153,0.0,1.7589999437332153
2016-02-19,1.7450000047683716,1.784999966621399,1.7289999723434448,1.7480000257492065,0.0,1.7480000257492065
2016-02-22,1.7740000486373901,1.7760000228881836,1.7519999742507935,1.7660000324249268,0.0,1.7660000324249268
2016-02-23,1.7799999713897705,1.8140000104904175,1.7259999513626099,1.7450000047683716,0.0,1.7450000047683716
2016-02-24,1.7050000429153442,1.7419999837875366,1.6490000486373901,1.7419999837875366,0.0,1.7419999837875366
2016-02-25,1.7400000095367432,1.7450000047683716,1.6779999732971191,1.6970000267028809,0.0,1.6970000267028809
2016-02-26,1.7419999837875366,1.7829999923706055,1.7400000095367432,1.7619999647140503,0.0,1.7619999647140503
2016-02-29,1.7519999742507935,1.7680000066757202,1.7369999885559082,1.7400000095367432,0.0,1.7400000095367432
2016-03-01,1.7489999532699585,1.8370000123977661,1.7280000448226929,1.8339999914169312,0.0,1.8339999914169312
2016-03-02,1.8509999513626099,1.871999979019165,1.8279999494552612,1.8480000495910645,0.0,1.8480000495910645
2016-03-03,1.8480000495910645,1.8580000400543213,1.815000057220459,1.8300000429153442,0.0,1.8300000429153442
2016-03-04,1.8359999656677246,1.9019999504089355,1.8270000219345093,1.8830000162124634,0.0,1.8830000162124634
2016-03-07,1.9110000133514404,1.9179999828338623,1.8969999551773071,1.9019999504089355,0.0,1.9019999504089355
2016-03-08,1.8459999561309814,1.8530000448226929,1.8040000200271606,1.8320000171661377,0.0,1.8320000171661377
2016-03-09,1.88100004196167,1.8969999551773071,1.8569999933242798,1.8919999599456787,0.0,1.8919999599456787
2016-03-10,1.871000051498413,1.9520000219345093,1.8639999628067017,1.9290000200271606,0.0,1.9290000200271606
2016-03-11,1.9450000524520874,1.9859999418258667,1.9240000247955322,1.9769999980926514,0.0,1.9769999980926514
2016-03-14,1.9700000286102295,1.9700000286102295,1.9420000314712524,1.9630000591278076,0.0,1.9630000591278076
2016-03-15,1.940000057220459,1.975000023841858,1.9149999618530273,1.9589999914169312,0.0,1.9589999914169312
2016-03-16,1.9609999656677246,2.002000093460083,1.9149999618530273,1.937999963760376,0.0,1.937999963760376
2016-03-17,1.8639999628067017,1.909999966621399,1.8639999628067017,1.902999997138977,0.0,1.902999997138977
2016-03-18,1.8890000581741333,1.8960000276565552,1.8660000562667847,1.871000051498413,0.0,1.871000051498413
2016-03-21,1.8869999647140503,1.9240000247955322,1.8869999647140503,1.9229999780654907,0.0,1.9229999780654907
2016-03-22,1.8960000276565552,1.9390000104904175,1.8839999437332153,1.934999942779541,0.0,1.934999942779541
2016-03-23,1.934999942779541,1.934999942779541,1.871999979019165,1.875,0.0,1.875
2016-03-24,1.8700000047683716,1.9019999504089355,1.8530000448226929,1.899999976158142,0.0,1.899999976158142
2016-03-25,,,,,,
2016-03-28,1.899999976158142,1.9049999713897705,1.8630000352859497,1.8700000047683716,0.0,1.8700000047683716
2016-03-29,1.871999979019165,1.871999979019165,1.812000036239624,1.8140000104904175,0.0,1.8140000104904175
2016-03-30,1.8259999752044678,1.8600000143051147,1.815999984741211,1.8300000429153442,0.0,1.8300000429153442
2016-03-31,1.819000005722046,1.8320000171661377,1.7829999923706055,1.7860000133514404,0.0,1.7860000133514404
2016-04-01,1.777999997138977,1.8140000104904175,1.7619999647140503,1.7920000553131104,0.0,1.7920000553131104
2016-04-04,1.7649999856948853,1.7920000553131104,1.7640000581741333,1.7790000438690186,0.0,1.7790000438690186
2016-04-05,1.7359999418258667,1.7389999628067017,1.7170000076293945,1.7269999980926514,0.0,1.7269999980926514
2016-04-06,1.7389999628067017,1.7740000486373901,1.7319999933242798,1.7549999952316284,0.0,1.7549999952316284
2016-04-07,1.7380000352859497,1.7430000305175781,1.684999942779541,1.690999984741211,0.0,1.690999984741211
2016-04-08,1.7130000591278076,1.7380000352859497,1.7130000591278076,1.7200000286102295,0.0,1.7200000286102295
2016-04-11,1.7359999418258667,1.7549999952316284,1.7130000591278076,1.7239999771118164,0.0,1.7239999771118164
2016-04-12,1.7569999694824219,1.7829999923706055,1.7480000257492065,1.781000018119812,0.0,1.781000018119812
2016-04-13,1.7920000553131104,1.7949999570846558,1.7569999694824219,1.7619999647140503,0.0,1.7619999647140503
2016-04-14,1.7949999570846558,1.8040000200271606,1.7710000276565552,1.781000018119812,0.0,1.781000018119812
2016-04-15,1.7710000276565552,1.781999945640564,1.7400000095367432,1.7519999742507935,0.0,1.7519999742507935
2016-04-18,1.7430000305175781,1.7869999408721924,1.7410000562667847,1.7730000019073486,0.0,1.7730000019073486
2016-04-19,1.7890000343322754,1.805999994277954,1.7710000276565552,1.7829999923706055,0.0,1.7829999923706055
2016-04-20,1.777999997138977,1.8539999723434448,1.7660000324249268,1.8539999723434448,0.0,1.8539999723434448
2016-04-21,1.8680000305175781,1.8890000581741333,1.8589999675750732,1.8700000047683716,0.0,1.8700000047683716
2016-04-22,1.871999979019165,1.8969999551773071,1.8680000305175781,1.8880000114440918,0.0,1.8880000114440918
2016-04-25,1.8680000305175781,1.906999945640564,1.8680000305175781,1.9019999504089355,0.0,1.9019999504089355
2016-04-26,1.9199999570846558,1.940999984741211,1.899999976158142,1.930999994277954,0.0,1.930999994277954
2016-04-27,1.909000039100647,1.9170000553131104,1.8539999723434448,1.8600000143051147,0.0,1.8600000143051147
2016-04-28,1.843999981880188,1.871999979019165,1.8370000123977661,1.8380000591278076,0.0,1.8380000591278076
2016-04-29,1.8669999837875366,1.8739999532699585,1.819000005722046,1.819000005722046,0.0,1.819000005722046
2016-05-02,1.815999984741211,1.8669999837875366,1.815999984741211,1.8650000095367432,0.0,1.8650000095367432
2016-05-03,1.8179999589920044,1.8179999589920044,1.781999945640564,1.7999999523162842,0.0,1.7999999523162842
2016-05-04,1.7790000438690186,1.8179999589920044,1.774999976158142,1.784000039100647,0.0,1.784000039100647
2016-05-05,1.7999999523162842,1.8020000457763672,1.7450000047683716,1.746999979019165,0.0,1.746999979019165
2016-05-06,1.7419999837875366,1.7860000133514404,1.7050000429153442,1.7790000438690186,0.0,1.7790000438690186
2016-05-09,1.7740000486373901,1.7769999504089355,1.753000020980835,1.7599999904632568,0.0,1.7599999904632568
2016-05-10,1.7580000162124634,1.7680000066757202,1.746999979019165,1.7599999904632568,0.0,1.7599999904632568
2016-05-11,1.7649999856948853,1.7649999856948853,1.7209999561309814,1.7369999885559082,0.0,1.7369999885559082
2016-05-12,1.7480000257492065,1.7649999856948853,1.7410000562667847,1.7569999694824219,0.0,1.7569999694824219
2016-05-13,1.7309999465942383,1.7549999952316284,1.7050000429153442,1.7050000429153442,0.0,1.7050000429153442
2016-05-16,1.722000002861023,1.7549999952316284,1.722000002861023,1.753000020980835,0.0,1.753000020980835
2016-05-17,1.7599999904632568,1.7740000486373901,1.7359999418258667,1.7589999437332153,0.0,1.7589999437332153
2016-05-18,1.781000018119812,1.8819999694824219,1.7790000438690186,1.8799999952316284,0.0,1.8799999952316284
2016-05-19,1.8680000305175781,1.8799999952316284,1.8309999704360962,1.8450000286102295,0.0,1.8450000286102295
2016-05-20,1.8660000562667847,1.8660000562667847,1.8370000123977661,1.8489999771118164,0.0,1.8489999771118164
2016-05-23,1.8329999446868896,1.8559999465942383,1.8259999752044678,1.8380000591278076,0.0,1.8380000591278076
2016-05-24,1.8459999561309814,1.8799999952316284,1.8389999866485596,1.8589999675750732,0.0,1.8589999675750732
2016-05-25,1.8730000257492065,1.875,1.8489999771118164,1.8700000047683716,0.0,1.8700000047683716
2016-05-26,1.8609999418258667,1.8650000095367432,1.8209999799728394,1.8229999542236328,0.0,1.8229999542236328
2016-05-27,1.8270000219345093,1.8559999465942383,1.8250000476837158,1.8509999513626099,0.0,1.8509999513626099
2016-05-30,,,,,,
2016-05-31,1.8739999532699585,1.8899999856948853,1.8339999914169312,1.8339999914169312,0.0,1.8339999914169312
2016-06-01,1.8300000429153442,1.8489999771118164,1.805999994277954,1.8459999561309814,0.0,1.8459999561309814
2016-06-02,1.8389999866485596,1.840999960899353,1.7970000505447388,1.8109999895095825,0.0,1.8109999895095825
2016-06-03,1.7940000295639038,1.7970000505447388,1.6990000009536743,1.7039999961853027,0.0,1.7039999961853027
2016-06-06,1.7209999561309814,1.7419999837875366,1.7130000591278076,1.7230000495910645,0.0,1.7230000495910645
2016-06-07,1.7259999513626099,1.7259999513626099,1.7039999961853027,1.7130000591278076,0.0,1.7130000591278076
2016-06-08,1.715999960899353,1.715999960899353,1.6970000267028809,1.7059999704360962,0.0,1.7059999704360962
2016-06-09,1.6759999990463257,1.6829999685287476,1.659000039100647,1.6799999475479126,0.0,1.6799999475479126
2016-06-10,1.6579999923706055,1.6610000133514404,1.6269999742507935,1.6390000581741333,0.0,1.6390000581741333
2016-06-13,1.6390000581741333,1.6399999856948853,1.6100000143051147,1.6160000562667847,0.0,1.6160000562667847
2016-06-14,1.590999960899353,1.6160000562667847,1.5740000009536743,1.6109999418258667,0.0,1.6109999418258667
2016-06-15,1.6299999952316284,1.6299999952316284,1.5770000219345093,1.5959999561309814,0.0,1.5959999561309814
2016-06-16,1.569000005722046,1.5809999704360962,1.5180000066757202,1.5640000104904175,0.0,1.5640000104904175
2016-06-17,1.5980000495910645,1.621999979019165,1.5820000171661377,1.6180000305175781,0.0,1.6180000305175781
2016-06-20,1.6729999780654907,1.6820000410079956,1.656000018119812,1.6699999570846558,0.0,1.6699999570846558
2016-06-21,1.6799999475479126,1.7059999704360962,1.6610000133514404,1.6970000267028809,0.0,1.6970000267028809
2016-06-22,1.7029999494552612,1.7109999656677246,1.6799999475479126,1.684999942779541,0.0,1.684999942779541
2016-06-23,1.7389999628067017,1.7480000257492065,1.7079999446868896,1.7389999628067017,0.0,1.7389999628067017
2016-06-24,1.5260000228881836,1.5870000123977661,1.5260000228881836,1.5789999961853027,0.0,1.5789999961853027
2016-06-27,1.4700000286102295,1.4900000095367432,1.4500000476837158,1.4600000381469727,0.0,1.4600000381469727
2016-06-28,1.4780000448226929,1.4830000400543213,1.4500000476837158,1.4609999656677246,0.0,1.4609999656677246
2016-06-29,1.465000033378601,1.4800000190734863,1.4559999704360962,1.4769999980926514,0.0,1.4769999980926514
2016-06-30,1.503999948501587,1.5119999647140503,1.4550000429153442,1.4880000352859497,0.0,1.4880000352859497
2016-07-01,1.4290000200271606,1.4730000495910645,1.4140000343322754,1.4559999704360962,0.0,1.4559999704360962
2016-07-04,,,,,,
2016-07-05,1.4019999504089355,1.4049999713897705,1.3569999933242798,1.3669999837875366,0.0,1.3669999837875366
2016-07-06,1.3359999656677246,1.3949999809265137,1.3359999656677246,1.3849999904632568,0.0,1.3849999904632568
2016-07-07,1.3930000066757202,1.4220000505447388,1.3700000047683716,1.3869999647140503,0.0,1.3869999647140503
2016-07-08,1.3899999856948853,1.440999984741211,1.3650000095367432,1.3660000562667847,0.0,1.3660000562667847
2016-07-11,1.406999945640564,1.434000015258789,1.3899999856948853,1.434000015258789,0.0,1.434000015258789
2016-07-12,1.4739999771118164,1.531000018119812,1.4709999561309814,1.5130000114440918,0.0,1.5130000114440918
2016-07-13,1.4759999513626099,1.4809999465942383,1.4589999914169312,1.468000054359436,0.0,1.468000054359436
2016-07-14,1.5199999809265137,1.5509999990463257,1.5199999809265137,1.531000018119812,0.0,1.531000018119812
2016-07-15,1.5390000343322754,1.6009999513626099,1.5360000133514404,1.593999981880188,0.0,1.593999981880188
2016-07-18,1.5770000219345093,1.6039999723434448,1.555999994277954,1.5870000123977661,0.0,1.5870000123977661
2016-07-19,1.5529999732971191,1.5750000476837158,1.5460000038146973,1.5579999685287476,0.0,1.5579999685287476
2016-07-20,1.5679999589920044,1.5959999561309814,1.565999984741211,1.5800000429153442,0.0,1.5800000429153442
2016-07-21,1.6009999513626099,1.628000020980835,1.562999963760376,1.565000057220459,0.0,1.565000057220459
2016-07-22,1.5850000381469727,1.5989999771118164,1.5440000295639038,1.5700000524520874,0.0,1.5700000524520874
2016-07-25,1.5839999914169312,1.5839999914169312,1.5540000200271606,1.5709999799728394,0.0,1.5709999799728394
2016-07-26,1.559000015258789,1.5870000123977661,1.5490000247955322,1.562999963760376,0.0,1.562999963760376
2016-07-27,1.5700000524520874,1.5700000524520874,1.5110000371932983,1.5149999856948853,0.0,1.5149999856948853
2016-07-28,1.524999976158142,1.534999966621399,1.4930000305175781,1.5110000371932983,0.0,1.5110000371932983
2016-07-29,1.524999976158142,1.5299999713897705,1.4579999446868896,1.4579999446868896,0.0,1.4579999446868896
2016-08-01,1.49399995803833,1.5080000162124634,1.475000023841858,1.496000051498413,0.0,1.496000051498413
2016-08-02,1.5520000457763672,1.5709999799728394,1.5160000324249268,1.5369999408721924,0.0,1.5369999408721924
2016-08-03,1.5470000505447388,1.5709999799728394,1.5299999713897705,1.5420000553131104,0.0,1.5420000553131104
2016-08-04,1.5210000276565552,1.5269999504089355,1.4839999675750732,1.503000020980835,0.0,1.503000020980835
2016-08-05,1.4989999532699585,1.5870000123977661,1.4989999532699585,1.5820000171661377,0.0,1.5820000171661377
2016-08-08,1.5989999771118164,1.6160000562667847,1.5750000476837158,1.5829999446868896,0.0,1.5829999446868896
2016-08-09,1.593999981880188,1.593999981880188,1.5369999408721924,1.5449999570846558,0.0,1.5449999570846558
2016-08-10,1.531999945640564,1.5399999618530273,1.5010000467300415,1.5089999437332153,0.0,1.5089999437332153
2016-08-11,1.5149999856948853,1.5759999752044678,1.503000020980835,1.5729999542236328,0.0,1.5729999542236328
2016-08-12,1.5369999408721924,1.5369999408721924,1.4800000190734863,1.5149999856948853,0.0,1.5149999856948853
2016-08-15,1.5199999809265137,1.555999994277954,1.5190000534057617,1.5529999732971191,0.0,1.5529999732971191
2016-08-16,1.5290000438690186,1.5870000123977661,1.5149999856948853,1.5759999752044678,0.0,1.5759999752044678
2016-08-17,1.5809999704360962,1.5870000123977661,1.5369999408721924,1.5609999895095825,0.0,1.5609999895095825
2016-08-18,1.5490000247955322,1.565999984741211,1.524999976158142,1.5360000133514404,0.0,1.5360000133514404
2016-08-19,1.555999994277954,1.5920000076293945,1.555999994277954,1.5779999494552612,0.0,1.5779999494552612
2016-08-22,1.5679999589920044,1.5700000524520874,1.5360000133514404,1.5390000343322754,0.0,1.5390000343322754
2016-08-23,1.555999994277954,1.562999963760376,1.5269999504089355,1.5529999732971191,0.0,1.5529999732971191
2016-08-24,1.5490000247955322,1.5700000524520874,1.5440000295639038,1.559000015258789,0.0,1.559000015258789
2016-08-25,1.559000015258789,1.5829999446868896,1.5540000200271606,1.5770000219345093,0.0,1.5770000219345093
2016-08-26,1.565999984741211,1.6349999904632568,1.531000018119812,1.6349999904632568,0.0,1.6349999904632568
2016-08-29,1.6180000305175781,1.6180000305175781,1.562999963760376,1.565999984741211,0.0,1.565999984741211
2016-08-30,1.5700000524520874,1.5820000171661377,1.5609999895095825,1.5700000524520874,0.0,1.5700000524520874
2016-08-31,1.5750000476837158,1.5829999446868896,1.5540000200271606,1.5679999589920044,0.0,1.5679999589920044
2016-09-01,1.593999981880188,1.61899995803833,1.555999994277954,1.5700000524520874,0.0,1.5700000524520874
2016-09-02,1.5820000171661377,1.621000051498413,1.5440000295639038,1.5959999561309814,0.0,1.5959999561309814
2016-09-05,,,,,,
2016-09-06,1.6039999723434448,1.6080000400543213,1.534000039100647,1.5429999828338623,0.0,1.5429999828338623
2016-09-07,1.534000039100647,1.5440000295639038,1.5190000534057617,1.5410000085830688,0.0,1.5410000085830688
2016-09-08,1.5509999990463257,1.6200000047683716,1.5509999990463257,1.6160000562667847,0.0,1.6160000562667847
2016-09-09,1.656000018119812,1.6779999732971191,1.6469999551773071,1.6720000505447388,0.0,1.6720000505447388
2016-09-12,1.687000036239624,1.6959999799728394,1.6610000133514404,1.6720000505447388,0.0,1.6720000505447388
2016-09-13,1.6629999876022339,1.7519999742507935,1.6610000133514404,1.7339999675750732,0.0,1.7339999675750732
2016-09-14,1.7120000123977661,1.722000002861023,1.6820000410079956,1.6890000104904175,0.0,1.6890000104904175
2016-09-15,1.6820000410079956,1.7339999675750732,1.6649999618530273,1.7029999494552612,0.0,1.7029999494552612
2016-09-16,1.6699999570846558,1.7029999494552612,1.6649999618530273,1.7009999752044678,0.0,1.7009999752044678
2016-09-19,1.6929999589920044,1.7050000429153442,1.6859999895095825,1.6959999799728394,0.0,1.6959999799728394
2016-09-20,1.6859999895095825,1.6929999589920044,1.6679999828338623,1.687999963760376,0.0,1.687999963760376
2016-09-21,1.684000015258789,1.7239999771118164,1.6619999408721924,1.6679999828338623,0.0,1.6679999828338623
2016-09-22,1.6480000019073486,1.6480000019073486,1.6080000400543213,1.6319999694824219,0.0,1.6319999694824219
2016-09-23,1.6180000305175781,1.6319999694824219,1.6080000400543213,1.6150000095367432,0.0,1.6150000095367432
2016-09-26,1.5989999771118164,1.6059999465942383,1.5740000009536743,1.5889999866485596,0.0,1.5889999866485596
2016-09-27,1.562000036239624,1.5750000476837158,1.5460000038146973,1.555999994277954,0.0,1.555999994277954
2016-09-28,1.5720000267028809,1.5720000267028809,1.5429999828338623,1.5670000314712524,0.0,1.5670000314712524
2016-09-29,1.5839999914169312,1.6009999513626099,1.5429999828338623,1.5570000410079956,0.0,1.5570000410079956
2016-09-30,1.5479999780654907,1.6150000095367432,1.5449999570846558,1.6080000400543213,0.0,1.6080000400543213
2016-10-03,1.600000023841858,1.6260000467300415,1.5959999561309814,1.621999979019165,0.0,1.621999979019165
2016-10-04,1.6239999532699585,1.6859999895095825,1.6150000095367432,1.6829999685287476,0.0,1.6829999685287476
2016-10-05,1.6859999895095825,1.7300000190734863,1.6799999475479126,1.715999960899353,0.0,1.715999960899353
2016-10-06,1.7139999866485596,1.746000051498413,1.7089999914169312,1.7419999837875366,0.0,1.7419999837875366
2016-10-07,1.7410000562667847,1.7710000276565552,1.718000054359436,1.7359999418258667,0.0,1.7359999418258667
2016-10-10,1.7230000495910645,1.7230000495910645,1.7230000495910645,1.7230000495910645,0.0,1.7230000495910645
2016-10-11,1.7710000276565552,1.781000018119812,1.7450000047683716,1.7589999437332153,0.0,1.7589999437332153
2016-10-12,1.7990000247955322,1.8009999990463257,1.7710000276565552,1.777999997138977,0.0,1.777999997138977
2016-10-13,1.7549999952316284,1.7599999904632568,1.7289999723434448,1.7380000352859497,0.0,1.7380000352859497
2016-10-14,1.777999997138977,1.7940000295639038,1.7519999742507935,1.7940000295639038,0.0,1.7940000295639038
2016-10-17,1.7890000343322754,1.7890000343322754,1.7569999694824219,1.7660000324249268,0.0,1.7660000324249268
2016-10-18,1.7699999809265137,1.7869999408721924,1.7450000047683716,1.7489999532699585,0.0,1.7489999532699585
2016-10-19,1.75600004196167,1.7699999809265137,1.7289999723434448,1.7519999742507935,0.0,1.7519999742507935
2016-10-20,1.7489999532699585,1.7680000066757202,1.7239999771118164,1.746999979019165,0.0,1.746999979019165
2016-10-21,1.7510000467300415,1.7580000162124634,1.7309999465942383,1.7400000095367432,0.0,1.7400000095367432
2016-10-24,1.7369999885559082,1.774999976158142,1.7259999513626099,1.7630000114440918,0.0,1.7630000114440918
2016-10-25,1.7740000486373901,1.7790000438690186,1.7419999837875366,1.7580000162124634,0.0,1.7580000162124634
2016-10-26,1.781000018119812,1.7970000505447388,1.7740000486373901,1.7899999618530273,0.0,1.7899999618530273
2016-10-27,1.8200000524520874,1.8700000047683716,1.815000057220459,1.843000054359436,0.0,1.843000054359436
2016-10-28,1.8650000095367432,1.878999948501587,1.8329999446868896,1.8450000286102295,0.0,1.8450000286102295
2016-10-31,1.840000033378601,1.843000054359436,1.8259999752044678,1.8339999914169312,0.0,1.8339999914169312
2016-11-01,1.847000002861023,1.878999948501587,1.8109999895095825,1.8200000524520874,0.0,1.8200000524520874
2016-11-02,1.7990000247955322,1.8220000267028809,1.7740000486373901,1.7990000247955322,0.0,1.7990000247955322
2016-11-03,1.819000005722046,1.8289999961853027,1.805999994277954,1.812000036239624,0.0,1.812000036239624
2016-11-04,1.7979999780654907,1.8209999799728394,1.7710000276565552,1.7829999923706055,0.0,1.7829999923706055
2016-11-07,1.8170000314712524,1.8329999446868896,1.8140000104904175,1.8279999494552612,0.0,1.8279999494552612
2016-11-08,1.8229999542236328,1.8739999532699585,1.819000005722046,1.8619999885559082,0.0,1.8619999885559082
2016-11-09,1.9570000171661377,2.0899999141693115,1.9279999732971191,2.072000026702881,0.0,2.072000026702881
2016-11-10,2.117000102996826,2.125999927520752,2.065999984741211,2.117000102996826,0.0,2.117000102996826
2016-11-11,,,,,,
2016-11-14,2.23799991607666,2.2699999809265137,2.188999891281128,2.2219998836517334,0.0,2.2219998836517334
2016-11-15,2.2149999141693115,2.242000102996826,2.2009999752044678,2.23799991607666,0.0,2.23799991607666
2016-11-16,2.2790000438690186,2.2790000438690186,2.2049999237060547,2.2230000495910645,0.0,2.2230000495910645
2016-11-17,2.2230000495910645,2.2829999923706055,2.2230000495910645,2.2760000228881836,0.0,2.2760000228881836
2016-11-18,2.2799999713897705,2.3550000190734863,2.2669999599456787,2.3350000381469727,0.0,2.3350000381469727
2016-11-21,2.315000057220459,2.3410000801086426,2.309999942779541,2.3389999866485596,0.0,2.3389999866485596
2016-11-22,2.2980000972747803,2.3259999752044678,2.2869999408721924,2.321000099182129,0.0,2.321000099182129
2016-11-23,2.321000099182129,2.4170000553131104,2.321000099182129,2.3570001125335693,0.0,2.3570001125335693
2016-11-24,,,,,,
2016-11-25,2.378999948501587,2.3919999599456787,2.3499999046325684,2.371999979019165,0.0,2.371999979019165
2016-11-28,2.325000047683716,2.3450000286102295,2.313999891281128,2.319999933242798,0.0,2.319999933242798
2016-11-29,2.3269999027252197,2.3499999046325684,2.299999952316284,2.302000045776367,0.0,2.302000045776367
2016-11-30,2.3589999675750732,2.4100000858306885,2.3540000915527344,2.368000030517578,0.0,2.368000030517578
2016-12-01,2.4140000343322754,2.492000102996826,2.4030001163482666,2.440999984741211,0.0,2.440999984741211
2016-12-02,2.427000045776367,2.438999891281128,2.374000072479248,2.390000104904175,0.0,2.390000104904175
2016-12-05,2.4230000972747803,2.4489998817443848,2.361999988555908,2.38700008392334,0.0,2.38700008392334
2016-12-06,2.384999990463257,2.4030001163482666,2.378000020980835,2.3959999084472656,0.0,2.3959999084472656
2016-12-07,2.371000051498413,2.375999927520752,2.3459999561309814,2.3469998836517334,0.0,2.3469998836517334
2016-12-08,2.3929998874664307,2.424999952316284,2.371000051498413,2.38700008392334,0.0,2.38700008392334
2016-12-09,2.4130001068115234,2.4779999256134033,2.3980000019073486,2.4639999866485596,0.0,2.4639999866485596
2016-12-12,2.51200008392334,2.51200008392334,2.4660000801086426,2.4790000915527344,0.0,2.4790000915527344
2016-12-13,2.4489998817443848,2.494999885559082,2.438999891281128,2.4809999465942383,0.0,2.4809999465942383
2016-12-14,2.444000005722046,2.5299999713897705,2.4240000247955322,2.5250000953674316,0.0,2.5250000953674316
2016-12-15,2.61899995803833,2.621000051498413,2.565000057220459,2.5799999237060547,0.0,2.5799999237060547
2016-12-16,2.568000078201294,2.61899995803833,2.555000066757202,2.5969998836517334,0.0,2.5969998836517334
2016-12-19,2.563999891281128,2.569999933242798,2.5290000438690186,2.5420000553131104,0.0,2.5420000553131104
2016-12-20,2.565999984741211,2.5899999141693115,2.556999921798706,2.568000078201294,0.0,2.568000078201294
2016-12-21,2.565999984741211,2.568000078201294,2.5369999408721924,2.5460000038146973,0.0,2.5460000038146973
2016-12-22,2.552000045776367,2.5759999752044678,2.5439999103546143,2.552999973297119,0.0,2.552999973297119
2016-12-23,2.5409998893737793,2.5450000762939453,2.5260000228881836,2.5429999828338623,0.0,2.5429999828338623
2016-12-26,,,,,,
2016-12-27,2.552000045776367,2.5759999752044678,2.549999952316284,2.562999963760376,0.0,2.562999963760376
2016-12-28,2.559999942779541,2.562999963760376,2.503000020980835,2.50600004196167,0.0,2.50600004196167
2016-12-29,2.4860000610351562,2.496999979019165,2.4600000381469727,2.4769999980926514,0.0,2.4769999980926514
2016-12-30,2.4739999771118164,2.4830000400543213,2.431999921798706,2.446000099182129,0.0,2.446000099182129
2017-01-02,,,,,,
2017-01-03,2.510999917984009,2.5179998874664307,2.447999954223633,2.450000047683716,0.0,2.450000047683716
2017-01-04,2.4560000896453857,2.4739999771118164,2.434000015258789,2.4519999027252197,0.0,2.4519999027252197
2017-01-05,2.438999891281128,2.443000078201294,2.3459999561309814,2.368000030517578,0.0,2.368000030517578
2017-01-06,2.3389999866485596,2.424999952316284,2.3389999866485596,2.4179999828338623,0.0,2.4179999828338623
2017-01-09,2.38700008392334,2.3919999599456787,2.368000030517578,2.375999927520752,0.0,2.375999927520752
2017-01-10,2.390000104904175,2.3919999599456787,2.36299991607666,2.378999948501587,0.0,2.378999948501587
2017-01-11,2.371999979019165,2.3980000019073486,2.3289999961853027,2.369999885559082,0.0,2.369999885559082
2017-01-12,2.3359999656677246,2.36299991607666,2.309000015258789,2.3610000610351562,0.0,2.3610000610351562
2017-01-13,2.3359999656677246,2.430999994277954,2.3359999656677246,2.380000114440918,0.0,2.380000114440918
2017-01-16,,,,,,
2017-01-17,2.3329999446868896,2.3540000915527344,2.312999963760376,2.3269999027252197,0.0,2.3269999027252197
2017-01-18,2.361999988555908,2.3970000743865967,2.3580000400543213,2.3889999389648438,0.0,2.3889999389648438
2017-01-19,2.434999942779541,2.496000051498413,2.433000087738037,2.4590001106262207,0.0,2.4590001106262207
2017-01-20,2.497999906539917,2.513000011444092,2.4600000381469727,2.4670000076293945,0.0,2.4670000076293945
2017-01-23,2.4579999446868896,2.4709999561309814,2.38100004196167,2.4030001163482666,0.0,2.4030001163482666
2017-01-24,2.436000108718872,2.4730000495910645,2.4189999103546143,2.4709999561309814,0.0,2.4709999561309814
2017-01-25,2.4820001125335693,2.5360000133514404,2.4820001125335693,2.5230000019073486,0.0,2.5230000019073486
2017-01-26,2.5380001068115234,2.555000066757202,2.503999948501587,2.507999897003174,0.0,2.507999897003174
2017-01-27,2.5209999084472656,2.5250000953674316,2.4809999465942383,2.4809999465942383,0.0,2.4809999465942383
2017-01-30,2.490000009536743,2.496999979019165,2.4660000801086426,2.4830000400543213,0.0,2.4830000400543213
2017-01-31,2.484999895095825,2.496000051498413,2.433000087738037,2.4509999752044678,0.0,2.4509999752044678
2017-02-01,2.486999988555908,2.5160000324249268,2.4630000591278076,2.4739999771118164,0.0,2.4739999771118164
2017-02-02,2.4549999237060547,2.4739999771118164,2.433000087738037,2.4700000286102295,0.0,2.4700000286102295
2017-02-03,2.4830000400543213,2.502000093460083,2.427999973297119,2.490999937057495,0.0,2.490999937057495
2017-02-06,2.421999931335449,2.4579999446868896,2.4059998989105225,2.4130001068115234,0.0,2.4130001068115234
2017-02-07,2.4230000972747803,2.440999984741211,2.367000102996826,2.3889999389648438,0.0,2.3889999389648438
2017-02-08,2.365999937057495,2.371000051498413,2.325000047683716,2.3510000705718994,0.0,2.3510000705718994
2017-02-09,2.3519999980926514,2.3980000019073486,2.3489999771118164,2.3949999809265137,0.0,2.3949999809265137
2017-02-10,2.4110000133514404,2.434000015258789,2.3970000743865967,2.4089999198913574,0.0,2.4089999198913574
2017-02-13,2.436000108718872,2.4519999027252197,2.427000045776367,2.434000015258789,0.0,2.434000015258789
2017-02-14,2.440999984741211,2.502000093460083,2.430999994277954,2.4700000286102295,0.0,2.4700000286102295
2017-02-15,2.4839999675750732,2.5239999294281006,2.4830000400543213,2.502000093460083,0.0,2.502000093460083
2017-02-16,2.4749999046325684,2.492000102996826,2.437999963760376,2.450000047683716,0.0,2.450000047683716
2017-02-17,2.4059998989105225,2.428999900817871,2.4000000953674316,2.424999952316284,0.0,2.424999952316284
2017-02-20,,,,,,
2017-02-21,2.4560000896453857,2.4609999656677246,2.4130001068115234,2.427000045776367,0.0,2.427000045776367
2017-02-22,2.4079999923706055,2.4539999961853027,2.3919999599456787,2.4179999828338623,0.0,2.4179999828338623
2017-02-23,2.3989999294281006,2.3989999294281006,2.38100004196167,2.388000011444092,0.0,2.388000011444092
2017-02-24,2.3529999256134033,2.3529999256134033,2.313999891281128,2.316999912261963,0.0,2.316999912261963
2017-02-27,2.3310000896453857,2.369999885559082,2.3289999961853027,2.36899995803833,0.0,2.36899995803833
2017-02-28,2.3559999465942383,2.36899995803833,2.3369998931884766,2.3580000400543213,0.0,2.3580000400543213
2017-03-01,2.434999942779541,2.4709999561309814,2.434999942779541,2.4630000591278076,0.0,2.4630000591278076
2017-03-02,2.4820001125335693,2.505000114440918,2.4649999141693115,2.489000082015991,0.0,2.489000082015991
2017-03-03,2.49399995803833,2.5199999809265137,2.4820001125335693,2.492000102996826,0.0,2.492000102996826
2017-03-06,2.4709999561309814,2.506999969482422,2.4639999866485596,2.49399995803833,0.0,2.49399995803833
2017-03-07,2.510999917984009,2.5179998874664307,2.503000020980835,2.510999917984009,0.0,2.510999917984009
2017-03-08,2.566999912261963,2.5829999446868896,2.5450000762939453,2.552000045776367,0.0,2.552000045776367
2017-03-09,2.562999963760376,2.6070001125335693,2.558000087738037,2.5980000495910645,0.0,2.5980000495910645
2017-03-10,2.61299991607666,2.615000009536743,2.575000047683716,2.5820000171661377,0.0,2.5820000171661377
2017-03-13,2.578000068664551,2.615000009536743,2.5759999752044678,2.6080000400543213,0.0,2.6080000400543213
2017-03-14,2.6080000400543213,2.61299991607666,2.5880000591278076,2.5950000286102295,0.0,2.5950000286102295
2017-03-15,2.5769999027252197,2.5910000801086426,2.50600004196167,2.507999897003174,0.0,2.507999897003174
2017-03-16,2.5220000743865967,2.5380001068115234,2.515000104904175,2.5220000743865967,0.0,2.5220000743865967
2017-03-17,2.5220000743865967,2.5309998989105225,2.490000009536743,2.500999927520752,0.0,2.500999927520752
2017-03-20,2.503999948501587,2.509999990463257,2.4719998836517334,2.4730000495910645,0.0,2.4730000495910645
2017-03-21,2.493000030517578,2.499000072479248,2.4210000038146973,2.436000108718872,0.0,2.436000108718872
2017-03-22,2.4189999103546143,2.4210000038146973,2.375,2.3959999084472656,0.0,2.3959999084472656
2017-03-23,2.4119999408721924,2.437000036239624,2.38700008392334,2.4179999828338623,0.0,2.4179999828338623
2017-03-24,2.4159998893737793,2.424999952316284,2.3929998874664307,2.4000000953674316,0.0,2.4000000953674316
2017-03-27,2.3589999675750732,2.381999969482422,2.3480000495910645,2.372999906539917,0.0,2.372999906539917
2017-03-28,2.365999937057495,2.4200000762939453,2.3570001125335693,2.4089999198913574,0.0,2.4089999198913574
2017-03-29,2.4030001163482666,2.4049999713897705,2.378000020980835,2.385999917984009,0.0,2.385999917984009
2017-03-30,2.381999969482422,2.4200000762939453,2.378000020980835,2.4159998893737793,0.0,2.4159998893737793
2017-03-31,2.4140000343322754,2.427000045776367,2.3949999809265137,2.3959999084472656,0.0,2.3959999084472656
2017-04-03,2.380000114440918,2.3910000324249268,2.3320000171661377,2.3499999046325684,0.0,2.3499999046325684
2017-04-04,2.325000047683716,2.3589999675750732,2.321000099182129,2.3499999046325684,0.0,2.3499999046325684
2017-04-05,2.377000093460083,2.384000062942505,2.3529999256134033,2.3570001125335693,0.0,2.3570001125335693
2017-04-06,2.3480000495910645,2.368000030517578,2.328000068664551,2.3429999351501465,0.0,2.3429999351501465
2017-04-07,2.313999891281128,2.372999906539917,2.2709999084472656,2.372999906539917,0.0,2.372999906539917
2017-04-10,2.390000104904175,2.3910000324249268,2.3459999561309814,2.3610000610351562,0.0,2.3610000610351562
2017-04-11,2.3429999351501465,2.3429999351501465,2.2929999828338623,2.2980000972747803,0.0,2.2980000972747803
2017-04-12,2.2929999828338623,2.305000066757202,2.2780001163482666,2.2960000038146973,0.0,2.2960000038146973
2017-04-13,2.239000082015991,2.2709999084472656,2.2200000286102295,2.2320001125335693,0.0,2.2320001125335693
2017-04-14,,,,,,
2017-04-17,2.2200000286102295,2.252000093460083,2.2179999351501465,2.252000093460083,0.0,2.252000093460083
2017-04-18,2.2230000495910645,2.2269999980926514,2.177000045776367,2.178999900817871,0.0,2.178999900817871
2017-04-19,2.2090001106262207,2.2249999046325684,2.200000047683716,2.2019999027252197,0.0,2.2019999027252197
2017-04-20,2.2360000610351562,2.256999969482422,2.2249999046325684,2.240999937057495,0.0,2.240999937057495
2017-04-21,2.239000082015991,2.239000082015991,2.2090001106262207,2.236999988555908,0.0,2.236999988555908
2017-04-24,2.312999963760376,2.312999963760376,2.2660000324249268,2.2730000019073486,0.0,2.2730000019073486
2017-04-25,2.305000066757202,2.3340001106262207,2.2960000038146973,2.3269999027252197,0.0,2.3269999027252197
2017-04-26,2.3399999141693115,2.3499999046325684,2.309000015258789,2.311000108718872,0.0,2.311000108718872
2017-04-27,2.311000108718872,2.322000026702881,2.2820000648498535,2.2960000038146973,0.0,2.2960000038146973
2017-04-28,2.312999963760376,2.3359999656677246,2.2820000648498535,2.2820000648498535,0.0,2.2820000648498535
2017-05-01,2.2909998893737793,2.3380000591278076,2.2799999713897705,2.325000047683716,0.0,2.325000047683716
2017-05-02,2.3380000591278076,2.3399999141693115,2.2929999828338623,2.2960000038146973,0.0,2.2960000038146973
2017-05-03,2.2790000438690186,2.318000078201294,2.2790000438690186,2.309000015258789,0.0,2.309000015258789
2017-05-04,2.3410000801086426,2.36899995803833,2.3380000591278076,2.3559999465942383,0.0,2.3559999465942383
2017-05-05,2.3610000610351562,2.380000114440918,2.3380000591278076,2.3519999980926514,0.0,2.3519999980926514
2017-05-08,2.3329999446868896,2.390000104904175,2.3310000896453857,2.375999927520752,0.0,2.375999927520752
2017-05-09,2.3889999389648438,2.4159998893737793,2.3889999389648438,2.4070000648498535,0.0,2.4070000648498535
2017-05-10,2.38100004196167,2.4159998893737793,2.371000051498413,2.4140000343322754,0.0,2.4140000343322754
2017-05-11,2.3940000534057617,2.4230000972747803,2.3910000324249268,2.4000000953674316,0.0,2.4000000953674316
2017-05-12,2.378999948501587,2.380000114440918,2.322000026702881,2.3350000381469727,0.0,2.3350000381469727
2017-05-15,2.3420000076293945,2.3499999046325684,2.3329999446868896,2.3380000591278076,0.0,2.3380000591278076
2017-05-16,2.3540000915527344,2.3589999675750732,2.308000087738037,2.3289999961853027,0.0,2.3289999961853027
2017-05-17,2.2869999408721924,2.2869999408721924,2.2119998931884766,2.2160000801086426,0.0,2.2160000801086426
2017-05-18,2.196000099182129,2.23799991607666,2.190999984741211,2.2330000400543213,0.0,2.2330000400543213
2017-05-19,2.246999979019165,2.260999917984009,2.2330000400543213,2.244999885559082,0.0,2.244999885559082
2017-05-22,2.249000072479248,2.25600004196167,2.23799991607666,2.253999948501587,0.0,2.253999948501587
2017-05-23,2.244999885559082,2.2890000343322754,2.234999895095825,2.2850000858306885,0.0,2.2850000858306885
2017-05-24,2.2760000228881836,2.296999931335449,2.253999948501587,2.2660000324249268,0.0,2.2660000324249268
2017-05-25,2.247999906539917,2.2690000534057617,2.247999906539917,2.255000114440918,0.0,2.255000114440918
2017-05-26,2.2339999675750732,2.252000093460083,2.2309999465942383,2.25,0.0,2.25
2017-05-29,,,,,,
2017-05-30,2.23799991607666,2.247999906539917,2.2130000591278076,2.2170000076293945,0.0,2.2170000076293945
2017-05-31,2.2200000286102295,2.2219998836517334,2.196000099182129,2.196000099182129,0.0,2.196000099182129
2017-06-01,2.2290000915527344,2.239000082015991,2.2149999141693115,2.2170000076293945,0.0,2.2170000076293945
2017-06-02,2.2060000896453857,2.2079999446868896,2.1440000534057617,2.1589999198913574,0.0,2.1589999198913574
2017-06-05,2.174999952316284,2.188999891281128,2.1700000762939453,2.181999921798706,0.0,2.181999921798706
2017-06-06,2.1419999599456787,2.1540000438690186,2.132999897003174,2.1470000743865967,0.0,2.1470000743865967
2017-06-07,2.1540000438690186,2.183000087738037,2.1449999809265137,2.177999973297119,0.0,2.177999973297119
2017-06-08,2.2019999027252197,2.2149999141693115,2.180000066757202,2.194000005722046,0.0,2.194000005722046
2017-06-09,2.2090001106262207,2.2290000915527344,2.197000026702881,2.1989998817443848,0.0,2.1989998817443848
2017-06-12,2.2109999656677246,2.2230000495910645,2.187000036239624,2.2130000591278076,0.0,2.2130000591278076
2017-06-13,2.2130000591278076,2.2269999980926514,2.200000047683716,2.2070000171661377,0.0,2.2070000171661377
2017-06-14,2.200000047683716,2.2019999027252197,2.1029999256134033,2.138000011444092,0.0,2.138000011444092
2017-06-15,2.1519999504089355,2.171999931335449,2.1519999504089355,2.1619999408721924,0.0,2.1619999408721924
2017-06-16,2.1740000247955322,2.178999900817871,2.1440000534057617,2.1570000648498535,0.0,2.1570000648498535
2017-06-19,2.1459999084472656,2.190999984741211,2.1459999084472656,2.190000057220459,0.0,2.190000057220459
2017-06-20,2.1740000247955322,2.183000087738037,2.1510000228881836,2.1530001163482666,0.0,2.1530001163482666
2017-06-21,2.1670000553131104,2.177000045776367,2.1510000228881836,2.1549999713897705,0.0,2.1549999713897705
2017-06-22,2.1579999923706055,2.1649999618530273,2.1389999389648438,2.1530001163482666,0.0,2.1530001163482666
2017-06-23,2.1549999713897705,2.1670000553131104,2.1440000534057617,2.1440000534057617,0.0,2.1440000534057617
2017-06-26,2.1440000534057617,2.1470000743865967,2.121000051498413,2.13700008392334,0.0,2.13700008392334
2017-06-27,2.1700000762939453,2.2160000801086426,2.1679999828338623,2.197999954223633,0.0,2.197999954223633
2017-06-28,2.2090001106262207,2.240000009536743,2.2049999237060547,2.2209999561309814,0.0,2.2209999561309814
2017-06-29,2.2790000438690186,2.296999931335449,2.257999897003174,2.2669999599456787,0.0,2.2669999599456787
2017-06-30,2.265000104904175,2.305000066757202,2.265000104904175,2.302000045776367,0.0,2.302000045776367
2017-07-03,2.309000015258789,2.3529999256134033,2.2899999618530273,2.3459999561309814,0.0,2.3459999561309814
2017-07-04,,,,,,
2017-07-05,2.3359999656677246,2.3570001125335693,2.322999954223633,2.3340001106262207,0.0,2.3340001106262207
2017-07-06,2.372999906539917,2.3910000324249268,2.361999988555908,2.369999885559082,0.0,2.369999885559082
2017-07-07,2.38700008392334,2.3959999084472656,2.361999988555908,2.3929998874664307,0.0,2.3929998874664307
2017-07-10,2.372999906539917,2.385999917984009,2.364000082015991,2.371000051498413,0.0,2.371000051498413
2017-07-11,2.38700008392334,2.3910000324249268,2.3550000190734863,2.361999988555908,0.0,2.361999988555908
2017-07-12,2.3519999980926514,2.3519999980926514,2.302000045776367,2.3269999027252197,0.0,2.3269999027252197
2017-07-13,2.3320000171661377,2.365999937057495,2.328000068664551,2.3480000495910645,0.0,2.3480000495910645
2017-07-14,2.3359999656677246,2.3359999656677246,2.2790000438690186,2.319000005722046,0.0,2.319000005722046
2017-07-17,2.305000066757202,2.3299999237060547,2.305000066757202,2.309000015258789,0.0,2.309000015258789
2017-07-18,2.2929999828338623,2.299999952316284,2.259000062942505,2.263000011444092,0.0,2.263000011444092
2017-07-19,2.2709999084472656,2.2750000953674316,2.255000114440918,2.2679998874664307,0.0,2.2679998874664307
2017-07-20,2.255000114440918,2.2709999084472656,2.23799991607666,2.2660000324249268,0.0,2.2660000324249268
2017-07-21,2.246000051498413,2.252000093460083,2.2249999046325684,2.2320001125335693,0.0,2.2320001125335693
2017-07-24,2.244999885559082,2.260999917984009,2.240999937057495,2.253999948501587,0.0,2.253999948501587
2017-07-25,2.2799999713897705,2.328000068664551,2.2780001163482666,2.3259999752044678,0.0,2.3259999752044678
2017-07-26,2.328000068664551,2.3369998931884766,2.2820000648498535,2.2820000648498535,0.0,2.2820000648498535
2017-07-27,2.306999921798706,2.3259999752044678,2.299999952316284,2.309999942779541,0.0,2.309999942779541
2017-07-28,2.328000068664551,2.328000068664551,2.2869999408721924,2.2890000343322754,0.0,2.2890000343322754
2017-07-31,2.2939999103546143,2.305000066757202,2.2909998893737793,2.2920000553131104,0.0,2.2920000553131104
2017-08-01,2.305000066757202,2.321000099182129,2.250999927520752,2.250999927520752,0.0,2.250999927520752
2017-08-02,2.2709999084472656,2.2839999198913574,2.243000030517578,2.26200008392334,0.0,2.26200008392334
2017-08-03,2.243000030517578,2.250999927520752,2.2279999256134033,2.2279999256134033,0.0,2.2279999256134033
2017-08-04,2.2320001125335693,2.2909998893737793,2.2300000190734863,2.2669999599456787,0.0,2.2669999599456787
2017-08-07,2.2760000228881836,2.2760000228881836,2.253000020980835,2.256999969482422,0.0,2.256999969482422
2017-08-08,2.259999990463257,2.2909998893737793,2.253000020980835,2.2829999923706055,0.0,2.2829999923706055
2017-08-09,2.2249999046325684,2.249000072479248,2.2119998931884766,2.240999937057495,0.0,2.240999937057495
2017-08-10,2.240999937057495,2.240999937057495,2.2100000381469727,2.2119998931884766,0.0,2.2119998931884766
2017-08-11,2.1989998817443848,2.2219998836517334,2.181999921798706,2.188999891281128,0.0,2.188999891281128
2017-08-14,2.2190001010894775,2.2269999980926514,2.203000068664551,2.2190001010894775,0.0,2.2190001010894775
2017-08-15,2.260999917984009,2.2829999923706055,2.25,2.2660000324249268,0.0,2.2660000324249268
2017-08-16,2.2799999713897705,2.2820000648498535,2.2200000286102295,2.2260000705718994,0.0,2.2260000705718994
2017-08-17,2.240000009536743,2.246999979019165,2.197999954223633,2.1989998817443848,0.0,2.1989998817443848
2017-08-18,2.184000015258789,2.2109999656677246,2.1630001068115234,2.194000005722046,0.0,2.194000005722046
2017-08-21,2.177999973297119,2.197000026702881,2.177000045776367,2.180000066757202,0.0,2.180000066757202
2017-08-22,2.2060000896453857,2.2170000076293945,2.197000026702881,2.2149999141693115,0.0,2.2149999141693115
2017-08-23,2.196000099182129,2.196000099182129,2.1710000038146973,2.1710000038146973,0.0,2.1710000038146973
2017-08-24,2.184999942779541,2.194000005722046,2.174999952316284,2.194000005722046,0.0,2.194000005722046
2017-08-25,2.196000099182129,2.203000068664551,2.1619999408721924,2.1689999103546143,0.0,2.1689999103546143
2017-08-28,2.1760001182556152,2.180000066757202,2.1549999713897705,2.1589999198913574,0.0,2.1589999198913574
2017-08-29,2.111999988555908,2.1410000324249268,2.0910000801086426,2.135999917984009,0.0,2.135999917984009
2017-08-30,2.1429998874664307,2.1549999713897705,2.132999897003174,2.1429998874664307,0.0,2.1429998874664307
2017-08-31,2.1429998874664307,2.1480000019073486,2.121000051498413,2.121000051498413,0.0,2.121000051498413
2017-09-01,2.127000093460083,2.1670000553131104,2.0999999046325684,2.1570000648498535,0.0,2.1570000648498535
2017-09-04,,,,,,
2017-09-05,2.138000011444092,2.138000011444092,2.066999912261963,2.069999933242798,0.0,2.069999933242798
2017-09-06,2.075000047683716,2.109999895095825,2.059999942779541,2.1080000400543213,0.0,2.1080000400543213
2017-09-07,2.0840001106262207,2.0940001010894775,2.0339999198913574,2.061000108718872,0.0,2.061000108718872
2017-09-08,2.0369999408721924,2.075000047683716,2.0369999408721924,2.061000108718872,0.0,2.061000108718872
2017-09-11,2.1029999256134033,2.134000062942505,2.0980000495910645,2.125,0.0,2.125
2017-09-12,2.1459999084472656,2.180000066757202,2.1429998874664307,2.1710000038146973,0.0,2.1710000038146973
2017-09-13,2.1670000553131104,2.197000026702881,2.1600000858306885,2.194999933242798,0.0,2.194999933242798
2017-09-14,2.2079999446868896,2.2249999046325684,2.184999942779541,2.197000026702881,0.0,2.197000026702881
2017-09-15,2.197000026702881,2.2130000591278076,2.183000087738037,2.2019999027252197,0.0,2.2019999027252197
2017-09-18,2.2149999141693115,2.23799991607666,2.2109999656677246,2.2290000915527344,0.0,2.2290000915527344
2017-09-19,2.2200000286102295,2.244999885559082,2.2160000801086426,2.243000030517578,0.0,2.243000030517578
2017-09-20,2.2320001125335693,2.2890000343322754,2.2300000190734863,2.2769999504089355,0.0,2.2769999504089355
2017-09-21,2.260999917984009,2.2780001163482666,2.244999885559082,2.2780001163482666,0.0,2.2780001163482666
2017-09-22,2.253000020980835,2.2660000324249268,2.239000082015991,2.26200008392334,0.0,2.26200008392334
2017-09-25,2.243000030517578,2.256999969482422,2.2149999141693115,2.2200000286102295,0.0,2.2200000286102295
2017-09-26,2.2249999046325684,2.246000051498413,2.2200000286102295,2.2290000915527344,0.0,2.2290000915527344
2017-09-27,2.2869999408721924,2.315999984741211,2.2869999408721924,2.309000015258789,0.0,2.309000015258789
2017-09-28,2.3320000171661377,2.3440001010894775,2.306999921798706,2.309000015258789,0.0,2.309000015258789
2017-09-29,2.312000036239624,2.3389999866485596,2.2960000038146973,2.3259999752044678,0.0,2.3259999752044678
2017-10-02,2.3410000801086426,2.3440001010894775,2.318000078201294,2.3369998931884766,0.0,2.3369998931884766
2017-10-03,2.3480000495910645,2.3610000610351562,2.3269999027252197,2.3340001106262207,0.0,2.3340001106262207
2017-10-04,2.309000015258789,2.3480000495910645,2.309000015258789,2.3299999237060547,0.0,2.3299999237060547
2017-10-05,2.325000047683716,2.3589999675750732,2.319000005722046,2.3499999046325684,0.0,2.3499999046325684
2017-10-06,2.365999937057495,2.4019999504089355,2.3540000915527344,2.369999885559082,0.0,2.369999885559082
2017-10-09,2.3610000610351562,2.3610000610351562,2.3610000610351562,2.3610000610351562,0.0,2.3610000610351562
2017-10-10,2.3550000190734863,2.364000082015991,2.319000005722046,2.3450000286102295,0.0,2.3450000286102295
2017-10-11,2.3459999561309814,2.3519999980926514,2.3320000171661377,2.3450000286102295,0.0,2.3450000286102295
2017-10-12,2.3340001106262207,2.3459999561309814,2.318000078201294,2.322999954223633,0.0,2.322999954223633
2017-10-13,2.3289999961853027,2.3320000171661377,2.2730000019073486,2.2799999713897705,0.0,2.2799999713897705
2017-10-16,2.2890000343322754,2.312000036239624,2.2869999408721924,2.306999921798706,0.0,2.306999921798706
2017-10-17,2.305000066757202,2.3289999961853027,2.2980000972747803,2.2980000972747803,0.0,2.2980000972747803
2017-10-18,2.3320000171661377,2.3499999046325684,2.3289999961853027,2.3389999866485596,0.0,2.3389999866485596
2017-10-19,2.313999891281128,2.3289999961853027,2.2980000972747803,2.321000099182129,0.0,2.321000099182129
2017-10-20,2.365000009536743,2.3919999599456787,2.36299991607666,2.38100004196167,0.0,2.38100004196167
2017-10-23,2.384999990463257,2.388000011444092,2.36299991607666,2.375999927520752,0.0,2.375999927520752
2017-10-24,2.4079999923706055,2.4140000343322754,2.3970000743865967,2.4059998989105225,0.0,2.4059998989105225
2017-10-25,2.450000047683716,2.4749999046325684,2.430000066757202,2.444000005722046,0.0,2.444000005722046
2017-10-26,2.424999952316284,2.4570000171661377,2.4230000972747803,2.4519999027252197,0.0,2.4519999027252197
2017-10-27,2.4590001106262207,2.4700000286102295,2.4189999103546143,2.427999973297119,0.0,2.427999973297119
2017-10-30,2.4049999713897705,2.4079999923706055,2.369999885559082,2.369999885559082,0.0,2.369999885559082
2017-10-31,2.369999885559082,2.378999948501587,2.36899995803833,2.375999927520752,0.0,2.375999927520752
2017-11-01,2.3980000019073486,2.4010000228881836,2.3489999771118164,2.375999927520752,0.0,2.375999927520752
2017-11-02,2.36299991607666,2.369999885559082,2.3359999656677246,2.3469998836517334,0.0,2.3469998836517334
2017-11-03,2.3510000705718994,2.3610000610351562,2.3239998817443848,2.3429999351501465,0.0,2.3429999351501465
2017-11-06,2.325000047683716,2.3329999446868896,2.315000057220459,2.319999933242798,0.0,2.319999933242798
2017-11-07,2.3269999027252197,2.3289999961853027,2.303999900817871,2.306999921798706,0.0,2.306999921798706
2017-11-08,2.315000057220459,2.3269999027252197,2.305999994277954,2.325000047683716,0.0,2.325000047683716
2017-11-09,2.3329999446868896,2.3450000286102295,2.315000057220459,2.3310000896453857,0.0,2.3310000896453857
2017-11-10,2.368000030517578,2.4059998989105225,2.365999937057495,2.4000000953674316,0.0,2.4000000953674316
2017-11-13,2.381999969482422,2.4040000438690186,2.378999948501587,2.4000000953674316,0.0,2.4000000953674316
2017-11-14,2.388000011444092,2.4070000648498535,2.374000072479248,2.38100004196167,0.0,2.38100004196167
2017-11-15,2.3350000381469727,2.3589999675750732,2.319000005722046,2.3350000381469727,0.0,2.3350000381469727
2017-11-16,2.3580000400543213,2.3610000610351562,2.3429999351501465,2.3610000610351562,0.0,2.3610000610351562
2017-11-17,2.367000102996826,2.374000072479248,2.3359999656677246,2.3540000915527344,0.0,2.3540000915527344
2017-11-20,2.3359999656677246,2.371999979019165,2.3359999656677246,2.371999979019165,0.0,2.371999979019165
2017-11-21,2.3580000400543213,2.374000072479248,2.3350000381469727,2.36299991607666,0.0,2.36299991607666
2017-11-22,2.368000030517578,2.371999979019165,2.319000005722046,2.322000026702881,0.0,2.322000026702881
2017-11-23,,,,,,
2017-11-24,2.3369998931884766,2.3440001010894775,2.3289999961853027,2.3399999141693115,0.0,2.3399999141693115
2017-11-27,2.3329999446868896,2.3510000705718994,2.3239998817443848,2.328000068664551,0.0,2.328000068664551
2017-11-28,2.328000068664551,2.3420000076293945,2.309999942779541,2.3380000591278076,0.0,2.3380000591278076
2017-11-29,2.36299991607666,2.3949999809265137,2.36299991607666,2.375999927520752,0.0,2.375999927520752
2017-11-30,2.390000104904175,2.437000036239624,2.38100004196167,2.4170000553131104,0.0,2.4170000553131104
2017-12-01,2.382999897003174,2.4240000247955322,2.315000057220459,2.361999988555908,0.0,2.361999988555908
2017-12-04,2.3959999084472656,2.4030001163482666,2.378000020980835,2.378999948501587,0.0,2.378999948501587
2017-12-05,2.390000104904175,2.3959999084472656,2.3550000190734863,2.3559999465942383,0.0,2.3559999465942383
2017-12-06,2.3329999446868896,2.3350000381469727,2.313999891281128,2.3299999237060547,0.0,2.3299999237060547
2017-12-07,2.3389999866485596,2.375999927520752,2.322999954223633,2.375999927520752,0.0,2.375999927520752
2017-12-08,2.38100004196167,2.3919999599456787,2.361999988555908,2.382999897003174,0.0,2.382999897003174
2017-12-11,2.361999988555908,2.38700008392334,2.3580000400543213,2.384999990463257,0.0,2.384999990463257
2017-12-12,2.3919999599456787,2.4210000038146973,2.3919999599456787,2.4030001163482666,0.0,2.4030001163482666
2017-12-13,2.4260001182556152,2.4260001182556152,2.3489999771118164,2.3489999771118164,0.0,2.3489999771118164
2017-12-14,2.367000102996826,2.3889999389648438,2.3440001010894775,2.3459999561309814,0.0,2.3459999561309814
2017-12-15,2.3580000400543213,2.380000114440918,2.3529999256134033,2.3550000190734863,0.0,2.3550000190734863
2017-12-18,2.372999906539917,2.3980000019073486,2.367000102996826,2.3919999599456787,0.0,2.3919999599456787
2017-12-19,2.4089999198913574,2.4719998836517334,2.4070000648498535,2.4630000591278076,0.0,2.4630000591278076
2017-12-20,2.4830000400543213,2.496999979019165,2.4719998836517334,2.496999979019165,0.0,2.496999979019165
2017-12-21,2.4860000610351562,2.499000072479248,2.4790000915527344,2.4809999465942383,0.0,2.4809999465942383
2017-12-22,2.484999895095825,2.492000102996826,2.4809999465942383,2.484999895095825,0.0,2.484999895095825
2017-12-25,,,,,,
2017-12-26,2.48799991607666,2.490000009536743,2.4590001106262207,2.4670000076293945,0.0,2.4670000076293945
2017-12-27,2.4670000076293945,2.4670000076293945,2.4110000133514404,2.4140000343322754,0.0,2.4140000343322754
2017-12-28,2.431999921798706,2.440999984741211,2.4200000762939453,2.431999921798706,0.0,2.431999921798706
2017-12-29,2.434000015258789,2.441999912261963,2.4049999713897705,2.4049999713897705,0.0,2.4049999713897705
2018-01-01,,,,,,
2018-01-02,2.433000087738037,2.4800000190734863,2.424999952316284,2.4649999141693115,0.0,2.4649999141693115
2018-01-03,2.4509999752044678,2.4649999141693115,2.440000057220459,2.447000026702881,0.0,2.447000026702881
2018-01-04,2.4730000495910645,2.486999988555908,2.4489998817443848,2.453000068664551,0.0,2.453000068664551
2018-01-05,2.4649999141693115,2.4800000190734863,2.436000108718872,2.4760000705718994,0.0,2.4760000705718994
2018-01-08,2.4709999561309814,2.489000082015991,2.4619998931884766,2.4800000190734863,0.0,2.4800000190734863
2018-01-09,2.490999937057495,2.5460000038146973,2.489000082015991,2.5460000038146973,0.0,2.5460000038146973
2018-01-10,2.5840001106262207,2.5950000286102295,2.549999952316284,2.549999952316284,0.0,2.549999952316284
2018-01-11,2.563999891281128,2.569999933242798,2.5260000228881836,2.5309998989105225,0.0,2.5309998989105225
2018-01-12,2.5480000972747803,2.5940001010894775,2.5460000038146973,2.552000045776367,0.0,2.552000045776367
2018-01-15,,,,,,
2018-01-16,2.5390000343322754,2.562999963760376,2.5260000228881836,2.5439999103546143,0.0,2.5439999103546143
2018-01-17,2.561000108718872,2.5810000896453857,2.5409998893737793,2.578000068664551,0.0,2.578000068664551
2018-01-18,2.61299991607666,2.619999885559082,2.5980000495910645,2.6110000610351562,0.0,2.6110000610351562
2018-01-19,2.625999927520752,2.6459999084472656,2.61299991607666,2.63700008392334,0.0,2.63700008392334
2018-01-22,2.6579999923706055,2.6649999618530273,2.631999969482422,2.6649999618530273,0.0,2.6649999618530273
2018-01-23,2.628000020980835,2.6389999389648438,2.6110000610351562,2.624000072479248,0.0,2.624000072479248
2018-01-24,2.6519999504089355,2.6630001068115234,2.634000062942505,2.6540000438690186,0.0,2.6540000438690186
2018-01-25,2.63700008392334,2.6760001182556152,2.61899995803833,2.621000051498413,0.0,2.621000051498413
2018-01-26,2.635999917984009,2.6730000972747803,2.630000114440918,2.6619999408721924,0.0,2.6619999408721924
2018-01-29,2.7200000286102295,2.7249999046325684,2.694000005722046,2.6989998817443848,0.0,2.6989998817443848
2018-01-30,2.7109999656677246,2.7330000400543213,2.7009999752044678,2.7260000705718994,0.0,2.7260000705718994
2018-01-31,2.7130000591278076,2.753999948501587,2.697999954223633,2.7200000286102295,0.0,2.7200000286102295
2018-02-01,2.743000030517578,2.7760000228881836,2.7219998836517334,2.7730000019073486,0.0,2.7730000019073486
2018-02-02,2.7860000133514404,2.8540000915527344,2.7860000133514404,2.8540000915527344,0.0,2.8540000915527344
2018-02-05,2.8340001106262207,2.861999988555908,2.7939999103546143,2.7939999103546143,0.0,2.7939999103546143
2018-02-06,2.73799991607666,2.7869999408721924,2.7360000610351562,2.7679998874664307,0.0,2.7679998874664307
2018-02-07,2.7869999408721924,2.8510000705718994,2.7720000743865967,2.8440001010894775,0.0,2.8440001010894775
2018-02-08,2.8570001125335693,2.884000062942505,2.808000087738037,2.8510000705718994,0.0,2.8510000705718994
2018-02-09,2.8310000896453857,2.861999988555908,2.7880001068115234,2.8289999961853027,0.0,2.8289999961853027
2018-02-12,2.881999969482422,2.881999969482422,2.828000068664551,2.8570001125335693,0.0,2.8570001125335693
2018-02-13,2.8440001010894775,2.8529999256134033,2.8350000381469727,2.8399999141693115,0.0,2.8399999141693115
2018-02-14,2.819000005722046,2.9130001068115234,2.816999912261963,2.9130001068115234,0.0,2.9130001068115234
2018-02-15,2.9170000553131104,2.9260001182556152,2.881999969482422,2.8910000324249268,0.0,2.8910000324249268
2018-02-16,2.877000093460083,2.888000011444092,2.8499999046325684,2.877000093460083,0.0,2.877000093460083
2018-02-19,,,,,,
2018-02-20,2.9019999504089355,2.9149999618530273,2.890000104904175,2.8929998874664307,0.0,2.8929998874664307
2018-02-21,2.884000062942505,2.943000078201294,2.877000093460083,2.943000078201294,0.0,2.943000078201294
2018-02-22,2.9210000038146973,2.927999973297119,2.9040000438690186,2.9170000553131104,0.0,2.9170000553131104
2018-02-23,2.884000062942505,2.8929998874664307,2.861999988555908,2.871000051498413,0.0,2.871000051498413
2018-02-26,2.8410000801086426,2.861999988555908,2.8310000896453857,2.8589999675750732,0.0,2.8589999675750732
2018-02-27,2.869999885559082,2.924999952316284,2.8499999046325684,2.9079999923706055,0.0,2.9079999923706055
2018-02-28,2.88100004196167,2.8970000743865967,2.868000030517578,2.868000030517578,0.0,2.868000030517578
2018-03-01,2.8310000896453857,2.868000030517578,2.7950000762939453,2.803999900817871,0.0,2.803999900817871
2018-03-02,2.816999912261963,2.869999885559082,2.816999912261963,2.8570001125335693,0.0,2.8570001125335693
2018-03-05,2.8420000076293945,2.8949999809265137,2.8299999237060547,2.88100004196167,0.0,2.88100004196167
2018-03-06,2.8940000534057617,2.8970000743865967,2.8570001125335693,2.877000093460083,0.0,2.877000093460083
2018-03-07,2.864000082015991,2.882999897003174,2.8499999046325684,2.882999897003174,0.0,2.882999897003174
2018-03-08,2.884999990463257,2.888000011444092,2.8480000495910645,2.865999937057495,0.0,2.865999937057495
2018-03-09,2.875,2.9140000343322754,2.869999885559082,2.8940000534057617,0.0,2.8940000534057617
2018-03-12,2.8989999294281006,2.9010000228881836,2.869999885559082,2.869999885559082,0.0,2.869999885559082
2018-03-13,2.865999937057495,2.871999979019165,2.8299999237060547,2.8480000495910645,0.0,2.8480000495910645
2018-03-14,2.8499999046325684,2.8570001125335693,2.8010001182556152,2.816999912261963,0.0,2.816999912261963
2018-03-15,2.812999963760376,2.8350000381469727,2.808000087738037,2.8259999752044678,0.0,2.8259999752044678
2018-03-16,2.822999954223633,2.8589999675750732,2.822999954223633,2.8480000495910645,0.0,2.8480000495910645
2018-03-19,2.874000072479248,2.878999948501587,2.8340001106262207,2.8450000286102295,0.0,2.8450000286102295
2018-03-20,2.869999885559082,2.8889999389648438,2.869999885559082,2.878999948501587,0.0,2.878999948501587
2018-03-21,2.9030001163482666,2.936000108718872,2.869999885559082,2.9070000648498535,0.0,2.9070000648498535
2018-03-22,2.8499999046325684,2.8499999046325684,2.7990000247955322,2.8320000171661377,0.0,2.8320000171661377
2018-03-23,2.8450000286102295,2.8519999980926514,2.825000047683716,2.8299999237060547,0.0,2.8299999237060547
2018-03-26,2.8540000915527344,2.8540000915527344,2.819000005722046,2.8429999351501465,0.0,2.8429999351501465
2018-03-27,2.8410000801086426,2.8410000801086426,2.7860000133514404,2.7860000133514404,0.0,2.7860000133514404
2018-03-28,2.7720000743865967,2.7899999618530273,2.74399995803833,2.7750000953674316,0.0,2.7750000953674316
2018-03-29,2.7679998874664307,2.7750000953674316,2.739000082015991,2.740999937057495,0.0,2.740999937057495
2018-03-30,,,,,,
2018-04-02,2.763000011444092,2.7739999294281006,2.7170000076293945,2.7320001125335693,0.0,2.7320001125335693
2018-04-03,2.759000062942505,2.7839999198913574,2.753000020980835,2.7839999198913574,0.0,2.7839999198913574
2018-04-04,2.756999969482422,2.7950000762939453,2.747999906539917,2.7880001068115234,0.0,2.7880001068115234
2018-04-05,2.816999912261963,2.8340001106262207,2.813999891281128,2.8320000171661377,0.0,2.8320000171661377
2018-04-06,2.819000005722046,2.819000005722046,2.7739999294281006,2.7750000953674316,0.0,2.7750000953674316
2018-04-09,2.7899999618530273,2.812000036239624,2.7860000133514404,2.7860000133514404,0.0,2.7860000133514404
2018-04-10,2.7990000247955322,2.812000036239624,2.7839999198913574,2.796999931335449,0.0,2.796999931335449
2018-04-11,2.7769999504089355,2.796999931335449,2.755000114440918,2.7899999618530273,0.0,2.7899999618530273
2018-04-12,2.7920000553131104,2.8380000591278076,2.7920000553131104,2.8340001106262207,0.0,2.8340001106262207
2018-04-13,2.8380000591278076,2.8489999771118164,2.818000078201294,2.8289999961853027,0.0,2.8289999961853027
2018-04-16,2.864000082015991,2.865000009536743,2.8299999237060547,2.8320000171661377,0.0,2.8320000171661377
2018-04-17,2.8380000591278076,2.8410000801086426,2.813999891281128,2.813999891281128,0.0,2.813999891281128
2018-04-18,2.8399999141693115,2.867000102996826,2.8320000171661377,2.867000102996826,0.0,2.867000102996826
2018-04-19,2.8929998874664307,2.934000015258789,2.8929998874664307,2.9140000343322754,0.0,2.9140000343322754
2018-04-20,2.9170000553131104,2.953000068664551,2.9159998893737793,2.9509999752044678,0.0,2.9509999752044678
2018-04-23,2.9749999046325684,2.990000009536743,2.9639999866485596,2.9730000495910645,0.0,2.9730000495910645
2018-04-24,2.9749999046325684,3.003000020980835,2.9749999046325684,2.9830000400543213,0.0,2.9830000400543213
2018-04-25,3.0320000648498535,3.0350000858306885,3.006999969482422,3.0239999294281006,0.0,3.0239999294281006
2018-04-26,2.990000009536743,3.003000020980835,2.9809999465942383,2.990000009536743,0.0,2.990000009536743
2018-04-27,2.9679999351501465,2.9830000400543213,2.9549999237060547,2.9570000171661377,0.0,2.9570000171661377
2018-04-30,2.9549999237060547,2.9590001106262207,2.934999942779541,2.936000108718872,0.0,2.936000108718872
2018-05-01,2.9660000801086426,2.9790000915527344,2.9630000591278076,2.9760000705718994,0.0,2.9760000705718994
2018-05-02,2.986999988555908,2.989000082015991,2.9570000171661377,2.9639999866485596,0.0,2.9639999866485596
2018-05-03,2.941999912261963,2.953000068664551,2.927000045776367,2.946000099182129,0.0,2.946000099182129
2018-05-04,2.933000087738037,2.9649999141693115,2.9110000133514404,2.944000005722046,0.0,2.944000005722046
2018-05-07,2.953000068664551,2.9590001106262207,2.946000099182129,2.950000047683716,0.0,2.950000047683716
2018-05-08,2.9549999237060547,2.986999988555908,2.9549999237060547,2.9690001010894775,0.0,2.9690001010894775
2018-05-09,3.002000093460083,3.009999990463257,2.993000030517578,3.003999948501587,0.0,3.003999948501587
2018-05-10,2.9809999465942383,2.9820001125335693,2.9509999752044678,2.9709999561309814,0.0,2.9709999561309814
2018-05-11,2.9619998931884766,2.9820001125335693,2.9549999237060547,2.9709999561309814,0.0,2.9709999561309814
2018-05-14,2.996999979019165,2.996999979019165,2.9860000610351562,2.994999885559082,0.0,2.994999885559082
2018-05-15,3.0260000228881836,3.0950000286102295,3.0230000019073486,3.0799999237060547,0.0,3.0799999237060547
2018-05-16,3.061000108718872,3.0950000286102295,3.058000087738037,3.0950000286102295,0.0,3.0950000286102295
2018-05-17,3.1059999465942383,3.115000009536743,3.0929999351501465,3.1089999675750732,0.0,3.1089999675750732
2018-05-18,3.1040000915527344,3.1059999465942383,3.065000057220459,3.066999912261963,0.0,3.066999912261963
2018-05-21,3.0759999752044678,3.078000068664551,3.058000087738037,3.065000057220459,0.0,3.065000057220459
2018-05-22,3.0739998817443848,3.078000068664551,3.058000087738037,3.065000057220459,0.0,3.065000057220459
2018-05-23,3.007999897003174,3.0280001163482666,3.003000020980835,3.003000020980835,0.0,3.003000020980835
2018-05-24,2.99399995803833,2.994999885559082,2.9549999237060547,2.9809999465942383,0.0,2.9809999465942383
2018-05-25,2.9509999752044678,2.9509999752044678,2.921999931335449,2.930999994277954,0.0,2.930999994277954
2018-05-28,,,,,,
2018-05-29,2.878999948501587,2.8910000324249268,2.759000062942505,2.7679998874664307,0.0,2.7679998874664307
2018-05-30,2.865999937057495,2.865999937057495,2.821000099182129,2.8420000076293945,0.0,2.8420000076293945
2018-05-31,2.865999937057495,2.869999885559082,2.822000026702881,2.822000026702881,0.0,2.822000026702881
2018-06-01,2.9000000953674316,2.9240000247955322,2.880000114440918,2.8949999809265137,0.0,2.8949999809265137
2018-06-04,2.9110000133514404,2.940999984741211,2.9019999504089355,2.937000036239624,0.0,2.937000036239624
2018-06-05,2.9110000133514404,2.930999994277954,2.9000000953674316,2.9189999103546143,0.0,2.9189999103546143
2018-06-06,2.9549999237060547,2.9809999465942383,2.947999954223633,2.9749999046325684,0.0,2.9749999046325684
2018-06-07,2.990000009536743,2.992000102996826,2.884000062942505,2.933000087738037,0.0,2.933000087738037
2018-06-08,2.9240000247955322,2.941999912261963,2.9210000038146973,2.937000036239624,0.0,2.937000036239624
2018-06-11,2.9630000591278076,2.9700000286102295,2.9519999027252197,2.9570000171661377,0.0,2.9570000171661377
2018-06-12,2.9700000286102295,2.9809999465942383,2.9570000171661377,2.9570000171661377,0.0,2.9570000171661377
2018-06-13,2.9570000171661377,3.009000062942505,2.950000047683716,2.9769999980926514,0.0,2.9769999980926514
2018-06-14,2.938999891281128,2.9649999141693115,2.927999973297119,2.946000099182129,0.0,2.946000099182129
2018-06-15,2.9260001182556152,2.930000066757202,2.8889999389648438,2.9240000247955322,0.0,2.9240000247955322
2018-06-18,2.9019999504089355,2.933000087738037,2.9019999504089355,2.9260001182556152,0.0,2.9260001182556152
2018-06-19,2.884000062942505,2.8949999809265137,2.868000030517578,2.8929998874664307,0.0,2.8929998874664307
2018-06-20,2.9000000953674316,2.930000066757202,2.884000062942505,2.927999973297119,0.0,2.927999973297119
2018-06-21,2.9260001182556152,2.9260001182556152,2.8910000324249268,2.8970000743865967,0.0,2.8970000743865967
2018-06-22,2.9130001068115234,2.927999973297119,2.8970000743865967,2.9000000953674316,0.0,2.9000000953674316
2018-06-25,2.881999969482422,2.8970000743865967,2.865999937057495,2.875,0.0,2.875
2018-06-26,2.86899995803833,2.8910000324249268,2.865999937057495,2.880000114440918,0.0,2.880000114440918
2018-06-27,2.865999937057495,2.865999937057495,2.8259999752044678,2.8269999027252197,0.0,2.8269999027252197
2018-06-28,2.8259999752044678,2.8529999256134033,2.8239998817443848,2.8469998836517334,0.0,2.8469998836517334
2018-06-29,2.8510000705718994,2.8529999256134033,2.8329999446868896,2.8489999771118164,0.0,2.8489999771118164
2018-07-02,2.8289999961853027,2.871000051498413,2.8289999961853027,2.865999937057495,0.0,2.865999937057495
2018-07-03,2.881999969482422,2.881999969482422,2.8359999656677246,2.8380000591278076,0.0,2.8380000591278076
2018-07-04,,,,,,
2018-07-05,2.8580000400543213,2.861999988555908,2.819999933242798,2.8399999141693115,0.0,2.8399999141693115
2018-07-06,2.8289999961853027,2.8359999656677246,2.811000108718872,2.8310000896453857,0.0,2.8310000896453857
2018-07-09,2.861999988555908,2.861999988555908,2.8489999771118164,2.859999895095825,0.0,2.859999895095825
2018-07-10,2.867000102996826,2.875,2.8580000400543213,2.872999906539917,0.0,2.872999906539917
2018-07-11,2.8440001010894775,2.865999937057495,2.8380000591278076,2.8420000076293945,0.0,2.8420000076293945
2018-07-12,2.864000082015991,2.871000051498413,2.8450000286102295,2.8529999256134033,0.0,2.8529999256134033
2018-07-13,2.8440001010894775,2.8450000286102295,2.8269999027252197,2.8310000896453857,0.0,2.8310000896453857
2018-07-16,2.8580000400543213,2.877000093460083,2.8550000190734863,2.8580000400543213,0.0,2.8580000400543213
2018-07-17,2.8510000705718994,2.867000102996826,2.8469998836517334,2.864000082015991,0.0,2.864000082015991
2018-07-18,2.8510000705718994,2.875,2.8469998836517334,2.875,0.0,2.875
2018-07-19,2.881999969482422,2.8889999389648438,2.8340001106262207,2.8469998836517334,0.0,2.8469998836517334
2018-07-20,2.8550000190734863,2.8970000743865967,2.8469998836517334,2.8949999809265137,0.0,2.8949999809265137
2018-07-23,2.888000011444092,2.9649999141693115,2.888000011444092,2.9649999141693115,0.0,2.9649999141693115
2018-07-24,2.9579999446868896,2.9730000495910645,2.947000026702881,2.9489998817443848,0.0,2.9489998817443848
2018-07-25,2.938999891281128,2.9489998817443848,2.927999973297119,2.936000108718872,0.0,2.936000108718872
2018-07-26,2.9670000076293945,2.9760000705718994,2.947000026702881,2.9749999046325684,0.0,2.9749999046325684
2018-07-27,2.9779999256134033,2.98799991607666,2.9509999752044678,2.9600000381469727,0.0,2.9600000381469727
2018-07-30,2.9860000610351562,2.990000009536743,2.9639999866485596,2.9749999046325684,0.0,2.9749999046325684
2018-07-31,2.9539999961853027,2.9690001010894775,2.944999933242798,2.9639999866485596,0.0,2.9639999866485596
2018-08-01,2.992000102996826,3.0160000324249268,2.9860000610351562,3.003000020980835,0.0,3.003000020980835
2018-08-02,2.9839999675750732,3.003000020980835,2.9800000190734863,2.9860000610351562,0.0,2.9860000610351562
2018-08-03,2.9790000915527344,2.9839999675750732,2.9509999752044678,2.953000068664551,0.0,2.953000068664551
2018-08-06,2.9600000381469727,2.9600000381469727,2.924999952316284,2.937999963760376,0.0,2.937999963760376
2018-08-07,2.9539999961853027,2.9769999980926514,2.9539999961853027,2.9730000495910645,0.0,2.9730000495910645
2018-08-08,2.9769999980926514,2.9860000610351562,2.9579999446868896,2.9709999561309814,0.0,2.9709999561309814
2018-08-09,2.953000068664551,2.953000068664551,2.928999900817871,2.934999942779541,0.0,2.934999942779541
2018-08-10,2.890000104904175,2.8929998874664307,2.8529999256134033,2.8570001125335693,0.0,2.8570001125335693
2018-08-13,2.864000082015991,2.890000104904175,2.861999988555908,2.877000093460083,0.0,2.877000093460083
2018-08-14,2.8929998874664307,2.8949999809265137,2.877000093460083,2.8949999809265137,0.0,2.8949999809265137
2018-08-15,2.869999885559082,2.875,2.8369998931884766,2.8519999980926514,0.0,2.8519999980926514
2018-08-16,2.872999906539917,2.8929998874664307,2.8589999675750732,2.871000051498413,0.0,2.871000051498413
2018-08-17,2.8589999675750732,2.877000093460083,2.8459999561309814,2.872999906539917,0.0,2.872999906539917
2018-08-20,2.8529999256134033,2.8529999256134033,2.821000099182129,2.822999954223633,0.0,2.822999954223633
2018-08-21,2.8440001010894775,2.8529999256134033,2.8329999446868896,2.8440001010894775,0.0,2.8440001010894775
2018-08-22,2.819000005722046,2.8350000381469727,2.808000087738037,2.822999954223633,0.0,2.822999954223633
2018-08-23,2.821000099182129,2.8259999752044678,2.813999891281128,2.821000099182129,0.0,2.821000099182129
2018-08-24,2.8320000171661377,2.8499999046325684,2.816999912261963,2.8259999752044678,0.0,2.8259999752044678
2018-08-27,2.8299999237060547,2.8510000705718994,2.828000068664551,2.8480000495910645,0.0,2.8480000495910645
2018-08-28,2.8529999256134033,2.885999917984009,2.8529999256134033,2.884000062942505,0.0,2.884000062942505
2018-08-29,2.872999906539917,2.8989999294281006,2.871000051498413,2.884000062942505,0.0,2.884000062942505
2018-08-30,2.877000093460083,2.878999948501587,2.8589999675750732,2.859999895095825,0.0,2.859999895095825
2018-08-31,2.8420000076293945,2.8570001125335693,2.8310000896453857,2.8529999256134033,0.0,2.8529999256134033
2018-09-03,,,,,,
2018-09-04,2.86899995803833,2.9059998989105225,2.868000030517578,2.9019999504089355,0.0,2.9019999504089355
2018-09-05,2.888000011444092,2.9170000553131104,2.884000062942505,2.9019999504089355,0.0,2.9019999504089355
2018-09-06,2.9079999923706055,2.9100000858306885,2.871000051498413,2.878999948501587,0.0,2.878999948501587
2018-09-07,2.8889999389648438,2.950000047683716,2.885999917984009,2.941999912261963,0.0,2.941999912261963
2018-09-10,2.941999912261963,2.947999954223633,2.930000066757202,2.937000036239624,0.0,2.937000036239624
2018-09-11,2.953000068664551,2.9809999465942383,2.947999954223633,2.9769999980926514,0.0,2.9769999980926514
2018-09-12,2.9660000801086426,2.9679999351501465,2.9549999237060547,2.9630000591278076,0.0,2.9630000591278076
2018-09-13,2.9809999465942383,2.9830000400543213,2.944000005722046,2.9630000591278076,0.0,2.9630000591278076
2018-09-14,2.989000082015991,3.003000020980835,2.9809999465942383,2.99399995803833,0.0,2.99399995803833
2018-09-17,3.0199999809265137,3.0199999809265137,2.989000082015991,3.000999927520752,0.0,3.000999927520752
2018-09-18,3.006999969482422,3.0480000972747803,3.005000114440918,3.0480000972747803,0.0,3.0480000972747803
2018-09-19,3.0439999103546143,3.0920000076293945,3.0439999103546143,3.0829999446868896,0.0,3.0829999446868896
2018-09-20,3.0920000076293945,3.0959999561309814,3.059000015258789,3.078000068664551,0.0,3.078000068664551
2018-09-21,3.068000078201294,3.0829999446868896,3.061000108718872,3.068000078201294,0.0,3.068000078201294
2018-09-24,3.0759999752044678,3.0910000801086426,3.065000057220459,3.078000068664551,0.0,3.078000068664551
2018-09-25,3.0980000495910645,3.109999895095825,3.0929999351501465,3.1019999980926514,0.0,3.1019999980926514
2018-09-26,3.0850000381469727,3.0910000801086426,3.061000108718872,3.061000108718872,0.0,3.061000108718872
2018-09-27,3.055999994277954,3.0739998817443848,3.053999900817871,3.055999994277954,0.0,3.055999994277954
2018-09-28,3.0309998989105225,3.058000087738037,3.0299999713897705,3.055999994277954,0.0,3.055999994277954
2018-10-01,3.0859999656677246,3.0859999656677246,3.062999963760376,3.0799999237060547,0.0,3.0799999237060547
2018-10-02,3.069000005722046,3.0739998817443848,3.0460000038146973,3.055999994277954,0.0,3.055999994277954
2018-10-03,3.0859999656677246,3.178999900817871,3.0799999237060547,3.1610000133514404,0.0,3.1610000133514404
2018-10-04,3.200000047683716,3.2100000381469727,3.1760001182556152,3.197000026702881,0.0,3.197000026702881
2018-10-05,3.2039999961853027,3.247999906539917,3.188999891281128,3.2249999046325684,0.0,3.2249999046325684
2018-10-08,3.2330000400543213,3.2330000400543213,3.2330000400543213,3.2330000400543213,0.0,3.2330000400543213
2018-10-09,3.239000082015991,3.239000082015991,3.203000068664551,3.2079999446868896,0.0,3.2079999446868896
2018-10-10,3.2269999980926514,3.242000102996826,3.2119998931884766,3.2249999046325684,0.0,3.2249999046325684
2018-10-11,3.188999891281128,3.190999984741211,3.127000093460083,3.132999897003174,0.0,3.132999897003174
2018-10-12,3.1670000553131104,3.1730000972747803,3.13100004196167,3.1410000324249268,0.0,3.1410000324249268
2018-10-15,3.1610000133514404,3.1649999618530273,3.1429998874664307,3.1630001068115234,0.0,3.1630001068115234
2018-10-16,3.1730000972747803,3.177000045776367,3.1540000438690186,3.1559998989105225,0.0,3.1559998989105225
2018-10-17,3.1579999923706055,3.178999900817871,3.1459999084472656,3.178999900817871,0.0,3.178999900817871
2018-10-18,3.2070000171661377,3.2149999141693115,3.1600000858306885,3.174999952316284,0.0,3.174999952316284
2018-10-19,3.194000005722046,3.2090001106262207,3.180999994277954,3.197999954223633,0.0,3.197999954223633
2018-10-22,3.190000057220459,3.197999954223633,3.178999900817871,3.196000099182129,0.0,3.196000099182129
2018-10-23,3.1489999294281006,3.1659998893737793,3.1110000610351562,3.1659998893737793,0.0,3.1659998893737793
2018-10-24,3.1449999809265137,3.1470000743865967,3.117000102996826,3.124000072479248,0.0,3.124000072479248
2018-10-25,3.1429998874664307,3.1449999809265137,3.117000102996826,3.135999917984009,0.0,3.135999917984009
2018-10-26,3.0889999866485596,3.1019999980926514,3.059000015258789,3.0769999027252197,0.0,3.0769999027252197
2018-10-29,3.0940001010894775,3.117000102996826,3.0850000381469727,3.0869998931884766,0.0,3.0869998931884766
2018-10-30,3.117000102996826,3.122999906539917,3.0940001010894775,3.109999895095825,0.0,3.109999895095825
2018-10-31,3.1489999294281006,3.1610000133514404,3.134000062942505,3.1589999198913574,0.0,3.1589999198913574
2018-11-01,3.1640000343322754,3.1740000247955322,3.135999917984009,3.1440000534057617,0.0,3.1440000534057617
2018-11-02,3.1549999713897705,3.2160000801086426,3.1549999713897705,3.2139999866485596,0.0,3.2139999866485596
2018-11-05,3.203000068664551,3.2049999237060547,3.186000108718872,3.2009999752044678,0.0,3.2009999752044678
2018-11-06,3.193000078201294,3.2239999771118164,3.190999984741211,3.2139999866485596,0.0,3.2139999866485596
2018-11-07,3.200000047683716,3.2149999141693115,3.184000015258789,3.2130000591278076,0.0,3.2130000591278076
2018-11-08,3.2190001010894775,3.239000082015991,3.2060000896453857,3.2339999675750732,0.0,3.2339999675750732
2018-11-09,3.2130000591278076,3.2300000190734863,3.180000066757202,3.188999891281128,0.0,3.188999891281128
2018-11-12,3.186000108718872,3.186000108718872,3.186000108718872,3.186000108718872,0.0,3.186000108718872
2018-11-13,3.1670000553131104,3.1689999103546143,3.1429998874664307,3.1449999809265137,0.0,3.1449999809265137
2018-11-14,3.1470000743865967,3.1649999618530273,3.0940001010894775,3.119999885559082,0.0,3.119999885559082
2018-11-15,3.1010000705718994,3.128999948501587,3.0810000896453857,3.118000030517578,0.0,3.118000030517578
2018-11-16,3.1010000705718994,3.1029999256134033,3.068000078201294,3.0739998817443848,0.0,3.0739998817443848
2018-11-19,3.0850000381469727,3.0959999561309814,3.052000045776367,3.056999921798706,0.0,3.056999921798706
2018-11-20,3.0409998893737793,3.061000108718872,3.0360000133514404,3.0480000972747803,0.0,3.0480000972747803
2018-11-21,3.0769999027252197,3.0850000381469727,3.061000108718872,3.061000108718872,0.0,3.061000108718872
2018-11-22,,,,,,
2018-11-23,3.049999952316284,3.053999900817871,3.0320000648498535,3.053999900817871,0.0,3.053999900817871
2018-11-26,3.062999963760376,3.0789999961853027,3.056999921798706,3.072000026702881,0.0,3.072000026702881
2018-11-27,3.056999921798706,3.0739998817443848,3.0439999103546143,3.055000066757202,0.0,3.055000066757202
2018-11-28,3.065999984741211,3.075000047683716,3.0429999828338623,3.0439999103546143,0.0,3.0439999103546143
2018-11-29,3.013000011444092,3.0439999103546143,3.007999897003174,3.0350000858306885,0.0,3.0350000858306885
2018-11-30,3.015000104904175,3.0220000743865967,3.007999897003174,3.013000011444092,0.0,3.013000011444092
2018-12-03,3.0409998893737793,3.0409998893737793,2.9860000610351562,2.992000102996826,0.0,2.992000102996826
2018-12-04,2.9660000801086426,2.9700000286102295,2.884999990463257,2.9240000247955322,0.0,2.9240000247955322
2018-12-05,,,,,,
2018-12-06,2.888000011444092,2.8989999294281006,2.8259999752044678,2.875999927520752,0.0,2.875999927520752
2018-12-07,2.8949999809265137,2.9100000858306885,2.8499999046325684,2.8499999046325684,0.0,2.8499999046325684
2018-12-10,2.8610000610351562,2.868000030517578,2.825000047683716,2.8559999465942383,0.0,2.8559999465942383
2018-12-11,2.877000093460083,2.882999897003174,2.8469998836517334,2.878999948501587,0.0,2.878999948501587
2018-12-12,2.8929998874664307,2.9170000553131104,2.890000104904175,2.9059998989105225,0.0,2.9059998989105225
2018-12-13,2.9100000858306885,2.9189999103546143,2.8929998874664307,2.9110000133514404,0.0,2.9110000133514404
2018-12-14,2.885999917984009,2.9000000953674316,2.877000093460083,2.8910000324249268,0.0,2.8910000324249268
2018-12-17,2.884000062942505,2.8889999389648438,2.8550000190734863,2.8570001125335693,0.0,2.8570001125335693
2018-12-18,2.8320000171661377,2.8529999256134033,2.819000005722046,2.825000047683716,0.0,2.825000047683716
2018-12-19,2.816999912261963,2.8610000610351562,2.7760000228881836,2.7780001163482666,0.0,2.7780001163482666
2018-12-20,2.765000104904175,2.7899999618530273,2.749000072479248,2.7890000343322754,0.0,2.7890000343322754
2018-12-21,2.7899999618530273,2.802999973297119,2.7809998989105225,2.7920000553131104,0.0,2.7920000553131104
2018-12-24,2.763000011444092,2.7790000438690186,2.749000072479248,2.749000072479248,0.0,2.749000072479248
2018-12-25,,,,,,
2018-12-26,2.750999927520752,2.796999931335449,2.7360000610351562,2.796999931335449,0.0,2.796999931335449
2018-12-27,2.7679998874664307,2.7679998874664307,2.7330000400543213,2.743000030517578,0.0,2.743000030517578
2018-12-28,2.760999917984009,2.7679998874664307,2.7269999980926514,2.7360000610351562,0.0,2.7360000610351562
2018-12-31,2.7320001125335693,2.744999885559082,2.678999900817871,2.686000108718872,0.0,2.686000108718872
2019-01-01,,,,,,
2019-01-02,2.6519999504089355,2.678999900817871,2.6489999294281006,2.6610000133514404,0.0,2.6610000133514404
2019-01-03,2.6540000438690186,2.6559998989105225,2.553999900817871,2.553999900817871,0.0,2.553999900817871
2019-01-04,2.5989999771118164,2.6730000972747803,2.5969998836517334,2.6589999198913574,0.0,2.6589999198913574
2019-01-07,2.634000062942505,2.687000036239624,2.631999969482422,2.681999921798706,0.0,2.681999921798706
2019-01-08,2.7009999752044678,2.7170000076293945,2.696000099182129,2.7160000801086426,0.0,2.7160000801086426
2019-01-09,2.747999906539917,2.747999906539917,2.7119998931884766,2.7279999256134033,0.0,2.7279999256134033
2019-01-10,2.7060000896453857,2.7330000400543213,2.696000099182129,2.7309999465942383,0.0,2.7309999465942383
2019-01-11,2.7100000381469727,2.7130000591278076,2.680999994277954,2.7009999752044678,0.0,2.7009999752044678
2019-01-14,2.671999931335449,2.7100000381469727,2.671999931335449,2.7100000381469727,0.0,2.7100000381469727
2019-01-15,2.6989998817443848,2.7219998836517334,2.678999900817871,2.7109999656677246,0.0,2.7109999656677246
2019-01-16,2.7339999675750732,2.743000030517578,2.7170000076293945,2.7309999465942383,0.0,2.7309999465942383
2019-01-17,2.7109999656677246,2.760999917984009,2.7070000171661377,2.749000072479248,0.0,2.749000072479248
2019-01-18,2.7639999389648438,2.7990000247955322,2.753999948501587,2.7839999198913574,0.0,2.7839999198913574
2019-01-21,,,,,,
2019-01-22,2.755000114440918,2.759000062942505,2.7269999980926514,2.7300000190734863,0.0,2.7300000190734863
2019-01-23,2.7730000019073486,2.7790000438690186,2.736999988555908,2.755000114440918,0.0,2.755000114440918
2019-01-24,2.7139999866485596,2.7260000705718994,2.7009999752044678,2.7119998931884766,0.0,2.7119998931884766
2019-01-25,2.740999937057495,2.759000062942505,2.7320001125335693,2.753000020980835,0.0,2.753000020980835
2019-01-28,2.76200008392334,2.76200008392334,2.7279999256134033,2.74399995803833,0.0,2.74399995803833
2019-01-29,2.739000082015991,2.747999906539917,2.7079999446868896,2.7119998931884766,0.0,2.7119998931884766
2019-01-30,2.7290000915527344,2.734999895095825,2.687999963760376,2.694999933242798,0.0,2.694999933242798
2019-01-31,2.6740000247955322,2.6760001182556152,2.625999927520752,2.634999990463257,0.0,2.634999990463257
2019-02-01,2.63100004196167,2.697000026702881,2.63100004196167,2.690999984741211,0.0,2.690999984741211
2019-02-04,2.697000026702881,2.7339999675750732,2.694999933242798,2.7239999771118164,0.0,2.7239999771118164
2019-02-05,2.7290000915527344,2.7290000915527344,2.687999963760376,2.7019999027252197,0.0,2.7019999027252197
2019-02-06,2.690999984741211,2.7039999961853027,2.6730000972747803,2.7019999027252197,0.0,2.7019999027252197
2019-02-07,2.6659998893737793,2.674999952316284,2.6519999504089355,2.6519999504089355,0.0,2.6519999504089355
2019-02-08,2.6389999389648438,2.6519999504089355,2.625,2.631999969482422,0.0,2.631999969482422
2019-02-11,2.6519999504089355,2.6700000762939453,2.6480000019073486,2.6610000133514404,0.0,2.6610000133514404
2019-02-12,2.681999921798706,2.690999984741211,2.6679999828338623,2.684000015258789,0.0,2.684000015258789
2019-02-13,2.687999963760376,2.7149999141693115,2.687999963760376,2.7079999446868896,0.0,2.7079999446868896
2019-02-14,2.686000108718872,2.686000108718872,2.6429998874664307,2.6570000648498535,0.0,2.6570000648498535
2019-02-15,2.6679999828338623,2.687999963760376,2.6630001068115234,2.6659998893737793,0.0,2.6659998893737793
2019-02-18,,,,,,
2019-02-19,2.6700000762939453,2.6700000762939453,2.635999917984009,2.6470000743865967,0.0,2.6470000743865967
2019-02-20,2.634000062942505,2.6589999198913574,2.631999969482422,2.6540000438690186,0.0,2.6540000438690186
2019-02-21,2.674999952316284,2.697000026702881,2.671999931335449,2.687999963760376,0.0,2.687999963760376
2019-02-22,2.678999900817871,2.678999900817871,2.638000011444092,2.6549999713897705,0.0,2.6549999713897705
2019-02-25,2.680999994277954,2.684000015258789,2.6679999828338623,2.6730000972747803,0.0,2.6730000972747803
2019-02-26,2.6549999713897705,2.6570000648498535,2.631999969482422,2.635999917984009,0.0,2.635999917984009
2019-02-27,2.631999969482422,2.697000026702881,2.631999969482422,2.693000078201294,0.0,2.693000078201294
2019-02-28,2.6700000762939453,2.7239999771118164,2.6679999828338623,2.7109999656677246,0.0,2.7109999656677246
2019-03-01,2.736999988555908,2.759000062942505,2.7279999256134033,2.755000114440918,0.0,2.755000114440918
2019-03-04,2.75,2.753000020980835,2.7209999561309814,2.7219998836517334,0.0,2.7219998836517334
2019-03-05,2.742000102996826,2.75,2.7219998836517334,2.7219998836517334,0.0,2.7219998836517334
2019-03-06,2.7109999656677246,2.7190001010894775,2.678999900817871,2.691999912261963,0.0,2.691999912261963
2019-03-07,2.678999900817871,2.680999994277954,2.635999917984009,2.635999917984009,0.0,2.635999917984009
2019-03-08,2.634000062942505,2.6519999504089355,2.6070001125335693,2.625,0.0,2.625
2019-03-11,2.6449999809265137,2.6519999504089355,2.631999969482422,2.6429998874664307,0.0,2.6429998874664307
2019-03-12,2.6540000438690186,2.6559998989105225,2.5999999046325684,2.6050000190734863,0.0,2.6050000190734863
2019-03-13,2.621000051498413,2.628999948501587,2.6110000610351562,2.6110000610351562,0.0,2.6110000610351562
2019-03-14,2.627000093460083,2.6449999809265137,2.6110000610351562,2.630000114440918,0.0,2.630000114440918
2019-03-15,2.622999906539917,2.622999906539917,2.5799999237060547,2.5929999351501465,0.0,2.5929999351501465
2019-03-18,2.6029999256134033,2.6110000610351562,2.5889999866485596,2.6019999980926514,0.0,2.6019999980926514
2019-03-19,2.6110000610351562,2.634000062942505,2.5999999046325684,2.614000082015991,0.0,2.614000082015991
2019-03-20,2.5999999046325684,2.5999999046325684,2.5280001163482666,2.5350000858306885,0.0,2.5350000858306885
2019-03-21,2.5,2.5439999103546143,2.5,2.5369999408721924,0.0,2.5369999408721924
2019-03-22,2.4709999561309814,2.4820001125335693,2.4179999828338623,2.4549999237060547,0.0,2.4549999237060547
2019-03-25,2.4600000381469727,2.4639999866485596,2.377000093460083,2.4200000762939453,0.0,2.4200000762939453
2019-03-26,2.447999954223633,2.447999954223633,2.4070000648498535,2.4140000343322754,0.0,2.4140000343322754
2019-03-27,2.378999948501587,2.4049999713897705,2.3559999465942383,2.374000072479248,0.0,2.374000072479248
2019-03-28,2.375,2.4049999713897705,2.365999937057495,2.3889999389648438,0.0,2.3889999389648438
2019-03-29,2.4210000038146973,2.433000087738037,2.4030001163482666,2.4140000343322754,0.0,2.4140000343322754
2019-04-01,2.441999912261963,2.499000072479248,2.4240000247955322,2.496999979019165,0.0,2.496999979019165
2019-04-02,2.4739999771118164,2.492000102996826,2.4690001010894775,2.4809999465942383,0.0,2.4809999465942383
2019-04-03,2.515000104904175,2.5239999294281006,2.503000020980835,2.5169999599456787,0.0,2.5169999599456787
2019-04-04,2.507999897003174,2.5220000743865967,2.503000020980835,2.51200008392334,0.0,2.51200008392334
2019-04-05,2.5369999408721924,2.5439999103546143,2.49399995803833,2.500999927520752,0.0,2.500999927520752
2019-04-08,2.503999948501587,2.5190000534057617,2.500999927520752,2.5190000534057617,0.0,2.5190000534057617
2019-04-09,2.5169999599456787,2.5169999599456787,2.484999895095825,2.499000072479248,0.0,2.499000072479248
2019-04-10,2.502000093460083,2.509999990463257,2.4630000591278076,2.4769999980926514,0.0,2.4769999980926514
2019-04-11,2.484999895095825,2.509999990463257,2.484999895095825,2.503999948501587,0.0,2.503999948501587
2019-04-12,2.5420000553131104,2.562000036239624,2.5399999618530273,2.559999942779541,0.0,2.559999942779541
2019-04-15,2.566999912261963,2.5739998817443848,2.5490000247955322,2.552999973297119,0.0,2.552999973297119
2019-04-16,2.5739998817443848,2.5959999561309814,2.571000099182129,2.5920000076293945,0.0,2.5920000076293945
2019-04-17,2.5989999771118164,2.614000082015991,2.5810000896453857,2.5920000076293945,0.0,2.5920000076293945
2019-04-18,2.562999963760376,2.5829999446868896,2.5490000247955322,2.559999942779541,0.0,2.559999942779541
2019-04-19,,,,,,
2019-04-22,2.565000057220459,2.5920000076293945,2.565000057220459,2.5899999141693115,0.0,2.5899999141693115
2019-04-23,2.5920000076293945,2.5920000076293945,2.562999963760376,2.569999933242798,0.0,2.569999933242798
2019-04-24,2.5360000133514404,2.5380001068115234,2.5179998874664307,2.5220000743865967,0.0,2.5220000743865967
2019-04-25,2.5239999294281006,2.5420000553131104,2.5160000324249268,2.5339999198913574,0.0,2.5339999198913574
2019-04-26,2.5269999504089355,2.5450000762939453,2.494999885559082,2.505000114440918,0.0,2.505000114440918
2019-04-29,2.505000114440918,2.5409998893737793,2.503999948501587,2.5360000133514404,0.0,2.5360000133514404
2019-04-30,2.5320000648498535,2.549999952316284,2.503999948501587,2.509000062942505,0.0,2.509000062942505
2019-05-01,2.503999948501587,2.510999917984009,2.4549999237060547,2.510999917984009,0.0,2.510999917984009
2019-05-02,2.510999917984009,2.558000087738037,2.509000062942505,2.552000045776367,0.0,2.552000045776367
2019-05-03,2.562999963760376,2.5759999752044678,2.5160000324249268,2.5309998989105225,0.0,2.5309998989105225
2019-05-06,2.490999937057495,2.502000093460083,2.4800000190734863,2.5,0.0,2.5
2019-05-07,2.4779999256134033,2.4820001125335693,2.446000099182129,2.447999954223633,0.0,2.447999954223633
2019-05-08,2.438999891281128,2.486999988555908,2.430000066757202,2.4820001125335693,0.0,2.4820001125335693
2019-05-09,2.444000005722046,2.4709999561309814,2.424999952316284,2.4570000171661377,0.0,2.4570000171661377
2019-05-10,2.446000099182129,2.4600000381469727,2.4260001182556152,2.4549999237060547,0.0,2.4549999237060547
2019-05-13,2.4230000972747803,2.4260001182556152,2.3889999389648438,2.4049999713897705,0.0,2.4049999713897705
2019-05-14,2.4140000343322754,2.427999973297119,2.4019999504089355,2.4189999103546143,0.0,2.4189999103546143
2019-05-15,2.369999885559082,2.3910000324249268,2.3610000610351562,2.378999948501587,0.0,2.378999948501587
2019-05-16,2.381999969482422,2.4140000343322754,2.380000114440918,2.4049999713897705,0.0,2.4049999713897705
2019-05-17,2.369999885559082,2.4089999198913574,2.364000082015991,2.3929998874664307,0.0,2.3929998874664307
2019-05-20,2.385999917984009,2.4179999828338623,2.380000114440918,2.4159998893737793,0.0,2.4159998893737793
2019-05-21,2.427999973297119,2.440999984741211,2.4189999103546143,2.4260001182556152,0.0,2.4260001182556152
2019-05-22,2.4119999408721924,2.4140000343322754,2.385999917984009,2.3929998874664307,0.0,2.3929998874664307
2019-05-23,2.3610000610351562,2.364000082015991,2.2939999103546143,2.2960000038146973,0.0,2.2960000038146973
2019-05-24,2.315000057220459,2.3340001106262207,2.308000087738037,2.3239998817443848,0.0,2.3239998817443848
2019-05-27,,,,,,
2019-05-28,2.2990000247955322,2.2990000247955322,2.2639999389648438,2.2679998874664307,0.0,2.2679998874664307
2019-05-29,2.2309999465942383,2.246999979019165,2.2100000381469727,2.2360000610351562,0.0,2.2360000610351562
2019-05-30,2.260999917984009,2.2760000228881836,2.2260000705718994,2.2269999980926514,0.0,2.2269999980926514
2019-05-31,2.1610000133514404,2.184000015258789,2.13700008392334,2.1419999599456787,0.0,2.1419999599456787
2019-06-03,2.111999988555908,2.130000114440918,2.0810000896453857,2.0810000896453857,0.0,2.0810000896453857
2019-06-04,2.125999927520752,2.1470000743865967,2.1019999980926514,2.11899995803833,0.0,2.11899995803833
2019-06-05,2.0969998836517334,2.130000114440918,2.0799999237060547,2.122999906539917,0.0,2.122999906539917
2019-06-06,2.1050000190734863,2.134999990463257,2.0920000076293945,2.124000072479248,0.0,2.124000072479248
2019-06-07,2.1050000190734863,2.1050000190734863,2.052999973297119,2.0840001106262207,0.0,2.0840001106262207
2019-06-10,2.134999990463257,2.1470000743865967,2.115000009536743,2.1429998874664307,0.0,2.1429998874664307
2019-06-11,2.1710000038146973,2.1740000247955322,2.138000011444092,2.140000104904175,0.0,2.140000104904175
2019-06-12,2.121999979019165,2.1429998874664307,2.109999895095825,2.127000093460083,0.0,2.127000093460083
2019-06-13,2.111999988555908,2.119999885559082,2.0820000171661377,2.0910000801086426,0.0,2.0910000801086426
2019-06-14,2.075000047683716,2.109999895095825,2.075000047683716,2.0929999351501465,0.0,2.0929999351501465
2019-06-17,2.0940001010894775,2.1029999256134033,2.0789999961853027,2.0859999656677246,0.0,2.0859999656677246
2019-06-18,2.0350000858306885,2.075000047683716,2.0290000438690186,2.059999942779541,0.0,2.059999942779541
2019-06-19,2.0840001106262207,2.0989999771118164,2.0220000743865967,2.0290000438690186,0.0,2.0290000438690186
2019-06-20,1.99399995803833,2.015000104904175,1.975000023841858,2.000999927520752,0.0,2.000999927520752
2019-06-21,2.0260000228881836,2.069999933242798,2.0179998874664307,2.068000078201294,0.0,2.068000078201294
2019-06-24,2.0320000648498535,2.0420000553131104,2.0139999389648438,2.0209999084472656,0.0,2.0209999084472656
2019-06-25,2.01200008392334,2.0139999389648438,1.9819999933242798,1.99399995803833,0.0,1.99399995803833
2019-06-26,2.0160000324249268,2.0490000247955322,2.00600004196167,2.0490000247955322,0.0,2.0490000247955322
2019-06-27,2.0399999618530273,2.0450000762939453,2.003999948501587,2.005000114440918,0.0,2.005000114440918
2019-06-28,2.01200008392334,2.0329999923706055,1.9980000257492065,2.0,0.0,2.0
2019-07-01,2.0260000228881836,2.0480000972747803,2.005000114440918,2.0339999198913574,0.0,2.0339999198913574
2019-07-02,2.0239999294281006,2.0239999294281006,1.9739999771118164,1.9759999513626099,0.0,1.9759999513626099
2019-07-03,1.9550000429153442,1.968999981880188,1.9429999589920044,1.9529999494552612,0.0,1.9529999494552612
2019-07-04,,,,,,
2019-07-05,1.9700000286102295,2.068000078201294,1.965000033378601,2.0480000972747803,0.0,2.0480000972747803
2019-07-08,2.0299999713897705,2.0360000133514404,2.013000011444092,2.0339999198913574,0.0,2.0339999198913574
2019-07-09,2.059999942779541,2.068000078201294,2.0460000038146973,2.053999900817871,0.0,2.053999900817871
2019-07-10,2.1010000705718994,2.1050000190734863,2.0409998893737793,2.061000108718872,0.0,2.061000108718872
2019-07-11,2.068000078201294,2.134000062942505,2.058000087738037,2.119999885559082,0.0,2.119999885559082
2019-07-12,2.121999979019165,2.1480000019073486,2.1050000190734863,2.1059999465942383,0.0,2.1059999465942383
2019-07-15,2.11299991607666,2.115000009536743,2.0899999141693115,2.0920000076293945,0.0,2.0920000076293945
2019-07-16,2.0989999771118164,2.1429998874664307,2.0959999561309814,2.121999979019165,0.0,2.121999979019165
2019-07-17,2.0920000076293945,2.0969998836517334,2.056999921798706,2.061000108718872,0.0,2.061000108718872
2019-07-18,2.059000015258789,2.078000068664551,2.0350000858306885,2.0380001068115234,0.0,2.0380001068115234
2019-07-19,2.046999931335449,2.063999891281128,2.0380001068115234,2.0480000972747803,0.0,2.0480000972747803
2019-07-22,2.049999952316284,2.049999952316284,2.0269999504089355,2.0429999828338623,0.0,2.0429999828338623
2019-07-23,2.0480000972747803,2.0759999752044678,2.0429999828338623,2.0739998817443848,0.0,2.0739998817443848
2019-07-24,2.052000045776367,2.059999942779541,2.0380001068115234,2.049999952316284,0.0,2.049999952316284
2019-07-25,2.0169999599456787,2.0999999046325684,2.01200008392334,2.0739998817443848,0.0,2.0739998817443848
2019-07-26,2.069000005722046,2.0999999046325684,2.062999963760376,2.0810000896453857,0.0,2.0810000896453857
2019-07-29,2.058000087738037,2.066999912261963,2.0480000972747803,2.055000066757202,0.0,2.055000066757202
2019-07-30,2.055000066757202,2.075000047683716,2.0409998893737793,2.061000108718872,0.0,2.061000108718872
2019-07-31,2.0510001182556152,2.072000026702881,2.009000062942505,2.0209999084472656,0.0,2.0209999084472656
2019-08-01,2.0280001163482666,2.0280001163482666,1.878000020980835,1.8940000534057617,0.0,1.8940000534057617
2019-08-02,1.8660000562667847,1.906999945640564,1.8420000076293945,1.8550000190734863,0.0,1.8550000190734863
2019-08-05,1.7619999647140503,1.7869999408721924,1.7289999723434448,1.7350000143051147,0.0,1.7350000143051147
2019-08-06,1.753000020980835,1.7719999551773071,1.7309999465942383,1.7389999628067017,0.0,1.7389999628067017
2019-08-07,1.6299999952316284,1.684999942779541,1.5950000286102295,1.684000015258789,0.0,1.684000015258789
2019-08-08,1.718999981880188,1.7929999828338623,1.7050000429153442,1.715999960899353,0.0,1.715999960899353
2019-08-09,1.715999960899353,1.7339999675750732,1.6799999475479126,1.7339999675750732,0.0,1.7339999675750732
2019-08-12,1.690000057220459,1.6970000267028809,1.628000020980835,1.6390000581741333,0.0,1.6390000581741333
2019-08-13,1.6449999809265137,1.7170000076293945,1.6349999904632568,1.6799999475479126,0.0,1.6799999475479126
2019-08-14,1.6009999513626099,1.6180000305175781,1.5809999704360962,1.5809999704360962,0.0,1.5809999704360962
2019-08-15,1.5570000410079956,1.593999981880188,1.475000023841858,1.5290000438690186,0.0,1.5290000438690186
2019-08-16,1.5369999408721924,1.593000054359436,1.531999945640564,1.5390000343322754,0.0,1.5390000343322754
2019-08-19,1.5959999561309814,1.6180000305175781,1.5839999914169312,1.5980000495910645,0.0,1.5980000495910645
2019-08-20,1.5789999961853027,1.5789999961853027,1.5399999618530273,1.5609999895095825,0.0,1.5609999895095825
2019-08-21,1.5859999656677246,1.593000054359436,1.5470000505447388,1.5770000219345093,0.0,1.5770000219345093
2019-08-22,1.621999979019165,1.6230000257492065,1.5720000267028809,1.6100000143051147,0.0,1.6100000143051147
2019-08-23,1.6109999418258667,1.621999979019165,1.50600004196167,1.527999997138977,0.0,1.527999997138977
2019-08-26,1.5169999599456787,1.5490000247955322,1.5080000162124634,1.5449999570846558,0.0,1.5449999570846558
2019-08-27,1.5130000114440918,1.5219999551773071,1.4709999561309814,1.4900000095367432,0.0,1.4900000095367432
2019-08-28,1.4579999446868896,1.4809999465942383,1.4459999799728394,1.465999960899353,0.0,1.465999960899353
2019-08-29,1.496000051498413,1.534999966621399,1.4780000448226929,1.5160000324249268,0.0,1.5160000324249268
2019-08-30,1.524999976158142,1.531999945640564,1.5010000467300415,1.50600004196167,0.0,1.50600004196167
2019-09-02,,,,,,
2019-09-03,1.4830000400543213,1.5110000371932983,1.4290000200271606,1.465999960899353,0.0,1.465999960899353
2019-09-04,1.4930000305175781,1.4989999532699585,1.4509999752044678,1.4589999914169312,0.0,1.4589999914169312
2019-09-05,1.5199999809265137,1.590999960899353,1.5180000066757202,1.565000057220459,0.0,1.565000057220459
2019-09-06,1.6050000190734863,1.6059999465942383,1.5399999618530273,1.5499999523162842,0.0,1.5499999523162842
2019-09-09,1.5959999561309814,1.6349999904632568,1.5870000123977661,1.621999979019165,0.0,1.621999979019165
2019-09-10,1.6469999551773071,1.7039999961853027,1.6349999904632568,1.7020000219345093,0.0,1.7020000219345093
2019-09-11,1.7300000190734863,1.7519999742507935,1.7200000286102295,1.7330000400543213,0.0,1.7330000400543213
2019-09-12,1.7009999752044678,1.8009999990463257,1.6679999828338623,1.7910000085830688,0.0,1.7910000085830688
2019-09-13,1.7940000295639038,1.902999997138977,1.7929999828338623,1.902999997138977,0.0,1.902999997138977
2019-09-16,1.8339999914169312,1.875,1.8289999961853027,1.840999960899353,0.0,1.840999960899353
2019-09-17,1.815000057220459,1.8489999771118164,1.7940000295639038,1.812000036239624,0.0,1.812000036239624
2019-09-18,1.774999976158142,1.8049999475479126,1.74399995803833,1.7860000133514404,0.0,1.7860000133514404
2019-09-19,1.7580000162124634,1.7890000343322754,1.7489999532699585,1.7740000486373901,0.0,1.7740000486373901
2019-09-20,1.7929999828338623,1.7949999570846558,1.7489999532699585,1.7549999952316284,0.0,1.7549999952316284
2019-09-23,1.6970000267028809,1.7089999914169312,1.6649999618530273,1.7079999446868896,0.0,1.7079999446868896
2019-09-24,1.7039999961853027,1.7079999446868896,1.6349999904632568,1.6349999904632568,0.0,1.6349999904632568
2019-09-25,1.6540000438690186,1.7350000143051147,1.6419999599456787,1.7319999933242798,0.0,1.7319999933242798
2019-09-26,1.718000054359436,1.718000054359436,1.6749999523162842,1.684999942779541,0.0,1.684999942779541
2019-09-27,1.722000002861023,1.722000002861023,1.6729999780654907,1.6749999523162842,0.0,1.6749999523162842
2019-09-30,1.6990000009536743,1.7130000591278076,1.6720000505447388,1.6749999523162842,0.0,1.6749999523162842
2019-10-01,1.7269999980926514,1.7549999952316284,1.6130000352859497,1.6440000534057617,0.0,1.6440000534057617
2019-10-02,1.6339999437332153,1.6440000534057617,1.5800000429153442,1.5959999561309814,0.0,1.5959999561309814
2019-10-03,1.5839999914169312,1.5959999561309814,1.5099999904632568,1.5360000133514404,0.0,1.5360000133514404
2019-10-04,1.5379999876022339,1.5549999475479126,1.5099999904632568,1.5149999856948853,0.0,1.5149999856948853
2019-10-07,1.5390000343322754,1.559999942779541,1.5290000438690186,1.5529999732971191,0.0,1.5529999732971191
2019-10-08,1.5199999809265137,1.555999994277954,1.5099999904632568,1.5369999408721924,0.0,1.5369999408721924
2019-10-09,1.5579999685287476,1.593999981880188,1.5460000038146973,1.5889999866485596,0.0,1.5889999866485596
2019-10-10,1.5839999914169312,1.6720000505447388,1.5750000476837158,1.6579999923706055,0.0,1.6579999923706055
2019-10-11,1.7079999446868896,1.7640000581741333,1.6959999799728394,1.7519999742507935,0.0,1.7519999742507935
2019-10-14,1.7330000400543213,1.7330000400543213,1.7330000400543213,1.7330000400543213,0.0,1.7330000400543213
2019-10-15,1.690999984741211,1.7760000228881836,1.6890000104904175,1.7710000276565552,0.0,1.7710000276565552
2019-10-16,1.7400000095367432,1.7690000534057617,1.7289999723434448,1.7480000257492065,0.0,1.7480000257492065
2019-10-17,1.7569999694824219,1.7730000019073486,1.7309999465942383,1.7569999694824219,0.0,1.7569999694824219
2019-10-18,1.7680000066757202,1.7690000534057617,1.7289999723434448,1.746999979019165,0.0,1.746999979019165
2019-10-21,1.777999997138977,1.8049999475479126,1.7710000276565552,1.7920000553131104,0.0,1.7920000553131104
2019-10-22,1.774999976158142,1.8029999732971191,1.7640000581741333,1.7680000066757202,0.0,1.7680000066757202
2019-10-23,1.7309999465942383,1.7630000114440918,1.7309999465942383,1.7589999437332153,0.0,1.7589999437332153
2019-10-24,1.75,1.774999976158142,1.7380000352859497,1.7660000324249268,0.0,1.7660000324249268
2019-10-25,1.7660000324249268,1.8140000104904175,1.75,1.8009999990463257,0.0,1.8009999990463257
2019-10-28,1.8329999446868896,1.8600000143051147,1.8300000429153442,1.8530000448226929,0.0,1.8530000448226929
2019-10-29,1.8389999866485596,1.8489999771118164,1.8259999752044678,1.8350000381469727,0.0,1.8350000381469727
2019-10-30,1.8259999752044678,1.8509999513626099,1.7940000295639038,1.7979999780654907,0.0,1.7979999780654907
2019-10-31,1.7079999446868896,1.7139999866485596,1.680999994277954,1.690999984741211,0.0,1.690999984741211
2019-11-01,1.6770000457763672,1.7450000047683716,1.6699999570846558,1.7280000448226929,0.0,1.7280000448226929
2019-11-04,1.746999979019165,1.7929999828338623,1.746999979019165,1.7860000133514404,0.0,1.7860000133514404
2019-11-05,1.8250000476837158,1.8730000257492065,1.8250000476837158,1.8660000562667847,0.0,1.8660000562667847
2019-11-06,1.8370000123977661,1.8480000495910645,1.8070000410079956,1.8140000104904175,0.0,1.8140000104904175
2019-11-07,1.88100004196167,1.9709999561309814,1.8739999532699585,1.9259999990463257,0.0,1.9259999990463257
2019-11-08,1.9500000476837158,1.9520000219345093,1.8949999809265137,1.9329999685287476,0.0,1.9329999685287476
2019-11-11,1.9429999589920044,1.9429999589920044,1.9429999589920044,1.9429999589920044,0.0,1.9429999589920044
2019-11-12,1.940000057220459,1.9490000009536743,1.906999945640564,1.909000039100647,0.0,1.909000039100647
2019-11-13,1.8880000114440918,1.8910000324249268,1.8650000095367432,1.8700000047683716,0.0,1.8700000047683716
2019-11-14,1.850000023841858,1.8509999513626099,1.8049999475479126,1.815000057220459,0.0,1.815000057220459
2019-11-15,1.840999960899353,1.8450000286102295,1.819000005722046,1.8339999914169312,0.0,1.8339999914169312
2019-11-18,1.8450000286102295,1.8450000286102295,1.7949999570846558,1.8079999685287476,0.0,1.8079999685287476
2019-11-19,1.8170000314712524,1.8170000314712524,1.7769999504089355,1.7860000133514404,0.0,1.7860000133514404
2019-11-20,1.746999979019165,1.7640000581741333,1.7300000190734863,1.7380000352859497,0.0,1.7380000352859497
2019-11-21,1.7599999904632568,1.7860000133514404,1.753000020980835,1.7719999551773071,0.0,1.7719999551773071
2019-11-22,1.75,1.7790000438690186,1.746999979019165,1.7740000486373901,0.0,1.7740000486373901
2019-11-25,1.7899999618530273,1.7929999828338623,1.7549999952316284,1.7640000581741333,0.0,1.7640000581741333
2019-11-26,1.7450000047683716,1.746999979019165,1.7309999465942383,1.7400000095367432,0.0,1.7400000095367432
2019-11-27,1.75,1.777999997138977,1.75,1.7669999599456787,0.0,1.7669999599456787
2019-11-28,,,,,,
2019-11-29,1.7719999551773071,1.7960000038146973,1.7640000581741333,1.7760000228881836,0.0,1.7760000228881836
2019-12-02,1.8329999446868896,1.8539999723434448,1.8209999799728394,1.8359999656677246,0.0,1.8359999656677246
2019-12-03,1.7879999876022339,1.7879999876022339,1.6929999589920044,1.7089999914169312,0.0,1.7089999914169312
2019-12-04,1.7330000400543213,1.7910000085830688,1.7330000400543213,1.781000018119812,0.0,1.781000018119812
2019-12-05,1.7719999551773071,1.8220000267028809,1.7719999551773071,1.7970000505447388,0.0,1.7970000505447388
2019-12-06,1.7949999570846558,1.8639999628067017,1.7899999618530273,1.8420000076293945,0.0,1.8420000076293945
2019-12-09,1.8279999494552612,1.8329999446868896,1.8070000410079956,1.8289999961853027,0.0,1.8289999961853027
2019-12-10,1.809999942779541,1.8489999771118164,1.8049999475479126,1.8329999446868896,0.0,1.8329999446868896
2019-12-11,1.8300000429153442,1.8359999656677246,1.7829999923706055,1.7899999618530273,0.0,1.7899999618530273
2019-12-12,1.7929999828338623,1.9240000247955322,1.777999997138977,1.8969999551773071,0.0,1.8969999551773071
2019-12-13,1.878000020980835,1.906000018119812,1.815999984741211,1.819000005722046,0.0,1.819000005722046
2019-12-16,1.8489999771118164,1.8940000534057617,1.8450000286102295,1.8919999599456787,0.0,1.8919999599456787
2019-12-17,1.8609999418258667,1.8940000534057617,1.8559999465942383,1.8890000581741333,0.0,1.8890000581741333
2019-12-18,1.8910000324249268,1.934000015258789,1.8839999437332153,1.9240000247955322,0.0,1.9240000247955322
2019-12-19,1.9470000267028809,1.9470000267028809,1.8980000019073486,1.9079999923706055,0.0,1.9079999923706055
2019-12-20,1.934999942779541,1.940000057220459,1.9149999618530273,1.9170000553131104,0.0,1.9170000553131104
2019-12-23,1.9119999408721924,1.940000057220459,1.8980000019073486,1.934999942779541,0.0,1.934999942779541
2019-12-24,1.934999942779541,1.9490000009536743,1.9010000228881836,1.909999966621399,0.0,1.909999966621399
2019-12-25,,,,,,
2019-12-26,1.9119999408721924,1.9210000038146973,1.8960000276565552,1.9049999713897705,0.0,1.9049999713897705
2019-12-27,1.8930000066757202,1.8930000066757202,1.8700000047683716,1.8739999532699585,0.0,1.8739999532699585
2019-12-30,1.9229999780654907,1.940000057220459,1.8949999809265137,1.8949999809265137,0.0,1.8949999809265137
2019-12-31,1.8980000019073486,1.9299999475479126,1.8949999809265137,1.9190000295639038,0.0,1.9190000295639038
2020-01-01,,,,,,
2020-01-02,1.902999997138977,1.902999997138977,1.8509999513626099,1.8819999694824219,0.0,1.8819999694824219
2020-01-03,1.8279999494552612,1.840000033378601,1.7860000133514404,1.7879999876022339,0.0,1.7879999876022339
2020-01-06,1.784999966621399,1.815999984741211,1.7660000324249268,1.8109999895095825,0.0,1.8109999895095825
2020-01-07,1.7970000505447388,1.8279999494552612,1.7970000505447388,1.8270000219345093,0.0,1.8270000219345093
2020-01-08,1.8229999542236328,1.8760000467300415,1.8020000457763672,1.8739999532699585,0.0,1.8739999532699585
2020-01-09,1.86899995803833,1.899999976158142,1.8509999513626099,1.8580000400543213,0.0,1.8580000400543213
2020-01-10,1.8530000448226929,1.8630000352859497,1.815999984741211,1.8250000476837158,0.0,1.8250000476837158
2020-01-13,1.8339999914169312,1.8580000400543213,1.8339999914169312,1.8480000495910645,0.0,1.8480000495910645
2020-01-14,1.8420000076293945,1.8530000448226929,1.812999963760376,1.8179999589920044,0.0,1.8179999589920044
2020-01-15,1.7949999570846558,1.8020000457763672,1.7799999713897705,1.7879999876022339,0.0,1.7879999876022339
2020-01-16,1.781000018119812,1.8200000524520874,1.7799999713897705,1.809000015258789,0.0,1.809000015258789
2020-01-17,1.8179999589920044,1.850000023841858,1.815999984741211,1.8359999656677246,0.0,1.8359999656677246
2020-01-20,,,,,,
2020-01-21,1.7970000505447388,1.7970000505447388,1.7660000324249268,1.7690000534057617,0.0,1.7690000534057617
2020-01-22,1.784999966621399,1.784999966621399,1.7589999437332153,1.7690000534057617,0.0,1.7690000534057617
2020-01-23,1.7400000095367432,1.7519999742507935,1.715000033378601,1.7400000095367432,0.0,1.7400000095367432
2020-01-24,1.7339999675750732,1.7389999628067017,1.6699999570846558,1.680999994277954,0.0,1.680999994277954
2020-01-27,1.6119999885559082,1.6269999742507935,1.6050000190734863,1.6050000190734863,0.0,1.6050000190734863
2020-01-28,1.6239999532699585,1.6549999713897705,1.6130000352859497,1.6410000324249268,0.0,1.6410000324249268
2020-01-29,1.6369999647140503,1.6369999647140503,1.5889999866485596,1.593999981880188,0.0,1.593999981880188
2020-01-30,1.5700000524520874,1.5870000123977661,1.534000039100647,1.5579999685287476,0.0,1.5579999685287476
2020-01-31,1.5499999523162842,1.555999994277954,1.5119999647140503,1.5199999809265137,0.0,1.5199999809265137
2020-02-03,1.5549999475479126,1.5750000476837158,1.5149999856948853,1.5199999809265137,0.0,1.5199999809265137
2020-02-04,1.5770000219345093,1.6180000305175781,1.5750000476837158,1.6030000448226929,0.0,1.6030000448226929
2020-02-05,1.652999997138977,1.656000018119812,1.628000020980835,1.6490000486373901,0.0,1.6490000486373901
2020-02-06,1.6369999647140503,1.6679999828338623,1.6369999647140503,1.6440000534057617,0.0,1.6440000534057617
2020-02-07,1.6160000562667847,1.6349999904632568,1.5709999799728394,1.5779999494552612,0.0,1.5779999494552612
2020-02-10,1.5700000524520874,1.5750000476837158,1.5440000295639038,1.5470000505447388,0.0,1.5470000505447388
2020-02-11,1.5950000286102295,1.6009999513626099,1.5729999542236328,1.590000033378601,0.0,1.590000033378601
2020-02-12,1.625,1.6390000581741333,1.6180000305175781,1.6299999952316284,0.0,1.6299999952316284
2020-02-13,1.6019999980926514,1.6260000467300415,1.600000023841858,1.6169999837875366,0.0,1.6169999837875366
2020-02-14,1.5989999771118164,1.6050000190734863,1.5729999542236328,1.5880000591278076,0.0,1.5880000591278076
2020-02-17,,,,,,
2020-02-18,1.5440000295639038,1.5759999752044678,1.5410000085830688,1.555999994277954,0.0,1.555999994277954
2020-02-19,1.562999963760376,1.5870000123977661,1.555999994277954,1.5700000524520874,0.0,1.5700000524520874
2020-02-20,1.5369999408721924,1.5479999780654907,1.5069999694824219,1.524999976158142,0.0,1.524999976158142
2020-02-21,1.4850000143051147,1.4919999837875366,1.4390000104904175,1.4709999561309814,0.0,1.4709999561309814
2020-02-24,1.3960000276565552,1.4019999504089355,1.3519999980926514,1.3769999742507935,0.0,1.3769999742507935
2020-02-25,1.3739999532699585,1.3769999742507935,1.3070000410079956,1.3300000429153442,0.0,1.3300000429153442
2020-02-26,1.36899995803833,1.38100004196167,1.3020000457763672,1.309999942779541,0.0,1.309999942779541
2020-02-27,1.2719999551773071,1.3270000219345093,1.2430000305175781,1.2990000247955322,0.0,1.2990000247955322
2020-02-28,1.2109999656677246,1.2230000495910645,1.1269999742507935,1.1269999742507935,0.0,1.1269999742507935
2020-03-02,1.0670000314712524,1.1030000448226929,1.059000015258789,1.0880000591278076,0.0,1.0880000591278076
2020-03-03,1.1299999952316284,1.1629999876022339,0.9079999923706055,1.0099999904632568,0.0,1.0099999904632568
2020-03-04,0.9919999837875366,1.0149999856948853,0.9509999752044678,0.9919999837875366,0.0,0.9919999837875366
2020-03-05,0.9520000219345093,0.9570000171661377,0.8989999890327454,0.9259999990463257,0.0,0.9259999990463257
2020-03-06,0.7139999866485596,0.7889999747276306,0.6600000262260437,0.7059999704360962,0.0,0.7059999704360962
2020-03-09,0.48399999737739563,0.6010000109672546,0.39800000190734863,0.49900001287460327,0.0,0.49900001287460327
2020-03-10,0.6539999842643738,0.7559999823570251,0.5649999976158142,0.7480000257492065,0.0,0.7480000257492065
2020-03-11,0.7070000171661377,0.8619999885559082,0.675000011920929,0.8199999928474426,0.0,0.8199999928474426
2020-03-12,0.675000011920929,0.8489999771118164,0.6380000114440918,0.8489999771118164,0.0,0.8489999771118164
2020-03-13,0.9440000057220459,0.9860000014305115,0.8370000123977661,0.9509999752044678,0.0,0.9509999752044678
2020-03-16,0.777999997138977,0.859000027179718,0.703000009059906,0.7279999852180481,0.0,0.7279999852180481
2020-03-17,0.7940000295639038,0.996999979019165,0.7429999709129333,0.996999979019165,0.0,0.996999979019165
2020-03-18,1.0820000171661377,1.2660000324249268,0.9990000128746033,1.2660000324249268,0.0,1.2660000324249268
2020-03-19,1.1369999647140503,1.225000023841858,1.0069999694824219,1.11899995803833,0.0,1.11899995803833
2020-03-20,1.0160000324249268,1.031000018119812,0.9160000085830688,0.9380000233650208,0.0,0.9380000233650208
2020-03-23,0.7149999737739563,0.8790000081062317,0.7149999737739563,0.7639999985694885,0.0,0.7639999985694885
2020-03-24,0.8230000138282776,0.8960000276565552,0.8100000023841858,0.8159999847412109,0.0,0.8159999847412109
2020-03-25,0.8450000286102295,0.8610000014305115,0.7829999923706055,0.8579999804496765,0.0,0.8579999804496765
2020-03-26,0.7870000004768372,0.8270000219345093,0.7699999809265137,0.8109999895095825,0.0,0.8109999895095825
2020-03-27,0.7760000228881836,0.7820000052452087,0.7310000061988831,0.7490000128746033,0.0,0.7490000128746033
2020-03-30,0.6570000052452087,0.6809999942779541,0.5989999771118164,0.6700000166893005,0.0,0.6700000166893005
2020-03-31,0.7009999752044678,0.7200000286102295,0.6510000228881836,0.6980000138282776,0.0,0.6980000138282776
2020-04-01,0.6100000143051147,0.6430000066757202,0.5789999961853027,0.6349999904632568,0.0,0.6349999904632568
2020-04-02,0.5920000076293945,0.6349999904632568,0.578000009059906,0.6269999742507935,0.0,0.6269999742507935
2020-04-03,0.5889999866485596,0.6069999933242798,0.5680000185966492,0.5870000123977661,0.0,0.5870000123977661
2020-04-06,0.6449999809265137,0.6759999990463257,0.6420000195503235,0.6759999990463257,0.0,0.6759999990463257
2020-04-07,0.734000027179718,0.7839999794960022,0.7250000238418579,0.7360000014305115,0.0,0.7360000014305115
2020-04-08,0.7630000114440918,0.7680000066757202,0.7289999723434448,0.7639999985694885,0.0,0.7639999985694885
2020-04-09,0.7269999980926514,0.7730000019073486,0.7129999995231628,0.7289999723434448,0.0,0.7289999723434448
2020-04-10,,,,,,
2020-04-13,0.7409999966621399,0.7590000033378601,0.722000002861023,0.7490000128746033,0.0,0.7490000128746033
2020-04-14,0.746999979019165,0.7570000290870667,0.7300000190734863,0.7519999742507935,0.0,0.7519999742507935
2020-04-15,0.6869999766349792,0.6880000233650208,0.6269999742507935,0.6380000114440918,0.0,0.6380000114440918
2020-04-16,0.6140000224113464,0.6240000128746033,0.593999981880188,0.609000027179718,0.0,0.609000027179718
2020-04-17,0.6430000066757202,0.6579999923706055,0.5870000123977661,0.6539999842643738,0.0,0.6539999842643738
2020-04-20,0.6240000128746033,0.6430000066757202,0.6119999885559082,0.6259999871253967,0.0,0.6259999871253967
2020-04-21,0.550000011920929,0.578000009059906,0.5429999828338623,0.5709999799728394,0.0,0.5709999799728394
2020-04-22,0.5830000042915344,0.6359999775886536,0.5809999704360962,0.6190000176429749,0.0,0.6190000176429749
2020-04-23,0.621999979019165,0.6299999952316284,0.593999981880188,0.6129999756813049,0.0,0.6129999756813049
2020-04-24,0.6019999980926514,0.6209999918937683,0.5910000205039978,0.5960000157356262,0.0,0.5960000157356262
2020-04-27,0.6209999918937683,0.6620000004768372,0.6209999918937683,0.656000018119812,0.0,0.656000018119812
2020-04-28,0.6510000228881836,0.6520000100135803,0.593999981880188,0.6100000143051147,0.0,0.6100000143051147
2020-04-29,0.593999981880188,0.640999972820282,0.5839999914169312,0.6269999742507935,0.0,0.6269999742507935
2020-04-30,0.6110000014305115,0.625,0.5809999704360962,0.621999979019165,0.0,0.621999979019165
2020-05-01,0.6129999756813049,0.6480000019073486,0.609000027179718,0.6420000195503235,0.0,0.6420000195503235
2020-05-04,0.6159999966621399,0.6510000228881836,0.6150000095367432,0.6370000243186951,0.0,0.6370000243186951
2020-05-05,0.6589999794960022,0.6729999780654907,0.6430000066757202,0.6570000052452087,0.0,0.6570000052452087
2020-05-06,0.6819999814033508,0.7429999709129333,0.6809999942779541,0.7110000252723694,0.0,0.7110000252723694
2020-05-07,0.6949999928474426,0.7009999752044678,0.621999979019165,0.6309999823570251,0.0,0.6309999823570251
2020-05-08,0.6309999823570251,0.6830000281333923,0.6230000257492065,0.6819999814033508,0.0,0.6819999814033508
2020-05-11,0.6830000281333923,0.7260000109672546,0.671999990940094,0.7260000109672546,0.0,0.7260000109672546
2020-05-12,0.7110000252723694,0.7239999771118164,0.6679999828338623,0.6779999732971191,0.0,0.6779999732971191
2020-05-13,0.6639999747276306,0.671999990940094,0.6349999904632568,0.6489999890327454,0.0,0.6489999890327454
2020-05-14,0.6169999837875366,0.628000020980835,0.6039999723434448,0.6190000176429749,0.0,0.6190000176429749
2020-05-15,0.6039999723434448,0.6489999890327454,0.5899999737739563,0.6399999856948853,0.0,0.6399999856948853
2020-05-18,0.6660000085830688,0.7440000176429749,0.6610000133514404,0.7440000176429749,0.0,0.7440000176429749
2020-05-19,0.7289999723434448,0.7450000047683716,0.7049999833106995,0.7110000252723694,0.0,0.7110000252723694
2020-05-20,0.703000009059906,0.7210000157356262,0.6700000166893005,0.6800000071525574,0.0,0.6800000071525574
2020-05-21,0.6800000071525574,0.6819999814033508,0.6539999842643738,0.6769999861717224,0.0,0.6769999861717224
2020-05-22,0.6570000052452087,0.671999990940094,0.6480000019073486,0.6570000052452087,0.0,0.6570000052452087
2020-05-25,,,,,,
2020-05-26,0.6970000267028809,0.7080000042915344,0.6899999976158142,0.6980000138282776,0.0,0.6980000138282776
2020-05-27,0.7229999899864197,0.7229999899864197,0.6610000133514404,0.6800000071525574,0.0,0.6800000071525574
2020-05-28,0.6869999766349792,0.7129999995231628,0.6850000023841858,0.7049999833106995,0.0,0.7049999833106995
2020-05-29,0.6639999747276306,0.6850000023841858,0.6480000019073486,0.6480000019073486,0.0,0.6480000019073486
2020-06-01,0.6669999957084656,0.6869999766349792,0.6620000004768372,0.6620000004768372,0.0,0.6620000004768372
2020-06-02,0.6850000023841858,0.6869999766349792,0.6610000133514404,0.6800000071525574,0.0,0.6800000071525574
2020-06-03,0.7080000042915344,0.7710000276565552,0.7049999833106995,0.7609999775886536,0.0,0.7609999775886536
2020-06-04,0.7540000081062317,0.8230000138282776,0.7440000176429749,0.8199999928474426,0.0,0.8199999928474426
2020-06-05,0.8669999837875366,0.9570000171661377,0.8619999885559082,0.9039999842643738,0.0,0.9039999842643738
2020-06-08,0.9100000262260437,0.9150000214576721,0.8619999885559082,0.8840000033378601,0.0,0.8840000033378601
2020-06-09,0.8370000123977661,0.8399999737739563,0.8019999861717224,0.8289999961853027,0.0,0.8289999961853027
2020-06-10,0.8069999814033508,0.8119999766349792,0.7429999709129333,0.7480000257492065,0.0,0.7480000257492065
2020-06-11,0.6970000267028809,0.699999988079071,0.6510000228881836,0.652999997138977,0.0,0.652999997138977
2020-06-12,0.7020000219345093,0.7129999995231628,0.6740000247955322,0.6990000009536743,0.0,0.6990000009536743
2020-06-15,0.6690000295639038,0.7149999737739563,0.6610000133514404,0.7020000219345093,0.0,0.7020000219345093
2020-06-16,0.7609999775886536,0.7839999794960022,0.7229999899864197,0.7559999823570251,0.0,0.7559999823570251
2020-06-17,0.7559999823570251,0.7630000114440918,0.7279999852180481,0.7329999804496765,0.0,0.7329999804496765
2020-06-18,0.7039999961853027,0.7080000042915344,0.6940000057220459,0.6940000057220459,0.0,0.6940000057220459
2020-06-19,0.7329999804496765,0.7450000047683716,0.6869999766349792,0.6970000267028809,0.0,0.6970000267028809
2020-06-22,0.6949999928474426,0.7089999914169312,0.6740000247955322,0.7039999961853027,0.0,0.7039999961853027
2020-06-23,0.7250000238418579,0.7300000190734863,0.7070000171661377,0.7089999914169312,0.0,0.7089999914169312
2020-06-24,0.7300000190734863,0.7300000190734863,0.6790000200271606,0.6840000152587891,0.0,0.6840000152587891
2020-06-25,0.6639999747276306,0.6769999861717224,0.6579999923706055,0.6740000247955322,0.0,0.6740000247955322
2020-06-26,0.6690000295639038,0.6710000038146973,0.6320000290870667,0.6359999775886536,0.0,0.6359999775886536
2020-06-29,0.6510000228881836,0.6539999842643738,0.6320000290870667,0.6359999775886536,0.0,0.6359999775886536
2020-06-30,0.625,0.6660000085830688,0.6190000176429749,0.652999997138977,0.0,0.652999997138977
2020-07-01,0.6809999942779541,0.7020000219345093,0.6679999828338623,0.6819999814033508,0.0,0.6819999814033508
2020-07-02,0.6790000200271606,0.7239999771118164,0.6639999747276306,0.6690000295639038,0.0,0.6690000295639038
2020-07-03,,,,,,
2020-07-06,0.6959999799728394,0.7120000123977661,0.6840000152587891,0.6840000152587891,0.0,0.6840000152587891
2020-07-07,0.6740000247955322,0.6809999942779541,0.6399999856948853,0.6499999761581421,0.0,0.6499999761581421
2020-07-08,0.6549999713897705,0.6740000247955322,0.6449999809265137,0.652999997138977,0.0,0.652999997138977
2020-07-09,0.6549999713897705,0.6549999713897705,0.5989999771118164,0.6050000190734863,0.0,0.6050000190734863
2020-07-10,0.5839999914169312,0.6370000243186951,0.5730000138282776,0.6330000162124634,0.0,0.6330000162124634
2020-07-13,0.6480000019073486,0.6629999876022339,0.6349999904632568,0.6399999856948853,0.0,0.6399999856948853
2020-07-14,0.6269999742507935,0.6320000290870667,0.6000000238418579,0.6150000095367432,0.0,0.6150000095367432
2020-07-15,0.6499999761581421,0.6579999923706055,0.6179999709129333,0.6299999952316284,0.0,0.6299999952316284
2020-07-16,0.6179999709129333,0.6200000047683716,0.6000000238418579,0.6119999885559082,0.0,0.6119999885559082
2020-07-17,0.6039999723434448,0.6320000290870667,0.6000000238418579,0.628000020980835,0.0,0.628000020980835
2020-07-20,0.6069999933242798,0.625,0.6019999980926514,0.6200000047683716,0.0,0.6200000047683716
2020-07-21,0.6169999837875366,0.621999979019165,0.593999981880188,0.6069999933242798,0.0,0.6069999933242798
2020-07-22,0.5910000205039978,0.5989999771118164,0.5820000171661377,0.5950000286102295,0.0,0.5950000286102295
2020-07-23,0.5839999914169312,0.5920000076293945,0.5740000009536743,0.5820000171661377,0.0,0.5820000171661377
2020-07-24,0.5860000252723694,0.597000002861023,0.5770000219345093,0.5889999866485596,0.0,0.5889999866485596
2020-07-27,0.5789999961853027,0.6100000143051147,0.5740000009536743,0.609000027179718,0.0,0.609000027179718
2020-07-28,0.6050000190734863,0.6069999933242798,0.5770000219345093,0.5809999704360962,0.0,0.5809999704360962
2020-07-29,0.5839999914169312,0.5950000286102295,0.5709999799728394,0.5789999961853027,0.0,0.5789999961853027
2020-07-30,0.5609999895095825,0.5609999895095825,0.5379999876022339,0.5410000085830688,0.0,0.5410000085830688
2020-07-31,0.5299999713897705,0.5640000104904175,0.527999997138977,0.5360000133514404,0.0,0.5360000133514404
2020-08-03,0.5590000152587891,0.5720000267028809,0.5529999732971191,0.5630000233650208,0.0,0.5630000233650208
2020-08-04,0.5379999876022339,0.5379999876022339,0.5099999904632568,0.5149999856948853,0.0,0.5149999856948853
2020-08-05,0.5299999713897705,0.5529999732971191,0.527999997138977,0.5429999828338623,0.0,0.5429999828338623
2020-08-06,0.5220000147819519,0.5429999828338623,0.5040000081062317,0.5360000133514404,0.0,0.5360000133514404
2020-08-07,0.531000018119812,0.5690000057220459,0.5249999761581421,0.5619999766349792,0.0,0.5619999766349792
2020-08-10,0.5540000200271606,0.5759999752044678,0.5460000038146973,0.5740000009536743,0.0,0.5740000009536743
2020-08-11,0.6100000143051147,0.6610000133514404,0.6100000143051147,0.6579999923706055,0.0,0.6579999923706055
2020-08-12,0.675000011920929,0.6899999976158142,0.6549999713897705,0.6700000166893005,0.0,0.6700000166893005
2020-08-13,0.6819999814033508,0.7269999980926514,0.675000011920929,0.7160000205039978,0.0,0.7160000205039978
2020-08-14,0.7080000042915344,0.7129999995231628,0.6909999847412109,0.7089999914169312,0.0,0.7089999914169312
2020-08-17,0.6869999766349792,0.6930000185966492,0.6669999957084656,0.6830000281333923,0.0,0.6830000281333923
2020-08-18,0.6790000200271606,0.6880000233650208,0.6570000052452087,0.6690000295639038,0.0,0.6690000295639038
2020-08-19,0.656000018119812,0.6880000233650208,0.6480000019073486,0.675000011920929,0.0,0.675000011920929
2020-08-20,0.6480000019073486,0.652999997138977,0.6380000114440918,0.6439999938011169,0.0,0.6439999938011169
2020-08-21,0.6320000290870667,0.656000018119812,0.6230000257492065,0.6399999856948853,0.0,0.6399999856948853
2020-08-24,0.6330000162124634,0.6510000228881836,0.621999979019165,0.6460000276565552,0.0,0.6460000276565552
2020-08-25,0.6850000023841858,0.7160000205039978,0.6790000200271606,0.6819999814033508,0.0,0.6819999814033508
2020-08-26,0.7160000205039978,0.7210000157356262,0.6850000023841858,0.6869999766349792,0.0,0.6869999766349792
2020-08-27,0.675000011920929,0.7459999918937683,0.6489999890327454,0.7459999918937683,0.0,0.7459999918937683
2020-08-28,0.7390000224113464,0.7459999918937683,0.7129999995231628,0.7289999723434448,0.0,0.7289999723434448
2020-08-31,0.7329999804496765,0.7390000224113464,0.6919999718666077,0.6930000185966492,0.0,0.6930000185966492
2020-09-01,0.7200000286102295,0.7289999723434448,0.6710000038146973,0.671999990940094,0.0,0.671999990940094
2020-09-02,0.6769999861717224,0.6869999766349792,0.6430000066757202,0.6510000228881836,0.0,0.6510000228881836
2020-09-03,0.6510000228881836,0.6579999923706055,0.6060000061988831,0.621999979019165,0.0,0.621999979019165
2020-09-04,0.6489999890327454,0.7210000157356262,0.6430000066757202,0.7210000157356262,0.0,0.7210000157356262
2020-09-07,,,,,,
2020-09-08,0.6790000200271606,0.6850000023841858,0.6639999747276306,0.6840000152587891,0.0,0.6840000152587891
2020-09-09,0.6899999976158142,0.7099999785423279,0.6740000247955322,0.703000009059906,0.0,0.703000009059906
2020-09-10,0.7049999833106995,0.7229999899864197,0.6790000200271606,0.6850000023841858,0.0,0.6850000023841858
2020-09-11,0.6919999718666077,0.6970000267028809,0.6639999747276306,0.6690000295639038,0.0,0.6690000295639038
2020-09-14,0.6759999990463257,0.6759999990463257,0.652999997138977,0.6710000038146973,0.0,0.6710000038146973
2020-09-15,0.6850000023841858,0.6890000104904175,0.6740000247955322,0.6790000200271606,0.0,0.6790000200271606
2020-09-16,0.6690000295639038,0.7020000219345093,0.656000018119812,0.6869999766349792,0.0,0.6869999766349792
2020-09-17,0.6629999876022339,0.6890000104904175,0.6460000276565552,0.6840000152587891,0.0,0.6840000152587891
2020-09-18,0.6690000295639038,0.6970000267028809,0.6690000295639038,0.6940000057220459,0.0,0.6940000057220459
2020-09-21,0.6610000133514404,0.6710000038146973,0.6480000019073486,0.6710000038146973,0.0,0.6710000038146973
2020-09-22,0.6690000295639038,0.6790000200271606,0.6610000133514404,0.6639999747276306,0.0,0.6639999747276306
2020-09-23,0.6790000200271606,0.6919999718666077,0.6710000038146973,0.6759999990463257,0.0,0.6759999990463257
2020-09-24,0.6679999828338623,0.6740000247955322,0.6610000133514404,0.6660000085830688,0.0,0.6660000085830688
2020-09-25,0.6589999794960022,0.6639999747276306,0.6510000228881836,0.6589999794960022,0.0,0.6589999794960022
2020-09-28,0.6710000038146973,0.6710000038146973,0.656000018119812,0.6629999876022339,0.0,0.6629999876022339
2020-09-29,0.6499999761581421,0.6589999794960022,0.640999972820282,0.6449999809265137,0.0,0.6449999809265137
2020-09-30,0.6449999809265137,0.7039999961853027,0.6449999809265137,0.6769999861717224,0.0,0.6769999861717224
2020-10-01,0.7009999752044678,0.7200000286102295,0.6690000295639038,0.6769999861717224,0.0,0.6769999861717224
2020-10-02,0.6660000085830688,0.7039999961853027,0.652999997138977,0.6959999799728394,0.0,0.6959999799728394
2020-10-05,0.7110000252723694,0.7620000243186951,0.7110000252723694,0.7620000243186951,0.0,0.7620000243186951
2020-10-06,0.7850000262260437,0.7919999957084656,0.7269999980926514,0.7419999837875366,0.0,0.7419999837875366
2020-10-07,0.7799999713897705,0.7889999747276306,0.7599999904632568,0.7850000262260437,0.0,0.7850000262260437
2020-10-08,0.7799999713897705,0.7799999713897705,0.7620000243186951,0.7649999856948853,0.0,0.7649999856948853
2020-10-09,0.7739999890327454,0.7990000247955322,0.7599999904632568,0.7749999761581421,0.0,0.7749999761581421
2020-10-12,0.7770000100135803,0.7770000100135803,0.7770000100135803,0.7770000100135803,0.0,0.7770000100135803
2020-10-13,0.7570000290870667,0.7570000290870667,0.7260000109672546,0.7269999980926514,0.0,0.7269999980926514
2020-10-14,0.7170000076293945,0.7269999980926514,0.7089999914169312,0.722000002861023,0.0,0.722000002861023
2020-10-15,0.6980000138282776,0.734000027179718,0.6930000185966492,0.7310000061988831,0.0,0.7310000061988831
2020-10-16,0.7269999980926514,0.7570000290870667,0.7210000157356262,0.7440000176429749,0.0,0.7440000176429749
2020-10-19,0.7710000276565552,0.781000018119812,0.7570000290870667,0.7609999775886536,0.0,0.7609999775886536
2020-10-20,0.7789999842643738,0.7990000247955322,0.7760000228881836,0.796999990940094,0.0,0.796999990940094
2020-10-21,0.8209999799728394,0.8230000138282776,0.7990000247955322,0.8159999847412109,0.0,0.8159999847412109
2020-10-22,0.8130000233650208,0.8529999852180481,0.8040000200271606,0.8479999899864197,0.0,0.8479999899864197
2020-10-23,0.8600000143051147,0.871999979019165,0.8309999704360962,0.8410000205039978,0.0,0.8410000205039978
2020-10-26,0.8180000185966492,0.8180000185966492,0.7910000085830688,0.8009999990463257,0.0,0.8009999990463257
2020-10-27,0.7940000295639038,0.7940000295639038,0.7689999938011169,0.777999997138977,0.0,0.777999997138977
2020-10-28,0.7609999775886536,0.7829999923706055,0.7459999918937683,0.781000018119812,0.0,0.781000018119812
2020-10-29,0.7689999938011169,0.8420000076293945,0.7689999938011169,0.8349999785423279,0.0,0.8349999785423279
2020-10-30,0.8199999928474426,0.8650000095367432,0.8159999847412109,0.8600000143051147,0.0,0.8600000143051147
2020-11-02,0.8539999723434448,0.8550000190734863,0.828000009059906,0.8489999771118164,0.0,0.8489999771118164
2020-11-03,0.8709999918937683,0.8960000276565552,0.8709999918937683,0.8820000290870667,0.0,0.8820000290870667
2020-11-04,0.7860000133514404,0.8009999990463257,0.7559999823570251,0.7680000066757202,0.0,0.7680000066757202
2020-11-05,0.7630000114440918,0.7900000214576721,0.7480000257492065,0.7760000228881836,0.0,0.7760000228881836
2020-11-06,0.7829999923706055,0.8370000123977661,0.7820000052452087,0.8199999928474426,0.0,0.8199999928474426
2020-11-09,0.9179999828338623,0.9750000238418579,0.902999997138977,0.9580000042915344,0.0,0.9580000042915344
2020-11-10,0.9490000009536743,0.9729999899864197,0.9390000104904175,0.972000002861023,0.0,0.972000002861023
2020-11-11,0.9580000042915344,0.9580000042915344,0.9580000042915344,0.9580000042915344,0.0,0.9580000042915344
2020-11-12,0.9369999766349792,0.9369999766349792,0.8830000162124634,0.8849999904632568,0.0,0.8849999904632568
2020-11-13,0.8880000114440918,0.8980000019073486,0.871999979019165,0.8930000066757202,0.0,0.8930000066757202
2020-11-16,0.9160000085830688,0.9210000038146973,0.8960000276565552,0.906000018119812,0.0,0.906000018119812
2020-11-17,0.878000020980835,0.8849999904632568,0.8650000095367432,0.871999979019165,0.0,0.871999979019165
2020-11-18,0.8539999723434448,0.8930000066757202,0.8510000109672546,0.8820000290870667,0.0,0.8820000290870667
2020-11-19,0.8569999933242798,0.8650000095367432,0.8420000076293945,0.8539999723434448,0.0,0.8539999723434448
2020-11-20,0.8289999961853027,0.8500000238418579,0.8259999752044678,0.8289999961853027,0.0,0.8289999961853027
2020-11-23,0.8539999723434448,0.8619999885559082,0.8460000157356262,0.8569999933242798,0.0,0.8569999933242798
2020-11-24,0.8730000257492065,0.8880000114440918,0.8650000095367432,0.8820000290870667,0.0,0.8820000290870667
2020-11-25,0.8799999952316284,0.8849999904632568,0.8550000190734863,0.878000020980835,0.0,0.878000020980835
2020-11-26,,,,,,
2020-11-27,0.8569999933242798,0.8640000224113464,0.8389999866485596,0.8420000076293945,0.0,0.8420000076293945
2020-11-30,0.8500000238418579,0.859000027179718,0.8370000123977661,0.843999981880188,0.0,0.843999981880188
2020-12-01,0.8569999933242798,0.9380000233650208,0.8569999933242798,0.9340000152587891,0.0,0.9340000152587891
2020-12-02,0.9229999780654907,0.9660000205039978,0.9200000166893005,0.9480000138282776,0.0,0.9480000138282776
2020-12-03,0.9390000104904175,0.9409999847412109,0.9100000262260437,0.9200000166893005,0.0,0.9200000166893005
2020-12-04,0.925000011920929,0.9860000014305115,0.9010000228881836,0.968999981880188,0.0,0.968999981880188
2020-12-07,0.9480000138282776,0.9480000138282776,0.925000011920929,0.9279999732971191,0.0,0.9279999732971191
2020-12-08,0.925000011920929,0.9279999732971191,0.8930000066757202,0.9129999876022339,0.0,0.9129999876022339
2020-12-09,0.9430000185966492,0.9589999914169312,0.925000011920929,0.9409999847412109,0.0,0.9409999847412109
2020-12-10,0.9259999990463257,0.9409999847412109,0.9079999923706055,0.9079999923706055,0.0,0.9079999923706055
2020-12-11,0.8930000066757202,0.8999999761581421,0.8730000257492065,0.8930000066757202,0.0,0.8930000066757202
2020-12-14,0.9300000071525574,0.9359999895095825,0.8880000114440918,0.8920000195503235,0.0,0.8920000195503235
2020-12-15,0.9010000228881836,0.925000011920929,0.9010000228881836,0.9229999780654907,0.0,0.9229999780654907
2020-12-16,0.9430000185966492,0.953000009059906,0.9129999876022339,0.9200000166893005,0.0,0.9200000166893005
2020-12-17,0.9210000038146973,0.9449999928474426,0.8920000195503235,0.9300000071525574,0.0,0.9300000071525574
2020-12-18,0.9259999990463257,0.9509999752044678,0.9200000166893005,0.9480000138282776,0.0,0.9480000138282776
2020-12-21,0.8999999761581421,0.9480000138282776,0.8949999809265137,0.9409999847412109,0.0,0.9409999847412109
2020-12-22,0.9309999942779541,0.9330000281333923,0.9160000085830688,0.9179999828338623,0.0,0.9179999828338623
2020-12-23,0.9200000166893005,0.9729999899864197,0.9179999828338623,0.9549999833106995,0.0,0.9549999833106995
2020-12-24,0.9399999976158142,0.9409999847412109,0.9229999780654907,0.9279999732971191,0.0,0.9279999732971191
2020-12-25,,,,,,
2020-12-28,0.953000009059906,0.9580000042915344,0.9309999942779541,0.9330000281333923,0.0,0.9330000281333923
2020-12-29,0.949999988079071,0.949999988079071,0.9279999732971191,0.9350000023841858,0.0,0.9350000023841858
2020-12-30,0.9430000185966492,0.9449999928474426,0.925000011920929,0.9259999990463257,0.0,0.9259999990463257
2020-12-31,0.9269999861717224,0.9369999766349792,0.9120000004768372,0.9169999957084656,0.0,0.9169999957084656
2021-01-01,,,,,,
2021-01-04,0.9350000023841858,0.953000009059906,0.9070000052452087,0.9169999957084656,0.0,0.9169999957084656
2021-01-05,0.9369999766349792,0.9629999995231628,0.9269999861717224,0.9549999833106995,0.0,0.9549999833106995
2021-01-06,1.0,1.0540000200271606,1.0,1.0420000553131104,0.0,1.0420000553131104
2021-01-07,1.055999994277954,1.0880000591278076,1.0540000200271606,1.0709999799728394,0.0,1.0709999799728394
2021-01-08,1.0880000591278076,1.1260000467300415,1.0750000476837158,1.1050000190734863,0.0,1.1050000190734863
2021-01-11,1.1150000095367432,1.1380000114440918,1.100000023841858,1.1319999694824219,0.0,1.1319999694824219
2021-01-12,1.1649999618530273,1.187000036239624,1.13100004196167,1.1380000114440918,0.0,1.1380000114440918
2021-01-13,1.128999948501587,1.1330000162124634,1.0729999542236328,1.0880000591278076,0.0,1.0880000591278076
2021-01-14,1.1050000190734863,1.1330000162124634,1.0870000123977661,1.128999948501587,0.0,1.128999948501587
2021-01-15,1.1039999723434448,1.11899995803833,1.0850000381469727,1.097000002861023,0.0,1.097000002861023
2021-01-18,,,,,,
2021-01-19,1.1130000352859497,1.1180000305175781,1.0889999866485596,1.0920000076293945,0.0,1.0920000076293945
2021-01-20,1.1059999465942383,1.1059999465942383,1.0870000123977661,1.090000033378601,0.0,1.090000033378601
2021-01-21,1.1019999980926514,1.1230000257492065,1.0959999561309814,1.1089999675750732,0.0,1.1089999675750732
2021-01-22,1.0870000123977661,1.1009999513626099,1.0820000171661377,1.090999960899353,0.0,1.090999960899353
2021-01-25,1.0670000314712524,1.0700000524520874,1.034999966621399,1.0399999618530273,0.0,1.0399999618530273
2021-01-26,1.0479999780654907,1.0499999523162842,1.0329999923706055,1.0399999618530273,0.0,1.0399999618530273
2021-01-27,1.0230000019073486,1.0230000019073486,1.0010000467300415,1.0140000581741333,0.0,1.0140000581741333
2021-01-28,1.0080000162124634,1.0700000524520874,1.0080000162124634,1.0570000410079956,0.0,1.0570000410079956
2021-01-29,1.0839999914169312,1.1050000190734863,1.065999984741211,1.093000054359436,0.0,1.093000054359436
2021-02-01,1.0789999961853027,1.0880000591278076,1.059999942779541,1.0770000219345093,0.0,1.0770000219345093
2021-02-02,1.1100000143051147,1.1169999837875366,1.0959999561309814,1.1050000190734863,0.0,1.1050000190734863
2021-02-03,1.1239999532699585,1.1319999694824219,1.1130000352859497,1.13100004196167,0.0,1.13100004196167
2021-02-04,1.1460000276565552,1.1619999408721924,1.1360000371932983,1.1390000581741333,0.0,1.1390000581741333
2021-02-05,1.1720000505447388,1.187999963760376,1.1360000371932983,1.1699999570846558,0.0,1.1699999570846558
2021-02-08,1.190999984741211,1.1929999589920044,1.149999976158142,1.159999966621399,0.0,1.159999966621399
2021-02-09,1.149999976158142,1.159000039100647,1.1399999856948853,1.156999945640564,0.0,1.156999945640564
2021-02-10,1.1740000247955322,1.1759999990463257,1.13100004196167,1.1330000162124634,0.0,1.1330000162124634
2021-02-11,1.1519999504089355,1.1649999618530273,1.1380000114440918,1.1579999923706055,0.0,1.1579999923706055
2021-02-12,1.1829999685287476,1.2020000219345093,1.1779999732971191,1.2000000476837158,0.0,1.2000000476837158
2021-02-15,,,,,,
2021-02-16,1.2450000047683716,1.3009999990463257,1.2450000047683716,1.2990000247955322,0.0,1.2990000247955322
2021-02-17,1.3140000104904175,1.3309999704360962,1.2690000534057617,1.3009999990463257,0.0,1.3009999990463257
2021-02-18,1.3009999990463257,1.3179999589920044,1.2769999504089355,1.2869999408721924,0.0,1.2869999408721924
2021-02-19,1.312999963760376,1.3619999885559082,1.3079999685287476,1.3450000286102295,0.0,1.3450000286102295
2021-02-22,1.3589999675750732,1.3700000047683716,1.3259999752044678,1.3700000047683716,0.0,1.3700000047683716
2021-02-23,1.3589999675750732,1.3890000581741333,1.3420000076293945,1.3619999885559082,0.0,1.3619999885559082
2021-02-24,1.3960000276565552,1.434999942779541,1.36899995803833,1.3890000581741333,0.0,1.3890000581741333
2021-02-25,1.4559999704360962,1.6139999628067017,1.4320000410079956,1.5180000066757202,0.0,1.5180000066757202
2021-02-26,1.4700000286102295,1.5190000534057617,1.4390000104904175,1.4600000381469727,0.0,1.4600000381469727
2021-03-01,1.4509999752044678,1.4600000381469727,1.406999945640564,1.4459999799728394,0.0,1.4459999799728394
2021-03-02,1.4459999799728394,1.4509999752044678,1.402999997138977,1.4149999618530273,0.0,1.4149999618530273
2021-03-03,1.465000033378601,1.4980000257492065,1.4550000429153442,1.4700000286102295,0.0,1.4700000286102295
2021-03-04,1.468999981880188,1.5549999475479126,1.4579999446868896,1.5499999523162842,0.0,1.5499999523162842
2021-03-05,1.5770000219345093,1.6260000467300415,1.5399999618530273,1.5540000200271606,0.0,1.5540000200271606
2021-03-08,1.5920000076293945,1.6059999465942383,1.5770000219345093,1.5959999561309814,0.0,1.5959999561309814
2021-03-09,1.5440000295639038,1.562999963760376,1.527999997138977,1.5460000038146973,0.0,1.5460000038146973
2021-03-10,1.5609999895095825,1.562999963760376,1.50600004196167,1.5199999809265137,0.0,1.5199999809265137
2021-03-11,1.496999979019165,1.5470000505447388,1.496999979019165,1.5269999504089355,0.0,1.5269999504089355
2021-03-12,1.590999960899353,1.6419999599456787,1.5839999914169312,1.6349999904632568,0.0,1.6349999904632568
2021-03-15,1.6269999742507935,1.6269999742507935,1.5950000286102295,1.6069999933242798,0.0,1.6069999933242798
2021-03-16,1.593000054359436,1.628999948501587,1.5850000381469727,1.621000051498413,0.0,1.621000051498413
2021-03-17,1.6619999408721924,1.6890000104904175,1.6319999694824219,1.6410000324249268,0.0,1.6410000324249268
2021-03-18,1.7300000190734863,1.753999948501587,1.7239999771118164,1.7300000190734863,0.0,1.7300000190734863
2021-03-19,1.6890000104904175,1.75,1.6820000410079956,1.7319999933242798,0.0,1.7319999933242798
2021-03-22,1.6979999542236328,1.7020000219345093,1.6749999523162842,1.684000015258789,0.0,1.684000015258789
2021-03-23,1.6490000486373901,1.6649999618530273,1.6380000114440918,1.6380000114440918,0.0,1.6380000114440918
2021-03-24,1.628000020980835,1.6510000228881836,1.6119999885559082,1.6139999628067017,0.0,1.6139999628067017
2021-03-25,1.6019999980926514,1.6419999599456787,1.590999960899353,1.6139999628067017,0.0,1.6139999628067017
2021-03-26,1.6720000505447388,1.6759999990463257,1.6339999437332153,1.659999966621399,0.0,1.659999966621399
2021-03-29,1.6460000276565552,1.7280000448226929,1.6410000324249268,1.7209999561309814,0.0,1.7209999561309814
2021-03-30,1.7510000467300415,1.7649999856948853,1.7170000076293945,1.7259999513626099,0.0,1.7259999513626099
2021-03-31,1.718999981880188,1.7510000467300415,1.7079999446868896,1.746000051498413,0.0,1.746000051498413
2021-04-01,1.7050000429153442,1.7070000171661377,1.6720000505447388,1.6790000200271606,0.0,1.6790000200271606
2021-04-02,,,,,,
2021-04-05,1.7430000305175781,1.7450000047683716,1.7039999961853027,1.7200000286102295,0.0,1.7200000286102295
2021-04-06,1.6950000524520874,1.6950000524520874,1.652999997138977,1.656000018119812,0.0,1.656000018119812
2021-04-07,1.659999966621399,1.6699999570846558,1.6349999904632568,1.652999997138977,0.0,1.652999997138977
2021-04-08,1.6619999408721924,1.6619999408721924,1.628000020980835,1.6319999694824219,0.0,1.6319999694824219
2021-04-09,1.6690000295639038,1.687000036239624,1.6369999647140503,1.6660000085830688,0.0,1.6660000085830688
2021-04-12,1.6749999523162842,1.684999942779541,1.6640000343322754,1.6749999523162842,0.0,1.6749999523162842
2021-04-13,1.6799999475479126,1.6959999799728394,1.621999979019165,1.6230000257492065,0.0,1.6230000257492065
2021-04-14,1.63100004196167,1.649999976158142,1.628999948501587,1.6380000114440918,0.0,1.6380000114440918
2021-04-15,1.6109999418258667,1.6180000305175781,1.5290000438690186,1.5299999713897705,0.0,1.5299999713897705
2021-04-16,1.5640000104904175,1.5980000495910645,1.5640000104904175,1.5729999542236328,0.0,1.5729999542236328
2021-04-19,1.5870000123977661,1.6150000095367432,1.5800000429153442,1.6009999513626099,0.0,1.6009999513626099
2021-04-20,1.593999981880188,1.6119999885559082,1.5570000410079956,1.562000036239624,0.0,1.562000036239624
2021-04-21,1.5679999589920044,1.5839999914169312,1.5540000200271606,1.5640000104904175,0.0,1.5640000104904175
2021-04-22,1.5770000219345093,1.5870000123977661,1.5429999828338623,1.5540000200271606,0.0,1.5540000200271606
2021-04-23,1.5440000295639038,1.5809999704360962,1.531000018119812,1.5670000314712524,0.0,1.5670000314712524
2021-04-26,1.5950000286102295,1.5950000286102295,1.555999994277954,1.5700000524520874,0.0,1.5700000524520874
2021-04-27,1.5809999704360962,1.6269999742507935,1.5700000524520874,1.621999979019165,0.0,1.621999979019165
2021-04-28,1.6380000114440918,1.659000039100647,1.6130000352859497,1.6200000047683716,0.0,1.6200000047683716
2021-04-29,1.6649999618530273,1.687999963760376,1.6399999856948853,1.6399999856948853,0.0,1.6399999856948853
2021-04-30,1.6419999599456787,1.652999997138977,1.621999979019165,1.63100004196167,0.0,1.63100004196167
2021-05-03,1.6510000228881836,1.6510000228881836,1.5779999494552612,1.6069999933242798,0.0,1.6069999933242798
2021-05-04,1.6030000448226929,1.6030000448226929,1.5570000410079956,1.5920000076293945,0.0,1.5920000076293945
2021-05-05,1.6069999933242798,1.6260000467300415,1.5820000171661377,1.5839999914169312,0.0,1.5839999914169312
2021-05-06,1.5770000219345093,1.590999960899353,1.5570000410079956,1.5609999895095825,0.0,1.5609999895095825
2021-05-07,1.5700000524520874,1.5839999914169312,1.4709999561309814,1.5770000219345093,0.0,1.5770000219345093
2021-05-10,1.5770000219345093,1.6069999933242798,1.559999942779541,1.6019999980926514,0.0,1.6019999980926514
2021-05-11,1.6039999723434448,1.63100004196167,1.6019999980926514,1.6239999532699585,0.0,1.6239999532699585
2021-05-12,1.6169999837875366,1.6950000524520874,1.6169999837875366,1.6950000524520874,0.0,1.6950000524520874
2021-05-13,1.690000057220459,1.7000000476837158,1.656999945640564,1.6679999828338623,0.0,1.6679999828338623
2021-05-14,1.6390000581741333,1.6510000228881836,1.625,1.6349999904632568,0.0,1.6349999904632568
2021-05-17,1.6349999904632568,1.6469999551773071,1.628000020980835,1.6399999856948853,0.0,1.6399999856948853
2021-05-18,1.6390000581741333,1.656999945640564,1.628000020980835,1.6419999599456787,0.0,1.6419999599456787
2021-05-19,1.656000018119812,1.6920000314712524,1.6200000047683716,1.6829999685287476,0.0,1.6829999685287476
2021-05-20,1.6640000343322754,1.6660000085830688,1.6269999742507935,1.6339999437332153,0.0,1.6339999437332153
2021-05-21,1.621999979019165,1.6390000581741333,1.6130000352859497,1.6319999694824219,0.0,1.6319999694824219
2021-05-24,1.6109999418258667,1.621999979019165,1.5980000495910645,1.6080000400543213,0.0,1.6080000400543213
2021-05-25,1.590999960899353,1.600000023841858,1.562000036239624,1.5640000104904175,0.0,1.5640000104904175
2021-05-26,1.559999942779541,1.5829999446868896,1.5520000457763672,1.5740000009536743,0.0,1.5740000009536743
2021-05-27,1.6109999418258667,1.625,1.6050000190734863,1.6100000143051147,0.0,1.6100000143051147
2021-05-28,1.6100000143051147,1.6180000305175781,1.5789999961853027,1.5809999704360962,0.0,1.5809999704360962
2021-05-31,,,,,,
2021-06-01,1.625,1.6390000581741333,1.6080000400543213,1.6150000095367432,0.0,1.6150000095367432
2021-06-02,1.6050000190734863,1.6059999465942383,1.5880000591278076,1.590999960899353,0.0,1.590999960899353
2021-06-03,1.6009999513626099,1.6299999952316284,1.5959999561309814,1.625,0.0,1.625
2021-06-04,1.6269999742507935,1.6349999904632568,1.5570000410079956,1.559999942779541,0.0,1.559999942779541
2021-06-07,1.5809999704360962,1.5820000171661377,1.5640000104904175,1.569000005722046,0.0,1.569000005722046
2021-06-08,1.5360000133514404,1.5360000133514404,1.5130000114440918,1.527999997138977,0.0,1.527999997138977
2021-06-09,1.503000020980835,1.5080000162124634,1.472000002861023,1.4889999628067017,0.0,1.4889999628067017
2021-06-10,1.503000020980835,1.5329999923706055,1.4589999914169312,1.4589999914169312,0.0,1.4589999914169312
2021-06-11,1.4520000219345093,1.472000002861023,1.4500000476837158,1.4620000123977661,0.0,1.4620000123977661
2021-06-14,1.4639999866485596,1.5019999742507935,1.4589999914169312,1.5010000467300415,0.0,1.5010000467300415
2021-06-15,1.49399995803833,1.5130000114440918,1.4859999418258667,1.4989999532699585,0.0,1.4989999532699585
2021-06-16,1.4889999628067017,1.593999981880188,1.4839999675750732,1.569000005722046,0.0,1.569000005722046
2021-06-17,1.569000005722046,1.5750000476837158,1.472000002861023,1.5110000371932983,0.0,1.5110000371932983
2021-06-18,1.5069999694824219,1.5210000276565552,1.437999963760376,1.4500000476837158,0.0,1.4500000476837158
2021-06-21,1.4520000219345093,1.4919999837875366,1.4520000219345093,1.4839999675750732,0.0,1.4839999675750732
2021-06-22,1.4950000047683716,1.5089999437332153,1.4700000286102295,1.472000002861023,0.0,1.472000002861023
2021-06-23,1.468000054359436,1.4989999532699585,1.465000033378601,1.4869999885559082,0.0,1.4869999885559082
2021-06-24,1.4839999675750732,1.496999979019165,1.4769999980926514,1.4869999885559082,0.0,1.4869999885559082
2021-06-25,1.4869999885559082,1.5449999570846558,1.4780000448226929,1.5360000133514404,0.0,1.5360000133514404
2021-06-28,1.5089999437332153,1.5119999647140503,1.4709999561309814,1.4780000448226929,0.0,1.4780000448226929
2021-06-29,1.4919999837875366,1.5099999904632568,1.4780000448226929,1.4800000190734863,0.0,1.4800000190734863
2021-06-30,1.4529999494552612,1.465999960899353,1.437999963760376,1.4429999589920044,0.0,1.4429999589920044
2021-07-01,1.4709999561309814,1.4850000143051147,1.4539999961853027,1.4800000190734863,0.0,1.4800000190734863
2021-07-02,1.444000005722046,1.468000054359436,1.4259999990463257,1.430999994277954,0.0,1.430999994277954
2021-07-05,,,,,,
2021-07-06,1.4240000247955322,1.4270000457763672,1.3519999980926514,1.3700000047683716,0.0,1.3700000047683716
2021-07-07,1.3250000476837158,1.343000054359436,1.2960000038146973,1.3209999799728394,0.0,1.3209999799728394
2021-07-08,1.281000018119812,1.305999994277954,1.2680000066757202,1.2879999876022339,0.0,1.2879999876022339
2021-07-09,1.3380000591278076,1.3600000143051147,1.3329999446868896,1.3559999465942383,0.0,1.3559999465942383
2021-07-12,1.343000054359436,1.3760000467300415,1.3380000591278076,1.3630000352859497,0.0,1.3630000352859497
2021-07-13,1.3509999513626099,1.4199999570846558,1.343000054359436,1.4149999618530273,0.0,1.4149999618530273
2021-07-14,1.38100004196167,1.3860000371932983,1.3539999723434448,1.3559999465942383,0.0,1.3559999465942383
2021-07-15,1.3289999961853027,1.3489999771118164,1.2920000553131104,1.2970000505447388,0.0,1.2970000505447388
2021-07-16,1.315000057220459,1.3359999656677246,1.2990000247955322,1.2999999523162842,0.0,1.2999999523162842
2021-07-19,1.2269999980926514,1.2269999980926514,1.1759999990463257,1.180999994277954,0.0,1.180999994277954
2021-07-20,1.1799999475479126,1.2239999771118164,1.128000020980835,1.2089999914169312,0.0,1.2089999914169312
2021-07-21,1.2430000305175781,1.3029999732971191,1.2330000400543213,1.2799999713897705,0.0,1.2799999713897705
2021-07-22,1.2869999408721924,1.2949999570846558,1.2330000400543213,1.2649999856948853,0.0,1.2649999856948853
2021-07-23,1.2999999523162842,1.312000036239624,1.281000018119812,1.2860000133514404,0.0,1.2860000133514404
2021-07-26,1.2549999952316284,1.284999966621399,1.2510000467300415,1.2760000228881836,0.0,1.2760000228881836
2021-07-27,1.253000020980835,1.253999948501587,1.2289999723434448,1.2339999675750732,0.0,1.2339999675750732
2021-07-28,1.2660000324249268,1.277999997138977,1.246000051498413,1.2610000371932983,0.0,1.2610000371932983
2021-07-29,1.2640000581741333,1.284000039100647,1.24399995803833,1.2690000534057617,0.0,1.2690000534057617
2021-07-30,1.2359999418258667,1.2510000467300415,1.2259999513626099,1.2389999628067017,0.0,1.2389999628067017
2021-08-02,1.2309999465942383,1.2309999465942383,1.1510000228881836,1.1740000247955322,0.0,1.1740000247955322
2021-08-03,1.1770000457763672,1.180999994277954,1.1540000438690186,1.1759999990463257,0.0,1.1759999990463257
2021-08-04,1.1720000505447388,1.215000033378601,1.128999948501587,1.184000015258789,0.0,1.184000015258789
2021-08-05,1.1820000410079956,1.2269999980926514,1.1790000200271606,1.2170000076293945,0.0,1.2170000076293945
2021-08-06,1.2519999742507935,1.2999999523162842,1.246999979019165,1.2899999618530273,0.0,1.2899999618530273
2021-08-09,1.277999997138977,1.3240000009536743,1.2680000066757202,1.3170000314712524,0.0,1.3170000314712524
2021-08-10,1.3200000524520874,1.3489999771118164,1.312000036239624,1.3420000076293945,0.0,1.3420000076293945
2021-08-11,1.3680000305175781,1.371000051498413,1.3020000457763672,1.3289999961853027,0.0,1.3289999961853027
2021-08-12,1.3569999933242798,1.378999948501587,1.3509999513626099,1.3669999837875366,0.0,1.3669999837875366
2021-08-13,1.3519999980926514,1.3589999675750732,1.2929999828338623,1.2970000505447388,0.0,1.2970000505447388
2021-08-16,1.2730000019073486,1.281999945640564,1.225000023841858,1.2569999694824219,0.0,1.2569999694824219
2021-08-17,1.2269999980926514,1.2719999551773071,1.2230000495910645,1.2580000162124634,0.0,1.2580000162124634
2021-08-18,1.2769999504089355,1.2990000247955322,1.2630000114440918,1.2730000019073486,0.0,1.2730000019073486
2021-08-19,1.2369999885559082,1.2569999694824219,1.2319999933242798,1.2419999837875366,0.0,1.2419999837875366
2021-08-20,1.2300000190734863,1.2669999599456787,1.2280000448226929,1.2599999904632568,0.0,1.2599999904632568
2021-08-23,1.2669999599456787,1.2730000019073486,1.2519999742507935,1.2549999952316284,0.0,1.2549999952316284
2021-08-24,1.2630000114440918,1.2920000553131104,1.2599999904632568,1.2899999618530273,0.0,1.2899999618530273
2021-08-25,1.3070000410079956,1.3509999513626099,1.2899999618530273,1.3420000076293945,0.0,1.3420000076293945
2021-08-26,1.3609999418258667,1.375,1.340999960899353,1.3420000076293945,0.0,1.3420000076293945
2021-08-27,1.343999981880188,1.3589999675750732,1.309999942779541,1.312000036239624,0.0,1.312000036239624
2021-08-30,1.309999942779541,1.312000036239624,1.284999966621399,1.284999966621399,0.0,1.284999966621399
2021-08-31,1.2920000553131104,1.3140000104904175,1.2699999809265137,1.3040000200271606,0.0,1.3040000200271606
2021-09-01,1.3109999895095825,1.3220000267028809,1.284000039100647,1.3020000457763672,0.0,1.3020000457763672
2021-09-02,1.2869999408721924,1.3040000200271606,1.284999966621399,1.2940000295639038,0.0,1.2940000295639038
2021-09-03,1.2970000505447388,1.3359999656677246,1.2699999809265137,1.3220000267028809,0.0,1.3220000267028809
2021-09-06,,,,,,
2021-09-07,1.3660000562667847,1.3849999904632568,1.3580000400543213,1.3700000047683716,0.0,1.3700000047683716
2021-09-08,1.3480000495910645,1.3630000352859497,1.3270000219345093,1.3339999914169312,0.0,1.3339999914169312
2021-09-09,1.3380000591278076,1.3459999561309814,1.2869999408721924,1.2990000247955322,0.0,1.2990000247955322
2021-09-10,1.319000005722046,1.3550000190734863,1.3170000314712524,1.340999960899353,0.0,1.340999960899353
2021-09-13,1.3380000591278076,1.3380000591278076,1.315999984741211,1.3240000009536743,0.0,1.3240000009536743
2021-09-14,1.3459999561309814,1.350000023841858,1.2649999856948853,1.2769999504089355,0.0,1.2769999504089355
2021-09-15,1.2740000486373901,1.319000005722046,1.2599999904632568,1.3040000200271606,0.0,1.3040000200271606
2021-09-16,1.312000036239624,1.3509999513626099,1.309000015258789,1.3309999704360962,0.0,1.3309999704360962
2021-09-17,1.340000033378601,1.3860000371932983,1.3359999656677246,1.3700000047683716,0.0,1.3700000047683716
2021-09-20,1.309000015258789,1.3380000591278076,1.2970000505447388,1.309000015258789,0.0,1.309000015258789
2021-09-21,1.3240000009536743,1.3259999752044678,1.305999994277954,1.3240000009536743,0.0,1.3240000009536743
2021-09-22,1.3359999656677246,1.3380000591278076,1.2970000505447388,1.3359999656677246,0.0,1.3359999656677246
2021-09-23,1.3380000591278076,1.4110000133514404,1.3359999656677246,1.409999966621399,0.0,1.409999966621399
2021-09-24,1.4229999780654907,1.465999960899353,1.4220000505447388,1.4600000381469727,0.0,1.4600000381469727
2021-09-27,1.496000051498413,1.5169999599456787,1.4700000286102295,1.4839999675750732,0.0,1.4839999675750732
2021-09-28,1.5369999408721924,1.5670000314712524,1.5149999856948853,1.534000039100647,0.0,1.534000039100647
2021-09-29,1.5169999599456787,1.5529999732971191,1.4980000257492065,1.5410000085830688,0.0,1.5410000085830688
2021-09-30,1.5379999876022339,1.5549999475479126,1.5119999647140503,1.5290000438690186,0.0,1.5290000438690186
2021-10-01,1.496000051498413,1.5049999952316284,1.4739999771118164,1.4789999723434448,0.0,1.4789999723434448
2021-10-04,1.4859999418258667,1.5080000162124634,1.4630000591278076,1.4809999465942383,0.0,1.4809999465942383
2021-10-05,1.4910000562667847,1.5379999876022339,1.4889999628067017,1.5290000438690186,0.0,1.5290000438690186
2021-10-06,1.5429999828338623,1.5429999828338623,1.5089999437332153,1.5240000486373901,0.0,1.5240000486373901
2021-10-07,1.5290000438690186,1.5729999542236328,1.5290000438690186,1.5709999799728394,0.0,1.5709999799728394
2021-10-08,1.5750000476837158,1.6169999837875366,1.5579999685287476,1.6050000190734863,0.0,1.6050000190734863
2021-10-11,1.6139999628067017,1.6139999628067017,1.6139999628067017,1.6139999628067017,0.0,1.6139999628067017
2021-10-12,1.600000023841858,1.6150000095367432,1.5770000219345093,1.5800000429153442,0.0,1.5800000429153442
2021-10-13,1.565000057220459,1.600000023841858,1.5260000228881836,1.5490000247955322,0.0,1.5490000247955322
2021-10-14,1.5369999408721924,1.5460000038146973,1.5069999694824219,1.5190000534057617,0.0,1.5190000534057617
2021-10-15,1.5420000553131104,1.5770000219345093,1.5390000343322754,1.5759999752044678,0.0,1.5759999752044678
2021-10-18,1.5989999771118164,1.6269999742507935,1.5770000219345093,1.5839999914169312,0.0,1.5839999914169312
2021-10-19,1.593000054359436,1.6360000371932983,1.593000054359436,1.6349999904632568,0.0,1.6349999904632568
2021-10-20,1.6230000257492065,1.652999997138977,1.6200000047683716,1.6360000371932983,0.0,1.6360000371932983
2021-10-21,1.6749999523162842,1.6829999685287476,1.6449999809265137,1.6759999990463257,0.0,1.6759999990463257
2021-10-22,1.687000036239624,1.690999984741211,1.6360000371932983,1.6549999713897705,0.0,1.6549999713897705
2021-10-25,1.6540000438690186,1.6729999780654907,1.6200000047683716,1.6349999904632568,0.0,1.6349999904632568
2021-10-26,1.6180000305175781,1.6540000438690186,1.6169999837875366,1.61899995803833,0.0,1.61899995803833
2021-10-27,1.5829999446868896,1.5989999771118164,1.5199999809265137,1.5290000438690186,0.0,1.5290000438690186
2021-10-28,1.5410000085830688,1.5820000171661377,1.5299999713897705,1.5679999589920044,0.0,1.5679999589920044
2021-10-29,1.6050000190734863,1.61899995803833,1.5540000200271606,1.5570000410079956,0.0,1.5570000410079956
2021-11-01,1.5870000123977661,1.6050000190734863,1.5609999895095825,1.5750000476837158,0.0,1.5750000476837158
2021-11-02,1.555999994277954,1.5700000524520874,1.527999997138977,1.5490000247955322,0.0,1.5490000247955322
2021-11-03,1.534999966621399,1.6019999980926514,1.5299999713897705,1.5789999961853027,0.0,1.5789999961853027
2021-11-04,1.5679999589920044,1.5789999961853027,1.5089999437332153,1.5240000486373901,0.0,1.5240000486373901
2021-11-05,1.5260000228881836,1.5470000505447388,1.4500000476837158,1.4529999494552612,0.0,1.4529999494552612
2021-11-08,1.4830000400543213,1.503999948501587,1.4600000381469727,1.496999979019165,0.0,1.496999979019165
2021-11-09,1.4639999866485596,1.468999981880188,1.4149999618530273,1.4320000410079956,0.0,1.4320000410079956
2021-11-10,1.4730000495910645,1.5920000076293945,1.4639999866485596,1.559999942779541,0.0,1.559999942779541
2021-11-11,1.559999942779541,1.559999942779541,1.559999942779541,1.559999942779541,0.0,1.559999942779541
2021-11-12,1.5720000267028809,1.5889999866485596,1.5410000085830688,1.5820000171661377,0.0,1.5820000171661377
2021-11-15,1.5529999732971191,1.625,1.5490000247955322,1.6230000257492065,0.0,1.6230000257492065
2021-11-16,1.6009999513626099,1.6369999647140503,1.5989999771118164,1.6339999437332153,0.0,1.6339999437332153
2021-11-17,1.6410000324249268,1.6460000276565552,1.5989999771118164,1.6039999723434448,0.0,1.6039999723434448
2021-11-18,1.5959999561309814,1.6130000352859497,1.5770000219345093,1.5889999866485596,0.0,1.5889999866485596
2021-11-19,1.5290000438690186,1.5570000410079956,1.5210000276565552,1.5360000133514404,0.0,1.5360000133514404
2021-11-22,1.5750000476837158,1.6269999742507935,1.5700000524520874,1.625,0.0,1.625
2021-11-23,1.6549999713897705,1.6690000295639038,1.6390000581741333,1.6670000553131104,0.0,1.6670000553131104
2021-11-24,1.6649999618530273,1.6929999589920044,1.6390000581741333,1.6449999809265137,0.0,1.6449999809265137
2021-11-25,,,,,,
2021-11-26,1.5379999876022339,1.5429999828338623,1.4730000495910645,1.4819999933242798,0.0,1.4819999933242798
2021-11-29,1.5470000505447388,1.565000057220459,1.5110000371932983,1.5299999713897705,0.0,1.5299999713897705
2021-11-30,1.444000005722046,1.5,1.4119999408721924,1.4429999589920044,0.0,1.4429999589920044
2021-12-01,1.4819999933242798,1.496999979019165,1.430999994277954,1.434000015258789,0.0,1.434000015258789
2021-12-02,1.4220000505447388,1.465000033378601,1.409000039100647,1.4479999542236328,0.0,1.4479999542236328
2021-12-03,1.4240000247955322,1.4700000286102295,1.343000054359436,1.343000054359436,0.0,1.343000054359436
2021-12-06,1.3899999856948853,1.440999984741211,1.3700000047683716,1.434000015258789,0.0,1.434000015258789
2021-12-07,1.4529999494552612,1.4819999933242798,1.4390000104904175,1.4800000190734863,0.0,1.4800000190734863
2021-12-08,1.4900000095367432,1.5369999408721924,1.4889999628067017,1.5089999437332153,0.0,1.5089999437332153
2021-12-09,1.4839999675750732,1.5080000162124634,1.472000002861023,1.4869999885559082,0.0,1.4869999885559082
2021-12-10,1.5089999437332153,1.5199999809265137,1.4509999752044678,1.4889999628067017,0.0,1.4889999628067017
2021-12-13,1.468000054359436,1.472000002861023,1.4140000343322754,1.4240000247955322,0.0,1.4240000247955322
2021-12-14,1.4390000104904175,1.472000002861023,1.4210000038146973,1.437999963760376,0.0,1.437999963760376
2021-12-15,1.4459999799728394,1.4839999675750732,1.4359999895095825,1.4630000591278076,0.0,1.4630000591278076
2021-12-16,1.472000002861023,1.4789999723434448,1.4160000085830688,1.4220000505447388,0.0,1.4220000505447388
2021-12-17,1.3949999809265137,1.4119999408721924,1.371999979019165,1.4019999504089355,0.0,1.4019999504089355
2021-12-20,1.3869999647140503,1.4210000038146973,1.375,1.4190000295639038,0.0,1.4190000295639038
2021-12-21,1.4500000476837158,1.4980000257492065,1.4479999542236328,1.4869999885559082,0.0,1.4869999885559082
2021-12-22,1.4769999980926514,1.4809999465942383,1.4479999542236328,1.4570000171661377,0.0,1.4570000171661377
2021-12-23,1.4759999513626099,1.5010000467300415,1.4579999446868896,1.4930000305175781,0.0,1.4930000305175781
2021-12-24,,,,,,
2021-12-27,1.4889999628067017,1.49399995803833,1.4759999513626099,1.4809999465942383,0.0,1.4809999465942383
2021-12-28,1.4859999418258667,1.4889999628067017,1.4550000429153442,1.4809999465942383,0.0,1.4809999465942383
2021-12-29,1.5049999952316284,1.5579999685287476,1.5049999952316284,1.5429999828338623,0.0,1.5429999828338623
2021-12-30,1.531000018119812,1.5499999523162842,1.5130000114440918,1.5149999856948853,0.0,1.5149999856948853
2021-12-31,1.5049999952316284,1.5219999551773071,1.4910000562667847,1.5119999647140503,0.0,1.5119999647140503
2022-01-03,1.534000039100647,1.6349999904632568,1.5329999923706055,1.628000020980835,0.0,1.628000020980835
2022-01-04,1.6629999876022339,1.6859999895095825,1.6540000438690186,1.6679999828338623,0.0,1.6679999828338623
2022-01-05,1.659999966621399,1.7100000381469727,1.6469999551773071,1.7050000429153442,0.0,1.7050000429153442
2022-01-06,1.7330000400543213,1.74399995803833,1.7209999561309814,1.7330000400543213,0.0,1.7330000400543213
2022-01-07,1.7389999628067017,1.8009999990463257,1.7269999980926514,1.7710000276565552,0.0,1.7710000276565552
2022-01-10,1.774999976158142,1.8079999685287476,1.7669999599456787,1.7799999713897705,0.0,1.7799999713897705
2022-01-11,1.7599999904632568,1.784999966621399,1.7450000047683716,1.746000051498413,0.0,1.746000051498413
2022-01-12,1.7319999933242798,1.746000051498413,1.7109999656677246,1.725000023841858,0.0,1.725000023841858
2022-01-13,1.7380000352859497,1.746000051498413,1.7079999446868896,1.7109999656677246,0.0,1.7109999656677246
2022-01-14,1.7259999513626099,1.774999976158142,1.7059999704360962,1.7719999551773071,0.0,1.7719999551773071
2022-01-17,,,,,,
2022-01-18,1.8270000219345093,1.8660000562667847,1.812999963760376,1.8650000095367432,0.0,1.8650000095367432
2022-01-19,1.8580000400543213,1.8739999532699585,1.8220000267028809,1.8270000219345093,0.0,1.8270000219345093
2022-01-20,1.8289999961853027,1.8450000286102295,1.8200000524520874,1.8329999446868896,0.0,1.8329999446868896
2022-01-21,1.7719999551773071,1.784999966621399,1.7330000400543213,1.746999979019165,0.0,1.746999979019165
2022-01-24,1.7319999933242798,1.7369999885559082,1.7070000171661377,1.7350000143051147,0.0,1.7350000143051147
2022-01-25,1.7740000486373901,1.7869999408721924,1.7300000190734863,1.7829999923706055,0.0,1.7829999923706055
2022-01-26,1.784999966621399,1.8569999933242798,1.7710000276565552,1.8480000495910645,0.0,1.8480000495910645
2022-01-27,1.8300000429153442,1.8420000076293945,1.781999945640564,1.8070000410079956,0.0,1.8070000410079956
2022-01-28,1.8339999914169312,1.8480000495910645,1.7769999504089355,1.781999945640564,0.0,1.781999945640564
2022-01-31,1.8029999732971191,1.815999984741211,1.7730000019073486,1.781999945640564,0.0,1.781999945640564
2022-02-01,1.75,1.8200000524520874,1.75,1.7999999523162842,0.0,1.7999999523162842
2022-02-02,1.7769999504089355,1.8109999895095825,1.7430000305175781,1.7660000324249268,0.0,1.7660000324249268
2022-02-03,1.7979999780654907,1.847000002861023,1.7970000505447388,1.8270000219345093,0.0,1.8270000219345093
2022-02-04,1.812999963760376,1.9359999895095825,1.809999942779541,1.9299999475479126,0.0,1.9299999475479126
2022-02-07,1.9210000038146973,1.9390000104904175,1.909999966621399,1.9160000085830688,0.0,1.9160000085830688
2022-02-08,1.9429999589920044,1.9709999561309814,1.9429999589920044,1.9539999961853027,0.0,1.9539999961853027
2022-02-09,1.9359999895095825,1.9470000267028809,1.909000039100647,1.9290000200271606,0.0,1.9290000200271606
2022-02-10,1.9290000200271606,2.049999952316284,1.9270000457763672,2.0309998989105225,0.0,2.0309998989105225
2022-02-11,2.006999969482422,2.062999963760376,1.934000015258789,1.9550000429153442,0.0,1.9550000429153442
2022-02-14,1.9630000591278076,2.0260000228881836,1.9550000429153442,1.996000051498413,0.0,1.996000051498413
2022-02-15,2.0329999923706055,2.055999994277954,2.0239999294281006,2.0450000762939453,0.0,2.0450000762939453
2022-02-16,2.0350000858306885,2.065000057220459,2.006999969482422,2.046999931335449,0.0,2.046999931335449
2022-02-17,2.002000093460083,2.0139999389648438,1.9529999494552612,1.972000002861023,0.0,1.972000002861023
2022-02-18,1.9600000381469727,1.9600000381469727,1.9179999828338623,1.9320000410079956,0.0,1.9320000410079956
2022-02-21,,,,,,
2022-02-22,1.944000005722046,1.9600000381469727,1.9199999570846558,1.9479999542236328,0.0,1.9479999542236328
2022-02-23,1.9809999465942383,2.0,1.9550000429153442,1.9769999980926514,0.0,1.9769999980926514
2022-02-24,1.8819999694824219,1.968999981880188,1.8559999465942383,1.968999981880188,0.0,1.968999981880188
2022-02-25,1.9980000257492065,2.010999917984009,1.9630000591278076,1.9859999418258667,0.0,1.9859999418258667
2022-02-28,1.9170000553131104,1.9199999570846558,1.8389999866485596,1.8389999866485596,0.0,1.8389999866485596
2022-03-01,1.7339999675750732,1.7940000295639038,1.6820000410079956,1.7070000171661377,0.0,1.7070000171661377
2022-03-02,1.7769999504089355,1.8680000305175781,1.7599999904632568,1.8650000095367432,0.0,1.8650000095367432
2022-03-03,1.847000002861023,1.8969999551773071,1.8300000429153442,1.843999981880188,0.0,1.843999981880188
2022-03-04,1.7940000295639038,1.815999984741211,1.7000000476837158,1.7239999771118164,0.0,1.7239999771118164
2022-03-07,1.7730000019073486,1.805999994277954,1.718999981880188,1.7510000467300415,0.0,1.7510000467300415
2022-03-08,1.8509999513626099,1.8769999742507935,1.8350000381469727,1.871999979019165,0.0,1.871999979019165
2022-03-09,1.9110000133514404,1.9500000476837158,1.8919999599456787,1.9479999542236328,0.0,1.9479999542236328
2022-03-10,1.9739999771118164,2.0209999084472656,1.9459999799728394,2.010999917984009,0.0,2.010999917984009
2022-03-11,2.010999917984009,2.0199999809265137,1.9759999513626099,2.003999948501587,0.0,2.003999948501587
2022-03-14,2.078000068664551,2.140000104904175,2.069000005722046,2.140000104904175,0.0,2.140000104904175
2022-03-15,2.11899995803833,2.1619999408721924,2.078000068664551,2.1600000858306885,0.0,2.1600000858306885
2022-03-16,2.1689999103546143,2.246000051498413,2.1489999294281006,2.187999963760376,0.0,2.187999963760376
2022-03-17,2.1419999599456787,2.194000005722046,2.134999990463257,2.191999912261963,0.0,2.191999912261963
2022-03-18,2.1510000228881836,2.177999973297119,2.13700008392334,2.1480000019073486,0.0,2.1480000019073486
2022-03-21,2.2070000171661377,2.315000057220459,2.2070000171661377,2.315000057220459,0.0,2.315000057220459
2022-03-22,2.3550000190734863,2.390000104904175,2.3329999446868896,2.372999906539917,0.0,2.372999906539917
2022-03-23,2.374000072479248,2.3949999809265137,2.2990000247955322,2.321000099182129,0.0,2.321000099182129
2022-03-24,2.368000030517578,2.385999917984009,2.3259999752044678,2.3410000801086426,0.0,2.3410000801086426
2022-03-25,2.3589999675750732,2.503000020980835,2.3540000915527344,2.492000102996826,0.0,2.492000102996826
2022-03-28,2.4639999866485596,2.4809999465942383,2.4140000343322754,2.4769999980926514,0.0,2.4769999980926514
2022-03-29,2.496000051498413,2.496000051498413,2.380000114440918,2.4000000953674316,0.0,2.4000000953674316
2022-03-30,2.4019999504089355,2.434999942779541,2.3450000286102295,2.3580000400543213,0.0,2.3580000400543213
2022-03-31,2.322000026702881,2.3510000705718994,2.311000108718872,2.3269999027252197,0.0,2.3269999027252197
2022-04-01,2.4040000438690186,2.4560000896453857,2.3570001125335693,2.377000093460083,0.0,2.377000093460083
2022-04-04,2.4040000438690186,2.434000015258789,2.371000051498413,2.4119999408721924,0.0,2.4119999408721924
2022-04-05,2.4800000190734863,2.566999912261963,2.447000026702881,2.555999994277954,0.0,2.555999994277954
2022-04-06,2.628000020980835,2.6410000324249268,2.568000078201294,2.6089999675750732,0.0,2.6089999675750732
2022-04-07,2.630000114440918,2.6730000972747803,2.6089999675750732,2.6519999504089355,0.0,2.6519999504089355
2022-04-08,2.688999891281128,2.7279999256134033,2.6679999828338623,2.7130000591278076,0.0,2.7130000591278076
2022-04-11,2.7690000534057617,2.7920000553131104,2.7339999675750732,2.7799999713897705,0.0,2.7799999713897705
2022-04-12,2.760999917984009,2.7709999084472656,2.6740000247955322,2.7249999046325684,0.0,2.7249999046325684
2022-04-13,2.746000051498413,2.760999917984009,2.6459999084472656,2.687000036239624,0.0,2.687000036239624
2022-04-14,2.6670000553131104,2.8350000381469727,2.6670000553131104,2.828000068664551,0.0,2.828000068664551
2022-04-15,,,,,,
2022-04-18,2.861999988555908,2.868000030517578,2.809999942779541,2.861999988555908,0.0,2.861999988555908
2022-04-19,2.880000114440918,2.930000066757202,2.880000114440918,2.9130001068115234,0.0,2.9130001068115234
2022-04-20,2.880000114440918,2.9030001163482666,2.819000005722046,2.8399999141693115,0.0,2.8399999141693115
2022-04-21,2.8540000915527344,2.9539999961853027,2.8459999561309814,2.9170000553131104,0.0,2.9170000553131104
2022-04-22,2.934000015258789,2.937999963760376,2.864000082015991,2.9059998989105225,0.0,2.9059998989105225
2022-04-25,2.8369998931884766,2.8429999351501465,2.759999990463257,2.8259999752044678,0.0,2.8259999752044678
2022-04-26,2.760999917984009,2.7820000648498535,2.7239999771118164,2.7720000743865967,0.0,2.7720000743865967
2022-04-27,2.753000020980835,2.819999933242798,2.7300000190734863,2.818000078201294,0.0,2.818000078201294
2022-04-28,2.867000102996826,2.888000011444092,2.8359999656677246,2.86299991607666,0.0,2.86299991607666
2022-04-29,2.8540000915527344,2.934000015258789,2.8540000915527344,2.88700008392334,0.0,2.88700008392334
2022-05-02,2.921999931335449,3.002000093460083,2.9070000648498535,2.996000051498413,0.0,2.996000051498413
2022-05-03,2.9579999446868896,2.9690001010894775,2.9130001068115234,2.9600000381469727,0.0,2.9600000381469727
2022-05-04,2.9619998931884766,3.010999917984009,2.9110000133514404,2.9170000553131104,0.0,2.9170000553131104
2022-05-05,2.934999942779541,3.1080000400543213,2.927000045776367,3.065999984741211,0.0,3.065999984741211
2022-05-06,3.0789999961853027,3.13100004196167,3.0429999828338623,3.122999906539917,0.0,3.122999906539917
2022-05-09,3.1630001068115234,3.1670000553131104,3.069000005722046,3.0789999961853027,0.0,3.0789999961853027
2022-05-10,2.990999937057495,3.005000114440918,2.941999912261963,2.993000030517578,0.0,2.993000030517578
2022-05-11,2.9539999961853027,3.0759999752044678,2.9070000648498535,2.9210000038146973,0.0,2.9210000038146973
2022-05-12,2.8410000801086426,2.880000114440918,2.816999912261963,2.816999912261963,0.0,2.816999912261963
2022-05-13,2.9110000133514404,2.941999912261963,2.888000011444092,2.934999942779541,0.0,2.934999942779541
2022-05-16,2.928999900817871,2.933000087738037,2.8529999256134033,2.877000093460083,0.0,2.877000093460083
2022-05-17,2.9089999198913574,2.9839999675750732,2.9089999198913574,2.9679999351501465,0.0,2.9679999351501465
2022-05-18,2.994999885559082,3.0139999389648438,2.878999948501587,2.885999917984009,0.0,2.885999917984009
2022-05-19,2.8259999752044678,2.8589999675750732,2.7720000743865967,2.8550000190734863,0.0,2.8550000190734863
2022-05-20,2.8510000705718994,2.8610000610351562,2.7739999294281006,2.7869999408721924,0.0,2.7869999408721924
2022-05-23,2.8320000171661377,2.868000030517578,2.8010001182556152,2.8589999675750732,0.0,2.8589999675750732
2022-05-24,2.813999891281128,2.828000068664551,2.7179999351501465,2.759999990463257,0.0,2.759999990463257
2022-05-25,2.7360000610351562,2.7699999809265137,2.7079999446868896,2.749000072479248,0.0,2.749000072479248
2022-05-26,2.743000030517578,2.7950000762939453,2.7290000915527344,2.75600004196167,0.0,2.75600004196167
2022-05-27,2.7239999771118164,2.752000093460083,2.7090001106262207,2.743000030517578,0.0,2.743000030517578
2022-05-30,,,,,,
2022-05-31,2.8299999237060547,2.877000093460083,2.828000068664551,2.8440001010894775,0.0,2.8440001010894775
2022-06-01,2.871000051498413,2.9519999027252197,2.8329999446868896,2.930999994277954,0.0,2.930999994277954
2022-06-02,2.9100000858306885,2.941999912261963,2.8889999389648438,2.9130001068115234,0.0,2.9130001068115234
2022-06-03,2.9200000762939453,2.9860000610351562,2.9189999103546143,2.9570000171661377,0.0,2.9570000171661377
2022-06-06,2.9700000286102295,3.0399999618530273,2.9609999656677246,3.0380001068115234,0.0,3.0380001068115234
2022-06-07,3.0290000438690186,3.0290000438690186,2.9570000171661377,2.9719998836517334,0.0,2.9719998836517334
2022-06-08,3.009000062942505,3.0399999618530273,2.98799991607666,3.0290000438690186,0.0,3.0290000438690186
2022-06-09,3.052999973297119,3.072999954223633,3.0199999809265137,3.0439999103546143,0.0,3.0439999103546143
2022-06-10,3.0399999618530273,3.177999973297119,2.99399995803833,3.1559998989105225,0.0,3.1559998989105225
2022-06-13,3.2820000648498535,3.365999937057495,3.246000051498413,3.365999937057495,0.0,3.365999937057495
2022-06-14,3.3489999771118164,3.4830000400543213,3.302999973297119,3.4830000400543213,0.0,3.4830000400543213
2022-06-15,3.382999897003174,3.447999954223633,3.3540000915527344,3.3949999809265137,0.0,3.3949999809265137
2022-06-16,3.438999891281128,3.450000047683716,3.306999921798706,3.306999921798706,0.0,3.306999921798706
2022-06-17,3.2119998931884766,3.312999963760376,3.197000026702881,3.239000082015991,0.0,3.239000082015991
2022-06-20,,,,,,
2022-06-21,3.2829999923706055,3.316999912261963,3.257999897003174,3.306999921798706,0.0,3.306999921798706
2022-06-22,3.2009999752044678,3.2049999237060547,3.125999927520752,3.1559998989105225,0.0,3.1559998989105225
2022-06-23,3.117000102996826,3.124000072479248,3.005000114440918,3.068000078201294,0.0,3.068000078201294
2022-06-24,3.117000102996826,3.1410000324249268,3.056999921798706,3.125,0.0,3.125
2022-06-27,3.183000087738037,3.2190001010894775,3.1530001163482666,3.194000005722046,0.0,3.194000005722046
2022-06-28,3.240000009536743,3.253000020980835,3.184999942779541,3.2060000896453857,0.0,3.2060000896453857
2022-06-29,3.1489999294281006,3.187000036239624,3.0929999351501465,3.0929999351501465,0.0,3.0929999351501465
2022-06-30,3.0350000858306885,3.0409998893737793,2.9719998836517334,2.9719998836517334,0.0,2.9719998836517334
2022-07-01,2.931999921798706,2.931999921798706,2.7909998893737793,2.8889999389648438,0.0,2.8889999389648438
2022-07-04,,,,,,
2022-07-05,2.871000051498413,2.871000051498413,2.7799999713897705,2.809000015258789,0.0,2.809000015258789
2022-07-06,2.7839999198913574,2.9240000247955322,2.746000051498413,2.9130001068115234,0.0,2.9130001068115234
2022-07-07,2.937000036239624,3.0169999599456787,2.927999973297119,3.007999897003174,0.0,3.007999897003174
2022-07-08,2.9839999675750732,3.1010000705718994,2.9760000705718994,3.1010000705718994,0.0,3.1010000705718994
2022-07-11,3.0490000247955322,3.0490000247955322,2.9690001010894775,2.990999937057495,0.0,2.990999937057495
2022-07-12,2.9230000972747803,2.9709999561309814,2.8989999294281006,2.9579999446868896,0.0,2.9579999446868896
2022-07-13,2.9560000896453857,3.071000099182129,2.9000000953674316,2.9040000438690186,0.0,2.9040000438690186
2022-07-14,2.943000078201294,3.0280001163482666,2.943000078201294,2.9600000381469727,0.0,2.9600000381469727
2022-07-15,2.937000036239624,2.9709999561309814,2.9010000228881836,2.930000066757202,0.0,2.930000066757202
2022-07-18,2.9600000381469727,3.0190000534057617,2.9560000896453857,2.9600000381469727,0.0,2.9600000381469727
2022-07-19,2.9860000610351562,3.0380001068115234,2.9709999561309814,3.0190000534057617,0.0,3.0190000534057617
2022-07-20,2.9730000495910645,3.0420000553131104,2.943000078201294,3.0360000133514404,0.0,3.0360000133514404
2022-07-21,3.0769999027252197,3.0810000896453857,2.9100000858306885,2.9100000858306885,0.0,2.9100000858306885
2022-07-22,2.809000015258789,2.822999954223633,2.7320001125335693,2.7829999923706055,0.0,2.7829999923706055
2022-07-25,2.813999891281128,2.8450000286102295,2.8010001182556152,2.819999933242798,0.0,2.819999933242798
2022-07-26,2.7360000610351562,2.7960000038146973,2.7070000171661377,2.7869999408721924,0.0,2.7869999408721924
2022-07-27,2.7829999923706055,2.802999973297119,2.7230000495910645,2.7339999675750732,0.0,2.7339999675750732
2022-07-28,2.7690000534057617,2.7899999618530273,2.6489999294281006,2.680999994277954,0.0,2.680999994277954
2022-07-29,2.7070000171661377,2.7279999256134033,2.618000030517578,2.6419999599456787,0.0,2.6419999599456787
2022-08-01,2.6579999923706055,2.696000099182129,2.5840001106262207,2.6059999465942383,0.0,2.6059999465942383
2022-08-02,2.556999921798706,2.753999948501587,2.5250000953674316,2.740999937057495,0.0,2.740999937057495
2022-08-03,2.7829999923706055,2.8489999771118164,2.746000051498413,2.747999906539917,0.0,2.747999906539917
2022-08-04,2.683000087738037,2.7209999561309814,2.6559998989105225,2.6760001182556152,0.0,2.6760001182556152
2022-08-05,2.697000026702881,2.86899995803833,2.687999963760376,2.8399999141693115,0.0,2.8399999141693115
2022-08-08,2.7920000553131104,2.806999921798706,2.760999917984009,2.765000104904175,0.0,2.765000104904175
2022-08-09,2.812000036239624,2.813999891281128,2.7739999294281006,2.796999931335449,0.0,2.796999931335449
2022-08-10,2.812000036239624,2.818000078201294,2.6740000247955322,2.7860000133514404,0.0,2.7860000133514404
2022-08-11,2.739000082015991,2.9019999504089355,2.7300000190734863,2.888000011444092,0.0,2.888000011444092
2022-08-12,2.8480000495910645,2.878999948501587,2.8369998931884766,2.8489999771118164,0.0,2.8489999771118164
2022-08-15,2.803999900817871,2.803999900817871,2.759000062942505,2.7909998893737793,0.0,2.7909998893737793
2022-08-16,2.805999994277954,2.871000051498413,2.803999900817871,2.8239998817443848,0.0,2.8239998817443848
2022-08-17,2.8949999809265137,2.9189999103546143,2.859999895095825,2.8929998874664307,0.0,2.8929998874664307
2022-08-18,2.865999937057495,2.8910000324249268,2.8350000381469727,2.880000114440918,0.0,2.880000114440918
2022-08-19,2.9609999656677246,2.997999906539917,2.9519999027252197,2.989000082015991,0.0,2.989000082015991
2022-08-22,2.9809999465942383,3.0409998893737793,2.9649999141693115,3.0369999408721924,0.0,3.0369999408721924
2022-08-23,3.0329999923706055,3.078000068664551,2.9830000400543213,3.053999900817871,0.0,3.053999900817871
2022-08-24,3.0480000972747803,3.125999927520752,3.0480000972747803,3.1059999465942383,0.0,3.1059999465942383
2022-08-25,3.1080000400543213,3.128000020980835,3.0199999809265137,3.0260000228881836,0.0,3.0260000228881836
2022-08-26,3.071000099182129,3.0869998931884766,3.007999897003174,3.0350000858306885,0.0,3.0350000858306885
2022-08-29,3.0989999771118164,3.125,3.0859999656677246,3.109999895095825,0.0,3.109999895095825
2022-08-30,3.072999954223633,3.1510000228881836,3.066999912261963,3.109999895095825,0.0,3.109999895095825
2022-08-31,3.127000093460083,3.1440000534057617,3.1029999256134033,3.132999897003174,0.0,3.132999897003174
2022-09-01,3.2170000076293945,3.2950000762939453,3.2170000076293945,3.265000104904175,0.0,3.265000104904175
2022-09-02,3.257999897003174,3.2880001068115234,3.1760001182556152,3.193000078201294,0.0,3.193000078201294
2022-09-05,,,,,,
2022-09-06,3.25,3.3529999256134033,3.24399995803833,3.3399999141693115,0.0,3.3399999141693115
2022-09-07,3.322999954223633,3.3320000171661377,3.25,3.265000104904175,0.0,3.265000104904175
2022-09-08,3.2309999465942383,3.303999900817871,3.2090001106262207,3.2920000553131104,0.0,3.2920000553131104
2022-09-09,3.2730000019073486,3.325000047683716,3.250999927520752,3.321000099182129,0.0,3.321000099182129
2022-09-12,3.2679998874664307,3.365000009536743,3.26200008392334,3.361999988555908,0.0,3.361999988555908
2022-09-13,3.302000045776367,3.4579999446868896,3.2929999828338623,3.421999931335449,0.0,3.421999931335449
2022-09-14,3.4600000381469727,3.4760000705718994,3.382999897003174,3.4119999408721924,0.0,3.4119999408721924
2022-09-15,3.4649999141693115,3.4679999351501465,3.4100000858306885,3.4590001106262207,0.0,3.4590001106262207
2022-09-16,3.453000068664551,3.490000009536743,3.4149999618530273,3.447999954223633,0.0,3.447999954223633
2022-09-19,3.509999990463257,3.509999990463257,3.4630000591278076,3.490000009536743,0.0,3.490000009536743
2022-09-20,3.552999973297119,3.6019999980926514,3.5339999198913574,3.571000099182129,0.0,3.571000099182129
2022-09-21,3.5299999713897705,3.619999885559082,3.503000020980835,3.509999990463257,0.0,3.509999990463257
2022-09-22,3.5480000972747803,3.7160000801086426,3.5460000038146973,3.7079999446868896,0.0,3.7079999446868896
2022-09-23,3.7690000534057617,3.7730000019073486,3.6589999198913574,3.697000026702881,0.0,3.697000026702881
2022-09-26,3.7829999923706055,3.9040000438690186,3.734999895095825,3.878000020980835,0.0,3.878000020980835
2022-09-27,3.809000015258789,3.992000102996826,3.809000015258789,3.9639999866485596,0.0,3.9639999866485596
2022-09-28,3.9110000133514404,3.9130001068115234,3.703000068664551,3.7049999237060547,0.0,3.7049999237060547
2022-09-29,3.818000078201294,3.8259999752044678,3.7209999561309814,3.746999979019165,0.0,3.746999979019165
2022-09-30,3.7139999866485596,3.803999900817871,3.686000108718872,3.803999900817871,0.0,3.803999900817871
2022-10-03,3.7119998931884766,3.7119998931884766,3.568000078201294,3.6510000228881836,0.0,3.6510000228881836
2022-10-04,3.5929999351501465,3.6589999198913574,3.563999891281128,3.617000102996826,0.0,3.617000102996826
2022-10-05,3.703000068664551,3.7890000343322754,3.697000026702881,3.759000062942505,0.0,3.759000062942505
2022-10-06,3.763000011444092,3.8440001010894775,3.740999937057495,3.8259999752044678,0.0,3.8259999752044678
2022-10-07,3.8329999446868896,3.9100000858306885,3.8329999446868896,3.882999897003174,0.0,3.882999897003174
2022-10-10,3.888000011444092,3.888000011444092,3.888000011444092,3.888000011444092,0.0,3.888000011444092
2022-10-11,3.9000000953674316,3.9700000286102295,3.869999885559082,3.938999891281128,0.0,3.938999891281128
2022-10-12,3.953000068664551,3.9779999256134033,3.884000062942505,3.9019999504089355,0.0,3.9019999504089355
2022-10-13,3.859999895095825,4.079999923706055,3.8440001010894775,3.9519999027252197,0.0,3.9519999027252197
2022-10-14,3.88700008392334,4.031000137329102,3.8510000705718994,4.010000228881836,0.0,4.010000228881836
2022-10-17,3.938999891281128,4.014999866485596,3.9100000858306885,4.014999866485596,0.0,4.014999866485596
2022-10-18,3.9839999675750732,4.066999912261963,3.9649999141693115,3.997999906539917,0.0,3.997999906539917
2022-10-19,4.093999862670898,4.136000156402588,4.066999912261963,4.126999855041504,0.0,4.126999855041504
2022-10-20,4.123000144958496,4.228000164031982,4.10099983215332,4.22599983215332,0.0,4.22599983215332
2022-10-21,4.330999851226807,4.333000183105469,4.199999809265137,4.2129998207092285,0.0,4.2129998207092285
2022-10-24,4.191999912261963,4.290999889373779,4.171000003814697,4.234000205993652,0.0,4.234000205993652
2022-10-25,4.163000106811523,4.171000003814697,4.052000045776367,4.107999801635742,0.0,4.107999801635742
2022-10-26,4.059000015258789,4.081999778747559,3.996999979019165,4.014999866485596,0.0,4.014999866485596
2022-10-27,4.060999870300293,4.066999912261963,3.9110000133514404,3.937000036239624,0.0,3.937000036239624
2022-10-28,3.99399995803833,4.047999858856201,3.950000047683716,4.010000228881836,0.0,4.010000228881836
2022-10-31,4.031000137329102,4.083000183105469,4.031000137329102,4.077000141143799,0.0,4.077000141143799
2022-11-01,3.937000036239624,4.078999996185303,3.9200000762939453,4.052000045776367,0.0,4.052000045776367
2022-11-02,4.044000148773193,4.078000068664551,3.9760000705718994,4.059000015258789,0.0,4.059000015258789
2022-11-03,4.183000087738037,4.2230000495910645,4.111000061035156,4.124000072479248,0.0,4.124000072479248
2022-11-04,4.164999961853027,4.209000110626221,4.104000091552734,4.156000137329102,0.0,4.156000137329102
2022-11-07,4.142000198364258,4.2179999351501465,4.142000198364258,4.214000225067139,0.0,4.214000225067139
2022-11-08,4.197000026702881,4.203000068664551,4.120999813079834,4.125999927520752,0.0,4.125999927520752
2022-11-09,4.151000022888184,4.173999786376953,4.0970001220703125,4.151000022888184,0.0,4.151000022888184
2022-11-10,4.074999809265137,4.090000152587891,3.8239998817443848,3.8289999961853027,0.0,3.8289999961853027
2022-11-11,3.812999963760376,3.812999963760376,3.812999963760376,3.812999963760376,0.0,3.812999963760376
2022-11-14,3.884000062942505,3.9010000228881836,3.8540000915527344,3.865000009536743,0.0,3.865000009536743
2022-11-15,3.815999984741211,3.8440001010894775,3.759999990463257,3.7990000247955322,0.0,3.7990000247955322
2022-11-16,3.7679998874664307,3.796999931335449,3.691999912261963,3.691999912261963,0.0,3.691999912261963
2022-11-17,3.76200008392334,3.802999973297119,3.743000030517578,3.7750000953674316,0.0,3.7750000953674316
2022-11-18,3.805000066757202,3.8269999027252197,3.76200008392334,3.818000078201294,0.0,3.818000078201294
2022-11-21,3.813999891281128,3.8359999656677246,3.76200008392334,3.825000047683716,0.0,3.825000047683716
2022-11-22,3.802999973297119,3.816999912261963,3.749000072479248,3.757999897003174,0.0,3.757999897003174
2022-11-23,3.7760000228881836,3.796999931335449,3.694999933242798,3.7060000896453857,0.0,3.7060000896453857
2022-11-24,,,,,,
2022-11-25,3.7260000705718994,3.75600004196167,3.680999994277954,3.690999984741211,0.0,3.690999984741211
2022-11-28,3.683000087738037,3.7179999351501465,3.6679999828338623,3.703000068664551,0.0,3.703000068664551
2022-11-29,3.694000005722046,3.759000062942505,3.678999900817871,3.747999906539917,0.0,3.747999906539917
2022-11-30,3.7269999980926514,3.7980000972747803,3.690000057220459,3.703000068664551,0.0,3.703000068664551
2022-12-01,3.5940001010894775,3.63100004196167,3.5269999504089355,3.5290000438690186,0.0,3.5290000438690186
2022-12-02,3.5190000534057617,3.638000011444092,3.503999948501587,3.50600004196167,0.0,3.50600004196167
2022-12-05,3.5299999713897705,3.611999988555908,3.513000011444092,3.5989999771118164,0.0,3.5989999771118164
2022-12-06,3.561000108718872,3.5829999446868896,3.507999897003174,3.513000011444092,0.0,3.513000011444092
2022-12-07,3.552999973297119,3.552999973297119,3.4019999504089355,3.4079999923706055,0.0,3.4079999923706055
2022-12-08,3.4670000076293945,3.50600004196167,3.447999954223633,3.490999937057495,0.0,3.490999937057495
2022-12-09,3.4760000705718994,3.569000005722046,3.4630000591278076,3.566999912261963,0.0,3.566999912261963
2022-12-12,3.5429999828338623,3.630000114440918,3.5209999084472656,3.6110000610351562,0.0,3.6110000610351562
2022-12-13,3.5850000381469727,3.5910000801086426,3.4230000972747803,3.500999927520752,0.0,3.500999927520752
2022-12-14,3.507999897003174,3.559999942779541,3.4790000915527344,3.503000020980835,0.0,3.503000020980835
2022-12-15,3.505000114440918,3.5209999084472656,3.430000066757202,3.450000047683716,0.0,3.450000047683716
2022-12-16,3.50600004196167,3.556999921798706,3.4619998931884766,3.4820001125335693,0.0,3.4820001125335693
2022-12-19,3.559000015258789,3.6010000705718994,3.552000045776367,3.5810000896453857,0.0,3.5810000896453857
2022-12-20,3.6619999408721924,3.7009999752044678,3.6530001163482666,3.684000015258789,0.0,3.684000015258789
2022-12-21,3.6470000743865967,3.697000026702881,3.621000051498413,3.684000015258789,0.0,3.684000015258789
2022-12-22,3.6540000438690186,3.691999912261963,3.6470000743865967,3.6689999103546143,0.0,3.6689999103546143
2022-12-23,3.7009999752044678,3.753000020980835,3.694999933242798,3.750999927520752,0.0,3.750999927520752
2022-12-26,,,,,,
2022-12-27,3.7869999408721924,3.861999988555908,3.7869999408721924,3.859999895095825,0.0,3.859999895095825
2022-12-28,3.818000078201294,3.890000104904175,3.815000057220459,3.88700008392334,0.0,3.88700008392334
2022-12-29,3.868000030517578,3.885999917984009,3.818000078201294,3.8350000381469727,0.0,3.8350000381469727
2022-12-30,3.86899995803833,3.9049999713897705,3.8310000896453857,3.878999948501587,0.0,3.878999948501587
2023-01-02,,,,,,
2023-01-03,3.757999897003174,3.809999942779541,3.7239999771118164,3.7929999828338623,0.0,3.7929999828338623
2023-01-04,3.677000045776367,3.7279999256134033,3.6640000343322754,3.7090001106262207,0.0,3.7090001106262207
2023-01-05,3.7279999256134033,3.7839999198913574,3.697999954223633,3.7200000286102295,0.0,3.7200000286102295
2023-01-06,3.746000051498413,3.753999948501587,3.558000087738037,3.569000005722046,0.0,3.569000005722046
2023-01-09,3.5889999866485596,3.5910000801086426,3.507999897003174,3.5169999599456787,0.0,3.5169999599456787
2023-01-10,3.578000068664551,3.6389999389648438,3.566999912261963,3.621000051498413,0.0,3.621000051498413
2023-01-11,3.569000005722046,3.5950000286102295,3.552000045776367,3.553999900817871,0.0,3.553999900817871
2023-01-12,3.503999948501587,3.5910000801086426,3.430999994277954,3.4489998817443848,0.0,3.4489998817443848
2023-01-13,3.489000082015991,3.515000104904175,3.430000066757202,3.510999917984009,0.0,3.510999917984009
2023-01-16,,,,,,
2023-01-17,3.575000047683716,3.5789999961853027,3.496000051498413,3.5350000858306885,0.0,3.5350000858306885
2023-01-18,3.4630000591278076,3.4670000076293945,3.375,3.375,0.0,3.375
2023-01-19,3.3970000743865967,3.427999973297119,3.372999906539917,3.3970000743865967,0.0,3.3970000743865967
2023-01-20,3.441999912261963,3.500999927520752,3.433000087738037,3.4839999675750732,0.0,3.4839999675750732
2023-01-23,3.503000020980835,3.546999931335449,3.493000030517578,3.5250000953674316,0.0,3.5250000953674316
2023-01-24,3.513000011444092,3.555999994277954,3.4579999446868896,3.4690001010894775,0.0,3.4690001010894775
2023-01-25,3.434000015258789,3.489000082015991,3.421999931335449,3.4619998931884766,0.0,3.4619998931884766
2023-01-26,3.490999937057495,3.5209999084472656,3.4519999027252197,3.493000030517578,0.0,3.493000030517578
2023-01-27,3.5439999103546143,3.552000045776367,3.5179998874664307,3.5179998874664307,0.0,3.5179998874664307
2023-01-30,3.552999973297119,3.5739998817443848,3.5220000743865967,3.5510001182556152,0.0,3.5510001182556152
2023-01-31,3.5309998989105225,3.552999973297119,3.48799991607666,3.5290000438690186,0.0,3.5290000438690186
2023-02-01,3.4749999046325684,3.509999990463257,3.38700008392334,3.3970000743865967,0.0,3.3970000743865967
2023-02-02,3.372999906539917,3.4070000648498535,3.3340001106262207,3.3959999084472656,0.0,3.3959999084472656
2023-02-03,3.390000104904175,3.555999994277954,3.38100004196167,3.5320000648498535,0.0,3.5320000648498535
2023-02-06,3.5989999771118164,3.6440000534057617,3.5989999771118164,3.634000062942505,0.0,3.634000062942505
2023-02-07,3.6449999809265137,3.680999994277954,3.5969998836517334,3.6740000247955322,0.0,3.6740000247955322
2023-02-08,3.6579999923706055,3.691999912261963,3.630000114440918,3.6530001163482666,0.0,3.6530001163482666
2023-02-09,3.5859999656677246,3.690000057220459,3.575000047683716,3.683000087738037,0.0,3.683000087738037
2023-02-10,3.686000108718872,3.746999979019165,3.6730000972747803,3.74399995803833,0.0,3.74399995803833
2023-02-13,3.746999979019165,3.755000114440918,3.7019999027252197,3.7170000076293945,0.0,3.7170000076293945
2023-02-14,3.687999963760376,3.7990000247955322,3.621999979019165,3.760999917984009,0.0,3.760999917984009
2023-02-15,3.749000072479248,3.822000026702881,3.749000072479248,3.809000015258789,0.0,3.809000015258789
2023-02-16,3.802999973297119,3.86899995803833,3.7929999828338623,3.8429999351501465,0.0,3.8429999351501465
2023-02-17,3.885999917984009,3.9000000953674316,3.8239998817443848,3.828000068664551,0.0,3.828000068664551
2023-02-20,,,,,,
2023-02-21,3.8940000534057617,3.9619998931884766,3.88100004196167,3.9549999237060547,0.0,3.9549999237060547
2023-02-22,3.927000045776367,3.9509999752044678,3.890000104904175,3.9230000972747803,0.0,3.9230000972747803
2023-02-23,3.940999984741211,3.9779999256134033,3.86299991607666,3.878999948501587,0.0,3.878999948501587
2023-02-24,3.9159998893737793,3.9779999256134033,3.9079999923706055,3.9489998817443848,0.0,3.9489998817443848
2023-02-27,3.9670000076293945,3.9670000076293945,3.8970000743865967,3.921999931335449,0.0,3.921999931335449
2023-02-28,3.947000026702881,3.9830000400543213,3.9040000438690186,3.9159998893737793,0.0,3.9159998893737793
2023-03-01,3.940000057220459,4.00600004196167,3.934000015258789,3.99399995803833,0.0,3.99399995803833
2023-03-02,4.050000190734863,4.091000080108643,4.044000148773193,4.072999954223633,0.0,4.072999954223633
2023-03-03,4.013000011444092,4.026000022888184,3.9619998931884766,3.9639999866485596,0.0,3.9639999866485596
2023-03-06,3.9049999713897705,3.989000082015991,3.8970000743865967,3.9830000400543213,0.0,3.9830000400543213
2023-03-07,3.940000057220459,4.006999969482422,3.9210000038146973,3.9749999046325684,0.0,3.9749999046325684
2023-03-08,3.9600000381469727,3.994999885559082,3.9010000228881836,3.9760000705718994,0.0,3.9760000705718994
2023-03-09,4.011000156402588,4.017000198364258,3.8940000534057617,3.924999952316284,0.0,3.924999952316284
2023-03-10,3.812000036239624,3.8320000171661377,3.6740000247955322,3.694999933242798,0.0,3.694999933242798
2023-03-13,3.505000114440918,3.546999931335449,3.4189999103546143,3.515000104904175,0.0,3.515000104904175
2023-03-14,3.5899999141693115,3.684999942779541,3.555999994277954,3.638000011444092,0.0,3.638000011444092
2023-03-15,3.5260000228881836,3.5299999713897705,3.388000011444092,3.492000102996826,0.0,3.492000102996826
2023-03-16,3.430999994277954,3.5869998931884766,3.36899995803833,3.5850000381469727,0.0,3.5850000381469727
2023-03-17,3.496000051498413,3.496000051498413,3.381999969482422,3.3949999809265137,0.0,3.3949999809265137
2023-03-20,3.3949999809265137,3.506999969482422,3.3949999809265137,3.4809999465942383,0.0,3.4809999465942383
2023-03-21,3.572999954223633,3.61299991607666,3.5369999408721924,3.6059999465942383,0.0,3.6059999465942383
2023-03-22,3.638000011444092,3.6440000534057617,3.4600000381469727,3.5,0.0,3.5
2023-03-23,3.4830000400543213,3.5199999809265137,3.3929998874664307,3.4059998989105225,0.0,3.4059998989105225
2023-03-24,3.2980000972747803,3.3970000743865967,3.2950000762939453,3.380000114440918,0.0,3.380000114440918
2023-03-27,3.4700000286102295,3.5369999408721924,3.4679999351501465,3.5280001163482666,0.0,3.5280001163482666
2023-03-28,3.5450000762939453,3.575000047683716,3.5220000743865967,3.563999891281128,0.0,3.563999891281128
2023-03-29,3.5769999027252197,3.609999895095825,3.546999931335449,3.565999984741211,0.0,3.565999984741211
2023-03-30,3.563999891281128,3.5940001010894775,3.546999931335449,3.5510001182556152,0.0,3.5510001182556152
2023-03-31,3.555999994277954,3.559999942779541,3.492000102996826,3.49399995803833,0.0,3.49399995803833
2023-04-03,3.5169999599456787,3.5239999294281006,3.4000000953674316,3.430000066757202,0.0,3.430000066757202
2023-04-04,3.4730000495910645,3.484999895095825,3.3350000381469727,3.3369998931884766,0.0,3.3369998931884766
2023-04-05,3.309000015258789,3.3239998817443848,3.2660000324249268,3.2869999408721924,0.0,3.2869999408721924
2023-04-06,3.2679998874664307,3.305000066757202,3.253000020980835,3.2880001068115234,0.0,3.2880001068115234
2023-04-07,,,,,,
2023-04-10,3.365999937057495,3.436000108718872,3.3510000705718994,3.4149999618530273,0.0,3.4149999618530273
2023-04-11,3.4089999198913574,3.4560000896453857,3.3910000324249268,3.434000015258789,0.0,3.434000015258789
2023-04-12,3.447000026702881,3.4600000381469727,3.3420000076293945,3.4210000038146973,0.0,3.4210000038146973
2023-04-13,3.427999973297119,3.4600000381469727,3.371999979019165,3.4519999027252197,0.0,3.4519999027252197
2023-04-14,3.4539999961853027,3.5360000133514404,3.443000078201294,3.5220000743865967,0.0,3.5220000743865967
2023-04-17,3.5490000247955322,3.6019999980926514,3.5380001068115234,3.5910000801086426,0.0,3.5910000801086426
2023-04-18,3.578000068664551,3.6019999980926514,3.5490000247955322,3.572000026702881,0.0,3.572000026702881
2023-04-19,3.634999990463257,3.6389999389648438,3.5999999046325684,3.6019999980926514,0.0,3.6019999980926514
2023-04-20,3.565999984741211,3.5789999961853027,3.5260000228881836,3.5450000762939453,0.0,3.5450000762939453
2023-04-21,3.5339999198913574,3.5799999237060547,3.502000093460083,3.569999933242798,0.0,3.569999933242798
2023-04-24,3.5450000762939453,3.5450000762939453,3.505000114440918,3.515000104904175,0.0,3.515000104904175
2023-04-25,3.444999933242798,3.447000026702881,3.378999948501587,3.3959999084472656,0.0,3.3959999084472656
2023-04-26,3.4110000133514404,3.4579999446868896,3.375,3.431999921798706,0.0,3.431999921798706
2023-04-27,3.4489998817443848,3.5320000648498535,3.447000026702881,3.5280001163482666,0.0,3.5280001163482666
2023-04-28,3.4790000915527344,3.49399995803833,3.434999942779541,3.4519999027252197,0.0,3.4519999027252197
2023-05-01,3.500999927520752,3.5759999752044678,3.4619998931884766,3.5739998817443848,0.0,3.5739998817443848
2023-05-02,3.5320000648498535,3.559000015258789,3.4240000247955322,3.438999891281128,0.0,3.438999891281128
2023-05-03,3.4179999828338623,3.4240000247955322,3.367000102996826,3.4030001163482666,0.0,3.4030001163482666
2023-05-04,3.3450000286102295,3.4110000133514404,3.2960000038146973,3.3510000705718994,0.0,3.3510000705718994
2023-05-05,3.3970000743865967,3.4649999141693115,3.3970000743865967,3.446000099182129,0.0,3.446000099182129
2023-05-08,3.490000009536743,3.5209999084472656,3.48799991607666,3.5209999084472656,0.0,3.5209999084472656
2023-05-09,3.492000102996826,3.5320000648498535,3.48799991607666,3.5209999084472656,0.0,3.5209999084472656
2023-05-10,3.506999969482422,3.5209999084472656,3.430999994277954,3.438999891281128,0.0,3.438999891281128
2023-05-11,3.4049999713897705,3.4049999713897705,3.3450000286102295,3.3970000743865967,0.0,3.3970000743865967
2023-05-12,3.4119999408721924,3.4630000591278076,3.384000062942505,3.4630000591278076,0.0,3.4630000591278076
2023-05-15,3.502000093460083,3.510999917984009,3.4660000801086426,3.507999897003174,0.0,3.507999897003174
2023-05-16,3.486999988555908,3.5739998817443848,3.486999988555908,3.5490000247955322,0.0,3.5490000247955322
2023-05-17,3.515000104904175,3.5889999866485596,3.515000104904175,3.5810000896453857,0.0,3.5810000896453857
2023-05-18,3.5980000495910645,3.6510000228881836,3.5980000495910645,3.6480000019073486,0.0,3.6480000019073486
2023-05-19,3.6710000038146973,3.7209999561309814,3.640000104904175,3.691999912261963,0.0,3.691999912261963
2023-05-22,3.690000057220459,3.7279999256134033,3.6649999618530273,3.7190001010894775,0.0,3.7190001010894775
2023-05-23,3.74399995803833,3.760999917984009,3.687999963760376,3.697999954223633,0.0,3.697999954223633
2023-05-24,3.6730000972747803,3.742000102996826,3.6730000972747803,3.7190001010894775,0.0,3.7190001010894775
2023-05-25,3.752000093460083,3.813999891281128,3.7300000190734863,3.813999891281128,0.0,3.813999891281128
2023-05-26,3.7890000343322754,3.8589999675750732,3.7769999504089355,3.809999942779541,0.0,3.809999942779541
2023-05-29,,,,,,
2023-05-30,3.7119998931884766,3.753999948501587,3.684999942779541,3.700000047683716,0.0,3.700000047683716
2023-05-31,3.6459999084472656,3.690999984741211,3.63100004196167,3.63700008392334,0.0,3.63700008392334
2023-06-01,3.6500000953674316,3.6579999923706055,3.569999933242798,3.6080000400543213,0.0,3.6080000400543213
2023-06-02,3.619999885559082,3.700000047683716,3.611999988555908,3.690999984741211,0.0,3.690999984741211
2023-06-05,3.753000020980835,3.757999897003174,3.6579999923706055,3.693000078201294,0.0,3.693000078201294
2023-06-06,3.680999994277954,3.7330000400543213,3.680999994277954,3.6989998817443848,0.0,3.6989998817443848
2023-06-07,3.6989998817443848,3.8010001182556152,3.694999933242798,3.7839999198913574,0.0,3.7839999198913574
2023-06-08,3.816999912261963,3.821000099182129,3.7139999866485596,3.7139999866485596,0.0,3.7139999866485596
2023-06-09,3.7669999599456787,3.7780001163482666,3.7160000801086426,3.744999885559082,0.0,3.744999885559082
2023-06-12,3.7339999675750732,3.7939999103546143,3.7109999656677246,3.765000104904175,0.0,3.765000104904175
2023-06-13,3.7239999771118164,3.8410000801086426,3.681999921798706,3.8389999866485596,0.0,3.8389999866485596
2023-06-14,3.811000108718872,3.8510000705718994,3.7709999084472656,3.7960000038146973,0.0,3.7960000038146973
2023-06-15,3.819000005722046,3.8410000801086426,3.7070000171661377,3.7279999256134033,0.0,3.7279999256134033
2023-06-16,3.746000051498413,3.805999994277954,3.7249999046325684,3.7690000534057617,0.0,3.7690000534057617
2023-06-19,,,,,,
2023-06-20,3.73799991607666,3.7769999504089355,3.7009999752044678,3.7290000915527344,0.0,3.7290000915527344
2023-06-21,3.76200008392334,3.7890000343322754,3.7109999656677246,3.7230000495910645,0.0,3.7230000495910645
2023-06-22,3.740000009536743,3.809999942779541,3.7109999656677246,3.7990000247955322,0.0,3.7990000247955322
2023-06-23,3.7269999980926514,3.759999990463257,3.691999912261963,3.739000082015991,0.0,3.739000082015991
2023-06-26,3.7019999027252197,3.736999988555908,3.678999900817871,3.7190001010894775,0.0,3.7190001010894775
2023-06-27,3.7139999866485596,3.7760000228881836,3.691999912261963,3.7679998874664307,0.0,3.7679998874664307
2023-06-28,3.734999895095825,3.7660000324249268,3.7039999961853027,3.7100000381469727,0.0,3.7100000381469727
2023-06-29,3.746999979019165,3.868000030517578,3.746999979019165,3.8540000915527344,0.0,3.8540000915527344
2023-06-30,3.859999895095825,3.871999979019165,3.806999921798706,3.819000005722046,0.0,3.819000005722046
2023-07-03,3.864000082015991,3.865999937057495,3.7780001163482666,3.8580000400543213,0.0,3.8580000400543213
2023-07-04,,,,,,
2023-07-05,3.868000030517578,3.947000026702881,3.86299991607666,3.944999933242798,0.0,3.944999933242798
2023-07-06,3.993000030517578,4.083000183105469,3.993000030517578,4.040999889373779,0.0,4.040999889373779
2023-07-07,4.078000068664551,4.093999862670898,4.00600004196167,4.050000190734863,0.0,4.050000190734863
2023-07-10,4.052000045776367,4.0920000076293945,3.9860000610351562,4.00600004196167,0.0,4.00600004196167
2023-07-11,3.9800000190734863,4.001999855041504,3.9619998931884766,3.9800000190734863,0.0,3.9800000190734863
2023-07-12,3.946000099182129,3.947999954223633,3.8440001010894775,3.8610000610351562,0.0,3.8610000610351562
2023-07-13,3.8259999752044678,3.8459999561309814,3.760999917984009,3.760999917984009,0.0,3.760999917984009
2023-07-14,3.7790000438690186,3.819999933242798,3.76200008392334,3.819000005722046,0.0,3.819000005722046
2023-07-17,3.7790000438690186,3.8359999656677246,3.7790000438690186,3.796999931335449,0.0,3.796999931335449
2023-07-18,3.757999897003174,3.7929999828338623,3.73799991607666,3.7890000343322754,0.0,3.7890000343322754
2023-07-19,3.74399995803833,3.7950000762939453,3.734999895095825,3.742000102996826,0.0,3.742000102996826
2023-07-20,3.7909998893737793,3.874000072479248,3.7909998893737793,3.8540000915527344,0.0,3.8540000915527344
2023-07-21,3.8329999446868896,3.8369998931884766,3.809000015258789,3.8369998931884766,0.0,3.8369998931884766
2023-07-24,3.805999994277954,3.865000009536743,3.7980000972747803,3.8570001125335693,0.0,3.8570001125335693
2023-07-25,3.8919999599456787,3.921999931335449,3.884999990463257,3.9119999408721924,0.0,3.9119999408721924
2023-07-26,3.884999990463257,3.9040000438690186,3.8489999771118164,3.8510000705718994,0.0,3.8510000705718994
2023-07-27,3.86299991607666,4.021999835968018,3.8529999256134033,4.01200008392334,0.0,4.01200008392334
2023-07-28,3.9609999656677246,3.994999885559082,3.940999984741211,3.9690001010894775,0.0,3.9690001010894775
2023-07-31,3.9670000076293945,3.9809999465942383,3.927000045776367,3.9590001106262207,0.0,3.9590001106262207
2023-08-01,4.000999927520752,4.057000160217285,4.000999927520752,4.051000118255615,0.0,4.051000118255615
2023-08-02,4.039000034332275,4.125999927520752,4.034999847412109,4.078000068664551,0.0,4.078000068664551
2023-08-03,4.144999980926514,4.197999954223633,4.127999782562256,4.189000129699707,0.0,4.189000129699707
2023-08-04,4.191999912261963,4.205999851226807,4.058000087738037,4.059999942779541,0.0,4.059999942779541
2023-08-07,4.11299991607666,4.11299991607666,4.064000129699707,4.078000068664551,0.0,4.078000068664551
2023-08-08,4.007999897003174,4.033999919891357,3.9839999675750732,4.026000022888184,0.0,4.026000022888184
2023-08-09,4.035999774932861,4.035999774932861,3.98799991607666,4.01200008392334,0.0,4.01200008392334
2023-08-10,3.9820001125335693,4.093999862670898,3.9570000171661377,4.079999923706055,0.0,4.079999923706055
2023-08-11,4.10699987411499,4.168000221252441,4.090000152587891,4.168000221252441,0.0,4.168000221252441
2023-08-14,4.176000118255615,4.215000152587891,4.145999908447266,4.184000015258789,0.0,4.184000015258789
2023-08-15,4.235000133514404,4.27400016784668,4.165999889373779,4.2210001945495605,0.0,4.2210001945495605
2023-08-16,4.204999923706055,4.26200008392334,4.190999984741211,4.257999897003174,0.0,4.257999897003174
2023-08-17,4.2779998779296875,4.328000068664551,4.271999835968018,4.308000087738037,0.0,4.308000087738037
2023-08-18,4.243000030517578,4.28000020980835,4.2230000495910645,4.250999927520752,0.0,4.250999927520752
2023-08-21,4.294000148773193,4.354000091552734,4.288000106811523,4.3420000076293945,0.0,4.3420000076293945
2023-08-22,4.309999942779541,4.361999988555908,4.309999942779541,4.328000068664551,0.0,4.328000068664551
2023-08-23,4.2829999923706055,4.291999816894531,4.190000057220459,4.197999954223633,0.0,4.197999954223633
2023-08-24,4.2230000495910645,4.238999843597412,4.190000057220459,4.235000133514404,0.0,4.235000133514404
2023-08-25,4.235000133514404,4.284999847412109,4.203999996185303,4.238999843597412,0.0,4.238999843597412
2023-08-28,4.23199987411499,4.234000205993652,4.193999767303467,4.211999893188477,0.0,4.211999893188477
2023-08-29,4.21999979019165,4.243000030517578,4.105999946594238,4.122000217437744,0.0,4.122000217437744
2023-08-30,4.13700008392334,4.15500020980835,4.086999893188477,4.118000030517578,0.0,4.118000030517578
2023-08-31,4.09499979019165,4.118000030517578,4.077000141143799,4.0929999351501465,0.0,4.0929999351501465
2023-09-01,4.0970001220703125,4.199999809265137,4.059999942779541,4.172999858856201,0.0,4.172999858856201
2023-09-04,,,,,,
2023-09-05,4.228000164031982,4.269999980926514,4.211999893188477,4.26800012588501,0.0,4.26800012588501
2023-09-06,4.242000102996826,4.306000232696533,4.239999771118164,4.289999961853027,0.0,4.289999961853027
2023-09-07,4.283999919891357,4.308000087738037,4.257999897003174,4.260000228881836,0.0,4.260000228881836
2023-09-08,4.257999897003174,4.263999938964844,4.2129998207092285,4.257999897003174,0.0,4.257999897003174
2023-09-11,4.283999919891357,4.300000190734863,4.271999835968018,4.288000106811523,0.0,4.288000106811523
2023-09-12,4.285999774932861,4.297999858856201,4.263999938964844,4.263999938964844,0.0,4.263999938964844
2023-09-13,4.311999797821045,4.343999862670898,4.235000133514404,4.249000072479248,0.0,4.249000072479248
2023-09-14,4.229000091552734,4.297999858856201,4.2230000495910645,4.288000106811523,0.0,4.288000106811523
2023-09-15,4.320000171661377,4.3379998207092285,4.302999973297119,4.322000026702881,0.0,4.322000026702881
2023-09-18,4.336999893188477,4.359000205993652,4.310999870300293,4.318999767303467,0.0,4.318999767303467
2023-09-19,4.333000183105469,4.364999771118164,4.324999809265137,4.364999771118164,0.0,4.364999771118164
2023-09-20,4.339000225067139,4.361000061035156,4.313000202178955,4.348999977111816,0.0,4.348999977111816
2023-09-21,4.466000080108643,4.489999771118164,4.461999893188477,4.480000019073486,0.0,4.480000019073486
2023-09-22,4.473999977111816,4.486000061035156,4.423999786376953,4.438000202178955,0.0,4.438000202178955
2023-09-25,4.505000114440918,4.546000003814697,4.499000072479248,4.541999816894531,0.0,4.541999816894531
2023-09-26,4.485000133514404,4.564000129699707,4.482999801635742,4.558000087738037,0.0,4.558000087738037
2023-09-27,4.506999969482422,4.64300012588501,4.491000175476074,4.625999927520752,0.0,4.625999927520752
2023-09-28,4.624000072479248,4.688000202178955,4.5970001220703125,4.5970001220703125,0.0,4.5970001220703125
2023-09-29,4.548999786376953,4.574999809265137,4.507999897003174,4.572999954223633,0.0,4.572999954223633
2023-10-02,4.63100004196167,4.703000068664551,4.626999855041504,4.683000087738037,0.0,4.683000087738037
2023-10-03,4.736999988555908,4.806000232696533,4.695000171661377,4.802000045776367,0.0,4.802000045776367
2023-10-04,4.75600004196167,4.794000148773193,4.7270002365112305,4.735000133514404,0.0,4.735000133514404
2023-10-05,4.730999946594238,4.7769999504089355,4.703999996185303,4.7170000076293945,0.0,4.7170000076293945
2023-10-06,4.739999771118164,4.88700008392334,4.739999771118164,4.783999919891357,0.0,4.783999919891357
2023-10-09,4.796999931335449,4.796999931335449,4.796999931335449,4.796999931335449,0.0,4.796999931335449
2023-10-10,4.703000068664551,4.7129998207092285,4.618000030517578,4.65500020980835,0.0,4.65500020980835
2023-10-11,4.580999851226807,4.624000072479248,4.564000129699707,4.59499979019165,0.0,4.59499979019165
2023-10-12,4.544000148773193,4.728000164031982,4.5320000648498535,4.711999893188477,0.0,4.711999893188477
2023-10-13,4.61899995803833,4.650000095367432,4.585999965667725,4.629000186920166,0.0,4.629000186920166
2023-10-16,4.690999984741211,4.724999904632568,4.665999889373779,4.711999893188477,0.0,4.711999893188477
2023-10-17,4.764999866485596,4.860000133514404,4.761000156402588,4.8470001220703125,0.0,4.8470001220703125
2023-10-18,4.839000225067139,4.927999973297119,4.834000110626221,4.9039998054504395,0.0,4.9039998054504395
2023-10-19,4.964000225067139,4.995999813079834,4.894000053405762,4.98799991607666,0.0,4.98799991607666
2023-10-20,4.978000164031982,4.993000030517578,4.892000198364258,4.923999786376953,0.0,4.923999786376953
2023-10-23,4.997000217437744,4.997000217437744,4.830999851226807,4.8379998207092285,0.0,4.8379998207092285
2023-10-24,4.869999885559082,4.888999938964844,4.827000141143799,4.840000152587891,0.0,4.840000152587891
2023-10-25,4.85099983215332,4.959000110626221,4.85099983215332,4.953000068664551,0.0,4.953000068664551
2023-10-26,4.964000225067139,4.982999801635742,4.8420000076293945,4.84499979019165,0.0,4.84499979019165
2023-10-27,4.866000175476074,4.892000198364258,4.8429999351501465,4.84499979019165,0.0,4.84499979019165
2023-10-30,4.895999908447266,4.921999931335449,4.867000102996826,4.875,0.0,4.875
2023-10-31,4.809999942779541,4.880000114440918,4.802999973297119,4.875,0.0,4.875
2023-11-01,4.89300012588501,4.9029998779296875,4.7779998779296875,4.789000034332275,0.0,4.789000034332275
2023-11-02,4.690000057220459,4.703000068664551,4.625999927520752,4.669000148773193,0.0,4.669000148773193
2023-11-03,4.63700008392334,4.64300012588501,4.484000205993652,4.558000087738037,0.0,4.558000087738037
2023-11-06,4.610000133514404,4.668000221252441,4.610000133514404,4.6620001792907715,0.0,4.6620001792907715
2023-11-07,4.619999885559082,4.626999855041504,4.544000148773193,4.571000099182129,0.0,4.571000099182129
2023-11-08,4.566999912261963,4.572999954223633,4.502999782562256,4.5229997634887695,0.0,4.5229997634887695
2023-11-09,4.551000118255615,4.6539998054504395,4.526000022888184,4.630000114440918,0.0,4.630000114440918
2023-11-10,4.583000183105469,4.638000011444092,4.566999912261963,4.627999782562256,0.0,4.627999782562256
2023-11-13,4.642000198364258,4.696000099182129,4.624000072479248,4.631999969482422,0.0,4.631999969482422
2023-11-14,4.616000175476074,4.616000175476074,4.432000160217285,4.440999984741211,0.0,4.440999984741211
2023-11-15,4.460999965667725,4.559000015258789,4.445000171661377,4.534999847412109,0.0,4.534999847412109
2023-11-16,4.48799991607666,4.48799991607666,4.432000160217285,4.445000171661377,0.0,4.445000171661377
2023-11-17,4.4120001792907715,4.468999862670898,4.4039998054504395,4.440999984741211,0.0,4.440999984741211
2023-11-20,4.4730000495910645,4.48199987411499,4.409999847412109,4.421999931335449,0.0,4.421999931335449
2023-11-21,4.409999847412109,4.442999839782715,4.390999794006348,4.418000221252441,0.0,4.418000221252441
2023-11-22,4.364999771118164,4.447000026702881,4.364999771118164,4.415999889373779,0.0,4.415999889373779
2023-11-23,,,,,,
2023-11-24,4.473999977111816,4.492000102996826,4.4629998207092285,4.4720001220703125,0.0,4.4720001220703125
2023-11-27,4.456999778747559,4.460999965667725,4.388999938964844,4.388999938964844,0.0,4.388999938964844
2023-11-28,4.395999908447266,4.421999931335449,4.331999778747559,4.335999965667725,0.0,4.335999965667725
2023-11-29,4.294000148773193,4.322999954223633,4.252999782562256,4.270999908447266,0.0,4.270999908447266
2023-11-30,4.28000020980835,4.3520002365112305,4.271999835968018,4.3520002365112305,0.0,4.3520002365112305
2023-12-01,4.320000171661377,4.3480000495910645,4.210999965667725,4.22599983215332,0.0,4.22599983215332
2023-12-04,4.243000030517578,4.298999786376953,4.239999771118164,4.288000106811523,0.0,4.288000106811523
2023-12-05,4.22599983215332,4.228000164031982,4.164999961853027,4.171000003814697,0.0,4.171000003814697
2023-12-06,4.179999828338623,4.182000160217285,4.107999801635742,4.120999813079834,0.0,4.120999813079834
2023-12-07,4.169000148773193,4.179999828338623,4.105999946594238,4.129000186920166,0.0,4.129000186920166
2023-12-08,4.184999942779541,4.2779998779296875,4.182000160217285,4.244999885559082,0.0,4.244999885559082
2023-12-11,4.27400016784668,4.293000221252441,4.229000091552734,4.238999843597412,0.0,4.238999843597412
2023-12-12,4.179999828338623,4.250999927520752,4.1529998779296875,4.205999851226807,0.0,4.205999851226807
2023-12-13,4.186999797821045,4.190999984741211,4.008999824523926,4.0329999923706055,0.0,4.0329999923706055
2023-12-14,3.9660000801086426,3.98799991607666,3.884999990463257,3.930000066757202,0.0,3.930000066757202
2023-12-15,3.921999931335449,3.9709999561309814,3.8940000534057617,3.927999973297119,0.0,3.927999973297119
2023-12-18,3.9170000553131104,3.9709999561309814,3.9070000648498535,3.9539999961853027,0.0,3.9539999961853027
2023-12-19,3.8980000019073486,3.927999973297119,3.8959999084472656,3.921999931335449,0.0,3.921999931335449
2023-12-20,3.88100004196167,3.921999931335449,3.872999906539917,3.877000093460083,0.0,3.877000093460083
2023-12-21,3.859999895095825,3.9049999713897705,3.8289999961853027,3.8940000534057617,0.0,3.8940000534057617
2023-12-22,3.8519999980926514,3.9189999103546143,3.8489999771118164,3.9010000228881836,0.0,3.9010000228881836
2023-12-25,,,,,,
2023-12-26,3.9079999923706055,3.9079999923706055,3.881999969482422,3.885999917984009,0.0,3.885999917984009
2023-12-27,3.8519999980926514,3.8519999980926514,3.7850000858306885,3.7890000343322754,0.0,3.7890000343322754
2023-12-28,3.818000078201294,3.8610000610351562,3.799999952316284,3.8499999046325684,0.0,3.8499999046325684
2023-12-29,3.878999948501587,3.8980000019073486,3.8469998836517334,3.865999937057495,0.0,3.865999937057495
2024-01-01,,,,,,
2024-01-02,3.9690001010894775,3.9730000495910645,3.9179999828338623,3.946000099182129,0.0,3.946000099182129
2024-01-03,3.9779999256134033,4.007999897003174,3.8940000534057617,3.9070000648498535,0.0,3.9070000648498535
2024-01-04,3.9739999771118164,4.00600004196167,3.9709999561309814,3.990999937057495,0.0,3.990999937057495
2024-01-05,4.038000106811523,4.098999977111816,3.953000068664551,4.041999816894531,0.0,4.041999816894531
2024-01-08,4.059000015258789,4.063000202178955,3.9660000801086426,4.001999855041504,0.0,4.001999855041504
2024-01-09,4.046999931335449,4.052999973297119,3.996000051498413,4.019000053405762,0.0,4.019000053405762
2024-01-10,3.992000102996826,4.038000106811523,3.984999895095825,4.03000020980835,0.0,4.03000020980835
2024-01-11,3.99399995803833,4.067999839782715,3.9730000495910645,3.9769999980926514,0.0,3.9769999980926514
2024-01-12,4.002999782562256,4.006999969482422,3.9159998893737793,3.950000047683716,0.0,3.950000047683716
2024-01-15,,,,,,
2024-01-16,4.002999782562256,4.083000183105469,3.990000009536743,4.065999984741211,0.0,4.065999984741211
2024-01-17,4.080999851226807,4.129000186920166,4.074999809265137,4.105999946594238,0.0,4.105999946594238
2024-01-18,4.090000152587891,4.1539998054504395,4.090000152587891,4.144000053405762,0.0,4.144000053405762
2024-01-19,4.131999969482422,4.197999954223633,4.131999969482422,4.145999908447266,0.0,4.145999908447266
2024-01-22,4.0980000495910645,4.111000061035156,4.074999809265137,4.093999862670898,0.0,4.093999862670898
2024-01-23,4.130000114440918,4.15500020980835,4.120999813079834,4.142000198364258,0.0,4.142000198364258
2024-01-24,4.098999977111816,4.188000202178955,4.085999965667725,4.177999973297119,0.0,4.177999973297119
2024-01-25,4.15500020980835,4.185999870300293,4.122000217437744,4.131999969482422,0.0,4.131999969482422
2024-01-26,4.122000217437744,4.165999889373779,4.10699987411499,4.159999847412109,0.0,4.159999847412109
2024-01-29,4.107999801635742,4.122000217437744,4.089000225067139,4.091000080108643,0.0,4.091000080108643
2024-01-30,4.067999839782715,4.103000164031982,4.040999889373779,4.059000015258789,0.0,4.059000015258789
2024-01-31,4.019999980926514,4.03000020980835,3.944000005722046,3.9670000076293945,0.0,3.9670000076293945
2024-02-01,3.927000045776367,3.927000045776367,3.816999912261963,3.86299991607666,0.0,3.86299991607666
2024-02-02,3.8889999389648438,4.053999900817871,3.88700008392334,4.0329999923706055,0.0,4.0329999923706055
2024-02-05,4.111999988555908,4.177000045776367,4.110000133514404,4.164000034332275,0.0,4.164000034332275
2024-02-06,4.1479997634887695,4.1620001792907715,4.078999996185303,4.090000152587891,0.0,4.090000152587891
2024-02-07,4.125,4.125,4.065000057220459,4.110000133514404,0.0,4.110000133514404
2024-02-08,4.13700008392334,4.172999858856201,4.13100004196167,4.170000076293945,0.0,4.170000076293945
2024-02-09,4.172999858856201,4.192999839782715,4.126999855041504,4.186999797821045,0.0,4.186999797821045
2024-02-12,4.1519999504089355,4.197000026702881,4.150000095367432,4.171999931335449,0.0,4.171999931335449
2024-02-13,4.1519999504089355,4.315999984741211,4.150000095367432,4.315999984741211,0.0,4.315999984741211
2024-02-14,4.308000087738037,4.322000026702881,4.245999813079834,4.267000198364258,0.0,4.267000198364258
2024-02-15,4.22599983215332,4.255000114440918,4.190999984741211,4.239999771118164,0.0,4.239999771118164
2024-02-16,4.2789998054504395,4.328000068664551,4.2769999504089355,4.295000076293945,0.0,4.295000076293945
2024-02-19,,,,,,
2024-02-20,4.2829999923706055,4.289000034332275,4.24399995803833,4.275000095367432,0.0,4.275000095367432
2024-02-21,4.263999938964844,4.330999851226807,4.257999897003174,4.324999809265137,0.0,4.324999809265137
2024-02-22,4.336999893188477,4.354000091552734,4.296999931335449,4.327000141143799,0.0,4.327000141143799
2024-02-23,4.307000160217285,4.328999996185303,4.245999813079834,4.260000228881836,0.0,4.260000228881836
2024-02-26,4.24399995803833,4.309000015258789,4.23799991607666,4.298999786376953,0.0,4.298999786376953
2024-02-27,4.271999835968018,4.321000099182129,4.263999938964844,4.315000057220459,0.0,4.315000057220459
2024-02-28,4.28000020980835,4.309000015258789,4.271999835968018,4.27400016784668,0.0,4.27400016784668
2024-02-29,4.310999870300293,4.315000057220459,4.224999904632568,4.251999855041504,0.0,4.251999855041504
2024-03-01,4.26800012588501,4.296000003814697,4.177999973297119,4.179999828338623,0.0,4.179999828338623
2024-03-04,4.218999862670898,4.235000133514404,4.204999923706055,4.218999862670898,0.0,4.218999862670898
2024-03-05,4.164000034332275,4.165999889373779,4.113999843597412,4.13700008392334,0.0,4.13700008392334
2024-03-06,4.138999938964844,4.146999835968018,4.078999996185303,4.104000091552734,0.0,4.104000091552734
2024-03-07,4.080999851226807,4.123000144958496,4.053999900817871,4.0920000076293945,0.0,4.0920000076293945
2024-03-08,4.066999912261963,4.129000186920166,4.038000106811523,4.089000225067139,0.0,4.089000225067139
2024-03-11,4.077000141143799,4.116000175476074,4.074999809265137,4.104000091552734,0.0,4.104000091552734
2024-03-12,4.089000225067139,4.171999931335449,4.083000183105469,4.15500020980835,0.0,4.15500020980835
2024-03-13,4.185999870300293,4.196000099182129,4.170000076293945,4.191999912261963,0.0,4.191999912261963
2024-03-14,4.196000099182129,4.300000190734863,4.191999912261963,4.297999858856201,0.0,4.297999858856201
2024-03-15,4.281000137329102,4.320000171661377,4.281000137329102,4.303999900817871,0.0,4.303999900817871
2024-03-18,4.314000129699707,4.3480000495910645,4.303999900817871,4.340000152587891,0.0,4.340000152587891
2024-03-19,4.326000213623047,4.335999965667725,4.289000034332275,4.296999931335449,0.0,4.296999931335449
2024-03-20,4.2829999923706055,4.323999881744385,4.238999843597412,4.2729997634887695,0.0,4.2729997634887695
2024-03-21,4.232999801635742,4.293000221252441,4.228000164031982,4.270999908447266,0.0,4.270999908447266
2024-03-22,4.21999979019165,4.22599983215332,4.199999809265137,4.2179999351501465,0.0,4.2179999351501465
2024-03-25,4.23199987411499,4.261000156402588,4.2220001220703125,4.252999782562256,0.0,4.252999782562256
2024-03-26,4.236000061035156,4.2729997634887695,4.23199987411499,4.234000205993652,0.0,4.234000205993652
2024-03-27,4.21999979019165,4.228000164031982,4.183000087738037,4.196000099182129,0.0,4.196000099182129
2024-03-28,4.230000019073486,4.234000205993652,4.183000087738037,4.205999851226807,0.0,4.205999851226807
2024-03-29,,,,,,
2024-04-01,4.234000205993652,4.336999893188477,4.234000205993652,4.328999996185303,0.0,4.328999996185303
2024-04-02,4.375,4.40500020980835,4.355000019073486,4.364999771118164,0.0,4.364999771118164
2024-04-03,4.382999897003174,4.428999900817871,4.3470001220703125,4.355000019073486,0.0,4.355000019073486
2024-04-04,4.370999813079834,4.38100004196167,4.307000160217285,4.309000015258789,0.0,4.309000015258789
2024-04-05,4.328000068664551,4.4039998054504395,4.317999839782715,4.377999782562256,0.0,4.377999782562256
2024-04-08,4.458000183105469,4.461999893188477,4.406000137329102,4.423999786376953,0.0,4.423999786376953
2024-04-09,4.383999824523926,4.395999908447266,4.357999801635742,4.366000175476074,0.0,4.366000175476074
2024-04-10,4.3460001945495605,4.567999839782715,4.343999862670898,4.559999942779541,0.0,4.559999942779541
2024-04-11,4.576000213623047,4.591000080108643,4.514999866485596,4.576000213623047,0.0,4.576000213623047
2024-04-12,4.513999938964844,4.5320000648498535,4.482999801635742,4.499000072479248,0.0,4.499000072479248
2024-04-15,4.585000038146973,4.663000106811523,4.583000183105469,4.627999782562256,0.0,4.627999782562256
2024-04-16,4.644999980926514,4.696000099182129,4.625999927520752,4.658999919891357,0.0,4.658999919891357
2024-04-17,4.65500020980835,4.660999774932861,4.574999809265137,4.585000038146973,0.0,4.585000038146973
2024-04-18,4.5920000076293945,4.6529998779296875,4.5920000076293945,4.646999835968018,0.0,4.646999835968018
2024-04-19,4.590000152587891,4.63100004196167,4.581999778747559,4.614999771118164,0.0,4.614999771118164
2024-04-22,4.6519999504089355,4.6519999504089355,4.611000061035156,4.623000144958496,0.0,4.623000144958496
2024-04-23,4.650000095367432,4.650000095367432,4.567999839782715,4.5980000495910645,0.0,4.5980000495910645
2024-04-24,4.642000198364258,4.671000003814697,4.626999855041504,4.6519999504089355,0.0,4.6519999504089355
2024-04-25,4.6579999923706055,4.736999988555908,4.625,4.705999851226807,0.0,4.705999851226807
2024-04-26,4.685999870300293,4.690000057220459,4.644000053405762,4.669000148773193,0.0,4.669000148773193
2024-04-29,4.625999927520752,4.64900016784668,4.611999988555908,4.613999843597412,0.0,4.613999843597412
2024-04-30,4.616000175476074,4.685999870300293,4.616000175476074,4.685999870300293,0.0,4.685999870300293
2024-05-01,4.670000076293945,4.676000118255615,4.580999851226807,4.59499979019165,0.0,4.59499979019165
2024-05-02,4.611999988555908,4.651000022888184,4.566999912261963,4.571000099182129,0.0,4.571000099182129
2024-05-03,4.551000118255615,4.571000099182129,4.453000068664551,4.5,0.0,4.5
2024-05-06,4.486999988555908,4.513999938964844,4.4710001945495605,4.488999843597412,0.0,4.488999843597412
2024-05-07,4.4730000495910645,4.4730000495910645,4.422999858856201,4.4629998207092285,0.0,4.4629998207092285
2024-05-08,4.484000205993652,4.498000144958496,4.474999904632568,4.492000102996826,0.0,4.492000102996826
2024-05-09,4.515999794006348,4.515999794006348,4.447000026702881,4.448999881744385,0.0,4.448999881744385
2024-05-10,4.4770002365112305,4.507999897003174,4.4710001945495605,4.504000186920166,0.0,4.504000186920166
2024-05-13,4.486999988555908,4.488999843597412,4.459000110626221,4.480999946594238,0.0,4.480999946594238
2024-05-14,4.480999946594238,4.5320000648498535,4.442999839782715,4.445000171661377,0.0,4.445000171661377
2024-05-15,4.418000221252441,4.418000221252441,4.340000152587891,4.355999946594238,0.0,4.355999946594238
2024-05-16,4.329999923706055,4.379000186920166,4.318999767303467,4.376999855041504,0.0,4.376999855041504
2024-05-17,4.395999908447266,4.426000118255615,4.390999794006348,4.420000076293945,0.0,4.420000076293945
2024-05-20,4.421999931335449,4.454999923706055,4.420000076293945,4.436999797821045,0.0,4.436999797821045
2024-05-21,4.429999828338623,4.435999870300293,4.3979997634887695,4.414000034332275,0.0,4.414000034332275
2024-05-22,4.453000068664551,4.460999965667725,4.4120001792907715,4.434000015258789,0.0,4.434000015258789
2024-05-23,4.418000221252441,4.495999813079834,4.4079999923706055,4.474999904632568,0.0,4.474999904632568
2024-05-24,4.488999843597412,4.501999855041504,4.459000110626221,4.4670000076293945,0.0,4.4670000076293945
2024-05-27,,,,,,
2024-05-28,4.453000068664551,4.546000003814697,4.448999881744385,4.541999816894531,0.0,4.541999816894531
2024-05-29,4.565999984741211,4.638000011444092,4.559999942779541,4.624000072479248,0.0,4.624000072479248
2024-05-30,4.593999862670898,4.599999904632568,4.541999816894531,4.553999900817871,0.0,4.553999900817871
2024-05-31,4.552000045776367,4.556000232696533,4.485000133514404,4.513999938964844,0.0,4.513999938964844
2024-06-03,4.4730000495910645,4.4730000495910645,4.392000198364258,4.4019999504089355,0.0,4.4019999504089355
2024-06-04,4.361000061035156,4.367000102996826,4.314000129699707,4.335999965667725,0.0,4.335999965667725
2024-06-05,4.326000213623047,4.35099983215332,4.2870001792907715,4.289000034332275,0.0,4.289000034332275
2024-06-06,4.301000118255615,4.322000026702881,4.2769999504089355,4.281000137329102,0.0,4.281000137329102
2024-06-07,4.296999931335449,4.434000015258789,4.289000034332275,4.429999828338623,0.0,4.429999828338623
2024-06-10,4.453000068664551,4.479000091552734,4.447000026702881,4.468999862670898,0.0,4.468999862670898
2024-06-11,4.435999870300293,4.460999965667725,4.4019999504089355,4.4039998054504395,0.0,4.4039998054504395
2024-06-12,4.388000011444092,4.406000137329102,4.25,4.295000076293945,0.0,4.295000076293945
2024-06-13,4.309999942779541,4.309999942779541,4.2230000495910645,4.23799991607666,0.0,4.23799991607666
2024-06-14,4.196000099182129,4.236000061035156,4.188000202178955,4.2129998207092285,0.0,4.2129998207092285
2024-06-17,4.264999866485596,4.295000076293945,4.260000228881836,4.2789998054504395,0.0,4.2789998054504395
2024-06-18,4.2870001792907715,4.289000034332275,4.206999778747559,4.2170000076293945,0.0,4.2170000076293945
2024-06-19,,,,,,
2024-06-20,4.23799991607666,4.293000221252441,4.230000019073486,4.254000186920166,0.0,4.254000186920166
2024-06-21,4.223999977111816,4.2789998054504395,4.2170000076293945,4.256999969482422,0.0,4.256999969482422
2024-06-24,4.275000095367432,4.275000095367432,4.245999813079834,4.248000144958496,0.0,4.248000144958496
2024-06-25,4.2170000076293945,4.258999824523926,4.210999965667725,4.23799991607666,0.0,4.23799991607666
2024-06-26,4.284999847412109,4.320000171661377,4.281000137329102,4.315999984741211,0.0,4.315999984741211
2024-06-27,4.327000141143799,4.3429999351501465,4.275000095367432,4.288000106811523,0.0,4.288000106811523
2024-06-28,4.303999900817871,4.359000205993652,4.261000156402588,4.3429999351501465,0.0,4.3429999351501465
2024-07-01,4.423999786376953,4.493000030517578,4.415999889373779,4.479000091552734,0.0,4.479000091552734
2024-07-02,4.441999912261963,4.454999923706055,4.414000034332275,4.435999870300293,0.0,4.435999870300293
2024-07-03,4.426000118255615,4.429999828338623,4.339000225067139,4.355000019073486,0.0,4.355000019073486
2024-07-04,,,,,,
2024-07-05,4.330999851226807,4.374000072479248,4.270999908447266,4.271999835968018,0.0,4.271999835968018
2024-07-08,4.306000232696533,4.306000232696533,4.267000198364258,4.269000053405762,0.0,4.269000053405762
2024-07-09,4.300000190734863,4.328999996185303,4.2820000648498535,4.300000190734863,0.0,4.300000190734863
2024-07-10,4.2779998779296875,4.303999900817871,4.271999835968018,4.28000020980835,0.0,4.28000020980835
2024-07-11,4.288000106811523,4.289999961853027,4.168000221252441,4.192999839782715,0.0,4.192999839782715
2024-07-12,4.205999851226807,4.238999843597412,4.186999797821045,4.189000129699707,0.0,4.189000129699707
2024-07-15,4.236999988555908,4.241000175476074,4.199999809265137,4.229000091552734,0.0,4.229000091552734
2024-07-16,4.175000190734863,4.216000080108643,4.163000106811523,4.166999816894531,0.0,4.166999816894531
2024-07-17,4.178999900817871,4.196000099182129,4.144000053405762,4.145999908447266,0.0,4.145999908447266
2024-07-18,4.183000087738037,4.190000057220459,4.156000137329102,4.189000129699707,0.0,4.189000129699707
2024-07-19,4.224999904632568,4.249000072479248,4.224999904632568,4.238999843597412,0.0,4.238999843597412
2024-07-22,4.224999904632568,4.2779998779296875,4.211999893188477,4.260000228881836,0.0,4.260000228881836
2024-07-23,4.236999988555908,4.247000217437744,4.2210001945495605,4.238999843597412,0.0,4.238999843597412
2024-07-24,4.229000091552734,4.291999816894531,4.210000038146973,4.285999774932861,0.0,4.285999774932861
2024-07-25,4.205999851226807,4.265999794006348,4.196000099182129,4.25600004196167,0.0,4.25600004196167
2024-07-26,4.244999885559082,4.251999855041504,4.191999912261963,4.199999809265137,0.0,4.199999809265137
2024-07-29,4.163000106811523,4.185999870300293,4.151000022888184,4.177999973297119,0.0,4.177999973297119
2024-07-30,4.173999786376953,4.184000015258789,4.130000114440918,4.14300012588501,0.0,4.14300012588501
2024-07-31,4.127999782562256,4.133999824523926,4.091000080108643,4.109000205993652,0.0,4.109000205993652
2024-08-01,4.052999973297119,4.052999973297119,3.9649999141693115,3.9760000705718994,0.0,3.9760000705718994
2024-08-02,3.940000057220459,3.940000057220459,3.7920000553131104,3.7920000553131104,0.0,3.7920000553131104
2024-08-05,3.697000026702881,3.8320000171661377,3.6689999103546143,3.7850000858306885,0.0,3.7850000858306885
2024-08-06,3.8350000381469727,3.9089999198913574,3.805000066757202,3.888000011444092,0.0,3.888000011444092
2024-08-07,3.937000036239624,3.9769999980926514,3.927999973297119,3.9679999351501465,0.0,3.9679999351501465
2024-08-08,3.931999921798706,4.021999835968018,3.9260001182556152,3.996999979019165,0.0,3.996999979019165
2024-08-09,3.947000026702881,3.947000026702881,3.9210000038146973,3.941999912261963,0.0,3.941999912261963
2024-08-12,3.940000057220459,3.9670000076293945,3.8959999084472656,3.9089999198913574,0.0,3.9089999198913574
2024-08-13,3.8959999084472656,3.8980000019073486,3.8480000495910645,3.8519999980926514,0.0,3.8519999980926514
2024-08-14,3.8310000896453857,3.871000051498413,3.811000108718872,3.819999933242798,0.0,3.819999933242798
2024-08-15,3.8469998836517334,3.953000068664551,3.8450000286102295,3.9260001182556152,0.0,3.9260001182556152
2024-08-16,3.878999948501587,3.924999952316284,3.86899995803833,3.8919999599456787,0.0,3.8919999599456787
2024-08-19,3.859999895095825,3.9000000953674316,3.8519999980926514,3.867000102996826,0.0,3.867000102996826
2024-08-20,3.864000082015991,3.865000009536743,3.813999891281128,3.818000078201294,0.0,3.818000078201294
2024-08-21,3.809999942779541,3.8310000896453857,3.763000011444092,3.7780001163482666,0.0,3.7780001163482666
2024-08-22,3.8369998931884766,3.877000093460083,3.822000026702881,3.861999988555908,0.0,3.861999988555908
2024-08-23,3.8459999561309814,3.8559999465942383,3.7909998893737793,3.806999921798706,0.0,3.806999921798706
2024-08-26,3.809999942779541,3.822000026702881,3.7739999294281006,3.818000078201294,0.0,3.818000078201294
2024-08-27,3.8499999046325684,3.867000102996826,3.822000026702881,3.8329999446868896,0.0,3.8329999446868896
2024-08-28,3.8239998817443848,3.8440001010894775,3.819999933242798,3.8410000801086426,0.0,3.8410000801086426
2024-08-29,3.8310000896453857,3.888000011444092,3.8310000896453857,3.867000102996826,0.0,3.867000102996826
2024-08-30,3.8610000610351562,3.9149999618530273,3.8519999980926514,3.9110000133514404,0.0,3.9110000133514404
2024-09-02,,,,,,
2024-09-03,3.9149999618530273,3.9230000972747803,3.825000047683716,3.8440001010894775,0.0,3.8440001010894775
2024-09-04,3.822999954223633,3.8420000076293945,3.7669999599456787,3.7679998874664307,0.0,3.7679998874664307
2024-09-05,3.740000009536743,3.7720000743865967,3.7209999561309814,3.7309999465942383,0.0,3.7309999465942383
2024-09-06,3.7079999446868896,3.760999917984009,3.6480000019073486,3.7100000381469727,0.0,3.7100000381469727
2024-09-09,3.747999906539917,3.747999906539917,3.690999984741211,3.697000026702881,0.0,3.697000026702881
2024-09-10,3.7149999141693115,3.7149999141693115,3.6389999389648438,3.6459999084472656,0.0,3.6459999084472656
2024-09-11,3.614000082015991,3.688999891281128,3.614000082015991,3.6530001163482666,0.0,3.6530001163482666
2024-09-12,3.6610000133514404,3.7039999961853027,3.640000104904175,3.680000066757202,0.0,3.680000066757202
2024-09-13,3.6589999198913574,3.6760001182556152,3.6440000534057617,3.6500000953674316,0.0,3.6500000953674316
2024-09-16,3.638000011444092,3.6630001068115234,3.618000030517578,3.621000051498413,0.0,3.621000051498413
2024-09-17,3.614000082015991,3.6549999713897705,3.6029999256134033,3.6419999599456787,0.0,3.6419999599456787
2024-09-18,3.680999994277954,3.696000099182129,3.638000011444092,3.684999942779541,0.0,3.684999942779541
2024-09-19,3.7190001010894775,3.7679998874664307,3.7109999656677246,3.740000009536743,0.0,3.740000009536743
2024-09-20,3.7339999675750732,3.7639999389648438,3.7149999141693115,3.7279999256134033,0.0,3.7279999256134033
2024-09-23,3.757999897003174,3.7939999103546143,3.7300000190734863,3.739000082015991,0.0,3.739000082015991
2024-09-24,3.7939999103546143,3.809999942779541,3.7279999256134033,3.7360000610351562,0.0,3.7360000610351562
2024-09-25,3.7750000953674316,3.7829999923706055,3.75600004196167,3.7809998989105225,0.0,3.7809998989105225
2024-09-26,3.757999897003174,3.821000099182129,3.755000114440918,3.7909998893737793,0.0,3.7909998893737793
2024-09-27,3.7769999504089355,3.7829999923706055,3.740999937057495,3.749000072479248,0.0,3.749000072479248
2024-09-30,3.7899999618530273,3.805999994277954,3.753999948501587,3.802000045776367,0.0,3.802000045776367
2024-10-01,3.744999885559082,3.752000093460083,3.696000099182129,3.743000030517578,0.0,3.743000030517578
2024-10-02,3.7829999923706055,3.816999912261963,3.7750000953674316,3.7850000858306885,0.0,3.7850000858306885
2024-10-03,3.806999921798706,3.8499999046325684,3.802000045776367,3.8499999046325684,0.0,3.8499999046325684
2024-10-04,3.867000102996826,3.9809999465942383,3.867000102996826,3.9809999465942383,0.0,3.9809999465942383
2024-10-07,4.00600004196167,4.0329999923706055,4.004000186920166,4.026000022888184,0.0,4.026000022888184
2024-10-08,4.0329999923706055,4.057000160217285,4.021999835968018,4.0329999923706055,0.0,4.0329999923706055
2024-10-09,4.043000221252441,4.078000068664551,4.0320000648498535,4.066999912261963,0.0,4.066999912261963
2024-10-10,4.078999996185303,4.119999885559082,4.052999973297119,4.0960001945495605,0.0,4.0960001945495605
2024-10-11,4.0920000076293945,4.116000175476074,4.066999912261963,4.072999954223633,0.0,4.072999954223633
2024-10-14,4.0980000495910645,4.0980000495910645,4.0980000495910645,4.0980000495910645,0.0,4.0980000495910645
2024-10-15,4.068999767303467,4.074999809265137,4.0320000648498535,4.038000106811523,0.0,4.038000106811523
2024-10-16,4.010000228881836,4.0279998779296875,3.994999885559082,4.015999794006348,0.0,4.015999794006348
2024-10-17,4.0320000648498535,4.099999904632568,4.0320000648498535,4.0960001945495605,0.0,4.0960001945495605
2024-10-18,4.107999801635742,4.110000133514404,4.065000057220459,4.072999954223633,0.0,4.072999954223633
2024-10-21,4.138000011444092,4.185999870300293,4.124000072479248,4.182000160217285,0.0,4.182000160217285
2024-10-22,4.185999870300293,4.216000080108643,4.165999889373779,4.203999996185303,0.0,4.203999996185303
2024-10-23,4.236000061035156,4.257999897003174,4.21999979019165,4.242000102996826,0.0,4.242000102996826
2024-10-24,4.197999954223633,4.239999771118164,4.182000160217285,4.199999809265137,0.0,4.199999809265137
2024-10-25,4.203999996185303,4.234000205993652,4.177999973297119,4.23199987411499,0.0,4.23199987411499
2024-10-28,4.248000144958496,4.300000190734863,4.230000019073486,4.2779998779296875,0.0,4.2779998779296875
2024-10-29,4.306000232696533,4.339000225067139,4.271999835968018,4.27400016784668,0.0,4.27400016784668
2024-10-30,4.260000228881836,4.2779998779296875,4.197999954223633,4.265999794006348,0.0,4.265999794006348
2024-10-31,4.288000106811523,4.333000183105469,4.260000228881836,4.283999919891357,0.0,4.283999919891357
2024-11-01,4.307000160217285,4.364999771118164,4.2230000495910645,4.361000061035156,0.0,4.361000061035156
2024-11-04,4.281000137329102,4.328999996185303,4.263000011444092,4.309000015258789,0.0,4.309000015258789
2024-11-05,4.330999851226807,4.366000175476074,4.284999847412109,4.289000034332275,0.0,4.289000034332275
2024-11-06,4.432000160217285,4.4770002365112305,4.4019999504089355,4.426000118255615,0.0,4.426000118255615
2024-11-07,4.415999889373779,4.433000087738037,4.339000225067139,4.341000080108643,0.0,4.341000080108643
2024-11-08,4.314000129699707,4.329999923706055,4.263999938964844,4.306000232696533,0.0,4.306000232696533
2024-11-11,4.308000087738037,4.308000087738037,4.308000087738037,4.308000087738037,0.0,4.308000087738037
2024-11-12,4.370999813079834,4.442999839782715,4.361000061035156,4.432000160217285,0.0,4.432000160217285
2024-11-13,4.433000087738037,4.460999965667725,4.359000205993652,4.451000213623047,0.0,4.451000213623047
2024-11-14,4.445000171661377,4.482999801635742,4.386000156402588,4.418000221252441,0.0,4.418000221252441
2024-11-15,4.429999828338623,4.505000114440918,4.400000095367432,4.427999973297119,0.0,4.427999973297119
2024-11-18,4.480999946594238,4.491000175476074,4.4079999923706055,4.414000034332275,0.0,4.414000034332275
2024-11-19,4.36299991607666,4.392000198364258,4.336999893188477,4.379000186920166,0.0,4.379000186920166
2024-11-20,4.421999931335449,4.438000202178955,4.388000011444092,4.406000137329102,0.0,4.406000137329102
2024-11-21,4.4039998054504395,4.438000202178955,4.376999855041504,4.432000160217285,0.0,4.432000160217285
2024-11-22,4.389999866485596,4.429999828338623,4.382999897003174,4.409999847412109,0.0,4.409999847412109
2024-11-25,4.317999839782715,4.331999778747559,4.261000156402588,4.264999866485596,0.0,4.264999866485596
2024-11-26,4.289000034332275,4.323999881744385,4.281000137329102,4.302000045776367,0.0,4.302000045776367
2024-11-27,4.25,4.275000095367432,4.2270002365112305,4.242000102996826,0.0,4.242000102996826
2024-11-28,,,,,,
2024-11-29,4.224999904632568,4.224999904632568,4.171999931335449,4.177999973297119,0.0,4.177999973297119
2024-12-02,4.206999778747559,4.248000144958496,4.173999786376953,4.196000099182129,0.0,4.196000099182129
2024-12-03,4.210999965667725,4.2270002365112305,4.164999961853027,4.2230000495910645,0.0,4.2230000495910645
2024-12-04,4.270999908447266,4.281000137329102,4.176000118255615,4.179999828338623,0.0,4.179999828338623
2024-12-05,4.206999778747559,4.224999904632568,4.173999786376953,4.179999828338623,0.0,4.179999828338623
2024-12-06,4.184000015258789,4.215000152587891,4.125999927520752,4.151000022888184,0.0,4.151000022888184
2024-12-09,4.182000160217285,4.198999881744385,4.164000034332275,4.198999881744385,0.0,4.198999881744385
2024-12-10,4.234000205993652,4.24399995803833,4.2170000076293945,4.2210001945495605,0.0,4.2210001945495605
2024-12-11,4.25,4.2769999504089355,4.201000213623047,4.270999908447266,0.0,4.270999908447266
2024-12-12,4.300000190734863,4.331999778747559,4.269000053405762,4.323999881744385,0.0,4.323999881744385
2024-12-13,4.343999862670898,4.4029998779296875,4.3420000076293945,4.39900016784668,0.0,4.39900016784668
2024-12-16,4.36899995803833,4.410999774932861,4.361000061035156,4.396999835968018,0.0,4.396999835968018
2024-12-17,4.429999828338623,4.434000015258789,4.373000144958496,4.385000228881836,0.0,4.385000228881836
2024-12-18,4.418000221252441,4.498000144958496,4.382999897003174,4.49399995803833,0.0,4.49399995803833
2024-12-19,4.5320000648498535,4.593999862670898,4.5279998779296875,4.570000171661377,0.0,4.570000171661377
2024-12-20,4.541999816894531,4.546000003814697,4.484000205993652,4.52400016784668,0.0,4.52400016784668
2024-12-23,4.550000190734863,4.598999977111816,4.533999919891357,4.598999977111816,0.0,4.598999977111816
2024-12-24,4.609000205993652,4.629000186920166,4.583000183105469,4.591000080108643,0.0,4.591000080108643
2024-12-25,,,,,,
2024-12-26,4.63100004196167,4.640999794006348,4.572999954223633,4.578999996185303,0.0,4.578999996185303
2024-12-27,4.603000164031982,4.623000144958496,4.574999809265137,4.61899995803833,0.0,4.61899995803833
2024-12-30,4.577000141143799,4.577000141143799,4.5370001792907715,4.545000076293945,0.0,4.545000076293945
2024-12-31,4.5289998054504395,4.586999893188477,4.520999908447266,4.572999954223633,0.0,4.572999954223633
2025-01-01,,,,,,
2025-01-02,4.520999908447266,4.598999977111816,4.517000198364258,4.574999809265137,0.0,4.574999809265137
2025-01-03,4.545000076293945,4.599999904632568,4.539000034332275,4.5960001945495605,0.0,4.5960001945495605
2025-01-06,4.585000038146973,4.644000053405762,4.578999996185303,4.618000030517578,0.0,4.618000030517578
2025-01-07,4.633999824523926,4.698999881744385,4.625999927520752,4.683000087738037,0.0,4.683000087738037
2025-01-08,4.704999923706055,4.716000080108643,4.672999858856201,4.692999839782715,0.0,4.692999839782715
2025-01-09,,,,,,
2025-01-10,4.693999767303467,4.789999961853027,4.693999767303467,4.776000022888184,0.0,4.776000022888184
2025-01-13,4.76800012588501,4.804999828338623,4.758999824523926,4.802999973297119,0.0,4.802999973297119
2025-01-14,4.788000106811523,4.809000015258789,4.755000114440918,4.788000106811523,0.0,4.788000106811523
2025-01-15,4.76200008392334,4.77400016784668,4.63700008392334,4.6529998779296875,0.0,4.6529998779296875
2025-01-16,4.684000015258789,4.693999767303467,4.5879998207092285,4.605999946594238,0.0,4.605999946594238
2025-01-17,4.572000026702881,4.625,4.567999839782715,4.609000205993652,0.0,4.609000205993652
2025-01-20,,,,,,
2025-01-21,4.573999881744385,4.585000038146973,4.552000045776367,4.573999881744385,0.0,4.573999881744385
2025-01-22,4.559999942779541,4.617000102996826,4.559999942779541,4.598999977111816,0.0,4.598999977111816
2025-01-23,4.638000011444092,4.664000034332275,4.617000102996826,4.638000011444092,0.0,4.638000011444092
2025-01-24,4.642000198364258,4.6620001792907715,4.605000019073486,4.625999927520752,0.0,4.625999927520752
2025-01-27,4.5320000648498535,4.565000057220459,4.521999835968018,4.5279998779296875,0.0,4.5279998779296875
2025-01-28,4.568999767303467,4.578999996185303,4.545000076293945,4.551000118255615,0.0,4.551000118255615
2025-01-29,4.526000022888184,4.591000080108643,4.510000228881836,4.554999828338623,0.0,4.554999828338623
2025-01-30,4.49399995803833,4.5370001792907715,4.48799991607666,4.51200008392334,0.0,4.51200008392334
2025-01-31,4.525000095367432,4.568999767303467,4.501999855041504,4.568999767303467,0.0,4.568999767303467
2025-02-03,4.50600004196167,4.557000160217285,4.461999893188477,4.543000221252441,0.0,4.543000221252441
2025-02-04,4.577000141143799,4.5980000495910645,4.508999824523926,4.513000011444092,0.0,4.513000011444092
2025-02-05,4.464000225067139,4.473999977111816,4.400000095367432,4.421999931335449,0.0,4.421999931335449
2025-02-06,4.447999954223633,4.460000038146973,4.4120001792907715,4.440000057220459,0.0,4.440000057220459
2025-02-07,4.443999767303467,4.513000011444092,4.3979997634887695,4.486999988555908,0.0,4.486999988555908
2025-02-10,4.491000175476074,4.499000072479248,4.458000183105469,4.493000030517578,0.0,4.493000030517578
2025-02-11,4.534999847412109,4.546999931335449,4.525000095367432,4.5370001792907715,0.0,4.5370001792907715
2025-02-12,4.534999847412109,4.659999847412109,4.5269999504089355,4.63700008392334,0.0,4.63700008392334
2025-02-13,4.60099983215332,4.61899995803833,4.514999866485596,4.525000095367432,0.0,4.525000095367432
2025-02-14,4.531000137329102,4.5329999923706055,4.447000026702881,4.4720001220703125,0.0,4.4720001220703125
2025-02-17,,,,,,
2025-02-18,4.519000053405762,4.546000003814697,4.506999969482422,4.544000148773193,0.0,4.544000148773193
2025-02-19,4.565999984741211,4.576000213623047,4.5289998054504395,4.534999847412109,0.0,4.534999847412109
2025-02-20,4.506999969482422,4.525000095367432,4.492000102996826,4.5,0.0,4.5
2025-02-21,4.484000205993652,4.500999927520752,4.406000137329102,4.420000076293945,0.0,4.420000076293945
2025-02-24,4.436999797821045,4.451000213623047,4.388999938964844,4.39300012588501,0.0,4.39300012588501
2025-02-25,4.328999996185303,4.335000038146973,4.2829999923706055,4.297999858856201,0.0,4.297999858856201
2025-02-26,4.290999889373779,4.314000129699707,4.247000217437744,4.249000072479248,0.0,4.249000072479248
2025-02-27,4.284999847412109,4.308000087738037,4.26800012588501,4.284999847412109,0.0,4.284999847412109
2025-02-28,4.25600004196167,4.2769999504089355,4.214000225067139,4.230999946594238,0.0,4.230999946594238
2025-03-03,4.254000186920166,4.25600004196167,4.170000076293945,4.179999828338623,0.0,4.179999828338623
2025-03-04,4.133999824523926,4.2179999351501465,4.105999946594238,4.210000038146973,0.0,4.210000038146973
2025-03-05,4.230999946594238,4.283999919891357,4.184999942779541,4.264999866485596,0.0,4.264999866485596
2025-03-06,4.2769999504089355,4.343999862670898,4.267000198364258,4.285999774932861,0.0,4.285999774932861
2025-03-07,4.250999927520752,4.328000068664551,4.210999965667725,4.316999912261963,0.0,4.316999912261963
2025-03-10,4.23199987411499,4.250999927520752,4.197999954223633,4.2129998207092285,0.0,4.2129998207092285
2025-03-11,4.23799991607666,4.295000076293945,4.188000202178955,4.288000106811523,0.0,4.288000106811523
2025-03-12,4.309000015258789,4.331999778747559,4.250999927520752,4.317999839782715,0.0,4.317999839782715
2025-03-13,4.329999923706055,4.353000164031982,4.258999824523926,4.27400016784668,0.0,4.27400016784668
2025-03-14,4.315999984741211,4.323999881744385,4.290999889373779,4.308000087738037,0.0,4.308000087738037
2025-03-17,4.2789998054504395,4.330999851226807,4.257999897003174,4.306000232696533,0.0,4.306000232696533
2025-03-18,4.320000171661377,4.339000225067139,4.265999794006348,4.281000137329102,0.0,4.281000137329102
2025-03-19,4.293000221252441,4.322999954223633,4.251999855041504,4.25600004196167,0.0,4.25600004196167
2025-03-20,4.190999984741211,4.245999813079834,4.173999786376953,4.232999801635742,0.0,4.232999801635742
2025-03-21,4.210000038146973,4.25600004196167,4.199999809265137,4.251999855041504,0.0,4.251999855041504
2025-03-24,4.302000045776367,4.339000225067139,4.288000106811523,4.330999851226807,0.0,4.330999851226807
2025-03-25,4.361999988555908,4.363999843597412,4.297999858856201,4.307000160217285,0.0,4.307000160217285
2025-03-26,4.3480000495910645,4.361999988555908,4.327000141143799,4.3379998207092285,0.0,4.3379998207092285
2025-03-27,4.385000228881836,4.38700008392334,4.355999946594238,4.36899995803833,0.0,4.36899995803833
2025-03-28,4.326000213623047,4.340000152587891,4.250999927520752,4.255000114440918,0.0,4.255000114440918
2025-03-31,4.203000068664551,4.258999824523926,4.191999912261963,4.245999813079834,0.0,4.245999813079834
2025-04-01,4.158999919891357,4.185999870300293,4.132999897003174,4.156000137329102,0.0,4.156000137329102
2025-04-02,4.142000198364258,4.22599983215332,4.110000133514404,4.196000099182129,0.0,4.196000099182129
2025-04-03,4.073999881744385,4.073999881744385,4.004000186920166,4.054999828338623,0.0,4.054999828338623
2025-04-04,3.9119999408721924,4.014999866485596,3.885999917984009,3.984999895095825,0.0,3.984999895095825
2025-04-07,3.9769999980926514,4.210000038146973,3.9719998836517334,4.15500020980835,0.0,4.15500020980835
2025-04-08,4.2179999351501465,4.275000095367432,4.164000034332275,4.26200008392334,0.0,4.26200008392334
2025-04-09,4.455999851226807,4.473999977111816,4.3429999351501465,4.400000095367432,0.0,4.400000095367432
2025-04-10,4.328000068664551,4.400000095367432,4.289000034332275,4.394000053405762,0.0,4.394000053405762
2025-04-11,4.440000057220459,4.5920000076293945,4.427000045776367,4.493000030517578,0.0,4.493000030517578
2025-04-14,4.438000202178955,4.458000183105469,4.360000133514404,4.363999843597412,0.0,4.363999843597412
2025-04-15,4.380000114440918,4.39900016784668,4.308000087738037,4.322999954223633,0.0,4.322999954223633
2025-04-16,4.315999984741211,4.3520002365112305,4.275000095367432,4.2789998054504395,0.0,4.2789998054504395
2025-04-17,4.291999816894531,4.343999862670898,4.2779998779296875,4.333000183105469,0.0,4.333000183105469
2025-04-18,,,,,,
2025-04-21,4.396999835968018,4.4070000648498535,4.333000183105469,4.40500020980835,0.0,4.40500020980835
2025-04-22,4.4070000648498535,4.4070000648498535,4.370999813079834,4.388999938964844,0.0,4.388999938964844
2025-04-23,4.291999816894531,4.39900016784668,4.261000156402588,4.38700008392334,0.0,4.38700008392334
2025-04-24,4.343999862670898,4.3480000495910645,4.302999973297119,4.304999828338623,0.0,4.304999828338623
2025-04-25,4.2820000648498535,4.293000221252441,4.250999927520752,4.265999794006348,0.0,4.265999794006348
2025-04-28,4.28000020980835,4.295000076293945,4.214000225067139,4.216000080108643,0.0,4.216000080108643
2025-04-29,4.2270002365112305,4.244999885559082,4.164000034332275,4.172999858856201,0.0,4.172999858856201
2025-04-30,4.138999938964844,4.229000091552734,4.135000228881836,4.177000045776367,0.0,4.177000045776367
2025-05-01,4.150000095367432,4.241000175476074,4.124000072479248,4.230999946594238,0.0,4.230999946594238
2025-05-02,4.224999904632568,4.331999778747559,4.224999904632568,4.322000026702881,0.0,4.322000026702881
2025-05-05,4.301000118255615,4.370999813079834,4.297999858856201,4.3429999351501465,0.0,4.3429999351501465
2025-05-06,4.336999893188477,4.36299991607666,4.306000232696533,4.308000087738037,0.0,4.308000087738037
2025-05-07,4.320000171661377,4.328000068664551,4.260000228881836,4.275000095367432,0.0,4.275000095367432
2025-05-08,4.300000190734863,4.383999824523926,4.2829999923706055,4.373000144958496,0.0,4.373000144958496
2025-05-09,4.392000198364258,4.3979997634887695,4.3429999351501465,4.375,0.0,4.375
2025-05-12,4.460999965667725,4.468999862670898,4.428999900817871,4.456999778747559,0.0,4.456999778747559
2025-05-13,4.453000068664551,4.505000114440918,4.428999900817871,4.499000072479248,0.0,4.499000072479248
2025-05-14,4.4770002365112305,4.53000020980835,4.4770002365112305,4.5279998779296875,0.0,4.5279998779296875
2025-05-15,4.513000011444092,4.541999816894531,4.440999984741211,4.454999923706055,0.0,4.454999923706055
2025-05-16,4.395999908447266,4.445000171661377,4.388000011444092,4.440999984741211,0.0,4.440999984741211
2025-05-19,4.548999786376953,4.561999797821045,4.4710001945495605,4.474999904632568,0.0,4.474999904632568
2025-05-20,4.474999904632568,4.5229997634887695,4.4730000495910645,4.480999946594238,0.0,4.480999946594238
2025-05-21,4.543000221252441,4.604000091552734,4.5229997634887695,4.5960001945495605,0.0,4.5960001945495605
2025-05-22,4.61299991607666,4.629000186920166,4.540999889373779,4.552999973297119,0.0,4.552999973297119
2025-05-23,4.4730000495910645,4.5269999504089355,4.465000152587891,4.508999824523926,0.0,4.508999824523926
2025-05-26,,,,,,
2025-05-27,4.468999862670898,4.486999988555908,4.432000160217285,4.434000015258789,0.0,4.434000015258789
2025-05-28,4.443999767303467,4.500999927520752,4.438000202178955,4.4770002365112305,0.0,4.4770002365112305
2025-05-29,4.497000217437744,4.499000072479248,4.415999889373779,4.423999786376953,0.0,4.423999786376953
2025-05-30,4.421999931335449,4.441999912261963,4.394000053405762,4.415999889373779,0.0,4.415999889373779
2025-06-02,4.438000202178955,4.46999979019165,4.418000221252441,4.461999893188477,0.0,4.461999893188477
2025-06-03,4.409999847412109,4.473999977111816,4.406000137329102,4.460000038146973,0.0,4.460000038146973
2025-06-04,4.427999973297119,4.429999828338623,4.348999977111816,4.364999771118164,0.0,4.364999771118164
2025-06-05,4.3379998207092285,4.400000095367432,4.317999839782715,4.394000053405762,0.0,4.394000053405762
2025-06-06,4.4029998779296875,4.51200008392334,4.400000095367432,4.510000228881836,0.0,4.510000228881836
2025-06-09,4.501999855041504,4.51800012588501,4.46999979019165,4.48199987411499,0.0,4.48199987411499
2025-06-10,4.449999809265137,4.48199987411499,4.440000057220459,4.473999977111816,0.0,4.473999977111816
2025-06-11,4.498000144958496,4.50600004196167,4.4070000648498535,4.4120001792907715,0.0,4.4120001792907715
2025-06-12,4.367000102996826,4.38700008392334,4.343999862670898,4.35699987411499,0.0,4.35699987411499
2025-06-13,4.343999862670898,4.446000099182129,4.340000152587891,4.423999786376953,0.0,4.423999786376953
2025-06-16,4.441999912261963,4.453999996185303,4.4029998779296875,4.452000141143799,0.0,4.452000141143799
2025-06-17,4.4029998779296875,4.441999912261963,4.38100004196167,4.39300012588501,0.0,4.39300012588501
2025-06-18,4.364999771118164,4.39900016784668,4.3460001945495605,4.396999835968018,0.0,4.396999835968018
2025-06-19,,,,,,
2025-06-20,4.436999797821045,4.442999839782715,4.361000061035156,4.375,0.0,4.375
2025-06-23,4.361000061035156,4.361000061035156,4.290999889373779,4.320000171661377,0.0,4.320000171661377
2025-06-24,4.3520002365112305,4.370999813079834,4.284999847412109,4.293000221252441,0.0,4.293000221252441
2025-06-25,4.308000087738037,4.3379998207092285,4.293000221252441,4.293000221252441,0.0,4.293000221252441
2025-06-26,4.2769999504089355,4.293000221252441,4.25,4.252999782562256,0.0,4.252999782562256
2025-06-27,4.270999908447266,4.293000221252441,4.239999771118164,4.2829999923706055,0.0,4.2829999923706055
2025-06-30,4.252999782562256,4.2769999504089355,4.230000019073486,4.230000019073486,0.0,4.230000019073486
2025-07-01,4.206999778747559,4.2769999504089355,4.204999923706055,4.250999927520752,0.0,4.250999927520752
2025-07-02,4.269000053405762,4.308000087738037,4.263000011444092,4.293000221252441,0.0,4.293000221252441
2025-07-03,4.256999969482422,4.363999843597412,4.255000114440918,4.3480000495910645,0.0,4.3480000495910645
2025-07-04,,,,,,
2025-07-07,4.363999843597412,4.39900016784668,4.349999904632568,4.394999980926514,0.0,4.394999980926514
2025-07-08,4.414999961853027,4.434999942779541,4.413000106811523,4.414999961853027,0.0,4.414999961853027
2025-07-09,4.416999816894531,4.422999858856201,4.340000152587891,4.3420000076293945,0.0,4.3420000076293945
2025-07-10,4.3460001945495605,4.375999927520752,4.3420000076293945,4.3460001945495605,0.0,4.3460001945495605
2025-07-11,4.388000011444092,4.425000190734863,4.380000114440918,4.422999858856201,0.0,4.422999858856201
2025-07-14,4.433000087738037,4.447000026702881,4.4029998779296875,4.427000045776367,0.0,4.427000045776367
2025-07-15,4.431000232696533,4.491000175476074,4.395999908447266,4.488999843597412,0.0,4.488999843597412
2025-07-16,4.474999904632568,4.488999843597412,4.436999797821045,4.454999923706055,0.0,4.454999923706055
2025-07-17,4.4770002365112305,4.493000030517578,4.428999900817871,4.4629998207092285,0.0,4.4629998207092285
2025-07-18,4.423999786376953,4.441999912261963,4.415999889373779,4.432000160217285,0.0,4.432000160217285
2025-07-21,4.368000030517578,4.383999824523926,4.3520002365112305,4.372000217437744,0.0,4.372000217437744
2025-07-22,4.372000217437744,4.377999782562256,4.328000068664551,4.335999965667725,0.0,4.335999965667725
2025-07-23,4.357999801635742,4.3979997634887695,4.357999801635742,4.388000011444092,0.0,4.388000011444092
2025-07-24,4.4079999923706055,4.441999912261963,4.394000053405762,4.4079999923706055,0.0,4.4079999923706055
2025-07-25,4.415999889373779,4.429999828338623,4.381999969482422,4.386000156402588,0.0,4.386000156402588
2025-07-28,4.400000095367432,4.420000076293945,4.392000198364258,4.420000076293945,0.0,4.420000076293945
2025-07-29,4.381999969482422,4.4039998054504395,4.326000213623047,4.329999923706055,0.0,4.329999923706055
2025-07-30,4.343999862670898,4.380000114440918,4.331999778747559,4.375999927520752,0.0,4.375999927520752
2025-07-31,4.343999862670898,4.360000133514404,4.326000213623047,4.360000133514404,0.0,4.360000133514404
2025-08-01,4.4039998054504395,4.4079999923706055,4.216000080108643,4.21999979019165,0.0,4.21999979019165
2025-08-04,4.223999977111816,4.236000061035156,4.197999954223633,4.199999809265137,0.0,4.199999809265137
2025-08-05,4.211999893188477,4.22599983215332,4.188000202178955,4.196000099182129,0.0,4.196000099182129
2025-08-06,4.230000019073486,4.281000137329102,4.214000225067139,4.21999979019165,0.0,4.21999979019165
2025-08-07,4.236999988555908,4.254000186920166,4.2210001945495605,4.24399995803833,0.0,4.24399995803833
2025-08-08,4.260000228881836,4.289000034332275,4.254000186920166,4.284999847412109,0.0,4.284999847412109
2025-08-11,4.269000053405762,4.284999847412109,4.257999897003174,4.2729997634887695,0.0,4.2729997634887695
2025-08-12,4.293000221252441,4.317999839782715,4.245999813079834,4.293000221252441,0.0,4.293000221252441
2025-08-13,4.260000228881836,4.260000228881836,4.224999904632568,4.23799991607666,0.0,4.23799991607666
2025-08-14,4.208000183105469,4.296000003814697,4.203999996185303,4.293000221252441,0.0,4.293000221252441
2025-08-15,4.293000221252441,4.331999778747559,4.281000137329102,4.328000068664551,0.0,4.328000068664551
2025-08-18,4.297999858856201,4.35099983215332,4.295000076293945,4.341000080108643,0.0,4.341000080108643
2025-08-19,4.323999881744385,4.326000213623047,4.297999858856201,4.302000045776367,0.0,4.302000045776367
2025-08-20,4.297999858856201,4.309999942779541,4.275000095367432,4.296000003814697,0.0,4.296000003814697
2025-08-21,4.315999984741211,4.3470001220703125,4.296000003814697,4.329999923706055,0.0,4.329999923706055
2025-08-22,4.315999984741211,4.320000171661377,4.242000102996826,4.260000228881836,0.0,4.260000228881836
2025-08-25,4.281000137329102,4.295000076293945,4.267000198364258,4.275000095367432,0.0,4.275000095367432
2025-08-26,4.2769999504089355,4.290999889373779,4.254000186920166,4.257999897003174,0.0,4.257999897003174
2025-08-27,4.2729997634887695,4.290999889373779,4.236000061035156,4.23799991607666,0.0,4.23799991607666
2025-08-28,4.234000205993652,4.25,4.203000068664551,4.206999778747559,0.0,4.206999778747559
2025-08-29,4.228000164031982,4.242000102996826,4.215000152587891,4.2270002365112305,0.0,4.2270002365112305
2025-09-01,,,,,,
2025-09-02,4.297999858856201,4.306000232696533,4.260000228881836,4.2769999504089355,0.0,4.2769999504089355
2025-09-03,4.269000053405762,4.2829999923706055,4.203000068664551,4.210999965667725,0.0,4.210999965667725
2025-09-04,4.190000057220459,4.206999778747559,4.173999786376953,4.176000118255615,0.0,4.176000118255615
2025-09-05,4.138000011444092,4.138000011444092,4.063000202178955,4.085999965667725,0.0,4.085999965667725
2025-09-08,4.072000026702881,4.0879998207092285,4.044000148773193,4.046000003814697,0.0,4.046000003814697
2025-09-09,4.065000057220459,4.091000080108643,4.039999961853027,4.073999881744385,0.0,4.073999881744385
2025-09-10,4.0879998207092285,4.091000080108643,4.026000022888184,4.0320000648498535,0.0,4.0320000648498535
2025-09-11,4.051000118255615,4.064000129699707,3.996000051498413,4.011000156402588,0.0,4.011000156402588
2025-09-12,4.052999973297119,4.083000183105469,4.051000118255615,4.060999870300293,0.0,4.060999870300293
2025-09-15,4.059000015258789,4.059000015258789,4.03000020980835,4.033999919891357,0.0,4.033999919891357
2025-09-16,4.040999889373779,4.064000129699707,4.021999835968018,4.026000022888184,0.0,4.026000022888184
2025-09-17,4.02400016784668,4.080999851226807,3.992000102996826,4.076000213623047,0.0,4.076000213623047
2025-09-18,4.064000129699707,4.13700008392334,4.061999797821045,4.104000091552734,0.0,4.104000091552734
2025-09-19,4.13100004196167,4.14300012588501,4.116000175476074,4.138999938964844,0.0,4.138999938964844
2025-09-22,4.13100004196167,4.150000095367432,4.122000217437744,4.14300012588501,0.0,4.14300012588501
2025-09-23,4.135000228881836,4.14900016784668,4.110000133514404,4.119999885559082,0.0,4.119999885559082
2025-09-24,4.129000186920166,4.1519999504089355,4.126999855041504,4.146999835968018,0.0,4.146999835968018
2025-09-25,4.1539998054504395,4.201000213623047,4.150000095367432,4.171999931335449,0.0,4.171999931335449
2025-09-26,4.164000034332275,4.197000026702881,4.1519999504089355,4.186999797821045,0.0,4.186999797821045
2025-09-29,4.150000095367432,4.168000221252441,4.135000228881836,4.140999794006348,0.0,4.140999794006348
2025-09-30,4.132999897003174,4.1519999504089355,4.105999946594238,4.1479997634887695,0.0,4.1479997634887695
2025-10-01,4.107999801635742,4.129000186920166,4.089000225067139,4.105999946594238,0.0,4.105999946594238
2025-10-02,4.105999946594238,4.126999855041504,4.083000183105469,4.0879998207092285,0.0,4.0879998207092285
2025-10-03,4.083000183105469,4.11899995803833,4.080999851226807,4.11899995803833,0.0,4.11899995803833
2025-10-06,4.1620001792907715,4.165999889373779,4.132999897003174,4.1620001792907715,0.0,4.1620001792907715
2025-10-07,4.164000034332275,4.171000003814697,4.11299991607666,4.126999855041504,0.0,4.126999855041504
2025-10-08,4.104000091552734,4.136000156402588,4.0960001945495605,4.129000186920166,0.0,4.129000186920166
2025-10-09,4.132999897003174,4.1519999504089355,4.126999855041504,4.1479997634887695,0.0,4.1479997634887695
2025-10-10,4.0980000495910645,4.105000019073486,4.044000148773193,4.051000118255615,0.0,4.051000118255615
2025-10-13,4.051000118255615,4.051000118255615,4.051000118255615,4.051000118255615,0.0,4.051000118255615
2025-10-14,4.019000053405762,4.051000118255615,4.014999866485596,4.021999835968018,0.0,4.021999835968018
2025-10-15,4.02400016784668,4.046999931335449,4.000999927520752,4.046000003814697,0.0,4.046000003814697
2025-10-16,4.019000053405762,4.051000118255615,3.9709999561309814,3.9760000705718994,0.0,3.9760000705718994
2025-10-17,3.994999885559082,4.017000198364258,3.990000009536743,4.006999969482422,0.0,4.006999969482422
2025-10-20,4.005000114440918,4.005000114440918,3.9860000610351562,3.9860000610351562,0.0,3.9860000610351562
2025-10-21,3.9760000705718994,3.9760000705718994,3.947000026702881,3.9630000591278076,0.0,3.9630000591278076
2025-10-22,3.9509999752044678,3.9779999256134033,3.947000026702881,3.953000068664551,0.0,3.953000068664551
2025-10-23,3.989000082015991,4.005000114440918,3.9779999256134033,3.990999937057495,0.0,3.990999937057495
2025-10-24,4.01200008392334,4.015999794006348,3.9639999866485596,3.996999979019165,0.0,3.996999979019165
2025-10-27,4.019999980926514,4.0329999923706055,3.994999885559082,3.996999979019165,0.0,3.996999979019165
2025-10-28,3.9830000400543213,4.004000186920166,3.9700000286102295,3.9830000400543213,0.0,3.9830000400543213
2025-10-29,3.994999885559082,4.058000087738037,3.9830000400543213,4.058000087738037,0.0,4.058000087738037
2025-10-30,4.098999977111816,4.116000175476074,4.067999839782715,4.0929999351501465,0.0,4.0929999351501465
2025-10-31,4.10099983215332,4.103000164031982,4.076000213623047,4.10099983215332,0.0,4.10099983215332
2025-11-03,4.105999946594238,4.122000217437744,4.0970001220703125,4.105999946594238,0.0,4.105999946594238
2025-11-04,4.0970001220703125,4.10099983215332,4.078999996185303,4.089000225067139,0.0,4.089000225067139
2025-11-05,4.0970001220703125,4.160999774932861,4.0929999351501465,4.1570000648498535,0.0,4.1570000648498535
2025-11-06,4.131999969482422,4.131999969482422,4.077000141143799,4.0929999351501465,0.0,4.0929999351501465
2025-11-07,4.086999893188477,4.111999988555908,4.065999984741211,4.0929999351501465,0.0,4.0929999351501465
2025-11-10,4.136000156402588,4.138000011444092,4.0980000495910645,4.110000133514404,0.0,4.110000133514404
2025-11-11,4.119999885559082,4.119999885559082,4.119999885559082,4.119999885559082,0.0,4.119999885559082
2025-11-12,4.074999809265137,4.091000080108643,4.056000232696533,4.065000057220459,0.0,4.065000057220459
2025-11-13,4.104000091552734,4.117000102996826,4.0879998207092285,4.111999988555908,0.0,4.111999988555908
2025-11-14,4.066999912261963,4.1479997634887695,4.065000057220459,4.1479997634887695,0.0,4.1479997634887695
2025-11-17,4.138999938964844,4.145999908447266,4.125,4.132999897003174,0.0,4.132999897003174
2025-11-18,4.105999946594238,4.138999938964844,4.085000038146973,4.123000144958496,0.0,4.123000144958496
2025-11-19,4.110000133514404,4.135000228881836,4.0980000495910645,4.132999897003174,0.0,4.132999897003174
2025-11-20,4.145999908447266,4.1620001792907715,4.085999965667725,4.105999946594238,0.0,4.105999946594238
2025-11-21,4.071000099182129,4.085999965667725,4.053999900817871,4.063000202178955,0.0,4.063000202178955
2025-11-24,4.056000232696533,4.060999870300293,4.0320000648498535,4.038000106811523,0.0,4.038000106811523
2025-11-25,4.013000011444092,4.0269999504089355,3.98799991607666,4.001999855041504,0.0,4.001999855041504
2025-11-26,4.0,4.041999816894531,3.996000051498413,3.997999906539917,0.0,3.997999906539917
2025-11-27,,,,,,
2025-11-28,3.990000009536743,4.035999774932861,3.990000009536743,4.017000198364258,0.0,4.017000198364258
2025-12-01,4.050000190734863,4.0980000495910645,4.050000190734863,4.0960001945495605,0.0,4.0960001945495605
2025-12-02,4.110000133514404,4.113999843597412,4.080999851226807,4.085999965667725,0.0,4.085999965667725
2025-12-03,4.053999900817871,4.085999965667725,4.052000045776367,4.057000160217285,0.0,4.057000160217285
2025-12-04,4.093999862670898,4.110000133514404,4.083000183105469,4.107999801635742,0.0,4.107999801635742
2025-12-05,4.118000030517578,4.144999980926514,4.0980000495910645,4.138999938964844,0.0,4.138999938964844
2025-12-08,4.14300012588501,4.191999912261963,4.14300012588501,4.171999931335449,0.0,4.171999931335449
2025-12-09,4.1620001792907715,4.190000057220459,4.14300012588501,4.185999870300293,0.0,4.185999870300293
2025-12-10,4.202000141143799,4.203999996185303,4.146999835968018,4.164000034332275,0.0,4.164000034332275
2025-12-11,4.13100004196167,4.14300012588501,4.1020002365112305,4.140999794006348,0.0,4.140999794006348
2025-12-12,4.177999973297119,4.199999809265137,4.177999973297119,4.193999767303467,0.0,4.193999767303467
2025-12-15,4.170000076293945,4.185999870300293,4.151000022888184,4.182000160217285,0.0,4.182000160217285
2025-12-16,4.170000076293945,4.196000099182129,4.14300012588501,4.14900016784668,0.0,4.14900016784668
2025-12-17,4.163000106811523,4.170000076293945,4.14300012588501,4.151000022888184,0.0,4.151000022888184
2025-12-18,4.125,4.13700008392334,4.107999801635742,4.116000175476074,0.0,4.116000175476074
2025-12-19,4.146999835968018,4.1570000648498535,4.130000114440918,4.151000022888184,0.0,4.151000022888184
2025-12-22,4.166999816894531,4.175000190734863,4.15500020980835,4.169000148773193,0.0,4.169000148773193
2025-12-23,4.151000022888184,4.202000141143799,4.151000022888184,4.169000148773193,0.0,4.169000148773193
2025-12-24,4.166999816894531,4.166999816894531,4.131999969482422,4.136000156402588,0.0,4.136000156402588
2025-12-25,,,,,,
2025-12-26,4.122000217437744,4.144999980926514,4.110000133514404,4.136000156402588,0.0,4.136000156402588
2025-12-29,4.116000175476074,4.130000114440918,4.107999801635742,4.116000175476074,0.0,4.116000175476074
2025-12-30,4.140999794006348,4.140999794006348,4.116000175476074,4.130000114440918,0.0,4.130000114440918
2025-12-31,4.125999927520752,4.172999858856201,4.125999927520752,4.163000106811523,0.0,4.163000106811523
2026-01-01,,,,,,
2026-01-02,4.160999774932861,4.197000026702881,4.158999919891357,4.186999797821045,0.0,4.186999797821045
2026-01-05,4.183000087738037,4.190999984741211,4.1529998779296875,4.164999961853027,0.0,4.164999961853027
2026-01-06,4.172999858856201,4.197000026702881,4.164999961853027,4.178999900817871,0.0,4.178999900817871
2026-01-07,4.131999969482422,4.160999774932861,4.124000072479248,4.138000011444092,0.0,4.138000011444092
2026-01-08,4.166999816894531,4.186999797821045,4.160999774932861,4.183000087738037,0.0,4.183000087738037
2026-01-09,4.186999797821045,4.210999965667725,4.158999919891357,4.171000003814697,0.0,4.171000003814697
2026-01-12,4.197000026702881,4.201000213623047,4.169000148773193,4.186999797821045,0.0,4.186999797821045
2026-01-13,4.192999839782715,4.195000171661377,4.156000137329102,4.171000003814697,0.0,4.171000003814697
2026-01-14,4.159999847412109,4.169000148773193,4.131999969482422,4.139999866485596,0.0,4.139999866485596
2026-01-15,4.138000011444092,4.164000034332275,4.136000156402588,4.159999847412109,0.0,4.159999847412109
2026-01-16,4.195000171661377,4.232999801635742,4.181000232696533,4.230999946594238,0.0,4.230999946594238
2026-01-19,,,,,,
2026-01-20,4.2789998054504395,4.310999870300293,4.269000053405762,4.295000076293945,0.0,4.295000076293945
2026-01-21,4.281000137329102,4.301000118255615,4.249000072479248,4.252999782562256,0.0,4.252999782562256
2026-01-22,4.258999824523926,4.2769999504089355,4.243000030517578,4.249000072479248,0.0,4.249000072479248
2026-01-23,4.236999988555908,4.263000011444092,4.232999801635742,4.238999843597412,0.0,4.238999843597412
2026-01-26,4.2129998207092285,4.229000091552734,4.203000068664551,4.2129998207092285,0.0,4.2129998207092285
2026-01-27,4.235000133514404,4.238999843597412,4.206999778747559,4.2230000495910645,0.0,4.2230000495910645
2026-01-28,4.235000133514404,4.270999908447266,4.235000133514404,4.250999927520752,0.0,4.250999927520752
2026-01-29,4.247000217437744,4.270999908447266,4.2230000495910645,4.2270002365112305,0.0,4.2270002365112305
2026-01-30,4.247000217437744,4.261000156402588,4.236000061035156,4.241000175476074,0.0,4.241000175476074
2026-02-02,4.236000061035156,4.281000137329102,4.230999946594238,4.275000095367432,0.0,4.275000095367432
2026-02-03,4.289999961853027,4.300000190734863,4.265999794006348,4.27400016784668,0.0,4.27400016784668
2026-02-04,4.26800012588501,4.289999961853027,4.261000156402588,4.275000095367432,0.0,4.275000095367432
2026-02-05,4.251999855041504,4.25600004196167,4.203999996185303,4.210000038146973,0.0,4.210000038146973
2026-02-06,4.203999996185303,4.223999977111816,4.193999767303467,4.205999851226807,0.0,4.205999851226807
2026-02-09,4.23799991607666,4.23799991607666,4.196000099182129,4.197999954223633,0.0,4.197999954223633
2026-02-10,4.176000118255615,4.176000118255615,4.135000228881836,4.146999835968018,0.0,4.146999835968018
2026-02-11,4.132999897003174,4.205999851226807,4.125,4.171999931335449,0.0,4.171999931335449
2026-02-12,4.1579999923706055,4.169000148773193,4.099999904632568,4.104000091552734,0.0,4.104000091552734
2026-02-13,4.099999904632568,4.105999946594238,4.046000003814697,4.056000232696533,0.0,4.056000232696533
2026-02-16,,,,,,
2026-02-17,4.031000137329102,4.059999942779541,4.025000095367432,4.052000045776367,0.0,4.052000045776367
2026-02-18,4.064000129699707,4.0879998207092285,4.059999942779541,4.078999996185303,0.0,4.078999996185303
2026-02-19,4.104000091552734,4.105999946594238,4.065000057220459,4.074999809265137,0.0,4.074999809265137
2026-02-20,4.059999942779541,4.104000091552734,4.059999942779541,4.085999965667725,0.0,4.085999965667725
2026-02-23,4.074999809265137,4.074999809265137,4.01800012588501,4.0289998054504395,0.0,4.0289998054504395
2026-02-24,4.041999816894531,4.046000003814697,4.0269999504089355,4.0329999923706055,0.0,4.0329999923706055
2026-02-25,4.056000232696533,4.058000087738037,4.034999847412109,4.047999858856201,0.0,4.047999858856201
2026-02-26,4.041999816894531,4.047999858856201,4.013999938964844,4.017000198364258,0.0,4.017000198364258
2026-02-27,3.9790000915527344,3.99399995803833,3.9560000896453857,3.9619998931884766,0.0,3.9619998931884766
2026-03-02,3.997999906539917,4.066999912261963,3.996000051498413,4.047999858856201,0.0,4.047999858856201
2026-03-03,4.093999862670898,4.117000102996826,4.039999961853027,4.056000232696533,0.0,4.056000232696533
2026-03-04,4.077000141143799,4.0879998207092285,4.063000202178955,4.079999923706055,0.0,4.079999923706055
2026-03-05,4.132999897003174,4.1479997634887695,4.123000144958496,4.145999908447266,0.0,4.145999908447266
2026-03-06,4.164999961853027,4.186999797821045,4.105000019073486,4.132999897003174,0.0,4.132999897003174
2026-03-09,4.172999858856201,4.177000045776367,4.117000102996826,4.136000156402588,0.0,4.136000156402588
2026-03-10,4.131999969482422,4.1539998054504395,4.104000091552734,4.136000156402588,0.0,4.136000156402588
2026-03-11,4.177000045776367,4.22599983215332,4.164999961853027,4.208000183105469,0.0,4.208000183105469
2026-03-12,4.22599983215332,4.2729997634887695,4.216000080108643,4.2729997634887695,0.0,4.2729997634887695
2026-03-13,4.263000011444092,4.289999961853027,4.236000061035156,4.284999847412109,0.0,4.284999847412109
2026-03-16,4.236000061035156,4.244999885559082,4.2179999351501465,4.21999979019165,0.0,4.21999979019165
2026-03-17,4.216000080108643,4.216000080108643,4.189000129699707,4.202000141143799,0.0,4.202000141143799
2026-03-18,4.197000026702881,4.258999824523926,4.195000171661377,4.258999824523926,0.0,4.258999824523926
2026-03-19,4.308000087738037,4.326000213623047,4.256999969482422,4.281000137329102,0.0,4.281000137329102
2026-03-20,4.303999900817871,4.394000053405762,4.296000003814697,4.390999794006348,0.0,4.390999794006348
2026-03-23,4.375999927520752,4.395999908447266,4.311999797821045,4.334000110626221,0.0,4.334000110626221
2026-03-24,4.375999927520752,4.426000118255615,4.360000133514404,4.392000198364258,0.0,4.392000198364258
2026-03-25,4.334000110626221,4.349999904632568,4.314000129699707,4.328000068664551,0.0,4.328000068664551
2026-03-26,4.377999782562256,4.421999931335449,4.354000091552734,4.415999889373779,0.0,4.415999889373779
2026-03-27,4.461999893188477,4.484000205993652,4.409999847412109,4.440000057220459,0.0,4.440000057220459
2026-03-30,4.374000072479248,4.380000114440918,4.323999881744385,4.3420000076293945,0.0,4.3420000076293945
2026-03-31,4.307000160217285,4.331999778747559,4.2870001792907715,4.310999870300293,0.0,4.310999870300293
2026-04-01,4.293000221252441,4.334000110626221,4.293000221252441,4.318999767303467,0.0,4.318999767303467
2026-04-02,4.354000091552734,4.361999988555908,4.289000034332275,4.313000202178955,0.0,4.313000202178955
2026-04-03,,,,,,
2026-04-06,4.360000133514404,4.366000175476074,4.316999912261963,4.335000038146973,0.0,4.335000038146973
2026-04-07,4.34499979019165,4.380000114440918,4.324999809265137,4.3429999351501465,0.0,4.3429999351501465
2026-04-08,4.248000144958496,4.296999931335449,4.234000205993652,4.290999889373779,0.0,4.290999889373779
2026-04-09,4.296999931335449,4.321000099182129,4.260000228881836,4.293000221252441,0.0,4.293000221252441
2026-04-10,4.284999847412109,4.322999954223633,4.2769999504089355,4.316999912261963,0.0,4.316999912261963
2026-04-13,4.348999977111816,4.35099983215332,4.296999931335449,4.296999931335449,0.0,4.296999931335449
2026-04-14,4.296999931335449,4.304999828338623,4.251999855041504,4.25600004196167,0.0,4.25600004196167
2026-04-15,4.271999835968018,4.293000221252441,4.263999938964844,4.2820000648498535,0.0,4.2820000648498535
2026-04-16,4.276000022888184,4.316999912261963,4.265999794006348,4.309000015258789,0.0,4.309000015258789
2026-04-17,4.296999931335449,4.296999931335449,4.22599983215332,4.245999813079834,0.0,4.245999813079834
2026-04-20,4.26200008392334,4.27400016784668,4.24399995803833,4.25,0.0,4.25
2026-04-21,4.271999835968018,4.309000015258789,4.26200008392334,4.291999816894531,0.0,4.291999816894531
2026-04-22,4.265999794006348,4.303999900817871,4.263999938964844,4.294000148773193,0.0,4.294000148773193
2026-04-23,4.306000232696533,4.35099983215332,4.285999774932861,4.322999954223633,0.0,4.322999954223633
2026-04-24,4.311999797821045,4.353000164031982,4.300000190734863,4.309999942779541,0.0,4.309999942779541
2026-04-27,4.311999797821045,4.349999904632568,4.309999942779541,4.335999965667725,0.0,4.335999965667725
2026-04-28,4.370999813079834,4.377999782562256,4.35099983215332,4.354000091552734,0.0,4.354000091552734
2026-04-29,4.361999988555908,4.432000160217285,4.361999988555908,4.418000221252441,0.0,4.418000221252441
2026-04-30,4.392000198364258,4.409999847412109,4.381999969482422,4.389999866485596,0.0,4.389999866485596
2026-05-01,4.368000030517578,4.4039998054504395,4.3420000076293945,4.377999782562256,0.0,4.377999782562256
2026-05-04,4.400000095367432,4.464000225067139,4.389999866485596,4.446000099182129,0.0,4.446000099182129
2026-05-05,4.426000118255615,4.429999828338623,4.406000137329102,4.415999889373779,0.0,4.415999889373779
2026-05-06,4.366000175476074,4.372000217437744,4.3480000495910645,4.355999946594238,0.0,4.355999946594238
2026-05-07,4.334000110626221,4.395999908447266,4.314000129699707,4.392000198364258,0.0,4.392000198364258
2026-05-08,4.372000217437744,4.388000011444092,4.345999717712402,4.366000175476074,0.0,4.366000175476074
