date,nasdaq,sox,vix,us_rate,usd_krw
2010-12-31,2652.8701171875,411.82000732421875,17.75,,1127.0999755859375
2011-01-01,,,,0.17,
2011-01-03,2691.52001953125,415.04998779296875,17.610000610351562,,1122.4000244140625
2011-01-04,2681.25,415.5799865722656,17.3799991607666,,1124.800048828125
2011-01-05,2702.199951171875,417.0899963378906,17.020000457763672,,1122.0
2011-01-06,2709.889892578125,424.7699890136719,17.399999618530273,,1128.0
2011-01-07,2703.169921875,425.760009765625,17.139999389648438,,1125.800048828125
2011-01-10,2707.800048828125,430.1700134277344,17.540000915527344,,1124.0
2011-01-11,2716.830078125,431.5199890136719,16.889999389648438,,1125.4000244140625
2011-01-12,2737.330078125,440.010009765625,16.239999771118164,,1124.300048828125
2011-01-13,2735.2900390625,439.82000732421875,16.389999389648438,,1105.5999755859375
2011-01-14,2755.300048828125,451.5899963378906,15.460000038146973,,1110.9000244140625
2011-01-17,,,,,1091.4000244140625
2011-01-18,2765.85009765625,449.92999267578125,15.869999885559082,,1115.4000244140625
2011-01-19,2725.360107421875,439.3299865722656,17.309999465942383,,1111.9000244140625
2011-01-20,2704.2900390625,434.7699890136719,17.989999771118164,,1116.0
2011-01-21,2689.5400390625,431.6499938964844,18.469999313354492,,1100.199951171875
2011-01-24,2717.550048828125,442.4200134277344,17.649999618530273,,1114.0999755859375
2011-01-25,2719.25,439.1199951171875,17.59000015258789,,1120.0999755859375
2011-01-26,2739.5,442.94000244140625,16.639999389648438,,1117.300048828125
2011-01-27,2755.280029296875,451.2799987792969,16.149999618530273,,1114.5
2011-01-28,2686.889892578125,438.6099853515625,20.040000915527344,,1110.800048828125
2011-01-31,2700.080078125,440.510009765625,19.530000686645508,,1117.4000244140625
2011-02-01,2751.18994140625,451.8299865722656,17.6299991607666,0.16,1118.5999755859375
2011-02-02,2749.56005859375,453.9100036621094,17.299999237060547,,1109.9000244140625
2011-02-03,2753.8798828125,453.6600036621094,16.690000534057617,,1109.9000244140625
2011-02-04,2769.300048828125,463.1099853515625,15.930000305175781,,1115.5999755859375
2011-02-07,2783.989990234375,461.25,16.280000686645508,,1113.4000244140625
2011-02-08,2797.050048828125,460.8999938964844,15.8100004196167,,1099.9000244140625
2011-02-09,2789.070068359375,457.6000061035156,15.869999885559082,,1104.4000244140625
2011-02-10,2790.449951171875,459.25,16.09000015258789,,1104.0
2011-02-11,2809.43994140625,462.82000732421875,15.6899995803833,,1122.800048828125
2011-02-14,2817.179931640625,466.3999938964844,15.949999809265137,,1125.800048828125
2011-02-15,2804.35009765625,461.3800048828125,16.3700008392334,,1124.800048828125
2011-02-16,2825.56005859375,466.55999755859375,16.719999313354492,,1121.0
2011-02-17,2831.580078125,473.2200012207031,16.59000015258789,,1114.5
2011-02-18,2833.949951171875,471.4599914550781,16.43000030517578,,1113.0
2011-02-21,,,,,1107.0999755859375
2011-02-22,2756.419921875,452.80999755859375,20.799999237060547,,1117.4000244140625
2011-02-23,2722.989990234375,444.2699890136719,22.1299991607666,,1126.5
2011-02-24,2737.89990234375,451.8999938964844,21.31999969482422,,1126.0999755859375
2011-02-25,2781.050048828125,463.69000244140625,19.219999313354492,,1129.9000244140625
2011-02-28,2782.27001953125,458.6199951171875,18.350000381469727,,1127.0999755859375
2011-03-01,2737.409912109375,449.7799987792969,21.010000228881836,0.14,1121.199951171875
2011-03-02,2748.070068359375,456.0899963378906,20.700000762939453,,1126.0
2011-03-03,2798.739990234375,464.7699890136719,18.600000381469727,,1122.5
2011-03-04,2784.669921875,459.82000732421875,19.059999465942383,,1115.9000244140625
2011-03-07,2745.6298828125,447.3500061035156,20.65999984741211,,1116.0
2011-03-08,2765.77001953125,447.94000244140625,19.81999969482422,,1118.4000244140625
2011-03-09,2751.719970703125,434.3500061035156,20.219999313354492,,1115.300048828125
2011-03-10,2701.02001953125,423.7300109863281,21.8799991607666,,1115.800048828125
2011-03-11,2715.610107421875,427.9100036621094,20.079999923706055,,1125.0
2011-03-14,2700.969970703125,427.1700134277344,21.1299991607666,,1119.300048828125
2011-03-15,2667.330078125,421.7900085449219,24.31999969482422,,1126.0999755859375
2011-03-16,2616.820068359375,412.44000244140625,29.399999618530273,,1136.199951171875
2011-03-17,2636.050048828125,417.9700012207031,26.3700008392334,,1138.5999755859375
2011-03-18,2643.669921875,419.20001220703125,24.440000534057617,,1131.800048828125
2011-03-21,2692.090087890625,426.7900085449219,20.610000610351562,,1124.5999755859375
2011-03-22,2683.8701171875,422.9100036621094,20.209999084472656,,1118.300048828125
2011-03-23,2698.300048828125,426.94000244140625,19.170000076293945,,1123.5
2011-03-24,2736.419921875,437.4100036621094,18.0,,1124.9000244140625
2011-03-25,2743.06005859375,436.2699890136719,17.90999984741211,,1119.0999755859375
2011-03-27,,,,,1113.4000244140625
2011-03-28,2730.679931640625,436.75,19.440000534057617,,1112.9000244140625
2011-03-29,2756.889892578125,441.0400085449219,18.15999984741211,,1109.5999755859375
2011-03-30,2776.7900390625,441.3800048828125,17.709999084472656,,1098.300048828125
2011-03-31,2781.070068359375,437.3599853515625,17.739999771118164,,1099.199951171875
2011-04-01,2789.60009765625,432.8500061035156,17.399999618530273,0.1,
2011-04-03,,,,,1085.199951171875
2011-04-04,2789.18994140625,429.04998779296875,17.5,,1086.5
2011-04-05,2791.18994140625,438.7799987792969,17.25,,1087.199951171875
2011-04-06,2799.820068359375,445.5,16.899999618530273,,1083.300048828125
2011-04-07,2796.139892578125,443.25,17.110000610351562,,1087.699951171875
2011-04-08,2780.419921875,439.5799865722656,17.8700008392334,,
2011-04-10,,,,,1079.5999755859375
2011-04-11,2771.510009765625,435.8800048828125,16.59000015258789,,1087.0
2011-04-12,2744.7900390625,426.7799987792969,17.09000015258789,,1090.0
2011-04-13,2761.52001953125,427.8900146484375,16.920000076293945,,1088.300048828125
2011-04-14,2760.219970703125,428.4100036621094,16.270000457763672,,
2011-04-15,2764.64990234375,431.2300109863281,15.319999694824219,,
2011-04-17,,,,,1089.300048828125
2011-04-18,2735.3798828125,423.44000244140625,16.959999084472656,,1090.0999755859375
2011-04-19,2744.969970703125,425.260009765625,15.829999923706055,,1084.300048828125
2011-04-20,2802.510009765625,443.4200134277344,15.069999694824219,,1076.5
2011-04-21,2820.159912109375,443.20001220703125,14.6899995803833,,1081.0
2011-04-24,,,,,1080.800048828125
2011-04-25,2825.8798828125,443.4100036621094,15.770000457763672,,1079.300048828125
2011-04-26,2847.5400390625,450.4800109863281,15.619999885559082,,1078.0999755859375
2011-04-27,2869.8798828125,450.6400146484375,15.350000381469727,,1070.0
2011-04-28,2872.530029296875,447.5400085449219,14.619999885559082,,1068.800048828125
2011-04-29,2873.5400390625,449.55999755859375,14.75,,
2011-05-01,,,,0.09,1069.5999755859375
2011-05-02,2864.080078125,445.05999755859375,15.989999771118164,,1068.0
2011-05-03,2841.6201171875,439.42999267578125,16.700000762939453,,1073.699951171875
2011-05-04,2828.22998046875,439.70001220703125,17.079999923706055,,1077.699951171875
2011-05-05,2814.719970703125,440.3500061035156,18.200000762939453,,1083.699951171875
2011-05-06,2827.56005859375,443.6600036621094,18.399999618530273,,
2011-05-08,,,,,1095.5
2011-05-09,2843.25,442.3599853515625,17.15999984741211,,1075.0999755859375
2011-05-10,2871.889892578125,444.5899963378906,15.90999984741211,,1077.699951171875
2011-05-11,2845.06005859375,440.8900146484375,16.950000762939453,,1079.699951171875
2011-05-12,2863.0400390625,447.1300048828125,16.030000686645508,,1086.9000244140625
2011-05-13,2828.469970703125,440.95001220703125,17.06999969482422,,
2011-05-15,,,,,1091.0
2011-05-16,2782.31005859375,434.69000244140625,18.239999771118164,,1095.5999755859375
2011-05-17,2783.2099609375,429.4800109863281,17.549999237060547,,1062.699951171875
2011-05-18,2815.0,437.5899963378906,16.229999542236328,,1087.800048828125
2011-05-19,2823.31005859375,433.8699951171875,15.520000457763672,,1080.699951171875
2011-05-20,2803.320068359375,432.55999755859375,17.43000030517578,,
2011-05-22,,,,,1087.0
2011-05-23,2758.89990234375,423.3399963378906,18.270000457763672,,1095.199951171875
2011-05-24,2746.159912109375,420.2099914550781,17.81999969482422,,1093.0999755859375
2011-05-25,2761.3798828125,424.2099914550781,17.06999969482422,,1102.199951171875
2011-05-26,2782.919921875,428.239990234375,16.09000015258789,,1084.9000244140625
2011-05-27,2796.860107421875,433.0899963378906,15.979999542236328,,
2011-05-29,,,,,1080.4000244140625
2011-05-30,,,,,1075.300048828125
2011-05-31,2835.300048828125,439.6000061035156,15.449999809265137,,1073.4000244140625
2011-06-01,2769.18994140625,426.2799987792969,18.299999237060547,0.09,1082.800048828125
2011-06-02,2773.31005859375,426.4200134277344,18.09000015258789,,1076.5999755859375
2011-06-03,2732.780029296875,418.5199890136719,17.950000762939453,,
2011-06-05,,,,,1072.800048828125
2011-06-06,2702.56005859375,415.3399963378906,18.489999771118164,,1081.0999755859375
2011-06-07,2701.56005859375,417.6400146484375,18.06999969482422,,1079.9000244140625
2011-06-08,2675.3798828125,408.94000244140625,18.790000915527344,,1078.199951171875
2011-06-09,2684.8701171875,409.6199951171875,17.770000457763672,,1083.5999755859375
2011-06-10,2643.72998046875,402.79998779296875,18.860000610351562,,
2011-06-12,,,,,1071.300048828125
2011-06-13,2639.68994140625,399.0799865722656,19.610000610351562,,1081.199951171875
2011-06-14,2678.719970703125,406.75,18.260000228881836,,1083.4000244140625
2011-06-15,2631.4599609375,398.44000244140625,21.31999969482422,,1084.4000244140625
2011-06-16,2623.699951171875,393.8699951171875,22.729999542236328,,1087.5999755859375
2011-06-17,2616.47998046875,388.2099914550781,21.850000381469727,,
2011-06-19,,,,,1087.699951171875
2011-06-20,2629.659912109375,388.7300109863281,19.989999771118164,,1081.699951171875
2011-06-21,2687.260009765625,398.6099853515625,18.860000610351562,,1079.300048828125
2011-06-22,2669.18994140625,396.7300109863281,18.520000457763672,,1080.300048828125
2011-06-23,2686.75,402.55999755859375,19.290000915527344,,1074.800048828125
2011-06-24,2652.889892578125,392.5,21.100000381469727,,
2011-06-26,,,,,1079.199951171875
2011-06-27,2688.280029296875,395.2699890136719,20.559999465942383,,1081.9000244140625
2011-06-28,2729.31005859375,400.5199890136719,19.170000076293945,,1080.5
2011-06-29,2740.489990234375,400.1700134277344,17.270000457763672,,1068.9000244140625
2011-06-30,2773.52001953125,410.3500061035156,16.520000457763672,,1067.9000244140625
2011-07-01,2816.030029296875,419.1099853515625,15.869999885559082,0.07,
2011-07-03,,,,,1062.5999755859375
2011-07-04,,,,,1060.199951171875
2011-07-05,2825.77001953125,414.94000244140625,16.059999465942383,,1067.5999755859375
2011-07-06,2834.02001953125,411.7900085449219,16.34000015258789,,1065.800048828125
2011-07-07,2872.659912109375,420.3999938964844,15.949999809265137,,1062.0
2011-07-08,2859.81005859375,413.79998779296875,15.949999809265137,,
2011-07-10,,,,,1059.5999755859375
2011-07-11,2802.6201171875,406.7300109863281,18.389999389648438,,1056.0999755859375
2011-07-12,2781.909912109375,394.9599914550781,19.8700008392334,,1067.800048828125
2011-07-13,2796.919921875,393.8699951171875,19.90999984741211,,1049.5999755859375
2011-07-14,2762.669921875,387.760009765625,20.799999237060547,,1057.0999755859375
2011-07-15,2789.800048828125,390.07000732421875,19.530000686645508,,
2011-07-17,,,,,1059.199951171875
2011-07-18,2765.110107421875,384.6300048828125,20.950000762939453,,1056.300048828125
2011-07-19,2826.52001953125,397.4100036621094,19.209999084472656,,1058.0
2011-07-20,2814.22998046875,395.1099853515625,19.09000015258789,,1048.0
2011-07-21,2834.429931640625,398.8800048828125,17.559999465942383,,1050.4000244140625
2011-07-22,2858.830078125,408.55999755859375,17.520000457763672,,
2011-07-24,,,,,1032.300048828125
2011-07-25,2842.800048828125,403.0799865722656,19.350000381469727,,1052.0999755859375
2011-07-26,2839.9599609375,406.4700012207031,20.229999542236328,,1048.300048828125
2011-07-27,2764.7900390625,391.1300048828125,22.979999542236328,,1052.300048828125
2011-07-28,2766.25,390.5299987792969,23.739999771118164,,1049.0
2011-07-29,2756.3798828125,386.94000244140625,25.25,,
2011-07-31,,,,,1055.300048828125
2011-08-01,2744.610107421875,386.92999267578125,23.65999984741211,0.1,1046.800048828125
2011-08-02,2669.239990234375,375.1700134277344,24.790000915527344,,1056.4000244140625
2011-08-03,2693.070068359375,379.3900146484375,23.3799991607666,,1056.9000244140625
2011-08-04,2556.389892578125,357.32000732421875,31.65999984741211,,1067.4000244140625
2011-08-05,2532.409912109375,350.2200012207031,32.0,,
2011-08-07,,,,,1056.5
2011-08-08,2357.68994140625,331.3299865722656,48.0,,1087.699951171875
2011-08-09,2482.52001953125,346.69000244140625,35.060001373291016,,1076.699951171875
2011-08-10,2381.050048828125,339.5400085449219,42.9900016784668,,1084.4000244140625
2011-08-11,2492.679931640625,357.1199951171875,39.0,,1077.699951171875
2011-08-12,2507.97998046875,355.6199951171875,36.36000061035156,,
2011-08-14,,,,,1055.199951171875
2011-08-15,2555.199951171875,362.6499938964844,31.8700008392334,,1047.800048828125
2011-08-16,2523.449951171875,355.4100036621094,32.849998474121094,,1069.199951171875
2011-08-17,2511.47998046875,353.1000061035156,31.579999923706055,,1067.9000244140625
2011-08-18,2380.429931640625,332.2300109863281,42.66999816894531,,1075.800048828125
2011-08-19,2341.840087890625,326.32000732421875,43.04999923706055,,
2011-08-21,,,,,1089.199951171875
2011-08-22,2345.3798828125,328.94000244140625,42.439998626708984,,1084.5
2011-08-23,2446.06005859375,346.0899963378906,36.27000045776367,,1076.199951171875
2011-08-24,2467.68994140625,345.69000244140625,35.900001525878906,,1082.699951171875
2011-08-25,2419.6298828125,336.3299865722656,39.7599983215332,,1088.300048828125
2011-08-26,2479.85009765625,345.7799987792969,35.59000015258789,,
2011-08-28,,,,,1076.5999755859375
2011-08-29,2562.110107421875,358.44000244140625,32.279998779296875,,1072.199951171875
2011-08-30,2576.110107421875,358.2300109863281,32.88999938964844,,1071.800048828125
2011-08-31,2579.4599609375,355.7900085449219,31.6200008392334,,1065.800048828125
2011-09-01,2546.0400390625,349.8500061035156,31.81999969482422,0.08,1062.5
2011-09-02,2480.330078125,341.4599914550781,33.91999816894531,,
2011-09-04,,,,,1067.800048828125
2011-09-05,,,,,1071.800048828125
2011-09-06,2473.830078125,339.0899963378906,37.0,,1076.0
2011-09-07,2548.93994140625,354.260009765625,33.380001068115234,,1067.9000244140625
2011-09-08,2529.139892578125,352.1499938964844,34.31999969482422,,1078.5
2011-09-09,2467.989990234375,348.3999938964844,38.52000045776367,,
2011-09-11,,,,,1081.4000244140625
2011-09-12,2495.090087890625,358.9599914550781,38.59000015258789,,1074.300048828125
2011-09-13,2532.14990234375,366.1700134277344,36.90999984741211,,1075.800048828125
2011-09-14,2572.550048828125,375.7300109863281,34.599998474121094,,1104.300048828125
2011-09-15,2607.070068359375,381.0899963378906,31.969999313354492,,1111.9000244140625
2011-09-16,2622.31005859375,381.9100036621094,30.979999542236328,,
2011-09-18,,,,,1117.5
2011-09-19,2612.830078125,377.489990234375,32.72999954223633,,1141.699951171875
2011-09-20,2590.239990234375,372.760009765625,32.86000061035156,,1140.300048828125
2011-09-21,2538.18994140625,365.3699951171875,37.31999969482422,,1164.0
2011-09-22,2455.669921875,352.7799987792969,41.349998474121094,,1176.0999755859375
2011-09-23,2483.22998046875,359.95001220703125,41.25,,
2011-09-25,,,,,1161.5999755859375
2011-09-26,2516.68994140625,359.5,39.02000045776367,,1180.5999755859375
2011-09-27,2546.830078125,366.010009765625,37.709999084472656,,1166.5
2011-09-28,2491.580078125,355.3599853515625,41.08000183105469,,1179.699951171875
2011-09-29,2480.760009765625,350.82000732421875,38.84000015258789,,1177.0
2011-09-30,2415.39990234375,338.82000732421875,42.959999084472656,,
2011-10-01,,,,0.07,
2011-10-02,,,,,1187.5999755859375
2011-10-03,2335.830078125,326.3699951171875,45.45000076293945,,1187.199951171875
2011-10-04,2404.820068359375,340.2300109863281,40.81999969482422,,1152.5
2011-10-05,2460.510009765625,350.7799987792969,37.810001373291016,,1184.9000244140625
2011-10-06,2506.820068359375,355.1700134277344,36.27000045776367,,1180.199951171875
2011-10-07,2479.35009765625,356.7300109863281,36.20000076293945,,
2011-10-09,,,,,1163.800048828125
2011-10-10,2566.050048828125,366.7900085449219,33.02000045776367,,1170.9000244140625
2011-10-11,2583.030029296875,365.70001220703125,32.86000061035156,,1171.800048828125
2011-10-12,2604.72998046875,369.17999267578125,31.260000228881836,,1165.300048828125
2011-10-13,2620.239990234375,376.6000061035156,30.700000762939453,,1157.199951171875
2011-10-14,2667.85009765625,380.8599853515625,28.239999771118164,,
2011-10-16,,,,,1153.800048828125
2011-10-17,2614.919921875,370.30999755859375,33.38999938964844,,1150.4000244140625
2011-10-18,2657.429931640625,378.6600036621094,31.559999465942383,,1147.5
2011-10-19,2604.0400390625,370.1600036621094,34.439998626708984,,1133.5999755859375
2011-10-20,2598.6201171875,363.8800048828125,34.779998779296875,,1137.300048828125
2011-10-21,2637.4599609375,372.1000061035156,31.31999969482422,,
2011-10-23,,,,,1148.4000244140625
2011-10-24,2699.43994140625,384.6499938964844,29.260000228881836,,1132.800048828125
2011-10-25,2638.419921875,377.4599914550781,32.220001220703125,,1131.0999755859375
2011-10-26,2650.669921875,379.4800109863281,29.860000610351562,,1130.699951171875
2011-10-27,2738.6298828125,395.739990234375,25.459999084472656,,1106.300048828125
2011-10-28,2737.14990234375,396.3299865722656,24.530000686645508,,
2011-10-31,2684.409912109375,386.489990234375,29.959999084472656,,1104.0
2011-11-01,2606.9599609375,374.04998779296875,34.77000045776367,0.08,1116.9000244140625
2011-11-02,2639.97998046875,375.8800048828125,32.7400016784668,,1123.699951171875
2011-11-03,2697.969970703125,387.1499938964844,30.5,,1124.800048828125
2011-11-04,2686.14990234375,391.4800109863281,30.15999984741211,,1124.0
2011-11-07,2695.25,390.8699951171875,29.850000381469727,,1106.4000244140625
2011-11-08,2727.489990234375,393.2200012207031,27.479999542236328,,1115.699951171875
2011-11-09,2621.64990234375,375.0400085449219,36.15999984741211,,1113.9000244140625
2011-11-10,2625.14990234375,378.1499938964844,32.810001373291016,,1123.5
2011-11-11,2678.75,391.6000061035156,30.040000915527344,,1130.300048828125
2011-11-14,2657.219970703125,386.55999755859375,31.1299991607666,,1124.9000244140625
2011-11-15,2686.199951171875,392.2300109863281,31.219999313354492,,1125.5
2011-11-16,2639.610107421875,389.9200134277344,33.5099983215332,,1129.5
2011-11-17,2587.989990234375,374.3500061035156,34.5099983215332,,1139.0
2011-11-18,2572.5,371.25,32.0,,1136.800048828125
2011-11-21,2523.139892578125,364.20001220703125,32.90999984741211,,1137.4000244140625
2011-11-22,2521.280029296875,359.6600036621094,31.969999313354492,,1146.199951171875
2011-11-23,2460.080078125,348.1700134277344,33.97999954223633,,1144.800048828125
2011-11-24,,,,,1159.5999755859375
2011-11-25,2441.510009765625,344.1400146484375,34.470001220703125,,1155.300048828125
2011-11-28,2527.340087890625,355.1700134277344,32.130001068115234,,1155.5999755859375
2011-11-29,2515.510009765625,352.6199951171875,30.639999389648438,,1128.0
2011-11-30,2620.340087890625,373.32000732421875,27.799999237060547,,1140.300048828125
2011-12-01,2626.199951171875,375.30999755859375,27.40999984741211,0.07,1140.199951171875
2011-12-02,2626.929931640625,374.57000732421875,27.520000457763672,,1127.199951171875
2011-12-05,2655.760009765625,378.1199951171875,27.84000015258789,,1124.5999755859375
2011-12-06,2649.56005859375,377.4100036621094,28.1299991607666,,1130.5
2011-12-07,2649.2099609375,381.8500061035156,28.670000076293945,,1127.0
2011-12-08,2596.3798828125,371.1300048828125,30.59000015258789,,1127.0999755859375
2011-12-09,2646.85009765625,375.6700134277344,26.3799991607666,,1131.199951171875
2011-12-12,2612.260009765625,365.1499938964844,25.670000076293945,,1145.5999755859375
2011-12-13,2579.27001953125,356.5299987792969,25.40999984741211,,1134.5
2011-12-14,2539.31005859375,350.7300109863281,26.040000915527344,,1163.300048828125
2011-12-15,2541.010009765625,350.0400085449219,25.110000610351562,,1156.699951171875
2011-12-16,2555.330078125,352.8599853515625,24.290000915527344,,1154.9000244140625
2011-12-19,2523.139892578125,343.3599853515625,24.920000076293945,,1156.5
2011-12-20,2603.72998046875,358.7300109863281,23.219999313354492,,1175.800048828125
2011-12-21,2577.969970703125,354.45001220703125,21.43000030517578,,1155.5
2011-12-22,2599.449951171875,366.80999755859375,21.15999984741211,,1150.0
2011-12-23,2618.639892578125,368.6000061035156,20.729999542236328,,1152.0999755859375
2011-12-26,,,,,1148.0
2011-12-27,2625.199951171875,368.010009765625,21.90999984741211,,1147.5
2011-12-28,2589.97998046875,362.5899963378906,23.520000457763672,,1155.5
2011-12-29,2613.739990234375,365.92999267578125,22.649999618530273,,1155.699951171875
2011-12-30,2605.14990234375,364.44000244140625,23.399999618530273,,1155.4000244140625
2012-01-01,,,,0.08,
2012-01-02,,,,,1159.4000244140625
2012-01-03,2648.719970703125,368.6000061035156,22.969999313354492,,1152.5999755859375
2012-01-04,2648.360107421875,368.6600036621094,22.219999313354492,,1144.800048828125
2012-01-05,2669.860107421875,374.1700134277344,21.479999542236328,,1147.199951171875
2012-01-06,2674.219970703125,375.2200012207031,20.6299991607666,,1153.4000244140625
2012-01-09,2676.56005859375,382.5899963378906,21.06999969482422,,1163.5999755859375
2012-01-10,2702.5,386.2799987792969,20.690000534057617,,1156.199951171875
2012-01-11,2710.760009765625,387.8900146484375,21.049999237060547,,1156.0999755859375
2012-01-12,2724.699951171875,391.75,20.469999313354492,,1155.800048828125
2012-01-13,2710.669921875,383.4700012207031,20.90999984741211,,1150.5999755859375
2012-01-16,,,,,1153.5
2012-01-17,2728.080078125,385.2200012207031,22.200000762939453,,1151.5999755859375
2012-01-18,2769.7099609375,404.6000061035156,20.889999389648438,,1142.4000244140625
2012-01-19,2788.330078125,412.1099853515625,19.8700008392334,,1135.0999755859375
2012-01-20,2786.699951171875,414.3399963378906,18.280000686645508,,1130.4000244140625
2012-01-23,2784.169921875,413.0899963378906,18.670000076293945,,1138.0
2012-01-24,2786.639892578125,414.5400085449219,18.90999984741211,,1126.0
2012-01-25,2818.31005859375,416.45001220703125,18.309999465942383,,1127.300048828125
2012-01-26,2805.280029296875,411.94000244140625,18.56999969482422,,1117.699951171875
2012-01-27,2816.550048828125,413.3399963378906,18.530000686645508,,1125.199951171875
2012-01-30,2811.93994140625,408.739990234375,19.399999618530273,,1118.5
2012-01-31,2813.840087890625,408.94000244140625,19.440000534057617,,1125.699951171875
2012-02-01,2848.27001953125,418.739990234375,18.549999237060547,0.1,1123.0
2012-02-02,2859.679931640625,420.55999755859375,17.979999542236328,,1125.4000244140625
2012-02-03,2905.659912109375,427.989990234375,17.100000381469727,,1117.5999755859375
2012-02-06,2901.989990234375,421.8699951171875,17.760000228881836,,1114.199951171875
2012-02-07,2904.080078125,422.29998779296875,17.649999618530273,,1119.199951171875
2012-02-08,2915.860107421875,427.5899963378906,18.15999984741211,,1116.199951171875
2012-02-09,2927.22998046875,428.9800109863281,18.6299991607666,,1116.5
2012-02-10,2903.8798828125,420.1499938964844,20.790000915527344,,1118.300048828125
2012-02-13,2931.389892578125,421.7300109863281,19.040000915527344,,1119.0999755859375
2012-02-14,2931.830078125,423.4599914550781,19.540000915527344,,1119.5
2012-02-15,2915.830078125,425.4800109863281,21.139999389648438,,1125.5
2012-02-16,2959.85009765625,435.8800048828125,19.219999313354492,,1123.699951171875
2012-02-17,2951.780029296875,432.0400085449219,17.780000686645508,,1125.5999755859375
2012-02-20,,,,,1119.0
2012-02-21,2948.570068359375,426.0,18.190000534057617,,1120.699951171875
2012-02-22,2933.169921875,424.05999755859375,18.190000534057617,,1123.300048828125
2012-02-23,2956.97998046875,424.6700134277344,16.799999237060547,,1127.0999755859375
2012-02-24,2963.75,423.7900085449219,17.309999465942383,,1126.300048828125
2012-02-27,2966.159912109375,424.25,18.190000534057617,,1121.9000244140625
2012-02-28,2986.760009765625,430.989990234375,17.959999084472656,,1125.199951171875
2012-02-29,2966.889892578125,424.1700134277344,18.43000030517578,,1124.5999755859375
2012-03-01,2988.969970703125,424.7799987792969,17.260000228881836,0.13,1118.5999755859375
2012-03-02,2976.18994140625,420.3500061035156,17.290000915527344,,1113.699951171875
2012-03-05,2950.47998046875,409.6499938964844,18.049999237060547,,1095.699951171875
2012-03-06,2910.320068359375,405.95001220703125,20.8700008392334,,1117.5
2012-03-07,2935.68994140625,412.239990234375,19.06999969482422,,1122.800048828125
2012-03-08,2970.419921875,418.3500061035156,17.950000762939453,,1122.0
2012-03-09,2988.340087890625,422.8500061035156,17.110000610351562,,1114.5
2012-03-12,2983.659912109375,418.57000732421875,15.640000343322754,,1115.699951171875
2012-03-13,3039.8798828125,428.20001220703125,14.800000190734863,,1122.800048828125
2012-03-14,3040.72998046875,426.6499938964844,15.3100004196167,,1122.0999755859375
2012-03-15,3056.3701171875,434.989990234375,15.420000076293945,,1131.800048828125
2012-03-16,3055.260009765625,435.4100036621094,14.470000267028809,,1123.300048828125
2012-03-19,3078.320068359375,438.69000244140625,15.039999961853027,,1124.5
2012-03-20,3074.14990234375,435.5400085449219,15.579999923706055,,1119.0999755859375
2012-03-21,3075.320068359375,437.19000244140625,15.130000114440918,,1126.5999755859375
2012-03-22,3063.320068359375,434.5400085449219,15.569999694824219,,1129.199951171875
2012-03-23,3067.919921875,435.67999267578125,14.819999694824219,,1132.300048828125
2012-03-25,,,,,1107.9000244140625
2012-03-26,3122.570068359375,441.8800048828125,14.260000228881836,,1132.0999755859375
2012-03-27,3120.35009765625,441.6000061035156,15.59000015258789,,1135.300048828125
2012-03-28,3104.9599609375,436.1000061035156,15.470000267028809,,1136.199951171875
2012-03-29,3095.360107421875,436.8500061035156,15.479999542236328,,1138.0
2012-03-30,3091.570068359375,438.6400146484375,15.5,,
2012-04-01,,,,0.14,1129.5999755859375
2012-04-02,3119.699951171875,438.44000244140625,15.640000343322754,,1124.699951171875
2012-04-03,3113.570068359375,431.5,15.65999984741211,,1125.4000244140625
2012-04-04,3068.090087890625,421.8999938964844,16.440000534057617,,1130.0
2012-04-05,3080.5,423.20001220703125,16.700000762939453,,1129.4000244140625
2012-04-08,,,,,1127.699951171875
2012-04-09,3047.080078125,417.0799865722656,18.809999465942383,,1125.199951171875
2012-04-10,2991.219970703125,409.6499938964844,20.389999389648438,,1138.4000244140625
2012-04-11,3016.4599609375,416.4200134277344,20.020000457763672,,1142.5999755859375
2012-04-12,3055.550048828125,424.1600036621094,17.200000762939453,,1133.5
2012-04-13,3011.330078125,416.42999267578125,19.549999237060547,,
2012-04-15,,,,,1119.9000244140625
2012-04-16,2988.39990234375,416.70001220703125,19.549999237060547,,1134.800048828125
2012-04-17,3042.820068359375,423.20001220703125,18.459999084472656,,1133.0999755859375
2012-04-18,3031.449951171875,419.510009765625,18.639999389648438,,1139.5999755859375
2012-04-19,3007.56005859375,415.0299987792969,18.360000610351562,,1139.800048828125
2012-04-20,3000.449951171875,405.1700134277344,17.440000534057617,,
2012-04-22,,,,,1138.9000244140625
2012-04-23,2970.449951171875,400.1499938964844,18.969999313354492,,1140.5999755859375
2012-04-24,2961.60009765625,397.1000061035156,18.100000381469727,,1138.300048828125
2012-04-25,3029.6298828125,406.3999938964844,16.81999969482422,,1136.9000244140625
2012-04-26,3050.610107421875,415.20001220703125,16.239999771118164,,1131.699951171875
2012-04-27,3069.199951171875,415.9100036621094,16.31999969482422,,
2012-04-29,,,,,1131.699951171875
2012-04-30,3046.360107421875,413.3900146484375,17.149999618530273,,1129.0
2012-05-01,3050.43994140625,414.8699951171875,16.600000381469727,0.16,1129.0999755859375
2012-05-02,3059.85009765625,416.80999755859375,16.8799991607666,,1129.4000244140625
2012-05-03,3024.300048828125,406.489990234375,17.559999465942383,,1130.0999755859375
2012-05-04,2956.340087890625,397.94000244140625,19.15999984741211,,
2012-05-06,,,,,1120.300048828125
2012-05-07,2957.760009765625,396.9200134277344,18.940000534057617,,1137.5
2012-05-08,2946.27001953125,394.3599853515625,19.049999237060547,,1137.0
2012-05-09,2934.7099609375,393.1499938964844,20.079999923706055,,1143.300048828125
2012-05-10,2933.639892578125,391.739990234375,18.829999923706055,,1141.699951171875
2012-05-11,2933.820068359375,394.6000061035156,19.889999389648438,,
2012-05-13,,,,,1147.699951171875
2012-05-14,2902.580078125,390.30999755859375,21.8700008392334,,1152.5999755859375
2012-05-15,2893.760009765625,386.2900085449219,21.969999313354492,,1155.0
2012-05-16,2874.0400390625,379.82000732421875,22.270000457763672,,1165.4000244140625
2012-05-17,2813.68994140625,371.45001220703125,24.489999771118164,,1164.800048828125
2012-05-18,2778.7900390625,364.4800109863281,25.100000381469727,,
2012-05-20,,,,,1168.699951171875
2012-05-21,2847.2099609375,373.8500061035156,22.010000228881836,,1165.699951171875
2012-05-22,2839.080078125,370.9800109863281,22.479999542236328,,1165.5
2012-05-23,2850.1201171875,372.3299865722656,22.329999923706055,,1179.9000244140625
2012-05-24,2839.3798828125,367.07000732421875,21.540000915527344,,1176.0999755859375
2012-05-25,2837.530029296875,372.1099853515625,21.760000228881836,,
2012-05-27,,,,,1162.699951171875
2012-05-28,,,,,1183.5999755859375
2012-05-29,2870.989990234375,379.6600036621094,21.030000686645508,,1175.0999755859375
2012-05-30,2837.360107421875,372.20001220703125,24.139999389648438,,1179.699951171875
2012-05-31,2827.340087890625,368.3699951171875,24.059999465942383,,1179.0
2012-06-01,2747.47998046875,353.1700134277344,26.65999984741211,0.16,
2012-06-03,,,,,1184.5999755859375
2012-06-04,2760.010009765625,352.69000244140625,26.1200008392334,,1177.5
2012-06-05,2778.110107421875,360.5,24.68000030517578,,1177.4000244140625
2012-06-06,2844.719970703125,372.57000732421875,22.15999984741211,,1173.300048828125
2012-06-07,2831.02001953125,367.4700012207031,21.719999313354492,,1163.699951171875
2012-06-08,2858.419921875,372.7300109863281,21.229999542236328,,
2012-06-10,,,,,1134.0999755859375
2012-06-11,2809.72998046875,365.69000244140625,23.559999465942383,,1170.199951171875
2012-06-12,2843.070068359375,373.739990234375,22.09000015258789,,1168.0
2012-06-13,2818.610107421875,369.7900085449219,24.270000457763672,,1165.300048828125
2012-06-14,2836.330078125,369.1499938964844,21.68000030517578,,1163.199951171875
2012-06-15,2872.800048828125,375.1499938964844,21.110000610351562,,
2012-06-17,,,,,1131.0
2012-06-18,2895.330078125,380.54998779296875,18.31999969482422,,1156.4000244140625
2012-06-19,2929.760009765625,384.94000244140625,18.3799991607666,,1152.0
2012-06-20,2930.449951171875,388.5899963378906,17.239999771118164,,1150.7099609375
2012-06-21,2859.090087890625,372.7099914550781,20.079999923706055,,1153.199951171875
2012-06-22,2892.419921875,378.6499938964844,18.110000610351562,,
2012-06-24,,,,,1160.5999755859375
2012-06-25,2836.159912109375,365.54998779296875,20.3799991607666,,1161.0
2012-06-26,2854.06005859375,366.8699951171875,19.719999313354492,,1157.300048828125
2012-06-27,2875.320068359375,371.7099914550781,19.450000762939453,,1154.4000244140625
2012-06-28,2849.489990234375,369.3800048828125,19.709999084472656,,1157.0999755859375
2012-06-29,2935.050048828125,385.4599914550781,17.079999923706055,,
2012-07-01,,,,0.16,1114.699951171875
2012-07-02,2951.22998046875,384.7900085449219,16.799999237060547,,1142.5999755859375
2012-07-03,2976.080078125,390.29998779296875,16.65999984741211,,1132.300048828125
2012-07-04,,,,,1136.4000244140625
2012-07-05,2976.1201171875,385.67999267578125,17.5,,1132.5999755859375
2012-07-06,2937.330078125,376.0400085449219,17.100000381469727,,
2012-07-08,,,,,1126.300048828125
2012-07-09,2931.77001953125,371.4700012207031,17.979999542236328,,1142.0
2012-07-10,2902.330078125,363.010009765625,18.719999313354492,,1139.0
2012-07-11,2887.97998046875,359.6700134277344,17.950000762939453,,1139.800048828125
2012-07-12,2866.18994140625,353.69000244140625,18.329999923706055,,1153.300048828125
2012-07-13,2908.469970703125,357.010009765625,16.739999771118164,,
2012-07-15,,,,,1119.800048828125
2012-07-16,2896.93994140625,353.1499938964844,17.110000610351562,,1145.199951171875
2012-07-17,2910.0400390625,351.45001220703125,16.479999542236328,,1144.300048828125
2012-07-18,2942.60009765625,363.9100036621094,16.15999984741211,,1141.199951171875
2012-07-19,2965.89990234375,371.3399963378906,15.449999809265137,,1137.4000244140625
2012-07-20,2925.300048828125,365.010009765625,16.270000457763672,,
2012-07-22,,,,,1144.5999755859375
2012-07-23,2890.14990234375,361.6600036621094,18.6200008392334,,1149.0999755859375
2012-07-24,2862.989990234375,360.2300109863281,20.469999313354492,,1148.199951171875
2012-07-25,2854.239990234375,367.1300048828125,19.34000015258789,,1148.199951171875
2012-07-26,2893.25,375.5400085449219,17.530000686645508,,1145.699951171875
2012-07-27,2958.090087890625,384.2300109863281,16.700000762939453,,
2012-07-29,,,,,1115.199951171875
2012-07-30,2945.840087890625,380.6099853515625,18.030000686645508,,1136.5999755859375
2012-07-31,2939.52001953125,383.7200012207031,18.93000030517578,,1129.4000244140625
2012-08-01,2920.2099609375,383.8299865722656,18.959999084472656,0.13,1126.0
2012-08-02,2909.77001953125,381.4800109863281,17.56999969482422,,1130.9000244140625
2012-08-03,2967.89990234375,390.1000061035156,15.640000343322754,,
2012-08-05,,,,,1097.800048828125
2012-08-06,2989.909912109375,392.0799865722656,15.949999809265137,,1127.199951171875
2012-08-07,3015.860107421875,400.05999755859375,15.989999771118164,,1127.800048828125
2012-08-08,3011.25,401.1499938964844,15.319999694824219,,1129.0
2012-08-09,3018.639892578125,403.9800109863281,15.279999732971191,,1126.0999755859375
2012-08-10,3020.860107421875,405.9599914550781,14.739999771118164,,
2012-08-12,,,,,1105.9000244140625
2012-08-13,3022.52001953125,402.4100036621094,13.699999809265137,,1127.9000244140625
2012-08-14,3016.97998046875,399.1199951171875,14.850000381469727,,1129.0999755859375
2012-08-15,3030.929931640625,401.4800109863281,14.630000114440918,,1129.5999755859375
2012-08-16,3062.389892578125,408.260009765625,14.289999961853027,,1132.5
2012-08-17,3076.590087890625,405.1400146484375,13.449999809265137,,
2012-08-19,,,,,1134.5999755859375
2012-08-20,3076.2099609375,402.2900085449219,14.020000457763672,,1134.4000244140625
2012-08-21,3067.260009765625,402.29998779296875,15.020000457763672,,1129.5999755859375
2012-08-22,3073.669921875,399.1700134277344,15.109999656677246,,1127.199951171875
2012-08-23,3053.39990234375,396.6600036621094,15.960000038146973,,1130.699951171875
2012-08-24,3069.7900390625,398.95001220703125,15.180000305175781,,
2012-08-26,,,,,1112.199951171875
2012-08-27,3073.18994140625,397.4800109863281,16.350000381469727,,1134.199951171875
2012-08-28,3077.139892578125,397.0400085449219,16.489999771118164,,1133.699951171875
2012-08-29,3081.18994140625,397.4200134277344,17.059999465942383,,1134.0
2012-08-30,3048.7099609375,390.70001220703125,17.829999923706055,,1133.5999755859375
2012-08-31,3066.9599609375,396.17999267578125,17.469999313354492,,
2012-09-01,,,,0.14,
2012-09-02,,,,,1132.300048828125
2012-09-03,,,,,1130.5
2012-09-04,3075.06005859375,392.82000732421875,17.979999542236328,,1132.4000244140625
2012-09-05,3069.27001953125,390.2699890136719,17.739999771118164,,1135.300048828125
2012-09-06,3135.81005859375,404.5400085449219,15.600000381469727,,1133.0
2012-09-07,3136.419921875,401.2300109863281,14.380000114440918,,
2012-09-09,,,,,1097.5999755859375
2012-09-10,3104.02001953125,394.260009765625,16.280000686645508,,1127.9000244140625
2012-09-11,3104.530029296875,396.739990234375,16.40999984741211,,1127.5
2012-09-12,3114.31005859375,397.95001220703125,15.800000190734863,,1126.0
2012-09-13,3155.830078125,401.7900085449219,14.050000190734863,,1127.9000244140625
2012-09-14,3183.949951171875,406.5799865722656,14.510000228881836,,
2012-09-16,,,,,1116.9000244140625
2012-09-17,3178.669921875,402.4800109863281,14.59000015258789,,1115.4000244140625
2012-09-18,3177.800048828125,400.7799987792969,14.180000305175781,,1117.9000244140625
2012-09-19,3182.6201171875,398.5299987792969,13.880000114440918,,1114.800048828125
2012-09-20,3175.9599609375,394.6300048828125,14.069999694824219,,1117.800048828125
2012-09-21,3179.9599609375,395.1600036621094,13.979999542236328,,
2012-09-23,,,,,1119.199951171875
2012-09-24,3160.780029296875,389.0,14.149999618530273,,1119.5
2012-09-25,3117.72998046875,379.3800048828125,15.430000305175781,,1117.199951171875
2012-09-26,3093.699951171875,376.9700012207031,16.809999465942383,,1118.4000244140625
2012-09-27,3136.60009765625,385.4599914550781,14.84000015258789,,1115.4000244140625
2012-09-28,3116.22998046875,382.2699890136719,15.729999542236328,,
2012-09-30,,,,,1099.699951171875
2012-10-01,3113.530029296875,381.1199951171875,16.31999969482422,0.16,1111.300048828125
2012-10-02,3120.0400390625,382.9599914550781,15.710000038146973,,1112.0999755859375
2012-10-03,3135.22998046875,381.1700134277344,15.430000305175781,,1112.300048828125
2012-10-04,3149.4599609375,383.6499938964844,14.550000190734863,,1111.300048828125
2012-10-05,3136.18994140625,383.2799987792969,14.329999923706055,,
2012-10-07,,,,,1082.699951171875
2012-10-08,3112.35009765625,379.1300048828125,15.109999656677246,,1110.199951171875
2012-10-09,3065.02001953125,373.1099853515625,16.3700008392334,,1110.5
2012-10-10,3051.780029296875,368.0299987792969,16.290000915527344,,1112.5999755859375
2012-10-11,3049.409912109375,368.6600036621094,15.59000015258789,,1112.0999755859375
2012-10-12,3044.110107421875,366.7099914550781,16.139999389648438,,
2012-10-14,,,,,1111.699951171875
2012-10-15,3064.179931640625,372.1400146484375,15.270000457763672,,1109.5
2012-10-16,3101.169921875,380.260009765625,15.220000267028809,,1105.699951171875
2012-10-17,3104.1201171875,379.4100036621094,15.069999694824219,,1103.699951171875
2012-10-18,3072.8701171875,376.2799987792969,15.029999732971191,,1103.9000244140625
2012-10-19,3005.6201171875,364.9200134277344,17.059999465942383,,
2012-10-21,,,,,1104.5
2012-10-22,3016.9599609375,365.510009765625,16.6200008392334,,1103.4000244140625
2012-10-23,2990.4599609375,366.04998779296875,18.829999923706055,,1102.5
2012-10-24,2981.699951171875,360.5199890136719,18.329999923706055,,1103.0
2012-10-25,2986.1201171875,365.4800109863281,18.1200008392334,,1097.0
2012-10-26,2987.949951171875,367.2799987792969,17.809999465942383,,
2012-10-29,,,,,1069.9000244140625
2012-10-30,,,,,1096.9000244140625
2012-10-31,2977.22998046875,367.0299987792969,18.600000381469727,,1090.300048828125
2012-11-01,3020.06005859375,379.5,16.690000534057617,0.16,1089.199951171875
2012-11-02,2982.1298828125,372.30999755859375,17.59000015258789,,1089.800048828125
2012-11-05,2999.659912109375,378.3800048828125,18.420000076293945,,1091.5
2012-11-06,3011.929931640625,383.6199951171875,17.579999923706055,,1089.800048828125
2012-11-07,2937.2900390625,373.2699890136719,19.079999923706055,,1089.0999755859375
2012-11-08,2895.580078125,368.79998779296875,18.489999771118164,,1085.699951171875
2012-11-09,2904.8701171875,369.70001220703125,18.610000610351562,,1088.300048828125
2012-11-12,2904.25,370.0199890136719,16.68000030517578,,1057.0999755859375
2012-11-13,2883.889892578125,366.4599914550781,16.649999618530273,,1088.9000244140625
2012-11-14,2846.81005859375,360.94000244140625,17.920000076293945,,1088.5
2012-11-15,2836.93994140625,356.1400146484375,17.989999771118164,,1085.4000244140625
2012-11-16,2853.1298828125,356.0,16.40999984741211,,1087.5999755859375
2012-11-19,2916.070068359375,363.1400146484375,15.239999771118164,,1090.0
2012-11-20,2916.679931640625,361.80999755859375,15.079999923706055,,1085.300048828125
2012-11-21,2926.550048828125,362.510009765625,15.3100004196167,,1081.9000244140625
2012-11-22,,,,,1081.0
2012-11-23,2966.85009765625,369.1600036621094,15.140000343322754,,1084.199951171875
2012-11-26,2976.780029296875,370.6300048828125,15.5,,1058.0999755859375
2012-11-27,2967.7900390625,369.80999755859375,15.920000076293945,,1084.699951171875
2012-11-28,2991.780029296875,373.8299865722656,15.510000228881836,,1085.699951171875
2012-11-29,3012.030029296875,374.8299865722656,15.0600004196167,,1084.4000244140625
2012-11-30,3010.239990234375,374.3500061035156,15.869999885559082,,1082.0999755859375
2012-12-01,,,,0.16,
2012-12-03,3002.199951171875,372.5400085449219,16.639999389648438,,1055.699951171875
2012-12-04,2996.68994140625,375.0299987792969,17.1200008392334,,
2012-12-05,2973.699951171875,374.4599914550781,16.459999084472656,,1082.5999755859375
2012-12-06,2989.27001953125,378.6300048828125,16.579999923706055,,1081.699951171875
2012-12-07,2978.0400390625,379.4599914550781,15.899999618530273,,1082.5999755859375
2012-12-10,2986.9599609375,381.8299865722656,16.049999237060547,,1082.9000244140625
2012-12-11,3022.300048828125,389.0,15.569999694824219,,1076.5999755859375
2012-12-12,3013.81005859375,387.739990234375,15.949999809265137,,1074.0999755859375
2012-12-13,2992.159912109375,383.6700134277344,16.559999465942383,,1072.5
2012-12-14,2971.330078125,381.0299987792969,17.0,,1073.0999755859375
2012-12-17,3010.60009765625,382.6199951171875,16.34000015258789,,1045.699951171875
2012-12-18,3054.530029296875,388.7300109863281,15.569999694824219,,1071.300048828125
2012-12-19,3044.360107421875,389.4700012207031,17.360000610351562,,1071.699951171875
2012-12-20,3050.389892578125,389.489990234375,17.670000076293945,,1071.300048828125
2012-12-21,3021.010009765625,385.5899963378906,17.84000015258789,,1073.5999755859375
2012-12-24,3012.60009765625,384.1400146484375,17.84000015258789,,1075.4000244140625
2012-12-25,,,,,1072.300048828125
2012-12-26,2990.159912109375,381.010009765625,19.479999542236328,,1072.0999755859375
2012-12-27,2985.909912109375,379.54998779296875,19.469999313354492,,1072.4000244140625
2012-12-28,2960.31005859375,376.8699951171875,22.719999313354492,,1071.5999755859375
2012-12-31,3019.510009765625,384.05999755859375,18.020000457763672,,1038.0999755859375
2013-01-01,,,,0.14,1062.5
2013-01-02,3112.260009765625,399.7300109863281,14.680000305175781,,1062.5
2013-01-03,3100.570068359375,397.5400085449219,14.5600004196167,,1062.5999755859375
2013-01-04,3101.659912109375,397.67999267578125,13.829999923706055,,1061.9000244140625
2013-01-07,3098.81005859375,395.7799987792969,13.789999961853027,,1033.0999755859375
2013-01-08,3091.81005859375,391.3599853515625,13.619999885559082,,1062.199951171875
2013-01-09,3105.81005859375,395.4700012207031,13.8100004196167,,1062.9000244140625
2013-01-10,3121.760009765625,400.7300109863281,13.489999771118164,,1059.5
2013-01-11,3125.6298828125,402.8599853515625,13.359999656677246,,1057.5999755859375
2013-01-14,3117.5,401.8900146484375,13.520000457763672,,1023.2000122070312
2013-01-15,3110.780029296875,399.8699951171875,13.550000190734863,,1055.300048828125
2013-01-16,3117.5400390625,404.4599914550781,13.420000076293945,,1056.300048828125
2013-01-17,3136.0,412.5299987792969,13.569999694824219,,1057.800048828125
2013-01-18,3134.7099609375,410.6400146484375,12.460000038146973,,1057.0999755859375
2013-01-21,,,,,1038.5999755859375
2013-01-22,3143.179931640625,409.6000061035156,12.430000305175781,,1063.4000244140625
2013-01-23,3153.669921875,413.8800048828125,12.460000038146973,,1062.9000244140625
2013-01-24,3130.3798828125,410.239990234375,12.6899995803833,,1066.300048828125
2013-01-25,3149.7099609375,415.44000244140625,12.890000343322754,,1068.300048828125
2013-01-28,3154.300048828125,416.1600036621094,13.569999694824219,,1074.0999755859375
2013-01-29,3153.659912109375,413.2799987792969,13.3100004196167,,1090.9000244140625
2013-01-30,3142.31005859375,414.1000061035156,14.319999694824219,,1083.199951171875
2013-01-31,3142.1298828125,412.7300109863281,14.279999732971191,,1085.4000244140625
2013-02-01,3179.10009765625,420.54998779296875,12.899999618530273,0.15,1087.300048828125
2013-02-04,3131.169921875,414.17999267578125,14.670000076293945,,1069.0
2013-02-05,3171.580078125,420.69000244140625,13.720000267028809,,1088.5
2013-02-06,3168.47998046875,421.55999755859375,13.40999984741211,,1085.800048828125
2013-02-07,3165.1298828125,419.260009765625,13.5,,1088.5
2013-02-08,3193.8701171875,424.80999755859375,13.020000457763672,,1089.300048828125
2013-02-11,3192.0,425.239990234375,12.9399995803833,,1077.199951171875
2013-02-12,3186.489990234375,426.2799987792969,12.640000343322754,,1094.9000244140625
2013-02-13,3196.8798828125,427.4800109863281,12.979999542236328,,1092.4000244140625
2013-02-14,3198.659912109375,431.0799865722656,12.65999984741211,,1085.800048828125
2013-02-15,3192.030029296875,428.5,12.460000038146973,,1084.199951171875
2013-02-18,,,,,1053.0
2013-02-19,3213.590087890625,433.6400146484375,12.3100004196167,,1082.800048828125
2013-02-20,3164.409912109375,423.95001220703125,14.680000305175781,,1079.300048828125
2013-02-21,3131.489990234375,416.2699890136719,15.220000267028809,,1079.5999755859375
2013-02-22,3161.820068359375,424.9800109863281,14.170000076293945,,1085.9000244140625
2013-02-25,3116.25,416.6600036621094,18.989999771118164,,1060.5
2013-02-26,3129.64990234375,419.8900146484375,16.8700008392334,,1084.9000244140625
2013-02-27,3162.260009765625,426.4599914550781,14.729999542236328,,1089.0999755859375
2013-02-28,3160.18994140625,426.6300048828125,15.510000228881836,,1083.9000244140625
2013-03-01,3169.739990234375,425.0899963378906,15.359999656677246,0.14,1083.199951171875
2013-03-04,3182.030029296875,424.010009765625,14.010000228881836,,1060.300048828125
2013-03-05,3224.1298828125,432.3900146484375,13.479999542236328,,1089.9000244140625
2013-03-06,3222.3701171875,432.9599914550781,13.529999732971191,,1085.5
2013-03-07,3232.090087890625,434.67999267578125,13.0600004196167,,1083.4000244140625
2013-03-08,3244.3701171875,435.260009765625,12.59000015258789,,1086.5999755859375
2013-03-11,3252.8701171875,435.8500061035156,11.5600004196167,,1076.199951171875
2013-03-12,3242.320068359375,437.6700134277344,12.270000457763672,,1093.0
2013-03-13,3245.1201171875,439.1400146484375,11.829999923706055,,1094.5
2013-03-14,3258.929931640625,441.5299987792969,11.300000190734863,,1097.699951171875
2013-03-15,3249.070068359375,434.17999267578125,11.300000190734863,,1106.699951171875
2013-03-18,3237.590087890625,428.3900146484375,13.359999656677246,,1125.800048828125
2013-03-19,3229.10009765625,426.7300109863281,14.390000343322754,,1113.5
2013-03-20,3254.18994140625,432.010009765625,12.670000076293945,,1112.199951171875
2013-03-21,3222.60009765625,425.25,13.989999771118164,,1114.800048828125
2013-03-22,3245.0,430.0799865722656,13.569999694824219,,1115.199951171875
2013-03-25,3235.300048828125,429.1700134277344,13.739999771118164,,1089.9000244140625
2013-03-26,3252.47998046875,433.07000732421875,12.770000457763672,,1110.199951171875
2013-03-27,3256.52001953125,433.5299987792969,13.149999618530273,,1106.5999755859375
2013-03-28,3267.52001953125,436.6600036621094,12.699999809265137,,1110.5
2013-03-29,,,,,1112.0
2013-03-31,,,,,1090.0
2013-04-01,3239.169921875,427.79998779296875,13.579999923706055,0.15,1086.4000244140625
2013-04-02,3254.860107421875,424.2099914550781,12.779999732971191,,1117.0999755859375
2013-04-03,3218.60009765625,415.80999755859375,14.210000038146973,,1116.800048828125
2013-04-04,3224.97998046875,421.1400146484375,13.890000343322754,,1123.5999755859375
2013-04-05,3203.860107421875,418.92999267578125,13.920000076293945,,
2013-04-07,,,,,1136.5
2013-04-08,3222.25,424.1700134277344,13.1899995803833,,1141.300048828125
2013-04-09,3237.860107421875,428.1400146484375,12.84000015258789,,1138.4000244140625
2013-04-10,3297.25,437.3399963378906,12.359999656677246,,1134.300048828125
2013-04-11,3300.159912109375,435.6300048828125,12.239999771118164,,1128.9000244140625
2013-04-12,3294.949951171875,433.6300048828125,12.0600004196167,,
2013-04-14,,,,,1104.0
2013-04-15,3216.489990234375,422.6700134277344,17.270000457763672,,1118.5999755859375
2013-04-16,3264.6298828125,431.8500061035156,13.960000038146973,,1112.800048828125
2013-04-17,3204.669921875,417.6499938964844,16.510000228881836,,1120.0
2013-04-18,3166.360107421875,413.8800048828125,17.559999465942383,,1101.699951171875
2013-04-19,3206.06005859375,416.9700012207031,14.970000267028809,,
2013-04-21,,,,,1099.199951171875
2013-04-22,3233.550048828125,421.3699951171875,14.390000343322754,,1118.699951171875
2013-04-23,3269.330078125,430.2099914550781,13.479999542236328,,1118.5
2013-04-24,3269.64990234375,435.6499938964844,13.609999656677246,,1115.699951171875
2013-04-25,3289.989990234375,439.9800109863281,13.619999885559082,,1110.5999755859375
2013-04-26,3279.260009765625,435.2900085449219,13.609999656677246,,
2013-04-28,,,,,1108.800048828125
2013-04-29,3307.02001953125,440.79998779296875,13.710000038146973,,1103.199951171875
2013-04-30,3328.7900390625,444.3599853515625,13.520000457763672,,1100.699951171875
2013-05-01,3299.1298828125,440.79998779296875,14.489999771118164,0.11,1099.5
2013-05-02,3340.6201171875,446.8900146484375,13.59000015258789,,1101.5
2013-05-03,3378.6298828125,450.9200134277344,12.850000381469727,,
2013-05-05,,,,,1072.800048828125
2013-05-06,3392.969970703125,453.4700012207031,12.65999984741211,,1093.800048828125
2013-05-07,3396.6298828125,453.6199951171875,12.829999923706055,,1089.300048828125
2013-05-08,3413.27001953125,459.4700012207031,12.65999984741211,,1056.199951171875
2013-05-09,3409.169921875,461.8500061035156,13.130000114440918,,1091.0999755859375
2013-05-10,3436.580078125,465.94000244140625,12.59000015258789,,
2013-05-12,,,,,1084.300048828125
2013-05-13,3438.7900390625,461.2799987792969,12.550000190734863,,1112.199951171875
2013-05-14,3462.610107421875,463.3299865722656,12.770000457763672,,1108.9000244140625
2013-05-15,3471.6201171875,467.82000732421875,12.8100004196167,,1113.800048828125
2013-05-16,3465.239990234375,464.2799987792969,13.069999694824219,,1116.699951171875
2013-05-17,3498.969970703125,470.6300048828125,12.449999809265137,,
2013-05-19,,,,,1093.5999755859375
2013-05-20,3496.429931640625,469.1199951171875,13.020000457763672,,1116.5
2013-05-21,3502.1201171875,469.0299987792969,13.369999885559082,,1110.4000244140625
2013-05-22,3463.300048828125,461.6199951171875,13.819999694824219,,1113.0999755859375
2013-05-23,3459.419921875,461.75,14.069999694824219,,1127.699951171875
2013-05-24,3459.139892578125,461.5,13.989999771118164,,
2013-05-26,,,,,1105.199951171875
2013-05-27,,,,,1121.4000244140625
2013-05-28,3488.889892578125,465.94000244140625,14.479999542236328,,1127.0
2013-05-29,3467.52001953125,467.2900085449219,14.829999923706055,,1131.0999755859375
2013-05-30,3491.300048828125,474.42999267578125,14.529999732971191,,1127.5999755859375
2013-05-31,3455.909912109375,468.6300048828125,16.299999237060547,,
2013-06-01,,,,0.09,
2013-06-02,,,,,1107.5
2013-06-03,3465.3701171875,470.7200012207031,16.280000686645508,,1118.800048828125
2013-06-04,3445.260009765625,472.45001220703125,16.270000457763672,,1122.4000244140625
2013-06-05,3401.47998046875,465.2900085449219,17.5,,1117.800048828125
2013-06-06,3424.050048828125,464.6600036621094,16.6299991607666,,1118.199951171875
2013-06-07,3469.219970703125,471.4700012207031,15.140000343322754,,
2013-06-09,,,,,1097.0999755859375
2013-06-10,3473.77001953125,473.9700012207031,15.4399995803833,,1097.0999755859375
2013-06-11,3436.949951171875,463.42999267578125,17.06999969482422,,1097.0999755859375
2013-06-12,3400.429931640625,458.3299865722656,18.59000015258789,,1127.199951171875
2013-06-13,3445.360107421875,467.3800048828125,16.40999984741211,,1129.199951171875
2013-06-14,3423.56005859375,465.5299987792969,17.149999618530273,,
2013-06-16,,,,,1126.5
2013-06-17,3452.1298828125,472.3399963378906,16.799999237060547,,1125.969970703125
2013-06-18,3482.179931640625,480.05999755859375,16.610000610351562,,1133.5
2013-06-19,3443.199951171875,474.510009765625,16.639999389648438,,1129.5999755859375
2013-06-20,3364.639892578125,459.7200012207031,20.489999771118164,,1144.9000244140625
2013-06-21,3357.25,460.8500061035156,18.899999618530273,,
2013-06-23,,,,,1156.9000244140625
2013-06-24,3320.760009765625,451.54998779296875,20.110000610351562,,1160.5999755859375
2013-06-25,3347.889892578125,462.510009765625,18.469999313354492,,1152.300048828125
2013-06-26,3376.219970703125,464.92999267578125,17.209999084472656,,1155.0999755859375
2013-06-27,3401.860107421875,466.739990234375,16.860000610351562,,1147.199951171875
2013-06-28,3403.25,468.42999267578125,16.860000610351562,,
2013-06-30,,,,,1121.9000244140625
2013-07-01,3434.489990234375,467.7300109863281,16.3700008392334,0.09,1134.300048828125
2013-07-02,3433.39990234375,468.17999267578125,16.440000534057617,,1133.0
2013-07-03,3443.669921875,469.79998779296875,16.200000762939453,,1140.199951171875
2013-07-04,,,,,1138.9000244140625
2013-07-05,3479.3798828125,476.1199951171875,14.890000343322754,,
2013-07-07,,,,,1141.5999755859375
2013-07-08,3484.830078125,466.5,14.779999732971191,,1147.4000244140625
2013-07-09,3504.260009765625,471.4100036621094,14.350000381469727,,1140.9000244140625
2013-07-10,3520.760009765625,476.70001220703125,14.210000038146973,,1134.5999755859375
2013-07-11,3578.300048828125,486.55999755859375,14.010000228881836,,1123.4000244140625
2013-07-12,3600.080078125,489.6099853515625,13.84000015258789,,
2013-07-14,,,,,1123.800048828125
2013-07-15,3607.489990234375,489.3299865722656,13.789999961853027,,1120.9000244140625
2013-07-16,3598.5,491.05999755859375,14.420000076293945,,1113.800048828125
2013-07-17,3610.0,491.5799865722656,13.779999732971191,,1116.0999755859375
2013-07-18,3611.280029296875,487.2200012207031,13.770000457763672,,1123.5999755859375
2013-07-19,3587.610107421875,486.1700134277344,12.539999961853027,,
2013-07-21,,,,,1118.4000244140625
2013-07-22,3600.389892578125,485.1499938964844,12.289999961853027,,1117.5999755859375
2013-07-23,3579.27001953125,483.5199890136719,12.65999984741211,,1116.300048828125
2013-07-24,3579.60009765625,474.69000244140625,13.180000305175781,,1115.0
2013-07-25,3605.18994140625,477.3999938964844,12.970000267028809,,1115.4000244140625
2013-07-26,3613.159912109375,473.1199951171875,12.720000267028809,,
2013-07-28,,,,,1086.9000244140625
2013-07-29,3599.139892578125,469.9700012207031,13.390000343322754,,1111.4000244140625
2013-07-30,3616.469970703125,475.5899963378906,13.390000343322754,,1113.300048828125
2013-07-31,3626.3701171875,477.7799987792969,13.449999809265137,,1122.5
2013-08-01,3675.739990234375,486.6000061035156,12.9399995803833,0.08,1122.4000244140625
2013-08-02,3689.590087890625,483.3800048828125,11.979999542236328,,
2013-08-04,,,,,1123.5999755859375
2013-08-05,3692.949951171875,482.1400146484375,11.84000015258789,,1112.9000244140625
2013-08-06,3665.77001953125,478.67999267578125,12.720000267028809,,1113.0999755859375
2013-08-07,3654.010009765625,474.1199951171875,12.979999542236328,,1114.199951171875
2013-08-08,3669.1201171875,474.30999755859375,12.729999542236328,,1111.5999755859375
2013-08-09,3660.110107421875,471.760009765625,13.40999984741211,,
2013-08-11,,,,,1110.5999755859375
2013-08-12,3669.949951171875,473.6199951171875,12.8100004196167,,1113.199951171875
2013-08-13,3684.43994140625,479.07000732421875,12.3100004196167,,1117.5999755859375
2013-08-14,3669.27001953125,471.3399963378906,13.039999961853027,,1117.5999755859375
2013-08-15,3606.1201171875,460.8399963378906,14.729999542236328,,1117.300048828125
2013-08-16,3602.780029296875,462.4599914550781,14.369999885559082,,
2013-08-18,,,,,1112.5
2013-08-19,3589.090087890625,459.2900085449219,15.100000381469727,,1117.5
2013-08-20,3613.590087890625,461.8299865722656,14.90999984741211,,1119.5
2013-08-21,3599.7900390625,458.5299987792969,15.9399995803833,,1117.800048828125
2013-08-22,3638.7099609375,463.8299865722656,14.760000228881836,,1120.0999755859375
2013-08-23,3657.7900390625,463.82000732421875,13.979999542236328,,
2013-08-25,,,,,1112.800048828125
2013-08-26,3657.570068359375,462.9200134277344,14.989999771118164,,1111.0
2013-08-27,3578.52001953125,451.2099914550781,16.770000457763672,,1116.4000244140625
2013-08-28,3593.35009765625,456.3900146484375,16.489999771118164,,1113.9000244140625
2013-08-29,3620.300048828125,461.82000732421875,16.809999465942383,,1111.699951171875
2013-08-30,3589.8701171875,457.70001220703125,17.010000228881836,,
2013-09-01,,,,0.08,1110.0999755859375
2013-09-02,,,,,1097.5999755859375
2013-09-03,3612.610107421875,461.6400146484375,16.610000610351562,,1101.4000244140625
2013-09-04,3649.0400390625,473.55999755859375,15.880000114440918,,1093.199951171875
2013-09-05,3658.780029296875,477.0400085449219,15.770000457763672,,1096.699951171875
2013-09-06,3660.010009765625,475.1000061035156,15.850000381469727,,
2013-09-08,,,,,1092.199951171875
2013-09-09,3706.179931640625,481.4200134277344,15.630000114440918,,1085.699951171875
2013-09-10,3729.02001953125,490.6499938964844,14.529999732971191,,1085.0999755859375
2013-09-11,3725.010009765625,489.0400085449219,13.819999694824219,,1085.0
2013-09-12,3715.969970703125,486.05999755859375,14.289999961853027,,1082.0
2013-09-13,3722.179931640625,488.2300109863281,14.15999984741211,,
2013-09-15,,,,,1080.300048828125
2013-09-16,3717.85009765625,490.3500061035156,14.380000114440918,,1080.699951171875
2013-09-17,3745.699951171875,493.3999938964844,14.529999732971191,,1081.5
2013-09-18,3783.639892578125,497.6700134277344,13.59000015258789,,1080.9000244140625
2013-09-19,3789.3798828125,496.0899963378906,13.15999984741211,,1070.4000244140625
2013-09-20,3774.72998046875,493.1499938964844,13.119999885559082,,
2013-09-22,,,,,1074.5999755859375
2013-09-23,3765.2900390625,491.2900085449219,14.3100004196167,,1073.0
2013-09-24,3768.25,494.7300109863281,14.079999923706055,,1073.5
2013-09-25,3761.10009765625,494.95001220703125,14.010000228881836,,1075.5999755859375
2013-09-26,3787.429931640625,494.7099914550781,14.0600004196167,,1074.5999755859375
2013-09-27,3781.590087890625,490.80999755859375,15.460000038146973,,
2013-09-29,,,,,1075.800048828125
2013-09-30,3771.47998046875,490.8299865722656,16.600000381469727,,1073.300048828125
2013-10-01,3817.97998046875,495.7699890136719,15.539999961853027,0.09,1072.5
2013-10-02,3815.02001953125,495.1000061035156,16.600000381469727,,1073.199951171875
2013-10-03,3774.340087890625,493.79998779296875,17.670000076293945,,1070.699951171875
2013-10-04,3807.75,497.7200012207031,16.739999771118164,,
2013-10-06,,,,,1069.0999755859375
2013-10-07,3770.3798828125,495.0899963378906,19.40999984741211,,
2013-10-08,3694.830078125,486.82000732421875,20.34000015258789,,1074.0999755859375
2013-10-09,3677.780029296875,485.1099853515625,19.600000381469727,,1074.5999755859375
2013-10-10,3760.75,496.4800109863281,16.479999542236328,,1070.699951171875
2013-10-11,3791.8701171875,497.3800048828125,15.720000267028809,,
2013-10-13,,,,,1069.199951171875
2013-10-14,3815.280029296875,500.9800109863281,16.06999969482422,,1070.199951171875
2013-10-15,3794.010009765625,496.5,18.65999984741211,,1063.5
2013-10-16,3839.429931640625,501.5799865722656,14.710000038146973,,1066.0
2013-10-17,3863.14990234375,505.0899963378906,13.479999542236328,,1061.699951171875
2013-10-18,3914.280029296875,506.44000244140625,13.039999961853027,,
2013-10-20,,,,,1040.0999755859375
2013-10-21,3920.050048828125,508.0400085449219,13.15999984741211,,1061.0
2013-10-22,3929.570068359375,507.1199951171875,13.329999923706055,,1057.0
2013-10-23,3907.070068359375,490.1099853515625,13.420000076293945,,1057.0
2013-10-24,3928.9599609375,494.1499938964844,13.199999809265137,,1062.1500244140625
2013-10-25,3943.360107421875,496.29998779296875,13.09000015258789,,
2013-10-28,3940.1298828125,499.489990234375,13.3100004196167,,1061.0999755859375
2013-10-29,3952.340087890625,507.0400085449219,13.40999984741211,,1060.5
2013-10-30,3930.6201171875,504.3299865722656,13.649999618530273,,1061.699951171875
2013-10-31,3919.7099609375,507.0899963378906,13.75,,1058.199951171875
2013-11-01,3922.0400390625,505.3999938964844,13.279999732971191,0.08,1060.5
2013-11-04,3936.590087890625,504.67999267578125,12.930000305175781,,1039.5
2013-11-05,3939.860107421875,503.1300048828125,13.270000457763672,,1061.5
2013-11-06,3931.949951171875,504.9100036621094,12.670000076293945,,1060.5
2013-11-07,3857.330078125,495.20001220703125,13.90999984741211,,1059.0
2013-11-08,3919.22998046875,500.9800109863281,12.899999618530273,,1062.4000244140625
2013-11-11,3919.7900390625,500.3999938964844,12.529999732971191,,1046.9000244140625
2013-11-12,3919.919921875,503.6099853515625,12.819999694824219,,1071.4000244140625
2013-11-13,3965.580078125,508.0,12.520000457763672,,1072.4000244140625
2013-11-14,3972.739990234375,505.3900146484375,12.369999885559082,,1069.5999755859375
2013-11-15,3985.969970703125,508.94000244140625,12.1899995803833,,1067.5999755859375
2013-11-18,3949.070068359375,504.2200012207031,13.100000381469727,,1034.699951171875
2013-11-19,3931.550048828125,497.8800048828125,13.390000343322754,,1054.0
2013-11-20,3921.27001953125,495.6300048828125,13.399999618530273,,1054.199951171875
2013-11-21,3969.159912109375,504.2300109863281,12.65999984741211,,1055.9000244140625
2013-11-22,3991.64990234375,504.6099853515625,12.260000228881836,,1061.0999755859375
2013-11-25,3994.570068359375,504.010009765625,12.789999961853027,,1060.699951171875
2013-11-26,4017.75,508.32000732421875,12.8100004196167,,1059.0
2013-11-27,4044.75,510.010009765625,12.979999542236328,,1059.4000244140625
2013-11-28,,,,,1059.9000244140625
2013-11-29,4059.889892578125,510.25,13.699999809265137,,1060.0999755859375
2013-12-01,,,,0.09,
2013-12-02,4045.260009765625,509.3999938964844,14.229999542236328,,1057.800048828125
2013-12-03,4037.199951171875,511.20001220703125,14.550000190734863,,1057.300048828125
2013-12-04,4038.0,508.7699890136719,14.699999809265137,,1060.199951171875
2013-12-05,4033.169921875,509.95001220703125,15.079999923706055,,1060.5999755859375
2013-12-06,4062.52001953125,515.6300048828125,13.789999961853027,,1057.4000244140625
2013-12-09,4068.75,516.8099975585938,13.489999771118164,,1052.800048828125
2013-12-10,4060.489990234375,515.3400268554688,13.90999984741211,,1051.699951171875
2013-12-11,4003.81005859375,510.1700134277344,15.420000076293945,,1051.75
2013-12-12,3998.39990234375,505.8399963378906,15.539999961853027,,1051.199951171875
2013-12-13,4000.97998046875,505.5199890136719,15.760000228881836,,1050.300048828125
2013-12-16,4029.52001953125,512.1500244140625,16.030000686645508,,1052.5999755859375
2013-12-17,4023.679931640625,517.1799926757812,16.209999084472656,,1051.699951171875
2013-12-18,4070.06005859375,521.0700073242188,13.800000190734863,,1049.699951171875
2013-12-19,4058.139892578125,517.780029296875,14.149999618530273,,1051.199951171875
2013-12-20,4104.740234375,522.0900268554688,13.789999961853027,,1058.5999755859375
2013-12-23,4148.89990234375,526.6500244140625,13.039999961853027,,1063.4000244140625
2013-12-24,4155.419921875,528.3499755859375,12.479999542236328,,1059.300048828125
2013-12-25,,,,,1059.4000244140625
2013-12-26,4167.18017578125,529.8300170898438,12.329999923706055,,1060.4000244140625
2013-12-27,4156.58984375,529.9600219726562,12.460000038146973,,1058.199951171875
2013-12-30,4154.2001953125,531.5700073242188,13.5600004196167,,1054.0
2013-12-31,4176.58984375,535.030029296875,13.720000267028809,,1054.300048828125
2014-01-01,,,,0.07,1054.800048828125
2014-01-02,4143.06982421875,527.75,14.229999542236328,,1050.75
2014-01-03,4131.91015625,526.6799926757812,13.760000228881836,,1049.5999755859375
2014-01-06,4113.68017578125,523.77001953125,13.550000190734863,,1053.800048828125
2014-01-07,4153.18017578125,527.4299926757812,12.920000076293945,,1065.4000244140625
2014-01-08,4165.60986328125,535.760009765625,12.869999885559082,,1068.5
2014-01-09,4156.18994140625,531.489990234375,12.890000343322754,,1064.699951171875
2014-01-10,4174.669921875,533.7000122070312,12.140000343322754,,1062.0
2014-01-13,4113.2998046875,527.6599731445312,13.279999732971191,,1060.4000244140625
2014-01-14,4183.02001953125,539.6099853515625,12.279999732971191,,1058.5
2014-01-15,4214.8798828125,544.2100219726562,12.279999732971191,,1058.300048828125
2014-01-16,4218.68994140625,541.0499877929688,12.529999732971191,,1063.0
2014-01-17,4197.580078125,538.1400146484375,12.4399995803833,,1062.4000244140625
2014-01-20,,,,,1041.5999755859375
2014-01-21,4225.759765625,541.5,12.869999885559082,,1062.5
2014-01-22,4243.0,547.469970703125,12.84000015258789,,1064.199951171875
2014-01-23,4218.8798828125,541.489990234375,13.770000457763672,,1066.5
2014-01-24,4128.169921875,528.8900146484375,18.139999389648438,,1072.699951171875
2014-01-27,4083.610107421875,525.27001953125,17.420000076293945,,1078.4000244140625
2014-01-28,4097.9599609375,527.5399780273438,15.800000190734863,,1082.5
2014-01-29,4051.429931640625,525.1400146484375,17.350000381469727,,1076.9000244140625
2014-01-30,4123.1298828125,531.9600219726562,17.290000915527344,,1069.0999755859375
2014-01-31,4103.8798828125,529.1799926757812,18.40999984741211,,1079.300048828125
2014-02-01,,,,0.07,
2014-02-03,3996.9599609375,517.4600219726562,21.440000534057617,,1080.199951171875
2014-02-04,4031.52001953125,518.3400268554688,19.110000610351562,,1083.5999755859375
2014-02-05,4011.550048828125,518.4600219726562,19.950000762939453,,1083.0
2014-02-06,4057.1201171875,526.6699829101562,17.229999542236328,,1076.9000244140625
2014-02-07,4125.85986328125,535.3099975585938,15.289999961853027,,1077.699951171875
2014-02-10,4148.169921875,538.0399780273438,15.260000228881836,,1075.300048828125
2014-02-11,4191.0498046875,544.8599853515625,14.510000228881836,,1071.9000244140625
2014-02-12,4201.2900390625,549.47998046875,14.300000190734863,,1069.9000244140625
2014-02-13,4240.669921875,556.02001953125,14.140000343322754,,1061.4000244140625
2014-02-14,4244.02001953125,559.1199951171875,13.569999694824219,,1065.300048828125
2014-02-17,,,,,1058.75
2014-02-18,4272.77978515625,560.4500122070312,13.869999885559082,,1059.4000244140625
2014-02-19,4237.9501953125,560.02001953125,15.5,,1064.4000244140625
2014-02-20,4267.5498046875,564.0599975585938,14.789999961853027,,1065.300048828125
2014-02-21,4263.41015625,561.2100219726562,14.680000305175781,,1071.0
2014-02-24,4292.97021484375,563.3699951171875,14.229999542236328,,1072.0999755859375
2014-02-25,4287.58984375,560.5399780273438,13.670000076293945,,1073.300048828125
2014-02-26,4292.06005859375,564.2899780273438,14.350000381469727,,1073.0999755859375
2014-02-27,4318.93017578125,564.219970703125,14.039999961853027,,1065.0999755859375
2014-02-28,4308.1201171875,563.8300170898438,14.0,,1068.699951171875
2014-03-01,,,,0.08,
2014-03-03,4277.2998046875,560.22998046875,16.0,,1067.300048828125
2014-03-04,4351.97021484375,570.1300048828125,14.100000381469727,,1069.0
2014-03-05,4357.97021484375,571.2999877929688,13.890000343322754,,1070.0999755859375
2014-03-06,4352.1298828125,575.02001953125,14.210000038146973,,1070.199951171875
2014-03-07,4336.22021484375,574.3900146484375,14.109999656677246,,1063.5999755859375
2014-03-10,4334.4501953125,573.219970703125,14.199999809265137,,1064.199951171875
2014-03-11,4307.18994140625,570.0800170898438,14.800000190734863,,1066.0999755859375
2014-03-12,4323.330078125,574.9199829101562,14.470000267028809,,1064.780029296875
2014-03-13,4260.419921875,565.1400146484375,16.219999313354492,,1067.030029296875
2014-03-14,4245.39990234375,562.47998046875,17.81999969482422,,1067.9000244140625
2014-03-17,4279.9501953125,569.5,15.640000343322754,,1071.9300537109375
2014-03-18,4333.31005859375,577.1900024414062,14.520000457763672,,1066.9000244140625
2014-03-19,4307.60009765625,576.6900024414062,15.119999885559082,,1068.4000244140625
2014-03-20,4319.2900390625,587.6300048828125,14.520000457763672,,1069.5999755859375
2014-03-21,4276.7900390625,582.5399780273438,15.0,,1076.0
2014-03-24,4226.39013671875,579.8499755859375,15.09000015258789,,1079.3800048828125
2014-03-25,4234.27001953125,584.3300170898438,14.020000457763672,,1076.800048828125
2014-03-26,4173.580078125,577.8400268554688,14.930000305175781,,1078.300048828125
2014-03-27,4151.22998046875,573.3200073242188,14.619999885559082,,1076.4300537109375
2014-03-28,4155.759765625,577.47998046875,14.40999984741211,,1068.1800537109375
2014-03-30,,,,,1066.550048828125
2014-03-31,4198.990234375,586.739990234375,13.880000114440918,,1062.5
2014-04-01,4268.0400390625,595.9099731445312,13.100000381469727,0.09,1057.5999755859375
2014-04-02,4276.4599609375,594.9400024414062,13.09000015258789,,1058.43994140625
2014-04-03,4237.740234375,595.9299926757812,13.369999885559082,,1056.699951171875
2014-04-04,4127.72998046875,579.1900024414062,13.960000038146973,,
2014-04-06,,,,,1051.449951171875
2014-04-07,4079.75,573.9099731445312,15.569999694824219,,1054.3399658203125
2014-04-08,4112.990234375,581.1799926757812,14.890000343322754,,1046.030029296875
2014-04-09,4183.89990234375,587.719970703125,13.819999694824219,,1035.1099853515625
2014-04-10,4054.110107421875,569.1500244140625,15.890000343322754,,1038.239990234375
2014-04-11,3999.72998046875,560.3400268554688,17.030000686645508,,
2014-04-13,,,,,1038.93994140625
2014-04-14,4022.68994140625,565.02001953125,16.110000610351562,,1040.9100341796875
2014-04-15,4034.159912109375,569.0,15.609999656677246,,1040.199951171875
2014-04-16,4086.22998046875,567.9000244140625,14.180000305175781,,1036.4300537109375
2014-04-17,4095.52001953125,578.4099731445312,13.359999656677246,,1039.27001953125
2014-04-20,,,,,1037.5999755859375
2014-04-21,4121.5498046875,583.47998046875,13.25,,1038.4100341796875
2014-04-22,4161.4599609375,589.1099853515625,13.1899995803833,,1039.510009765625
2014-04-23,4126.97021484375,588.4299926757812,13.270000457763672,,1038.5999755859375
2014-04-24,4148.33984375,591.6400146484375,13.319999694824219,,1038.699951171875
2014-04-25,4075.56005859375,572.1900024414062,14.0600004196167,,
2014-04-27,,,,,1039.699951171875
2014-04-28,4074.39990234375,568.5499877929688,13.970000267028809,,1033.43994140625
2014-04-29,4103.5400390625,572.989990234375,13.710000038146973,,1029.43994140625
2014-04-30,4114.56005859375,575.969970703125,13.40999984741211,,1032.4000244140625
2014-05-01,4127.4501953125,573.8599853515625,13.25,0.09,1030.7099609375
2014-05-02,4123.89990234375,575.489990234375,12.90999984741211,,
2014-05-04,,,,,1029.0
2014-05-05,4138.06005859375,575.9400024414062,13.289999961853027,,1029.0999755859375
2014-05-06,4080.760009765625,573.47998046875,13.800000190734863,,1025.510009765625
2014-05-07,4067.669921875,573.989990234375,13.399999618530273,,1022.9199829101562
2014-05-08,4051.5,577.8300170898438,13.430000305175781,,1021.9099731445312
2014-05-09,4071.8701171875,575.969970703125,12.920000076293945,,
2014-05-11,,,,,1023.0999755859375
2014-05-12,4143.85986328125,586.47998046875,12.229999542236328,,1023.22998046875
2014-05-13,4130.169921875,581.8800048828125,12.130000114440918,,1022.5999755859375
2014-05-14,4100.6298828125,576.7999877929688,12.170000076293945,,1027.739990234375
2014-05-15,4069.2900390625,570.0,13.170000076293945,,1028.239990234375
2014-05-16,4090.590087890625,576.010009765625,12.4399995803833,,
2014-05-18,,,,,999.8300170898438
2014-05-19,4125.81005859375,582.0499877929688,12.420000076293945,,1021.7000122070312
2014-05-20,4096.89013671875,578.5800170898438,12.960000038146973,,1024.8599853515625
2014-05-21,4131.5400390625,581.8099975585938,11.90999984741211,,1025.949951171875
2014-05-22,4154.33984375,584.2999877929688,12.029999732971191,,1023.97998046875
2014-05-23,4185.81005859375,589.9099731445312,11.359999656677246,,
2014-05-25,,,,,1024.72998046875
2014-05-26,,,,,1024.1300048828125
2014-05-27,4237.06982421875,597.0800170898438,11.510000228881836,,1024.3800048828125
2014-05-28,4225.080078125,597.6599731445312,11.680000305175781,,1020.9000244140625
2014-05-29,4247.9501953125,598.9600219726562,11.569999694824219,,1018.5399780273438
2014-05-30,4242.6201171875,599.5900268554688,11.399999618530273,,
2014-06-01,,,,0.1,1020.2000122070312
2014-06-02,4237.2001953125,602.8400268554688,11.579999923706055,,1023.4000244140625
2014-06-03,4234.080078125,608.4299926757812,11.869999885559082,,1022.2999877929688
2014-06-04,4251.64013671875,611.1400146484375,12.079999923706055,,1025.989990234375
2014-06-05,4296.22998046875,614.2999877929688,11.680000305175781,,1019.4000244140625
2014-06-06,4321.39990234375,617.25,10.729999542236328,,
2014-06-08,,,,,1019.0
2014-06-09,4336.240234375,618.4400024414062,11.149999618530273,,1016.7899780273438
2014-06-10,4338.0,620.260009765625,10.989999771118164,,1016.1900024414062
2014-06-11,4331.93017578125,623.47998046875,11.600000381469727,,1017.5999755859375
2014-06-12,4297.6298828125,621.3499755859375,12.5600004196167,,1017.3400268554688
2014-06-13,4310.64990234375,627.489990234375,12.180000305175781,,
2014-06-15,,,,,1017.2999877929688
2014-06-16,4321.10009765625,630.9299926757812,12.649999618530273,,1019.5
2014-06-17,4337.22998046875,635.5,12.0600004196167,,1023.760009765625
2014-06-18,4362.83984375,633.2000122070312,10.609999656677246,,1017.8599853515625
2014-06-19,4359.330078125,633.97998046875,10.619999885559082,,1019.22998046875
2014-06-20,4368.0400390625,635.4199829101562,10.850000381469727,,
2014-06-22,,,,,1020.5
2014-06-23,4368.68017578125,633.1300048828125,10.979999542236328,,1018.0900268554688
2014-06-24,4350.35009765625,628.5,12.130000114440918,,1018.5499877929688
2014-06-25,4379.759765625,630.8699951171875,11.59000015258789,,1018.280029296875
2014-06-26,4379.0498046875,628.280029296875,11.630000114440918,,1015.5999755859375
2014-06-27,4397.93017578125,629.27001953125,11.260000228881836,,
2014-06-29,,,,,1013.2999877929688
2014-06-30,4408.18017578125,635.9299926757812,11.569999694824219,,1011.0
2014-07-01,4458.64990234375,644.7100219726562,11.149999618530273,0.09,1010.530029296875
2014-07-02,4457.72998046875,645.780029296875,10.819999694824219,,1008.7999877929688
2014-07-03,4485.93017578125,650.5499877929688,10.319999694824219,,1008.719970703125
2014-07-06,,,,,1008.7999877929688
2014-07-07,4451.52978515625,646.0999755859375,11.329999923706055,,1010.5999755859375
2014-07-08,4391.4599609375,642.6400146484375,11.979999542236328,,1010.7999877929688
2014-07-09,4419.02978515625,646.5599975585938,11.649999618530273,,1011.0
2014-07-10,4396.2001953125,643.469970703125,12.59000015258789,,1012.2000122070312
2014-07-11,4415.490234375,643.8800048828125,12.079999923706055,,
2014-07-13,,,,,1018.5
2014-07-14,4440.419921875,646.1199951171875,11.819999694824219,,1018.2000122070312
2014-07-15,4416.39013671875,644.4400024414062,11.960000038146973,,1025.9000244140625
2014-07-16,4425.97021484375,651.760009765625,11.0,,1031.0999755859375
2014-07-17,4363.4501953125,635.3200073242188,14.539999961853027,,1028.0
2014-07-18,4432.14990234375,643.4400024414062,12.0600004196167,,
2014-07-20,,,,,1027.9000244140625
2014-07-21,4424.7001953125,645.02001953125,12.8100004196167,,1026.0
2014-07-22,4456.02001953125,649.3499755859375,12.239999771118164,,1022.5999755859375
2014-07-23,4473.7001953125,634.4500122070312,11.520000457763672,,1022.9000244140625
2014-07-24,4472.10986328125,629.1300048828125,11.84000015258789,,1028.4000244140625
2014-07-25,4449.56005859375,616.6500244140625,12.6899995803833,,
2014-07-27,,,,,1025.0999755859375
2014-07-28,4444.91015625,616.0,12.5600004196167,,1025.6300048828125
2014-07-29,4442.7001953125,614.4299926757812,13.279999732971191,,1023.7999877929688
2014-07-30,4462.89990234375,620.5999755859375,13.329999923706055,,1023.5999755859375
2014-07-31,4369.77001953125,607.5499877929688,16.950000762939453,,1032.3900146484375
2014-08-01,4352.64013671875,609.760009765625,17.030000686645508,0.09,
2014-08-03,,,,,1036.699951171875
2014-08-04,4383.89013671875,612.2899780273438,15.119999885559082,,1032.199951171875
2014-08-05,4352.83984375,605.3099975585938,16.8700008392334,,1026.199951171875
2014-08-06,4355.0498046875,607.7100219726562,16.3700008392334,,1032.739990234375
2014-08-07,4334.97021484375,599.3800048828125,16.65999984741211,,1037.3599853515625
2014-08-08,4370.89990234375,606.22998046875,15.770000457763672,,
2014-08-10,,,,,1036.0
2014-08-11,4401.330078125,612.02001953125,14.229999542236328,,1030.0
2014-08-12,4389.25,611.3200073242188,14.130000114440918,,1026.199951171875
2014-08-13,4434.1298828125,616.9500122070312,12.899999618530273,,1029.0999755859375
2014-08-14,4453.0,618.260009765625,12.420000076293945,,1020.2000122070312
2014-08-15,4464.93017578125,624.5999755859375,13.149999618530273,,
2014-08-17,,,,,1020.7000122070312
2014-08-18,4508.31005859375,627.469970703125,12.319999694824219,,1016.7899780273438
2014-08-19,4527.509765625,631.469970703125,12.210000038146973,,1016.7999877929688
2014-08-20,4526.47998046875,636.6199951171875,11.779999732971191,,1021.7000122070312
2014-08-21,4532.10009765625,639.1099853515625,11.760000228881836,,1022.7000122070312
2014-08-22,4538.5498046875,639.719970703125,11.470000267028809,,
2014-08-24,,,,,1020.0999755859375
2014-08-25,4557.35009765625,637.25,11.699999809265137,,1019.0
2014-08-26,4570.64013671875,637.5499877929688,11.630000114440918,,1015.7000122070312
2014-08-27,4569.6201171875,638.5700073242188,11.779999732971191,,1013.2000122070312
2014-08-28,4557.7001953125,640.489990234375,12.050000190734863,,1014.2000122070312
2014-08-29,4580.27001953125,645.25,12.09000015258789,,
2014-08-31,,,,,1013.5999755859375
2014-09-01,,,,0.09,1011.7999877929688
2014-09-02,4598.18994140625,642.530029296875,12.25,,1017.5
2014-09-03,4572.56005859375,644.0800170898438,12.359999656677246,,1019.0999755859375
2014-09-04,4562.2900390625,645.719970703125,12.640000343322754,,1017.9000244140625
2014-09-05,4582.89990234375,651.239990234375,12.09000015258789,,
2014-09-07,,,,,1023.5
2014-09-08,4592.2900390625,652.5,12.65999984741211,,1023.5
2014-09-09,4552.2900390625,646.489990234375,13.5,,1033.5
2014-09-10,4586.52001953125,646.5399780273438,12.880000114440918,,1033.5
2014-09-11,4591.81005859375,648.1400146484375,12.800000190734863,,1035.0
2014-09-12,4567.60009765625,639.8900146484375,13.3100004196167,,
2014-09-14,,,,,1009.0999755859375
2014-09-15,4518.89990234375,632.239990234375,14.119999885559082,,1037.4000244140625
2014-09-16,4552.759765625,643.1199951171875,12.729999542236328,,1034.9000244140625
2014-09-17,4562.18994140625,647.8300170898438,12.649999618530273,,1033.5999755859375
2014-09-18,4593.43017578125,657.3599853515625,12.029999732971191,,1042.5999755859375
2014-09-19,4579.7900390625,649.5399780273438,12.109999656677246,,
2014-09-21,,,,,1022.7999877929688
2014-09-22,4527.68994140625,641.3499755859375,13.6899995803833,,1039.800048828125
2014-09-23,4508.68994140625,639.8499755859375,14.930000305175781,,1038.800048828125
2014-09-24,4555.22021484375,647.530029296875,13.270000457763672,,1038.699951171875
2014-09-25,4466.75,635.4199829101562,15.640000343322754,,1042.5999755859375
2014-09-26,4512.18994140625,643.3400268554688,14.850000381469727,,
2014-09-28,,,,,1026.0
2014-09-29,4505.85009765625,644.22998046875,15.979999542236328,,1052.199951171875
2014-09-30,4493.39013671875,638.47998046875,16.309999465942383,,1053.9000244140625
2014-10-01,4422.08984375,623.3599853515625,16.709999084472656,0.09,1061.800048828125
2014-10-02,4430.2001953125,619.6599731445312,16.15999984741211,,1060.199951171875
2014-10-03,4475.6201171875,623.1199951171875,14.550000190734863,,
2014-10-05,,,,,1060.0999755859375
2014-10-06,4454.7998046875,617.969970703125,15.460000038146973,,1067.9000244140625
2014-10-07,4385.2001953125,606.2000122070312,17.200000762939453,,1068.699951171875
2014-10-08,4468.58984375,619.969970703125,15.109999656677246,,1074.0699462890625
2014-10-09,4378.33984375,602.969970703125,18.760000228881836,,1062.5
2014-10-10,4276.240234375,561.4000244140625,21.239999771118164,,
2014-10-12,,,,,1051.9000244140625
2014-10-13,4213.66015625,549.469970703125,24.639999389648438,,1065.5
2014-10-14,4227.169921875,559.6699829101562,22.790000915527344,,1064.199951171875
2014-10-15,4215.31982421875,562.3400268554688,25.270000457763672,,1059.699951171875
2014-10-16,4217.39013671875,570.72998046875,25.200000762939453,,1060.0
2014-10-17,4258.43994140625,575.3300170898438,21.989999771118164,,
2014-10-19,,,,,1063.0
2014-10-20,4316.06982421875,584.1500244140625,18.56999969482422,,1054.9000244140625
2014-10-21,4419.47998046875,605.25,16.079999923706055,,1054.0999755859375
2014-10-22,4382.85009765625,596.9299926757812,17.8700008392334,,1052.199951171875
2014-10-23,4452.7900390625,605.6400146484375,16.530000686645508,,1058.4000244140625
2014-10-24,4483.72021484375,612.0499877929688,16.110000610351562,,
2014-10-27,4485.93017578125,614.22998046875,16.040000915527344,,1055.5999755859375
2014-10-28,4564.2900390625,623.4600219726562,14.390000343322754,,1049.510009765625
2014-10-29,4549.22998046875,624.1900024414062,15.149999618530273,,1045.56005859375
2014-10-30,4566.14013671875,616.9600219726562,14.520000457763672,,1053.0999755859375
2014-10-31,4630.740234375,640.8599853515625,14.029999732971191,,1053.800048828125
2014-11-01,,,,0.09,
2014-11-03,4638.91015625,644.77001953125,14.729999542236328,,1051.199951171875
2014-11-04,4623.64013671875,642.989990234375,14.890000343322754,,1081.5999755859375
2014-11-05,4620.72021484375,649.0399780273438,14.170000076293945,,1076.9000244140625
2014-11-06,4638.47021484375,643.2999877929688,13.670000076293945,,1088.5
2014-11-07,4632.52978515625,637.47998046875,13.119999885559082,,1089.9000244140625
2014-11-10,4651.6201171875,642.25,12.670000076293945,,1064.4000244140625
2014-11-11,4660.56005859375,640.4299926757812,12.920000076293945,,1087.4000244140625
2014-11-12,4675.14013671875,639.760009765625,13.020000457763672,,1095.300048828125
2014-11-13,4680.14013671875,639.7999877929688,13.789999961853027,,1093.5
2014-11-14,4688.5400390625,645.5599975585938,13.3100004196167,,1095.4000244140625
2014-11-17,4671.0,642.5499877929688,13.989999771118164,,1100.0
2014-11-18,4702.43994140625,654.77001953125,13.859999656677246,,1100.0999755859375
2014-11-19,4675.7099609375,650.1799926757812,13.960000038146973,,1100.4000244140625
2014-11-20,4701.8701171875,656.27001953125,13.579999923706055,,1113.0999755859375
2014-11-21,4712.97021484375,662.9500122070312,12.899999618530273,,1111.9000244140625
2014-11-24,4754.89013671875,669.469970703125,12.619999885559082,,1111.699951171875
2014-11-25,4758.25,669.3599853515625,12.25,,1113.5
2014-11-26,4787.31982421875,683.47998046875,12.069999694824219,,1107.9000244140625
2014-11-27,,,,,1102.5
2014-11-28,4791.6298828125,685.739990234375,13.329999923706055,,1099.0999755859375
2014-12-01,4727.35009765625,676.6900024414062,14.15999984741211,0.12,1088.5
2014-12-02,4755.81005859375,681.3499755859375,12.850000381469727,,1108.5999755859375
2014-12-03,4774.47021484375,695.280029296875,12.5,,1113.2099609375
2014-12-04,4769.43994140625,696.1599731445312,12.380000114440918,,1114.699951171875
2014-12-05,4780.759765625,703.1199951171875,11.890000343322754,,1110.1400146484375
2014-12-08,4740.68994140625,693.0,14.210000038146973,,1119.5999755859375
2014-12-09,4766.47021484375,692.8400268554688,15.350000381469727,,1111.4000244140625
2014-12-10,4684.02001953125,679.969970703125,18.530000686645508,,1102.5999755859375
2014-12-11,4708.16015625,683.1500244140625,20.079999923706055,,1100.4000244140625
2014-12-12,4653.60009765625,671.3300170898438,21.079999923706055,,1100.800048828125
2014-12-15,4605.16015625,665.7100219726562,20.420000076293945,,1103.0999755859375
2014-12-16,4547.830078125,661.2999877929688,23.56999969482422,,1097.9000244140625
2014-12-17,4644.31005859375,675.5800170898438,19.440000534057617,,1079.5
2014-12-18,4748.39990234375,688.1199951171875,16.809999465942383,,1098.9000244140625
2014-12-19,4765.3798828125,686.0900268554688,16.489999771118164,,1097.5
2014-12-22,4781.419921875,696.6799926757812,15.25,,1099.300048828125
2014-12-23,4765.419921875,695.3200073242188,14.800000190734863,,1099.0999755859375
2014-12-24,4773.47021484375,696.3499755859375,14.369999885559082,,1106.0999755859375
2014-12-25,,,,,1103.199951171875
2014-12-26,4806.85986328125,697.0,14.5,,1102.0999755859375
2014-12-29,4806.91015625,695.0800170898438,15.0600004196167,,1105.5999755859375
2014-12-30,4777.43994140625,690.989990234375,15.920000076293945,,1098.800048828125
2014-12-31,4736.0498046875,686.8699951171875,19.200000762939453,,1095.300048828125
2015-01-01,,,,0.11,1092.699951171875
2015-01-02,4726.81005859375,686.72998046875,17.790000915527344,,1093.5999755859375
2015-01-05,4652.56982421875,673.5900268554688,19.920000076293945,,1111.0
2015-01-06,4592.740234375,658.8300170898438,21.1200008392334,,1108.5
2015-01-07,4650.47021484375,665.27001953125,19.309999465942383,,1097.300048828125
2015-01-08,4736.18994140625,684.6500244140625,17.010000228881836,,1097.800048828125
2015-01-09,4704.06982421875,685.52001953125,17.549999237060547,,1094.300048828125
2015-01-12,4664.7099609375,671.8200073242188,19.600000381469727,,1081.800048828125
2015-01-13,4661.5,665.5800170898438,20.559999465942383,,1081.4000244140625
2015-01-14,4639.31982421875,661.6500244140625,21.479999542236328,,1077.0999755859375
2015-01-15,4570.81982421875,656.510009765625,22.389999389648438,,1082.0
2015-01-16,4634.3798828125,663.8599853515625,20.950000762939453,,1075.5
2015-01-19,,,,,1078.0
2015-01-20,4654.85009765625,670.5700073242188,19.889999389648438,,1079.0999755859375
2015-01-21,4667.419921875,678.1599731445312,18.850000381469727,,1086.699951171875
2015-01-22,4750.39990234375,682.47998046875,16.399999618530273,,1081.9000244140625
2015-01-23,4757.8798828125,680.5399780273438,16.65999984741211,,1084.699951171875
2015-01-26,4771.759765625,682.3900146484375,15.520000457763672,,1084.5
2015-01-27,4681.5,669.7899780273438,17.219999313354492,,1079.300048828125
2015-01-28,4637.990234375,666.0700073242188,20.440000534057617,,1076.699951171875
2015-01-29,4683.41015625,666.6300048828125,18.760000228881836,,1084.4000244140625
2015-01-30,4635.240234375,653.1400146484375,20.969999313354492,,1098.800048828125
2015-02-01,,,,0.11,
2015-02-02,4676.68994140625,653.1400146484375,19.43000030517578,,1099.0
2015-02-03,4727.740234375,666.9299926757812,17.329999923706055,,1098.0999755859375
2015-02-04,4716.7001953125,669.1500244140625,18.329999923706055,,1091.300048828125
2015-02-05,4765.10009765625,675.6900024414062,16.850000381469727,,1087.5999755859375
2015-02-06,4744.39990234375,671.8400268554688,17.290000915527344,,1084.800048828125
2015-02-09,4726.009765625,664.5399780273438,18.549999237060547,,1096.699951171875
2015-02-10,4787.64013671875,687.030029296875,17.229999542236328,,1094.0999755859375
2015-02-11,4801.18017578125,689.25,16.959999084472656,,1097.5999755859375
2015-02-12,4857.60986328125,700.1900024414062,15.34000015258789,,1105.699951171875
2015-02-13,4893.83984375,705.0800170898438,14.6899995803833,,1101.199951171875
2015-02-16,,,,,1095.4000244140625
2015-02-17,4899.27001953125,707.1400146484375,15.800000190734863,,1100.199951171875
2015-02-18,4906.35986328125,705.1599731445312,15.449999809265137,,1107.300048828125
2015-02-19,4924.7001953125,706.9600219726562,15.289999961853027,,1107.5999755859375
2015-02-20,4955.97021484375,711.25,14.300000190734863,,1110.5999755859375
2015-02-23,4960.97021484375,706.7000122070312,14.5600004196167,,1109.0999755859375
2015-02-24,4968.1201171875,716.1199951171875,13.6899995803833,,1107.699951171875
2015-02-25,4967.14013671875,711.989990234375,13.84000015258789,,1111.300048828125
2015-02-26,4987.89013671875,716.6699829101562,13.90999984741211,,1098.6800537109375
2015-02-27,4963.52978515625,714.6500244140625,13.34000015258789,,1100.6700439453125
2015-03-01,,,,0.11,
2015-03-02,5008.10009765625,734.510009765625,13.039999961853027,,1099.010009765625
2015-03-03,4979.89990234375,720.260009765625,13.859999656677246,,1100.5899658203125
2015-03-04,4967.14013671875,719.5399780273438,14.229999542236328,,1094.9599609375
2015-03-05,4982.81005859375,720.25,14.039999961853027,,1099.25
2015-03-06,4927.3701171875,712.4199829101562,15.199999809265137,,1099.8900146484375
2015-03-09,4942.43994140625,715.030029296875,15.0600004196167,,1108.81005859375
2015-03-10,4859.7900390625,701.2999877929688,16.690000534057617,,1113.5
2015-03-11,4849.93994140625,703.1599731445312,16.8700008392334,,1124.8599853515625
2015-03-12,4893.2900390625,702.77001953125,15.420000076293945,,1128.97998046875
2015-03-13,4871.759765625,707.7899780273438,16.0,,1123.02001953125
2015-03-16,4929.509765625,718.530029296875,15.609999656677246,,1136.219970703125
2015-03-17,4937.43017578125,713.1900024414062,15.65999984741211,,1129.0
2015-03-18,4982.830078125,718.47998046875,13.970000267028809,,1127.1600341796875
2015-03-19,4992.3798828125,720.2000122070312,14.069999694824219,,1109.8900146484375
2015-03-20,5026.419921875,730.9099731445312,13.020000457763672,,1119.300048828125
2015-03-23,5010.97021484375,723.9600219726562,13.40999984741211,,1111.780029296875
2015-03-24,4994.72998046875,717.780029296875,13.619999885559082,,1103.4300537109375
2015-03-25,4876.52001953125,684.72998046875,15.4399995803833,,1101.6700439453125
2015-03-26,4863.35986328125,675.239990234375,15.800000190734863,,1098.97998046875
2015-03-27,4891.22021484375,694.3200073242188,15.069999694824219,,1102.949951171875
2015-03-29,,,,,1101.72998046875
2015-03-30,4947.43994140625,703.739990234375,14.510000228881836,,1105.5
2015-03-31,4900.8798828125,695.47998046875,15.289999961853027,,1107.0999755859375
2015-04-01,4880.22998046875,691.1900024414062,15.109999656677246,0.12,1097.8699951171875
2015-04-02,4886.93994140625,689.1699829101562,14.670000076293945,,1089.1199951171875
2015-04-05,,,,,1089.1199951171875
2015-04-06,4917.31982421875,692.6799926757812,14.739999771118164,,1089.1199951171875
2015-04-07,4910.22998046875,692.9400024414062,14.779999732971191,,1092.3199462890625
2015-04-08,4950.81982421875,697.4500122070312,13.979999542236328,,1090.1500244140625
2015-04-09,4974.56005859375,706.1799926757812,13.09000015258789,,1093.7900390625
2015-04-10,4995.97998046875,709.0499877929688,12.579999923706055,,
2015-04-12,,,,,1091.93994140625
2015-04-13,4988.25,704.52001953125,13.9399995803833,,1099.8900146484375
2015-04-14,4977.2900390625,697.8499755859375,13.670000076293945,,1090.300048828125
2015-04-15,5011.02001953125,709.3200073242188,12.84000015258789,,1093.6199951171875
2015-04-16,5007.7900390625,706.0800170898438,12.600000381469727,,1082.5899658203125
2015-04-17,4931.81005859375,696.0900268554688,13.890000343322754,,
2015-04-19,,,,,1081.8900146484375
2015-04-20,4994.60009765625,702.2899780273438,13.300000190734863,,1081.1800537109375
2015-04-21,5014.10009765625,707.1199951171875,13.25,,1081.3199462890625
2015-04-22,5035.169921875,716.8200073242188,12.710000038146973,,1083.0
2015-04-23,5056.06005859375,705.4600219726562,12.479999542236328,,1080.02001953125
2015-04-24,5092.080078125,693.72998046875,12.289999961853027,,
2015-04-26,,,,,1074.3800048828125
2015-04-27,5060.25,696.1099853515625,13.119999885559082,,1067.81005859375
2015-04-28,5055.419921875,696.239990234375,12.40999984741211,,1062.8499755859375
2015-04-29,5023.64013671875,692.1900024414062,13.390000343322754,,1068.969970703125
2015-04-30,4941.419921875,686.2899780273438,14.550000190734863,,1075.06005859375
2015-05-01,5005.39013671875,705.5,12.699999809265137,0.12,
2015-05-03,,,,,1075.06005859375
2015-05-04,5016.93017578125,704.030029296875,12.850000381469727,,1078.75
2015-05-05,4939.330078125,688.4000244140625,14.3100004196167,,1079.5799560546875
2015-05-06,4919.64013671875,687.4500122070312,15.149999618530273,,1078.6700439453125
2015-05-07,4945.5400390625,695.2000122070312,15.130000114440918,,1091.8900146484375
2015-05-08,5003.5498046875,702.1300048828125,12.859999656677246,,
2015-05-10,,,,,1085.800048828125
2015-05-11,4993.56982421875,702.3099975585938,13.850000381469727,,1095.949951171875
2015-05-12,4976.18994140625,696.1799926757812,13.859999656677246,,1092.3800048828125
2015-05-13,4981.68994140625,700.1300048828125,13.760000228881836,,1091.4000244140625
2015-05-14,5050.7998046875,708.3200073242188,12.739999771118164,,1088.239990234375
2015-05-15,5048.2900390625,709.52001953125,12.380000114440918,,
2015-05-17,,,,,1081.8399658203125
2015-05-18,5078.43994140625,716.5399780273438,12.729999542236328,,1088.239990234375
2015-05-19,5070.02978515625,713.3900146484375,12.850000381469727,,1093.5
2015-05-20,5071.740234375,714.47998046875,12.880000114440918,,1095.4100341796875
2015-05-21,5090.7900390625,718.4400024414062,12.109999656677246,,1091.47998046875
2015-05-22,5089.35986328125,720.2000122070312,12.130000114440918,,
2015-05-24,,,,,1094.75
2015-05-25,,,,,1095.75
2015-05-26,5032.75,714.75,14.0600004196167,,1105.8699951171875
2015-05-27,5106.58984375,742.3499755859375,13.270000457763672,,1107.4200439453125
2015-05-28,5097.97998046875,743.27001953125,13.3100004196167,,1107.0
2015-05-29,5070.02978515625,745.4099731445312,13.84000015258789,,
2015-05-31,,,,,1111.4200439453125
2015-06-01,5082.93017578125,746.0800170898438,13.970000267028809,0.13,1113.800048828125
2015-06-02,5076.52001953125,737.280029296875,14.239999771118164,,1106.530029296875
2015-06-03,5099.22998046875,732.7000122070312,13.65999984741211,,1105.68994140625
2015-06-04,5059.1201171875,725.8099975585938,14.710000038146973,,1111.699951171875
2015-06-05,5068.4599609375,726.2899780273438,14.210000038146973,,
2015-06-07,,,,,1122.300048828125
2015-06-08,5021.6298828125,712.3699951171875,15.289999961853027,,1117.1099853515625
2015-06-09,5013.8701171875,711.5999755859375,14.470000267028809,,1119.0799560546875
2015-06-10,5076.68994140625,720.9400024414062,13.220000267028809,,1108.719970703125
2015-06-11,5082.509765625,720.530029296875,12.850000381469727,,1110.4000244140625
2015-06-12,5051.10009765625,714.1300048828125,13.779999732971191,,
2015-06-14,,,,,1110.3499755859375
2015-06-15,5029.97021484375,712.6300048828125,15.390000343322754,,1114.530029296875
2015-06-16,5055.5498046875,715.0700073242188,14.8100004196167,,1116.77001953125
2015-06-17,5064.8798828125,715.1900024414062,14.5,,1111.5899658203125
2015-06-18,5132.9501953125,725.5999755859375,13.1899995803833,,1103.25
2015-06-19,5117.0,723.3699951171875,13.960000038146973,,
2015-06-21,,,,,1101.219970703125
2015-06-22,5153.97021484375,728.219970703125,12.739999771118164,,1098.780029296875
2015-06-23,5160.08984375,723.8800048828125,12.109999656677246,,1103.969970703125
2015-06-24,5122.41015625,716.489990234375,13.260000228881836,,1107.9200439453125
2015-06-25,5112.18994140625,715.8300170898438,14.010000228881836,,1109.93994140625
2015-06-26,5080.509765625,698.3599853515625,14.020000457763672,,
2015-06-28,,,,,1120.9000244140625
2015-06-29,4958.47021484375,678.0700073242188,18.850000381469727,,1118.219970703125
2015-06-30,4986.8701171875,680.5399780273438,18.229999542236328,,1117.56005859375
2015-07-01,5013.1201171875,682.1300048828125,16.09000015258789,0.13,1122.9300537109375
2015-07-02,5009.2099609375,685.510009765625,16.790000915527344,,1120.949951171875
2015-07-05,,,,,1120.949951171875
2015-07-06,4991.93994140625,675.1099853515625,17.010000228881836,,1124.22998046875
2015-07-07,4997.4599609375,672.9099731445312,16.09000015258789,,1132.9300537109375
2015-07-08,4909.759765625,655.25,19.65999984741211,,1134.43994140625
2015-07-09,4922.39990234375,646.6400146484375,19.969999313354492,,1131.030029296875
2015-07-10,4997.7001953125,658.8800048828125,16.829999923706055,,
2015-07-12,,,,,1129.0400390625
2015-07-13,5071.509765625,663.969970703125,13.899999618530273,,1134.8199462890625
2015-07-14,5104.89013671875,671.1599731445312,13.369999885559082,,1141.3699951171875
2015-07-15,5098.93994140625,667.02001953125,13.229999542236328,,1144.9200439453125
2015-07-16,5163.18017578125,668.6099853515625,12.109999656677246,,1145.1500244140625
2015-07-17,5210.14013671875,667.0499877929688,11.949999809265137,,
2015-07-19,,,,,1148.1099853515625
2015-07-20,5218.85986328125,662.5,12.25,,1154.550048828125
2015-07-21,5208.1201171875,662.8599853515625,12.220000267028809,,1146.8599853515625
2015-07-22,5171.77001953125,646.1300048828125,12.119999885559082,,1155.530029296875
2015-07-23,5146.41015625,655.510009765625,12.640000343322754,,1160.260009765625
2015-07-24,5088.6298828125,642.47998046875,13.739999771118164,,
2015-07-26,,,,,1168.199951171875
2015-07-27,5039.77978515625,637.8800048828125,15.600000381469727,,1165.030029296875
2015-07-28,5089.2099609375,650.9000244140625,13.4399995803833,,1159.52001953125
2015-07-29,5111.72998046875,651.75,12.5,,1160.0699462890625
2015-07-30,5128.77978515625,654.1500244140625,12.130000114440918,,1170.77001953125
2015-07-31,5128.27978515625,646.2899780273438,12.119999885559082,,
2015-08-01,,,,0.14,
2015-08-02,,,,,1164.6400146484375
2015-08-03,5115.3798828125,644.3499755859375,12.5600004196167,,1168.699951171875
2015-08-04,5105.5498046875,637.1799926757812,13.0,,1167.1300048828125
2015-08-05,5139.93994140625,644.6199951171875,12.510000228881836,,1171.93994140625
2015-08-06,5056.43994140625,633.1300048828125,13.770000457763672,,1161.530029296875
2015-08-07,5043.5400390625,636.8200073242188,13.390000343322754,,
2015-08-09,,,,,1161.530029296875
2015-08-10,5101.7998046875,652.6500244140625,12.229999542236328,,1157.050048828125
2015-08-11,5036.7900390625,637.8499755859375,13.710000038146973,,1177.280029296875
2015-08-12,5044.39013671875,641.52001953125,13.609999656677246,,1173.0
2015-08-13,5033.56005859375,634.8699951171875,13.489999771118164,,1176.449951171875
2015-08-14,5048.240234375,631.0399780273438,12.829999923706055,,
2015-08-16,,,,,1177.199951171875
2015-08-17,5091.7001953125,637.25,13.020000457763672,,1181.5799560546875
2015-08-18,5059.35009765625,624.010009765625,13.789999961853027,,1184.449951171875
2015-08-19,5019.0498046875,618.3200073242188,15.25,,1181.2099609375
2015-08-20,4877.490234375,594.780029296875,19.139999389648438,,1182.530029296875
2015-08-21,4706.0400390625,578.5900268554688,28.030000686645508,,
2015-08-23,,,,,1193.5699462890625
2015-08-24,4526.25,566.5800170898438,40.7400016784668,,1189.5799560546875
2015-08-25,4506.490234375,559.5900268554688,36.02000045776367,,1189.1600341796875
2015-08-26,4697.5400390625,587.8200073242188,30.31999969482422,,1181.1600341796875
2015-08-27,4812.7099609375,609.760009765625,26.100000381469727,,1171.989990234375
2015-08-28,4828.31982421875,613.9099731445312,26.049999237060547,,
2015-08-30,,,,,1177.5999755859375
2015-08-31,4776.509765625,611.0399780273438,28.43000030517578,,1180.949951171875
2015-09-01,4636.10009765625,590.1199951171875,31.399999618530273,0.14,1177.280029296875
2015-09-02,4749.97998046875,603.780029296875,26.09000015258789,,1182.1600341796875
2015-09-03,4733.5,608.5800170898438,25.610000610351562,,1189.1199951171875
2015-09-04,4683.919921875,597.6199951171875,27.799999237060547,,
2015-09-06,,,,,1199.510009765625
2015-09-07,,,,,1201.18994140625
2015-09-08,4811.93017578125,624.0599975585938,24.899999618530273,,1193.0
2015-09-09,4756.52978515625,612.8300170898438,26.229999542236328,,1190.3399658203125
2015-09-10,4796.25,615.3400268554688,24.3700008392334,,1180.5999755859375
2015-09-11,4822.33984375,615.8099975585938,23.200000762939453,,
2015-09-13,,,,,1180.550048828125
2015-09-14,4805.759765625,617.6699829101562,24.25,,1182.0
2015-09-15,4860.52001953125,625.1400146484375,22.540000915527344,,1176.81005859375
2015-09-16,4889.240234375,626.5700073242188,21.350000381469727,,1169.199951171875
2015-09-17,4893.9501953125,621.0499877929688,21.139999389648438,,1164.8900146484375
2015-09-18,4827.22998046875,610.75,22.280000686645508,,
2015-09-20,,,,,1171.1099853515625
2015-09-21,4828.9501953125,608.72998046875,20.139999389648438,,1176.47998046875
2015-09-22,4756.72021484375,595.0599975585938,22.440000534057617,,1182.5400390625
2015-09-23,4752.740234375,590.739990234375,22.1299991607666,,1192.4100341796875
2015-09-24,4734.47998046875,589.7100219726562,23.469999313354492,,1188.93994140625
2015-09-25,4686.5,592.8800048828125,23.6200008392334,,
2015-09-27,,,,,1191.3199462890625
2015-09-28,4543.97021484375,576.4199829101562,27.6299991607666,,1193.81005859375
2015-09-29,4517.31982421875,580.47998046875,26.829999923706055,,1194.1600341796875
2015-09-30,4620.16015625,602.72998046875,24.5,,1183.8399658203125
2015-10-01,4627.080078125,595.6199951171875,22.549999237060547,0.12,1177.0999755859375
2015-10-02,4707.77978515625,608.4600219726562,20.940000534057617,,
2015-10-04,,,,,1171.0899658203125
2015-10-05,4781.259765625,619.8499755859375,19.540000915527344,,1159.5699462890625
2015-10-06,4748.35986328125,621.9500122070312,19.399999618530273,,1159.3199462890625
2015-10-07,4791.14990234375,631.3200073242188,18.399999618530273,,1156.75
2015-10-08,4810.7900390625,634.8099975585938,17.420000076293945,,1150.9000244140625
2015-10-09,4830.47021484375,629.510009765625,17.079999923706055,,
2015-10-11,,,,,1146.010009765625
2015-10-12,4838.64013671875,630.5399780273438,16.170000076293945,,1142.2099609375
2015-10-13,4796.60986328125,622.280029296875,17.670000076293945,,1148.0699462890625
2015-10-14,4782.85009765625,645.7000122070312,18.030000686645508,,1135.75
2015-10-15,4870.10009765625,651.8900146484375,16.049999237060547,,1121.0400390625
2015-10-16,4886.68994140625,652.6300048828125,15.050000190734863,,
2015-10-18,,,,,1129.719970703125
2015-10-19,4905.47021484375,652.8800048828125,14.979999542236328,,1130.3699951171875
2015-10-20,4880.97021484375,651.8699951171875,15.75,,1129.469970703125
2015-10-21,4840.1201171875,653.239990234375,16.700000762939453,,1138.0400390625
2015-10-22,4920.0498046875,675.9500122070312,14.449999809265137,,1128.6700439453125
2015-10-23,5031.85986328125,683.7100219726562,14.460000038146973,,
2015-10-26,5034.7001953125,670.1900024414062,15.289999961853027,,1134.010009765625
2015-10-27,5030.14990234375,665.7100219726562,15.430000305175781,,1128.739990234375
2015-10-28,5095.68994140625,677.2100219726562,14.329999923706055,,1134.02001953125
2015-10-29,5074.27001953125,656.9400024414062,14.609999656677246,,1143.5999755859375
2015-10-30,5053.75,662.52001953125,15.069999694824219,,1139.8599853515625
2015-11-01,,,,0.12,
2015-11-02,5127.14990234375,668.530029296875,14.149999618530273,,1139.1600341796875
2015-11-03,5145.1298828125,671.6900024414062,14.539999961853027,,1136.6199951171875
2015-11-04,5142.47998046875,673.47998046875,15.510000228881836,,1127.800048828125
2015-11-05,5127.740234375,659.3599853515625,15.050000190734863,,1133.1600341796875
2015-11-06,5147.1201171875,676.469970703125,14.329999923706055,,1136.3599853515625
2015-11-09,5095.2998046875,669.9400024414062,16.520000457763672,,1150.780029296875
2015-11-10,5083.240234375,657.9600219726562,15.289999961853027,,1157.1099853515625
2015-11-11,5067.02001953125,658.280029296875,16.059999465942383,,1157.06005859375
2015-11-12,5005.080078125,649.77001953125,18.3700008392334,,1153.6600341796875
2015-11-13,4927.8798828125,643.7100219726562,20.079999923706055,,1157.260009765625
2015-11-16,4984.6201171875,652.030029296875,18.15999984741211,,1168.3399658203125
2015-11-17,4986.02001953125,655.8200073242188,18.84000015258789,,1167.0899658203125
2015-11-18,5075.2001953125,662.1400146484375,16.850000381469727,,1168.5
2015-11-19,5073.64013671875,663.6300048828125,16.989999771118164,,1164.4599609375
2015-11-20,5104.919921875,665.760009765625,15.470000267028809,,1153.68994140625
2015-11-23,5102.47998046875,657.1799926757812,15.619999885559082,,1152.6199951171875
2015-11-24,5102.81005859375,665.6099853515625,15.930000305175781,,1157.0899658203125
2015-11-25,5116.14013671875,666.0900268554688,15.1899995803833,,1145.0
2015-11-26,,,,,1143.050048828125
2015-11-27,5127.52001953125,670.510009765625,15.119999885559082,,1146.8599853515625
2015-11-30,5108.669921875,677.1400146484375,16.1299991607666,,1154.8299560546875
2015-12-01,5156.31005859375,686.52001953125,14.670000076293945,0.24,1158.239990234375
2015-12-02,5123.22021484375,682.6900024414062,15.90999984741211,,1153.9000244140625
2015-12-03,5037.52978515625,678.719970703125,18.110000610351562,,1160.760009765625
2015-12-04,5142.27001953125,691.489990234375,14.8100004196167,,1152.27001953125
2015-12-07,5101.81005859375,684.8599853515625,15.84000015258789,,1161.6400146484375
2015-12-08,5098.240234375,679.030029296875,17.600000381469727,,1174.4100341796875
2015-12-09,5022.8701171875,670.2899780273438,19.610000610351562,,1178.5899658203125
2015-12-10,5045.169921875,674.22998046875,19.34000015258789,,1179.719970703125
2015-12-11,4933.47021484375,660.780029296875,24.389999389648438,,1177.2900390625
2015-12-14,4952.22998046875,656.489990234375,22.729999542236328,,1185.5799560546875
2015-12-15,4995.35986328125,666.469970703125,20.950000762939453,,1183.6500244140625
2015-12-16,5071.1298828125,671.7000122070312,17.860000610351562,,1172.739990234375
2015-12-17,5002.5498046875,661.7100219726562,18.940000534057617,,1170.050048828125
2015-12-18,4923.080078125,653.719970703125,20.700000762939453,,1183.06005859375
2015-12-21,4968.919921875,666.1300048828125,18.700000762939453,,1180.4300537109375
2015-12-22,5001.10986328125,667.1099853515625,16.600000381469727,,1173.6099853515625
2015-12-23,5045.93017578125,671.780029296875,15.569999694824219,,1169.1099853515625
2015-12-24,5048.490234375,674.3900146484375,15.739999771118164,,1172.1600341796875
2015-12-25,,,,,1167.8800048828125
2015-12-28,5040.990234375,671.75,16.90999984741211,,1167.8800048828125
2015-12-29,5107.93994140625,679.780029296875,16.079999923706055,,1165.8499755859375
2015-12-30,5065.85009765625,673.0800170898438,17.290000915527344,,1169.449951171875
2015-12-31,5007.41015625,663.47998046875,18.209999084472656,,1175.43994140625
2016-01-01,,,,0.34,1174.1099853515625
2016-01-04,4903.08984375,656.280029296875,20.700000762939453,,1174.1099853515625
2016-01-05,4891.43017578125,649.469970703125,19.34000015258789,,1187.3599853515625
2016-01-06,4835.759765625,631.2000122070312,20.59000015258789,,1188.719970703125
2016-01-07,4689.43017578125,610.25,24.989999771118164,,1198.739990234375
2016-01-08,4643.6298828125,600.47998046875,27.010000228881836,,1195.3900146484375
2016-01-11,4637.990234375,603.5499877929688,24.299999237060547,,1205.93994140625
2016-01-12,4685.919921875,608.5599975585938,22.469999313354492,,1202.719970703125
2016-01-13,4526.06005859375,589.47998046875,25.219999313354492,,1208.5
2016-01-14,4615.0,601.5700073242188,23.950000762939453,,1210.3299560546875
2016-01-15,4488.419921875,574.2899780273438,27.020000457763672,,1206.43994140625
2016-01-18,,,,,1212.81005859375
2016-01-19,4476.9501953125,575.1799926757812,26.049999237060547,,1208.8399658203125
2016-01-20,4471.68994140625,578.9400024414062,27.59000015258789,,1205.75
2016-01-21,4472.06005859375,587.5599975585938,26.690000534057617,,1207.25
2016-01-22,4591.18017578125,598.4199829101562,22.34000015258789,,1202.0699462890625
2016-01-25,4518.490234375,589.8099975585938,24.149999618530273,,1195.5699462890625
2016-01-26,4567.669921875,595.8599853515625,22.5,,1197.3599853515625
2016-01-27,4468.169921875,588.6799926757812,23.110000610351562,,1196.780029296875
2016-01-28,4506.68017578125,586.8499755859375,22.420000076293945,,1206.6800537109375
2016-01-29,4613.9501953125,613.6799926757812,20.200000762939453,,1205.6300048828125
2016-02-01,4620.3701171875,616.5999755859375,19.979999542236328,0.38,1206.1099853515625
2016-02-02,4516.9501953125,595.7000122070312,21.979999542236328,,1200.9599609375
2016-02-03,4504.240234375,597.1099853515625,21.649999618530273,,1211.5
2016-02-04,4509.56005859375,607.719970703125,21.84000015258789,,1199.699951171875
2016-02-05,4363.14013671875,586.25,23.3799991607666,,1190.8499755859375
2016-02-08,4283.75,571.4500122070312,26.0,,1204.3499755859375
2016-02-09,4268.759765625,567.989990234375,26.540000915527344,,1202.6700439453125
2016-02-10,4283.58984375,563.6500244140625,26.290000915527344,,1197.1500244140625
2016-02-11,4266.83984375,559.1799926757812,28.139999389648438,,1187.949951171875
2016-02-12,4337.509765625,571.9000244140625,25.399999618530273,,1197.449951171875
2016-02-15,,,,,1205.0
2016-02-16,4435.9599609375,591.9299926757812,24.110000610351562,,1211.25
2016-02-17,4534.06005859375,606.0499877929688,22.309999465942383,,1215.8499755859375
2016-02-18,4487.5400390625,602.52001953125,21.639999389648438,,1224.050048828125
2016-02-19,4504.43017578125,605.4600219726562,20.530000686645508,,1227.4000244140625
2016-02-22,4570.60986328125,615.0,19.3799991607666,,1231.8699951171875
2016-02-23,4503.580078125,604.8699951171875,20.979999542236328,,1220.949951171875
2016-02-24,4542.60986328125,613.3400268554688,20.719999313354492,,1229.949951171875
2016-02-25,4582.2001953125,621.0700073242188,19.110000610351562,,1231.4000244140625
2016-02-26,4590.47021484375,624.6500244140625,19.809999465942383,,1232.3499755859375
2016-02-29,4557.9501953125,622.1099853515625,20.549999237060547,,1241.1300048828125
2016-03-01,4689.60009765625,639.9000244140625,17.700000762939453,0.36,1236.199951171875
2016-03-02,4703.419921875,643.3099975585938,17.09000015258789,,1225.1500244140625
2016-03-03,4707.419921875,643.8900146484375,16.700000762939453,,1224.5
2016-03-04,4717.02001953125,650.6199951171875,16.860000610351562,,1210.030029296875
2016-03-07,4708.25,652.6799926757812,17.350000381469727,,1196.5
2016-03-08,4648.81982421875,638.010009765625,18.670000076293945,,1198.75
2016-03-09,4674.3798828125,643.27001953125,18.34000015258789,,1208.1800537109375
2016-03-10,4662.16015625,646.5800170898438,18.049999237060547,,1208.1500244140625
2016-03-11,4748.47021484375,659.1400146484375,16.5,,1203.949951171875
2016-03-14,4750.27978515625,656.3499755859375,16.920000076293945,,1185.9000244140625
2016-03-15,4728.669921875,655.4099731445312,16.84000015258789,,1185.75
2016-03-16,4763.97021484375,661.1900024414062,14.989999771118164,,1191.969970703125
2016-03-17,4774.990234375,665.9500122070312,14.4399995803833,,1175.8499755859375
2016-03-18,4795.64990234375,675.030029296875,14.020000457763672,,1152.75
2016-03-21,4808.8701171875,675.9600219726562,13.789999961853027,,1162.300048828125
2016-03-22,4821.66015625,675.2999877929688,14.170000076293945,,1159.0999755859375
2016-03-23,4768.85986328125,666.4600219726562,14.9399995803833,,1154.800048828125
2016-03-24,4773.5,666.1400146484375,14.739999771118164,,1166.1500244140625
2016-03-25,,,,,1166.1500244140625
2016-03-27,,,,,1166.1500244140625
2016-03-28,4766.7900390625,665.2100219726562,15.239999771118164,,1166.1500244140625
2016-03-29,4846.6201171875,674.1400146484375,13.819999694824219,,1156.0799560546875
2016-03-30,4869.2900390625,680.7899780273438,13.5600004196167,,1140.22998046875
2016-03-31,4869.85009765625,676.8900146484375,13.949999809265137,,1140.800048828125
2016-04-01,4914.5400390625,681.5900268554688,13.100000381469727,0.37,
2016-04-03,,,,,1145.8199462890625
2016-04-04,4891.7998046875,675.3900146484375,14.119999885559082,,1148.6300048828125
2016-04-05,4843.93017578125,671.3300170898438,15.420000076293945,,1158.5
2016-04-06,4920.72021484375,678.2100219726562,14.09000015258789,,1153.1500244140625
2016-04-07,4848.3701171875,667.4600219726562,16.15999984741211,,1156.1500244140625
2016-04-08,4850.68994140625,671.3099975585938,15.359999656677246,,
2016-04-10,,,,,1149.5
2016-04-11,4833.39990234375,670.5999755859375,16.260000228881836,,1140.5
2016-04-12,4872.08984375,669.739990234375,14.850000381469727,,1140.050048828125
2016-04-13,4947.419921875,685.1500244140625,13.84000015258789,,1143.75
2016-04-14,4945.89013671875,679.280029296875,13.720000267028809,,1151.5999755859375
2016-04-15,4938.22021484375,673.489990234375,13.619999885559082,,
2016-04-17,,,,,1145.0999755859375
2016-04-18,4960.02001953125,673.9600219726562,13.350000381469727,,1141.5999755859375
2016-04-19,4940.330078125,665.6099853515625,13.239999771118164,,1125.8499755859375
2016-04-20,4948.1298828125,672.1500244140625,13.279999732971191,,1130.0999755859375
2016-04-21,4945.89013671875,667.6799926757812,13.949999809265137,,1138.25
2016-04-22,4906.22998046875,669.030029296875,13.220000267028809,,
2016-04-24,,,,,1147.6500244140625
2016-04-25,4895.7900390625,665.3200073242188,14.079999923706055,,1148.52001953125
2016-04-26,4888.27978515625,674.4199829101562,13.960000038146973,,1144.8800048828125
2016-04-27,4863.14013671875,681.260009765625,13.770000457763672,,1146.0999755859375
2016-04-28,4805.2900390625,662.6900024414062,15.220000267028809,,1134.0
2016-04-29,4775.35986328125,645.3400268554688,15.699999809265137,,
2016-05-01,,,,0.37,1143.0
2016-05-02,4817.58984375,650.27001953125,14.680000305175781,,1135.5
2016-05-03,4763.22021484375,642.6199951171875,15.600000381469727,,1149.97998046875
2016-05-04,4725.64013671875,634.9000244140625,16.049999237060547,,1164.75
2016-05-05,4717.08984375,636.8099975585938,15.90999984741211,,1164.5
2016-05-06,4736.16015625,637.5,14.720000267028809,,
2016-05-08,,,,,1167.3399658203125
2016-05-09,4750.2099609375,636.5399780273438,14.569999694824219,,1173.050048828125
2016-05-10,4809.8798828125,644.2999877929688,13.630000114440918,,1169.3299560546875
2016-05-11,4760.68994140625,642.2899780273438,14.6899995803833,,1162.9000244140625
2016-05-12,4737.330078125,630.77001953125,14.40999984741211,,1167.4000244140625
2016-05-13,4717.68017578125,633.260009765625,15.039999961853027,,
2016-05-15,,,,,1174.9000244140625
2016-05-16,4775.4599609375,643.3300170898438,14.680000305175781,,1176.449951171875
2016-05-17,4715.72998046875,638.8900146484375,15.569999694824219,,1173.3299560546875
2016-05-18,4739.1201171875,649.3499755859375,15.949999809265137,,1186.8499755859375
2016-05-19,4712.52978515625,644.739990234375,16.329999923706055,,1185.449951171875
2016-05-20,4769.56005859375,665.0800170898438,15.199999809265137,,
2016-05-22,,,,,1188.4599609375
2016-05-23,4765.77978515625,669.4600219726562,15.819999694824219,,1181.550048828125
2016-05-24,4861.06005859375,685.6400146484375,14.420000076293945,,1185.550048828125
2016-05-25,4894.89013671875,689.469970703125,13.899999618530273,,1178.8499755859375
2016-05-26,4901.77001953125,691.5800170898438,13.430000305175781,,1177.949951171875
2016-05-27,4933.5,695.7100219726562,13.119999885559082,,
2016-05-29,,,,,1184.25
2016-05-30,,,,,1198.449951171875
2016-05-31,4948.0498046875,699.3599853515625,14.1899995803833,,1187.739990234375
2016-06-01,4952.25,703.2899780273438,14.199999809265137,0.38,1190.1500244140625
2016-06-02,4971.35986328125,703.4299926757812,13.630000114440918,,1184.300048828125
2016-06-03,4942.52001953125,705.5999755859375,13.470000267028809,,
2016-06-05,,,,,1161.5899658203125
2016-06-06,4968.7099609375,703.7000122070312,13.649999618530273,,1157.9000244140625
2016-06-07,4961.75,710.5499877929688,14.050000190734863,,1154.5
2016-06-08,4974.64013671875,710.1900024414062,14.079999923706055,,1150.25
2016-06-09,4958.6201171875,710.9199829101562,14.640000343322754,,1156.199951171875
2016-06-10,4894.5498046875,699.0399780273438,17.030000686645508,,
2016-06-12,,,,,1169.47998046875
2016-06-13,4848.43994140625,695.4199829101562,20.969999313354492,,1170.1500244140625
2016-06-14,4843.5498046875,695.469970703125,20.5,,1173.3900146484375
2016-06-15,4834.93017578125,694.8599853515625,20.139999389648438,,1166.699951171875
2016-06-16,4844.919921875,694.780029296875,19.3700008392334,,1169.5799560546875
2016-06-17,4800.33984375,689.0900268554688,19.40999984741211,,
2016-06-19,,,,,1168.56005859375
2016-06-20,4837.2099609375,697.0800170898438,18.3700008392334,,1159.3499755859375
2016-06-21,4843.759765625,699.4000244140625,18.479999542236328,,1151.5999755859375
2016-06-22,4833.31982421875,698.25,21.170000076293945,,1149.9000244140625
2016-06-23,4910.0400390625,716.6699829101562,17.25,,1141.260009765625
2016-06-24,4707.97998046875,675.4000244140625,25.760000228881836,,
2016-06-26,,,,,1170.6099853515625
2016-06-27,4594.43994140625,648.3200073242188,23.850000381469727,,1177.6500244140625
2016-06-28,4691.8701171875,665.75,18.75,,1165.3800048828125
2016-06-29,4779.25,679.3699951171875,16.639999389648438,,1152.1500244140625
2016-06-30,4842.669921875,691.6699829101562,15.630000114440918,,1151.25
2016-07-01,4862.56982421875,685.010009765625,14.770000457763672,0.39,
2016-07-03,,,,,1148.0
2016-07-04,,,,,1151.4000244140625
2016-07-05,4822.89990234375,672.510009765625,15.579999923706055,,1154.949951171875
2016-07-06,4859.16015625,673.5499877929688,14.960000038146973,,1155.25
2016-07-07,4876.81005859375,681.8200073242188,14.760000228881836,,1155.6500244140625
2016-07-08,4956.759765625,701.0700073242188,13.199999809265137,,
2016-07-10,,,,,1147.7099609375
2016-07-11,4988.64013671875,708.9000244140625,13.539999961853027,,1148.0699462890625
2016-07-12,5022.81982421875,718.3599853515625,13.550000190734863,,1141.0
2016-07-13,5005.72998046875,718.9000244140625,13.039999961853027,,1142.6500244140625
2016-07-14,5034.06005859375,724.22998046875,12.819999694824219,,1129.25
2016-07-15,5029.58984375,723.6400146484375,12.670000076293945,,
2016-07-17,,,,,1136.5999755859375
2016-07-18,5055.77978515625,734.5399780273438,12.4399995803833,,1133.050048828125
2016-07-19,5036.3701171875,731.780029296875,11.970000267028809,,1139.199951171875
2016-07-20,5089.93017578125,743.739990234375,11.770000457763672,,1140.949951171875
2016-07-21,5073.89990234375,738.2999877929688,12.739999771118164,,1136.050048828125
2016-07-22,5100.16015625,742.3699951171875,12.020000457763672,,
2016-07-24,,,,,1134.0
2016-07-25,5097.6298828125,746.4400024414062,12.869999885559082,,1141.530029296875
2016-07-26,5110.0498046875,774.9199829101562,13.050000190734863,,1134.550048828125
2016-07-27,5139.81005859375,774.9299926757812,12.829999923706055,,1129.050048828125
2016-07-28,5154.97998046875,770.52001953125,12.720000267028809,,1123.3499755859375
2016-07-29,5162.1298828125,766.780029296875,11.869999885559082,,
2016-07-31,,,,,1109.949951171875
2016-08-01,5184.2001953125,768.02001953125,12.4399995803833,0.4,1105.449951171875
2016-08-02,5137.72998046875,755.72998046875,13.369999885559082,,1111.8399658203125
2016-08-03,5159.740234375,756.530029296875,12.859999656677246,,1113.449951171875
2016-08-04,5166.25,763.5700073242188,12.420000076293945,,1109.949951171875
2016-08-05,5221.1201171875,773.780029296875,11.390000343322754,,
2016-08-07,,,,,1113.3499755859375
2016-08-08,5213.14013671875,772.4400024414062,11.5,,1104.6500244140625
2016-08-09,5225.47998046875,778.780029296875,11.65999984741211,,1099.9000244140625
2016-08-10,5204.580078125,772.8200073242188,12.050000190734863,,1094.25
2016-08-11,5228.39990234375,776.260009765625,11.680000305175781,,1095.949951171875
2016-08-12,5232.89013671875,779.8400268554688,11.550000190734863,,
2016-08-14,,,,,1102.47998046875
2016-08-15,5262.02001953125,790.4400024414062,11.8100004196167,,1097.3599853515625
2016-08-16,5227.10986328125,784.6099853515625,12.640000343322754,,1094.030029296875
2016-08-17,5228.66015625,784.6099853515625,12.1899995803833,,1104.5
2016-08-18,5240.14990234375,790.1599731445312,11.430000305175781,,1106.9599609375
2016-08-19,5238.3798828125,797.0599975585938,11.34000015258789,,
2016-08-21,,,,,1117.3900146484375
2016-08-22,5244.60009765625,797.2899780273438,12.270000457763672,,1122.5699462890625
2016-08-23,5260.080078125,801.3099975585938,12.380000114440918,,1119.3900146484375
2016-08-24,5217.68994140625,794.3400268554688,13.449999809265137,,1119.7900390625
2016-08-25,5212.2001953125,797.469970703125,13.630000114440918,,1114.1300048828125
2016-08-26,5218.919921875,801.4000244140625,13.649999618530273,,
2016-08-28,,,,,1121.75
2016-08-29,5232.330078125,803.6199951171875,12.9399995803833,,1118.3299560546875
2016-08-30,5222.990234375,802.0700073242188,13.119999885559082,,1118.3800048828125
2016-08-31,5213.22021484375,801.47998046875,13.420000076293945,,1114.43994140625
2016-09-01,5227.2099609375,808.3599853515625,13.479999542236328,0.4,1116.5999755859375
2016-09-02,5249.89990234375,806.9500122070312,11.979999542236328,,
2016-09-04,,,,,1114.8499755859375
2016-09-05,,,,,1103.4300537109375
2016-09-06,5275.91015625,805.0999755859375,12.020000457763672,,1094.5899658203125
2016-09-07,5283.93017578125,799.2000122070312,11.9399995803833,,1088.800048828125
2016-09-08,5259.47998046875,797.5700073242188,12.510000228881836,,1097.3900146484375
2016-09-09,5125.91015625,768.3699951171875,17.5,,
2016-09-11,,,,,1103.5999755859375
2016-09-12,5211.89013671875,783.9500122070312,15.15999984741211,,1107.4599609375
2016-09-13,5155.25,776.72998046875,17.850000381469727,,1126.530029296875
2016-09-14,5173.77001953125,783.719970703125,18.139999389648438,,1125.75
2016-09-15,5249.68994140625,801.77001953125,16.299999237060547,,1123.5999755859375
2016-09-16,5244.56982421875,801.5499877929688,15.369999885559082,,
2016-09-18,,,,,1124.9000244140625
2016-09-19,5235.02978515625,803.0599975585938,15.529999732971191,,1118.43994140625
2016-09-20,5241.35009765625,799.1099853515625,15.920000076293945,,1116.1500244140625
2016-09-21,5295.18017578125,810.6500244140625,13.300000190734863,,1104.3699951171875
2016-09-22,5339.52001953125,813.510009765625,12.020000457763672,,1101.989990234375
2016-09-23,5305.75,804.5900268554688,12.289999961853027,,
2016-09-25,,,,,1101.800048828125
2016-09-26,5257.490234375,796.6400146484375,14.5,,1107.4599609375
2016-09-27,5305.7099609375,810.8400268554688,13.100000381469727,,1095.9000244140625
2016-09-28,5318.5498046875,812.469970703125,12.390000343322754,,1091.0799560546875
2016-09-29,5269.14990234375,822.6400146484375,14.020000457763672,,1101.6199951171875
2016-09-30,5312.0,835.5999755859375,13.289999961853027,,
2016-10-01,,,,0.4,
2016-10-02,,,,,1102.1500244140625
2016-10-03,5300.8701171875,829.489990234375,13.569999694824219,,1103.239990234375
2016-10-04,5289.66015625,827.3400268554688,13.630000114440918,,1115.3599853515625
2016-10-05,5316.02001953125,833.7100219726562,12.989999771118164,,1113.1800537109375
2016-10-06,5306.85009765625,838.5999755859375,12.84000015258789,,1114.8900146484375
2016-10-07,5292.39990234375,837.02001953125,13.479999542236328,,
2016-10-09,,,,,1115.8499755859375
2016-10-10,5328.669921875,832.9099731445312,13.380000114440918,,1106.6199951171875
2016-10-11,5246.7900390625,815.3099975585938,15.359999656677246,,1123.6800537109375
2016-10-12,5239.02001953125,812.6199951171875,15.90999984741211,,1123.81005859375
2016-10-13,5213.330078125,803.0499877929688,16.690000534057617,,1128.1199951171875
2016-10-14,5214.16015625,809.3900146484375,16.1200008392334,,
2016-10-16,,,,,1136.050048828125
2016-10-17,5199.81982421875,805.0,16.209999084472656,,1135.6300048828125
2016-10-18,5243.83984375,814.739990234375,15.279999732971191,,1124.6199951171875
2016-10-19,5246.41015625,810.9299926757812,14.40999984741211,,1119.6099853515625
2016-10-20,5241.830078125,816.719970703125,13.75,,1130.22998046875
2016-10-21,5257.39990234375,814.530029296875,13.34000015258789,,
2016-10-23,,,,,1135.5999755859375
2016-10-24,5309.830078125,829.7899780273438,13.020000457763672,,1134.3800048828125
2016-10-25,5283.39990234375,828.6699829101562,13.460000038146973,,1129.0999755859375
2016-10-26,5250.27001953125,827.219970703125,14.239999771118164,,1137.3299560546875
2016-10-27,5215.97021484375,823.739990234375,15.359999656677246,,1146.52001953125
2016-10-28,5190.10009765625,818.8800048828125,16.190000534057617,,
2016-10-31,5189.14013671875,823.52001953125,17.059999465942383,,1146.699951171875
2016-11-01,5153.580078125,816.0800170898438,18.559999465942383,0.41,1143.3299560546875
2016-11-02,5105.56982421875,810.5700073242188,19.31999969482422,,1145.469970703125
2016-11-03,5058.41015625,808.0,22.079999923706055,,1145.1700439453125
2016-11-04,5046.3701171875,802.8800048828125,22.510000228881836,,1143.4200439453125
2016-11-07,5166.169921875,825.8699951171875,18.709999084472656,,1141.449951171875
2016-11-08,5193.490234375,827.6799926757812,18.739999771118164,,1140.550048828125
2016-11-09,5251.06982421875,823.5900268554688,14.380000114440918,,1127.8599853515625
2016-11-10,5208.7998046875,806.0900268554688,14.739999771118164,,1156.280029296875
2016-11-11,5237.10986328125,837.239990234375,14.170000076293945,,1164.949951171875
2016-11-14,5218.39990234375,832.0800170898438,14.479999542236328,,1164.4000244140625
2016-11-15,5275.6201171875,847.9000244140625,13.369999885559082,,1167.760009765625
2016-11-16,5294.580078125,857.5499877929688,13.720000267028809,,1166.68994140625
2016-11-17,5333.97021484375,866.8400268554688,13.350000381469727,,1169.0699462890625
2016-11-18,5321.509765625,872.6300048828125,12.850000381469727,,1179.1500244140625
2016-11-21,5368.85986328125,879.010009765625,12.420000076293945,,1180.75
2016-11-22,5386.35009765625,888.27001953125,12.40999984741211,,1179.1800537109375
2016-11-23,5380.68017578125,889.3099975585938,12.430000305175781,,1167.9300537109375
2016-11-24,,,,,1180.8599853515625
2016-11-25,5398.919921875,890.969970703125,12.34000015258789,,1181.050048828125
2016-11-28,5368.81005859375,887.25,13.149999618530273,,1172.699951171875
2016-11-29,5379.919921875,885.25,12.899999618530273,,1169.7099609375
2016-11-30,5323.68017578125,879.469970703125,13.329999923706055,,1167.8599853515625
2016-12-01,5251.10986328125,836.7899780273438,14.069999694824219,0.54,1178.1300048828125
2016-12-02,5255.64990234375,847.7000122070312,14.119999885559082,,1167.699951171875
2016-12-05,5308.89013671875,858.1300048828125,12.140000343322754,,1169.5999755859375
2016-12-06,5333.0,870.0,11.789999961853027,,1166.989990234375
2016-12-07,5393.759765625,888.4500122070312,12.220000267028809,,1170.550048828125
2016-12-08,5417.35986328125,895.7000122070312,12.640000343322754,,1157.5
2016-12-09,5444.5,892.510009765625,11.75,,1162.25
2016-12-12,5412.5400390625,885.4600219726562,12.640000343322754,,1169.949951171875
2016-12-13,5463.830078125,895.5499877929688,12.720000267028809,,1164.6500244140625
2016-12-14,5436.669921875,894.280029296875,13.1899995803833,,1163.5899658203125
2016-12-15,5456.85009765625,909.969970703125,12.789999961853027,,1179.1600341796875
2016-12-16,5437.16015625,900.8499755859375,12.199999809265137,,1184.4300537109375
2016-12-19,5457.43994140625,909.6799926757812,11.710000038146973,,1186.0
2016-12-20,5483.93994140625,917.989990234375,11.449999809265137,,1186.949951171875
2016-12-21,5471.43017578125,918.3300170898438,11.270000457763672,,1191.469970703125
2016-12-22,5447.419921875,923.0599975585938,11.430000305175781,,1193.3499755859375
2016-12-23,5462.68994140625,927.9199829101562,11.4399995803833,,1205.0999755859375
2016-12-26,,,,,1199.550048828125
2016-12-27,5487.43994140625,939.2100219726562,11.989999771118164,,1199.550048828125
2016-12-28,5438.56005859375,921.0900268554688,12.949999809265137,,1206.47998046875
2016-12-29,5432.08984375,921.2000122070312,13.369999885559082,,1210.3399658203125
2016-12-30,5383.1201171875,906.469970703125,14.039999961853027,,1205.2900390625
2017-01-01,,,,0.65,
2017-01-02,,,,,1205.449951171875
2017-01-03,5429.080078125,907.3400268554688,12.850000381469727,,1202.9300537109375
2017-01-04,5477.0,909.77001953125,11.850000381469727,,1206.010009765625
2017-01-05,5487.93994140625,901.6900024414062,11.670000076293945,,1194.47998046875
2017-01-06,5521.06005859375,908.6500244140625,11.319999694824219,,1180.6300048828125
2017-01-09,5531.81982421875,918.5800170898438,11.5600004196167,,1201.0999755859375
2017-01-10,5551.81982421875,923.0599975585938,11.489999771118164,,1202.52001953125
2017-01-11,5563.64990234375,926.5399780273438,11.260000228881836,,1200.5999755859375
2017-01-12,5547.490234375,918.1599731445312,11.539999961853027,,1187.1600341796875
2017-01-13,5574.1201171875,924.6699829101562,11.229999542236328,,1174.719970703125
2017-01-16,,,,,1174.050048828125
2017-01-17,5538.72998046875,909.47998046875,11.869999885559082,,1182.1700439453125
2017-01-18,5555.64990234375,922.3599853515625,12.479999542236328,,1160.030029296875
2017-01-19,5540.080078125,918.030029296875,12.779999732971191,,1176.7900390625
2017-01-20,5555.330078125,930.010009765625,11.539999961853027,,1173.75
2017-01-23,5552.93994140625,923.77001953125,11.770000457763672,,1173.300048828125
2017-01-24,5600.9599609375,942.4099731445312,11.069999694824219,,1162.6500244140625
2017-01-25,5656.33984375,956.0599975585938,10.8100004196167,,1168.030029296875
2017-01-26,5655.18017578125,950.3200073242188,10.630000114440918,,1161.260009765625
2017-01-27,5660.77978515625,962.260009765625,10.579999923706055,,1170.6700439453125
2017-01-30,5613.7099609375,956.8400268554688,11.880000114440918,,1177.5999755859375
2017-01-31,5614.7900390625,944.280029296875,11.989999771118164,,1169.2099609375
2017-02-01,5642.64990234375,960.1099853515625,11.8100004196167,0.66,1149.25
2017-02-02,5636.2001953125,959.0800170898438,11.930000305175781,,1151.949951171875
2017-02-03,5666.77001953125,964.02001953125,10.970000267028809,,1142.699951171875
2017-02-06,5663.5498046875,967.3900146484375,11.369999885559082,,1137.760009765625
2017-02-07,5674.22021484375,970.5900268554688,11.289999961853027,,1132.7099609375
2017-02-08,5682.4501953125,972.1400146484375,11.449999809265137,,1142.0999755859375
2017-02-09,5715.18017578125,963.8099975585938,10.880000114440918,,1144.6199951171875
2017-02-10,5734.1298828125,963.0499877929688,10.850000381469727,,1149.9100341796875
2017-02-13,5763.9599609375,965.7000122070312,11.069999694824219,,1145.1800537109375
2017-02-14,5782.56982421875,962.6300048828125,10.739999771118164,,1148.699951171875
2017-02-15,5819.43994140625,970.5399780273438,11.970000267028809,,1137.9599609375
2017-02-16,5814.89990234375,971.239990234375,11.760000228881836,,1133.0999755859375
2017-02-17,5838.580078125,976.7999877929688,11.489999771118164,,1141.0799560546875
2017-02-20,,,,,1149.5999755859375
2017-02-21,5865.9501953125,990.4400024414062,11.569999694824219,,1143.9599609375
2017-02-22,5860.6298828125,990.0700073242188,11.739999771118164,,1141.1800537109375
2017-02-23,5835.509765625,973.8699951171875,11.710000038146973,,1137.949951171875
2017-02-24,5845.31005859375,973.4400024414062,11.470000267028809,,1131.81005859375
2017-02-27,5861.89990234375,982.4000244140625,12.09000015258789,,1130.449951171875
2017-02-28,5825.43994140625,969.3800048828125,12.920000076293945,,1133.93994140625
2017-03-01,5904.02978515625,985.260009765625,12.539999961853027,0.79,1136.7900390625
2017-03-02,5861.22021484375,974.3300170898438,11.8100004196167,,1139.5699462890625
2017-03-03,5870.75,973.969970703125,10.960000038146973,,1149.9000244140625
2017-03-06,5849.18017578125,974.1799926757812,11.239999771118164,,1151.969970703125
2017-03-07,5833.93017578125,976.8499755859375,11.449999809265137,,1154.25
2017-03-08,5837.5498046875,979.0,11.859999656677246,,1149.4100341796875
2017-03-09,5838.81005859375,980.47998046875,12.300000190734863,,1153.6199951171875
2017-03-10,5861.72998046875,991.9299926757812,11.65999984741211,,1159.280029296875
2017-03-13,5875.77978515625,999.3900146484375,11.350000381469727,,1145.9599609375
2017-03-14,5856.81982421875,996.3300170898438,12.300000190734863,,1147.550048828125
2017-03-15,5900.0498046875,1004.6500244140625,11.630000114440918,,1148.219970703125
2017-03-16,5900.759765625,1002.8099975585938,11.210000038146973,,1127.4000244140625
2017-03-17,5901.0,1004.5999755859375,11.279999732971191,,1127.010009765625
2017-03-20,5901.52978515625,1012.2899780273438,11.34000015258789,,1126.6500244140625
2017-03-21,5793.830078125,988.4199829101562,12.470000267028809,,1113.75
2017-03-22,5821.64013671875,999.3400268554688,12.8100004196167,,1122.780029296875
2017-03-23,5817.68994140625,996.8499755859375,13.119999885559082,,1116.4100341796875
2017-03-24,5828.740234375,1004.3499755859375,12.960000038146973,,1121.22998046875
2017-03-26,,,,,1116.1400146484375
2017-03-27,5840.3701171875,1005.9500122070312,12.5,,1111.0999755859375
2017-03-28,5875.14013671875,1008.969970703125,11.529999732971191,,1115.5
2017-03-29,5897.5498046875,1006.489990234375,11.420000076293945,,1109.949951171875
2017-03-30,5914.33984375,1011.8099975585938,11.539999961853027,,1117.02001953125
2017-03-31,5911.740234375,1011.4000244140625,12.369999885559082,,
2017-04-01,,,,0.9,
2017-04-02,,,,,1115.1600341796875
2017-04-03,5894.68017578125,1005.7999877929688,12.380000114440918,,1116.22998046875
2017-04-04,5898.60986328125,1000.47998046875,11.789999961853027,,1124.0999755859375
2017-04-05,5864.47998046875,993.530029296875,12.890000343322754,,1127.0999755859375
2017-04-06,5878.9501953125,994.6900024414062,12.390000343322754,,1130.0
2017-04-07,5877.81005859375,999.3499755859375,12.869999885559082,,
2017-04-09,,,,,1136.0
2017-04-10,5880.93017578125,991.6199951171875,14.050000190734863,,1142.030029296875
2017-04-11,5866.77001953125,983.3400268554688,15.069999694824219,,1144.5899658203125
2017-04-12,5836.16015625,966.5499877929688,15.770000457763672,,1133.4300537109375
2017-04-13,5805.14990234375,960.010009765625,15.960000038146973,,1135.0
2017-04-16,,,,,1135.3599853515625
2017-04-17,5856.7900390625,972.5599975585938,14.65999984741211,,1131.800048828125
2017-04-18,5849.47021484375,976.6699829101562,14.420000076293945,,1141.6800537109375
2017-04-19,5863.02978515625,982.0499877929688,14.930000305175781,,1141.8900146484375
2017-04-20,5916.77978515625,997.5499877929688,14.149999618530273,,1137.1099853515625
2017-04-21,5910.52001953125,992.9400024414062,14.630000114440918,,
2017-04-23,,,,,1133.7099609375
2017-04-24,5983.81982421875,1007.7999877929688,10.84000015258789,,1133.8399658203125
2017-04-25,6025.490234375,1017.8099975585938,10.760000228881836,,1125.469970703125
2017-04-26,6025.22998046875,1009.1599731445312,10.850000381469727,,1131.800048828125
2017-04-27,6048.93994140625,1023.2899780273438,10.359999656677246,,1129.93994140625
2017-04-28,6047.60986328125,1005.530029296875,10.819999694824219,,
2017-04-30,,,,,1135.6400146484375
2017-05-01,6091.60009765625,1015.4299926757812,10.109999656677246,0.91,1136.260009765625
2017-05-02,6095.3701171875,1004.6199951171875,10.59000015258789,,1127.760009765625
2017-05-03,6072.5498046875,1008.0499877929688,10.680000305175781,,1132.9100341796875
2017-05-04,6075.33984375,1006.8300170898438,10.460000038146973,,1134.93994140625
2017-05-05,6100.759765625,1011.030029296875,10.569999694824219,,
2017-05-07,,,,,1133.719970703125
2017-05-08,6102.66015625,1007.1599731445312,9.770000457763672,,1132.6500244140625
2017-05-09,6120.58984375,1017.5,9.960000038146973,,1137.8599853515625
2017-05-10,6129.14013671875,1038.9200439453125,10.210000038146973,,1130.0400390625
2017-05-11,6115.9599609375,1042.4300537109375,10.600000381469727,,1123.1600341796875
2017-05-12,6121.22998046875,1045.239990234375,10.399999618530273,,
2017-05-14,,,,,1123.0999755859375
2017-05-15,6149.669921875,1061.050048828125,10.420000076293945,,1117.4300537109375
2017-05-16,6169.8701171875,1076.8499755859375,10.649999618530273,,1115.0
2017-05-17,6011.240234375,1029.8299560546875,15.59000015258789,,1120.949951171875
2017-05-18,6055.1298828125,1049.2900390625,14.65999984741211,,1128.4100341796875
2017-05-19,6083.7001953125,1060.77001953125,12.039999961853027,,
2017-05-21,,,,,1117.010009765625
2017-05-22,6133.6201171875,1072.300048828125,10.930000305175781,,1114.780029296875
2017-05-23,6138.7099609375,1067.93994140625,10.720000267028809,,1124.5699462890625
2017-05-24,6163.02001953125,1074.8499755859375,10.020000457763672,,1118.3800048828125
2017-05-25,6205.259765625,1080.75,9.989999771118164,,1119.56005859375
2017-05-26,6210.18994140625,1084.8499755859375,9.8100004196167,,
2017-05-28,,,,,1118.75
2017-05-29,,,,,1122.8399658203125
2017-05-30,6203.18994140625,1091.449951171875,10.380000114440918,,1123.9000244140625
2017-05-31,6198.52001953125,1091.4200439453125,10.40999984741211,,1119.02001953125
2017-06-01,6246.830078125,1092.550048828125,9.890000343322754,1.04,1121.0400390625
2017-06-02,6305.7998046875,1103.4000244140625,9.75,,
2017-06-04,,,,,1117.449951171875
2017-06-05,6295.68017578125,1106.219970703125,10.069999694824219,,1116.949951171875
2017-06-06,6275.06005859375,1110.0799560546875,10.449999809265137,,1117.4599609375
2017-06-07,6297.3798828125,1118.300048828125,10.390000343322754,,1123.1400146484375
2017-06-08,6321.759765625,1138.25,10.15999984741211,,1121.510009765625
2017-06-09,6207.919921875,1090.050048828125,10.699999809265137,,
2017-06-11,,,,,1124.0999755859375
2017-06-12,6175.4599609375,1084.43994140625,11.460000038146973,,1130.489990234375
2017-06-13,6220.3701171875,1091.3499755859375,10.420000076293945,,1126.550048828125
2017-06-14,6194.89013671875,1079.8199462890625,10.640000343322754,,1118.9000244140625
2017-06-15,6165.5,1070.760009765625,10.899999618530273,,1129.93994140625
2017-06-16,6151.759765625,1067.22998046875,10.380000114440918,,
2017-06-18,,,,,1131.1400146484375
2017-06-19,6239.009765625,1087.9200439453125,10.369999885559082,,1135.72998046875
2017-06-20,6188.02978515625,1074.8800048828125,10.859999656677246,,1140.8499755859375
2017-06-21,6233.9501953125,1087.4200439453125,10.75,,1142.5
2017-06-22,6236.68994140625,1084.9599609375,10.479999542236328,,1139.050048828125
2017-06-23,6265.25,1088.47998046875,10.020000457763672,,
2017-06-25,,,,,1133.449951171875
2017-06-26,6247.14990234375,1077.9200439453125,9.899999618530273,,1133.0799560546875
2017-06-27,6146.6201171875,1048.6600341796875,11.0600004196167,,1139.9599609375
2017-06-28,6234.41015625,1067.1800537109375,10.029999732971191,,1137.699951171875
2017-06-29,6144.35009765625,1040.4200439453125,11.4399995803833,,1146.1400146484375
2017-06-30,6140.419921875,1034.9100341796875,11.180000305175781,,
2017-07-01,,,,1.15,
2017-07-02,,,,,1144.81005859375
2017-07-03,6110.06005859375,1020.510009765625,11.220000267028809,,1149.5799560546875
2017-07-04,,,,,1149.199951171875
2017-07-05,6150.85986328125,1041.780029296875,11.069999694824219,,1152.8499755859375
2017-07-06,6089.4599609375,1037.050048828125,12.539999961853027,,1156.3699951171875
2017-07-07,6153.080078125,1054.9000244140625,11.1899995803833,,
2017-07-09,,,,,1153.81005859375
2017-07-10,6176.39013671875,1067.0999755859375,11.109999656677246,,
2017-07-11,6193.2998046875,1075.4200439453125,10.890000343322754,,1147.969970703125
2017-07-12,6261.169921875,1092.8599853515625,10.300000190734863,,1137.1199951171875
2017-07-13,6274.43994140625,1090.1300048828125,9.899999618530273,,1136.6300048828125
2017-07-14,6312.47021484375,1104.3199462890625,9.510000228881836,,
2017-07-16,,,,,1127.510009765625
2017-07-17,6314.43017578125,1099.550048828125,9.819999694824219,,1127.6600341796875
2017-07-18,6344.31005859375,1103.3499755859375,9.890000343322754,,1124.27001953125
2017-07-19,6385.0400390625,1113.1800537109375,9.789999961853027,,1123.5
2017-07-20,6390.0,1116.6199951171875,9.579999923706055,,1120.56005859375
2017-07-21,6387.75,1107.5400390625,9.359999656677246,,
2017-07-23,,,,,1116.1099853515625
2017-07-24,6410.81005859375,1103.010009765625,9.430000305175781,,1113.9000244140625
2017-07-25,6412.169921875,1102.5899658203125,9.430000305175781,,1119.239990234375
2017-07-26,6422.75,1115.3499755859375,9.600000381469727,,1111.8499755859375
2017-07-27,6382.18994140625,1097.27001953125,10.109999656677246,,1115.510009765625
2017-07-28,6374.68017578125,1092.989990234375,10.289999961853027,,
2017-07-30,,,,,1124.050048828125
2017-07-31,6348.1201171875,1085.1500244140625,10.260000228881836,,1118.72998046875
2017-08-01,6362.93994140625,1091.1300048828125,10.09000015258789,1.16,1120.3699951171875
2017-08-02,6362.64990234375,1083.9599609375,10.279999732971191,,1122.0999755859375
2017-08-03,6340.33984375,1078.800048828125,10.4399995803833,,1127.25
2017-08-04,6351.56005859375,1079.449951171875,10.029999732971191,,
2017-08-06,,,,,1127.199951171875
2017-08-07,6383.77001953125,1098.25,9.930000305175781,,1125.3499755859375
2017-08-08,6370.4599609375,1093.77001953125,10.960000038146973,,1126.0699462890625
2017-08-09,6352.330078125,1090.489990234375,11.109999656677246,,1138.22998046875
2017-08-10,6216.8701171875,1060.02001953125,16.040000915527344,,1143.52001953125
2017-08-11,6256.56005859375,1066.219970703125,15.510000228881836,,
2017-08-13,,,,,1141.4599609375
2017-08-14,6340.22998046875,1093.739990234375,12.329999923706055,,1138.9200439453125
2017-08-15,6333.009765625,1096.4300537109375,12.039999961853027,,1135.1800537109375
2017-08-16,6345.10986328125,1098.0699462890625,11.739999771118164,,1134.800048828125
2017-08-17,6221.91015625,1069.699951171875,15.550000190734863,,1140.47998046875
2017-08-18,6216.52978515625,1071.8900146484375,14.260000228881836,,
2017-08-20,,,,,1139.06005859375
2017-08-21,6213.1298828125,1064.52001953125,13.1899995803833,,1137.9300537109375
2017-08-22,6297.47998046875,1081.6400146484375,11.350000381469727,,1131.1600341796875
2017-08-23,6278.41015625,1086.4100341796875,12.25,,1125.449951171875
2017-08-24,6271.330078125,1085.9300537109375,12.229999542236328,,1127.280029296875
2017-08-25,6265.64013671875,1080.5,11.279999732971191,,
2017-08-27,,,,,1120.800048828125
2017-08-28,6283.02001953125,1082.6199951171875,11.319999694824219,,1118.010009765625
2017-08-29,6301.89013671875,1084.8599853515625,11.699999809265137,,1124.1400146484375
2017-08-30,6368.31005859375,1103.68994140625,11.220000267028809,,1123.3299560546875
2017-08-31,6428.66015625,1114.31005859375,10.59000015258789,,1123.5400390625
2017-09-01,6435.330078125,1119.3399658203125,10.130000114440918,1.15,
2017-09-03,,,,,1118.949951171875
2017-09-04,,,,,1132.1300048828125
2017-09-05,6375.56982421875,1103.6300048828125,12.229999542236328,,1131.6500244140625
2017-09-06,6393.31005859375,1105.760009765625,11.630000114440918,,1131.52001953125
2017-09-07,6397.8701171875,1107.3399658203125,11.550000190734863,,1127.030029296875
2017-09-08,6360.18994140625,1093.489990234375,12.119999885559082,,
2017-09-10,,,,,1132.8699951171875
2017-09-11,6432.259765625,1115.4599609375,10.729999542236328,,1129.4300537109375
2017-09-12,6454.27978515625,1120.199951171875,10.579999923706055,,1127.5999755859375
2017-09-13,6460.18994140625,1122.0400390625,10.5,,1130.1300048828125
2017-09-14,6429.080078125,1127.4200439453125,10.4399995803833,,1133.1800537109375
2017-09-15,6448.47021484375,1146.6800537109375,10.170000076293945,,
2017-09-17,,,,,1133.300048828125
2017-09-18,6454.64013671875,1160.9000244140625,10.149999618530273,,1128.8199462890625
2017-09-19,6461.31982421875,1164.97998046875,10.180000305175781,,1130.3599853515625
2017-09-20,6456.0400390625,1148.5999755859375,9.779999732971191,,1131.1800537109375
2017-09-21,6422.68994140625,1143.8699951171875,9.670000076293945,,1130.3499755859375
2017-09-22,6426.919921875,1149.5899658203125,9.59000015258789,,
2017-09-24,,,,,1132.1099853515625
2017-09-25,6370.58984375,1126.93994140625,10.210000038146973,,1133.8199462890625
2017-09-26,6380.16015625,1126.4000244140625,10.170000076293945,,1136.719970703125
2017-09-27,6453.259765625,1153.0,9.869999885559082,,1145.280029296875
2017-09-28,6453.4501953125,1161.68994140625,9.550000190734863,,1145.93994140625
2017-09-29,6495.9599609375,1171.739990234375,9.510000228881836,,
2017-10-01,,,,1.15,1144.6600341796875
2017-10-02,6516.72021484375,1178.75,9.449999809265137,,1142.300048828125
2017-10-03,6531.7099609375,1182.4300537109375,9.510000228881836,,1141.969970703125
2017-10-04,6534.6298828125,1185.239990234375,9.630000114440918,,1142.300048828125
2017-10-05,6585.35986328125,1186.0699462890625,9.1899995803833,,1141.97998046875
2017-10-06,6590.18017578125,1191.449951171875,9.649999618530273,,
2017-10-08,,,,,1143.699951171875
2017-10-09,6579.72998046875,1199.8599853515625,10.329999923706055,,1142.8199462890625
2017-10-10,6587.25,1207.199951171875,10.079999923706055,,1133.8599853515625
2017-10-11,6603.5498046875,1215.18994140625,9.850000381469727,,1131.489990234375
2017-10-12,6591.509765625,1211.0999755859375,9.90999984741211,,1132.06005859375
2017-10-13,6605.7998046875,1219.2099609375,9.609999656677246,,
2017-10-15,,,,,1126.300048828125
2017-10-16,6624.0,1224.989990234375,9.90999984741211,,1127.0799560546875
2017-10-17,6623.66015625,1224.1199951171875,10.3100004196167,,1129.93994140625
2017-10-18,6624.22021484375,1228.1600341796875,10.069999694824219,,1131.4000244140625
2017-10-19,6605.06982421875,1225.050048828125,10.050000190734863,,1127.8900146484375
2017-10-20,6629.0498046875,1231.3399658203125,9.970000267028809,,
2017-10-22,,,,,1133.760009765625
2017-10-23,6586.830078125,1237.1400146484375,11.069999694824219,,1129.02001953125
2017-10-24,6598.43017578125,1245.3800048828125,11.15999984741211,,1129.72998046875
2017-10-25,6563.89013671875,1229.27001953125,11.229999542236328,,1126.469970703125
2017-10-26,6556.77001953125,1237.030029296875,11.300000190734863,,1128.489990234375
2017-10-27,6701.259765625,1263.550048828125,9.800000190734863,,
2017-10-30,6698.9599609375,1265.9100341796875,10.5,,1125.4599609375
2017-10-31,6727.669921875,1275.6099853515625,10.180000305175781,,1123.449951171875
2017-11-01,6716.52978515625,1271.510009765625,10.199999809265137,1.16,1117.72998046875
2017-11-02,6714.93994140625,1277.3399658203125,9.930000305175781,,1109.949951171875
2017-11-03,6764.43994140625,1299.969970703125,9.140000343322754,,1111.7099609375
2017-11-06,6786.43994140625,1317.3399658203125,9.399999618530273,,1114.800048828125
2017-11-07,6767.77978515625,1316.550048828125,9.890000343322754,,1113.75
2017-11-08,6789.1201171875,1321.1300048828125,9.779999732971191,,1112.52001953125
2017-11-09,6750.0498046875,1294.6600341796875,10.5,,1113.1099853515625
2017-11-10,6750.93994140625,1303.06005859375,11.289999961853027,,1116.8499755859375
2017-11-13,6757.60009765625,1306.5799560546875,11.5,,1118.31005859375
2017-11-14,6737.8701171875,1305.0,11.59000015258789,,1119.4599609375
2017-11-15,6706.2099609375,1293.199951171875,13.130000114440918,,1115.77001953125
2017-11-16,6793.2900390625,1313.1099853515625,11.760000228881836,,
2017-11-17,6782.7900390625,1306.9300537109375,11.430000305175781,,1096.3900146484375
2017-11-20,6790.7099609375,1322.81005859375,10.649999618530273,,1092.56005859375
2017-11-21,6862.47998046875,1337.9200439453125,9.729999542236328,,1096.0
2017-11-22,6867.35986328125,1329.0999755859375,9.880000114440918,,1091.260009765625
2017-11-23,,,,,1085.31005859375
2017-11-24,6889.16015625,1341.68994140625,9.670000076293945,,1082.5899658203125
2017-11-27,6878.52001953125,1324.1500244140625,9.869999885559082,,1084.949951171875
2017-11-28,6912.35986328125,1323.0799560546875,10.029999732971191,,1090.06005859375
2017-11-29,6824.39013671875,1265.010009765625,10.699999809265137,,1083.449951171875
2017-11-30,6873.97021484375,1272.550048828125,11.279999732971191,,1080.6600341796875
2017-12-01,6847.58984375,1258.6500244140625,11.430000305175781,1.3,1087.22998046875
2017-12-04,6775.3701171875,1227.8499755859375,11.680000305175781,,1082.510009765625
2017-12-05,6762.2099609375,1228.510009765625,11.329999923706055,,1085.22998046875
2017-12-06,6776.3798828125,1232.260009765625,11.020000457763672,,1085.22998046875
2017-12-07,6812.83984375,1244.52001953125,10.15999984741211,,1092.5699462890625
2017-12-08,6840.080078125,1238.239990234375,9.579999923706055,,1092.43994140625
2017-12-11,6875.080078125,1245.5799560546875,9.34000015258789,,1091.8199462890625
2017-12-12,6862.31982421875,1233.1800537109375,9.920000076293945,,1087.8299560546875
2017-12-13,6875.7998046875,1233.0400390625,10.180000305175781,,1091.260009765625
2017-12-14,6856.52978515625,1232.4300537109375,10.489999771118164,,1084.1800537109375
2017-12-15,6936.580078125,1250.8900146484375,9.420000076293945,,1087.8199462890625
2017-12-18,6994.759765625,1277.9100341796875,9.529999732971191,,1089.030029296875
2017-12-19,6963.85009765625,1276.52001953125,10.029999732971191,,1085.3800048828125
2017-12-20,6960.9599609375,1285.43994140625,9.720000267028809,,1084.199951171875
2017-12-21,6965.35986328125,1271.81005859375,9.619999885559082,,1079.9599609375
2017-12-22,6959.9599609375,1271.1700439453125,9.899999618530273,,1080.2099609375
2017-12-25,,,,,1077.1099853515625
2017-12-26,6936.25,1258.8800048828125,10.25,,1076.3599853515625
2017-12-27,6939.33984375,1263.3599853515625,10.470000267028809,,1075.0400390625
2017-12-28,6950.16015625,1266.300048828125,10.180000305175781,,1073.550048828125
2017-12-29,6903.39013671875,1253.050048828125,11.039999961853027,,1069.489990234375
2018-01-01,,,,1.41,1066.0699462890625
2018-01-02,7006.89990234375,1287.699951171875,9.770000457763672,,1065.219970703125
2018-01-03,7065.52978515625,1309.8599853515625,9.149999618530273,,1062.5400390625
2018-01-04,7077.91015625,1317.239990234375,9.220000267028809,,1063.93994140625
2018-01-05,7136.56005859375,1325.7099609375,9.220000267028809,,1061.0799560546875
2018-01-08,7157.39013671875,1335.5400390625,9.520000457763672,,1060.5
2018-01-09,7163.580078125,1322.5699462890625,10.079999923706055,,1067.68994140625
2018-01-10,7153.56982421875,1306.219970703125,9.819999694824219,,1071.739990234375
2018-01-11,7211.77978515625,1314.3399658203125,9.880000114440918,,1069.6700439453125
2018-01-12,7261.06005859375,1322.0999755859375,10.15999984741211,,1065.1400146484375
2018-01-15,,,,,1055.800048828125
2018-01-16,7223.68994140625,1325.969970703125,11.65999984741211,,1061.8199462890625
2018-01-17,7298.27978515625,1364.2900390625,11.90999984741211,,1062.4599609375
2018-01-18,7296.0498046875,1370.56005859375,12.220000267028809,,1066.56005859375
2018-01-19,7336.3798828125,1372.030029296875,11.270000457763672,,1069.68994140625
2018-01-22,7408.02978515625,1382.4100341796875,11.029999732971191,,1066.3599853515625
2018-01-23,7460.2900390625,1392.8599853515625,11.100000381469727,,1068.81005859375
2018-01-24,7415.06005859375,1360.6800537109375,11.470000267028809,,1072.760009765625
2018-01-25,7411.16015625,1337.6199951171875,11.579999923706055,,1064.4000244140625
2018-01-26,7505.77001953125,1381.27001953125,11.079999923706055,,1064.8900146484375
2018-01-29,7466.509765625,1378.4200439453125,13.84000015258789,,1063.1300048828125
2018-01-30,7402.47998046875,1350.43994140625,14.789999961853027,,1069.7900390625
2018-01-31,7411.47998046875,1361.5,13.539999961853027,,1072.5400390625
2018-02-01,7385.85986328125,1355.0699462890625,13.470000267028809,1.42,1069.02001953125
2018-02-02,7240.9501953125,1317.97998046875,17.309999465942383,,1071.1800537109375
2018-02-05,6967.52978515625,1255.81005859375,37.31999969482422,,1090.010009765625
2018-02-06,7115.8798828125,1301.6600341796875,29.979999542236328,,1093.300048828125
2018-02-07,7051.97998046875,1272.5,27.729999542236328,,1079.260009765625
2018-02-08,6777.16015625,1218.6600341796875,33.459999084472656,,1089.4200439453125
2018-02-09,6874.490234375,1255.81005859375,29.059999465942383,,1095.8599853515625
2018-02-12,6981.9599609375,1279.1400146484375,25.610000610351562,,1083.1700439453125
2018-02-13,7013.509765625,1278.510009765625,24.969999313354492,,1082.6099853515625
2018-02-14,7143.6201171875,1307.050048828125,19.260000228881836,,1083.77001953125
2018-02-15,7256.43017578125,1322.949951171875,19.1299991607666,,1070.010009765625
2018-02-16,7239.47021484375,1318.3199462890625,19.459999084472656,,1063.0699462890625
2018-02-19,,,,,1065.6300048828125
2018-02-20,7234.31005859375,1341.530029296875,20.600000381469727,,1066.7099609375
2018-02-21,7218.22998046875,1325.3499755859375,20.020000457763672,,1072.5400390625
2018-02-22,7210.08984375,1322.0899658203125,18.719999313354492,,1074.8599853515625
2018-02-23,7337.39013671875,1351.0899658203125,16.489999771118164,,1080.0799560546875
2018-02-26,7421.4599609375,1380.27001953125,15.800000190734863,,1075.0
2018-02-27,7330.35009765625,1374.719970703125,18.59000015258789,,1069.699951171875
2018-02-28,7273.009765625,1362.02001953125,19.850000381469727,,1079.3900146484375
2018-03-01,7180.56005859375,1340.1400146484375,22.469999313354492,1.51,1085.3499755859375
2018-03-02,7257.8701171875,1363.780029296875,19.59000015258789,,1081.949951171875
2018-03-05,7330.7099609375,1375.8599853515625,18.729999542236328,,1079.2099609375
2018-03-06,7372.009765625,1396.469970703125,18.360000610351562,,1076.6600341796875
2018-03-07,7396.64990234375,1400.469970703125,17.760000228881836,,1063.1600341796875
2018-03-08,7427.9501953125,1402.050048828125,16.540000915527344,,1066.1500244140625
2018-03-09,7560.81005859375,1431.1600341796875,14.640000343322754,,1073.4599609375
2018-03-12,7588.31982421875,1445.9000244140625,15.779999732971191,,1064.050048828125
2018-03-13,7511.009765625,1423.4599609375,16.350000381469727,,1063.8599853515625
2018-03-14,7496.81005859375,1423.5,17.229999542236328,,1066.4000244140625
2018-03-15,7481.740234375,1422.0699462890625,16.59000015258789,,1062.550048828125
2018-03-16,7481.990234375,1422.5400390625,15.800000190734863,,1068.75
2018-03-19,7344.240234375,1394.8199462890625,19.020000457763672,,1070.2099609375
2018-03-20,7364.2998046875,1405.5,18.200000762939453,,1072.1600341796875
2018-03-21,7345.2900390625,1407.97998046875,17.860000610351562,,1070.550048828125
2018-03-22,7166.68017578125,1368.97998046875,23.34000015258789,,1063.9599609375
2018-03-23,6992.669921875,1323.9200439453125,24.8700008392334,,1079.9000244140625
2018-03-25,,,,,1082.530029296875
2018-03-26,7220.5400390625,1380.0999755859375,21.030000686645508,,1074.300048828125
2018-03-27,7008.81005859375,1327.93994140625,22.5,,1074.1199951171875
2018-03-28,6949.22998046875,1299.8199462890625,22.8700008392334,,1063.4100341796875
2018-03-29,7063.4501953125,1328.9000244140625,19.969999313354492,,1062.0
2018-04-01,,,,1.69,1060.989990234375
2018-04-02,6870.1201171875,1277.010009765625,23.6200008392334,,1056.1600341796875
2018-04-03,6941.27978515625,1302.0899658203125,21.100000381469727,,1053.72998046875
2018-04-04,7042.10986328125,1319.010009765625,20.059999465942383,,1057.4300537109375
2018-04-05,7076.5498046875,1305.239990234375,18.940000534057617,,1061.6400146484375
2018-04-06,6915.10986328125,1265.25,21.489999771118164,,
2018-04-08,,,,,1070.4599609375
2018-04-09,6950.33984375,1273.800048828125,21.770000457763672,,1068.77001953125
2018-04-10,7094.2998046875,1314.5400390625,20.469999313354492,,1063.3800048828125
2018-04-11,7069.02978515625,1315.06005859375,20.239999771118164,,1065.75
2018-04-12,7140.25,1339.6600341796875,18.489999771118164,,1069.97998046875
2018-04-13,7106.64990234375,1329.4000244140625,17.40999984741211,,
2018-04-15,,,,,1070.6600341796875
2018-04-16,7156.27978515625,1332.52001953125,16.559999465942383,,1069.52001953125
2018-04-17,7281.10009765625,1357.719970703125,15.25,,1066.0899658203125
2018-04-18,7295.240234375,1343.780029296875,15.600000381469727,,1064.0699462890625
2018-04-19,7238.06005859375,1285.8800048828125,15.960000038146973,,1066.239990234375
2018-04-20,7146.1298828125,1270.8299560546875,16.8799991607666,,
2018-04-22,,,,,1071.4100341796875
2018-04-23,7128.60009765625,1253.97998046875,16.34000015258789,,1080.1800537109375
2018-04-24,7007.35009765625,1243.6700439453125,18.020000457763672,,1076.75
2018-04-25,7003.740234375,1242.18994140625,17.84000015258789,,1081.1700439453125
2018-04-26,7118.68017578125,1268.2099609375,16.239999771118164,,1076.7900390625
2018-04-27,7119.7998046875,1258.1099853515625,15.40999984741211,,
2018-04-29,,,,,1067.5999755859375
2018-04-30,7066.27001953125,1244.4000244140625,15.930000305175781,,1069.449951171875
2018-05-01,7130.7001953125,1265.93994140625,15.489999771118164,1.7,1072.52001953125
2018-05-02,7100.89990234375,1259.4200439453125,15.970000267028809,,1078.81005859375
2018-05-03,7088.14990234375,1267.43994140625,15.899999618530273,,1074.1199951171875
2018-05-04,7209.6201171875,1296.72998046875,14.770000457763672,,
2018-05-06,,,,,1073.3299560546875
2018-05-07,7265.2099609375,1308.47998046875,14.75,,1078.3900146484375
2018-05-08,7266.89990234375,1318.02001953125,14.710000038146973,,1077.56005859375
2018-05-09,7339.91015625,1336.6800537109375,13.420000076293945,,1077.97998046875
2018-05-10,7404.97021484375,1360.719970703125,13.229999542236328,,1064.3699951171875
2018-05-11,7402.8798828125,1350.4599609375,12.649999618530273,,
2018-05-13,,,,,1065.949951171875
2018-05-14,7411.31982421875,1367.5,12.930000305175781,,1069.1600341796875
2018-05-15,7351.6298828125,1351.0999755859375,14.630000114440918,,1078.8599853515625
2018-05-16,7398.2998046875,1370.0999755859375,13.420000076293945,,1076.489990234375
2018-05-17,7382.47021484375,1364.8699951171875,13.430000305175781,,1080.9100341796875
2018-05-18,7354.33984375,1345.199951171875,13.420000076293945,,
2018-05-20,,,,,1080.510009765625
2018-05-21,7394.0400390625,1359.3399658203125,13.079999923706055,,1076.510009765625
2018-05-22,7378.4599609375,1366.969970703125,13.220000267028809,,1074.199951171875
2018-05-23,7425.9599609375,1373.949951171875,12.579999923706055,,1074.7900390625
2018-05-24,7424.43017578125,1378.719970703125,12.529999732971191,,1079.22998046875
2018-05-25,7433.85009765625,1390.8399658203125,13.220000267028809,,
2018-05-27,,,,,1073.6500244140625
2018-05-28,,,,,1073.1700439453125
2018-05-29,7396.58984375,1380.9200439453125,17.020000457763672,,1083.9300537109375
2018-05-30,7462.4501953125,1389.9100341796875,14.9399995803833,,1075.030029296875
2018-05-31,7442.1201171875,1379.0,15.430000305175781,,1079.949951171875
2018-06-01,7554.330078125,1411.31005859375,13.460000038146973,1.82,
2018-06-03,,,,,1070.3599853515625
2018-06-04,7606.4599609375,1422.6700439453125,12.739999771118164,,1070.530029296875
2018-06-05,7637.85986328125,1428.510009765625,12.399999618530273,,1070.2900390625
2018-06-06,7689.240234375,1437.93994140625,11.640000343322754,,1065.1500244140625
2018-06-07,7635.06982421875,1424.3399658203125,12.130000114440918,,1071.3299560546875
2018-06-08,7645.509765625,1412.2900390625,12.180000305175781,,
2018-06-10,,,,,1072.6500244140625
2018-06-11,7659.93017578125,1408.989990234375,12.350000381469727,,1076.3800048828125
2018-06-12,7703.7900390625,1416.3699951171875,12.34000015258789,,1079.25
2018-06-13,7695.7001953125,1414.47998046875,12.9399995803833,,1084.699951171875
2018-06-14,7761.0400390625,1423.1199951171875,12.119999885559082,,1090.77001953125
2018-06-15,7746.3798828125,1422.0400390625,11.979999542236328,,
2018-06-17,,,,,1103.8199462890625
2018-06-18,7747.02978515625,1407.9100341796875,12.3100004196167,,1104.1600341796875
2018-06-19,7725.58984375,1391.5799560546875,13.350000381469727,,1111.1199951171875
2018-06-20,7781.509765625,1398.5999755859375,12.789999961853027,,1107.719970703125
2018-06-21,7712.9501953125,1381.010009765625,14.640000343322754,,1109.6300048828125
2018-06-22,7692.81982421875,1371.0,13.770000457763672,,
2018-06-24,,,,,1110.530029296875
2018-06-25,7532.009765625,1328.0400390625,17.329999923706055,,1114.030029296875
2018-06-26,7561.6298828125,1333.4000244140625,15.920000076293945,,1117.5999755859375
2018-06-27,7445.080078125,1300.510009765625,17.90999984741211,,1122.780029296875
2018-06-28,7503.68017578125,1311.6400146484375,16.850000381469727,,1120.5400390625
2018-06-29,7510.2998046875,1313.699951171875,16.09000015258789,,
2018-07-01,,,,1.91,1114.510009765625
2018-07-02,7567.68994140625,1321.81005859375,15.600000381469727,,1118.1700439453125
2018-07-03,7502.669921875,1297.7099609375,16.139999389648438,,1113.3399658203125
2018-07-04,,,,,1114.31005859375
2018-07-05,7586.43017578125,1332.9599609375,14.970000267028809,,1117.760009765625
2018-07-06,7688.39013671875,1349.18994140625,13.369999885559082,,
2018-07-08,,,,,1113.6500244140625
2018-07-09,7756.2001953125,1358.030029296875,12.6899995803833,,1112.47998046875
2018-07-10,7759.2001953125,1372.25,12.640000343322754,,1112.56005859375
2018-07-11,7716.60986328125,1336.7099609375,13.630000114440918,,1127.1700439453125
2018-07-12,7823.919921875,1346.199951171875,12.579999923706055,,1122.6500244140625
2018-07-13,7825.97998046875,1340.8299560546875,12.180000305175781,,
2018-07-15,,,,,1129.8499755859375
2018-07-16,7805.72021484375,1339.239990234375,12.829999923706055,,1126.9000244140625
2018-07-17,7855.1201171875,1358.989990234375,12.0600004196167,,1125.550048828125
2018-07-18,7854.43994140625,1369.4599609375,12.100000381469727,,1131.0899658203125
2018-07-19,7825.2998046875,1365.8199462890625,12.869999885559082,,1134.47998046875
2018-07-20,7820.2001953125,1359.18994140625,12.859999656677246,,
2018-07-22,,,,,1127.1600341796875
2018-07-23,7841.8701171875,1361.3800048828125,12.619999885559082,,1132.449951171875
2018-07-24,7840.77001953125,1346.5799560546875,12.40999984741211,,1127.97998046875
2018-07-25,7932.240234375,1353.1500244140625,12.289999961853027,,1115.75
2018-07-26,7852.18017578125,1378.4200439453125,12.140000343322754,,1123.1500244140625
2018-07-27,7737.419921875,1372.239990234375,13.029999732971191,,
2018-07-29,,,,,1114.5999755859375
2018-07-30,7630.0,1358.56005859375,14.260000228881836,,1116.6700439453125
2018-07-31,7671.7900390625,1367.469970703125,12.829999923706055,,1112.199951171875
2018-08-01,7707.2900390625,1365.1099853515625,13.149999618530273,1.91,1118.5999755859375
2018-08-02,7802.68994140625,1378.8299560546875,12.1899995803833,,1128.1500244140625
2018-08-03,7812.009765625,1381.6400146484375,11.640000343322754,,
2018-08-05,,,,,1122.9000244140625
2018-08-06,7859.68017578125,1389.219970703125,11.270000457763672,,1125.4000244140625
2018-08-07,7883.66015625,1400.0,10.930000305175781,,1116.25
2018-08-08,7888.330078125,1403.77001953125,10.850000381469727,,1115.949951171875
2018-08-09,7891.77978515625,1389.06005859375,11.270000457763672,,1121.8900146484375
2018-08-10,7839.10986328125,1354.800048828125,13.15999984741211,,
2018-08-12,,,,,1130.9000244140625
2018-08-13,7819.7099609375,1356.75,14.779999732971191,,1135.969970703125
2018-08-14,7870.89013671875,1354.18994140625,13.3100004196167,,1126.75
2018-08-15,7774.1201171875,1334.8599853515625,14.640000343322754,,1136.3800048828125
2018-08-16,7806.52001953125,1333.0899658203125,13.449999809265137,,1126.239990234375
2018-08-17,7816.330078125,1323.4100341796875,12.640000343322754,,
2018-08-19,,,,,1118.5
2018-08-20,7821.009765625,1322.0999755859375,12.489999771118164,,1116.8800048828125
2018-08-21,7859.169921875,1348.280029296875,12.859999656677246,,1116.0999755859375
2018-08-22,7889.10009765625,1354.530029296875,12.25,,1117.5
2018-08-23,7878.4599609375,1356.1300048828125,12.40999984741211,,1126.1500244140625
2018-08-24,7945.97998046875,1375.8800048828125,11.989999771118164,,
2018-08-26,,,,,1111.1700439453125
2018-08-27,8017.89990234375,1397.4599609375,12.15999984741211,,1108.22998046875
2018-08-28,8030.0400390625,1402.949951171875,12.5,,1106.8800048828125
2018-08-29,8109.68994140625,1406.3800048828125,12.25,,1108.449951171875
2018-08-30,8088.35986328125,1393.1700439453125,13.529999732971191,,1115.449951171875
2018-08-31,8109.5400390625,1401.199951171875,12.859999656677246,,
2018-09-01,,,,1.95,
2018-09-02,,,,,1114.81005859375
2018-09-03,,,,,1113.5
2018-09-04,8091.25,1410.9300537109375,13.15999984741211,,1121.300048828125
2018-09-05,7995.169921875,1403.8199462890625,13.90999984741211,,1118.0999755859375
2018-09-06,7922.72998046875,1366.3499755859375,14.649999618530273,,1124.699951171875
2018-09-07,7902.5400390625,1360.77001953125,14.880000114440918,,
2018-09-09,,,,,1126.8499755859375
2018-09-10,7924.16015625,1375.739990234375,14.15999984741211,,1136.77001953125
2018-09-11,7972.47021484375,1361.8900146484375,13.220000267028809,,1125.300048828125
2018-09-12,7954.22998046875,1346.02001953125,13.140000343322754,,1125.75
2018-09-13,8013.7099609375,1362.199951171875,12.369999885559082,,1120.550048828125
2018-09-14,8010.0400390625,1377.31005859375,12.069999694824219,,
2018-09-16,,,,,1120.9000244140625
2018-09-17,7895.7900390625,1357.47998046875,13.680000305175781,,1125.6199951171875
2018-09-18,7956.10986328125,1368.8699951171875,12.789999961853027,,1120.800048828125
2018-09-19,7950.0400390625,1371.6800537109375,11.75,,1122.25
2018-09-20,8028.22998046875,1387.6700439453125,11.800000190734863,,1116.4000244140625
2018-09-21,7986.9599609375,1383.0899658203125,11.680000305175781,,
2018-09-23,,,,,1114.0999755859375
2018-09-24,7993.25,1388.4599609375,12.199999809265137,,1117.8499755859375
2018-09-25,8007.47021484375,1364.8199462890625,12.420000076293945,,1115.8299560546875
2018-09-26,7990.3701171875,1351.8499755859375,12.890000343322754,,1114.1700439453125
2018-09-27,8041.97021484375,1357.8699951171875,12.40999984741211,,1112.31005859375
2018-09-28,8046.35009765625,1366.739990234375,12.119999885559082,,
2018-09-30,,,,,1109.010009765625
2018-10-01,8037.2998046875,1370.43994140625,12.0,2.19,1112.25
2018-10-02,7999.5498046875,1370.8699951171875,12.050000190734863,,1117.5
2018-10-03,8025.08984375,1372.4000244140625,11.609999656677246,,1125.4200439453125
2018-10-04,7879.509765625,1347.1600341796875,14.220000267028809,,1132.9000244140625
2018-10-05,7788.4501953125,1315.8399658203125,14.819999694824219,,
2018-10-07,,,,,1131.0999755859375
2018-10-08,7735.9501953125,1301.0,15.6899995803833,,1133.199951171875
2018-10-09,7738.02001953125,1300.1500244140625,15.949999809265137,,1132.4000244140625
2018-10-10,7422.0498046875,1242.0999755859375,22.959999084472656,,1142.8499755859375
2018-10-11,7329.06005859375,1229.3599853515625,24.979999542236328,,1134.300048828125
2018-10-12,7496.89013671875,1253.5799560546875,21.309999465942383,,
2018-10-14,,,,,1131.18994140625
2018-10-15,7430.740234375,1241.8199462890625,21.299999237060547,,1135.1700439453125
2018-10-16,7645.490234375,1282.949951171875,17.6200008392334,,1122.1500244140625
2018-10-17,7642.7001953125,1277.31005859375,17.399999618530273,,1127.0999755859375
2018-10-18,7485.14013671875,1245.300048828125,20.059999465942383,,1136.5999755859375
2018-10-19,7449.02978515625,1225.93994140625,19.889999389648438,,
2018-10-21,,,,,1131.5999755859375
2018-10-22,7468.6298828125,1234.199951171875,19.639999389648438,,1131.25
2018-10-23,7437.5400390625,1227.6099853515625,20.709999084472656,,1136.6400146484375
2018-10-24,7108.39990234375,1146.4100341796875,25.229999542236328,,1137.56005859375
2018-10-25,7318.33984375,1173.2099609375,24.219999313354492,,1135.22998046875
2018-10-26,7167.2099609375,1153.0,24.15999984741211,,
2018-10-29,7050.2900390625,1140.1500244140625,24.700000762939453,,1139.5
2018-10-30,7161.64990234375,1187.5699462890625,23.350000381469727,,1142.0799560546875
2018-10-31,7305.89990234375,1202.300048828125,21.229999542236328,,1137.699951171875
2018-11-01,7434.06005859375,1258.0799560546875,19.34000015258789,2.2,1140.969970703125
2018-11-02,7356.990234375,1239.1600341796875,19.510000228881836,,1129.050048828125
2018-11-05,7328.85009765625,1228.5999755859375,19.959999084472656,,1116.0999755859375
2018-11-06,7375.9599609375,1242.6300048828125,19.90999984741211,,1121.56005859375
2018-11-07,7570.75,1257.469970703125,16.360000610351562,,1119.949951171875
2018-11-08,7530.8798828125,1252.22998046875,16.719999313354492,,1115.3699951171875
2018-11-09,7406.89990234375,1229.050048828125,17.360000610351562,,1119.5699462890625
2018-11-12,7200.8701171875,1174.489990234375,20.450000762939453,,1130.949951171875
2018-11-13,7200.8701171875,1190.3699951171875,20.020000457763672,,1137.4599609375
2018-11-14,7136.39013671875,1194.7099609375,21.25,,1131.1300048828125
2018-11-15,7259.02978515625,1234.6199951171875,19.979999542236328,,1131.199951171875
2018-11-16,7247.8701171875,1220.1400146484375,18.139999389648438,,1127.0
2018-11-19,7028.47998046875,1173.010009765625,20.100000381469727,,1120.4000244140625
2018-11-20,6908.81982421875,1174.8199462890625,22.479999542236328,,1126.18994140625
2018-11-21,6972.25,1179.72998046875,20.799999237060547,,1128.4000244140625
2018-11-22,,,,,1137.31005859375
2018-11-23,6938.97998046875,1179.239990234375,21.520000457763672,,1135.5
2018-11-26,7081.85009765625,1201.719970703125,18.899999618530273,,1133.5
2018-11-27,7082.7001953125,1204.0799560546875,19.020000457763672,,1129.030029296875
2018-11-28,7291.58984375,1231.449951171875,18.489999771118164,,1130.3699951171875
2018-11-29,7273.080078125,1221.4300537109375,18.790000915527344,,1121.1199951171875
2018-11-30,7330.5400390625,1239.5999755859375,18.06999969482422,,1117.02001953125
2018-12-01,,,,2.27,
2018-12-03,7441.509765625,1272.739990234375,16.440000534057617,,1117.1500244140625
2018-12-04,7158.43017578125,1209.3499755859375,20.739999771118164,,1108.300048828125
2018-12-05,,,,,1110.6300048828125
2018-12-06,7188.259765625,1202.8299560546875,21.190000534057617,,1111.6600341796875
2018-12-07,6969.25,1157.8599853515625,23.229999542236328,,1119.5999755859375
2018-12-10,7020.52001953125,1174.18994140625,22.639999389648438,,1122.699951171875
2018-12-11,7031.830078125,1181.47998046875,21.760000228881836,,1131.5
2018-12-12,7098.31005859375,1198.9000244140625,21.459999084472656,,1127.6199951171875
2018-12-13,7070.330078125,1194.5899658203125,20.649999618530273,,1123.8499755859375
2018-12-14,6910.66015625,1177.5699462890625,21.6299991607666,,1127.02001953125
2018-12-17,6753.72998046875,1162.4599609375,24.520000457763672,,1131.6500244140625
2018-12-18,6783.91015625,1177.3599853515625,25.579999923706055,,1128.1500244140625
2018-12-19,6636.830078125,1127.43994140625,25.579999923706055,,1125.0699462890625
2018-12-20,6528.41015625,1117.739990234375,28.3799991607666,,1128.1300048828125
2018-12-21,6332.990234375,1101.2900390625,30.110000610351562,,1120.030029296875
2018-12-24,6192.919921875,1069.3900146484375,36.06999969482422,,1127.5
2018-12-25,,,,,1123.22998046875
2018-12-26,6554.35986328125,1131.0999755859375,30.40999984741211,,1122.6300048828125
2018-12-27,6579.490234375,1139.489990234375,29.959999084472656,,1123.52001953125
2018-12-28,6584.52001953125,1147.3699951171875,28.34000015258789,,1119.5999755859375
2018-12-31,6635.27978515625,1155.1700439453125,25.420000076293945,,1116.300048828125
2019-01-01,,,,2.4,1112.5
2019-01-02,6665.93994140625,1165.300048828125,23.219999313354492,,1113.800048828125
2019-01-03,6463.5,1096.030029296875,25.450000762939453,,1122.1800537109375
2019-01-04,6738.85986328125,1143.9599609375,21.3799991607666,,1124.1199951171875
2019-01-07,6823.47021484375,1166.239990234375,21.399999618530273,,1114.4000244140625
2019-01-08,6897.0,1160.550048828125,20.469999313354492,,1116.4000244140625
2019-01-09,6957.080078125,1189.8399658203125,19.979999542236328,,1121.050048828125
2019-01-10,6986.06982421875,1201.4000244140625,19.5,,1118.6700439453125
2019-01-11,6971.47998046875,1213.0400390625,18.190000534057617,,1116.550048828125
2019-01-14,6905.919921875,1194.280029296875,19.06999969482422,,1118.5999755859375
2019-01-15,7023.830078125,1197.030029296875,18.600000381469727,,1122.0
2019-01-16,7034.68994140625,1187.18994140625,19.040000915527344,,1122.4000244140625
2019-01-17,7084.4599609375,1200.760009765625,18.059999465942383,,1118.77001953125
2019-01-18,7157.22998046875,1228.3299560546875,17.799999237060547,,1120.550048828125
2019-01-21,,,,,1125.7900390625
2019-01-22,7020.35986328125,1193.3599853515625,20.799999237060547,,1132.3699951171875
2019-01-23,7025.77001953125,1185.949951171875,19.520000457763672,,1130.1500244140625
2019-01-24,7073.4599609375,1253.9100341796875,18.889999389648438,,1125.3299560546875
2019-01-25,7164.85986328125,1281.1600341796875,17.420000076293945,,1126.75
2019-01-28,7085.68017578125,1254.4000244140625,18.8700008392334,,1118.010009765625
2019-01-29,7028.2900390625,1236.25,19.1299991607666,,1119.699951171875
2019-01-30,7183.080078125,1271.760009765625,17.65999984741211,,1117.8699951171875
2019-01-31,7281.740234375,1272.0899658203125,16.56999969482422,,1109.0
2019-02-01,7263.8701171875,1287.4000244140625,16.139999389648438,2.4,1111.550048828125
2019-02-04,7347.5400390625,1293.8800048828125,15.729999542236328,,1118.300048828125
2019-02-05,7402.080078125,1300.1300048828125,15.569999694824219,,1121.0999755859375
2019-02-06,7375.27978515625,1333.760009765625,15.380000114440918,,1118.699951171875
2019-02-07,7288.35009765625,1303.9200439453125,16.3700008392334,,1121.6300048828125
2019-02-08,7298.2001953125,1302.4200439453125,15.720000267028809,,1123.75
2019-02-11,7307.89990234375,1308.8800048828125,15.970000267028809,,1122.8800048828125
2019-02-12,7414.6201171875,1336.719970703125,15.430000305175781,,1125.02001953125
2019-02-13,7420.3798828125,1340.7099609375,15.649999618530273,,1120.300048828125
2019-02-14,7426.9501953125,1344.1099853515625,16.219999313354492,,1123.719970703125
2019-02-15,7472.41015625,1351.1800537109375,14.90999984741211,,1128.300048828125
2019-02-18,,,,,1125.31005859375
2019-02-19,7486.77001953125,1348.489990234375,14.880000114440918,,1124.280029296875
2019-02-20,7489.06982421875,1360.280029296875,14.020000457763672,,1121.4200439453125
2019-02-21,7459.7099609375,1350.25,14.460000038146973,,1121.719970703125
2019-02-22,7527.5400390625,1364.780029296875,13.510000228881836,,1124.1500244140625
2019-02-25,7554.4599609375,1375.949951171875,14.850000381469727,,1122.31005859375
2019-02-26,7549.2998046875,1366.5799560546875,15.170000076293945,,1117.199951171875
2019-02-27,7554.509765625,1349.8699951171875,14.699999809265137,,1114.300048828125
2019-02-28,7532.52978515625,1350.199951171875,14.779999732971191,,1115.0999755859375
2019-03-01,7595.35009765625,1363.1300048828125,13.569999694824219,2.41,1124.219970703125
2019-03-04,7577.56982421875,1363.25,14.630000114440918,,1126.81005859375
2019-03-05,7576.35986328125,1356.9000244140625,14.739999771118164,,1128.1500244140625
2019-03-06,7505.919921875,1333.8199462890625,15.739999771118164,,1126.199951171875
2019-03-07,7421.4599609375,1319.0899658203125,16.59000015258789,,1127.0
2019-03-08,7408.14013671875,1318.2099609375,16.049999237060547,,1133.0699462890625
2019-03-11,7558.06005859375,1349.8800048828125,14.329999923706055,,1134.06005859375
2019-03-12,7591.02978515625,1355.1199951171875,13.770000457763672,,1130.77001953125
2019-03-13,7643.41015625,1360.77001953125,13.40999984741211,,1127.27001953125
2019-03-14,7630.91015625,1353.06005859375,13.5,,1129.5899658203125
2019-03-15,7688.52978515625,1392.3599853515625,12.880000114440918,,1135.4200439453125
2019-03-18,7714.47998046875,1388.77001953125,13.100000381469727,,1132.72998046875
2019-03-19,7723.9501953125,1407.3499755859375,13.5600004196167,,1131.199951171875
2019-03-20,7728.97021484375,1393.010009765625,13.90999984741211,,1129.719970703125
2019-03-21,7838.9599609375,1441.8299560546875,13.630000114440918,,1125.0
2019-03-22,7642.669921875,1400.3699951171875,16.479999542236328,,1127.77001953125
2019-03-25,7637.5400390625,1382.75,16.329999923706055,,1135.1400146484375
2019-03-26,7691.52001953125,1396.75,14.680000305175781,,1133.8499755859375
2019-03-27,7643.3798828125,1376.47998046875,15.149999618530273,,1133.9300537109375
2019-03-28,7669.169921875,1373.800048828125,14.430000305175781,,1138.5
2019-03-29,7729.31982421875,1395.510009765625,13.710000038146973,,1134.3199462890625
2019-03-31,,,,,1136.699951171875
2019-04-01,7828.91015625,1430.239990234375,13.399999618530273,2.42,1132.6700439453125
2019-04-02,7848.68994140625,1431.6300048828125,13.359999656677246,,1136.3900146484375
2019-04-03,7895.5498046875,1464.18994140625,13.739999771118164,,1133.530029296875
2019-04-04,7891.77978515625,1465.8900146484375,13.579999923706055,,1134.300048828125
2019-04-05,7938.68994140625,1477.6500244140625,12.819999694824219,,
2019-04-07,,,,,1136.68994140625
2019-04-08,7953.8798828125,1481.3800048828125,13.180000305175781,,1141.1099853515625
2019-04-09,7909.27978515625,1464.52001953125,14.279999732971191,,1140.0999755859375
2019-04-10,7964.240234375,1477.1600341796875,13.300000190734863,,1135.9000244140625
2019-04-11,7947.35986328125,1476.0699462890625,13.020000457763672,,1140.989990234375
2019-04-12,7984.16015625,1497.1199951171875,12.010000228881836,,
2019-04-14,,,,,1133.4300537109375
2019-04-15,7976.009765625,1485.8199462890625,12.319999694824219,,1133.199951171875
2019-04-16,8000.22998046875,1533.219970703125,12.180000305175781,,1135.699951171875
2019-04-17,7996.080078125,1557.0799560546875,12.600000381469727,,1130.199951171875
2019-04-18,7998.06005859375,1558.1300048828125,12.09000015258789,,1136.1099853515625
2019-04-21,,,,,1134.5
2019-04-22,8015.27001953125,1558.2900390625,12.420000076293945,,1140.0400390625
2019-04-23,8120.81982421875,1574.050048828125,12.279999732971191,,1142.0
2019-04-24,8102.009765625,1589.02001953125,13.140000343322754,,1155.260009765625
2019-04-25,8118.68017578125,1560.3199462890625,13.25,,1159.0
2019-04-26,8146.39990234375,1547.4000244140625,12.729999542236328,,
2019-04-28,,,,,1157.72998046875
2019-04-29,8161.85009765625,1544.43994140625,13.109999656677246,,1158.7900390625
2019-04-30,8095.39013671875,1556.1800537109375,13.119999885559082,,1163.260009765625
2019-05-01,8049.64013671875,1543.47998046875,14.800000190734863,2.39,1164.6700439453125
2019-05-02,8036.77001953125,1560.6099853515625,14.420000076293945,,1166.1099853515625
2019-05-03,8164.0,1570.699951171875,12.869999885559082,,
2019-05-05,,,,,1163.3299560546875
2019-05-06,8123.2900390625,1543.72998046875,15.4399995803833,,1168.050048828125
2019-05-07,7963.759765625,1506.3199462890625,19.31999969482422,,1171.300048828125
2019-05-08,7943.31982421875,1494.47998046875,19.399999618530273,,1172.18994140625
2019-05-09,7910.58984375,1476.800048828125,19.100000381469727,,1179.18994140625
2019-05-10,7916.93994140625,1478.8699951171875,16.040000915527344,,
2019-05-12,,,,,1174.4200439453125
2019-05-13,7647.02001953125,1408.949951171875,20.549999237060547,,1187.1800537109375
2019-05-14,7734.490234375,1442.8299560546875,18.059999465942383,,1186.9300537109375
2019-05-15,7822.14990234375,1454.5,16.440000534057617,,1186.0400390625
2019-05-16,7898.0498046875,1430.1099853515625,15.289999961853027,,1190.489990234375
2019-05-17,7816.27978515625,1402.010009765625,15.960000038146973,,
2019-05-19,,,,,1193.8299560546875
2019-05-20,7702.3798828125,1345.5799560546875,16.309999465942383,,1193.3299560546875
2019-05-21,7785.72021484375,1374.2099609375,14.949999809265137,,
2019-05-22,7750.83984375,1345.0400390625,14.75,,1188.800048828125
2019-05-23,7628.27978515625,1322.8399658203125,16.920000076293945,,1188.800048828125
2019-05-24,7637.009765625,1311.969970703125,15.850000381469727,,
2019-05-26,,,,,1185.0
2019-05-27,,,,,1182.31005859375
2019-05-28,7607.35009765625,1300.300048828125,17.5,,1187.5799560546875
2019-05-29,7547.31005859375,1305.5699462890625,17.899999618530273,,1192.2099609375
2019-05-30,7567.72021484375,1315.2900390625,17.299999237060547,,1188.3800048828125
2019-05-31,7453.14990234375,1296.1800537109375,18.709999084472656,,
2019-06-01,,,,2.38,
2019-06-02,,,,,1187.8699951171875
2019-06-03,7333.02001953125,1300.52001953125,18.860000610351562,,1178.3499755859375
2019-06-04,7527.1201171875,1355.260009765625,16.969999313354492,,1176.050048828125
2019-06-05,7575.47998046875,1345.0999755859375,16.09000015258789,,1178.739990234375
2019-06-06,7615.5498046875,1363.1300048828125,15.930000305175781,,1177.0
2019-06-07,7742.10009765625,1378.81005859375,16.299999237060547,,
2019-06-09,,,,,1180.760009765625
2019-06-10,7823.169921875,1413.8900146484375,15.9399995803833,,1182.0999755859375
2019-06-11,7822.56982421875,1418.02001953125,15.989999771118164,,1177.97998046875
2019-06-12,7792.72021484375,1384.949951171875,15.90999984741211,,1183.4300537109375
2019-06-13,7837.1298828125,1392.93994140625,15.819999694824219,,1181.0799560546875
2019-06-14,7796.66015625,1356.550048828125,15.279999732971191,,
2019-06-16,,,,,1185.8900146484375
2019-06-17,7845.02001953125,1347.8599853515625,15.350000381469727,,1185.3499755859375
2019-06-18,7953.8798828125,1406.1600341796875,15.149999618530273,,1173.5799560546875
2019-06-19,7987.31982421875,1407.300048828125,14.329999923706055,,1170.300048828125
2019-06-20,8051.33984375,1421.030029296875,14.75,,1157.2099609375
2019-06-21,8031.7099609375,1410.5,15.399999618530273,,
2019-06-23,,,,,1158.31005859375
2019-06-24,8005.7001953125,1412.0799560546875,15.260000228881836,,1152.469970703125
2019-06-25,7884.72021484375,1391.1199951171875,16.280000686645508,,1155.7099609375
2019-06-26,7909.97021484375,1435.8299560546875,16.209999084472656,,1152.5
2019-06-27,7967.759765625,1456.9000244140625,15.819999694824219,,1155.510009765625
2019-06-28,8006.240234375,1458.9599609375,15.079999923706055,,
2019-06-30,,,,,1155.5999755859375
2019-07-01,8091.16015625,1497.550048828125,14.0600004196167,2.4,1159.75
2019-07-02,8109.08984375,1476.8299560546875,12.930000305175781,,1165.5799560546875
2019-07-03,8170.22998046875,1470.489990234375,12.569999694824219,,1168.8699951171875
2019-07-04,,,,,1167.1300048828125
2019-07-05,8161.7900390625,1461.699951171875,13.279999732971191,,
2019-07-07,,,,,1174.02001953125
2019-07-08,8098.3798828125,1450.4100341796875,13.960000038146973,,1179.8499755859375
2019-07-09,8141.72998046875,1461.2099609375,14.09000015258789,,1181.47998046875
2019-07-10,8202.5302734375,1471.510009765625,13.029999732971191,,1175.530029296875
2019-07-11,8196.0400390625,1476.280029296875,12.930000305175781,,1174.0799560546875
2019-07-12,8244.1396484375,1504.280029296875,12.390000343322754,,
2019-07-14,,,,,1176.4100341796875
2019-07-15,8258.1904296875,1515.9200439453125,12.680000305175781,,1178.4300537109375
2019-07-16,8222.7998046875,1499.6400146484375,12.859999656677246,,1177.8800048828125
2019-07-17,8185.2099609375,1503.8699951171875,13.970000267028809,,1178.68994140625
2019-07-18,8207.240234375,1526.969970703125,13.529999732971191,,1170.77001953125
2019-07-19,8146.490234375,1523.9100341796875,14.449999809265137,,
2019-07-21,,,,,1175.1099853515625
2019-07-22,8204.1396484375,1554.0899658203125,13.529999732971191,,1174.760009765625
2019-07-23,8251.400390625,1573.27001953125,12.609999656677246,,1176.800048828125
2019-07-24,8321.5,1622.02001953125,12.069999694824219,,1176.550048828125
2019-07-25,8238.5400390625,1594.1199951171875,12.739999771118164,,1182.3900146484375
2019-07-26,8330.2099609375,1593.8599853515625,12.15999984741211,,
2019-07-28,,,,,1183.3499755859375
2019-07-29,8293.330078125,1598.02001953125,12.829999923706055,,1181.8499755859375
2019-07-30,8273.6103515625,1593.8199462890625,13.9399995803833,,1180.6500244140625
2019-07-31,8175.419921875,1542.43994140625,16.1200008392334,,1186.31005859375
2019-08-01,8111.1201171875,1511.97998046875,17.8700008392334,2.13,1194.75
2019-08-02,8004.06982421875,1488.4300537109375,17.610000610351562,,
2019-08-04,,,,,1203.93994140625
2019-08-05,7726.0400390625,1423.52001953125,24.59000015258789,,1216.6500244140625
2019-08-06,7833.27001953125,1441.77001953125,20.170000076293945,,1212.530029296875
2019-08-07,7862.830078125,1452.1199951171875,19.489999771118164,,1212.22998046875
2019-08-08,8039.16015625,1491.260009765625,16.90999984741211,,1207.030029296875
2019-08-09,7959.14013671875,1464.3399658203125,17.969999313354492,,
2019-08-11,,,,,1213.199951171875
2019-08-12,7863.41015625,1446.97998046875,21.09000015258789,,1217.6300048828125
2019-08-13,8016.35986328125,1489.6600341796875,17.520000457763672,,1204.72998046875
2019-08-14,7773.93994140625,1442.5400390625,22.100000381469727,,1215.6400146484375
2019-08-15,7766.6201171875,1439.2900390625,21.18000030517578,,1211.5
2019-08-16,7895.990234375,1479.25,18.469999313354492,,
2019-08-18,,,,,1207.489990234375
2019-08-19,8002.81005859375,1506.989990234375,16.8799991607666,,1210.530029296875
2019-08-20,7948.56005859375,1498.9000244140625,17.5,,1205.280029296875
2019-08-21,8020.2099609375,1512.719970703125,15.800000190734863,,1201.3199462890625
2019-08-22,7991.39013671875,1512.25,16.68000030517578,,1208.56005859375
2019-08-23,7751.77001953125,1446.3800048828125,19.8700008392334,,
2019-08-25,,,,,1212.6500244140625
2019-08-26,7853.740234375,1458.8800048828125,19.31999969482422,,1210.72998046875
2019-08-27,7826.9501953125,1454.1199951171875,20.309999465942383,,1210.760009765625
2019-08-28,7856.8798828125,1462.8499755859375,19.350000381469727,,1211.3699951171875
2019-08-29,7973.39013671875,1495.8199462890625,17.8799991607666,,1207.1600341796875
2019-08-30,7962.8798828125,1504.9200439453125,18.979999542236328,,
2019-09-01,,,,2.04,1209.1500244140625
2019-09-02,,,,,1212.77001953125
2019-09-03,7874.16015625,1478.3199462890625,19.65999984741211,,1210.47998046875
2019-09-04,7976.8798828125,1519.550048828125,17.329999923706055,,1202.68994140625
2019-09-05,8116.830078125,1566.2099609375,16.270000457763672,,1196.0
2019-09-06,8103.06982421875,1568.3399658203125,15.0,,
2019-09-08,,,,,1191.6199951171875
2019-09-09,8087.43994140625,1576.3900146484375,15.270000457763672,,1190.8599853515625
2019-09-10,8084.16015625,1583.1500244140625,15.199999809265137,,1189.5
2019-09-11,8169.68017578125,1606.18994140625,14.609999656677246,,1189.800048828125
2019-09-12,8194.4697265625,1610.7900390625,14.220000267028809,,1180.75
2019-09-13,8176.7099609375,1605.6500244140625,13.739999771118164,,
2019-09-15,,,,,1178.719970703125
2019-09-16,8153.5400390625,1594.489990234375,14.670000076293945,,1183.2900390625
2019-09-17,8186.02001953125,1599.739990234375,14.4399995803833,,1185.6500244140625
2019-09-18,8177.39013671875,1600.949951171875,13.949999809265137,,1189.550048828125
2019-09-19,8182.8798828125,1592.0699462890625,14.050000190734863,,1193.8599853515625
2019-09-20,8117.669921875,1563.0,15.319999694824219,,
2019-09-22,,,,,1193.1300048828125
2019-09-23,8112.4599609375,1578.0899658203125,14.90999984741211,,1193.010009765625
2019-09-24,7993.6298828125,1551.989990234375,17.049999237060547,,1193.93994140625
2019-09-25,8077.3798828125,1579.56005859375,15.960000038146973,,1197.8900146484375
2019-09-26,8030.66015625,1580.0999755859375,16.06999969482422,,1198.6300048828125
2019-09-27,7939.6298828125,1542.8699951171875,17.219999313354492,,
2019-09-29,,,,,1201.9100341796875
2019-09-30,7999.33984375,1558.75,16.239999771118164,,1198.0
2019-10-01,7908.68017578125,1544.199951171875,18.559999465942383,1.83,1201.68994140625
2019-10-02,7785.25,1519.77001953125,20.559999465942383,,1203.5699462890625
2019-10-03,7872.259765625,1545.760009765625,19.1200008392334,,1200.0799560546875
2019-10-04,7982.47021484375,1574.3900146484375,17.040000915527344,,
2019-10-06,,,,,1191.3299560546875
2019-10-07,7956.2900390625,1563.1700439453125,17.860000610351562,,1195.760009765625
2019-10-08,7823.77978515625,1514.449951171875,20.280000686645508,,1198.3699951171875
2019-10-09,7903.740234375,1540.8499755859375,18.639999389648438,,1196.780029296875
2019-10-10,7950.77978515625,1555.7900390625,17.56999969482422,,1188.81005859375
2019-10-11,8057.0400390625,1591.1300048828125,15.579999923706055,,
2019-10-13,,,,,1182.489990234375
2019-10-14,8048.64990234375,1590.4000244140625,14.569999694824219,,1182.300048828125
2019-10-15,8148.7099609375,1625.68994140625,13.539999961853027,,1183.9300537109375
2019-10-16,8124.18017578125,1601.7900390625,13.680000305175781,,1184.8299560546875
2019-10-17,8156.85009765625,1607.1600341796875,13.789999961853027,,1177.27001953125
2019-10-18,8089.5400390625,1590.0899658203125,14.25,,
2019-10-20,,,,,1178.0799560546875
2019-10-21,8162.990234375,1620.0400390625,14.0,,1171.4000244140625
2019-10-22,8104.2998046875,1607.5999755859375,14.460000038146973,,1171.260009765625
2019-10-23,8119.7900390625,1576.5799560546875,14.010000228881836,,1169.699951171875
2019-10-24,8185.7998046875,1615.510009765625,13.710000038146973,,1174.25
2019-10-25,8243.1201171875,1648.6700439453125,12.649999618530273,,
2019-10-28,8325.990234375,1677.5699462890625,13.109999656677246,,1170.8199462890625
2019-10-29,8276.849609375,1662.4599609375,13.199999809265137,,1166.760009765625
2019-10-30,8303.98046875,1661.4599609375,12.329999923706055,,1165.75
2019-10-31,8292.3603515625,1651.219970703125,13.220000267028809,,1163.699951171875
2019-11-01,8386.400390625,1689.9300537109375,12.300000190734863,1.55,1168.550048828125
2019-11-04,8433.2001953125,1726.9200439453125,12.829999923706055,,1163.800048828125
2019-11-05,8434.6796875,1730.1500244140625,13.100000381469727,,1161.81005859375
2019-11-06,8410.6298828125,1715.6700439453125,12.619999885559082,,1155.199951171875
2019-11-07,8434.51953125,1727.6800537109375,12.729999542236328,,1160.0799560546875
2019-11-08,8475.3095703125,1736.780029296875,12.069999694824219,,1158.5999755859375
2019-11-11,8464.2802734375,1727.5899658203125,12.6899995803833,,1158.5999755859375
2019-11-12,8486.08984375,1732.4200439453125,12.680000305175781,,1163.9000244140625
2019-11-13,8482.099609375,1732.8599853515625,13.0,,1164.949951171875
2019-11-14,8479.01953125,1727.5899658203125,13.050000190734863,,1169.8599853515625
2019-11-15,8540.830078125,1742.9300537109375,12.050000190734863,,1167.52001953125
2019-11-18,8549.9404296875,1738.780029296875,12.460000038146973,,1162.3299560546875
2019-11-19,8570.66015625,1730.5,12.859999656677246,,1165.68994140625
2019-11-20,8526.73046875,1710.1400146484375,12.779999732971191,,1165.8199462890625
2019-11-21,8506.2099609375,1690.8299560546875,13.130000114440918,,1168.260009765625
2019-11-22,8519.8798828125,1690.7900390625,12.34000015258789,,1175.22998046875
2019-11-25,8632.490234375,1731.949951171875,11.869999885559082,,1179.489990234375
2019-11-26,8647.9296875,1723.260009765625,11.539999961853027,,1172.4100341796875
2019-11-27,8705.1796875,1735.9100341796875,11.75,,1172.5999755859375
2019-11-28,,,,,1175.3599853515625
2019-11-29,8665.4697265625,1716.8399658203125,12.619999885559082,,1177.010009765625
2019-12-01,,,,1.55,
2019-12-02,8567.990234375,1691.75,14.90999984741211,,1181.469970703125
2019-12-03,8520.6396484375,1665.7099609375,15.960000038146973,,1183.7900390625
2019-12-04,8566.669921875,1691.449951171875,14.800000190734863,,1187.6300048828125
2019-12-05,8570.7001953125,1697.6600341796875,14.520000457763672,,1189.4599609375
2019-12-06,8656.5302734375,1724.2099609375,13.619999885559082,,1187.97998046875
2019-12-09,8621.830078125,1714.97998046875,15.859999656677246,,1186.1099853515625
2019-12-10,8616.1796875,1720.9000244140625,15.680000305175781,,1188.6800537109375
2019-12-11,8654.0498046875,1759.199951171875,14.989999771118164,,1189.0699462890625
2019-12-12,8717.3203125,1806.8699951171875,13.9399995803833,,1187.9300537109375
2019-12-13,8734.8798828125,1796.0400390625,12.630000114440918,,1169.5899658203125
2019-12-16,8814.23046875,1813.31005859375,12.140000343322754,,1172.530029296875
2019-12-17,8823.3603515625,1821.9200439453125,12.289999961853027,,1167.4599609375
2019-12-18,8827.740234375,1820.2900390625,12.579999923706055,,1162.780029296875
2019-12-19,8887.2197265625,1834.969970703125,12.5,,1164.3599853515625
2019-12-20,8924.9599609375,1853.8699951171875,12.510000228881836,,1161.06005859375
2019-12-23,8945.650390625,1857.1199951171875,12.609999656677246,,1159.300048828125
2019-12-24,8952.8798828125,1862.199951171875,12.670000076293945,,1161.5699462890625
2019-12-25,,,,,1162.22998046875
2019-12-26,9022.3896484375,1864.489990234375,12.649999618530273,,1159.75
2019-12-27,9006.6201171875,1858.5899658203125,13.430000305175781,,1161.199951171875
2019-12-30,8945.990234375,1844.3900146484375,14.819999694824219,,1160.6800537109375
2019-12-31,8972.599609375,1849.6199951171875,13.779999732971191,,1156.3499755859375
2020-01-01,,,,1.55,1153.75
2020-01-02,9092.1904296875,1887.9100341796875,12.470000267028809,,1153.969970703125
2020-01-03,9020.76953125,1853.97998046875,14.020000457763672,,1157.1500244140625
2020-01-06,9071.4697265625,1834.6800537109375,13.850000381469727,,1165.8499755859375
2020-01-07,9068.580078125,1867.280029296875,13.789999961853027,,1167.4200439453125
2020-01-08,9129.240234375,1867.5899658203125,13.449999809265137,,1166.4599609375
2020-01-09,9203.4296875,1878.72998046875,12.539999961853027,,1161.260009765625
2020-01-10,9178.8603515625,1866.3499755859375,12.5600004196167,,1157.81005859375
2020-01-13,9273.9296875,1890.7900390625,12.319999694824219,,1156.9300537109375
2020-01-14,9251.330078125,1894.6400146484375,12.390000343322754,,1153.93994140625
2020-01-15,9258.7001953125,1872.1600341796875,12.420000076293945,,1157.050048828125
2020-01-16,9357.1298828125,1903.9300537109375,12.319999694824219,,1156.780029296875
2020-01-17,9388.9404296875,1916.6199951171875,12.100000381469727,,1158.77001953125
2020-01-20,,,,,1160.3599853515625
2020-01-21,9370.8095703125,1915.0,12.850000381469727,,1157.5699462890625
2020-01-22,9383.76953125,1930.22998046875,12.90999984741211,,1168.739990234375
2020-01-23,9402.48046875,1945.3699951171875,12.979999542236328,,1163.72998046875
2020-01-24,9314.91015625,1924.030029296875,14.5600004196167,,1167.5999755859375
2020-01-27,9139.3095703125,1848.8599853515625,18.229999542236328,,1169.1500244140625
2020-01-28,9269.6796875,1893.27001953125,16.280000686645508,,1176.72998046875
2020-01-29,9275.16015625,1858.699951171875,16.389999389648438,,1174.280029296875
2020-01-30,9298.9296875,1855.800048828125,15.489999771118164,,1178.0799560546875
2020-01-31,9150.9404296875,1789.9300537109375,18.84000015258789,,1187.1199951171875
2020-02-01,,,,1.58,
2020-02-03,9273.400390625,1812.1800537109375,17.969999313354492,,1194.8699951171875
2020-02-04,9467.9697265625,1868.6500244140625,16.049999237060547,,1189.3599853515625
2020-02-05,9508.6796875,1909.52001953125,15.149999618530273,,1182.47998046875
2020-02-06,9572.150390625,1909.6400146484375,14.960000038146973,,1183.4599609375
2020-02-07,9520.509765625,1864.3599853515625,15.470000267028809,,1184.25
2020-02-10,9628.3896484375,1892.800048828125,15.039999961853027,,1191.0899658203125
2020-02-11,9638.9404296875,1931.0799560546875,15.180000305175781,,1185.6300048828125
2020-02-12,9725.9599609375,1958.8199462890625,13.739999771118164,,1180.719970703125
2020-02-13,9711.9697265625,1960.3399658203125,14.149999618530273,,1177.9599609375
2020-02-14,9731.1796875,1956.56005859375,13.680000305175781,,1183.469970703125
2020-02-17,,,,,1182.1800537109375
2020-02-18,9732.740234375,1929.1199951171875,14.829999923706055,,1183.81005859375
2020-02-19,9817.1796875,1979.5,14.380000114440918,,1189.9300537109375
2020-02-20,9750.9697265625,1949.25,15.5600004196167,,1191.3699951171875
2020-02-21,9576.58984375,1891.050048828125,17.079999923706055,,1204.4000244140625
2020-02-24,9221.2802734375,1801.22998046875,25.030000686645508,,1205.77001953125
2020-02-25,8965.6103515625,1746.1099853515625,27.850000381469727,,1217.6500244140625
2020-02-26,8980.7802734375,1749.949951171875,27.559999465942383,,1214.550048828125
2020-02-27,8566.48046875,1668.6500244140625,39.15999984741211,,1211.3599853515625
2020-02-28,8567.3701171875,1705.5400390625,40.11000061035156,,1211.31005859375
2020-03-01,,,,0.65,
2020-03-02,8952.169921875,1765.3800048828125,33.41999816894531,,1200.0999755859375
2020-03-03,8684.08984375,1705.260009765625,36.81999969482422,,1188.280029296875
2020-03-04,9018.08984375,1789.5699462890625,31.989999771118164,,1186.3399658203125
2020-03-05,8738.58984375,1734.030029296875,39.619998931884766,,1183.6800537109375
2020-03-06,8575.6201171875,1699.8900146484375,41.939998626708984,,1187.469970703125
2020-03-09,7950.68017578125,1558.1600341796875,54.459999084472656,,1187.699951171875
2020-03-10,8344.25,1656.5,47.29999923706055,,1199.9599609375
2020-03-11,7952.0498046875,1562.5400390625,53.900001525878906,,1184.699951171875
2020-03-12,7201.7998046875,1392.1099853515625,75.47000122070312,,1189.3900146484375
2020-03-13,7874.8798828125,1544.260009765625,57.83000183105469,,1209.969970703125
2020-03-16,6904.58984375,1298.780029296875,82.69000244140625,,1210.800048828125
2020-03-17,7334.77978515625,1426.52001953125,75.91000366210938,,1232.0400390625
2020-03-18,6989.83984375,1286.8399658203125,76.44999694824219,,1237.989990234375
2020-03-19,7150.580078125,1341.219970703125,72.0,,1255.3499755859375
2020-03-20,6879.52001953125,1298.5400390625,66.04000091552734,,1256.8800048828125
2020-03-23,6860.669921875,1342.1199951171875,61.59000015258789,,1253.949951171875
2020-03-24,7417.85986328125,1491.8299560546875,61.66999816894531,,1262.9300537109375
2020-03-25,7384.2998046875,1472.5699462890625,63.95000076293945,,1228.5999755859375
2020-03-26,7797.5400390625,1572.6099853515625,61.0,,1231.0799560546875
2020-03-27,7502.3798828125,1488.75,65.54000091552734,,1212.18994140625
2020-03-29,,,,,1211.6300048828125
2020-03-30,7774.14990234375,1545.31005859375,57.08000183105469,,1222.699951171875
2020-03-31,7700.10009765625,1510.5899658203125,53.540000915527344,,1216.6600341796875
2020-04-01,7360.580078125,1427.72998046875,57.060001373291016,0.05,1234.72998046875
2020-04-02,7487.31005859375,1474.6099853515625,50.90999984741211,,1226.8499755859375
2020-04-03,7373.080078125,1443.0400390625,46.79999923706055,,
2020-04-05,,,,,1235.800048828125
2020-04-06,7913.240234375,1592.8800048828125,45.2400016784668,,1223.0999755859375
2020-04-07,7887.259765625,1585.3800048828125,46.70000076293945,,1215.31005859375
2020-04-08,8090.89990234375,1639.8900146484375,43.349998474121094,,1214.75
2020-04-09,8153.580078125,1601.72998046875,41.66999816894531,,1209.510009765625
2020-04-12,,,,,1211.0400390625
2020-04-13,8192.419921875,1623.6800537109375,41.16999816894531,,1213.9000244140625
2020-04-14,8515.740234375,1695.760009765625,37.7599983215332,,1212.3800048828125
2020-04-15,8393.1796875,1647.9100341796875,40.84000015258789,,1222.550048828125
2020-04-16,8532.3603515625,1690.8699951171875,40.11000061035156,,1226.6400146484375
2020-04-17,8650.1396484375,1705.6400146484375,38.150001525878906,,
2020-04-19,,,,,1215.260009765625
2020-04-20,8560.73046875,1667.5699462890625,43.83000183105469,,1218.0999755859375
2020-04-21,8263.23046875,1588.699951171875,45.40999984741211,,1230.8499755859375
2020-04-22,8495.3798828125,1682.1199951171875,41.97999954223633,,1231.3800048828125
2020-04-23,8494.75,1664.6700439453125,41.380001068115234,,1232.449951171875
2020-04-24,8634.51953125,1702.56005859375,35.93000030517578,,
2020-04-26,,,,,1229.5
2020-04-27,8730.16015625,1725.0400390625,33.290000915527344,,1220.8699951171875
2020-04-28,8607.73046875,1713.2099609375,33.56999969482422,,1220.4000244140625
2020-04-29,8914.7099609375,1797.760009765625,31.229999542236328,,1210.7900390625
2020-04-30,8889.5498046875,1731.239990234375,34.150001525878906,,1212.9599609375
2020-05-01,8604.9501953125,1644.4000244140625,37.189998626708984,0.05,
2020-05-03,,,,,1223.780029296875
2020-05-04,8710.7099609375,1661.300048828125,35.970001220703125,,1222.449951171875
2020-05-05,8809.1201171875,1689.5,33.61000061035156,,1221.25
2020-05-06,8854.3896484375,1707.75,34.119998931884766,,1228.530029296875
2020-05-07,8979.66015625,1724.9300537109375,31.440000534057617,,1218.6300048828125
2020-05-08,9121.3203125,1775.6099853515625,27.979999542236328,,
2020-05-10,,,,,1218.699951171875
2020-05-11,9192.33984375,1774.31005859375,27.56999969482422,,1222.4000244140625
2020-05-12,9002.5498046875,1725.239990234375,33.040000915527344,,1225.6500244140625
2020-05-13,8863.169921875,1691.5699462890625,35.279998779296875,,1226.550048828125
2020-05-14,8943.7197265625,1739.050048828125,32.61000061035156,,1225.4599609375
2020-05-15,9014.5595703125,1700.8900146484375,31.889999389648438,,
2020-05-17,,,,,1232.0899658203125
2020-05-18,9234.830078125,1782.5400390625,29.299999237060547,,1224.199951171875
2020-05-19,9185.099609375,1775.6099853515625,30.530000686645508,,1224.3199462890625
2020-05-20,9375.7802734375,1840.7900390625,27.989999771118164,,1226.550048828125
2020-05-21,9284.8798828125,1790.9599609375,29.530000686645508,,1233.3900146484375
2020-05-22,9324.58984375,1802.31005859375,28.15999984741211,,
2020-05-24,,,,,1239.550048828125
2020-05-25,,,,,1240.02001953125
2020-05-26,9340.2197265625,1820.510009765625,28.010000228881836,,1230.8699951171875
2020-05-27,9412.3603515625,1847.31005859375,27.6200008392334,,1238.300048828125
2020-05-28,9368.990234375,1804.6600341796875,28.59000015258789,,1237.97998046875
2020-05-29,9489.8701171875,1852.489990234375,27.510000228881836,,
2020-05-31,,,,,1230.469970703125
2020-06-01,9552.0498046875,1843.239990234375,28.229999542236328,0.08,1222.989990234375
2020-06-02,9608.3798828125,1883.4100341796875,26.84000015258789,,1219.1400146484375
2020-06-03,9682.91015625,1937.469970703125,25.65999984741211,,1215.8199462890625
2020-06-04,9615.8095703125,1953.469970703125,25.809999465942383,,1215.3800048828125
2020-06-05,9814.080078125,2003.760009765625,24.520000457763672,,
2020-06-07,,,,,1201.1099853515625
2020-06-08,9924.75,1998.6199951171875,25.809999465942383,,1195.72998046875
2020-06-09,9953.75,1998.0899658203125,27.56999969482422,,1197.300048828125
2020-06-10,10020.349609375,2004.6600341796875,27.56999969482422,,1189.739990234375
2020-06-11,9492.73046875,1876.6600341796875,40.790000915527344,,1204.760009765625
2020-06-12,9588.8095703125,1903.8499755859375,36.09000015258789,,
2020-06-14,,,,,1202.6099853515625
2020-06-15,9726.01953125,1931.010009765625,34.400001525878906,,1206.9000244140625
2020-06-16,9895.8701171875,1965.68994140625,33.66999816894531,,1211.1500244140625
2020-06-17,9910.5302734375,1984.0799560546875,33.470001220703125,,1214.3499755859375
2020-06-18,9943.0498046875,1980.1400146484375,32.939998626708984,,1211.3599853515625
2020-06-19,9946.1201171875,1966.7900390625,35.119998931884766,,
2020-06-21,,,,,1210.8900146484375
2020-06-22,10056.48046875,1983.3599853515625,31.770000457763672,,1208.0
2020-06-23,10131.3701171875,1987.72998046875,31.3700008392334,,1207.949951171875
2020-06-24,9909.169921875,1944.300048828125,33.84000015258789,,1205.25
2020-06-25,10017.0,1961.050048828125,32.220001220703125,,1201.52001953125
2020-06-26,9757.2197265625,1921.9200439453125,34.72999954223633,,
2020-06-28,,,,,1202.6300048828125
2020-06-29,9874.150390625,1943.9000244140625,31.780000686645508,,1198.489990234375
2020-06-30,10058.76953125,1996.43994140625,30.43000030517578,,1198.3900146484375
2020-07-01,10154.6298828125,1966.97998046875,28.6200008392334,0.09,1200.699951171875
2020-07-02,10207.6298828125,1993.6099853515625,27.68000030517578,,1198.1700439453125
2020-07-05,,,,,1198.5
2020-07-06,10433.650390625,2046.81005859375,27.940000534057617,,1190.9300537109375
2020-07-07,10343.8896484375,2019.77001953125,29.43000030517578,,1195.699951171875
2020-07-08,10492.5,2049.760009765625,28.079999923706055,,1192.02001953125
2020-07-09,10547.75,2076.719970703125,29.260000228881836,,1195.77001953125
2020-07-10,10617.4404296875,2069.7900390625,27.290000915527344,,
2020-07-12,,,,,1199.52001953125
2020-07-13,10390.83984375,2034.1400146484375,32.189998626708984,,1203.780029296875
2020-07-14,10488.580078125,2069.7900390625,29.520000457763672,,1203.97998046875
2020-07-15,10550.490234375,2064.169921875,27.760000228881836,,1200.469970703125
2020-07-16,10473.830078125,2055.919921875,28.0,,1204.22998046875
2020-07-17,10503.1904296875,2068.989990234375,25.68000030517578,,
2020-07-19,,,,,1202.530029296875
2020-07-20,10767.08984375,2110.469970703125,24.459999084472656,,1200.030029296875
2020-07-21,10680.3603515625,2096.590087890625,24.84000015258789,,1192.739990234375
2020-07-22,10706.1298828125,2105.429931640625,24.31999969482422,,1197.22998046875
2020-07-23,10461.419921875,2070.969970703125,26.079999923706055,,1200.93994140625
2020-07-24,10363.1796875,2038.7099609375,25.84000015258789,,
2020-07-26,,,,,1200.489990234375
2020-07-27,10536.26953125,2104.6201171875,24.739999771118164,,1195.9200439453125
2020-07-28,10402.08984375,2060.39990234375,25.440000534057617,,1199.3699951171875
2020-07-29,10542.9404296875,2106.300048828125,24.100000381469727,,1190.72998046875
2020-07-30,10587.8095703125,2147.550048828125,24.760000228881836,,1189.56005859375
2020-07-31,10745.26953125,2136.409912109375,24.459999084472656,,
2020-08-01,,,,0.1,
2020-08-02,,,,,1193.3900146484375
2020-08-03,10902.7998046875,2177.27001953125,24.280000686645508,,1191.760009765625
2020-08-04,10941.169921875,2209.81005859375,23.760000228881836,,1192.25
2020-08-05,10998.400390625,2207.56005859375,22.989999771118164,,1185.1800537109375
2020-08-06,11108.0703125,2204.93994140625,22.649999618530273,,1183.1700439453125
2020-08-07,11010.98046875,2178.860107421875,22.209999084472656,,
2020-08-09,,,,,1188.1500244140625
2020-08-10,10968.3603515625,2179.60009765625,22.1299991607666,,1185.18994140625
2020-08-11,10782.8203125,2154.7900390625,24.030000686645508,,1184.97998046875
2020-08-12,11012.240234375,2227.219970703125,22.280000686645508,,1182.75
2020-08-13,11042.5,2202.409912109375,22.1299991607666,,1184.1199951171875
2020-08-14,11019.2998046875,2200.81005859375,22.049999237060547,,
2020-08-16,,,,,1186.0400390625
2020-08-17,11129.73046875,2227.610107421875,21.350000381469727,,1183.0999755859375
2020-08-18,11210.83984375,2214.659912109375,21.510000228881836,,1183.6400146484375
2020-08-19,11146.4599609375,2200.77001953125,22.540000915527344,,1181.2099609375
2020-08-20,11264.9501953125,2181.0400390625,22.719999313354492,,1184.2900390625
2020-08-21,11311.7998046875,2198.330078125,22.540000915527344,,
2020-08-23,,,,,1191.199951171875
2020-08-24,11379.7197265625,2219.3701171875,22.3700008392334,,1188.25
2020-08-25,11466.4697265625,2243.06005859375,22.030000686645508,,1186.4599609375
2020-08-26,11665.0595703125,2250.22998046875,23.270000457763672,,1183.8499755859375
2020-08-27,11625.33984375,2220.14990234375,24.469999313354492,,1186.5799560546875
2020-08-28,11695.6298828125,2264.139892578125,22.959999084472656,,
2020-08-30,,,,,1179.5899658203125
2020-08-31,11775.4599609375,2260.429931640625,26.40999984741211,,1187.0400390625
2020-09-01,11939.669921875,2304.679931640625,26.1200008392334,0.09,1184.9200439453125
2020-09-02,12056.4404296875,2370.179931640625,26.56999969482422,,1188.6500244140625
2020-09-03,11458.099609375,2234.22998046875,33.599998474121094,,1190.780029296875
2020-09-04,11313.1298828125,2212.72998046875,30.75,,
2020-09-06,,,,,1186.4200439453125
2020-09-07,,,,,1186.81005859375
2020-09-08,10847.6904296875,2108.610107421875,31.459999084472656,,1189.239990234375
2020-09-09,11141.5595703125,2169.610107421875,28.809999465942383,,1184.3800048828125
2020-09-10,10919.58984375,2137.780029296875,29.709999084472656,,1187.22998046875
2020-09-11,10853.5498046875,2136.3701171875,26.8700008392334,,
2020-09-13,,,,,1186.969970703125
2020-09-14,11056.650390625,2181.75,25.850000381469727,,1180.8399658203125
2020-09-15,11190.3203125,2219.18994140625,25.59000015258789,,1179.25
2020-09-16,11050.4697265625,2195.5400390625,26.040000915527344,,1172.0699462890625
2020-09-17,10910.2802734375,2194.14990234375,26.459999084472656,,1168.6500244140625
2020-09-18,10793.2802734375,2160.969970703125,25.829999923706055,,
2020-09-20,,,,,1163.989990234375
2020-09-21,10778.7998046875,2154.280029296875,27.780000686645508,,1163.8499755859375
2020-09-22,10963.6396484375,2180.260009765625,26.860000610351562,,1162.5
2020-09-23,10632.990234375,2126.68994140625,28.579999923706055,,1169.72998046875
2020-09-24,10672.26953125,2147.419921875,28.510000228881836,,1168.5
2020-09-25,10913.5595703125,2177.840087890625,26.3799991607666,,
2020-09-27,,,,,1173.43994140625
2020-09-28,11117.5302734375,2237.639892578125,26.190000534057617,,1166.4100341796875
2020-09-29,11085.25,2242.52001953125,26.270000457763672,,1167.8599853515625
2020-09-30,11167.509765625,2244.1201171875,26.3700008392334,,1163.780029296875
2020-10-01,11326.509765625,2291.77001953125,26.700000762939453,0.09,1161.97998046875
2020-10-02,11075.01953125,2221.1201171875,27.6299991607666,,
2020-10-04,,,,,1165.3599853515625
2020-10-05,11332.490234375,2295.56005859375,27.959999084472656,,1156.0899658203125
2020-10-06,11154.599609375,2281.090087890625,29.479999542236328,,1163.8900146484375
2020-10-07,11364.599609375,2328.840087890625,28.059999465942383,,1156.5
2020-10-08,11420.98046875,2356.159912109375,26.360000610351562,,1150.3599853515625
2020-10-09,11579.9404296875,2398.0400390625,25.0,,
2020-10-11,,,,,1142.6500244140625
2020-10-12,11876.259765625,2433.47998046875,25.06999969482422,,1146.4000244140625
2020-10-13,11863.900390625,2430.1298828125,26.06999969482422,,1147.8900146484375
2020-10-14,11768.73046875,2417.199951171875,26.399999618530273,,1146.31005859375
2020-10-15,11713.8701171875,2411.1298828125,26.969999313354492,,1144.1300048828125
2020-10-16,11671.5595703125,2399.760009765625,27.40999984741211,,
2020-10-18,,,,,1141.1800537109375
2020-10-19,11478.8798828125,2385.85009765625,29.18000030517578,,1137.0
2020-10-20,11516.490234375,2385.820068359375,29.350000381469727,,1136.0
2020-10-21,11484.6904296875,2367.260009765625,28.649999618530273,,1132.030029296875
2020-10-22,11506.009765625,2370.449951171875,28.110000610351562,,1134.1500244140625
2020-10-23,11548.2802734375,2360.22998046875,27.549999237060547,,
2020-10-26,11358.9404296875,2308.449951171875,32.459999084472656,,1127.760009765625
2020-10-27,11431.349609375,2300.909912109375,33.349998474121094,,1131.6400146484375
2020-10-28,11004.8701171875,2222.97998046875,40.279998779296875,,1128.22998046875
2020-10-29,11185.58984375,2283.64990234375,37.59000015258789,,1134.1800537109375
2020-10-30,10911.58984375,2246.14990234375,38.02000045776367,,1129.52001953125
2020-11-01,,,,0.09,
2020-11-02,10957.6103515625,2260.070068359375,37.130001068115234,,1135.6099853515625
2020-11-03,11160.5703125,2302.72998046875,35.54999923706055,,1132.1400146484375
2020-11-04,11590.7802734375,2384.219970703125,29.56999969482422,,1130.3299560546875
2020-11-05,11890.9296875,2489.159912109375,27.579999923706055,,1129.739990234375
2020-11-06,11895.23046875,2529.27001953125,24.860000610351562,,1122.6300048828125
2020-11-09,11713.7802734375,2497.590087890625,25.75,,1121.1500244140625
2020-11-10,11553.8603515625,2422.330078125,24.799999237060547,,1118.68994140625
2020-11-11,11786.4296875,2511.239990234375,23.450000762939453,,1116.0799560546875
2020-11-12,11709.58984375,2478.429931640625,25.350000381469727,,1111.449951171875
2020-11-13,11829.2900390625,2508.820068359375,23.100000381469727,,1114.9100341796875
2020-11-16,11924.1298828125,2570.97998046875,22.450000762939453,,1107.760009765625
2020-11-17,11899.33984375,2548.9599609375,22.709999084472656,,1106.0899658203125
2020-11-18,11801.599609375,2530.590087890625,23.84000015258789,,1104.949951171875
2020-11-19,11904.7099609375,2570.219970703125,23.110000610351562,,1105.9000244140625
2020-11-20,11854.9697265625,2555.5,23.700000762939453,,1114.1400146484375
2020-11-23,11880.6298828125,2595.25,22.65999984741211,,1113.8299560546875
2020-11-24,12036.7900390625,2609.010009765625,21.639999389648438,,1113.0799560546875
2020-11-25,12094.400390625,2600.239990234375,21.25,,1109.7099609375
2020-11-26,,,,,1104.489990234375
2020-11-27,12205.849609375,2631.56005859375,20.84000015258789,,1105.56005859375
2020-11-30,12198.740234375,2663.489990234375,20.56999969482422,,1104.3299560546875
2020-12-01,12355.1103515625,2709.72998046875,20.770000457763672,0.09,1108.510009765625
2020-12-02,12349.3701171875,2716.35009765625,21.170000076293945,,1106.280029296875
2020-12-03,12377.1796875,2716.14990234375,21.280000686645508,,1099.3800048828125
2020-12-04,12464.23046875,2793.030029296875,20.790000915527344,,1091.3199462890625
2020-12-07,12519.9501953125,2806.610107421875,21.299999237060547,,1083.780029296875
2020-12-08,12582.76953125,2816.27001953125,20.68000030517578,,1083.6800537109375
2020-12-09,12338.9501953125,2734.77001953125,22.270000457763672,,1084.8599853515625
2020-12-10,12405.8095703125,2733.669921875,22.520000457763672,,1086.3599853515625
2020-12-11,12377.8701171875,2704.080078125,23.309999465942383,,1086.3699951171875
2020-12-14,12440.0400390625,2736.25,24.719999313354492,,1091.5799560546875
2020-12-15,12595.0595703125,2774.7900390625,22.889999389648438,,1092.06005859375
2020-12-16,12658.1904296875,2773.419921875,22.5,,1088.2099609375
2020-12-17,12764.75,2778.139892578125,21.93000030517578,,1091.6500244140625
2020-12-18,12755.6396484375,2764.739990234375,21.56999969482422,,1092.1600341796875
2020-12-21,12742.51953125,2747.2900390625,25.15999984741211,,1098.97998046875
2020-12-22,12807.919921875,2743.969970703125,24.229999542236328,,1101.8599853515625
2020-12-23,12771.1103515625,2723.530029296875,23.309999465942383,,1107.97998046875
2020-12-24,12804.73046875,2750.239990234375,21.530000686645508,,1104.800048828125
2020-12-25,,,,,1099.9100341796875
2020-12-28,12899.419921875,2744.300048828125,21.700000762939453,,1099.0899658203125
2020-12-29,12850.2197265625,2738.050048828125,23.079999923706055,,1095.0
2020-12-30,12870.0,2783.77001953125,22.770000457763672,,1092.6199951171875
2020-12-31,12888.2802734375,2795.5,22.75,,1086.4200439453125
2021-01-01,,,,0.09,1084.6500244140625
2021-01-04,12698.4501953125,2783.2099609375,26.969999313354492,,1084.72998046875
2021-01-05,12818.9599609375,2837.169921875,25.34000015258789,,1086.6199951171875
2021-01-06,12740.7900390625,2827.9599609375,25.06999969482422,,1086.449951171875
2021-01-07,13067.48046875,2937.0,22.3700008392334,,1086.949951171875
2021-01-08,13201.98046875,2936.469970703125,21.559999465942383,,1093.0699462890625
2021-01-11,13036.4296875,2969.919921875,24.079999923706055,,1092.8199462890625
2021-01-12,13072.4296875,2988.02001953125,23.329999923706055,,1096.449951171875
2021-01-13,13128.9501953125,2991.949951171875,22.209999084472656,,1093.5400390625
2021-01-14,13112.6396484375,3055.639892578125,23.25,,1097.1099853515625
2021-01-15,12998.5,2992.77001953125,24.34000015258789,,1094.9000244140625
2021-01-18,,,,,1102.9599609375
2021-01-19,13197.1796875,3093.320068359375,23.239999771118164,,1103.0999755859375
2021-01-20,13457.25,3085.0400390625,21.579999923706055,,1100.989990234375
2021-01-21,13530.91015625,3132.169921875,21.31999969482422,,1096.25
2021-01-22,13543.0595703125,3074.39990234375,21.90999984741211,,1099.9000244140625
2021-01-25,13635.990234375,3079.2099609375,23.190000534057617,,1104.6400146484375
2021-01-26,13626.0595703125,3031.77001953125,23.020000457763672,,1101.72998046875
2021-01-27,13270.599609375,2875.1298828125,37.209999084472656,,1101.0
2021-01-28,13337.16015625,2935.1201171875,30.209999084472656,,1107.5
2021-01-29,13070.6904296875,2887.080078125,33.09000015258789,,1112.2900390625
2021-02-01,13403.3896484375,2999.989990234375,30.239999771118164,0.08,1117.4300537109375
2021-02-02,13612.7802734375,3047.330078125,25.559999465942383,,1116.8800048828125
2021-02-03,13610.5400390625,2982.8701171875,22.90999984741211,,1113.6099853515625
2021-02-04,13777.740234375,3008.419921875,21.770000457763672,,1113.1500244140625
2021-02-05,13856.2998046875,2985.010009765625,20.8700008392334,,1119.1300048828125
2021-02-08,13987.6396484375,3078.47998046875,21.239999771118164,,1116.8499755859375
2021-02-09,14007.7001953125,3064.949951171875,21.6299991607666,,1116.3299560546875
2021-02-10,13972.5302734375,3074.860107421875,21.989999771118164,,1110.0
2021-02-11,14025.76953125,3180.840087890625,21.25,,1103.97998046875
2021-02-12,14095.4697265625,3219.8701171875,19.969999313354492,,1102.219970703125
2021-02-15,,,,,1103.3699951171875
2021-02-16,14047.5,3238.919921875,21.459999084472656,,1102.239990234375
2021-02-17,13965.490234375,3178.239990234375,21.5,,1106.4599609375
2021-02-18,13865.3603515625,3146.7900390625,22.489999771118164,,1104.550048828125
2021-02-19,13874.4599609375,3223.4599609375,22.049999237060547,,1106.219970703125
2021-02-22,13533.0498046875,3102.010009765625,23.450000762939453,,1103.93994140625
2021-02-23,13465.2001953125,3083.8798828125,23.110000610351562,,1110.6700439453125
2021-02-24,13597.9697265625,3183.739990234375,21.34000015258789,,1109.31005859375
2021-02-25,13119.4296875,2999.159912109375,28.889999389648438,,1107.2099609375
2021-02-26,13192.349609375,3067.6201171875,27.950000762939453,,1119.1300048828125
2021-03-01,13588.830078125,3169.110107421875,23.350000381469727,0.07,1123.3699951171875
2021-03-02,13358.7900390625,3070.93994140625,24.100000381469727,,1101.8299560546875
2021-03-03,12997.75,2975.580078125,26.670000076293945,,1124.3299560546875
2021-03-04,12723.4697265625,2831.6298828125,28.56999969482422,,1129.5
2021-03-05,12920.150390625,2920.75,24.65999984741211,,1133.3499755859375
2021-03-08,12609.16015625,2762.75,25.469999313354492,,1127.489990234375
2021-03-09,13073.8203125,2932.2099609375,24.030000686645508,,1140.22998046875
2021-03-10,13068.830078125,2879.320068359375,22.559999465942383,,1134.9100341796875
2021-03-11,13398.669921875,2997.1298828125,21.90999984741211,,1136.010009765625
2021-03-12,13319.8603515625,2965.090087890625,20.690000534057617,,1129.6400146484375
2021-03-15,13459.7099609375,3032.050048828125,20.030000686645508,,1134.5
2021-03-16,13471.5703125,3070.320068359375,19.790000915527344,,1131.3900146484375
2021-03-17,13525.2001953125,3107.919921875,19.229999542236328,,1129.8399658203125
2021-03-18,13116.169921875,2976.219970703125,21.579999923706055,,1121.1300048828125
2021-03-19,13215.240234375,3011.3701171875,20.950000762939453,,1126.1099853515625
2021-03-22,13377.5400390625,3077.550048828125,18.8799991607666,,1127.47998046875
2021-03-23,13227.7001953125,2994.2099609375,20.299999237060547,,1125.1199951171875
2021-03-24,12961.8896484375,2953.969970703125,21.200000762939453,,1133.199951171875
2021-03-25,12977.6796875,2959.8798828125,19.809999465942383,,1134.47998046875
2021-03-26,13138.73046875,3106.280029296875,18.860000610351562,,1134.2099609375
2021-03-28,,,,,1127.9599609375
2021-03-29,13059.650390625,3054.6298828125,20.739999771118164,,1131.6500244140625
2021-03-30,13045.3896484375,3044.550048828125,19.610000610351562,,1132.3199462890625
2021-03-31,13246.8701171875,3124.93994140625,19.399999618530273,,1127.199951171875
2021-04-01,13480.1103515625,3240.169921875,17.329999923706055,0.07,1128.06005859375
2021-04-04,,,,,1128.7900390625
2021-04-05,13705.58984375,3305.429931640625,17.90999984741211,,1124.1099853515625
2021-04-06,13698.3798828125,3266.10009765625,18.1200008392334,,1117.5
2021-04-07,13688.83984375,3266.4599609375,17.15999984741211,,1117.8599853515625
2021-04-08,13829.3095703125,3301.260009765625,16.950000762939453,,1115.8399658203125
2021-04-09,13900.1904296875,3294.530029296875,16.690000534057617,,
2021-04-11,,,,,1122.06005859375
2021-04-12,13850.0,3258.330078125,16.90999984741211,,1124.449951171875
2021-04-13,13996.099609375,3252.699951171875,16.649999618530273,,1120.68994140625
2021-04-14,13857.83984375,3213.8798828125,16.989999771118164,,1116.1099853515625
2021-04-15,14038.759765625,3271.330078125,16.56999969482422,,1115.6700439453125
2021-04-16,14052.33984375,3253.080078125,16.25,,
2021-04-18,,,,,1115.6500244140625
2021-04-19,13914.76953125,3171.0,17.290000915527344,,1114.469970703125
2021-04-20,13786.26953125,3121.429931640625,18.68000030517578,,1116.1099853515625
2021-04-21,13950.2197265625,3207.25,17.5,,1115.6600341796875
2021-04-22,13818.41015625,3133.169921875,18.709999084472656,,1118.5899658203125
2021-04-23,14016.8095703125,3196.97998046875,17.329999923706055,,
2021-04-25,,,,,1114.1300048828125
2021-04-26,14138.7802734375,3250.260009765625,17.639999389648438,,1109.22998046875
2021-04-27,14090.2197265625,3225.610107421875,17.559999465942383,,1112.1500244140625
2021-04-28,14051.0302734375,3178.489990234375,17.280000686645508,,1108.6600341796875
2021-04-29,14082.5498046875,3202.5,17.610000610351562,,1106.6300048828125
2021-04-30,13962.6796875,3108.989990234375,18.610000610351562,,
2021-05-01,,,,0.06,
2021-05-02,,,,,1116.760009765625
2021-05-03,13895.1201171875,3073.3798828125,18.309999465942383,,1120.4000244140625
2021-05-04,13633.5,3024.31005859375,19.479999542236328,,1124.9100341796875
2021-05-05,13582.419921875,3042.8798828125,19.149999618530273,,1123.989990234375
2021-05-06,13632.83984375,3066.219970703125,18.389999389648438,,1119.3900146484375
2021-05-07,13752.240234375,3112.030029296875,16.690000534057617,,
2021-05-09,,,,,1111.969970703125
2021-05-10,13401.8603515625,2967.110107421875,19.65999984741211,,1115.5400390625
2021-05-11,13389.4296875,2976.010009765625,21.84000015258789,,1118.22998046875
2021-05-12,13031.6796875,2851.14990234375,27.59000015258789,,1131.5999755859375
2021-05-13,13124.990234375,2893.93994140625,23.1299991607666,,1125.699951171875
2021-05-14,13429.98046875,2981.419921875,18.809999465942383,,
2021-05-16,,,,,1125.530029296875
2021-05-17,13379.0498046875,2954.6298828125,19.719999313354492,,1135.510009765625
2021-05-18,13303.6396484375,2929.14990234375,21.34000015258789,,1127.1400146484375
2021-05-19,13299.740234375,2987.280029296875,22.18000030517578,,1130.3699951171875
2021-05-20,13535.740234375,3066.110107421875,20.670000076293945,,1127.050048828125
2021-05-21,13470.990234375,3052.10009765625,20.149999618530273,,
2021-05-23,,,,,1126.7900390625
2021-05-24,13661.169921875,3122.97998046875,18.399999618530273,,1122.18994140625
2021-05-25,13657.169921875,3134.669921875,18.84000015258789,,1121.3800048828125
2021-05-26,13738.0,3140.97998046875,17.360000610351562,,1115.52001953125
2021-05-27,13736.2802734375,3159.27001953125,16.739999771118164,,1117.300048828125
2021-05-28,13748.740234375,3186.56005859375,16.760000228881836,,
2021-05-30,,,,,1112.8499755859375
2021-05-31,,,,,1106.97998046875
2021-06-01,13736.48046875,3174.320068359375,17.899999618530273,0.08,1107.2099609375
2021-06-02,13756.330078125,3196.97998046875,17.479999542236328,,1109.8800048828125
2021-06-03,13614.509765625,3139.18994140625,18.040000915527344,,1115.43994140625
2021-06-04,13814.490234375,3214.139892578125,16.420000076293945,,
2021-06-06,,,,,1109.6800537109375
2021-06-07,13881.7197265625,3191.659912109375,16.420000076293945,,1109.3199462890625
2021-06-08,13924.91015625,3171.219970703125,17.06999969482422,,1116.8900146484375
2021-06-09,13911.75,3158.47998046875,17.889999389648438,,1116.4100341796875
2021-06-10,14020.330078125,3196.2099609375,16.100000381469727,,1111.260009765625
2021-06-11,14069.419921875,3210.06005859375,15.649999618530273,,
2021-06-13,,,,,1115.550048828125
2021-06-14,14174.1396484375,3255.340087890625,16.389999389648438,,1116.3199462890625
2021-06-15,14072.8603515625,3225.97998046875,17.020000457763672,,1116.030029296875
2021-06-16,14039.6796875,3201.010009765625,18.149999618530273,,1131.949951171875
2021-06-17,14161.349609375,3231.7099609375,17.75,,1133.5400390625
2021-06-18,14030.3798828125,3152.81005859375,20.700000762939453,,
2021-06-20,,,,,1134.25
2021-06-21,14141.48046875,3171.989990234375,17.889999389648438,,1130.3399658203125
2021-06-22,14253.26953125,3185.429931640625,16.65999984741211,,1132.510009765625
2021-06-23,14271.73046875,3197.219970703125,16.31999969482422,,1132.6099853515625
2021-06-24,14369.7099609375,3253.800048828125,15.970000267028809,,1130.800048828125
2021-06-25,14360.3896484375,3241.47998046875,15.619999885559082,,
2021-06-27,,,,,1125.3399658203125
2021-06-28,14500.509765625,3323.139892578125,15.760000228881836,,1129.0400390625
2021-06-29,14528.330078125,3348.8701171875,16.020000457763672,,1130.510009765625
2021-06-30,14503.9501953125,3345.31005859375,15.829999923706055,,1129.5999755859375
2021-07-01,14522.3798828125,3295.06005859375,15.479999542236328,0.1,1132.4100341796875
2021-07-02,14639.330078125,3315.830078125,15.069999694824219,,
2021-07-04,,,,,1129.77001953125
2021-07-05,,,,,1129.43994140625
2021-07-06,14663.6396484375,3307.919921875,16.440000534057617,,1135.47998046875
2021-07-07,14665.0595703125,3261.72998046875,16.200000762939453,,1140.52001953125
2021-07-08,14559.7802734375,3222.81005859375,19.0,,1146.280029296875
2021-07-09,14701.919921875,3278.389892578125,16.18000030517578,,
2021-07-11,,,,,1144.31005859375
2021-07-12,14733.240234375,3319.0,16.170000076293945,,1141.0999755859375
2021-07-13,14677.650390625,3300.81005859375,17.1200008392334,,1148.699951171875
2021-07-14,14644.9501953125,3289.179931640625,16.329999923706055,,1143.4100341796875
2021-07-15,14543.1298828125,3217.739990234375,17.010000228881836,,1140.1199951171875
2021-07-16,14427.240234375,3145.449951171875,18.450000762939453,,
2021-07-18,,,,,1141.5
2021-07-19,14274.98046875,3147.510009765625,22.5,,1150.0699462890625
2021-07-20,14498.8798828125,3190.949951171875,19.729999542236328,,1147.47998046875
2021-07-21,14631.9501953125,3288.75,17.90999984741211,,1148.68994140625
2021-07-22,14684.599609375,3259.419921875,17.690000534057617,,1149.9100341796875
2021-07-23,14836.990234375,3280.06005859375,17.200000762939453,,
2021-07-25,,,,,1151.1199951171875
2021-07-26,14840.7099609375,3276.919921875,17.579999923706055,,1151.760009765625
2021-07-27,14660.580078125,3215.969970703125,19.360000610351562,,1153.56005859375
2021-07-28,14762.580078125,3272.449951171875,18.309999465942383,,1149.4100341796875
2021-07-29,14778.259765625,3333.239990234375,17.700000762939453,,1142.1199951171875
2021-07-30,14672.6796875,3356.530029296875,18.239999771118164,,
2021-08-01,,,,0.09,1150.9300537109375
2021-08-02,14681.0703125,3377.489990234375,19.459999084472656,,1149.56005859375
2021-08-03,14761.2900390625,3396.659912109375,18.040000915527344,,1148.5799560546875
2021-08-04,14780.5302734375,3436.89990234375,17.969999313354492,,1144.06005859375
2021-08-05,14895.1201171875,3424.4599609375,17.280000686645508,,1143.1199951171875
2021-08-06,14835.759765625,3412.050048828125,16.149999618530273,,
2021-08-08,,,,,1144.9200439453125
2021-08-09,14860.1796875,3399.760009765625,16.719999313354492,,1145.8900146484375
2021-08-10,14788.08984375,3358.8701171875,16.790000915527344,,1152.47998046875
2021-08-11,14765.1396484375,3350.929931640625,16.170000076293945,,1152.8499755859375
2021-08-12,14816.259765625,3312.9599609375,15.59000015258789,,1162.06005859375
2021-08-13,14822.900390625,3335.0400390625,15.449999809265137,,
2021-08-15,,,,,1161.3800048828125
2021-08-16,14793.759765625,3322.639892578125,16.1200008392334,,1164.5
2021-08-17,14656.1796875,3256.820068359375,17.90999984741211,,1176.449951171875
2021-08-18,14525.91015625,3208.830078125,21.56999969482422,,1169.6800537109375
2021-08-19,14541.7900390625,3235.8701171875,21.670000076293945,,1175.3900146484375
2021-08-20,14714.66015625,3256.5,18.559999465942383,,
2021-08-22,,,,,1174.239990234375
2021-08-23,14942.650390625,3342.010009765625,17.149999618530273,,1167.6099853515625
2021-08-24,15019.7998046875,3345.389892578125,17.219999313354492,,1163.469970703125
2021-08-25,15041.8603515625,3372.550048828125,16.790000915527344,,1163.3299560546875
2021-08-26,14945.8095703125,3370.389892578125,18.84000015258789,,1170.0
2021-08-27,15129.5,3436.449951171875,16.389999389648438,,
2021-08-29,,,,,1161.3299560546875
2021-08-30,15265.8896484375,3446.43994140625,16.190000534057617,,1165.510009765625
2021-08-31,15259.240234375,3417.719970703125,16.479999542236328,,1158.4100341796875
2021-09-01,15309.3798828125,3399.949951171875,16.110000610351562,0.08,1155.280029296875
2021-09-02,15331.1796875,3411.320068359375,16.40999984741211,,1157.1300048828125
2021-09-03,15363.51953125,3430.889892578125,16.40999984741211,,
2021-09-05,,,,,1154.75
2021-09-06,,,,,1155.5400390625
2021-09-07,15374.330078125,3419.72998046875,18.139999389648438,,1161.0
2021-09-08,15286.6396484375,3377.679931640625,17.959999084472656,,1166.489990234375
2021-09-09,15248.25,3390.840087890625,18.799999237060547,,1169.1300048828125
2021-09-10,15115.490234375,3416.659912109375,20.950000762939453,,
2021-09-12,,,,,1169.3800048828125
2021-09-13,15105.580078125,3449.679931640625,19.3700008392334,,1171.1099853515625
2021-09-14,15037.759765625,3449.389892578125,19.459999084472656,,1170.800048828125
2021-09-15,15161.5302734375,3465.760009765625,18.18000030517578,,1165.219970703125
2021-09-16,15181.919921875,3473.60009765625,18.690000534057617,,1174.4200439453125
2021-09-17,15043.9697265625,3421.159912109375,20.809999465942383,,
2021-09-19,,,,,1181.1099853515625
2021-09-20,14713.900390625,3338.22998046875,25.709999084472656,,1186.3199462890625
2021-09-21,14746.400390625,3345.030029296875,24.360000610351562,,1182.9200439453125
2021-09-22,14896.849609375,3412.02001953125,20.8700008392334,,1181.030029296875
2021-09-23,15052.240234375,3457.449951171875,18.6299991607666,,1174.699951171875
2021-09-24,15047.7001953125,3453.919921875,17.75,,
2021-09-26,,,,,1179.199951171875
2021-09-27,14969.9697265625,3445.43994140625,18.760000228881836,,1176.9599609375
2021-09-28,14546.6796875,3314.389892578125,23.25,,1186.8900146484375
2021-09-29,14512.4404296875,3263.840087890625,22.559999465942383,,1187.4300537109375
2021-09-30,14448.580078125,3258.090087890625,23.139999389648438,,1183.719970703125
2021-10-01,14566.7001953125,3261.179931640625,21.100000381469727,0.08,
2021-10-03,,,,,1180.0
2021-10-04,14255.48046875,3180.06005859375,22.959999084472656,,1183.780029296875
2021-10-05,14433.830078125,3227.25,21.299999237060547,,1187.1700439453125
2021-10-06,14501.91015625,3238.7900390625,21.0,,1191.3800048828125
2021-10-07,14654.01953125,3274.47998046875,19.540000915527344,,1191.1500244140625
2021-10-08,14579.5400390625,3246.27001953125,18.770000457763672,,
2021-10-10,,,,,1195.5799560546875
2021-10-11,14486.2001953125,3221.22998046875,20.0,,1195.800048828125
2021-10-12,14465.919921875,3178.14990234375,19.850000381469727,,1196.8900146484375
2021-10-13,14571.6396484375,3192.75,18.639999389648438,,1186.7099609375
2021-10-14,14823.4296875,3291.239990234375,16.860000610351562,,1182.1300048828125
2021-10-15,14897.33984375,3314.409912109375,16.299999237060547,,
2021-10-17,,,,,1181.7900390625
2021-10-18,15021.8095703125,3338.780029296875,16.309999465942383,,1185.6800537109375
2021-10-19,15129.08984375,3381.449951171875,15.699999809265137,,1175.6500244140625
2021-10-20,15121.6796875,3374.219970703125,15.489999771118164,,1174.5899658203125
2021-10-21,15215.7001953125,3412.050048828125,15.010000228881836,,1176.550048828125
2021-10-22,15090.2001953125,3370.280029296875,15.430000305175781,,
2021-10-24,,,,,1176.5400390625
2021-10-25,15226.7099609375,3392.389892578125,15.239999771118164,,1167.06005859375
2021-10-26,15235.7099609375,3392.9599609375,15.979999542236328,,1167.3299560546875
2021-10-27,15235.83984375,3360.2900390625,16.979999542236328,,1172.1700439453125
2021-10-28,15448.1201171875,3438.830078125,16.530000686645508,,1167.3699951171875
2021-10-29,15498.3896484375,3451.27001953125,16.260000228881836,,
2021-11-01,15595.919921875,3506.280029296875,16.40999984741211,0.08,1174.3800048828125
2021-11-02,15649.599609375,3548.860107421875,16.030000686645508,,1176.5699462890625
2021-11-03,15811.580078125,3590.169921875,15.100000381469727,,1178.0400390625
2021-11-04,15940.3095703125,3715.760009765625,15.4399995803833,,1179.3399658203125
2021-11-05,15971.58984375,3756.550048828125,16.479999542236328,,1185.8299560546875
2021-11-08,15982.3603515625,3803.330078125,17.219999313354492,,1180.5
2021-11-09,15886.5400390625,3800.570068359375,17.780000686645508,,1199.8599853515625
2021-11-10,15622.7099609375,3693.02001953125,18.729999542236328,,1177.5
2021-11-11,15704.2802734375,3764.489990234375,17.65999984741211,,1184.1400146484375
2021-11-12,15860.9599609375,3794.5,16.290000915527344,,1183.1099853515625
2021-11-15,15853.849609375,3793.75,16.489999771118164,,1179.1099853515625
2021-11-16,15973.8603515625,3859.39990234375,16.3700008392334,,1183.510009765625
2021-11-17,15921.5703125,3831.43994140625,17.110000610351562,,1184.050048828125
2021-11-18,15993.7099609375,3899.9599609375,17.59000015258789,,1181.22998046875
2021-11-19,16057.4404296875,3912.02001953125,17.90999984741211,,1182.9000244140625
2021-11-22,15854.759765625,3847.1201171875,19.170000076293945,,1191.6300048828125
2021-11-23,15775.1396484375,3834.429931640625,19.3799991607666,,1189.5
2021-11-24,15845.23046875,3870.010009765625,18.579999923706055,,1189.949951171875
2021-11-25,,,,,1187.8800048828125
2021-11-26,15491.66015625,3757.1298828125,28.6200008392334,,1190.219970703125
2021-11-29,15782.830078125,3910.5400390625,22.959999084472656,,1194.6099853515625
2021-11-30,15537.6904296875,3833.219970703125,27.190000534057617,,1190.739990234375
2021-12-01,15254.0498046875,3810.75,31.1200008392334,0.08,1182.8599853515625
2021-12-02,15381.3203125,3810.820068359375,27.950000762939453,,1177.1099853515625
2021-12-03,15085.4697265625,3804.5400390625,30.670000076293945,,1176.77001953125
2021-12-06,15225.150390625,3800.070068359375,27.18000030517578,,1183.1400146484375
2021-12-07,15686.919921875,3988.75,21.889999389648438,,1180.56005859375
2021-12-08,15786.990234375,3964.43994140625,19.899999618530273,,1176.8399658203125
2021-12-09,15517.3701171875,3879.52001953125,21.579999923706055,,1172.56005859375
2021-12-10,15630.599609375,3914.669921875,18.690000534057617,,1177.3299560546875
2021-12-13,15413.2802734375,3814.429931640625,20.309999465942383,,1178.969970703125
2021-12-14,15237.6396484375,3794.409912109375,21.889999389648438,,1185.0999755859375
2021-12-15,15565.580078125,3934.4599609375,19.290000915527344,,1184.22998046875
2021-12-16,15180.4296875,3766.320068359375,20.56999969482422,,1184.4000244140625
2021-12-17,15169.6796875,3761.0400390625,21.56999969482422,,1186.1500244140625
2021-12-20,14980.9404296875,3732.389892578125,22.8700008392334,,1186.3900146484375
2021-12-21,15341.08984375,3857.300048828125,21.010000228881836,,1190.1199951171875
2021-12-22,15521.8896484375,3891.919921875,18.6299991607666,,1191.27001953125
2021-12-23,15653.3701171875,3932.389892578125,17.959999084472656,,1187.77001953125
2021-12-24,,,,,1185.5
2021-12-27,15871.259765625,4039.510009765625,17.68000030517578,,1185.9200439453125
2021-12-28,15781.7197265625,3992.18994140625,17.540000915527344,,1185.6500244140625
2021-12-29,15766.2197265625,3999.35009765625,16.950000762939453,,1187.8499755859375
2021-12-30,15741.5595703125,3952.0400390625,17.329999923706055,,1183.6700439453125
2021-12-31,15644.9697265625,3946.169921875,17.219999313354492,,1189.8900146484375
2022-01-01,,,,0.08,
2022-01-03,15832.7998046875,4027.219970703125,16.600000381469727,,1187.780029296875
2022-01-04,15622.7197265625,4009.0,16.90999984741211,,1194.6800537109375
2022-01-05,15100.169921875,3879.8701171875,19.729999542236328,,1196.5
2022-01-06,15080.8603515625,3909.0400390625,19.610000610351562,,1199.25
2022-01-07,14935.900390625,3796.320068359375,18.760000228881836,,1205.780029296875
2022-01-10,14942.830078125,3805.389892578125,19.399999618530273,,1196.8800048828125
2022-01-11,15153.4501953125,3875.43994140625,18.40999984741211,,1198.0899658203125
2022-01-12,15188.3896484375,3901.2099609375,17.6200008392334,,1189.4300537109375
2022-01-13,14806.8095703125,3811.840087890625,20.309999465942383,,1185.8800048828125
2022-01-14,14893.75,3900.610107421875,19.190000534057617,,1186.6099853515625
2022-01-17,,,,,1188.9599609375
2022-01-18,14506.900390625,3727.239990234375,22.790000915527344,,1190.06005859375
2022-01-19,14340.259765625,3612.18994140625,23.850000381469727,,1192.97998046875
2022-01-20,14154.01953125,3494.75,25.59000015258789,,1188.1600341796875
2022-01-21,13768.919921875,3434.7900390625,28.850000381469727,,1192.4300537109375
2022-01-24,13855.1298828125,3479.949951171875,29.899999618530273,,1191.5
2022-01-25,13539.2900390625,3350.85009765625,31.15999984741211,,1195.6600341796875
2022-01-26,13542.1201171875,3407.0,31.959999084472656,,1196.0999755859375
2022-01-27,13352.7802734375,3244.0,30.489999771118164,,1200.6300048828125
2022-01-28,13770.5703125,3303.39990234375,27.65999984741211,,1203.4599609375
2022-01-31,14239.8798828125,3483.2099609375,24.829999923706055,,1207.7099609375
2022-02-01,14346.0,3510.860107421875,21.959999084472656,0.08,1205.1199951171875
2022-02-02,14417.5498046875,3597.169921875,22.09000015258789,,1202.5
2022-02-03,13878.8203125,3432.550048828125,24.350000381469727,,1199.9599609375
2022-02-04,14098.009765625,3453.070068359375,23.219999313354492,,1200.3299560546875
2022-02-07,14015.669921875,3452.330078125,22.860000610351562,,1197.0899658203125
2022-02-08,14194.4501953125,3535.1298828125,21.440000534057617,,1196.8499755859375
2022-02-09,14490.3701171875,3653.719970703125,19.959999084472656,,1196.3599853515625
2022-02-10,14185.6396484375,3536.10009765625,23.90999984741211,,1194.030029296875
2022-02-11,13791.150390625,3365.25,27.360000610351562,,1199.3499755859375
2022-02-14,13790.919921875,3370.199951171875,28.329999923706055,,1199.239990234375
2022-02-15,14139.759765625,3554.449951171875,25.700000762939453,,1197.3599853515625
2022-02-16,14124.08984375,3555.68994140625,24.290000915527344,,1196.8299560546875
2022-02-17,13716.7197265625,3422.60009765625,28.110000610351562,,1196.75
2022-02-18,13548.0703125,3384.300048828125,27.75,,1198.6600341796875
2022-02-21,,,,,1195.0699462890625
2022-02-22,13381.51953125,3356.070068359375,28.809999465942383,,1194.6800537109375
2022-02-23,13037.490234375,3277.800048828125,31.020000457763672,,1192.6800537109375
2022-02-24,13473.58984375,3399.159912109375,30.31999969482422,,1192.4000244140625
2022-02-25,13694.6201171875,3452.669921875,27.59000015258789,,1206.0
2022-02-28,13751.400390625,3429.530029296875,30.149999618530273,,1197.5899658203125
2022-03-01,13532.4599609375,3304.85009765625,33.31999969482422,0.2,1200.9300537109375
2022-03-02,13752.01953125,3416.159912109375,30.739999771118164,,1205.3699951171875
2022-03-03,13537.9404296875,3339.760009765625,30.479999542236328,,1203.1500244140625
2022-03-04,13313.4404296875,3258.919921875,31.979999542236328,,1205.989990234375
2022-03-07,12830.9599609375,3098.929931640625,36.45000076293945,,1216.7099609375
2022-03-08,12795.5498046875,3156.8701171875,35.130001068115234,,1232.300048828125
2022-03-09,13255.5498046875,3282.179931640625,32.45000076293945,,1233.1099853515625
2022-03-10,13129.9599609375,3211.070068359375,30.229999542236328,,1223.22998046875
2022-03-11,12843.8095703125,3144.14990234375,30.75,,1228.5999755859375
2022-03-14,12581.2197265625,3047.5,31.770000457763672,,1236.8900146484375
2022-03-15,12948.6201171875,3180.239990234375,29.829999923706055,,1242.050048828125
2022-03-16,13436.5498046875,3340.070068359375,26.670000076293945,,1241.6800537109375
2022-03-17,13614.7802734375,3364.550048828125,25.670000076293945,,1223.0
2022-03-18,13893.83984375,3432.300048828125,23.8700008392334,,1210.3299560546875
2022-03-21,13838.4599609375,3423.239990234375,23.530000686645508,,1210.3699951171875
2022-03-22,14108.8203125,3445.85009765625,22.940000534057617,,1219.780029296875
2022-03-23,13922.599609375,3360.320068359375,23.56999969482422,,1214.949951171875
2022-03-24,14191.83984375,3532.719970703125,21.670000076293945,,1218.010009765625
2022-03-25,14169.2998046875,3525.340087890625,20.809999465942383,,1217.550048828125
2022-03-27,,,,,1224.3800048828125
2022-03-28,14354.900390625,3547.169921875,19.6299991607666,,1223.6600341796875
2022-03-29,14619.6396484375,3625.580078125,18.899999618530273,,1209.1300048828125
2022-03-30,14442.26953125,3508.6201171875,19.329999923706055,,1210.43994140625
2022-03-31,14220.51953125,3429.0,20.559999465942383,,1214.5
2022-04-01,14261.5,3366.639892578125,19.6299991607666,0.33,
2022-04-03,,,,,1218.780029296875
2022-04-04,14532.5498046875,3424.949951171875,18.56999969482422,,1213.9000244140625
2022-04-05,14204.169921875,3269.820068359375,21.030000686645508,,1218.75
2022-04-06,13888.8203125,3193.9599609375,22.100000381469727,,1217.5999755859375
2022-04-07,13897.2998046875,3197.43994140625,21.549999237060547,,1222.6600341796875
2022-04-08,13711.0,3120.159912109375,21.15999984741211,,
2022-04-10,,,,,1228.239990234375
2022-04-11,13411.9599609375,3055.090087890625,24.3700008392334,,1235.050048828125
2022-04-12,13371.5703125,3047.469970703125,24.260000228881836,,1228.5999755859375
2022-04-13,13643.58984375,3119.320068359375,21.81999969482422,,1223.1199951171875
2022-04-14,13351.080078125,3028.219970703125,22.700000762939453,,1230.0999755859375
2022-04-17,,,,,1228.0899658203125
2022-04-18,13332.3603515625,3085.18994140625,22.170000076293945,,1235.3499755859375
2022-04-19,13619.66015625,3153.22998046875,21.3700008392334,,1239.5999755859375
2022-04-20,13453.0703125,3142.199951171875,20.31999969482422,,1234.0899658203125
2022-04-21,13174.650390625,3058.739990234375,22.68000030517578,,1242.489990234375
2022-04-22,12839.2900390625,2989.830078125,28.209999084472656,,
2022-04-24,,,,,1243.1600341796875
2022-04-25,13004.849609375,3042.389892578125,27.020000457763672,,1249.2099609375
2022-04-26,12490.740234375,2909.1201171875,33.52000045776367,,1260.7099609375
2022-04-27,12488.9296875,2894.909912109375,31.600000381469727,,1266.280029296875
2022-04-28,12871.5302734375,3056.360107421875,29.989999771118164,,1272.2900390625
2022-04-29,12334.6396484375,2919.739990234375,33.400001525878906,,
2022-05-01,,,,0.77,1262.530029296875
2022-05-02,12536.01953125,3022.239990234375,32.34000015258789,,1266.75
2022-05-03,12563.759765625,3044.889892578125,29.25,,1261.06005859375
2022-05-04,12964.8603515625,3163.7900390625,25.420000076293945,,1251.5
2022-05-05,12317.6904296875,3005.530029296875,31.200000762939453,,1268.699951171875
2022-05-06,12144.66015625,2982.06005859375,30.190000534057617,,
2022-05-08,,,,,1270.1300048828125
2022-05-09,11623.25,2829.10009765625,34.75,,1274.8599853515625
2022-05-10,11737.669921875,2900.1298828125,32.9900016784668,,1276.550048828125
2022-05-11,11364.240234375,2811.93994140625,32.560001373291016,,1278.1500244140625
2022-05-12,11370.9599609375,2827.2099609375,31.770000457763672,,1290.75
2022-05-13,11805.0,2970.3701171875,28.8700008392334,,
2022-05-15,,,,,1277.5699462890625
2022-05-16,11662.7900390625,2920.06005859375,27.469999313354492,,1279.8499755859375
2022-05-17,11984.51953125,3066.5,26.100000381469727,,1266.6600341796875
2022-05-18,11418.150390625,2907.9599609375,30.959999084472656,,1275.5799560546875
2022-05-19,11388.5,2890.330078125,29.350000381469727,,1263.550048828125
2022-05-20,11354.6201171875,2882.64990234375,29.43000030517578,,
2022-05-22,,,,,1273.2099609375
2022-05-23,11535.26953125,2898.429931640625,28.479999542236328,,1258.8199462890625
2022-05-24,11264.4501953125,2827.050048828125,29.450000762939453,,1260.989990234375
2022-05-25,11434.740234375,2882.929931640625,28.3700008392334,,1266.5999755859375
2022-05-26,11740.650390625,2994.610107421875,27.5,,1258.8900146484375
2022-05-27,12131.1298828125,3115.35009765625,25.719999313354492,,
2022-05-29,,,,,1251.5899658203125
2022-05-30,,,,,1236.1700439453125
2022-05-31,12081.3896484375,3098.68994140625,26.190000534057617,,1241.739990234375
2022-06-01,11994.4599609375,3049.030029296875,25.690000534057617,1.21,1246.949951171875
2022-06-02,12316.900390625,3157.97998046875,24.719999313354492,,1240.8399658203125
2022-06-03,12012.73046875,3062.590087890625,24.790000915527344,,
2022-06-05,,,,,1250.530029296875
2022-06-06,12061.3701171875,3062.739990234375,25.06999969482422,,1254.47998046875
2022-06-07,12175.23046875,3092.969970703125,24.020000457763672,,1254.5799560546875
2022-06-08,12086.26953125,3019.10009765625,23.959999084472656,,1256.739990234375
2022-06-09,11754.23046875,2937.7900390625,26.09000015258789,,1264.02001953125
2022-06-10,11340.01953125,2831.97998046875,27.75,,
2022-06-12,,,,,1278.280029296875
2022-06-13,10809.23046875,2673.0,34.02000045776367,,1291.800048828125
2022-06-14,10828.349609375,2689.889892578125,32.689998626708984,,1289.47998046875
2022-06-15,11099.150390625,2737.550048828125,29.6200008392334,,1278.1600341796875
2022-06-16,10646.099609375,2566.860107421875,32.95000076293945,,1288.1800537109375
2022-06-17,10798.349609375,2578.5400390625,31.1299991607666,,
2022-06-19,,,,,1290.5
2022-06-20,,,,,1292.3800048828125
2022-06-21,11069.2998046875,2649.3701171875,30.190000534057617,,1291.5999755859375
2022-06-22,11053.080078125,2619.7099609375,28.950000762939453,,1297.6800537109375
2022-06-23,11232.1904296875,2602.739990234375,29.049999237060547,,1299.81005859375
2022-06-24,11607.6201171875,2718.469970703125,27.229999542236328,,
2022-06-26,,,,,1288.2900390625
2022-06-27,11524.5498046875,2713.47998046875,26.950000762939453,,1286.199951171875
2022-06-28,11181.5400390625,2642.070068359375,28.360000610351562,,1292.030029296875
2022-06-29,11177.8896484375,2583.97998046875,28.15999984741211,,1301.72998046875
2022-06-30,11028.740234375,2556.25,28.709999084472656,,1287.7099609375
2022-07-01,11127.849609375,2458.4599609375,26.700000762939453,1.68,
2022-07-03,,,,,1297.8900146484375
2022-07-04,,,,,1295.6800537109375
2022-07-05,11322.240234375,2477.639892578125,27.540000915527344,,1308.6600341796875
2022-07-06,11361.849609375,2494.110107421875,26.729999542236328,,1304.8499755859375
2022-07-07,11621.349609375,2605.889892578125,26.079999923706055,,1297.6500244140625
2022-07-08,11635.3095703125,2618.02001953125,24.639999389648438,,
2022-07-10,,,,,1293.7900390625
2022-07-11,11372.599609375,2553.68994140625,26.170000076293945,,1310.8599853515625
2022-07-12,11264.73046875,2558.169921875,27.290000915527344,,1305.8299560546875
2022-07-13,11247.580078125,2577.360107421875,26.81999969482422,,1304.8499755859375
2022-07-14,11251.1904296875,2626.919921875,26.399999618530273,,1316.1800537109375
2022-07-15,11452.419921875,2693.77001953125,24.229999542236328,,
2022-07-17,,,,,1318.1199951171875
2022-07-18,11360.0498046875,2679.570068359375,25.299999237060547,,1318.9100341796875
2022-07-19,11713.150390625,2803.139892578125,24.5,,1305.5
2022-07-20,11897.650390625,2872.9599609375,23.8799991607666,,1312.8699951171875
2022-07-21,12059.6103515625,2916.81005859375,23.110000610351562,,1306.8499755859375
2022-07-22,11834.1103515625,2842.409912109375,23.030000686645508,,
2022-07-24,,,,,1309.3199462890625
2022-07-25,11782.669921875,2825.030029296875,23.360000610351562,,1310.4000244140625
2022-07-26,11562.5703125,2778.9599609375,24.690000534057617,,1310.9000244140625
2022-07-27,12032.419921875,2911.0,23.239999771118164,,1305.949951171875
2022-07-28,12162.58984375,2944.5,22.329999923706055,,1295.1500244140625
2022-07-29,12390.6904296875,2967.139892578125,21.329999923706055,,
2022-07-31,,,,,1302.280029296875
2022-08-01,12368.98046875,2978.320068359375,22.84000015258789,2.33,1306.75
2022-08-02,12348.759765625,2974.75,23.93000030517578,,1314.6300048828125
2022-08-03,12668.16015625,3053.4599609375,21.950000762939453,,1307.3800048828125
2022-08-04,12720.580078125,3081.409912109375,21.440000534057617,,1302.0799560546875
2022-08-05,12657.5498046875,3053.389892578125,21.149999618530273,,
2022-08-07,,,,,1302.739990234375
2022-08-08,12644.4599609375,3004.340087890625,21.290000915527344,,1299.030029296875
2022-08-09,12493.9296875,2866.89990234375,21.770000457763672,,1307.56005859375
2022-08-10,12854.7998046875,2988.7099609375,19.739999771118164,,1296.699951171875
2022-08-11,12779.91015625,2978.699951171875,20.200000762939453,,1306.8299560546875
2022-08-12,13047.1904296875,3067.840087890625,19.530000686645508,,
2022-08-14,,,,,1301.3800048828125
2022-08-15,13128.0498046875,3077.330078125,19.950000762939453,,1313.1800537109375
2022-08-16,13102.5498046875,3045.639892578125,19.690000534057617,,1311.0
2022-08-17,12938.1201171875,2970.1201171875,19.899999618530273,,1314.8299560546875
2022-08-18,12965.33984375,3037.840087890625,19.559999465942383,,1326.9100341796875
2022-08-19,12705.2197265625,2953.340087890625,20.600000381469727,,
2022-08-21,,,,,1334.8599853515625
2022-08-22,12381.5703125,2843.3701171875,23.799999237060547,,1343.3599853515625
2022-08-23,12381.2998046875,2864.31005859375,24.110000610351562,,1339.0799560546875
2022-08-24,12431.5302734375,2866.179931640625,22.81999969482422,,1340.0
2022-08-25,12639.26953125,2971.070068359375,21.780000686645508,,1334.43994140625
2022-08-26,12141.7099609375,2798.43994140625,25.559999465942383,,
2022-08-28,,,,,1341.1800537109375
2022-08-29,12017.669921875,2744.5,26.209999084472656,,1345.72998046875
2022-08-30,11883.1396484375,2708.6298828125,26.209999084472656,,1350.18994140625
2022-08-31,11816.2001953125,2677.389892578125,25.8700008392334,,1342.260009765625
2022-09-01,11785.1298828125,2625.949951171875,25.559999465942383,2.56,1355.0999755859375
2022-09-02,11630.8603515625,2599.260009765625,25.469999313354492,,
2022-09-04,,,,,1361.510009765625
2022-09-05,,,,,1361.81005859375
2022-09-06,11544.91015625,2571.469970703125,26.90999984741211,,1378.1099853515625
2022-09-07,11791.900390625,2611.5,24.639999389648438,,1374.31005859375
2022-09-08,11862.1298828125,2658.179931640625,23.610000610351562,,1383.0
2022-09-09,12112.3095703125,2721.77001953125,22.790000915527344,,
2022-09-11,,,,,1379.06005859375
2022-09-12,12266.41015625,2731.090087890625,23.8700008392334,,1375.81005859375
2022-09-13,11633.5703125,2562.27001953125,27.270000457763672,,1393.469970703125
2022-09-14,11719.6796875,2591.510009765625,26.15999984741211,,1391.1800537109375
2022-09-15,11552.3603515625,2549.5400390625,26.270000457763672,,1398.6300048828125
2022-09-16,11448.400390625,2563.139892578125,26.299999237060547,,
2022-09-18,,,,,1385.22998046875
2022-09-19,11535.01953125,2577.93994140625,25.760000228881836,,1390.1099853515625
2022-09-20,11425.0498046875,2539.5,27.15999984741211,,1392.510009765625
2022-09-21,11220.1904296875,2514.9599609375,27.989999771118164,,1397.56005859375
2022-09-22,11066.8095703125,2444.25,27.350000381469727,,1403.6600341796875
2022-09-23,10867.9296875,2408.89990234375,29.920000076293945,,
2022-09-25,,,,,1421.81005859375
2022-09-26,10802.919921875,2373.469970703125,32.2599983215332,,1429.77001953125
2022-09-27,10829.5,2398.0400390625,32.599998474121094,,1426.260009765625
2022-09-28,11051.6396484375,2427.260009765625,30.18000030517578,,1421.949951171875
2022-09-29,10737.509765625,2347.360107421875,31.84000015258789,,1430.1700439453125
2022-09-30,10575.6201171875,2306.699951171875,31.6200008392334,,
2022-10-01,,,,3.08,
2022-10-02,,,,,1439.22998046875
2022-10-03,10815.4296875,2393.320068359375,30.100000381469727,,1433.3399658203125
2022-10-04,11176.41015625,2500.110107421875,29.06999969482422,,1416.530029296875
2022-10-05,11148.6396484375,2523.610107421875,28.549999237060547,,1416.760009765625
2022-10-06,11073.3095703125,2508.840087890625,30.520000457763672,,1408.449951171875
2022-10-07,10652.400390625,2356.75,31.360000610351562,,
2022-10-09,,,,,1415.97998046875
2022-10-10,10542.099609375,2275.340087890625,32.45000076293945,,1428.3499755859375
2022-10-11,10426.1904296875,2218.489990234375,33.630001068115234,,1430.800048828125
2022-10-12,10417.099609375,2198.60009765625,33.56999969482422,,1423.9000244140625
2022-10-13,10649.150390625,2263.239990234375,31.940000534057617,,1430.300048828125
2022-10-14,10321.3896484375,2162.320068359375,32.02000045776367,,
2022-10-16,,,,,1440.760009765625
2022-10-17,10675.7998046875,2211.659912109375,31.3700008392334,,1430.1500244140625
2022-10-18,10772.400390625,2220.9599609375,30.5,,1425.02001953125
2022-10-19,10680.509765625,2237.739990234375,30.760000228881836,,1435.010009765625
2022-10-20,10614.83984375,2253.219970703125,29.979999542236328,,1430.31005859375
2022-10-21,10859.7197265625,2336.68994140625,29.690000534057617,,
2022-10-23,,,,,1428.1099853515625
2022-10-24,10952.6103515625,2351.550048828125,29.850000381469727,,1443.9599609375
2022-10-25,11199.1201171875,2404.68994140625,28.459999084472656,,1426.9300537109375
2022-10-26,10970.990234375,2376.330078125,27.280000686645508,,1412.68994140625
2022-10-27,10792.669921875,2340.60009765625,27.389999389648438,,1420.6500244140625
2022-10-28,11102.4501953125,2433.659912109375,25.75,,
2022-10-31,10988.150390625,2384.449951171875,25.8799991607666,,1421.6500244140625
2022-11-01,10890.849609375,2402.75,25.809999465942383,3.78,1424.6700439453125
2022-11-02,10524.7998046875,2328.469970703125,25.860000610351562,,1416.5999755859375
2022-11-03,10342.9404296875,2292.85009765625,25.299999237060547,,1423.0999755859375
2022-11-04,10475.25,2398.239990234375,24.549999237060547,,1423.6500244140625
2022-11-07,10564.51953125,2450.6201171875,24.350000381469727,,1402.1099853515625
2022-11-08,10616.2001953125,2503.389892578125,25.540000915527344,,1392.699951171875
2022-11-09,10353.169921875,2424.820068359375,26.09000015258789,,1374.1500244140625
2022-11-10,11114.150390625,2672.5,23.530000686645508,,1370.550048828125
2022-11-11,11323.330078125,2754.89990234375,22.520000457763672,,1349.3699951171875
2022-11-14,11196.2197265625,2728.050048828125,23.729999542236328,,1313.030029296875
2022-11-15,11358.41015625,2810.610107421875,24.540000915527344,,1324.0799560546875
2022-11-16,11183.66015625,2690.820068359375,24.110000610351562,,1316.260009765625
2022-11-17,11144.9599609375,2719.10009765625,23.93000030517578,,1336.4300537109375
2022-11-18,11146.0595703125,2724.030029296875,23.1200008392334,,1342.75
2022-11-21,11024.509765625,2675.830078125,22.360000610351562,,1339.030029296875
2022-11-22,11174.41015625,2756.820068359375,21.290000915527344,,1359.75
2022-11-23,11285.3203125,2786.419921875,20.350000381469727,,1352.68994140625
2022-11-24,,,,,1336.81005859375
2022-11-25,11226.3603515625,2751.27001953125,20.5,,1317.8900146484375
2022-11-28,11049.5,2678.780029296875,22.209999084472656,,1334.56005859375
2022-11-29,10983.7802734375,2670.64990234375,21.889999389648438,,1340.1199951171875
2022-11-30,11468.0,2826.85009765625,20.579999923706055,,1325.3699951171875
2022-12-01,11482.4501953125,2804.699951171875,19.84000015258789,4.1,1279.800048828125
2022-12-02,11461.5,2771.239990234375,19.059999465942383,,1303.25
2022-12-05,11239.9404296875,2738.050048828125,20.75,,1299.1700439453125
2022-12-06,11014.8896484375,2673.530029296875,22.170000076293945,,1304.3699951171875
2022-12-07,10958.5498046875,2673.25,22.68000030517578,,1319.7099609375
2022-12-08,11082.0,2744.72998046875,22.290000915527344,,1314.0999755859375
2022-12-09,11004.6201171875,2721.02001953125,22.829999923706055,,1316.6300048828125
2022-12-12,11143.740234375,2779.2099609375,25.0,,1303.1700439453125
2022-12-13,11256.8095703125,2821.530029296875,22.549999237060547,,1305.9200439453125
2022-12-14,11170.8896484375,2777.27001953125,21.139999389648438,,1288.97998046875
2022-12-15,10810.5302734375,2661.409912109375,22.829999923706055,,1295.6800537109375
2022-12-16,10705.41015625,2636.10009765625,22.6200008392334,,1317.0999755859375
2022-12-19,10546.0302734375,2599.860107421875,22.420000076293945,,1308.8599853515625
2022-12-20,10547.1103515625,2583.639892578125,21.479999542236328,,1301.3299560546875
2022-12-21,10709.3701171875,2644.5,20.06999969482422,,1283.6400146484375
2022-12-22,10476.1201171875,2533.330078125,21.969999313354492,,1280.77001953125
2022-12-23,10497.8603515625,2535.489990234375,20.8700008392334,,1290.199951171875
2022-12-26,,,,,1279.239990234375
2022-12-27,10353.23046875,2490.169921875,21.649999618530273,,1275.1300048828125
2022-12-28,10213.2900390625,2453.489990234375,22.139999389648438,,1272.280029296875
2022-12-29,10478.08984375,2534.949951171875,21.440000534057617,,1274.3199462890625
2022-12-30,10466.48046875,2532.110107421875,21.670000076293945,,1260.260009765625
2023-01-01,,,,4.33,
2023-01-02,,,,,1260.9100341796875
2023-01-03,10386.98046875,2500.989990234375,22.899999618530273,,1270.0999755859375
2023-01-04,10458.759765625,2569.4599609375,22.010000228881836,,1279.0799560546875
2023-01-05,10305.240234375,2518.52001953125,22.459999084472656,,1271.0799560546875
2023-01-06,10569.2900390625,2636.10009765625,21.1299991607666,,1274.1800537109375
2023-01-09,10635.650390625,2686.75,21.969999313354492,,1252.8800048828125
2023-01-10,10742.6298828125,2721.2900390625,20.579999923706055,,1239.280029296875
2023-01-11,10931.669921875,2755.360107421875,21.09000015258789,,1240.1600341796875
2023-01-12,11001.099609375,2789.64990234375,18.829999923706055,,1241.5999755859375
2023-01-13,11079.16015625,2800.659912109375,18.350000381469727,,1239.1300048828125
2023-01-16,,,,,1236.5899658203125
2023-01-17,11095.1103515625,2807.47998046875,19.360000610351562,,1240.7099609375
2023-01-18,10957.009765625,2789.469970703125,20.34000015258789,,1237.0
2023-01-19,10852.26953125,2710.43994140625,20.520000457763672,,1237.8800048828125
2023-01-20,11140.4296875,2794.68994140625,19.850000381469727,,1232.1800537109375
2023-01-23,11364.41015625,2934.830078125,19.809999465942383,,1230.030029296875
2023-01-24,11334.26953125,2913.739990234375,19.200000762939453,,1229.280029296875
2023-01-25,11313.3603515625,2918.989990234375,19.079999923706055,,1232.6600341796875
2023-01-26,11512.41015625,2966.60009765625,18.729999542236328,,1232.5899658203125
2023-01-27,11621.7099609375,2945.27001953125,18.510000228881836,,1231.8499755859375
2023-01-30,11393.8095703125,2866.68994140625,19.940000534057617,,1228.949951171875
2023-01-31,11584.5498046875,2921.919921875,19.399999618530273,,1231.5
2023-02-01,11816.3203125,3073.469970703125,17.8700008392334,4.57,1232.1500244140625
2023-02-02,12200.8203125,3141.840087890625,18.729999542236328,,1221.949951171875
2023-02-03,12006.9501953125,3082.110107421875,18.329999923706055,,1224.9000244140625
2023-02-06,11887.4501953125,3029.739990234375,19.43000030517578,,1246.75
2023-02-07,12113.7900390625,3124.14990234375,18.65999984741211,,1261.22998046875
2023-02-08,11910.51953125,3055.6298828125,19.6299991607666,,1255.3499755859375
2023-02-09,11789.580078125,3059.6201171875,20.709999084472656,,1260.469970703125
2023-02-10,11718.1201171875,3011.14990234375,20.530000686645508,,1264.550048828125
2023-02-13,11891.7900390625,3057.320068359375,20.34000015258789,,1266.8699951171875
2023-02-14,11960.150390625,3121.6298828125,18.90999984741211,,1272.93994140625
2023-02-15,12070.58984375,3133.070068359375,18.229999542236328,,1272.25
2023-02-16,11855.830078125,3055.239990234375,20.170000076293945,,1283.719970703125
2023-02-17,11787.26953125,3005.8701171875,20.020000457763672,,1288.9599609375
2023-02-20,,,,,1293.9200439453125
2023-02-21,11492.2998046875,2906.260009765625,22.8700008392334,,1296.1099853515625
2023-02-22,11507.0703125,2892.389892578125,22.290000915527344,,1305.8299560546875
2023-02-23,11590.400390625,2988.81005859375,21.139999389648438,,1302.8299560546875
2023-02-24,11394.9404296875,2935.110107421875,21.670000076293945,,1298.0799560546875
2023-02-27,11466.98046875,2951.2099609375,20.950000762939453,,1313.699951171875
2023-02-28,11455.5400390625,2958.389892578125,20.700000762939453,,1318.3499755859375
2023-03-01,11379.48046875,2955.830078125,20.579999923706055,4.65,1321.5999755859375
2023-03-02,11462.98046875,2984.110107421875,19.59000015258789,,1305.72998046875
2023-03-03,11689.009765625,3028.340087890625,18.489999771118164,,1311.06005859375
2023-03-06,11675.740234375,2994.590087890625,18.610000610351562,,1294.780029296875
2023-03-07,11530.330078125,2962.419921875,19.59000015258789,,1299.0
2023-03-08,11576.0,3041.389892578125,19.110000610351562,,1317.9000244140625
2023-03-09,11338.349609375,2980.2099609375,22.610000610351562,,1316.449951171875
2023-03-10,11138.8896484375,2923.929931640625,24.799999237060547,,1325.550048828125
2023-03-13,11188.83984375,2921.7099609375,26.520000457763672,,1319.5400390625
2023-03-14,11428.150390625,3010.14990234375,23.729999542236328,,1296.3800048828125
2023-03-15,11434.0498046875,2977.389892578125,26.139999389648438,,1304.5799560546875
2023-03-16,11717.2802734375,3098.070068359375,22.989999771118164,,1311.739990234375
2023-03-17,11630.509765625,3083.52001953125,25.510000228881836,,1301.6199951171875
2023-03-20,11675.5400390625,3114.7099609375,24.149999618530273,,1307.6500244140625
2023-03-21,11860.1103515625,3116.889892578125,21.3799991607666,,1304.93994140625
2023-03-22,11669.9599609375,3091.7099609375,22.260000228881836,,1303.43994140625
2023-03-23,11787.400390625,3174.360107421875,22.610000610351562,,1298.25
2023-03-24,11823.9599609375,3121.260009765625,21.739999771118164,,1286.2900390625
2023-03-26,,,,,1294.8299560546875
2023-03-27,11768.83984375,3083.580078125,20.600000381469727,,1297.800048828125
2023-03-28,11716.080078125,3057.27001953125,19.969999313354492,,1296.97998046875
2023-03-29,11926.240234375,3157.110107421875,19.1200008392334,,1307.1300048828125
2023-03-30,12013.4697265625,3208.260009765625,19.020000457763672,,1296.5
2023-03-31,12221.91015625,3230.860107421875,18.700000762939453,,
2023-04-01,,,,4.83,
2023-04-02,,,,,1305.47998046875
2023-04-03,12189.4501953125,3200.429931640625,18.549999237060547,,1308.050048828125
2023-04-04,12126.330078125,3142.5,19.0,,1312.4100341796875
2023-04-05,11996.8603515625,3085.97998046875,19.079999923706055,,1316.2099609375
2023-04-06,12087.9599609375,3071.77001953125,18.399999618530273,,1317.93994140625
2023-04-09,,,,,1315.449951171875
2023-04-10,12084.3603515625,3126.969970703125,18.969999313354492,,1320.8800048828125
2023-04-11,12031.8798828125,3109.419921875,19.100000381469727,,1322.0899658203125
2023-04-12,11929.33984375,3052.52001953125,19.09000015258789,,1322.8299560546875
2023-04-13,12166.26953125,3074.93994140625,17.799999237060547,,1301.4300537109375
2023-04-14,12123.4697265625,3070.449951171875,17.06999969482422,,
2023-04-16,,,,,1303.3800048828125
2023-04-17,12157.7197265625,3066.679931640625,16.950000762939453,,1316.0699462890625
2023-04-18,12153.41015625,3077.719970703125,16.829999923706055,,1315.9000244140625
2023-04-19,12157.23046875,3046.3798828125,16.459999084472656,,1326.760009765625
2023-04-20,12059.5595703125,3046.280029296875,17.170000076293945,,1323.5999755859375
2023-04-21,12072.4599609375,3021.43994140625,16.770000457763672,,
2023-04-23,,,,,1329.3800048828125
2023-04-24,12037.2001953125,3007.510009765625,16.889999389648438,,1332.800048828125
2023-04-25,11799.16015625,2906.2900390625,18.760000228881836,,1341.0
2023-04-26,11854.349609375,2922.989990234375,18.84000015258789,,1337.8299560546875
2023-04-27,12142.240234375,2941.590087890625,17.030000686645508,,1339.3900146484375
2023-04-28,12226.580078125,2994.969970703125,15.779999732971191,,
2023-04-30,,,,,1337.1700439453125
2023-05-01,12212.599609375,3019.090087890625,16.079999923706055,5.06,1342.7900390625
2023-05-02,12080.509765625,2996.860107421875,17.780000686645508,,1342.300048828125
2023-05-03,12025.330078125,2957.3701171875,18.34000015258789,,1335.22998046875
2023-05-04,11966.400390625,2941.6298828125,20.09000015258789,,1320.1500244140625
2023-05-05,12235.41015625,3007.68994140625,17.190000534057617,,
2023-05-07,,,,,1316.9599609375
2023-05-08,12256.919921875,3024.409912109375,16.979999542236328,,1322.4100341796875
2023-05-09,12179.5498046875,2967.840087890625,17.709999084472656,,1326.050048828125
2023-05-10,12306.4404296875,2997.510009765625,16.940000534057617,,1318.050048828125
2023-05-11,12328.509765625,2978.719970703125,16.93000030517578,,1329.8800048828125
2023-05-12,12284.740234375,2972.85009765625,17.030000686645508,,
2023-05-14,,,,,1341.52001953125
2023-05-15,12365.2099609375,3052.639892578125,17.1200008392334,,1335.4000244140625
2023-05-16,12343.0498046875,3048.7099609375,17.989999771118164,,1342.4300537109375
2023-05-17,12500.5703125,3124.679931640625,16.8700008392334,,1334.1500244140625
2023-05-18,12688.83984375,3223.489990234375,16.049999237060547,,1334.739990234375
2023-05-19,12657.900390625,3203.489990234375,16.809999465942383,,
2023-05-21,,,,,1324.2099609375
2023-05-22,12720.7802734375,3215.0400390625,17.209999084472656,,1313.8299560546875
2023-05-23,12560.25,3177.43994140625,18.530000686645508,,1319.8399658203125
2023-05-24,12484.16015625,3124.090087890625,20.030000686645508,,1318.52001953125
2023-05-25,12698.08984375,3336.719970703125,19.139999389648438,,1330.8900146484375
2023-05-26,12975.6904296875,3545.669921875,17.950000762939453,,
2023-05-28,,,,,1322.4300537109375
2023-05-29,,,,,1324.5899658203125
2023-05-30,13017.4296875,3549.389892578125,17.459999084472656,,1319.7900390625
2023-05-31,12935.2900390625,3453.179931640625,17.940000534057617,,1321.739990234375
2023-06-01,13100.98046875,3506.739990234375,15.649999618530273,5.08,1312.8499755859375
2023-06-02,13240.76953125,3501.39990234375,14.600000381469727,,
2023-06-04,,,,,1305.1400146484375
2023-06-05,13229.4296875,3444.1201171875,14.729999542236328,,1299.7900390625
2023-06-06,13276.419921875,3488.340087890625,13.960000038146973,,1299.199951171875
2023-06-07,13104.900390625,3477.179931640625,13.9399995803833,,1308.3399658203125
2023-06-08,13238.51953125,3514.320068359375,13.649999618530273,,1296.3299560546875
2023-06-09,13259.1396484375,3524.969970703125,13.829999923706055,,
2023-06-11,,,,,1286.68994140625
2023-06-12,13461.919921875,3641.659912109375,15.010000228881836,,1284.5799560546875
2023-06-13,13573.3203125,3683.659912109375,14.609999656677246,,1267.6199951171875
2023-06-14,13626.48046875,3739.75,13.880000114440918,,1273.989990234375
2023-06-15,13782.8203125,3708.06005859375,14.5,,1270.050048828125
2023-06-16,13689.5703125,3673.139892578125,13.539999961853027,,
2023-06-18,,,,,1276.31005859375
2023-06-19,,,,,1283.239990234375
2023-06-20,13667.2900390625,3647.56005859375,13.880000114440918,,1287.5400390625
2023-06-21,13502.2001953125,3549.72998046875,13.199999809265137,,1288.3800048828125
2023-06-22,13630.6103515625,3569.8701171875,12.90999984741211,,1298.2099609375
2023-06-23,13492.51953125,3506.7099609375,13.4399995803833,,
2023-06-25,,,,,1307.6700439453125
2023-06-26,13335.7802734375,3515.77001953125,14.25,,1302.6600341796875
2023-06-27,13555.669921875,3642.409912109375,13.739999771118164,,1296.5999755859375
2023-06-28,13591.75,3609.47998046875,13.430000305175781,,1309.010009765625
2023-06-29,13591.330078125,3614.179931640625,13.539999961853027,,1323.0699462890625
2023-06-30,13787.919921875,3673.06005859375,13.59000015258789,,
2023-07-01,,,,5.12,
2023-07-02,,,,,1315.300048828125
2023-07-03,13816.76953125,3703.6201171875,13.569999694824219,,1306.0999755859375
2023-07-04,,,,,1295.5
2023-07-05,13791.650390625,3622.320068359375,14.180000305175781,,1302.969970703125
2023-07-06,13679.0400390625,3577.489990234375,15.4399995803833,,1309.219970703125
2023-07-07,13660.7197265625,3577.72998046875,14.829999923706055,,
2023-07-09,,,,,1297.3699951171875
2023-07-10,13685.48046875,3651.60009765625,15.069999694824219,,1299.5400390625
2023-07-11,13760.7001953125,3653.530029296875,14.84000015258789,,1291.510009765625
2023-07-12,13918.9599609375,3721.469970703125,13.539999961853027,,1274.699951171875
2023-07-13,14138.5703125,3797.1298828125,13.609999656677246,,1266.8299560546875
2023-07-14,14113.7001953125,3750.409912109375,13.34000015258789,,
2023-07-16,,,,,1268.3399658203125
2023-07-17,14244.9501953125,3837.31005859375,13.479999542236328,,1265.449951171875
2023-07-18,14353.6396484375,3842.360107421875,13.300000190734863,,1264.93994140625
2023-07-19,14358.01953125,3801.659912109375,13.760000228881836,,1265.0899658203125
2023-07-20,14063.3095703125,3663.85009765625,13.989999771118164,,1278.4000244140625
2023-07-21,14032.8095703125,3698.85009765625,13.600000381469727,,
2023-07-23,,,,,1285.6500244140625
2023-07-24,14058.8701171875,3692.320068359375,13.90999984741211,,1280.530029296875
2023-07-25,14144.5595703125,3755.27001953125,13.859999656677246,,1274.1199951171875
2023-07-26,14127.2802734375,3699.3701171875,13.1899995803833,,1275.1700439453125
2023-07-27,14050.1103515625,3768.27001953125,14.40999984741211,,1283.8800048828125
2023-07-28,14316.66015625,3851.760009765625,13.329999923706055,,
2023-07-30,,,,,1272.3900146484375
2023-07-31,14346.01953125,3861.6298828125,13.630000114440918,,1277.9300537109375
2023-08-01,14283.91015625,3858.2099609375,13.930000305175781,5.33,1289.050048828125
2023-08-02,13973.4501953125,3711.60009765625,16.09000015258789,,1295.3699951171875
2023-08-03,13959.7197265625,3708.080078125,15.920000076293945,,1296.4000244140625
2023-08-04,13909.240234375,3699.199951171875,17.100000381469727,,
2023-08-06,,,,,1303.050048828125
2023-08-07,13994.400390625,3739.409912109375,15.770000457763672,,1307.75
2023-08-08,13884.3203125,3679.419921875,15.989999771118164,,1316.6700439453125
2023-08-09,13722.01953125,3610.47998046875,15.960000038146973,,1313.6400146484375
2023-08-10,13737.990234375,3597.02001953125,15.850000381469727,,1318.3299560546875
2023-08-11,13644.849609375,3514.550048828125,14.84000015258789,,
2023-08-13,,,,,1329.6099853515625
2023-08-14,13788.330078125,3615.449951171875,14.819999694824219,,1334.739990234375
2023-08-15,13631.0498046875,3553.9599609375,16.459999084472656,,1338.739990234375
2023-08-16,13474.6298828125,3480.080078125,16.780000686645508,,1343.3299560546875
2023-08-17,13316.9296875,3446.35009765625,17.889999389648438,,1339.0799560546875
2023-08-18,13290.7802734375,3462.739990234375,17.299999237060547,,
2023-08-20,,,,,1339.1700439453125
2023-08-21,13497.58984375,3560.739990234375,17.1299991607666,,1339.739990234375
2023-08-22,13505.8701171875,3527.68994140625,16.969999313354492,,1339.68994140625
2023-08-23,13721.0302734375,3602.010009765625,15.979999542236328,,1327.780029296875
2023-08-24,13463.9697265625,3481.300048828125,17.200000762939453,,1326.6199951171875
2023-08-25,13590.650390625,3495.64990234375,15.680000305175781,,
2023-08-27,,,,,1323.6099853515625
2023-08-28,13705.1298828125,3537.8701171875,15.079999923706055,,1322.8199462890625
2023-08-29,13943.759765625,3629.570068359375,14.449999809265137,,1321.0699462890625
2023-08-30,14019.3095703125,3643.919921875,13.880000114440918,,1323.030029296875
2023-08-31,14034.9697265625,3670.929931640625,13.569999694824219,,1324.6400146484375
2023-09-01,14031.8095703125,3682.840087890625,13.09000015258789,5.33,
2023-09-03,,,,,1317.4599609375
2023-09-04,,,,,1317.949951171875
2023-09-05,14020.9501953125,3683.7900390625,14.010000228881836,,1331.72998046875
2023-09-06,13872.4697265625,3654.4599609375,14.449999809265137,,1333.4599609375
2023-09-07,13748.830078125,3582.110107421875,14.399999618530273,,1334.02001953125
2023-09-08,13761.5302734375,3565.989990234375,13.84000015258789,,
2023-09-10,,,,,1335.3199462890625
2023-09-11,13917.8896484375,3569.22998046875,13.800000190734863,,1320.43994140625
2023-09-12,13773.6103515625,3541.090087890625,14.229999542236328,,1324.0999755859375
2023-09-13,13813.58984375,3560.4599609375,13.479999542236328,,1329.77001953125
2023-09-14,13926.0498046875,3584.22998046875,12.819999694824219,,1327.06005859375
2023-09-15,13708.330078125,3476.389892578125,13.789999961853027,,
2023-09-17,,,,,1328.4200439453125
2023-09-18,13710.240234375,3492.469970703125,14.0,,1329.6600341796875
2023-09-19,13678.1904296875,3459.02001953125,14.109999656677246,,1328.530029296875
2023-09-20,13469.1298828125,3398.81005859375,15.140000343322754,,1332.3399658203125
2023-09-21,13223.98046875,3338.85009765625,17.540000915527344,,1341.1700439453125
2023-09-22,13211.8095703125,3365.2900390625,17.200000762939453,,
2023-09-24,,,,,1334.6600341796875
2023-09-25,13271.3203125,3389.4599609375,16.899999618530273,,1338.449951171875
2023-09-26,13063.6103515625,3329.6201171875,18.940000534057617,,1353.75
2023-09-27,13092.849609375,3361.409912109375,18.219999313354492,,1352.8199462890625
2023-09-28,13201.2802734375,3420.989990234375,17.34000015258789,,1347.8499755859375
2023-09-29,13219.3203125,3434.2900390625,17.520000457763672,,
2023-10-01,,,,5.33,1351.93994140625
2023-10-02,13307.76953125,3448.85009765625,17.610000610351562,,1354.18994140625
2023-10-03,13059.4697265625,3376.580078125,19.780000686645508,,1359.219970703125
2023-10-04,13236.009765625,3424.919921875,18.579999923706055,,1351.1600341796875
2023-10-05,13219.830078125,3406.97998046875,18.489999771118164,,1346.06005859375
2023-10-06,13431.33984375,3475.2099609375,17.450000762939453,,
2023-10-08,,,,,1343.3599853515625
2023-10-09,13484.240234375,3467.35009765625,17.700000762939453,,1346.8900146484375
2023-10-10,13562.83984375,3512.070068359375,17.030000686645508,,1341.8900146484375
2023-10-11,13659.6796875,3537.830078125,16.09000015258789,,1338.260009765625
2023-10-12,13574.2197265625,3548.6201171875,16.690000534057617,,1348.3399658203125
2023-10-13,13407.23046875,3452.969970703125,19.31999969482422,,
2023-10-15,,,,,1352.0699462890625
2023-10-16,13567.98046875,3502.510009765625,17.209999084472656,,1347.760009765625
2023-10-17,13533.75,3474.659912109375,17.8799991607666,,1352.989990234375
2023-10-18,13314.2998046875,3413.449951171875,19.219999313354492,,1354.56005859375
2023-10-19,13186.1796875,3367.77001953125,21.399999618530273,,1356.22998046875
2023-10-20,12983.8095703125,3316.139892578125,21.709999084472656,,
2023-10-22,,,,,1349.3399658203125
2023-10-23,13018.330078125,3298.5400390625,20.3700008392334,,1334.43994140625
2023-10-24,13139.8701171875,3343.93994140625,18.969999313354492,,1343.6400146484375
2023-10-25,12821.2197265625,3205.840087890625,20.190000534057617,,1352.6800537109375
2023-10-26,12595.6103515625,3188.419921875,20.68000030517578,,1350.3399658203125
2023-10-27,12643.009765625,3227.090087890625,21.270000457763672,,
2023-10-30,12789.48046875,3185.179931640625,19.75,,1355.219970703125
2023-10-31,12851.240234375,3215.889892578125,18.139999389648438,,1348.0699462890625
2023-11-01,13061.4697265625,3290.949951171875,16.8700008392334,5.33,1350.1600341796875
2023-11-02,13294.1904296875,3368.5400390625,15.65999984741211,,1347.8399658203125
2023-11-03,13478.2802734375,3454.570068359375,14.90999984741211,,1333.6800537109375
2023-11-06,13518.7802734375,3444.889892578125,14.890000343322754,,1307.8399658203125
2023-11-07,13639.8603515625,3471.4599609375,14.8100004196167,,1297.1099853515625
2023-11-08,13650.41015625,3472.669921875,14.449999809265137,,1304.550048828125
2023-11-09,13521.4501953125,3452.340087890625,15.289999961853027,,1308.1199951171875
2023-11-10,13798.1103515625,3591.739990234375,14.170000076293945,,1315.199951171875
2023-11-13,13767.740234375,3556.75,14.760000228881836,,1319.6199951171875
2023-11-14,14094.3798828125,3685.570068359375,14.15999984741211,,1319.0699462890625
2023-11-15,14103.83984375,3712.090087890625,14.180000305175781,,1304.239990234375
2023-11-16,14113.669921875,3724.10009765625,14.319999694824219,,1301.8599853515625
2023-11-17,14125.48046875,3748.64990234375,13.800000190734863,,1292.449951171875
2023-11-20,14284.5302734375,3805.81005859375,13.40999984741211,,1294.5
2023-11-21,14199.98046875,3732.7900390625,13.350000381469727,,1288.1500244140625
2023-11-22,14265.8603515625,3744.9599609375,12.850000381469727,,1295.18994140625
2023-11-23,,,,,1298.7900390625
2023-11-24,14250.849609375,3747.929931640625,12.460000038146973,,1300.1800537109375
2023-11-27,14241.01953125,3739.31005859375,12.6899995803833,,1289.7900390625
2023-11-28,14281.759765625,3718.35009765625,12.6899995803833,,1302.530029296875
2023-11-29,14258.490234375,3753.360107421875,12.979999542236328,,1287.530029296875
2023-11-30,14226.2197265625,3724.580078125,12.920000076293945,,1288.3599853515625
2023-12-01,14305.0302734375,3738.27001953125,12.630000114440918,5.33,1296.6600341796875
2023-12-04,14185.490234375,3693.43994140625,13.079999923706055,,1299.18994140625
2023-12-05,14229.91015625,3672.39990234375,12.850000381469727,,1307.800048828125
2023-12-06,14146.7099609375,3645.820068359375,12.970000267028809,,1313.3699951171875
2023-12-07,14339.990234375,3747.5400390625,13.0600004196167,,1313.719970703125
2023-12-08,14403.9697265625,3774.169921875,12.350000381469727,,1312.760009765625
2023-12-11,14432.490234375,3902.389892578125,12.630000114440918,,1316.510009765625
2023-12-12,14533.400390625,3930.179931640625,12.069999694824219,,1313.6199951171875
2023-12-13,14733.9599609375,3990.949951171875,12.1899995803833,,1310.1400146484375
2023-12-14,14761.5595703125,4097.47021484375,12.479999542236328,,1292.010009765625
2023-12-15,14813.919921875,4117.0,12.279999732971191,,1291.9200439453125
2023-12-18,14904.8095703125,4103.7900390625,12.5600004196167,,1276.469970703125
2023-12-19,15003.2197265625,4125.56005859375,12.529999732971191,,1302.9300537109375
2023-12-20,14777.9404296875,4007.659912109375,13.670000076293945,,1297.760009765625
2023-12-21,14963.8701171875,4118.58984375,13.649999618530273,,1296.97998046875
2023-12-22,14992.9697265625,4132.85009765625,13.029999732971191,,1291.7099609375
2023-12-25,,,,,1297.3599853515625
2023-12-26,15074.5703125,4207.4501953125,12.989999771118164,,1294.5799560546875
2023-12-27,15099.1796875,4214.58984375,12.430000305175781,,1293.9200439453125
2023-12-28,15095.1396484375,4208.68017578125,12.470000267028809,,1294.760009765625
2023-12-29,15011.349609375,4175.47021484375,12.449999809265137,,1277.8399658203125
2024-01-01,,,,5.33,1293.530029296875
2024-01-02,14765.9404296875,4023.0400390625,13.199999809265137,,1293.5400390625
2024-01-03,14592.2099609375,3941.2099609375,14.039999961853027,,1307.6199951171875
2024-01-04,14510.2998046875,3908.85009765625,14.130000114440918,,1309.530029296875
2024-01-05,14524.0703125,3933.489990234375,13.350000381469727,,1311.25
2024-01-08,14843.76953125,4062.47998046875,13.079999923706055,,1313.1300048828125
2024-01-09,14857.7099609375,4064.64990234375,12.760000228881836,,1311.800048828125
2024-01-10,14969.650390625,4048.840087890625,12.6899995803833,,1319.7900390625
2024-01-11,14970.1904296875,4067.89990234375,12.4399995803833,,1317.5
2024-01-12,14972.759765625,4052.429931640625,12.699999809265137,,1311.989990234375
2024-01-15,,,,,1312.8499755859375
2024-01-16,14944.349609375,4105.93994140625,13.84000015258789,,1319.7099609375
2024-01-17,14855.6201171875,4069.949951171875,14.789999961853027,,1337.7900390625
2024-01-18,15055.650390625,4206.52001953125,14.130000114440918,,1344.050048828125
2024-01-19,15310.9697265625,4375.64990234375,13.300000190734863,,1337.6600341796875
2024-01-22,15360.2900390625,4386.60009765625,13.1899995803833,,1333.2099609375
2024-01-23,15425.9404296875,4415.259765625,12.550000190734863,,1338.739990234375
2024-01-24,15481.919921875,4483.330078125,13.140000343322754,,1336.780029296875
2024-01-25,15510.5,4472.259765625,13.449999809265137,,1329.8900146484375
2024-01-26,15455.3603515625,4342.10009765625,13.260000228881836,,1336.030029296875
2024-01-29,15628.0400390625,4388.27001953125,13.600000381469727,,1336.760009765625
2024-01-30,15509.900390625,4319.990234375,13.3100004196167,,1333.2099609375
2024-01-31,15164.009765625,4260.919921875,14.350000381469727,,1326.6199951171875
2024-02-01,15361.6396484375,4280.47998046875,13.880000114440918,5.33,1333.9100341796875
2024-02-02,15628.9501953125,4336.72998046875,13.850000381469727,,1328.949951171875
2024-02-05,15597.6796875,4388.10009765625,13.670000076293945,,1337.72998046875
2024-02-06,15609.0,4338.27001953125,13.0600004196167,,1333.3900146484375
2024-02-07,15756.6396484375,4408.72998046875,12.829999923706055,,1326.7900390625
2024-02-08,15793.7099609375,4478.009765625,12.789999961853027,,1327.6199951171875
2024-02-09,15990.66015625,4567.2998046875,12.930000305175781,,1331.469970703125
2024-02-12,15942.5498046875,4560.0400390625,13.930000305175781,,1330.06005859375
2024-02-13,15655.599609375,4468.18017578125,15.850000381469727,,1328.5
2024-02-14,15859.150390625,4565.41015625,14.380000114440918,,1340.7900390625
2024-02-15,15906.169921875,4558.10009765625,14.010000228881836,,1326.0
2024-02-16,15775.650390625,4527.68017578125,14.239999771118164,,1327.6600341796875
2024-02-19,,,,,1331.5799560546875
2024-02-20,15630.7802734375,4456.8701171875,15.420000076293945,,1333.3399658203125
2024-02-21,15580.8701171875,4446.35986328125,15.34000015258789,,1333.75
2024-02-22,16041.6201171875,4667.3701171875,14.539999961853027,,1332.8699951171875
2024-02-23,15996.8203125,4615.02978515625,13.75,,1327.1700439453125
2024-02-26,15976.25,4663.47021484375,13.739999771118164,,1330.0
2024-02-27,16035.2998046875,4654.89013671875,13.430000305175781,,1331.719970703125
2024-02-28,15947.740234375,4602.60009765625,13.84000015258789,,1331.7900390625
2024-02-29,16091.919921875,4726.919921875,13.399999618530273,,1333.3800048828125
2024-03-01,16274.9404296875,4929.580078125,13.109999656677246,5.33,1335.199951171875
2024-03-04,16207.509765625,4981.97021484375,13.489999771118164,,1330.9000244140625
2024-03-05,15939.58984375,4879.830078125,14.460000038146973,,1328.93994140625
2024-03-06,16031.5400390625,4997.93017578125,14.5,,1333.4300537109375
2024-03-07,16273.3798828125,5165.830078125,14.4399995803833,,1327.0899658203125
2024-03-08,16085.1103515625,4957.77978515625,14.739999771118164,,1321.1800537109375
2024-03-11,16019.26953125,4890.2001953125,15.220000267028809,,1315.97998046875
2024-03-12,16265.6396484375,4992.509765625,13.84000015258789,,1310.5400390625
2024-03-13,16177.76953125,4868.9501953125,13.75,,1311.1500244140625
2024-03-14,16128.5302734375,4783.64990234375,14.399999618530273,,1313.6500244140625
2024-03-15,15973.169921875,4757.7099609375,14.40999984741211,,1321.9200439453125
2024-03-18,16103.4501953125,4757.60009765625,14.329999923706055,,1329.3399658203125
2024-03-19,16166.7900390625,4712.81005859375,13.819999694824219,,1336.0899658203125
2024-03-20,16369.41015625,4788.18017578125,13.039999961853027,,1337.02001953125
2024-03-21,16401.83984375,4897.8798828125,12.920000076293945,,1330.1099853515625
2024-03-22,16428.8203125,4908.259765625,13.0600004196167,,1334.6800537109375
2024-03-25,16384.470703125,4891.490234375,13.1899995803833,,1343.5999755859375
2024-03-26,16315.7001953125,4851.8798828125,13.239999771118164,,1339.1300048828125
2024-03-27,16399.51953125,4899.9501953125,12.779999732971191,,1343.06005859375
2024-03-28,16379.4599609375,4905.2099609375,13.010000228881836,,1349.800048828125
2024-03-29,,,,,1349.800048828125
2024-03-31,,,,,1345.31005859375
2024-04-01,16396.830078125,4962.10009765625,13.649999618530273,5.33,1355.530029296875
2024-04-02,16240.4501953125,4886.93994140625,14.609999656677246,,1350.72998046875
2024-04-03,16277.4599609375,4903.5,14.329999923706055,,1344.8399658203125
2024-04-04,16049.080078125,4756.06982421875,16.350000381469727,,1351.3599853515625
2024-04-05,16248.51953125,4819.1298828125,16.030000686645508,,
2024-04-07,,,,,1350.27001953125
2024-04-08,16253.9599609375,4825.39013671875,15.1899995803833,,1354.219970703125
2024-04-09,16306.6396484375,4870.81005859375,14.979999542236328,,1348.5400390625
2024-04-10,16170.3603515625,4790.35009765625,15.800000190734863,,1363.760009765625
2024-04-11,16442.19921875,4906.3701171875,14.90999984741211,,1367.8399658203125
2024-04-12,16175.08984375,4745.0498046875,17.309999465942383,,
2024-04-14,,,,,1379.6099853515625
2024-04-15,15885.01953125,4679.10009765625,19.229999542236328,,1387.6700439453125
2024-04-16,15865.25,4720.52978515625,18.399999618530273,,1387.3399658203125
2024-04-17,15683.3701171875,4567.31005859375,18.209999084472656,,1379.5400390625
2024-04-18,15601.5,4491.7099609375,18.0,,1379.4000244140625
2024-04-19,15282.009765625,4306.8701171875,18.709999084472656,,
2024-04-21,,,,,1373.9300537109375
2024-04-22,15451.3095703125,4381.919921875,16.940000534057617,,1378.8399658203125
2024-04-23,15696.6396484375,4478.7998046875,15.6899995803833,,1370.47998046875
2024-04-24,15712.75,4526.2001953125,15.970000267028809,,1376.969970703125
2024-04-25,15611.759765625,4615.0400390625,15.369999885559082,,1371.699951171875
2024-04-26,15927.900390625,4735.2900390625,15.029999732971191,,
2024-04-28,,,,,1377.0899658203125
2024-04-29,15983.080078125,4765.7900390625,14.670000076293945,,1374.6400146484375
2024-04-30,15657.8203125,4673.2998046875,15.649999618530273,,1385.4599609375
2024-05-01,15605.48046875,4507.68017578125,15.390000343322754,5.33,1375.0
2024-05-02,15840.9599609375,4605.35009765625,14.680000305175781,,1364.6400146484375
2024-05-03,16156.330078125,4716.18994140625,13.489999771118164,,
2024-05-05,,,,,1355.050048828125
2024-05-06,16349.25,4820.4501953125,13.489999771118164,,1352.1700439453125
2024-05-07,16332.5595703125,4784.8798828125,13.229999542236328,,1357.72998046875
2024-05-08,16302.759765625,4790.3798828125,13.0,,1361.93994140625
2024-05-09,16346.259765625,4759.77001953125,12.6899995803833,,1365.4000244140625
2024-05-10,16340.8701171875,4808.02978515625,12.550000190734863,,
2024-05-12,,,,,1370.1099853515625
2024-05-13,16388.240234375,4823.08984375,13.600000381469727,,1363.7900390625
2024-05-14,16511.1796875,4903.93017578125,13.420000076293945,,1362.550048828125
2024-05-15,16742.390625,5045.080078125,12.449999809265137,,1353.5999755859375
2024-05-16,16698.3203125,5017.5400390625,12.420000076293945,,1346.0400390625
2024-05-17,16685.970703125,4983.02001953125,11.989999771118164,,
2024-05-19,,,,,1353.3900146484375
2024-05-20,16794.869140625,5090.35009765625,12.149999618530273,,1360.1600341796875
2024-05-21,16832.619140625,5074.39990234375,11.859999656677246,,1363.4200439453125
2024-05-22,16801.5390625,5126.81005859375,12.289999961853027,,1365.81005859375
2024-05-23,16736.029296875,5125.97998046875,12.770000457763672,,1367.6199951171875
2024-05-24,16920.7890625,5220.919921875,11.930000305175781,,
2024-05-26,,,,,1365.7099609375
2024-05-27,,,,,1360.9300537109375
2024-05-28,17019.880859375,5317.8701171875,12.920000076293945,,1362.760009765625
2024-05-29,16920.580078125,5219.31982421875,14.279999732971191,,1370.550048828125
2024-05-30,16737.080078125,5173.259765625,14.470000267028809,,1375.6199951171875
2024-05-31,16735.01953125,5123.35986328125,12.920000076293945,,
2024-06-01,,,,5.33,
2024-06-02,,,,,1382.0999755859375
2024-06-03,16828.669921875,5152.509765625,13.109999656677246,,1370.7900390625
2024-06-04,16857.05078125,5116.27001953125,13.15999984741211,,1373.719970703125
2024-06-05,17187.900390625,5347.43994140625,12.630000114440918,,1368.739990234375
2024-06-06,17173.119140625,5301.68017578125,12.579999923706055,,1365.25
2024-06-07,17133.130859375,5287.240234375,12.220000267028809,,
2024-06-09,,,,,1379.050048828125
2024-06-10,17192.529296875,5362.39990234375,12.739999771118164,,1373.9599609375
2024-06-11,17343.55078125,5365.3798828125,12.850000381469727,,1377.3599853515625
2024-06-12,17608.439453125,5520.8701171875,12.039999961853027,,1370.4100341796875
2024-06-13,17667.560546875,5602.419921875,11.9399995803833,,1373.739990234375
2024-06-14,17688.880859375,5598.31005859375,12.65999984741211,,
2024-06-16,,,,,1382.280029296875
2024-06-17,17857.01953125,5688.10009765625,12.75,,1379.06005859375
2024-06-18,17862.23046875,5765.1201171875,12.300000190734863,,1378.6099853515625
2024-06-19,,,,,1381.1500244140625
2024-06-20,17721.58984375,5610.009765625,13.279999732971191,,1391.8199462890625
2024-06-21,17689.359375,5538.5400390625,13.199999809265137,,
2024-06-23,,,,,1388.3900146484375
2024-06-24,17496.8203125,5371.52001953125,13.329999923706055,,1386.1099853515625
2024-06-25,17717.650390625,5467.66015625,12.84000015258789,,1390.8900146484375
2024-06-26,17805.16015625,5452.31982421875,12.550000190734863,,1393.3800048828125
2024-06-27,17858.6796875,5421.08984375,12.239999771118164,,1386.949951171875
2024-06-28,17732.599609375,5472.259765625,12.4399995803833,,
2024-06-30,,,,,1380.2900390625
2024-07-01,17879.30078125,5477.14990234375,12.220000267028809,5.33,1383.4200439453125
2024-07-02,18028.759765625,5544.990234375,12.029999732971191,,1383.4200439453125
2024-07-03,18188.30078125,5651.72021484375,12.09000015258789,,1385.77001953125
2024-07-04,,,,,1380.25
2024-07-05,18352.759765625,5656.31005859375,12.479999542236328,,
2024-07-07,,,,,1376.5699462890625
2024-07-08,18403.740234375,5765.2099609375,12.369999885559082,,1382.75
2024-07-09,18429.2890625,5765.2001953125,12.510000228881836,,1382.4200439453125
2024-07-10,18647.44921875,5904.5400390625,12.850000381469727,,1382.989990234375
2024-07-11,18283.41015625,5699.66015625,12.920000076293945,,1371.27001953125
2024-07-12,18398.44921875,5775.18994140625,12.460000038146973,,
2024-07-14,,,,,1374.1099853515625
2024-07-15,18472.5703125,5777.7099609375,13.119999885559082,,1383.68994140625
2024-07-16,18509.33984375,5804.02978515625,13.1899995803833,,1382.6400146484375
2024-07-17,17996.919921875,5408.7099609375,14.479999542236328,,1378.6500244140625
2024-07-18,17871.220703125,5436.419921875,15.930000305175781,,1385.239990234375
2024-07-19,17726.939453125,5267.16015625,16.520000457763672,,
2024-07-21,,,,,1388.81005859375
2024-07-22,18007.5703125,5477.830078125,14.90999984741211,,1387.0999755859375
2024-07-23,17997.349609375,5397.89990234375,14.720000267028809,,1384.5699462890625
2024-07-24,17342.41015625,5105.64990234375,18.040000915527344,,1382.6500244140625
2024-07-25,17181.720703125,5005.35986328125,18.459999084472656,,1381.4300537109375
2024-07-26,17357.880859375,5103.1298828125,16.389999389648438,,
2024-07-28,,,,,1382.0899658203125
2024-07-29,17370.19921875,5087.6201171875,16.600000381469727,,1381.3599853515625
2024-07-30,17147.419921875,4890.14990234375,17.690000534057617,,1383.5
2024-07-31,17599.400390625,5233.18017578125,16.360000610351562,,1367.9200439453125
2024-08-01,17194.150390625,4859.58984375,18.59000015258789,5.33,1368.969970703125
2024-08-02,16776.16015625,4607.759765625,23.389999389648438,,
2024-08-04,,,,,1357.1700439453125
2024-08-05,16200.080078125,4519.4501953125,38.56999969482422,,1367.4000244140625
2024-08-06,16366.849609375,4567.56982421875,27.709999084472656,,1370.31005859375
2024-08-07,16195.8095703125,4426.27001953125,27.850000381469727,,1375.3299560546875
2024-08-08,16660.01953125,4730.009765625,23.790000915527344,,1373.760009765625
2024-08-09,16745.30078125,4709.4501953125,20.3700008392334,,
2024-08-11,,,,,1363.8399658203125
2024-08-12,16780.609375,4743.81982421875,20.709999084472656,,1369.5400390625
2024-08-13,17187.609375,4942.31005859375,18.1200008392334,,1362.1700439453125
2024-08-14,17192.599609375,4933.35009765625,16.190000534057617,,1355.7099609375
2024-08-15,17594.5,5173.3798828125,15.229999542236328,,1363.510009765625
2024-08-16,17631.720703125,5170.25,14.800000190734863,,
2024-08-18,,,,,1348.97998046875
2024-08-19,17876.76953125,5266.56982421875,14.649999618530273,,1330.8800048828125
2024-08-20,17816.939453125,5196.2998046875,15.880000114440918,,1327.5799560546875
2024-08-21,17918.990234375,5267.93017578125,16.270000457763672,,1333.6600341796875
2024-08-22,17619.349609375,5086.89990234375,17.549999237060547,,1339.5400390625
2024-08-23,17877.7890625,5228.64990234375,15.859999656677246,,
2024-08-25,,,,,1323.8800048828125
2024-08-26,17725.76953125,5097.35009765625,16.149999618530273,,1326.6400146484375
2024-08-27,17754.8203125,5153.6298828125,15.430000305175781,,1326.3599853515625
2024-08-28,17556.029296875,5059.56005859375,17.110000610351562,,1336.68994140625
2024-08-29,17516.4296875,5029.25,15.649999618530273,,1332.8800048828125
2024-08-30,17713.619140625,5158.81982421875,15.0,,
2024-09-01,,,,5.13,1336.5799560546875
2024-09-02,,,,,1337.550048828125
2024-09-03,17136.30078125,4759.0,20.719999313354492,,1340.4100341796875
2024-09-04,17084.30078125,4770.85009765625,21.31999969482422,,1331.010009765625
2024-09-05,17127.66015625,4742.419921875,19.899999618530273,,1332.7900390625
2024-09-06,16690.830078125,4528.22021484375,22.3799991607666,,
2024-09-08,,,,,1337.77001953125
2024-09-09,16884.599609375,4625.77978515625,19.450000762939453,,1341.27001953125
2024-09-10,17025.880859375,4680.669921875,19.079999923706055,,1343.3399658203125
2024-09-11,17395.529296875,4910.169921875,17.690000534057617,,1339.1800537109375
2024-09-12,17569.6796875,4898.43994140625,17.06999969482422,,1335.68994140625
2024-09-13,17683.98046875,4980.490234375,16.559999465942383,,
2024-09-15,,,,,1329.510009765625
2024-09-16,17592.130859375,4910.43994140625,17.139999389648438,,1319.1099853515625
2024-09-17,17628.060546875,4912.10009765625,17.610000610351562,,1322.9300537109375
2024-09-18,17573.30078125,4859.2900390625,18.229999542236328,,1322.260009765625
2024-09-19,18013.98046875,5066.64990234375,16.329999923706055,,1327.6099853515625
2024-09-20,17948.3203125,5000.06005859375,16.149999618530273,,
2024-09-22,,,,,1331.5
2024-09-23,17974.26953125,5025.81005859375,15.890000343322754,,1333.6199951171875
2024-09-24,18074.51953125,5091.77978515625,15.390000343322754,,1324.8900146484375
2024-09-25,18082.2109375,5132.52001953125,15.40999984741211,,1335.050048828125
2024-09-26,18190.2890625,5310.5,15.369999885559082,,1313.300048828125
2024-09-27,18119.58984375,5217.22998046875,16.959999084472656,,
2024-09-29,,,,,1309.300048828125
2024-09-30,18189.169921875,5173.06005859375,16.729999542236328,,1315.3299560546875
2024-10-01,17910.359375,5024.93994140625,19.260000228881836,4.83,1324.8399658203125
2024-10-02,17925.119140625,5099.2001953125,18.899999618530273,,1324.030029296875
2024-10-03,17918.48046875,5125.2099609375,20.489999771118164,,1334.4100341796875
2024-10-04,18137.849609375,5206.83984375,19.209999084472656,,
2024-10-06,,,,,1345.8800048828125
2024-10-07,17923.900390625,5196.7998046875,22.639999389648438,,1342.3699951171875
2024-10-08,18182.919921875,5266.10009765625,21.420000076293945,,1341.31005859375
2024-10-09,18291.619140625,5321.89990234375,20.860000610351562,,1343.02001953125
2024-10-10,18282.05078125,5293.93994140625,20.93000030517578,,1349.739990234375
2024-10-11,18342.939453125,5335.93994140625,20.459999084472656,,
2024-10-13,,,,,1348.3299560546875
2024-10-14,18502.689453125,5432.2099609375,19.700000762939453,,1357.27001953125
2024-10-15,18315.58984375,5145.2099609375,20.639999389648438,,1363.1800537109375
2024-10-16,18367.080078125,5155.85986328125,19.579999923706055,,1364.199951171875
2024-10-17,18373.609375,5204.81005859375,19.110000610351562,,1370.050048828125
2024-10-18,18489.55078125,5208.6201171875,18.030000686645508,,
2024-10-20,,,,,1369.010009765625
2024-10-21,18540.009765625,5215.2099609375,18.3700008392334,,1376.5
2024-10-22,18579.76953125,5190.7099609375,18.200000762939453,,1376.6300048828125
2024-10-23,18276.650390625,5131.3701171875,19.239999771118164,,1377.3399658203125
2024-10-24,18415.490234375,5157.60986328125,19.079999923706055,,1376.3199462890625
2024-10-25,18518.609375,5212.830078125,20.329999923706055,,
2024-10-28,18567.189453125,5211.669921875,19.799999237060547,,1387.6600341796875
2024-10-29,18712.75,5332.169921875,19.34000015258789,,1381.969970703125
2024-10-30,18607.9296875,5153.490234375,20.350000381469727,,1383.1800537109375
2024-10-31,18095.150390625,4946.75,23.15999984741211,,1378.5699462890625
2024-11-01,18239.919921875,5001.43017578125,21.8799991607666,4.64,1372.9300537109375
2024-11-04,18179.98046875,4974.0,21.979999542236328,,1379.3399658203125
2024-11-05,18439.169921875,5057.830078125,20.489999771118164,,1372.8599853515625
2024-11-06,18983.470703125,5215.56982421875,16.270000457763672,,1378.0
2024-11-07,19269.4609375,5333.990234375,15.199999809265137,,1399.800048828125
2024-11-08,19286.779296875,5290.52001953125,14.9399995803833,,1372.0799560546875
2024-11-11,19298.759765625,5156.39013671875,14.970000267028809,,1397.199951171875
2024-11-12,19281.400390625,5108.64013671875,14.710000038146973,,1400.550048828125
2024-11-13,19230.720703125,5006.2900390625,14.020000457763672,,1406.6500244140625
2024-11-14,19107.650390625,5004.58984375,14.3100004196167,,1399.0
2024-11-15,18680.119140625,4833.58984375,16.139999389648438,,1400.8299560546875
2024-11-18,18791.810546875,4888.77001953125,15.579999923706055,,1394.3499755859375
2024-11-19,18987.470703125,4919.16015625,16.350000381469727,,1389.5
2024-11-20,18966.140625,4884.25,17.15999984741211,,1392.1600341796875
2024-11-21,18972.419921875,4963.0498046875,16.8700008392334,,1397.6199951171875
2024-11-22,19003.650390625,4955.7998046875,15.239999771118164,,1399.5999755859375
2024-11-25,19054.83984375,4987.919921875,14.600000381469727,,1403.510009765625
2024-11-26,19174.30078125,4927.56005859375,14.100000381469727,,1395.56005859375
2024-11-27,19060.48046875,4853.009765625,14.100000381469727,,1395.27001953125
2024-11-28,,,,,1388.469970703125
2024-11-29,19218.169921875,4926.56005859375,13.510000228881836,,1393.300048828125
2024-12-01,,,,4.48,
2024-12-02,19403.94921875,5055.31982421875,13.34000015258789,,1399.8599853515625
2024-12-03,19480.91015625,5035.85986328125,13.300000190734863,,1401.06005859375
2024-12-04,19735.119140625,5121.77978515625,13.449999809265137,,1411.6700439453125
2024-12-05,19700.259765625,5026.3701171875,13.539999961853027,,1410.800048828125
2024-12-06,19859.76953125,5061.2998046875,12.770000457763672,,1399.989990234375
2024-12-09,19736.689453125,5018.83984375,14.1899995803833,,1424.219970703125
2024-12-10,19687.240234375,4894.7001953125,14.180000305175781,,1426.5999755859375
2024-12-11,20034.890625,5027.7998046875,13.579999923706055,,1433.949951171875
2024-12-12,19902.83984375,4982.18994140625,13.920000076293945,,1429.1500244140625
2024-12-13,19926.720703125,5149.77978515625,13.8100004196167,,1427.8599853515625
2024-12-16,20173.890625,5256.06005859375,14.6899995803833,,1434.449951171875
2024-12-17,20109.060546875,5169.7900390625,15.869999885559082,,1431.3499755859375
2024-12-18,19392.689453125,4970.97998046875,27.6200008392334,,1436.4200439453125
2024-12-19,19372.76953125,4893.47021484375,24.09000015258789,,1451.5
2024-12-20,19572.599609375,4964.91015625,18.360000610351562,,1437.449951171875
2024-12-23,19764.880859375,5118.75,16.780000686645508,,1445.4200439453125
2024-12-24,20031.130859375,5173.56005859375,14.270000457763672,,1442.699951171875
2024-12-25,,,,,1453.4200439453125
2024-12-26,20020.359375,5175.31005859375,14.729999542236328,,1457.6099853515625
2024-12-27,19722.029296875,5122.97021484375,15.949999809265137,,1466.989990234375
2024-12-30,19486.7890625,5026.509765625,17.399999618530273,,1472.800048828125
2024-12-31,19310.7890625,4979.93017578125,17.350000381469727,,1467.3900146484375
2025-01-01,,,,4.33,
2025-01-02,19280.7890625,5021.5,17.93000030517578,,1473.52001953125
2025-01-03,19621.6796875,5163.64990234375,16.1299991607666,,1471.6500244140625
2025-01-06,19864.98046875,5310.14013671875,16.040000915527344,,1465.530029296875
2025-01-07,19489.6796875,5212.25,17.81999969482422,,1459.449951171875
2025-01-08,19478.880859375,5162.35009765625,17.700000762939453,,1451.8800048828125
2025-01-09,,,,,1457.969970703125
2025-01-10,19161.630859375,5037.47021484375,19.540000915527344,,1455.22998046875
2025-01-13,19088.099609375,5020.0400390625,19.190000534057617,,1472.25
2025-01-14,19044.390625,5045.9501953125,18.709999084472656,,1458.8900146484375
2025-01-15,19511.23046875,5153.669921875,16.1200008392334,,1460.43994140625
2025-01-16,19338.2890625,5162.9599609375,16.600000381469727,,1437.219970703125
2025-01-17,19630.19921875,5309.740234375,15.970000267028809,,1453.3199462890625
2025-01-20,,,,,1457.3800048828125
2025-01-21,19756.779296875,5378.5,15.0600004196167,,1435.530029296875
2025-01-22,20009.33984375,5469.2900390625,15.100000381469727,,1425.7900390625
2025-01-23,20053.6796875,5444.68994140625,15.020000457763672,,1434.3399658203125
2025-01-24,19954.30078125,5341.93994140625,14.850000381469727,,1433.9300537109375
2025-01-27,19341.830078125,4853.240234375,17.899999618530273,,1427.6300048828125
2025-01-28,19733.58984375,4907.02978515625,16.40999984741211,,1417.9200439453125
2025-01-29,19632.3203125,4918.10009765625,16.559999465942383,,1443.260009765625
2025-01-30,19681.75,5030.52978515625,15.84000015258789,,1443.3199462890625
2025-01-31,19627.439453125,5015.85009765625,16.43000030517578,,1441.6600341796875
2025-02-01,,,,4.33,
2025-02-03,19391.9609375,4924.81005859375,18.6200008392334,,1456.780029296875
2025-02-04,19654.01953125,4976.58984375,17.209999084472656,,1459.050048828125
2025-02-05,19692.330078125,5091.5,15.770000457763672,,1450.1600341796875
2025-02-06,19791.990234375,5092.58984375,15.5,,1443.8900146484375
2025-02-07,19523.400390625,5009.33984375,16.540000915527344,,1442.1500244140625
2025-02-10,19714.26953125,5082.669921875,15.8100004196167,,1450.6199951171875
2025-02-11,19643.859375,5079.97021484375,16.020000457763672,,1453.2099609375
2025-02-12,19649.94921875,5090.7900390625,15.890000343322754,,1450.75
2025-02-13,19945.640625,5156.39013671875,15.100000381469727,,1452.1199951171875
2025-02-14,20026.76953125,5160.93994140625,14.770000457763672,,1438.739990234375
2025-02-17,,,,,1432.5999755859375
2025-02-18,20041.259765625,5247.85986328125,15.350000381469727,,1441.2900390625
2025-02-19,20056.25,5309.68994140625,15.270000457763672,,1440.0799560546875
2025-02-20,19962.359375,5310.6298828125,15.65999984741211,,1439.97998046875
2025-02-21,19524.009765625,5136.58984375,18.209999084472656,,1431.699951171875
2025-02-24,19286.9296875,5003.5400390625,18.979999542236328,,1434.2900390625
2025-02-25,19026.390625,4888.8798828125,19.43000030517578,,1428.6500244140625
2025-02-26,19075.259765625,4990.81982421875,19.100000381469727,,1429.5
2025-02-27,18544.419921875,4686.75,21.1299991607666,,1434.4200439453125
2025-02-28,18847.279296875,4766.75,19.6299991607666,,1449.8599853515625
2025-03-01,,,,4.33,
2025-03-03,18350.189453125,4575.3701171875,22.780000686645508,,1459.800048828125
2025-03-04,18285.16015625,4604.509765625,23.510000228881836,,1457.9300537109375
2025-03-05,18552.73046875,4700.7900390625,21.93000030517578,,1452.8499755859375
2025-03-06,18069.259765625,4487.85009765625,24.8700008392334,,1443.030029296875
2025-03-07,18196.220703125,4629.58984375,23.3700008392334,,1446.5
2025-03-10,17468.3203125,4405.08984375,27.860000610351562,,1446.260009765625
2025-03-11,17436.099609375,4374.06982421875,26.920000076293945,,1457.030029296875
2025-03-12,17648.44921875,4481.02001953125,24.229999542236328,,1451.02001953125
2025-03-13,17303.009765625,4453.240234375,24.65999984741211,,1448.75
2025-03-14,17754.08984375,4598.7900390625,21.770000457763672,,1453.22998046875
2025-03-17,17808.66015625,4663.97021484375,20.510000228881836,,1449.050048828125
2025-03-18,17504.119140625,4589.02978515625,21.700000762939453,,1442.489990234375
2025-03-19,17750.7890625,4634.52978515625,19.899999618530273,,1448.93994140625
2025-03-20,17691.630859375,4601.3701171875,19.799999237060547,,1443.3900146484375
2025-03-21,17784.05078125,4557.9501953125,19.280000686645508,,1465.8199462890625
2025-03-24,18188.58984375,4694.22021484375,17.479999542236328,,1464.780029296875
2025-03-25,18271.859375,4661.33984375,17.149999618530273,,1466.27001953125
2025-03-26,17899.01953125,4508.740234375,18.329999923706055,,1462.0899658203125
2025-03-27,17804.029296875,4415.25,18.690000534057617,,1465.6800537109375
2025-03-28,17322.990234375,4284.91015625,21.649999618530273,,1461.8900146484375
2025-03-30,,,,,1469.4100341796875
2025-03-31,17299.2890625,4270.43017578125,22.280000686645508,,1471.9599609375
2025-04-01,17449.890625,4282.4599609375,21.770000457763672,4.33,1469.969970703125
2025-04-02,17601.05078125,4320.75,21.510000228881836,,1466.0400390625
2025-04-03,16550.609375,3893.68994140625,30.020000457763672,,1450.6800537109375
2025-04-04,15587.7900390625,3597.659912109375,45.310001373291016,,
2025-04-06,,,,,1458.52001953125
2025-04-07,15603.259765625,3694.949951171875,46.97999954223633,,1469.949951171875
2025-04-08,15267.91015625,3562.93994140625,52.33000183105469,,1486.1300048828125
2025-04-09,17124.970703125,4230.4501953125,33.619998931884766,,1443.949951171875
2025-04-10,16387.310546875,3893.300048828125,40.720001220703125,,1452.0400390625
2025-04-11,16724.4609375,3990.89990234375,37.560001373291016,,
2025-04-13,,,,,1419.050048828125
2025-04-14,16831.48046875,4003.219970703125,30.889999389648438,,1419.4200439453125
2025-04-15,16823.169921875,4021.889892578125,30.1200008392334,,1427.02001953125
2025-04-16,16307.16015625,3857.169921875,32.63999938964844,,1414.22998046875
2025-04-17,16286.4501953125,3832.469970703125,29.649999618530273,,
2025-04-21,15870.900390625,3751.909912109375,33.81999969482422,,1421.6400146484375
2025-04-22,16300.419921875,3832.050048828125,30.56999969482422,,1429.219970703125
2025-04-23,16708.05078125,3983.919921875,28.450000762939453,,1426.449951171875
2025-04-24,17166.0390625,4208.18994140625,26.469999313354492,,1430.06005859375
2025-04-25,17382.939453125,4251.60986328125,24.84000015258789,,
2025-04-27,,,,,1437.3599853515625
2025-04-28,17366.130859375,4235.6201171875,25.149999618530273,,1435.8800048828125
2025-04-29,17461.3203125,4196.75,24.170000076293945,,1431.1600341796875
2025-04-30,17446.33984375,4230.08984375,24.700000762939453,,1423.75
2025-05-01,17710.740234375,4247.66015625,24.600000381469727,4.33,1435.0999755859375
2025-05-02,17977.73046875,4397.0498046875,22.68000030517578,,
2025-05-04,,,,,1398.9000244140625
2025-05-05,17844.240234375,4356.18017578125,23.639999389648438,,1374.3699951171875
2025-05-06,17689.66015625,4311.2001953125,24.760000228881836,,1374.77001953125
2025-05-07,17738.16015625,4386.35986328125,23.549999237060547,,1397.2900390625
2025-05-08,17928.140625,4430.43994140625,22.479999542236328,,1403.8499755859375
2025-05-09,17928.919921875,4466.5,21.899999618530273,,
2025-05-11,,,,,1395.1700439453125
2025-05-12,18708.33984375,4780.93017578125,18.389999389648438,,1416.030029296875
2025-05-13,19010.08984375,4931.35009765625,18.219999313354492,,1416.0
2025-05-14,19146.810546875,4960.72998046875,18.6200008392334,,1407.3299560546875
2025-05-15,19112.3203125,4932.4501953125,17.829999923706055,,1397.02001953125
2025-05-16,19211.099609375,4922.18994140625,17.239999771118164,,
2025-05-18,,,,,1398.1300048828125
2025-05-19,19215.4609375,4897.7099609375,18.139999389648438,,1388.550048828125
2025-05-20,19142.7109375,4890.77978515625,18.09000015258789,,1392.72998046875
2025-05-21,18872.640625,4802.7099609375,20.8700008392334,,1373.8599853515625
2025-05-22,18925.740234375,4775.47021484375,20.280000686645508,,1381.3399658203125
2025-05-23,18737.2109375,4702.3798828125,22.290000915527344,,
2025-05-25,,,,,1364.72998046875
2025-05-26,,,,,1368.0999755859375
2025-05-27,19199.16015625,4861.08984375,18.959999084472656,,1374.800048828125
2025-05-28,19100.939453125,4834.419921875,19.309999465942383,,1373.5999755859375
2025-05-29,19175.869140625,4860.47998046875,19.18000030517578,,1370.4100341796875
2025-05-30,19113.76953125,4758.06005859375,18.56999969482422,,
2025-06-01,,,,4.33,1381.989990234375
2025-06-02,19242.609375,4832.7900390625,18.360000610351562,,1376.0699462890625
2025-06-03,19398.9609375,4964.41015625,17.690000534057617,,1377.719970703125
2025-06-04,19460.490234375,5033.35009765625,17.610000610351562,,1361.0899658203125
2025-06-05,19298.44921875,5010.919921875,18.479999542236328,,1354.550048828125
2025-06-06,19529.94921875,5038.06005859375,16.770000457763672,,
2025-06-08,,,,,1359.18994140625
2025-06-09,19591.240234375,5136.66015625,17.15999984741211,,1353.8499755859375
2025-06-10,19714.990234375,5242.5,16.950000762939453,,1363.8800048828125
2025-06-11,19615.880859375,5232.52978515625,17.260000228881836,,1365.68994140625
2025-06-12,19662.490234375,5249.14990234375,18.020000457763672,,1349.7900390625
2025-06-13,19406.830078125,5112.240234375,20.81999969482422,,
2025-06-15,,,,,1365.1400146484375
2025-06-16,19701.2109375,5267.2998046875,19.110000610351562,,1357.780029296875
2025-06-17,19521.08984375,5223.64990234375,21.600000381469727,,1380.5
2025-06-18,19546.26953125,5251.02001953125,20.139999389648438,,1370.75
2025-06-19,,,,,1374.8900146484375
2025-06-20,19447.41015625,5211.47998046875,20.6200008392334,,
2025-06-22,,,,,1369.469970703125
2025-06-23,19630.970703125,5244.2998046875,19.829999923706055,,1361.93994140625
2025-06-24,19912.529296875,5441.8701171875,17.479999542236328,,1353.780029296875
2025-06-25,19973.55078125,5493.2998046875,16.760000228881836,,1357.030029296875
2025-06-26,20167.91015625,5541.4599609375,16.59000015258789,,1352.760009765625
2025-06-27,20273.4609375,5544.990234375,16.31999969482422,,
2025-06-29,,,,,1363.5899658203125
2025-06-30,20369.73046875,5546.5400390625,16.729999542236328,,1348.5
2025-07-01,20202.890625,5507.5,16.829999923706055,4.33,1355.5899658203125
2025-07-02,20393.130859375,5611.0498046875,16.639999389648438,,1354.75
2025-07-03,20601.099609375,5647.1201171875,16.3799991607666,,1357.0999755859375
2025-07-06,,,,,1362.199951171875
2025-07-07,20412.51953125,5541.2001953125,17.790000915527344,,1374.6400146484375
2025-07-08,20418.4609375,5641.22021484375,16.809999465942383,,1370.300048828125
2025-07-09,20611.33984375,5665.990234375,15.9399995803833,,1373.0
2025-07-10,20630.66015625,5708.27978515625,15.779999732971191,,1372.6400146484375
2025-07-11,20585.529296875,5696.2900390625,16.399999618530273,,
2025-07-13,,,,,1378.1700439453125
2025-07-14,20640.330078125,5646.72021484375,17.200000762939453,,1382.010009765625
2025-07-15,20677.80078125,5718.60986328125,17.3799991607666,,1386.449951171875
2025-07-16,20730.490234375,5696.2099609375,17.15999984741211,,1384.9200439453125
2025-07-17,20885.650390625,5737.64013671875,16.520000457763672,,1391.5799560546875
2025-07-18,20895.650390625,5732.6201171875,16.40999984741211,,
2025-07-20,,,,,1390.5699462890625
2025-07-21,20974.1796875,5739.419921875,16.649999618530273,,1381.8199462890625
2025-07-22,20892.689453125,5638.7099609375,16.5,,1379.780029296875
2025-07-23,21020.01953125,5637.7900390625,15.369999885559082,,1373.719970703125
2025-07-24,21057.9609375,5644.3701171875,15.390000343322754,,1372.0
2025-07-25,21108.3203125,5645.85986328125,14.930000305175781,,
2025-07-27,,,,,1382.780029296875
2025-07-28,21178.580078125,5737.10009765625,15.029999732971191,,1388.2900390625
2025-07-29,21098.2890625,5739.7900390625,15.979999542236328,,1388.8599853515625
2025-07-30,21129.669921875,5787.31982421875,15.479999542236328,,1392.52001953125
2025-07-31,21122.44921875,5607.919921875,16.719999313354492,,1391.510009765625
2025-08-01,20650.130859375,5527.60986328125,20.3799991607666,4.33,
2025-08-03,,,,,1390.1800537109375
2025-08-04,21053.580078125,5624.41015625,17.520000457763672,,1383.5899658203125
2025-08-05,20916.55078125,5561.68994140625,17.850000381469727,,1386.5799560546875
2025-08-06,21169.419921875,5550.2998046875,16.770000457763672,,1384.3900146484375
2025-08-07,21242.69921875,5633.7001953125,16.56999969482422,,1384.969970703125
2025-08-08,21450.01953125,5678.02001953125,15.149999618530273,,
2025-08-10,,,,,1387.81005859375
2025-08-11,21385.400390625,5670.3701171875,16.25,,1389.7900390625
2025-08-12,21681.900390625,5840.08984375,14.729999542236328,,1383.0899658203125
2025-08-13,21713.140625,5892.60986328125,14.489999771118164,,1378.780029296875
2025-08-14,21710.669921875,5885.490234375,14.829999923706055,,1387.8699951171875
2025-08-15,21622.98046875,5752.740234375,15.09000015258789,,
2025-08-17,,,,,1387.97998046875
2025-08-18,21629.76953125,5776.31005859375,14.989999771118164,,1386.9100341796875
2025-08-19,21314.94921875,5671.509765625,15.569999694824219,,1391.3399658203125
2025-08-20,21172.859375,5630.81982421875,15.6899995803833,,1396.9100341796875
2025-08-21,21100.310546875,5603.259765625,16.600000381469727,,1399.6099853515625
2025-08-22,21496.5390625,5754.4599609375,14.220000267028809,,
2025-08-24,,,,,1382.8900146484375
2025-08-25,21449.2890625,5756.2998046875,14.789999961853027,,1389.050048828125
2025-08-26,21544.26953125,5807.919921875,14.619999885559082,,1393.949951171875
2025-08-27,21590.140625,5824.60986328125,14.850000381469727,,1392.75
2025-08-28,21705.16015625,5853.0498046875,14.430000305175781,,1384.4100341796875
2025-08-29,21455.55078125,5668.93994140625,15.359999656677246,,
2025-08-31,,,,,1388.8399658203125
2025-09-01,,,,4.22,1392.93994140625
2025-09-02,21279.630859375,5605.4599609375,17.170000076293945,,1394.5699462890625
2025-09-03,21497.73046875,5592.81982421875,16.350000381469727,,1389.6300048828125
2025-09-04,21707.689453125,5667.85986328125,15.300000190734863,,1392.06005859375
2025-09-05,21700.390625,5761.39990234375,15.180000305175781,,
2025-09-07,,,,,1385.510009765625
2025-09-08,21798.69921875,5809.60986328125,15.109999656677246,,1385.719970703125
2025-09-09,21879.490234375,5819.830078125,15.039999961853027,,1387.25
2025-09-10,21886.060546875,5958.08984375,15.350000381469727,,1387.199951171875
2025-09-11,22043.0703125,5995.39013671875,14.710000038146973,,1389.5
2025-09-12,22141.099609375,6001.740234375,14.760000228881836,,
2025-09-14,,,,,1393.699951171875
2025-09-15,22348.75,6059.830078125,15.6899995803833,,1385.010009765625
2025-09-16,22333.9609375,6079.22021484375,16.360000610351562,,1377.6400146484375
2025-09-17,22261.330078125,6060.22021484375,15.720000267028809,,1378.68994140625
2025-09-18,22470.720703125,6278.16015625,15.699999809265137,,1386.75
2025-09-19,22631.48046875,6232.25,15.449999809265137,,
2025-09-21,,,,,1396.22998046875
2025-09-22,22788.98046875,6330.1201171875,16.100000381469727,,1389.3900146484375
2025-09-23,22573.470703125,6308.2099609375,16.639999389648438,,1391.8499755859375
2025-09-24,22497.859375,6297.0,16.18000030517578,,1403.6500244140625
2025-09-25,22384.69921875,6284.669921875,16.739999771118164,,1408.9200439453125
2025-09-26,22484.0703125,6305.0498046875,15.289999961853027,,
2025-09-28,,,,,1408.7099609375
2025-09-29,22591.150390625,6315.10986328125,16.1200008392334,,1399.3299560546875
2025-09-30,22660.009765625,6369.81982421875,16.280000686645508,,1403.1500244140625
2025-10-01,22755.16015625,6500.27978515625,16.290000915527344,4.09,1401.8199462890625
2025-10-02,22844.05078125,6626.3798828125,16.6299991607666,,1405.6300048828125
2025-10-03,22780.509765625,6583.740234375,16.649999618530273,,
2025-10-05,,,,,1406.06005859375
2025-10-06,22941.669921875,6774.06005859375,16.3700008392334,,1409.9200439453125
2025-10-07,22788.359375,6634.759765625,17.239999771118164,,1414.5699462890625
2025-10-08,23043.380859375,6860.2001953125,16.299999237060547,,1422.52001953125
2025-10-09,23024.630859375,6840.2001953125,16.43000030517578,,1421.510009765625
2025-10-10,22204.4296875,6407.60009765625,21.65999984741211,,
2025-10-12,,,,,1429.030029296875
2025-10-13,22694.609375,6723.47021484375,19.030000686645508,,1426.0699462890625
2025-10-14,22521.69921875,6570.330078125,20.809999465942383,,1429.4300537109375
2025-10-15,22670.080078125,6767.06005859375,20.639999389648438,,1420.0899658203125
2025-10-16,22562.5390625,6800.02001953125,25.309999465942383,,1415.719970703125
2025-10-17,22679.970703125,6777.97998046875,20.780000686645508,,
2025-10-19,,,,,1419.739990234375
2025-10-20,22990.5390625,6885.02978515625,18.229999542236328,,1419.739990234375
2025-10-21,22953.669921875,6839.27001953125,17.8700008392334,,1430.739990234375
2025-10-22,22740.400390625,6677.56982421875,18.600000381469727,,1430.4000244140625
2025-10-23,22941.80078125,6847.39013671875,17.299999237060547,,1435.8399658203125
2025-10-24,23204.869140625,6976.93994140625,16.3700008392334,,
2025-10-27,23637.4609375,7167.97998046875,15.789999961853027,,1436.969970703125
2025-10-28,23827.490234375,7194.7099609375,16.420000076293945,,1430.969970703125
2025-10-29,23958.470703125,7327.93017578125,16.920000076293945,,1425.969970703125
2025-10-30,23581.140625,7216.0,16.90999984741211,,1424.010009765625
2025-10-31,23724.9609375,7228.66015625,17.440000534057617,,1424.02001953125
2025-11-01,,,,3.88,
2025-11-03,23834.720703125,7270.97021484375,17.170000076293945,,1427.1700439453125
2025-11-04,23348.640625,6979.56982421875,19.0,,1428.969970703125
2025-11-05,23499.80078125,7190.27001953125,18.010000228881836,,1439.81005859375
2025-11-06,23053.990234375,7018.39013671875,19.5,,1439.739990234375
2025-11-07,23004.5390625,6947.35986328125,19.079999923706055,,1447.9000244140625
2025-11-10,23527.169921875,7156.9501953125,17.600000381469727,,1454.0
2025-11-11,23468.30078125,6979.7001953125,17.280000686645508,,1456.0899658203125
2025-11-12,23406.4609375,7082.1298828125,17.510000228881836,,1459.8399658203125
2025-11-13,22870.359375,6818.740234375,20.0,,1468.02001953125
2025-11-14,22900.58984375,6811.2001953125,19.829999923706055,,1468.7099609375
2025-11-17,22708.0703125,6705.740234375,22.3799991607666,,1446.530029296875
2025-11-18,22432.849609375,6551.02978515625,24.690000534057617,,1461.68994140625
2025-11-19,22564.23046875,6670.02978515625,23.65999984741211,,1456.550048828125
2025-11-20,22078.05078125,6352.06982421875,26.420000076293945,,1466.1300048828125
2025-11-21,22273.080078125,6406.43017578125,23.43000030517578,,1473.25
2025-11-24,22872.009765625,6703.2001953125,20.520000457763672,,1467.72998046875
2025-11-25,23025.58984375,6714.18017578125,18.559999465942383,,1474.8599853515625
2025-11-26,23214.689453125,6899.4599609375,17.190000534057617,,1464.9200439453125
2025-11-27,,,,,1470.5899658203125
2025-11-28,23365.689453125,7025.14990234375,16.350000381469727,,1461.4000244140625
2025-12-01,23275.919921875,7020.52978515625,17.239999771118164,3.72,1465.6199951171875
2025-12-02,23413.669921875,7149.47021484375,16.59000015258789,,1470.1700439453125
2025-12-03,23454.08984375,7280.509765625,16.079999923706055,,1467.3599853515625
2025-12-04,23505.140625,7215.97021484375,15.779999732971191,,1465.030029296875
2025-12-05,23578.130859375,7294.83984375,15.40999984741211,,1472.3800048828125
2025-12-08,23545.900390625,7375.22021484375,16.65999984741211,,1471.81005859375
2025-12-09,23576.490234375,7372.509765625,16.93000030517578,,1468.510009765625
2025-12-10,23654.150390625,7467.490234375,15.770000457763672,,1467.9300537109375
2025-12-11,23593.859375,7411.47998046875,14.850000381469727,,1469.0400390625
2025-12-12,23195.169921875,7033.56982421875,15.739999771118164,,1470.8499755859375
2025-12-15,23057.41015625,6990.41015625,16.5,,1472.9100341796875
2025-12-16,23111.4609375,6958.43994140625,16.479999542236328,,1467.47998046875
2025-12-17,22693.3203125,6695.31005859375,17.6200008392334,,1471.739990234375
2025-12-18,23006.359375,6863.6298828125,16.8700008392334,,1474.0
2025-12-19,23307.619140625,7067.8701171875,14.90999984741211,,1474.3599853515625
2025-12-22,23428.830078125,7145.56982421875,14.079999923706055,,1473.719970703125
2025-12-23,23561.83984375,7184.5400390625,14.0,,1476.8399658203125
2025-12-24,23613.310546875,7204.3701171875,13.470000267028809,,1478.6700439453125
2025-12-26,23593.099609375,7207.64013671875,13.600000381469727,,1446.52001953125
2025-12-29,23474.349609375,7178.27001953125,14.199999809265137,,1441.3299560546875
2025-12-30,23419.080078125,7169.10009765625,14.329999923706055,,1434.7099609375
2025-12-31,23241.990234375,7083.1298828125,14.949999809265137,,1437.9100341796875
2026-01-01,,,,3.64,
2026-01-02,23235.630859375,7367.47021484375,14.510000228881836,,1443.6400146484375
2026-01-05,23395.8203125,7446.4501953125,14.899999618530273,,1440.47998046875
2026-01-06,23547.169921875,7650.93017578125,14.75,,1445.56005859375
2026-01-07,23584.279296875,7574.8701171875,15.380000114440918,,1444.9599609375
2026-01-08,23480.01953125,7436.10009765625,15.449999809265137,,1446.1400146484375
2026-01-09,23671.349609375,7638.77978515625,14.489999771118164,,1450.0799560546875
2026-01-12,23733.900390625,7674.83984375,15.119999885559082,,1455.239990234375
2026-01-13,23709.869140625,7747.990234375,15.979999542236328,,1464.9300537109375
2026-01-14,23471.75,7701.47021484375,16.75,,1473.010009765625
2026-01-15,23530.01953125,7837.2998046875,15.84000015258789,,1462.9000244140625
2026-01-16,23515.390625,7927.41015625,15.859999656677246,,1468.8399658203125
2026-01-19,,,,,1471.5799560546875
2026-01-20,22954.3203125,7794.18994140625,20.09000015258789,,1471.52001953125
2026-01-21,23224.8203125,8042.06982421875,16.899999618530273,,1477.780029296875
2026-01-22,23436.01953125,8055.169921875,15.640000343322754,,1464.8299560546875
2026-01-23,23501.240234375,7957.93017578125,16.09000015258789,,1463.260009765625
2026-01-26,23601.359375,7927.0400390625,16.149999618530273,,1444.81005859375
2026-01-27,23817.099609375,8117.18017578125,16.350000381469727,,1440.97998046875
2026-01-28,23857.44921875,8306.740234375,16.350000381469727,,1432.510009765625
2026-01-29,23685.119140625,8320.3896484375,16.8799991607666,,1429.27001953125
2026-01-30,23461.8203125,7998.47021484375,17.440000534057617,,1428.760009765625
2026-02-01,,,,3.64,
2026-02-02,23592.109375,8134.490234375,16.34000015258789,,1448.800048828125
2026-02-03,23255.189453125,7966.330078125,18.0,,1452.5400390625
2026-02-04,22904.580078125,7619.16015625,18.639999389648438,,1446.6800537109375
2026-02-05,22540.58984375,7614.64013671875,21.770000457763672,,1460.1099853515625
2026-02-06,23031.2109375,8048.6201171875,20.3700008392334,,1470.6800537109375
2026-02-09,23238.669921875,8162.580078125,17.360000610351562,,1462.4000244140625
2026-02-10,23102.470703125,8107.1298828125,17.790000915527344,,1458.5400390625
2026-02-11,23066.470703125,8291.8603515625,17.649999618530273,,1455.3299560546875
2026-02-12,22597.150390625,8084.7001953125,20.81999969482422,,1444.18994140625
2026-02-13,22546.669921875,8137.85986328125,20.600000381469727,,1440.9000244140625
2026-02-16,,,,,1439.52001953125
2026-02-17,22578.380859375,8136.0498046875,20.290000915527344,,1440.22998046875
2026-02-18,22753.630859375,8214.349609375,19.6200008392334,,1439.969970703125
2026-02-19,22682.73046875,8173.2998046875,20.229999542236328,,1440.1600341796875
2026-02-20,22886.0703125,8260.419921875,19.09000015258789,,1447.75
2026-02-23,22627.26953125,8213.4599609375,21.010000228881836,,1443.43994140625
2026-02-24,22863.6796875,8332.33984375,19.549999237060547,,1442.199951171875
2026-02-25,23152.080078125,8467.4296875,17.93000030517578,,1439.989990234375
2026-02-26,22878.380859375,8197.259765625,18.6299991607666,,1426.9300537109375
2026-02-27,22668.2109375,8098.3701171875,19.860000610351562,,1432.3199462890625
2026-03-01,,,,3.64,
2026-03-02,22748.859375,8137.35986328125,21.440000534057617,,1438.5
2026-03-03,22516.689453125,7764.8798828125,23.56999969482422,,1452.27001953125
2026-03-04,22807.48046875,7914.47998046875,21.149999618530273,,1483.0699462890625
2026-03-05,22748.990234375,7821.759765625,23.75,,1460.75
2026-03-06,22387.6796875,7514.740234375,29.489999771118164,,1479.510009765625
2026-03-09,22695.94921875,7810.39990234375,25.5,,1483.8900146484375
2026-03-10,22697.099609375,7865.1201171875,24.93000030517578,,1464.469970703125
2026-03-11,22716.130859375,7914.56982421875,24.229999542236328,,1472.780029296875
2026-03-12,22311.98046875,7643.169921875,27.290000915527344,,1475.3399658203125
2026-03-13,22105.359375,7646.64013671875,27.190000534057617,,1470.5799560546875
2026-03-16,22374.1796875,7796.240234375,23.510000228881836,,1501.75
2026-03-17,22479.529296875,7836.830078125,22.3700008392334,,1488.9100341796875
2026-03-18,22152.419921875,7795.1298828125,25.09000015258789,,1484.8699951171875
2026-03-19,22090.689453125,7863.2998046875,24.059999465942383,,1505.25
2026-03-20,21647.609375,7670.60986328125,26.780000686645508,,1489.8399658203125
2026-03-23,21946.759765625,7773.1298828125,26.149999618530273,,1504.2099609375
2026-03-24,21761.890625,7872.7099609375,26.950000762939453,,1485.3599853515625
2026-03-25,21929.8203125,7967.75,25.329999923706055,,1497.31005859375
2026-03-26,21408.080078125,7585.8701171875,27.440000534057617,,1500.969970703125
2026-03-27,20948.359375,7457.669921875,31.049999237060547,,1508.3599853515625
2026-03-29,,,,,1507.02001953125
2026-03-30,20794.640625,7142.330078125,30.610000610351562,,1516.1300048828125
2026-03-31,21590.630859375,7588.2001953125,25.25,,1503.3299560546875
2026-04-01,21840.94921875,7802.31005859375,24.540000915527344,3.64,1512.0899658203125
2026-04-02,21879.1796875,7833.39013671875,23.8700008392334,,1509.219970703125
2026-04-05,,,,,1509.260009765625
2026-04-06,21996.33984375,7916.10986328125,24.170000076293945,,1507.8499755859375
2026-04-07,22017.849609375,8003.8701171875,25.780000686645508,,1499.1300048828125
2026-04-08,22634.990234375,8510.919921875,21.040000915527344,,1477.5999755859375
2026-04-09,22822.419921875,8689.5302734375,19.489999771118164,,1473.280029296875
2026-04-10,22902.890625,8889.830078125,19.229999542236328,,
2026-04-12,,,,,1482.1800537109375
2026-04-13,23183.740234375,9039.51953125,19.1200008392334,,1476.8399658203125
2026-04-14,23639.080078125,9224.1201171875,18.360000610351562,,1469.4200439453125
2026-04-15,24016.01953125,9239.2900390625,18.170000076293945,,1474.06005859375
2026-04-16,24102.69921875,9329.349609375,17.940000534057617,,1477.9200439453125
2026-04-17,24468.48046875,9555.8798828125,17.479999542236328,,
2026-04-19,,,,,1465.1500244140625
2026-04-20,24404.390625,9599.2099609375,18.8700008392334,,1469.260009765625
2026-04-21,24259.9609375,9647.2099609375,19.5,,1485.800048828125
2026-04-22,24657.5703125,9909.26953125,18.920000076293945,,1477.9599609375
2026-04-23,24438.5,10078.5703125,19.309999465942383,,1479.949951171875
2026-04-24,24836.599609375,10513.66015625,18.709999084472656,,
2026-04-26,,,,,1474.68994140625
2026-04-27,24887.099609375,10408.0400390625,18.020000457763672,,1473.0
2026-04-28,24663.80078125,10035.580078125,17.829999923706055,,1471.989990234375
2026-04-29,24673.240234375,10271.2998046875,18.809999465942383,,1487.3800048828125
2026-04-30,24892.310546875,10503.7001953125,16.889999389648438,,1474.010009765625
2026-05-01,25114.439453125,10595.33984375,16.989999771118164,,
2026-05-03,,,,,1471.72998046875
2026-05-04,25067.80078125,10534.66015625,18.290000915527344,,1476.050048828125
2026-05-05,25326.130859375,10980.580078125,17.3799991607666,,1473.9599609375
2026-05-06,25838.939453125,11472.75,17.389999389648438,,1444.449951171875
2026-05-07,25806.19921875,11160.990234375,17.079999923706055,,1454.7900390625
2026-05-08,26247.080078125,11775.5,17.190000534057617,,
2026-05-10,,,,,1460.550048828125
2026-05-11,26274.130859375,12081.0400390625,18.3799991607666,,1474.449951171875
2026-05-12,26088.19921875,11717.259765625,17.989999771118164,,1492.989990234375
2026-05-13,26402.33984375,12017.98046875,17.8700008392334,,1489.8399658203125
2026-05-14,26635.220703125,12073.7802734375,17.260000228881836,,1493.3399658203125
2026-05-15,26225.140625,11588.4599609375,18.43000030517578,,
2026-05-17,,,,,1497.1500244140625
2026-05-18,26090.73046875,11302.51953125,17.81999969482422,,1492.3199462890625
2026-05-19,25870.7109375,11305.5,18.059999465942383,,
2026-05-20,26233.9609375,11776.7607421875,17.6299991607666,,1497.4100341796875
