date,kosdaq
2011-01-03,518.0499877929688
2011-01-04,521.3499755859375
2011-01-05,523.8099975585938
2011-01-06,527.6400146484375
2011-01-07,530.8400268554688
2011-01-10,533.97998046875
2011-01-11,533.6699829101562
2011-01-12,535.4299926757812
2011-01-13,534.27001953125
2011-01-14,535.2000122070312
2011-01-17,533.010009765625
2011-01-18,529.02001953125
2011-01-19,532.969970703125
2011-01-20,533.3599853515625
2011-01-21,525.75
2011-01-24,527.0900268554688
2011-01-25,522.9600219726562
2011-01-26,524.7100219726562
2011-01-27,528.6300048828125
2011-01-28,527.4600219726562
2011-01-31,521.3800048828125
2011-02-01,524.5
2011-02-07,531.0900268554688
2011-02-08,531.469970703125
2011-02-09,525.739990234375
2011-02-10,522.7000122070312
2011-02-11,517.72998046875
2011-02-14,520.3499755859375
2011-02-15,520.8800048828125
2011-02-16,520.0800170898438
2011-02-17,511.0799865722656
2011-02-18,518.5499877929688
2011-02-21,520.5900268554688
2011-02-22,512.0599975585938
2011-02-23,507.1600036621094
2011-02-24,501.1099853515625
2011-02-25,509.3299865722656
2011-02-28,504.4599914550781
2011-03-02,503.4599914550781
2011-03-03,510.94000244140625
2011-03-04,518.7899780273438
2011-03-07,518.77001953125
2011-03-08,524.989990234375
2011-03-09,522.7000122070312
2011-03-10,522.1699829101562
2011-03-11,518.5499877929688
2011-03-14,502.9800109863281
2011-03-15,489.44000244140625
2011-03-16,492.3599853515625
2011-03-17,487.80999755859375
2011-03-18,494.7900085449219
2011-03-21,506.5299987792969
2011-03-22,507.79998779296875
2011-03-23,510.1700134277344
2011-03-24,513.7000122070312
2011-03-25,514.5700073242188
2011-03-28,512.739990234375
2011-03-29,514.1900024414062
2011-03-30,520.2100219726562
2011-03-31,525.4199829101562
2011-04-01,532.0599975585938
2011-04-04,534.9000244140625
2011-04-05,537.6599731445312
2011-04-06,533.97998046875
2011-04-07,534.969970703125
2011-04-08,534.2000122070312
2011-04-11,533.1099853515625
2011-04-12,525.1099853515625
2011-04-13,528.7000122070312
2011-04-14,531.469970703125
2011-04-15,534.5800170898438
2011-04-18,528.52001953125
2011-04-19,526.6199951171875
2011-04-20,532.25
2011-04-21,529.5800170898438
2011-04-22,525.260009765625
2011-04-25,528.5999755859375
2011-04-26,521.6799926757812
2011-04-27,518.3900146484375
2011-04-28,514.6699829101562
2011-04-29,511.0
2011-05-02,516.760009765625
2011-05-03,512.510009765625
2011-05-04,510.5299987792969
2011-05-06,506.4200134277344
2011-05-09,504.3699951171875
2011-05-11,505.17999267578125
2011-05-12,504.4599914550781
2011-05-13,507.2799987792969
2011-05-16,506.07000732421875
2011-05-17,501.7200012207031
2011-05-18,498.94000244140625
2011-05-19,487.0299987792969
2011-05-20,486.239990234375
2011-05-23,472.94000244140625
2011-05-24,474.32000732421875
2011-05-25,471.2300109863281
2011-05-26,479.9599914550781
2011-05-27,483.2200012207031
2011-05-30,480.5199890136719
2011-05-31,484.5400085449219
2011-06-01,483.2300109863281
2011-06-02,477.8299865722656
2011-06-03,476.1000061035156
2011-06-07,472.79998779296875
2011-06-08,469.1499938964844
2011-06-09,473.4700012207031
2011-06-10,466.9100036621094
2011-06-13,458.1499938964844
2011-06-14,462.2900085449219
2011-06-15,464.8299865722656
2011-06-16,460.5400085449219
2011-06-17,459.3299865722656
2011-06-20,457.2300109863281
2011-06-21,459.57000732421875
2011-06-22,463.7699890136719
2011-06-23,464.6199951171875
2011-06-24,473.6600036621094
2011-06-27,475.42999267578125
2011-06-28,474.6499938964844
2011-06-29,476.57000732421875
2011-06-30,479.54998779296875
2011-07-01,484.1099853515625
2011-07-04,489.29998779296875
2011-07-05,492.3699951171875
2011-07-06,492.94000244140625
2011-07-07,495.5199890136719
2011-07-08,496.82000732421875
2011-07-11,498.3699951171875
2011-07-12,490.6300048828125
2011-07-13,494.9700012207031
2011-07-14,497.17999267578125
2011-07-15,507.0
2011-07-18,517.9299926757812
2011-07-19,524.47998046875
2011-07-20,526.6099853515625
2011-07-21,524.5399780273438
2011-07-22,531.239990234375
2011-07-25,529.9000244140625
2011-07-26,535.8499755859375
2011-07-27,538.1199951171875
2011-07-28,538.5399780273438
2011-07-29,536.0499877929688
2011-08-01,544.3900146484375
2011-08-02,538.0599975585938
2011-08-03,531.9099731445312
2011-08-04,522.0700073242188
2011-08-05,495.54998779296875
2011-08-08,462.69000244140625
2011-08-09,432.8800048828125
2011-08-10,453.54998779296875
2011-08-11,469.239990234375
2011-08-12,474.1499938964844
2011-08-16,496.2300109863281
2011-08-17,506.44000244140625
2011-08-18,507.79998779296875
2011-08-19,474.6499938964844
2011-08-22,465.8999938964844
2011-08-23,479.75
2011-08-24,474.2900085449219
2011-08-25,471.5
2011-08-26,473.30999755859375
2011-08-29,483.2699890136719
2011-08-30,488.489990234375
2011-08-31,493.44000244140625
2011-09-01,490.2200012207031
2011-09-02,494.4700012207031
2011-09-05,480.42999267578125
2011-09-06,465.3500061035156
2011-09-07,479.1700134277344
2011-09-08,475.29998779296875
2011-09-09,470.94000244140625
2011-09-14,452.29998779296875
2011-09-15,454.95001220703125
2011-09-16,467.8399963378906
2011-09-19,462.8399963378906
2011-09-20,470.1099853515625
2011-09-21,477.510009765625
2011-09-22,471.4100036621094
2011-09-23,446.510009765625
2011-09-26,409.54998779296875
2011-09-27,433.4100036621094
2011-09-28,434.20001220703125
2011-09-29,443.260009765625
2011-09-30,449.6600036621094
2011-10-04,436.1300048828125
2011-10-05,421.17999267578125
2011-10-06,431.17999267578125
2011-10-07,442.6400146484375
2011-10-10,453.9100036621094
2011-10-11,459.05999755859375
2011-10-12,467.6499938964844
2011-10-13,473.55999755859375
2011-10-14,473.8900146484375
2011-10-17,485.3800048828125
2011-10-18,483.42999267578125
2011-10-19,488.1700134277344
2011-10-20,469.9800109863281
2011-10-21,481.2200012207031
2011-10-24,493.0299987792969
2011-10-25,492.69000244140625
2011-10-26,497.510009765625
2011-10-27,497.0400085449219
2011-10-28,490.5899963378906
2011-10-31,490.69000244140625
2011-11-01,492.3599853515625
2011-11-02,493.489990234375
2011-11-03,487.9100036621094
2011-11-04,502.79998779296875
2011-11-07,509.7699890136719
2011-11-08,507.1099853515625
2011-11-09,509.4100036621094
2011-11-10,488.7699890136719
2011-11-11,500.0799865722656
2011-11-14,510.0899963378906
2011-11-15,508.3299865722656
2011-11-16,497.5799865722656
2011-11-17,506.5400085449219
2011-11-18,503.0899963378906
2011-11-21,498.3599853515625
2011-11-22,505.69000244140625
2011-11-23,490.489990234375
2011-11-24,489.4800109863281
2011-11-25,479.54998779296875
2011-11-28,486.3599853515625
2011-11-29,492.7300109863281
2011-11-30,492.80999755859375
2011-12-01,496.3299865722656
2011-12-02,498.3299865722656
2011-12-05,505.82000732421875
2011-12-06,502.5899963378906
2011-12-07,505.67999267578125
2011-12-08,508.6499938964844
2011-12-09,507.6000061035156
2011-12-12,515.219970703125
2011-12-13,511.29998779296875
2011-12-14,508.3800048828125
2011-12-15,497.760009765625
2011-12-16,504.5799865722656
2011-12-19,477.6099853515625
2011-12-20,489.6099853515625
2011-12-21,500.6400146484375
2011-12-22,501.5400085449219
2011-12-23,502.3599853515625
2011-12-26,501.3699951171875
2011-12-27,491.6400146484375
2011-12-28,495.2200012207031
2011-12-29,500.17999267578125
2012-01-02,506.7900085449219
2012-01-03,513.8300170898438
2012-01-04,516.2999877929688
2012-01-05,521.9600219726562
2012-01-06,518.9400024414062
2012-01-09,520.280029296875
2012-01-10,525.739990234375
2012-01-11,518.5800170898438
2012-01-12,520.3400268554688
2012-01-13,523.1300048828125
2012-01-16,519.8499755859375
2012-01-17,519.5800170898438
2012-01-18,513.2000122070312
2012-01-19,515.7000122070312
2012-01-20,512.1699829101562
2012-01-25,511.4700012207031
2012-01-26,516.4500122070312
2012-01-27,515.8099975585938
2012-01-30,510.3299865722656
2012-01-31,513.989990234375
2012-02-01,519.25
2012-02-02,522.0800170898438
2012-02-03,522.5900268554688
2012-02-06,517.0999755859375
2012-02-07,519.0700073242188
2012-02-08,520.9500122070312
2012-02-09,524.27001953125
2012-02-10,528.6699829101562
2012-02-13,533.1900024414062
2012-02-14,535.3599853515625
2012-02-15,537.8599853515625
2012-02-16,535.2999877929688
2012-02-17,540.1400146484375
2012-02-20,540.3300170898438
2012-02-21,543.0599975585938
2012-02-22,544.2000122070312
2012-02-23,541.1300048828125
2012-02-24,544.1400146484375
2012-02-27,538.3400268554688
2012-02-28,540.3499755859375
2012-02-29,542.2999877929688
2012-03-02,543.969970703125
2012-03-05,539.739990234375
2012-03-06,533.6199951171875
2012-03-07,532.47998046875
2012-03-08,535.760009765625
2012-03-09,539.5499877929688
2012-03-12,536.1099853515625
2012-03-13,538.4600219726562
2012-03-14,538.8599853515625
2012-03-15,538.3099975585938
2012-03-16,539.780029296875
2012-03-19,539.8300170898438
2012-03-20,535.5499877929688
2012-03-21,533.9299926757812
2012-03-22,527.9000244140625
2012-03-23,527.469970703125
2012-03-26,523.3900146484375
2012-03-27,521.739990234375
2012-03-28,519.5599975585938
2012-03-29,514.2100219726562
2012-03-30,519.5599975585938
2012-04-02,521.7999877929688
2012-04-03,515.8300170898438
2012-04-04,502.9700012207031
2012-04-05,503.3399963378906
2012-04-06,503.4100036621094
2012-04-09,486.79998779296875
2012-04-10,484.7699890136719
2012-04-12,485.7099914550781
2012-04-13,499.4599914550781
2012-04-16,501.0899963378906
2012-04-17,500.3800048828125
2012-04-18,503.6300048828125
2012-04-19,501.9200134277344
2012-04-20,497.55999755859375
2012-04-23,495.0199890136719
2012-04-24,487.6199951171875
2012-04-25,483.4800109863281
2012-04-26,476.6199951171875
2012-04-27,479.0799865722656
2012-04-30,478.8900146484375
2012-05-02,485.5400085449219
2012-05-03,487.44000244140625
2012-05-04,490.5299987792969
2012-05-07,487.010009765625
2012-05-08,494.6000061035156
2012-05-09,491.55999755859375
2012-05-10,494.2699890136719
2012-05-11,493.6600036621094
2012-05-14,488.5299987792969
2012-05-15,480.5
2012-05-16,465.010009765625
2012-05-17,468.1300048828125
2012-05-18,448.67999267578125
2012-05-21,448.8900146484375
2012-05-22,461.45001220703125
2012-05-23,455.8999938964844
2012-05-24,455.7200012207031
2012-05-25,462.3999938964844
2012-05-29,470.0199890136719
2012-05-30,469.6199951171875
2012-05-31,471.94000244140625
2012-06-01,472.1300048828125
2012-06-04,450.8399963378906
2012-06-05,456.67999267578125
2012-06-07,466.17999267578125
2012-06-08,461.989990234375
2012-06-11,469.5899963378906
2012-06-12,471.9700012207031
2012-06-13,470.9599914550781
2012-06-14,472.0299987792969
2012-06-15,467.75
2012-06-18,475.260009765625
2012-06-19,478.3599853515625
2012-06-20,484.54998779296875
2012-06-21,485.17999267578125
2012-06-22,485.19000244140625
2012-06-25,484.44000244140625
2012-06-26,484.3399963378906
2012-06-27,483.0299987792969
2012-06-28,485.9100036621094
2012-06-29,489.1600036621094
2012-07-02,490.42999267578125
2012-07-03,493.9100036621094
2012-07-04,495.80999755859375
2012-07-05,497.3399963378906
2012-07-06,497.2099914550781
2012-07-09,495.2300109863281
2012-07-10,492.3399963378906
2012-07-11,491.92999267578125
2012-07-12,486.3800048828125
2012-07-13,484.32000732421875
2012-07-16,483.5
2012-07-17,480.6099853515625
2012-07-18,472.8800048828125
2012-07-19,478.67999267578125
2012-07-20,481.8299865722656
2012-07-23,472.239990234375
2012-07-24,468.2799987792969
2012-07-25,454.7200012207031
2012-07-26,457.8599853515625
2012-07-27,464.7200012207031
2012-07-30,465.4599914550781
2012-07-31,467.6099853515625
2012-08-01,468.5299987792969
2012-08-02,466.6300048828125
2012-08-03,465.2799987792969
2012-08-06,469.6099853515625
2012-08-07,471.6000061035156
2012-08-08,471.4200134277344
2012-08-09,474.04998779296875
2012-08-10,475.510009765625
2012-08-13,478.3999938964844
2012-08-14,480.739990234375
2012-08-16,485.32000732421875
2012-08-17,487.260009765625
2012-08-20,490.1300048828125
2012-08-21,491.7200012207031
2012-08-22,492.8900146484375
2012-08-23,499.3399963378906
2012-08-24,497.510009765625
2012-08-27,493.8299865722656
2012-08-28,499.5299987792969
2012-08-29,505.32000732421875
2012-08-30,505.6400146484375
2012-08-31,508.3500061035156
2012-09-03,512.4500122070312
2012-09-04,507.4100036621094
2012-09-05,505.3900146484375
2012-09-06,506.7200012207031
2012-09-07,510.8699951171875
2012-09-10,512.1099853515625
2012-09-11,514.4199829101562
2012-09-12,517.52001953125
2012-09-13,520.47998046875
2012-09-14,519.1400146484375
2012-09-17,519.0
2012-09-18,523.52001953125
2012-09-19,528.0599975585938
2012-09-20,528.0599975585938
2012-09-21,531.489990234375
2012-09-24,532.280029296875
2012-09-25,522.9600219726562
2012-09-26,520.7100219726562
2012-09-27,518.2899780273438
2012-09-28,523.780029296875
2012-10-02,527.5599975585938
2012-10-04,531.4400024414062
2012-10-05,535.8200073242188
2012-10-08,537.7899780273438
2012-10-09,540.4299926757812
2012-10-10,533.8599853515625
2012-10-11,534.9500122070312
2012-10-12,539.8599853515625
2012-10-15,529.3300170898438
2012-10-16,530.22998046875
2012-10-17,528.219970703125
2012-10-18,514.1599731445312
2012-10-19,518.8099975585938
2012-10-22,523.0
2012-10-23,524.1500244140625
2012-10-24,524.3499755859375
2012-10-25,518.25
2012-10-26,505.5
2012-10-29,494.8800048828125
2012-10-30,502.30999755859375
2012-10-31,508.30999755859375
2012-11-01,508.8299865722656
2012-11-02,513.3699951171875
2012-11-05,515.1400146484375
2012-11-06,517.530029296875
2012-11-07,518.4500122070312
2012-11-08,519.0399780273438
2012-11-09,519.9000244140625
2012-11-12,521.4299926757812
2012-11-13,513.7999877929688
2012-11-14,503.239990234375
2012-11-15,493.8399963378906
2012-11-16,482.989990234375
2012-11-19,493.1400146484375
2012-11-20,496.6600036621094
2012-11-21,492.19000244140625
2012-11-22,497.0299987792969
2012-11-23,498.82000732421875
2012-11-26,496.239990234375
2012-11-27,493.6300048828125
2012-11-28,494.4800109863281
2012-11-29,496.7300109863281
2012-11-30,499.3699951171875
2012-12-03,498.9700012207031
2012-12-04,502.7099914550781
2012-12-05,496.5
2012-12-06,488.0299987792969
2012-12-07,489.2200012207031
2012-12-10,489.5899963378906
2012-12-11,481.5899963378906
2012-12-12,485.3299865722656
2012-12-13,490.1499938964844
2012-12-14,491.6499938964844
2012-12-17,485.4800109863281
2012-12-18,483.19000244140625
2012-12-20,479.2099914550781
2012-12-21,478.05999755859375
2012-12-24,483.760009765625
2012-12-26,482.760009765625
2012-12-27,492.0799865722656
2012-12-28,496.32000732421875
2013-01-02,501.6099853515625
2013-01-03,499.07000732421875
2013-01-04,504.8399963378906
2013-01-07,508.7200012207031
2013-01-08,509.010009765625
2013-01-09,511.94000244140625
2013-01-10,514.47998046875
2013-01-11,515.4199829101562
2013-01-14,513.4400024414062
2013-01-15,508.0199890136719
2013-01-16,507.67999267578125
2013-01-17,506.3500061035156
2013-01-18,512.239990234375
2013-01-21,514.6599731445312
2013-01-22,516.5900268554688
2013-01-23,513.260009765625
2013-01-24,508.6300048828125
2013-01-25,506.8299865722656
2013-01-28,504.20001220703125
2013-01-29,505.3500061035156
2013-01-30,502.79998779296875
2013-01-31,503.6700134277344
2013-02-01,503.30999755859375
2013-02-04,501.32000732421875
2013-02-05,498.1600036621094
2013-02-06,502.55999755859375
2013-02-07,501.7799987792969
2013-02-08,504.94000244140625
2013-02-12,503.7200012207031
2013-02-13,507.989990234375
2013-02-14,512.530029296875
2013-02-15,514.5800170898438
2013-02-18,518.52001953125
2013-02-19,522.489990234375
2013-02-20,525.6900024414062
2013-02-21,524.4400024414062
2013-02-22,528.3599853515625
2013-02-25,527.27001953125
2013-02-26,528.5599975585938
2013-02-27,533.3599853515625
2013-02-28,535.8699951171875
2013-03-04,537.3800048828125
2013-03-05,543.9600219726562
2013-03-06,544.3599853515625
2013-03-07,541.2999877929688
2013-03-08,543.0999755859375
2013-03-11,540.4400024414062
2013-03-12,543.8800048828125
2013-03-13,549.72998046875
2013-03-14,553.5800170898438
2013-03-15,554.8099975585938
2013-03-18,541.0900268554688
2013-03-19,550.010009765625
2013-03-20,546.260009765625
2013-03-21,544.5599975585938
2013-03-22,551.25
2013-03-25,549.5599975585938
2013-03-26,549.9000244140625
2013-03-27,548.719970703125
2013-03-28,552.6400146484375
2013-03-29,555.02001953125
2013-04-01,553.969970703125
2013-04-02,552.8300170898438
2013-04-03,557.9600219726562
2013-04-04,555.22998046875
2013-04-05,547.510009765625
2013-04-08,528.780029296875
2013-04-09,528.1500244140625
2013-04-10,534.8400268554688
2013-04-11,544.2999877929688
2013-04-12,547.1900024414062
2013-04-15,553.989990234375
2013-04-16,558.9500122070312
2013-04-17,558.5399780273438
2013-04-18,551.0999755859375
2013-04-19,541.4600219726562
2013-04-22,547.0999755859375
2013-04-23,554.3699951171875
2013-04-24,563.8099975585938
2013-04-25,559.4000244140625
2013-04-26,565.3499755859375
2013-04-29,568.3599853515625
2013-04-30,563.8699951171875
2013-05-02,560.47998046875
2013-05-03,565.3300170898438
2013-05-06,567.1300048828125
2013-05-07,573.6799926757812
2013-05-08,576.7000122070312
2013-05-09,573.3499755859375
2013-05-10,569.7000122070312
2013-05-13,565.719970703125
2013-05-14,560.469970703125
2013-05-15,565.6500244140625
2013-05-16,566.0599975585938
2013-05-20,567.3200073242188
2013-05-21,572.6900024414062
2013-05-22,574.25
2013-05-23,569.3400268554688
2013-05-24,574.0599975585938
2013-05-27,577.5599975585938
2013-05-28,585.760009765625
2013-05-29,585.6900024414062
2013-05-30,581.1300048828125
2013-05-31,577.8699951171875
2013-06-03,569.4099731445312
2013-06-04,561.5499877929688
2013-06-05,549.0900268554688
2013-06-07,535.75
2013-06-10,547.0
2013-06-11,547.8699951171875
2013-06-12,546.2000122070312
2013-06-13,540.8200073242188
2013-06-14,536.0399780273438
2013-06-17,524.5
2013-06-18,534.260009765625
2013-06-19,531.4099731445312
2013-06-20,525.5900268554688
2013-06-21,520.8900146484375
2013-06-24,508.6499938964844
2013-06-25,480.9599914550781
2013-06-26,493.07000732421875
2013-06-27,512.25
2013-06-28,519.0599975585938
2013-07-01,527.8099975585938
2013-07-02,526.9199829101562
2013-07-03,521.3099975585938
2013-07-04,525.219970703125
2013-07-05,525.4000244140625
2013-07-08,515.8499755859375
2013-07-09,519.3400268554688
2013-07-10,515.6400146484375
2013-07-11,527.25
2013-07-12,532.469970703125
2013-07-15,531.6699829101562
2013-07-16,537.719970703125
2013-07-17,541.8200073242188
2013-07-18,541.5599975585938
2013-07-19,541.8699951171875
2013-07-22,541.1400146484375
2013-07-23,541.6400146484375
2013-07-24,543.5999755859375
2013-07-25,541.9400024414062
2013-07-26,545.3099975585938
2013-07-29,540.97998046875
2013-07-30,546.4299926757812
2013-07-31,554.3099975585938
2013-08-01,549.52001953125
2013-08-02,551.760009765625
2013-08-05,556.5999755859375
2013-08-06,557.3599853515625
2013-08-07,554.72998046875
2013-08-08,555.2999877929688
2013-08-09,554.9299926757812
2013-08-12,550.25
2013-08-13,550.8499755859375
2013-08-14,550.8699951171875
2013-08-16,548.7899780273438
2013-08-19,550.489990234375
2013-08-20,537.5700073242188
2013-08-21,530.5399780273438
2013-08-22,517.6400146484375
2013-08-23,529.1900024414062
2013-08-26,533.72998046875
2013-08-27,524.3900146484375
2013-08-28,517.4400024414062
2013-08-29,520.3699951171875
2013-08-30,516.739990234375
2013-09-02,525.1799926757812
2013-09-03,525.8900146484375
2013-09-04,526.1599731445312
2013-09-05,528.0599975585938
2013-09-06,523.77001953125
2013-09-09,521.1099853515625
2013-09-10,523.1500244140625
2013-09-11,529.3400268554688
2013-09-12,529.5800170898438
2013-09-13,530.8900146484375
2013-09-16,526.2000122070312
2013-09-17,527.1099853515625
2013-09-23,527.0700073242188
2013-09-24,527.2899780273438
2013-09-25,527.27001953125
2013-09-26,532.8300170898438
2013-09-27,537.5
2013-09-30,534.8900146484375
2013-10-01,530.3499755859375
2013-10-02,532.02001953125
2013-10-04,532.010009765625
2013-10-07,528.4400024414062
2013-10-08,528.8300170898438
2013-10-10,529.0399780273438
2013-10-11,532.5999755859375
2013-10-14,531.6599731445312
2013-10-15,533.1199951171875
2013-10-16,525.6799926757812
2013-10-17,521.52001953125
2013-10-18,525.6900024414062
2013-10-21,529.3400268554688
2013-10-22,531.8900146484375
2013-10-23,525.3800048828125
2013-10-24,531.030029296875
2013-10-25,534.02001953125
2013-10-28,534.97998046875
2013-10-29,533.9099731445312
2013-10-30,537.6799926757812
2013-10-31,532.4400024414062
2013-11-01,534.739990234375
2013-11-04,533.6400146484375
2013-11-05,528.72998046875
2013-11-06,525.989990234375
2013-11-07,520.6500244140625
2013-11-08,515.739990234375
2013-11-11,502.94000244140625
2013-11-12,510.7300109863281
2013-11-13,505.6000061035156
2013-11-14,511.75
2013-11-15,512.739990234375
2013-11-18,509.5400085449219
2013-11-19,505.5
2013-11-20,504.1600036621094
2013-11-21,501.04998779296875
2013-11-22,504.05999755859375
2013-11-25,507.760009765625
2013-11-26,510.5400085449219
2013-11-27,511.6499938964844
2013-11-28,515.52001953125
2013-11-29,517.0599975585938
2013-12-02,512.6900024414062
2013-12-03,508.1600036621094
2013-12-04,506.2799987792969
2013-12-05,506.32000732421875
2013-12-06,506.32000732421875
2013-12-09,502.2300109863281
2013-12-10,497.7200012207031
2013-12-11,494.7799987792969
2013-12-12,495.6400146484375
2013-12-13,494.3599853515625
2013-12-16,488.19000244140625
2013-12-17,486.1499938964844
2013-12-18,485.6499938964844
2013-12-19,484.1700134277344
2013-12-20,488.4100036621094
2013-12-23,489.6300048828125
2013-12-24,491.0799865722656
2013-12-26,488.8699951171875
2013-12-27,496.7699890136719
2013-12-30,499.989990234375
2014-01-02,496.2799987792969
2014-01-03,499.3299865722656
2014-01-06,500.6199951171875
2014-01-07,504.8599853515625
2014-01-08,509.7799987792969
2014-01-09,511.6000061035156
2014-01-10,510.19000244140625
2014-01-13,512.9199829101562
2014-01-14,512.27001953125
2014-01-15,515.969970703125
2014-01-16,517.8300170898438
2014-01-17,518.0999755859375
2014-01-20,519.989990234375
2014-01-21,520.989990234375
2014-01-22,523.0700073242188
2014-01-23,522.719970703125
2014-01-24,520.3099975585938
2014-01-27,507.510009765625
2014-01-28,509.2900085449219
2014-01-29,515.2000122070312
2014-02-03,513.6199951171875
2014-02-04,507.55999755859375
2014-02-05,505.6199951171875
2014-02-06,509.8699951171875
2014-02-07,514.4500122070312
2014-02-10,518.469970703125
2014-02-11,518.9000244140625
2014-02-12,520.6400146484375
2014-02-13,521.8200073242188
2014-02-14,522.5800170898438
2014-02-17,522.0
2014-02-18,525.4199829101562
2014-02-19,529.8699951171875
2014-02-20,525.6900024414062
2014-02-21,528.510009765625
2014-02-24,526.3400268554688
2014-02-25,528.6099853515625
2014-02-26,529.22998046875
2014-02-27,528.3699951171875
2014-02-28,528.9600219726562
2014-03-03,529.8599853515625
2014-03-04,531.5399780273438
2014-03-05,536.77001953125
2014-03-06,540.3300170898438
2014-03-07,543.760009765625
2014-03-10,542.1900024414062
2014-03-11,547.6799926757812
2014-03-12,539.2999877929688
2014-03-13,547.510009765625
2014-03-14,544.27001953125
2014-03-17,535.8200073242188
2014-03-18,541.1500244140625
2014-03-19,542.25
2014-03-20,541.7899780273438
2014-03-21,546.8099975585938
2014-03-24,545.5999755859375
2014-03-25,539.0499877929688
2014-03-26,544.1300048828125
2014-03-27,541.4600219726562
2014-03-28,544.0999755859375
2014-03-31,541.5800170898438
2014-04-01,549.0800170898438
2014-04-02,557.6500244140625
2014-04-03,557.010009765625
2014-04-04,560.4400024414062
2014-04-07,554.22998046875
2014-04-08,554.0700073242188
2014-04-09,552.219970703125
2014-04-10,555.0999755859375
2014-04-11,555.8699951171875
2014-04-14,562.0399780273438
2014-04-15,562.1099853515625
2014-04-16,565.9600219726562
2014-04-17,565.75
2014-04-18,571.22998046875
2014-04-21,569.280029296875
2014-04-22,570.97998046875
2014-04-23,565.469970703125
2014-04-24,561.1199951171875
2014-04-25,556.47998046875
2014-04-28,556.9600219726562
2014-04-29,556.969970703125
2014-04-30,559.3400268554688
2014-05-02,558.6599731445312
2014-05-07,550.3499755859375
2014-05-08,546.8900146484375
2014-05-09,550.1900024414062
2014-05-12,551.4000244140625
2014-05-13,557.1599731445312
2014-05-14,560.2999877929688
2014-05-15,561.75
2014-05-16,557.5900268554688
2014-05-19,546.8099975585938
2014-05-20,542.9600219726562
2014-05-21,545.5900268554688
2014-05-22,546.75
2014-05-23,549.7000122070312
2014-05-26,548.8300170898438
2014-05-27,547.969970703125
2014-05-28,549.9600219726562
2014-05-29,549.6099853515625
2014-05-30,546.530029296875
2014-06-02,535.1500244140625
2014-06-03,531.280029296875
2014-06-05,523.1199951171875
2014-06-09,524.030029296875
2014-06-10,532.6400146484375
2014-06-11,533.2999877929688
2014-06-12,536.1400146484375
2014-06-13,536.3400268554688
2014-06-16,536.02001953125
2014-06-17,537.9000244140625
2014-06-18,537.0499877929688
2014-06-19,536.7899780273438
2014-06-20,536.6900024414062
2014-06-23,529.9600219726562
2014-06-24,529.489990234375
2014-06-25,527.260009765625
2014-06-26,530.0399780273438
2014-06-27,531.4299926757812
2014-06-30,537.0599975585938
2014-07-01,544.9000244140625
2014-07-02,549.030029296875
2014-07-03,550.6799926757812
2014-07-04,552.9000244140625
2014-07-07,553.1500244140625
2014-07-08,554.9000244140625
2014-07-09,555.8400268554688
2014-07-10,559.3200073242188
2014-07-11,556.5800170898438
2014-07-14,561.5
2014-07-15,559.1500244140625
2014-07-16,555.27001953125
2014-07-17,558.9400024414062
2014-07-18,560.260009765625
2014-07-21,561.75
2014-07-22,564.9299926757812
2014-07-23,563.1400146484375
2014-07-24,559.6699829101562
2014-07-25,562.780029296875
2014-07-28,552.97998046875
2014-07-29,541.8200073242188
2014-07-30,541.8099975585938
2014-07-31,536.3200073242188
2014-08-01,541.0900268554688
2014-08-04,549.6099853515625
2014-08-05,547.75
2014-08-06,548.4299926757812
2014-08-07,547.1099853515625
2014-08-08,544.239990234375
2014-08-11,546.2999877929688
2014-08-12,545.760009765625
2014-08-13,551.72998046875
2014-08-14,558.1799926757812
2014-08-18,561.0999755859375
2014-08-19,562.6599731445312
2014-08-20,561.9600219726562
2014-08-21,562.52001953125
2014-08-22,566.3499755859375
2014-08-25,564.4000244140625
2014-08-26,568.239990234375
2014-08-27,567.22998046875
2014-08-28,570.239990234375
2014-08-29,570.2000122070312
2014-09-01,566.9500122070312
2014-09-02,568.739990234375
2014-09-03,571.4000244140625
2014-09-04,568.9000244140625
2014-09-05,572.3699951171875
2014-09-11,573.7000122070312
2014-09-12,570.6500244140625
2014-09-15,565.77001953125
2014-09-16,572.3599853515625
2014-09-17,574.97998046875
2014-09-18,576.969970703125
2014-09-19,581.3800048828125
2014-09-22,577.3499755859375
2014-09-23,575.5599975585938
2014-09-24,580.4199829101562
2014-09-25,577.47998046875
2014-09-26,577.6599731445312
2014-09-29,569.27001953125
2014-09-30,573.219970703125
2014-10-01,566.989990234375
2014-10-02,569.8400268554688
2014-10-06,566.27001953125
2014-10-07,562.8200073242188
2014-10-08,566.739990234375
2014-10-10,555.9500122070312
2014-10-13,534.3099975585938
2014-10-14,544.0499877929688
2014-10-15,545.510009765625
2014-10-16,545.489990234375
2014-10-17,547.7000122070312
2014-10-20,556.010009765625
2014-10-21,557.5399780273438
2014-10-22,564.52001953125
2014-10-23,564.3099975585938
2014-10-24,560.6599731445312
2014-10-27,559.9199829101562
2014-10-28,562.2899780273438
2014-10-29,561.030029296875
2014-10-30,557.8599853515625
2014-10-31,558.7000122070312
2014-11-03,552.469970703125
2014-11-04,542.1599731445312
2014-11-05,540.27001953125
2014-11-06,531.8099975585938
2014-11-07,539.9000244140625
2014-11-10,539.219970703125
2014-11-11,545.1300048828125
2014-11-12,546.4600219726562
2014-11-13,547.7000122070312
2014-11-14,541.9299926757812
2014-11-17,531.1799926757812
2014-11-18,536.2000122070312
2014-11-19,540.8400268554688
2014-11-20,539.9299926757812
2014-11-21,543.97998046875
2014-11-24,541.9299926757812
2014-11-25,546.3400268554688
2014-11-26,547.3400268554688
2014-11-27,545.969970703125
2014-11-28,545.0800170898438
2014-12-01,539.4500122070312
2014-12-02,541.530029296875
2014-12-03,545.02001953125
2014-12-04,548.1599731445312
2014-12-05,550.8499755859375
2014-12-08,551.4000244140625
2014-12-09,546.5700073242188
2014-12-10,541.9600219726562
2014-12-11,537.2100219726562
2014-12-12,533.6699829101562
2014-12-15,538.0900268554688
2014-12-16,534.1500244140625
2014-12-17,533.0599975585938
2014-12-18,527.52001953125
2014-12-19,535.510009765625
2014-12-22,536.780029296875
2014-12-23,534.6500244140625
2014-12-24,536.8900146484375
2014-12-26,535.1699829101562
2014-12-29,539.219970703125
2014-12-30,542.969970703125
2015-01-02,553.72998046875
2015-01-05,561.25
2015-01-06,558.9000244140625
2015-01-07,561.3200073242188
2015-01-08,566.4299926757812
2015-01-09,572.989990234375
2015-01-12,574.760009765625
2015-01-13,571.0
2015-01-14,574.1699829101562
2015-01-15,581.3900146484375
2015-01-16,577.4099731445312
2015-01-19,577.9400024414062
2015-01-20,582.27001953125
2015-01-21,584.3400268554688
2015-01-22,578.4199829101562
2015-01-23,589.3099975585938
2015-01-26,590.3400268554688
2015-01-27,587.8400268554688
2015-01-28,594.3900146484375
2015-01-29,593.1199951171875
2015-01-30,591.5800170898438
2015-02-02,590.27001953125
2015-02-03,593.3099975585938
2015-02-04,598.22998046875
2015-02-05,600.8099975585938
2015-02-06,604.1300048828125
2015-02-09,593.75
2015-02-10,592.9500122070312
2015-02-11,601.4099731445312
2015-02-12,602.239990234375
2015-02-13,608.0700073242188
2015-02-16,610.1599731445312
2015-02-17,609.0999755859375
2015-02-23,615.52001953125
2015-02-24,621.3099975585938
2015-02-25,616.5700073242188
2015-02-26,617.0800170898438
2015-02-27,624.5599975585938
2015-03-02,621.8099975585938
2015-03-03,625.6400146484375
2015-03-04,630.3499755859375
2015-03-05,631.4299926757812
2015-03-06,635.8400268554688
2015-03-09,629.260009765625
2015-03-10,621.989990234375
2015-03-11,619.6099853515625
2015-03-12,628.1500244140625
2015-03-13,634.25
2015-03-16,635.4000244140625
2015-03-17,636.0499877929688
2015-03-18,628.989990234375
2015-03-19,631.8099975585938
2015-03-20,640.0800170898438
2015-03-23,640.2899780273438
2015-03-24,641.8699951171875
2015-03-25,651.0499877929688
2015-03-26,642.530029296875
2015-03-27,640.1199951171875
2015-03-30,646.739990234375
2015-03-31,650.489990234375
2015-04-01,650.22998046875
2015-04-02,650.5700073242188
2015-04-03,658.0399780273438
2015-04-06,662.1500244140625
2015-04-07,666.8300170898438
2015-04-08,668.030029296875
2015-04-09,676.9600219726562
2015-04-10,682.02001953125
2015-04-13,689.3900146484375
2015-04-14,684.969970703125
2015-04-15,694.4400024414062
2015-04-16,698.3099975585938
2015-04-17,706.9000244140625
2015-04-20,706.9600219726562
2015-04-21,714.52001953125
2015-04-22,703.3400268554688
2015-04-23,692.47998046875
2015-04-24,690.739990234375
2015-04-27,699.3900146484375
2015-04-28,696.7899780273438
2015-04-29,695.6900024414062
2015-04-30,689.010009765625
2015-05-04,677.9000244140625
2015-05-06,665.9400024414062
2015-05-07,673.0800170898438
2015-05-08,681.6900024414062
2015-05-11,692.2899780273438
2015-05-12,686.739990234375
2015-05-13,692.22998046875
2015-05-14,699.27001953125
2015-05-15,705.4000244140625
2015-05-18,703.25
2015-05-19,706.7899780273438
2015-05-20,713.9500122070312
2015-05-21,715.6400146484375
2015-05-22,713.5399780273438
2015-05-26,708.6599731445312
2015-05-27,699.1900024414062
2015-05-28,709.010009765625
2015-05-29,711.3900146484375
2015-06-01,715.72998046875
2015-06-02,704.77001953125
2015-06-03,696.969970703125
2015-06-04,704.5599975585938
2015-06-05,707.27001953125
2015-06-08,716.4299926757812
2015-06-09,722.510009765625
2015-06-10,718.22998046875
2015-06-11,717.0
2015-06-12,712.4000244140625
2015-06-15,705.8499755859375
2015-06-16,706.280029296875
2015-06-17,718.6099853515625
2015-06-18,725.2000122070312
2015-06-19,729.9199829101562
2015-06-22,734.6099853515625
2015-06-23,739.8200073242188
2015-06-24,746.6199951171875
2015-06-25,753.6599731445312
2015-06-26,750.5
2015-06-29,733.0399780273438
2015-06-30,742.27001953125
2015-07-01,760.6699829101562
2015-07-02,768.6699829101562
2015-07-03,769.260009765625
2015-07-06,752.010009765625
2015-07-07,729.6400146484375
2015-07-08,726.219970703125
2015-07-09,726.010009765625
2015-07-10,730.719970703125
2015-07-13,749.4600219726562
2015-07-14,757.1199951171875
2015-07-15,761.5900268554688
2015-07-16,774.4000244140625
2015-07-17,773.22998046875
2015-07-20,782.6400146484375
2015-07-21,781.989990234375
2015-07-22,776.5700073242188
2015-07-23,776.989990234375
2015-07-24,776.260009765625
2015-07-27,751.0399780273438
2015-07-28,745.239990234375
2015-07-29,730.469970703125
2015-07-30,712.8599853515625
2015-07-31,725.0599975585938
2015-08-03,714.3400268554688
2015-08-04,730.030029296875
2015-08-05,741.260009765625
2015-08-06,747.739990234375
2015-08-07,751.489990234375
2015-08-10,746.3400268554688
2015-08-11,732.260009765625
2015-08-12,717.2000122070312
2015-08-13,731.3599853515625
2015-08-17,722.010009765625
2015-08-18,699.7999877929688
2015-08-19,670.5499877929688
2015-08-20,656.7100219726562
2015-08-21,627.0499877929688
2015-08-24,613.3300170898438
2015-08-25,645.4299926757812
2015-08-26,667.4400024414062
2015-08-27,673.7100219726562
2015-08-28,687.9600219726562
2015-08-31,687.1099853515625
2015-09-01,672.9400024414062
2015-09-02,678.02001953125
2015-09-03,678.25
2015-09-04,650.4500122070312
2015-09-07,648.7999877929688
2015-09-08,638.219970703125
2015-09-09,660.6699829101562
2015-09-10,668.2899780273438
2015-09-11,669.8699951171875
2015-09-14,662.8800048828125
2015-09-15,666.75
2015-09-16,676.47998046875
2015-09-17,671.0499877929688
2015-09-18,690.1799926757812
2015-09-21,688.9000244140625
2015-09-22,693.6699829101562
2015-09-23,680.280029296875
2015-09-24,683.8800048828125
2015-09-25,682.7000122070312
2015-09-30,678.47998046875
2015-10-01,684.7899780273438
2015-10-02,686.4199829101562
2015-10-05,691.1900024414062
2015-10-06,689.0599975585938
2015-10-07,679.8300170898438
2015-10-08,674.969970703125
2015-10-12,672.9600219726562
2015-10-13,672.8200073242188
2015-10-14,668.9199829101562
2015-10-15,676.0499877929688
2015-10-16,681.72998046875
2015-10-19,684.2899780273438
2015-10-20,691.2100219726562
2015-10-21,686.5
2015-10-22,676.2999877929688
2015-10-23,681.969970703125
2015-10-26,690.72998046875
2015-10-27,688.3200073242188
2015-10-28,693.530029296875
2015-10-29,690.6300048828125
2015-10-30,683.6300048828125
2015-11-02,680.010009765625
2015-11-03,682.1300048828125
2015-11-04,686.1799926757812
2015-11-05,694.4299926757812
2015-11-06,694.2100219726562
2015-11-09,671.8400268554688
2015-11-10,656.7000122070312
2015-11-11,667.2100219726562
2015-11-12,672.989990234375
2015-11-13,670.52001953125
2015-11-16,659.2000122070312
2015-11-17,672.1699829101562
2015-11-18,670.6699829101562
2015-11-19,680.5700073242188
2015-11-20,685.1599731445312
2015-11-23,688.2899780273438
2015-11-24,687.8599853515625
2015-11-25,688.780029296875
2015-11-26,693.4199829101562
2015-11-27,694.2100219726562
2015-11-30,688.3800048828125
2015-12-01,691.9500122070312
2015-12-02,690.3200073242188
2015-12-03,690.77001953125
2015-12-04,685.77001953125
2015-12-07,683.3400268554688
2015-12-08,668.4199829101562
2015-12-09,664.0800170898438
2015-12-10,658.0800170898438
2015-12-11,653.47998046875
2015-12-14,630.3699951171875
2015-12-15,639.780029296875
2015-12-16,647.27001953125
2015-12-17,658.1099853515625
2015-12-18,667.4500122070312
2015-12-21,668.6500244140625
2015-12-22,663.4199829101562
2015-12-23,659.5999755859375
2015-12-24,656.530029296875
2015-12-28,652.0499877929688
2015-12-29,673.219970703125
2015-12-30,682.3499755859375
2016-01-04,677.7899780273438
2016-01-05,684.0700073242188
2016-01-06,687.27001953125
2016-01-07,679.6599731445312
2016-01-08,682.5599975585938
2016-01-11,674.9600219726562
2016-01-12,671.2999877929688
2016-01-13,686.030029296875
2016-01-14,683.1900024414062
2016-01-15,678.4299926757812
2016-01-18,683.6300048828125
2016-01-19,681.25
2016-01-20,669.6799926757812
2016-01-21,665.8400268554688
2016-01-22,670.9500122070312
2016-01-25,681.4299926757812
2016-01-26,678.8499755859375
2016-01-27,675.25
2016-01-28,681.2899780273438
2016-01-29,682.7999877929688
2016-02-01,685.5499877929688
2016-02-02,684.8599853515625
2016-02-03,680.9400024414062
2016-02-04,683.6199951171875
2016-02-05,681.3099975585938
2016-02-11,647.6900024414062
2016-02-12,608.4500122070312
2016-02-15,621.3699951171875
2016-02-16,634.9500122070312
2016-02-17,623.489990234375
2016-02-18,638.4299926757812
2016-02-19,644.5599975585938
2016-02-22,650.1400146484375
2016-02-23,642.3099975585938
2016-02-24,643.97998046875
2016-02-25,646.27001953125
2016-02-26,649.2999877929688
2016-02-29,651.6199951171875
2016-03-02,662.25
2016-03-03,669.010009765625
2016-03-04,673.8400268554688
2016-03-07,672.2100219726562
2016-03-08,674.3200073242188
2016-03-09,679.6400146484375
2016-03-10,687.5999755859375
2016-03-11,689.1699829101562
2016-03-14,691.0499877929688
2016-03-15,693.3400268554688
2016-03-16,693.4400024414062
2016-03-17,691.489990234375
2016-03-18,695.02001953125
2016-03-21,692.4199829101562
2016-03-22,691.510009765625
2016-03-23,689.3900146484375
2016-03-24,686.260009765625
2016-03-25,683.2000122070312
2016-03-28,676.510009765625
2016-03-29,686.5
2016-03-30,691.1300048828125
2016-03-31,688.3800048828125
2016-04-01,690.6900024414062
2016-04-04,696.97998046875
2016-04-05,695.7000122070312
2016-04-06,694.030029296875
2016-04-07,697.1300048828125
2016-04-08,697.0999755859375
2016-04-11,693.010009765625
2016-04-12,693.4500122070312
2016-04-14,693.4199829101562
2016-04-15,695.6199951171875
2016-04-18,695.3400268554688
2016-04-19,701.6799926757812
2016-04-20,699.8599853515625
2016-04-21,701.6199951171875
2016-04-22,703.0499877929688
2016-04-25,703.7000122070312
2016-04-26,702.0599975585938
2016-04-27,699.52001953125
2016-04-28,699.7000122070312
2016-04-29,699.77001953125
2016-05-02,690.27001953125
2016-05-03,698.6599731445312
2016-05-04,694.1699829101562
2016-05-09,691.8200073242188
2016-05-10,700.22998046875
2016-05-11,703.9400024414062
2016-05-12,705.0399780273438
2016-05-13,704.3699951171875
2016-05-16,701.4600219726562
2016-05-17,695.9500122070312
2016-05-18,683.8699951171875
2016-05-19,679.3900146484375
2016-05-20,684.9199829101562
2016-05-23,691.0
2016-05-24,687.7100219726562
2016-05-25,689.3300170898438
2016-05-26,687.9400024414062
2016-05-27,691.5399780273438
2016-05-30,692.0599975585938
2016-05-31,698.4500122070312
2016-06-01,700.030029296875
2016-06-02,701.1500244140625
2016-06-03,701.4299926757812
2016-06-07,704.77001953125
2016-06-08,703.989990234375
2016-06-09,705.0800170898438
2016-06-10,706.8099975585938
2016-06-13,695.6099853515625
2016-06-14,692.9400024414062
2016-06-15,694.6599731445312
2016-06-16,680.25
2016-06-17,678.8599853515625
2016-06-20,688.9500122070312
2016-06-21,688.5499877929688
2016-06-22,688.1799926757812
2016-06-23,679.52001953125
2016-06-24,647.1599731445312
2016-06-27,648.1199951171875
2016-06-28,659.2999877929688
2016-06-29,669.8800048828125
2016-06-30,675.0900268554688
2016-07-01,684.260009765625
2016-07-04,688.1500244140625
2016-07-05,692.72998046875
2016-07-06,685.510009765625
2016-07-07,695.9500122070312
2016-07-08,692.5999755859375
2016-07-11,697.25
2016-07-12,699.4000244140625
2016-07-13,702.6500244140625
2016-07-14,703.3400268554688
2016-07-15,700.280029296875
2016-07-18,700.9000244140625
2016-07-19,702.4400024414062
2016-07-20,705.030029296875
2016-07-21,708.1199951171875
2016-07-22,707.5399780273438
2016-07-25,704.9600219726562
2016-07-26,705.4000244140625
2016-07-27,701.0900268554688
2016-07-28,703.780029296875
2016-07-29,706.239990234375
2016-08-01,703.719970703125
2016-08-02,700.9000244140625
2016-08-03,698.3200073242188
2016-08-04,701.6699829101562
2016-08-05,696.0900268554688
2016-08-08,696.4299926757812
2016-08-09,700.72998046875
2016-08-10,707.4600219726562
2016-08-11,703.3300170898438
2016-08-12,705.1799926757812
2016-08-16,698.8699951171875
2016-08-17,693.6699829101562
2016-08-18,696.9299926757812
2016-08-19,696.2000122070312
2016-08-22,688.1500244140625
2016-08-23,687.3800048828125
2016-08-24,687.780029296875
2016-08-25,683.9600219726562
2016-08-26,680.4299926757812
2016-08-29,663.5800170898438
2016-08-30,667.6099853515625
2016-08-31,663.6900024414062
2016-09-01,671.2899780273438
2016-09-02,676.9099731445312
2016-09-05,679.489990234375
2016-09-06,679.260009765625
2016-09-07,672.489990234375
2016-09-08,667.4000244140625
2016-09-09,664.989990234375
2016-09-12,652.9099731445312
2016-09-13,660.1500244140625
2016-09-19,666.6400146484375
2016-09-20,674.510009765625
2016-09-21,678.280029296875
2016-09-22,685.239990234375
2016-09-23,688.5900268554688
2016-09-26,686.760009765625
2016-09-27,687.989990234375
2016-09-28,686.760009765625
2016-09-29,689.8300170898438
2016-09-30,681.2100219726562
2016-10-04,685.8800048828125
2016-10-05,685.4400024414062
2016-10-06,684.3300170898438
2016-10-07,675.9000244140625
2016-10-10,674.739990234375
2016-10-11,670.6400146484375
2016-10-12,669.9500122070312
2016-10-13,663.0900268554688
2016-10-14,664.9199829101562
2016-10-17,659.8300170898438
2016-10-18,660.2899780273438
2016-10-19,661.260009765625
2016-10-20,655.6799926757812
2016-10-21,651.77001953125
2016-10-24,647.8800048828125
2016-10-25,640.1699829101562
2016-10-26,635.510009765625
2016-10-27,648.5700073242188
2016-10-28,640.1699829101562
2016-10-31,624.6799926757812
2016-11-01,626.3800048828125
2016-11-02,606.0599975585938
2016-11-03,609.989990234375
2016-11-04,610.8200073242188
2016-11-07,622.1699829101562
2016-11-08,624.1900024414062
2016-11-09,599.739990234375
2016-11-10,623.22998046875
2016-11-11,621.8900146484375
2016-11-14,621.22998046875
2016-11-15,617.4299926757812
2016-11-16,627.8300170898438
2016-11-17,627.760009765625
2016-11-18,620.260009765625
2016-11-21,609.3300170898438
2016-11-22,610.739990234375
2016-11-23,600.2899780273438
2016-11-24,592.6500244140625
2016-11-25,597.8200073242188
2016-11-28,593.0499877929688
2016-11-29,596.0700073242188
2016-11-30,596.1099853515625
2016-12-01,593.8499755859375
2016-12-02,586.72998046875
2016-12-05,575.1199951171875
2016-12-06,581.3499755859375
2016-12-07,578.52001953125
2016-12-08,584.6199951171875
2016-12-09,594.3499755859375
2016-12-12,603.0800170898438
2016-12-13,611.0900268554688
2016-12-14,612.469970703125
2016-12-15,620.6099853515625
2016-12-16,622.0800170898438
2016-12-19,622.77001953125
2016-12-20,617.989990234375
2016-12-21,618.6300048828125
2016-12-22,615.9299926757812
2016-12-23,619.75
2016-12-26,615.1599731445312
2016-12-27,618.3800048828125
2016-12-28,627.27001953125
2016-12-29,631.4400024414062
2017-01-02,632.0399780273438
2017-01-03,636.5700073242188
2017-01-04,639.7899780273438
2017-01-05,642.47998046875
2017-01-06,643.6799926757812
2017-01-09,642.1500244140625
2017-01-10,636.72998046875
2017-01-11,637.9000244140625
2017-01-12,632.8699951171875
2017-01-13,634.6799926757812
2017-01-16,627.8800048828125
2017-01-17,624.0
2017-01-18,626.8900146484375
2017-01-19,626.1900024414062
2017-01-20,622.1199951171875
2017-01-23,615.989990234375
2017-01-24,612.9299926757812
2017-01-25,609.6400146484375
2017-01-26,616.8099975585938
2017-01-31,616.1300048828125
2017-02-01,623.6799926757812
2017-02-02,613.0399780273438
2017-02-03,609.2100219726562
2017-02-06,610.9600219726562
2017-02-07,608.719970703125
2017-02-08,608.7899780273438
2017-02-09,611.0399780273438
2017-02-10,610.5800170898438
2017-02-13,611.9400024414062
2017-02-14,611.5399780273438
2017-02-15,615.9500122070312
2017-02-16,616.5800170898438
2017-02-17,618.7000122070312
2017-02-20,619.969970703125
2017-02-21,622.469970703125
2017-02-22,621.3900146484375
2017-02-23,617.6699829101562
2017-02-24,614.75
2017-02-27,612.1199951171875
2017-02-28,612.2000122070312
2017-03-02,608.9299926757812
2017-03-03,600.72998046875
2017-03-06,604.0499877929688
2017-03-07,606.0499877929688
2017-03-08,605.75
2017-03-09,606.1300048828125
2017-03-10,612.260009765625
2017-03-13,615.5900268554688
2017-03-14,614.1199951171875
2017-03-15,608.6799926757812
2017-03-16,613.8800048828125
2017-03-17,613.260009765625
2017-03-20,609.1099853515625
2017-03-21,609.72998046875
2017-03-22,607.5700073242188
2017-03-23,605.530029296875
2017-03-24,608.1799926757812
2017-03-27,607.0700073242188
2017-03-28,612.280029296875
2017-03-29,613.6300048828125
2017-03-30,614.6799926757812
2017-03-31,619.280029296875
2017-04-03,628.52001953125
2017-04-04,625.489990234375
2017-04-05,630.1699829101562
2017-04-06,630.4600219726562
2017-04-07,633.3200073242188
2017-04-10,619.4099731445312
2017-04-11,621.6400146484375
2017-04-12,621.4500122070312
2017-04-13,623.8699951171875
2017-04-14,618.239990234375
2017-04-17,629.469970703125
2017-04-18,634.72998046875
2017-04-19,635.989990234375
2017-04-20,635.7999877929688
2017-04-21,634.9600219726562
2017-04-24,626.6199951171875
2017-04-25,632.5700073242188
2017-04-26,635.1099853515625
2017-04-27,631.1099853515625
2017-04-28,628.239990234375
2017-05-02,626.4299926757812
2017-05-04,635.1099853515625
2017-05-08,643.3900146484375
2017-05-10,642.6799926757812
2017-05-11,647.5800170898438
2017-05-12,643.72998046875
2017-05-15,645.3800048828125
2017-05-16,639.1099853515625
2017-05-17,640.010009765625
2017-05-18,638.1199951171875
2017-05-19,642.4500122070312
2017-05-22,642.6199951171875
2017-05-23,644.72998046875
2017-05-24,646.0399780273438
2017-05-25,643.02001953125
2017-05-26,646.010009765625
2017-05-29,642.97998046875
2017-05-30,649.0599975585938
2017-05-31,652.0399780273438
2017-06-01,653.8300170898438
2017-06-02,658.780029296875
2017-06-05,662.3200073242188
2017-06-07,666.4600219726562
2017-06-08,669.969970703125
2017-06-09,674.1500244140625
2017-06-12,664.8599853515625
2017-06-13,669.22998046875
2017-06-14,671.5900268554688
2017-06-15,669.8200073242188
2017-06-16,670.7000122070312
2017-06-19,675.4400024414062
2017-06-20,669.4099731445312
2017-06-21,665.77001953125
2017-06-22,663.280029296875
2017-06-23,668.9299926757812
2017-06-26,668.3599853515625
2017-06-27,672.6300048828125
2017-06-28,665.8900146484375
2017-06-29,668.0
2017-06-30,669.0399780273438
2017-07-03,660.969970703125
2017-07-04,656.1900024414062
2017-07-05,661.5399780273438
2017-07-06,663.7899780273438
2017-07-07,663.77001953125
2017-07-10,657.8599853515625
2017-07-11,656.010009765625
2017-07-12,651.0999755859375
2017-07-13,652.6900024414062
2017-07-14,654.1099853515625
2017-07-17,659.8900146484375
2017-07-18,664.02001953125
2017-07-19,671.530029296875
2017-07-20,676.510009765625
2017-07-21,676.5999755859375
2017-07-24,677.3200073242188
2017-07-25,670.469970703125
2017-07-26,667.219970703125
2017-07-27,666.47998046875
2017-07-28,652.9500122070312
2017-07-31,650.469970703125
2017-08-01,653.1199951171875
2017-08-02,657.52001953125
2017-08-03,643.0900268554688
2017-08-04,641.5800170898438
2017-08-07,648.3900146484375
2017-08-08,651.6699829101562
2017-08-09,642.8699951171875
2017-08-10,640.0399780273438
2017-08-11,628.3400268554688
2017-08-14,629.3699951171875
2017-08-16,634.9099731445312
2017-08-17,642.1099853515625
2017-08-18,643.5800170898438
2017-08-21,640.8499755859375
2017-08-22,644.260009765625
2017-08-23,643.7100219726562
2017-08-24,647.7100219726562
2017-08-25,650.27001953125
2017-08-28,652.9199829101562
2017-08-29,653.9600219726562
2017-08-30,655.0
2017-08-31,657.8300170898438
2017-09-01,661.989990234375
2017-09-04,650.8900146484375
2017-09-05,648.75
2017-09-06,652.5900268554688
2017-09-07,658.47998046875
2017-09-08,654.2899780273438
2017-09-11,656.530029296875
2017-09-12,660.0499877929688
2017-09-13,659.0900268554688
2017-09-14,665.4099731445312
2017-09-15,671.2999877929688
2017-09-18,675.8699951171875
2017-09-19,674.47998046875
2017-09-20,668.0499877929688
2017-09-21,661.1099853515625
2017-09-25,642.0399780273438
2017-09-26,642.4000244140625
2017-09-27,649.239990234375
2017-09-28,648.0900268554688
2017-09-29,652.8200073242188
2017-10-10,654.5900268554688
2017-10-11,662.3099975585938
2017-10-12,666.5399780273438
2017-10-13,663.0800170898438
2017-10-16,659.4099731445312
2017-10-17,670.510009765625
2017-10-18,668.4199829101562
2017-10-19,667.0999755859375
2017-10-20,672.9500122070312
2017-10-23,675.8599853515625
2017-10-24,687.2100219726562
2017-10-25,689.1400146484375
2017-10-26,680.6099853515625
2017-10-27,689.969970703125
2017-10-30,689.6799926757812
2017-10-31,694.2000122070312
2017-11-01,695.77001953125
2017-11-02,694.9600219726562
2017-11-03,701.1300048828125
2017-11-06,703.7899780273438
2017-11-07,701.1400146484375
2017-11-08,709.1099853515625
2017-11-09,709.9400024414062
2017-11-10,720.7899780273438
2017-11-13,741.3800048828125
2017-11-14,756.4600219726562
2017-11-15,768.030029296875
2017-11-16,780.219970703125
2017-11-17,775.8499755859375
2017-11-20,785.3200073242188
2017-11-21,789.3800048828125
2017-11-22,780.9000244140625
2017-11-23,796.7999877929688
2017-11-24,792.739990234375
2017-11-27,792.7999877929688
2017-11-28,773.1199951171875
2017-11-29,781.719970703125
2017-11-30,771.4199829101562
2017-12-01,787.7000122070312
2017-12-04,782.4500122070312
2017-12-05,774.1199951171875
2017-12-06,768.3900146484375
2017-12-07,753.4600219726562
2017-12-08,744.0599975585938
2017-12-11,764.0900268554688
2017-12-12,760.4000244140625
2017-12-13,772.219970703125
2017-12-14,770.3499755859375
2017-12-15,771.8200073242188
2017-12-18,770.5
2017-12-19,766.1799926757812
2017-12-21,740.3200073242188
2017-12-22,761.2000122070312
2017-12-26,762.2100219726562
2017-12-27,791.9500122070312
2017-12-28,798.4199829101562
2018-01-02,812.4500122070312
2018-01-03,822.3099975585938
2018-01-04,808.010009765625
2018-01-05,828.030029296875
2018-01-08,839.510009765625
2018-01-09,829.989990234375
2018-01-10,834.9099731445312
2018-01-11,852.510009765625
2018-01-12,873.0499877929688
2018-01-15,891.6099853515625
2018-01-16,901.22998046875
2018-01-17,886.5800170898438
2018-01-18,898.1900024414062
2018-01-19,879.989990234375
2018-01-22,873.0900268554688
2018-01-23,894.4299926757812
2018-01-24,894.77001953125
2018-01-25,898.5999755859375
2018-01-26,913.1199951171875
2018-01-29,927.0499877929688
2018-01-30,920.9600219726562
2018-01-31,913.5700073242188
2018-02-01,908.2000122070312
2018-02-02,899.469970703125
2018-02-05,858.219970703125
2018-02-06,858.1699829101562
2018-02-07,829.9600219726562
2018-02-08,861.9400024414062
2018-02-09,842.5999755859375
2018-02-12,843.239990234375
2018-02-13,829.3900146484375
2018-02-14,848.030029296875
2018-02-19,875.8099975585938
2018-02-20,864.4099731445312
2018-02-21,875.5800170898438
2018-02-22,870.219970703125
2018-02-23,874.780029296875
2018-02-26,874.4299926757812
2018-02-27,874.010009765625
2018-02-28,857.0599975585938
2018-03-02,860.22998046875
2018-03-05,845.0
2018-03-06,859.2100219726562
2018-03-07,841.030029296875
2018-03-08,853.9400024414062
2018-03-09,865.7999877929688
2018-03-12,884.27001953125
2018-03-13,886.25
2018-03-14,886.9199829101562
2018-03-15,890.4299926757812
2018-03-16,894.4299926757812
2018-03-19,880.969970703125
2018-03-20,890.4000244140625
2018-03-21,885.5499877929688
2018-03-22,871.6199951171875
2018-03-23,829.6799926757812
2018-03-26,853.6900024414062
2018-03-27,858.8400268554688
2018-03-28,850.969970703125
2018-03-29,865.989990234375
2018-03-30,871.0900268554688
2018-04-02,867.7999877929688
2018-04-03,872.3200073242188
2018-04-04,862.510009765625
2018-04-05,868.9299926757812
2018-04-06,867.9600219726562
2018-04-09,874.4400024414062
2018-04-10,877.2999877929688
2018-04-11,885.3800048828125
2018-04-12,881.4500122070312
2018-04-13,891.8699951171875
2018-04-16,896.8900146484375
2018-04-17,901.219970703125
2018-04-18,893.3200073242188
2018-04-19,882.72998046875
2018-04-20,889.1699829101562
2018-04-23,879.02001953125
2018-04-24,873.6099853515625
2018-04-25,869.9299926757812
2018-04-26,879.3900146484375
2018-04-27,886.489990234375
2018-04-30,875.9500122070312
2018-05-02,871.030029296875
2018-05-03,866.0700073242188
2018-05-04,856.3400268554688
2018-05-08,827.219970703125
2018-05-09,850.8499755859375
2018-05-10,854.9299926757812
2018-05-11,865.9299926757812
2018-05-14,858.7000122070312
2018-05-15,862.9400024414062
2018-05-16,850.2899780273438
2018-05-17,855.6199951171875
2018-05-18,869.4500122070312
2018-05-21,872.9600219726562
2018-05-23,869.1599731445312
2018-05-24,873.3200073242188
2018-05-25,868.3499755859375
2018-05-28,879.6900024414062
2018-05-29,870.0800170898438
2018-05-30,874.219970703125
2018-05-31,879.6599731445312
2018-06-01,883.219970703125
2018-06-04,877.4400024414062
2018-06-05,877.1599731445312
2018-06-07,887.9099731445312
2018-06-08,878.47998046875
2018-06-11,876.5499877929688
2018-06-12,875.0399780273438
2018-06-14,864.5599975585938
2018-06-15,866.219970703125
2018-06-18,840.22998046875
2018-06-19,815.3900146484375
2018-06-20,840.1699829101562
2018-06-21,826.219970703125
2018-06-22,830.27001953125
2018-06-25,836.0
2018-06-26,831.4000244140625
2018-06-27,826.6900024414062
2018-06-28,810.2000122070312
2018-06-29,818.219970703125
2018-07-02,789.8200073242188
2018-07-03,795.7100219726562
2018-07-04,799.0999755859375
2018-07-05,794.0499877929688
2018-07-06,808.8900146484375
2018-07-09,808.280029296875
2018-07-10,813.1900024414062
2018-07-11,804.780029296875
2018-07-12,819.2899780273438
2018-07-13,827.8900146484375
2018-07-16,825.7100219726562
2018-07-17,819.719970703125
2018-07-18,810.4400024414062
2018-07-19,796.489990234375
2018-07-20,791.6099853515625
2018-07-23,756.9600219726562
2018-07-24,761.5700073242188
2018-07-25,748.8900146484375
2018-07-26,765.1500244140625
2018-07-27,773.97998046875
2018-07-30,769.7999877929688
2018-07-31,775.52001953125
2018-08-01,790.25
2018-08-02,781.3800048828125
2018-08-03,788.8099975585938
2018-08-06,781.4099731445312
2018-08-07,784.7000122070312
2018-08-08,783.8099975585938
2018-08-09,789.47998046875
2018-08-10,784.8099975585938
2018-08-13,755.6500244140625
2018-08-14,761.9400024414062
2018-08-16,761.1799926757812
2018-08-17,772.2999877929688
2018-08-20,769.780029296875
2018-08-21,787.1500244140625
2018-08-22,785.9500122070312
2018-08-23,791.280029296875
2018-08-24,798.22998046875
2018-08-27,801.0399780273438
2018-08-28,798.1699829101562
2018-08-29,803.1799926757812
2018-08-30,804.469970703125
2018-08-31,816.969970703125
2018-09-03,816.8400268554688
2018-09-04,827.27001953125
2018-09-05,820.0
2018-09-06,815.1799926757812
2018-09-07,818.8599853515625
2018-09-10,816.1599731445312
2018-09-11,820.22998046875
2018-09-12,826.3300170898438
2018-09-13,830.9500122070312
2018-09-14,834.9099731445312
2018-09-17,828.8800048828125
2018-09-18,831.8499755859375
2018-09-19,826.9099731445312
2018-09-20,821.1300048828125
2018-09-21,827.8400268554688
2018-09-27,833.010009765625
2018-09-28,822.27001953125
2018-10-01,816.530029296875
2018-10-02,794.989990234375
2018-10-04,789.0
2018-10-05,773.7000122070312
2018-10-08,767.1500244140625
2018-10-10,747.5
2018-10-11,707.3800048828125
2018-10-12,731.5
2018-10-15,718.8699951171875
2018-10-16,731.5
2018-10-17,739.1500244140625
2018-10-18,731.3400268554688
2018-10-19,740.47998046875
2018-10-22,744.1500244140625
2018-10-23,719.0
2018-10-24,699.2999877929688
2018-10-25,686.8400268554688
2018-10-26,663.0700073242188
2018-10-29,629.7000122070312
2018-10-30,644.1400146484375
2018-10-31,648.6699829101562
2018-11-01,657.4600219726562
2018-11-02,690.6500244140625
2018-11-05,691.9400024414062
2018-11-06,691.5499877929688
2018-11-07,682.3699951171875
2018-11-08,693.6699829101562
2018-11-09,687.2899780273438
2018-11-12,670.8200073242188
2018-11-13,670.8499755859375
2018-11-14,671.5599975585938
2018-11-15,681.3800048828125
2018-11-16,690.1799926757812
2018-11-19,702.1300048828125
2018-11-20,690.8099975585938
2018-11-21,695.719970703125
2018-11-22,692.3900146484375
2018-11-23,683.0599975585938
2018-11-26,695.3599853515625
2018-11-27,700.6699829101562
2018-11-28,700.1199951171875
2018-11-29,695.47998046875
2018-11-30,695.760009765625
2018-12-03,709.4600219726562
2018-12-04,708.6300048828125
2018-12-05,701.1199951171875
2018-12-06,678.3800048828125
2018-12-07,685.3300170898438
2018-12-10,670.3900146484375
2018-12-11,661.010009765625
2018-12-12,676.47998046875
2018-12-13,681.780029296875
2018-12-14,666.3400268554688
2018-12-17,661.9000244140625
2018-12-18,659.6699829101562
2018-12-19,672.0800170898438
2018-12-20,668.1300048828125
2018-12-21,673.6400146484375
2018-12-24,669.7899780273438
2018-12-26,665.739990234375
2018-12-27,667.8800048828125
2018-12-28,675.6500244140625
2019-01-02,669.3699951171875
2019-01-03,657.02001953125
2019-01-04,664.489990234375
2019-01-07,672.8400268554688
2019-01-08,668.489990234375
2019-01-09,679.739990234375
2019-01-10,683.3400268554688
2019-01-11,686.3300170898438
2019-01-14,683.0900268554688
2019-01-15,690.3900146484375
2019-01-16,693.3800048828125
2019-01-17,686.3499755859375
2019-01-18,696.3400268554688
2019-01-21,695.6199951171875
2019-01-22,694.5499877929688
2019-01-23,695.6300048828125
2019-01-24,704.4099731445312
2019-01-25,711.3800048828125
2019-01-28,714.260009765625
2019-01-29,710.989990234375
2019-01-30,715.2999877929688
2019-01-31,716.8599853515625
2019-02-01,716.9199829101562
2019-02-07,728.7899780273438
2019-02-08,728.739990234375
2019-02-11,733.469970703125
2019-02-12,730.5800170898438
2019-02-13,739.9099731445312
2019-02-14,742.27001953125
2019-02-15,738.6599731445312
2019-02-18,745.3300170898438
2019-02-19,748.0499877929688
2019-02-20,750.6900024414062
2019-02-21,747.3300170898438
2019-02-22,743.3800048828125
2019-02-25,750.4000244140625
2019-02-26,747.0900268554688
2019-02-27,752.1599731445312
2019-02-28,731.25
2019-03-04,748.0700073242188
2019-03-05,747.9500122070312
2019-03-06,746.7000122070312
2019-03-07,736.8300170898438
2019-03-08,735.969970703125
2019-03-11,739.0900268554688
2019-03-12,754.760009765625
2019-03-13,754.8900146484375
2019-03-14,755.4199829101562
2019-03-15,748.3599853515625
2019-03-18,753.1300048828125
2019-03-19,748.9099731445312
2019-03-20,749.760009765625
2019-03-21,743.52001953125
2019-03-22,743.969970703125
2019-03-25,727.2100219726562
2019-03-26,736.8099975585938
2019-03-27,728.4500122070312
2019-03-28,719.719970703125
2019-03-29,729.3099975585938
2019-04-01,736.8099975585938
2019-04-02,739.5700073242188
2019-04-03,749.2999877929688
2019-04-04,751.5800170898438
2019-04-05,751.7100219726562
2019-04-08,751.9199829101562
2019-04-09,756.8099975585938
2019-04-10,760.1500244140625
2019-04-11,766.489990234375
2019-04-12,767.8499755859375
2019-04-15,766.75
2019-04-16,765.02001953125
2019-04-17,766.8900146484375
2019-04-18,753.52001953125
2019-04-19,762.5700073242188
2019-04-22,762.010009765625
2019-04-23,761.4199829101562
2019-04-24,757.8200073242188
2019-04-25,750.4299926757812
2019-04-26,741.0
2019-04-29,750.5999755859375
2019-04-30,754.739990234375
2019-05-02,760.3800048828125
2019-05-03,761.8200073242188
2019-05-07,753.4500122070312
2019-05-08,745.3699951171875
2019-05-09,724.219970703125
2019-05-10,722.6199951171875
2019-05-13,708.7999877929688
2019-05-14,710.1599731445312
2019-05-15,729.5999755859375
2019-05-16,717.5900268554688
2019-05-17,714.1300048828125
2019-05-20,702.0800170898438
2019-05-21,703.97998046875
2019-05-22,706.9299926757812
2019-05-23,696.8900146484375
2019-05-24,690.030029296875
2019-05-27,689.6699829101562
2019-05-28,702.760009765625
2019-05-29,691.469970703125
2019-05-30,689.3300170898438
2019-05-31,696.469970703125
2019-06-03,697.5
2019-06-04,702.530029296875
2019-06-05,707.75
2019-06-07,716.530029296875
2019-06-10,721.1400146484375
2019-06-11,728.7899780273438
2019-06-12,724.3200073242188
2019-06-13,726.6799926757812
2019-06-14,722.25
2019-06-17,719.1300048828125
2019-06-18,714.8599853515625
2019-06-19,717.7100219726562
2019-06-20,727.3200073242188
2019-06-21,722.6400146484375
2019-06-24,717.6900024414062
2019-06-25,710.02001953125
2019-06-26,709.3699951171875
2019-06-27,698.2100219726562
2019-06-28,690.530029296875
2019-07-01,696.0
2019-07-02,696.25
2019-07-03,693.0399780273438
2019-07-04,691.27001953125
2019-07-05,694.1699829101562
2019-07-08,668.719970703125
2019-07-09,657.7999877929688
2019-07-10,666.9000244140625
2019-07-11,677.0900268554688
2019-07-12,681.1699829101562
2019-07-15,674.7899780273438
2019-07-16,674.4199829101562
2019-07-17,666.280029296875
2019-07-18,665.1500244140625
2019-07-19,674.0599975585938
2019-07-22,674.780029296875
2019-07-23,668.6500244140625
2019-07-24,659.8300170898438
2019-07-25,652.4000244140625
2019-07-26,644.5900268554688
2019-07-29,618.780029296875
2019-07-30,625.6400146484375
2019-07-31,630.1799926757812
2019-08-01,622.260009765625
2019-08-02,615.7000122070312
2019-08-05,569.7899780273438
2019-08-06,551.5
2019-08-07,564.6400146484375
2019-08-08,585.4400024414062
2019-08-09,590.0399780273438
2019-08-12,594.1699829101562
2019-08-13,590.75
2019-08-14,597.1500244140625
2019-08-16,591.5700073242188
2019-08-19,594.6500244140625
2019-08-20,607.010009765625
2019-08-21,615.9600219726562
2019-08-22,612.25
2019-08-23,608.97998046875
2019-08-26,582.9099731445312
2019-08-27,588.3200073242188
2019-08-28,602.9000244140625
2019-08-29,599.5700073242188
2019-08-30,610.5499877929688
2019-09-02,619.8099975585938
2019-09-03,620.02001953125
2019-09-04,629.3099975585938
2019-09-05,632.989990234375
2019-09-06,631.1500244140625
2019-09-09,625.77001953125
2019-09-10,623.25
2019-09-11,630.3699951171875
2019-09-16,638.5900268554688
2019-09-17,644.280029296875
2019-09-18,645.1199951171875
2019-09-19,645.7100219726562
2019-09-20,649.0700073242188
2019-09-23,645.010009765625
2019-09-24,641.8499755859375
2019-09-25,626.760009765625
2019-09-26,628.4199829101562
2019-09-27,626.9299926757812
2019-09-30,621.760009765625
2019-10-01,632.0999755859375
2019-10-02,624.510009765625
2019-10-04,621.8400268554688
2019-10-07,627.2100219726562
2019-10-08,635.4099731445312
2019-10-10,634.72998046875
2019-10-11,632.9500122070312
2019-10-14,641.4600219726562
2019-10-15,646.7999877929688
2019-10-16,651.9600219726562
2019-10-17,649.2899780273438
2019-10-18,646.6900024414062
2019-10-21,649.1799926757812
2019-10-22,655.9099731445312
2019-10-23,658.97998046875
2019-10-24,658.75
2019-10-25,652.3699951171875
2019-10-28,652.4199829101562
2019-10-29,658.2999877929688
2019-10-30,655.0399780273438
2019-10-31,658.52001953125
2019-11-01,662.3400268554688
2019-11-04,668.4500122070312
2019-11-05,672.1799926757812
2019-11-06,669.6799926757812
2019-11-07,666.1500244140625
2019-11-08,664.5999755859375
2019-11-11,661.3699951171875
2019-11-12,665.1400146484375
2019-11-13,661.8499755859375
2019-11-14,663.3099975585938
2019-11-15,668.510009765625
2019-11-18,669.3400268554688
2019-11-19,662.530029296875
2019-11-20,649.8699951171875
2019-11-21,635.989990234375
2019-11-22,633.9199829101562
2019-11-25,647.4000244140625
2019-11-26,651.5900268554688
2019-11-27,647.3900146484375
2019-11-28,640.1799926757812
2019-11-29,632.989990234375
2019-12-02,634.5
2019-12-03,629.5800170898438
2019-12-04,625.27001953125
2019-12-05,617.5999755859375
2019-12-06,628.0999755859375
2019-12-09,627.8599853515625
2019-12-10,627.1099853515625
2019-12-11,629.1300048828125
2019-12-12,636.9400024414062
2019-12-13,643.4500122070312
2019-12-16,644.4400024414062
2019-12-17,650.5800170898438
2019-12-18,648.9500122070312
2019-12-19,647.8499755859375
2019-12-20,649.72998046875
2019-12-23,647.6199951171875
2019-12-24,638.9099731445312
2019-12-26,652.0700073242188
2019-12-27,661.239990234375
2019-12-30,669.8300170898438
2020-01-02,674.02001953125
2020-01-03,669.9299926757812
2020-01-06,655.3099975585938
2020-01-07,663.4400024414062
2020-01-08,640.9400024414062
2020-01-09,666.0900268554688
2020-01-10,673.030029296875
2020-01-13,679.219970703125
2020-01-14,678.7100219726562
2020-01-15,679.1599731445312
2020-01-16,686.52001953125
2020-01-17,688.4099731445312
2020-01-20,683.469970703125
2020-01-21,676.52001953125
2020-01-22,688.25
2020-01-23,685.5700073242188
2020-01-28,664.7000122070312
2020-01-29,670.1799926757812
2020-01-30,656.3900146484375
2020-01-31,642.47998046875
2020-02-03,646.8499755859375
2020-02-04,661.239990234375
2020-02-05,661.3200073242188
2020-02-06,672.6900024414062
2020-02-07,672.6300048828125
2020-02-10,676.0700073242188
2020-02-11,682.3400268554688
2020-02-12,686.5900268554688
2020-02-13,687.6099853515625
2020-02-14,688.9099731445312
2020-02-17,692.5900268554688
2020-02-18,682.9199829101562
2020-02-19,684.780029296875
2020-02-20,681.6599731445312
2020-02-21,667.989990234375
2020-02-24,639.2899780273438
2020-02-25,656.9500122070312
2020-02-26,654.6300048828125
2020-02-27,638.1699829101562
2020-02-28,610.72998046875
2020-03-02,627.6599731445312
2020-03-03,626.8200073242188
2020-03-04,641.72998046875
2020-03-05,650.1900024414062
2020-03-06,642.719970703125
2020-03-09,614.5999755859375
2020-03-10,619.969970703125
2020-03-11,595.6099853515625
2020-03-12,563.489990234375
2020-03-13,524.0
2020-03-16,504.510009765625
2020-03-17,514.72998046875
2020-03-18,485.1400146484375
2020-03-19,428.3500061035156
2020-03-20,467.75
2020-03-23,443.760009765625
2020-03-24,480.3999938964844
2020-03-25,505.67999267578125
2020-03-26,516.6099853515625
2020-03-27,522.8300170898438
2020-03-30,542.1099853515625
2020-03-31,569.0700073242188
2020-04-01,551.8400268554688
2020-04-02,567.7000122070312
2020-04-03,573.010009765625
2020-04-06,597.2100219726562
2020-04-07,606.9000244140625
2020-04-08,607.3699951171875
2020-04-09,615.9500122070312
2020-04-10,611.260009765625
2020-04-13,596.7100219726562
2020-04-14,610.2899780273438
2020-04-16,623.4299926757812
2020-04-17,634.7899780273438
2020-04-20,637.8200073242188
2020-04-21,628.77001953125
2020-04-22,635.1599731445312
2020-04-23,643.7899780273438
2020-04-24,632.9600219726562
2020-04-27,646.8599853515625
2020-04-28,644.9299926757812
2020-04-29,645.1799926757812
2020-05-04,641.9099731445312
2020-05-06,658.4000244140625
2020-05-07,668.1699829101562
2020-05-08,682.2999877929688
2020-05-11,685.0399780273438
2020-05-12,684.2100219726562
2020-05-13,691.530029296875
2020-05-14,690.5700073242188
2020-05-15,691.9299926757812
2020-05-18,690.8499755859375
2020-05-19,696.3599853515625
2020-05-20,708.760009765625
2020-05-21,716.02001953125
2020-05-22,708.5800170898438
2020-05-25,719.8900146484375
2020-05-26,729.1099853515625
2020-05-27,724.5900268554688
2020-05-28,708.75
2020-05-29,713.6799926757812
2020-06-01,735.719970703125
2020-06-02,743.5800170898438
2020-06-03,737.6599731445312
2020-06-04,742.3699951171875
2020-06-05,749.3099975585938
2020-06-08,753.0399780273438
2020-06-09,753.8200073242188
2020-06-10,758.6199951171875
2020-06-11,757.0599975585938
2020-06-12,746.0599975585938
2020-06-15,693.1500244140625
2020-06-16,735.3800048828125
2020-06-17,735.4000244140625
2020-06-18,737.3300170898438
2020-06-19,742.030029296875
2020-06-22,751.6400146484375
2020-06-23,753.22998046875
2020-06-24,759.5
2020-06-25,750.3599853515625
2020-06-26,750.5800170898438
2020-06-29,734.6900024414062
2020-06-30,737.969970703125
2020-07-01,727.5800170898438
2020-07-02,742.5499877929688
2020-07-03,752.1799926757812
2020-07-06,759.9000244140625
2020-07-07,759.1599731445312
2020-07-08,765.9600219726562
2020-07-09,772.9000244140625
2020-07-10,772.8099975585938
2020-07-13,781.1900024414062
2020-07-14,778.3900146484375
2020-07-15,781.2899780273438
2020-07-16,775.0700073242188
2020-07-17,783.219970703125
2020-07-20,781.9600219726562
2020-07-21,790.5800170898438
2020-07-22,794.989990234375
2020-07-23,801.6900024414062
2020-07-24,794.7999877929688
2020-07-27,801.22998046875
2020-07-28,807.8499755859375
2020-07-29,808.5900268554688
2020-07-30,814.1900024414062
2020-07-31,815.2999877929688
2020-08-03,827.5700073242188
2020-08-04,835.3499755859375
2020-08-05,847.280029296875
2020-08-06,854.1199951171875
2020-08-07,857.6300048828125
2020-08-10,862.760009765625
2020-08-11,860.22998046875
2020-08-12,845.5999755859375
2020-08-13,854.77001953125
2020-08-14,835.030029296875
2020-08-18,800.219970703125
2020-08-19,818.739990234375
2020-08-20,791.1400146484375
2020-08-21,796.010009765625
2020-08-24,815.739990234375
2020-08-25,836.3099975585938
2020-08-26,841.3499755859375
2020-08-27,836.4000244140625
2020-08-28,841.2999877929688
2020-08-31,848.239990234375
2020-09-01,853.3699951171875
2020-09-02,866.739990234375
2020-09-03,874.1300048828125
2020-09-04,866.0399780273438
2020-09-07,878.8800048828125
2020-09-08,878.2899780273438
2020-09-09,869.469970703125
2020-09-10,884.2999877929688
2020-09-11,888.4400024414062
2020-09-14,894.1699829101562
2020-09-15,899.4600219726562
2020-09-16,896.280029296875
2020-09-17,885.1799926757812
2020-09-18,888.8800048828125
2020-09-21,866.989990234375
2020-09-22,842.719970703125
2020-09-23,843.4500122070312
2020-09-24,806.9500122070312
2020-09-25,808.280029296875
2020-09-28,835.9099731445312
2020-09-29,848.1500244140625
2020-10-05,858.3900146484375
2020-10-06,862.5800170898438
2020-10-07,869.6599731445312
2020-10-08,871.6199951171875
2020-10-12,873.5
2020-10-13,871.9199829101562
2020-10-14,861.47998046875
2020-10-15,844.4400024414062
2020-10-16,833.8400268554688
2020-10-19,822.25
2020-10-20,824.6500244140625
2020-10-21,830.6699829101562
2020-10-22,812.7000122070312
2020-10-23,807.97998046875
2020-10-26,778.02001953125
2020-10-27,783.72998046875
2020-10-28,806.2000122070312
2020-10-29,813.9299926757812
2020-10-30,792.6500244140625
2020-11-02,802.9500122070312
2020-11-03,818.4600219726562
2020-11-04,826.969970703125
2020-11-05,844.7999877929688
2020-11-06,836.780029296875
2020-11-09,851.2100219726562
2020-11-10,840.7899780273438
2020-11-11,839.9000244140625
2020-11-12,840.0800170898438
2020-11-13,839.1400146484375
2020-11-16,847.3300170898438
2020-11-17,839.469970703125
2020-11-18,851.739990234375
2020-11-19,859.9400024414062
2020-11-20,870.1799926757812
2020-11-23,873.2899780273438
2020-11-24,872.0999755859375
2020-11-25,865.1199951171875
2020-11-26,874.530029296875
2020-11-27,885.5599975585938
2020-11-30,886.1099853515625
2020-12-01,891.2899780273438
2020-12-02,899.3400268554688
2020-12-03,907.6099853515625
2020-12-04,913.760009765625
2020-12-07,926.8800048828125
2020-12-08,906.8400268554688
2020-12-09,913.8099975585938
2020-12-10,921.7000122070312
2020-12-11,928.4400024414062
2020-12-14,929.5399780273438
2020-12-15,931.27001953125
2020-12-16,939.6500244140625
2020-12-17,944.0399780273438
2020-12-18,947.239990234375
2020-12-21,953.5800170898438
2020-12-22,928.72998046875
2020-12-23,923.1699829101562
2020-12-24,928.6799926757812
2020-12-28,927.0
2020-12-29,957.4099731445312
2020-12-30,968.4199829101562
2021-01-04,977.6199951171875
2021-01-05,985.760009765625
2021-01-06,981.3900146484375
2021-01-07,988.8599853515625
2021-01-08,987.7899780273438
2021-01-11,976.6300048828125
2021-01-12,973.719970703125
2021-01-13,979.1300048828125
2021-01-14,980.2899780273438
2021-01-15,964.4400024414062
2021-01-18,944.6699829101562
2021-01-19,957.75
2021-01-20,977.6599731445312
2021-01-21,981.4000244140625
2021-01-22,979.97998046875
2021-01-25,999.2999877929688
2021-01-26,994.0
2021-01-27,985.9199829101562
2021-01-28,961.22998046875
2021-01-29,928.72998046875
2021-02-01,956.9199829101562
2021-02-02,963.8099975585938
2021-02-03,970.6900024414062
2021-02-04,964.5800170898438
2021-02-05,967.4199829101562
2021-02-08,960.780029296875
2021-02-09,957.8499755859375
2021-02-10,964.3099975585938
2021-02-15,981.969970703125
2021-02-16,977.739990234375
2021-02-17,979.77001953125
2021-02-18,967.4199829101562
2021-02-19,965.1099853515625
2021-02-22,954.2899780273438
2021-02-23,936.5999755859375
2021-02-24,906.3099975585938
2021-02-25,936.2100219726562
2021-02-26,913.9400024414062
2021-03-02,923.1699829101562
2021-03-03,930.7999877929688
2021-03-04,926.2000122070312
2021-03-05,923.47998046875
2021-03-08,904.77001953125
2021-03-09,896.3599853515625
2021-03-10,890.0700073242188
2021-03-11,908.010009765625
2021-03-12,925.489990234375
2021-03-15,926.9000244140625
2021-03-16,940.6500244140625
2021-03-17,943.780029296875
2021-03-18,949.8300170898438
2021-03-19,952.1099853515625
2021-03-22,955.3800048828125
2021-03-23,946.3099975585938
2021-03-24,953.8200073242188
2021-03-25,954.989990234375
2021-03-26,956.7000122070312
2021-03-29,954.0999755859375
2021-03-30,958.0599975585938
2021-03-31,956.1699829101562
2021-04-01,965.780029296875
2021-04-02,970.0900268554688
2021-04-05,969.77001953125
2021-04-06,968.6300048828125
2021-04-07,973.219970703125
2021-04-08,982.02001953125
2021-04-09,989.3900146484375
2021-04-12,1000.6500244140625
2021-04-13,1010.3699951171875
2021-04-14,1014.4199829101562
2021-04-15,1013.9000244140625
2021-04-16,1021.6199951171875
2021-04-19,1029.4599609375
2021-04-20,1031.8800048828125
2021-04-21,1022.219970703125
2021-04-22,1025.7099609375
2021-04-23,1026.8199462890625
2021-04-26,1030.06005859375
2021-04-27,1021.010009765625
2021-04-28,998.27001953125
2021-04-29,990.6900024414062
2021-04-30,983.4500122070312
2021-05-03,961.8099975585938
2021-05-04,967.2000122070312
2021-05-06,969.989990234375
2021-05-07,978.2999877929688
2021-05-10,992.7999877929688
2021-05-11,978.6099853515625
2021-05-12,967.0999755859375
2021-05-13,951.77001953125
2021-05-14,966.719970703125
2021-05-17,962.5
2021-05-18,969.0999755859375
2021-05-20,971.1300048828125
2021-05-21,965.6300048828125
2021-05-24,948.3699951171875
2021-05-25,962.0700073242188
2021-05-26,966.0599975585938
2021-05-27,974.0800170898438
2021-05-28,977.4600219726562
2021-05-31,981.780029296875
2021-06-01,984.5900268554688
2021-06-02,981.0999755859375
2021-06-03,990.1900024414062
2021-06-04,987.5800170898438
2021-06-07,985.8599853515625
2021-06-08,986.1199951171875
2021-06-09,978.7899780273438
2021-06-10,987.77001953125
2021-06-11,991.1300048828125
2021-06-14,997.4099731445312
2021-06-15,997.3699951171875
2021-06-16,998.489990234375
2021-06-17,1003.719970703125
2021-06-18,1015.8800048828125
2021-06-21,1010.989990234375
2021-06-22,1011.5599975585938
2021-06-23,1016.4600219726562
2021-06-24,1012.6199951171875
2021-06-25,1012.1300048828125
2021-06-28,1017.9099731445312
2021-06-29,1022.52001953125
2021-06-30,1029.9599609375
2021-07-01,1035.6400146484375
2021-07-02,1038.1800537109375
2021-07-05,1047.3299560546875
2021-07-06,1044.9599609375
2021-07-07,1047.3599853515625
2021-07-08,1034.47998046875
2021-07-09,1028.9300537109375
2021-07-12,1034.6400146484375
2021-07-13,1043.31005859375
2021-07-14,1044.97998046875
2021-07-15,1054.31005859375
2021-07-16,1051.97998046875
2021-07-19,1049.8299560546875
2021-07-20,1043.6400146484375
2021-07-21,1042.030029296875
2021-07-22,1050.25
2021-07-23,1055.5
2021-07-26,1047.6300048828125
2021-07-27,1046.550048828125
2021-07-28,1035.6800537109375
2021-07-29,1044.1300048828125
2021-07-30,1031.1400146484375
2021-08-02,1037.800048828125
2021-08-03,1036.1099853515625
2021-08-04,1047.9300537109375
2021-08-05,1059.5400390625
2021-08-06,1059.800048828125
2021-08-09,1060.0
2021-08-10,1052.0699462890625
2021-08-11,1051.9200439453125
2021-08-12,1054.0899658203125
2021-08-13,1040.780029296875
2021-08-17,1011.0499877929688
2021-08-18,1021.0800170898438
2021-08-19,991.1500244140625
2021-08-20,967.9000244140625
2021-08-23,993.1799926757812
2021-08-24,1013.1799926757812
2021-08-25,1017.780029296875
2021-08-26,1020.4400024414062
2021-08-27,1023.510009765625
2021-08-30,1031.8399658203125
2021-08-31,1038.3299560546875
2021-09-01,1045.97998046875
2021-09-02,1047.18994140625
2021-09-03,1053.8499755859375
2021-09-06,1052.9599609375
2021-09-07,1054.4300537109375
2021-09-08,1037.219970703125
2021-09-09,1034.6199951171875
2021-09-10,1037.9100341796875
2021-09-13,1026.3399658203125
2021-09-14,1037.739990234375
2021-09-15,1042.7900390625
2021-09-16,1039.4300537109375
2021-09-17,1046.1199951171875
2021-09-23,1036.260009765625
2021-09-24,1037.030029296875
2021-09-27,1034.8199462890625
2021-09-28,1012.510009765625
2021-09-29,1001.4600219726562
2021-09-30,1003.27001953125
2021-10-01,983.2000122070312
2021-10-05,955.3699951171875
2021-10-06,922.3599853515625
2021-10-07,953.4299926757812
2021-10-08,953.1099853515625
2021-10-12,940.1500244140625
2021-10-13,953.469970703125
2021-10-14,983.4299926757812
2021-10-15,990.5399780273438
2021-10-18,993.8599853515625
2021-10-19,1005.3499755859375
2021-10-20,1001.6199951171875
2021-10-21,993.7000122070312
2021-10-22,995.0700073242188
2021-10-25,994.3099975585938
2021-10-26,1011.760009765625
2021-10-27,1008.9500122070312
2021-10-28,1000.1300048828125
2021-10-29,992.3300170898438
2021-11-01,998.5700073242188
2021-11-02,1009.4400024414062
2021-11-03,1005.0
2021-11-04,1001.4299926757812
2021-11-05,1001.3499755859375
2021-11-08,1002.5
2021-11-09,1008.6799926757812
2021-11-10,987.75
2021-11-11,992.6500244140625
2021-11-12,1009.0700073242188
2021-11-15,1029.030029296875
2021-11-16,1035.4599609375
2021-11-17,1031.260009765625
2021-11-18,1032.77001953125
2021-11-19,1041.9200439453125
2021-11-22,1032.31005859375
2021-11-23,1013.719970703125
2021-11-24,1020.1300048828125
2021-11-25,1015.6599731445312
2021-11-26,1005.8900146484375
2021-11-29,992.3400268554688
2021-11-30,965.6300048828125
2021-12-01,977.1500244140625
2021-12-02,977.4299926757812
2021-12-03,998.469970703125
2021-12-06,991.8699951171875
2021-12-07,996.6400146484375
2021-12-08,1006.0399780273438
2021-12-09,1022.8699951171875
2021-12-10,1011.5700073242188
2021-12-13,1005.9600219726562
2021-12-14,1002.8099975585938
2021-12-15,1003.52001953125
2021-12-16,1007.8599853515625
2021-12-17,1001.260009765625
2021-12-20,990.510009765625
2021-12-21,996.5999755859375
2021-12-22,1000.1300048828125
2021-12-23,1003.3099975585938
2021-12-24,1007.4199829101562
2021-12-27,1011.3599853515625
2021-12-28,1027.43994140625
2021-12-29,1028.050048828125
2021-12-30,1033.97998046875
2022-01-04,1031.6600341796875
2022-01-05,1009.6199951171875
2022-01-06,980.2999877929688
2022-01-07,995.1599731445312
2022-01-10,980.3800048828125
2022-01-11,969.9199829101562
2022-01-12,991.3300170898438
2022-01-13,983.25
2022-01-14,971.3900146484375
2022-01-17,957.9000244140625
2022-01-18,943.9400024414062
2022-01-19,933.9000244140625
2022-01-20,958.7000122070312
2022-01-21,942.8499755859375
2022-01-24,915.4000244140625
2022-01-25,889.4400024414062
2022-01-26,882.0900268554688
2022-01-27,849.22998046875
2022-01-28,872.8699951171875
2022-02-03,891.5999755859375
2022-02-04,902.8699951171875
2022-02-07,899.4000244140625
2022-02-08,895.27001953125
2022-02-09,910.530029296875
2022-02-10,895.6799926757812
2022-02-11,877.4199829101562
2022-02-14,852.7899780273438
2022-02-15,839.9199829101562
2022-02-16,878.1500244140625
2022-02-17,874.219970703125
2022-02-18,881.7100219726562
2022-02-21,884.25
2022-02-22,868.1099853515625
2022-02-23,877.3300170898438
2022-02-24,848.2100219726562
2022-02-25,872.97998046875
2022-02-28,881.0700073242188
2022-03-02,895.4500122070312
2022-03-03,912.3200073242188
2022-03-04,900.9600219726562
2022-03-07,881.5399780273438
2022-03-08,870.1400146484375
2022-03-10,889.0800170898438
2022-03-11,891.7100219726562
2022-03-14,872.4400024414062
2022-03-15,871.219970703125
2022-03-16,891.7999877929688
2022-03-17,914.1300048828125
2022-03-18,922.9600219726562
2022-03-21,918.4000244140625
2022-03-22,924.6699829101562
2022-03-23,930.5700073242188
2022-03-24,931.75
2022-03-25,934.6900024414062
2022-03-28,927.1099853515625
2022-03-29,937.8300170898438
2022-03-30,939.0700073242188
2022-03-31,944.530029296875
2022-04-01,940.5700073242188
2022-04-04,947.3200073242188
2022-04-05,952.469970703125
2022-04-06,943.1300048828125
2022-04-07,927.9500122070312
2022-04-08,934.72998046875
2022-04-11,921.8300170898438
2022-04-12,913.8200073242188
2022-04-13,927.3099975585938
2022-04-14,928.010009765625
2022-04-15,924.4400024414062
2022-04-18,918.22998046875
2022-04-19,931.5599975585938
2022-04-20,928.9299926757812
2022-04-21,929.6799926757812
2022-04-22,922.780029296875
2022-04-25,899.8400268554688
2022-04-26,911.1599731445312
2022-04-27,896.1799926757812
2022-04-28,892.219970703125
2022-04-29,904.75
2022-05-02,901.8200073242188
2022-05-03,907.5700073242188
2022-05-04,900.0599975585938
2022-05-06,884.219970703125
2022-05-10,856.1400146484375
2022-05-11,866.3400268554688
2022-05-12,833.6599731445312
2022-05-13,853.0800170898438
2022-05-16,856.25
2022-05-17,865.97998046875
2022-05-18,865.97998046875
2022-05-19,863.7999877929688
2022-05-20,879.8800048828125
2022-05-23,883.5900268554688
2022-05-24,865.0700073242188
2022-05-25,872.6900024414062
2022-05-26,871.4299926757812
2022-05-27,873.969970703125
2022-05-30,886.4400024414062
2022-05-31,893.3599853515625
2022-06-02,891.1400146484375
2022-06-03,891.510009765625
2022-06-07,873.780029296875
2022-06-08,874.9500122070312
2022-06-09,877.1799926757812
2022-06-10,869.8599853515625
2022-06-13,828.77001953125
2022-06-14,823.5800170898438
2022-06-15,799.4099731445312
2022-06-16,802.1500244140625
2022-06-17,798.6900024414062
2022-06-20,769.9199829101562
2022-06-21,778.2999877929688
2022-06-22,746.9600219726562
2022-06-23,714.3800048828125
2022-06-24,750.2999877929688
2022-06-27,770.5999755859375
2022-06-28,769.510009765625
2022-06-29,762.3499755859375
2022-06-30,745.4400024414062
2022-07-01,729.47998046875
2022-07-04,722.72998046875
2022-07-05,750.9500122070312
2022-07-06,744.6300048828125
2022-07-07,757.969970703125
2022-07-08,766.47998046875
2022-07-11,767.0399780273438
2022-07-12,750.780029296875
2022-07-13,763.1799926757812
2022-07-14,766.0800170898438
2022-07-15,762.3900146484375
2022-07-18,776.719970703125
2022-07-19,782.3300170898438
2022-07-20,790.719970703125
2022-07-21,795.1500244140625
2022-07-22,789.75
2022-07-25,789.6900024414062
2022-07-26,789.9299926757812
2022-07-27,795.7000122070312
2022-07-28,798.3200073242188
2022-07-29,803.6199951171875
2022-08-01,807.6099853515625
2022-08-02,804.3400268554688
2022-08-03,815.3599853515625
2022-08-04,825.1599731445312
2022-08-05,831.6400146484375
2022-08-08,830.8599853515625
2022-08-09,833.6500244140625
2022-08-10,820.27001953125
2022-08-11,832.1500244140625
2022-08-12,831.6300048828125
2022-08-16,834.739990234375
2022-08-17,827.4199829101562
2022-08-18,826.0599975585938
2022-08-19,814.1699829101562
2022-08-22,795.8699951171875
2022-08-23,783.4199829101562
2022-08-24,793.1400146484375
2022-08-25,807.3699951171875
2022-08-26,802.4500122070312
2022-08-29,779.8900146484375
2022-08-30,797.02001953125
2022-08-31,807.0399780273438
2022-09-01,788.3200073242188
2022-09-02,785.8800048828125
2022-09-05,771.4299926757812
2022-09-06,779.4600219726562
2022-09-07,768.1900024414062
2022-09-08,777.8099975585938
2022-09-13,796.7899780273438
2022-09-14,782.9299926757812
2022-09-15,781.3800048828125
2022-09-16,770.0399780273438
2022-09-19,751.9099731445312
2022-09-20,760.3499755859375
2022-09-21,754.8900146484375
2022-09-22,751.4099731445312
2022-09-23,729.3599853515625
2022-09-26,692.3699951171875
2022-09-27,698.1099853515625
2022-09-28,673.8699951171875
2022-09-29,675.0700073242188
2022-09-30,672.6500244140625
2022-10-04,696.7899780273438
2022-10-05,685.3400268554688
2022-10-06,706.010009765625
2022-10-07,698.489990234375
2022-10-11,669.5
2022-10-12,671.6699829101562
2022-10-13,651.5900268554688
2022-10-14,678.239990234375
2022-10-17,682.0
2022-10-18,697.0900268554688
2022-10-19,690.5599975585938
2022-10-20,680.4400024414062
2022-10-21,674.47998046875
2022-10-24,688.5
2022-10-25,688.8499755859375
2022-10-26,683.1699829101562
2022-10-27,695.0900268554688
2022-10-28,687.6300048828125
2022-10-31,695.3300170898438
2022-11-01,700.0499877929688
2022-11-02,697.3699951171875
2022-11-03,694.1300048828125
2022-11-04,693.8900146484375
2022-11-07,700.47998046875
2022-11-08,713.3300170898438
2022-11-09,714.5999755859375
2022-11-10,707.780029296875
2022-11-11,731.219970703125
2022-11-14,729.5399780273438
2022-11-15,744.9600219726562
2022-11-16,743.0999755859375
2022-11-17,737.5399780273438
2022-11-18,731.9199829101562
2022-11-21,718.5700073242188
2022-11-22,712.260009765625
2022-11-23,725.5900268554688
2022-11-24,738.219970703125
2022-11-25,733.5599975585938
2022-11-28,717.9000244140625
2022-11-29,727.5399780273438
2022-11-30,729.5399780273438
2022-12-01,740.5999755859375
2022-12-02,732.9500122070312
2022-12-05,733.3200073242188
2022-12-06,719.4400024414062
2022-12-07,718.1400146484375
2022-12-08,712.52001953125
2022-12-09,719.489990234375
2022-12-12,715.219970703125
2022-12-13,715.1599731445312
2022-12-14,729.0
2022-12-15,722.6799926757812
2022-12-16,717.4099731445312
2022-12-19,717.219970703125
2022-12-20,703.1300048828125
2022-12-21,705.7000122070312
2022-12-22,715.02001953125
2022-12-23,691.25
2022-12-27,704.1900024414062
2022-12-28,692.3699951171875
2022-12-29,679.2899780273438
2023-01-02,671.510009765625
2023-01-03,674.9500122070312
2023-01-04,683.6699829101562
2023-01-05,679.9199829101562
2023-01-06,688.9400024414062
2023-01-09,701.2100219726562
2023-01-10,696.0499877929688
2023-01-11,709.77001953125
2023-01-12,710.8200073242188
2023-01-13,711.8200073242188
2023-01-16,716.8900146484375
2023-01-17,709.7100219726562
2023-01-18,711.75
2023-01-19,712.8900146484375
2023-01-20,717.969970703125
2023-01-25,732.3499755859375
2023-01-26,738.9400024414062
2023-01-27,741.25
2023-01-30,738.6199951171875
2023-01-31,740.489990234375
2023-02-01,750.9600219726562
2023-02-02,764.6199951171875
2023-02-03,766.7899780273438
2023-02-06,761.3300170898438
2023-02-07,772.7899780273438
2023-02-08,779.97998046875
2023-02-09,784.5800170898438
2023-02-10,772.4400024414062
2023-02-13,772.5499877929688
2023-02-14,779.5800170898438
2023-02-15,765.4600219726562
2023-02-16,784.7100219726562
2023-02-17,775.6199951171875
2023-02-20,788.8900146484375
2023-02-21,793.4199829101562
2023-02-22,778.510009765625
2023-02-23,783.280029296875
2023-02-24,778.8800048828125
2023-02-27,780.2999877929688
2023-02-28,791.5999755859375
2023-03-02,787.1900024414062
2023-03-03,802.4199829101562
2023-03-06,816.510009765625
2023-03-07,815.760009765625
2023-03-08,813.9500122070312
2023-03-09,809.219970703125
2023-03-10,788.5999755859375
2023-03-13,788.8900146484375
2023-03-14,758.0499877929688
2023-03-15,781.1699829101562
2023-03-16,781.97998046875
2023-03-17,797.3900146484375
2023-03-20,802.2000122070312
2023-03-21,802.530029296875
2023-03-22,813.4299926757812
2023-03-23,812.1900024414062
2023-03-24,824.1099853515625
2023-03-27,827.6900024414062
2023-03-28,833.510009765625
2023-03-29,843.9400024414062
2023-03-30,850.47998046875
2023-03-31,847.52001953125
2023-04-03,854.9600219726562
2023-04-04,857.1799926757812
2023-04-05,872.3599853515625
2023-04-06,865.5800170898438
2023-04-07,880.0700073242188
2023-04-10,887.780029296875
2023-04-11,898.9400024414062
2023-04-12,890.6199951171875
2023-04-13,894.25
2023-04-14,903.8400268554688
2023-04-17,909.5
2023-04-18,909.02001953125
2023-04-19,909.2000122070312
2023-04-20,885.7100219726562
2023-04-21,868.8200073242188
2023-04-24,855.22998046875
2023-04-25,838.7100219726562
2023-04-26,830.4400024414062
2023-04-27,850.2100219726562
2023-04-28,842.8300170898438
2023-05-02,855.6099853515625
2023-05-03,843.1799926757812
2023-05-04,845.0599975585938
2023-05-08,842.280029296875
2023-05-09,835.8499755859375
2023-05-10,829.739990234375
2023-05-11,824.5399780273438
2023-05-12,822.4299926757812
2023-05-15,814.530029296875
2023-05-16,816.75
2023-05-17,834.1900024414062
2023-05-18,835.8900146484375
2023-05-19,841.719970703125
2023-05-22,852.0399780273438
2023-05-23,859.1599731445312
2023-05-24,855.4600219726562
2023-05-25,847.719970703125
2023-05-26,843.22998046875
2023-05-30,851.5
2023-05-31,856.9400024414062
2023-06-01,863.780029296875
2023-06-02,868.0599975585938
2023-06-05,870.280029296875
2023-06-07,880.719970703125
2023-06-08,876.1300048828125
2023-06-09,883.7100219726562
2023-06-12,885.760009765625
2023-06-13,896.8099975585938
2023-06-14,871.8300170898438
2023-06-15,878.0399780273438
2023-06-16,887.9500122070312
2023-06-19,888.6099853515625
2023-06-20,886.4099731445312
2023-06-21,875.7000122070312
2023-06-22,876.3800048828125
2023-06-23,874.8400268554688
2023-06-26,879.5
2023-06-27,874.1400146484375
2023-06-28,866.969970703125
2023-06-29,861.7899780273438
2023-06-30,868.239990234375
2023-07-03,889.2899780273438
2023-07-04,890.0
2023-07-05,891.1799926757812
2023-07-06,870.530029296875
2023-07-07,867.27001953125
2023-07-10,860.3499755859375
2023-07-11,878.72998046875
2023-07-12,879.8800048828125
2023-07-13,893.0700073242188
2023-07-14,896.280029296875
2023-07-17,898.2899780273438
2023-07-18,914.1400146484375
2023-07-19,923.719970703125
2023-07-20,931.5999755859375
2023-07-21,934.5800170898438
2023-07-24,929.9000244140625
2023-07-25,939.9600219726562
2023-07-26,900.6300048828125
2023-07-27,883.7899780273438
2023-07-28,913.739990234375
2023-07-31,935.969970703125
2023-08-01,939.6699829101562
2023-08-02,909.760009765625
2023-08-03,920.3200073242188
2023-08-04,918.4299926757812
2023-08-07,898.219970703125
2023-08-08,892.3400268554688
2023-08-09,908.97998046875
2023-08-10,911.2899780273438
2023-08-11,912.2000122070312
2023-08-14,901.6799926757812
2023-08-16,878.2899780273438
2023-08-17,886.0399780273438
2023-08-18,877.3200073242188
2023-08-21,888.7100219726562
2023-08-22,893.3300170898438
2023-08-23,882.8699951171875
2023-08-24,901.739990234375
2023-08-25,899.3800048828125
2023-08-28,909.3800048828125
2023-08-29,916.239990234375
2023-08-30,923.8099975585938
2023-08-31,928.4000244140625
2023-09-01,919.739990234375
2023-09-04,919.1599731445312
2023-09-05,921.47998046875
2023-09-06,917.9500122070312
2023-09-07,906.3599853515625
2023-09-08,914.1799926757812
2023-09-11,912.5499877929688
2023-09-12,898.0399780273438
2023-09-13,882.719970703125
2023-09-14,899.469970703125
2023-09-15,899.030029296875
2023-09-18,891.2899780273438
2023-09-19,883.8900146484375
2023-09-20,882.719970703125
2023-09-21,860.6799926757812
2023-09-22,857.3499755859375
2023-09-25,839.1699829101562
2023-09-26,827.8200073242188
2023-09-27,841.02001953125
2023-10-04,807.4000244140625
2023-10-05,801.02001953125
2023-10-06,816.3900146484375
2023-10-10,795.0
2023-10-11,817.1199951171875
2023-10-12,835.489990234375
2023-10-13,822.780029296875
2023-10-16,810.5399780273438
2023-10-17,820.3800048828125
2023-10-18,808.8900146484375
2023-10-19,784.0399780273438
2023-10-20,769.25
2023-10-23,763.6900024414062
2023-10-24,784.8599853515625
2023-10-25,770.8400268554688
2023-10-26,743.8499755859375
2023-10-27,748.489990234375
2023-10-30,757.1199951171875
2023-10-31,736.0999755859375
2023-11-01,739.22998046875
2023-11-02,772.8400268554688
2023-11-03,782.0499877929688
2023-11-06,839.4500122070312
2023-11-07,824.3699951171875
2023-11-08,811.02001953125
2023-11-09,802.8699951171875
2023-11-10,789.3099975585938
2023-11-13,774.4199829101562
2023-11-14,794.1900024414062
2023-11-15,809.3599853515625
2023-11-16,811.1099853515625
2023-11-17,799.0599975585938
2023-11-20,813.0800170898438
2023-11-21,817.010009765625
2023-11-22,814.6099853515625
2023-11-23,815.97998046875
2023-11-24,815.0
2023-11-27,810.25
2023-11-28,816.4400024414062
2023-11-29,822.4400024414062
2023-11-30,831.6799926757812
2023-12-01,827.239990234375
2023-12-04,828.52001953125
2023-12-05,813.3800048828125
2023-12-06,819.5399780273438
2023-12-07,813.2000122070312
2023-12-08,830.3699951171875
2023-12-11,835.25
2023-12-12,839.530029296875
2023-12-13,829.3099975585938
2023-12-14,840.5900268554688
2023-12-15,838.3099975585938
2023-12-18,850.9600219726562
2023-12-19,858.2999877929688
2023-12-20,862.97998046875
2023-12-21,859.4400024414062
2023-12-22,854.6199951171875
2023-12-26,848.3400268554688
2023-12-27,859.7899780273438
2023-12-28,866.5700073242188
2024-01-02,878.9299926757812
2024-01-03,871.5700073242188
2024-01-04,866.25
2024-01-05,878.3300170898438
2024-01-08,879.3400268554688
2024-01-09,884.6400146484375
2024-01-10,875.4600219726562
2024-01-11,882.530029296875
2024-01-12,868.0800170898438
2024-01-15,859.7100219726562
2024-01-16,854.8300170898438
2024-01-17,833.0499877929688
2024-01-18,840.3300170898438
2024-01-19,842.6699829101562
2024-01-22,839.6900024414062
2024-01-23,840.1099853515625
2024-01-24,836.2100219726562
2024-01-25,823.739990234375
2024-01-26,837.239990234375
2024-01-29,819.1400146484375
2024-01-30,818.8599853515625
2024-01-31,799.239990234375
2024-02-01,798.72998046875
2024-02-02,814.77001953125
2024-02-05,807.989990234375
2024-02-06,807.030029296875
2024-02-07,811.9199829101562
2024-02-08,826.5800170898438
2024-02-13,845.1500244140625
2024-02-14,853.2999877929688
2024-02-15,859.2100219726562
2024-02-16,857.5999755859375
2024-02-19,858.469970703125
2024-02-20,866.1699829101562
2024-02-21,864.0700073242188
2024-02-22,870.1099853515625
2024-02-23,868.5700073242188
2024-02-26,867.4000244140625
2024-02-27,853.75
2024-02-28,863.3900146484375
2024-02-29,862.9600219726562
2024-03-04,872.969970703125
2024-03-05,866.3699951171875
2024-03-06,870.6699829101562
2024-03-07,863.3699951171875
2024-03-08,873.1799926757812
2024-03-11,875.9299926757812
2024-03-12,889.7100219726562
2024-03-13,889.9299926757812
2024-03-14,887.52001953125
2024-03-15,880.4600219726562
2024-03-18,894.47998046875
2024-03-19,891.9099731445312
2024-03-20,891.4500122070312
2024-03-21,904.2899780273438
2024-03-22,903.97998046875
2024-03-25,913.6900024414062
2024-03-26,916.0900268554688
2024-03-27,911.25
2024-03-28,910.0499877929688
2024-03-29,905.5
2024-04-01,912.4500122070312
2024-04-02,891.5900268554688
2024-04-03,879.9600219726562
2024-04-04,882.9000244140625
2024-04-05,872.2899780273438
2024-04-08,860.5700073242188
2024-04-09,859.3300170898438
2024-04-11,858.0999755859375
2024-04-12,860.469970703125
2024-04-15,852.4199829101562
2024-04-16,832.8099975585938
2024-04-17,833.030029296875
2024-04-18,855.6500244140625
2024-04-19,841.9099731445312
2024-04-22,845.8200073242188
2024-04-23,845.4400024414062
2024-04-24,862.22998046875
2024-04-25,853.260009765625
2024-04-26,856.8200073242188
2024-04-29,869.719970703125
2024-04-30,868.9299926757812
2024-05-02,867.47998046875
2024-05-03,865.5900268554688
2024-05-07,871.260009765625
2024-05-08,872.4199829101562
2024-05-09,870.1500244140625
2024-05-10,864.1599731445312
2024-05-13,854.4299926757812
2024-05-14,862.1500244140625
2024-05-16,870.3699951171875
2024-05-17,855.0599975585938
2024-05-20,847.0800170898438
2024-05-21,846.510009765625
2024-05-22,845.719970703125
2024-05-23,846.5800170898438
2024-05-24,839.4099731445312
2024-05-27,847.989990234375
2024-05-28,851.010009765625
2024-05-29,838.4500122070312
2024-05-30,831.989990234375
2024-05-31,839.97998046875
2024-06-03,844.719970703125
2024-06-04,845.8400268554688
2024-06-05,850.75
2024-06-07,866.1799926757812
2024-06-10,864.7100219726562
2024-06-11,868.3599853515625
2024-06-12,870.6699829101562
2024-06-13,871.3300170898438
2024-06-14,862.1900024414062
2024-06-17,858.9600219726562
2024-06-18,858.9500122070312
2024-06-19,861.1699829101562
2024-06-20,857.510009765625
2024-06-21,852.6699829101562
2024-06-24,841.52001953125
2024-06-25,841.989990234375
2024-06-26,842.1199951171875
2024-06-27,838.6500244140625
2024-06-28,840.4400024414062
2024-07-01,847.1500244140625
2024-07-02,829.9099731445312
2024-07-03,836.0999755859375
2024-07-04,840.8099975585938
2024-07-05,847.489990234375
2024-07-08,859.27001953125
2024-07-09,860.4199829101562
2024-07-10,858.5499877929688
2024-07-11,852.4199829101562
2024-07-12,850.3699951171875
2024-07-15,852.8800048828125
2024-07-16,839.6099853515625
2024-07-17,829.4099731445312
2024-07-18,822.47998046875
2024-07-19,828.719970703125
2024-07-22,809.9600219726562
2024-07-23,812.1199951171875
2024-07-24,814.25
2024-07-25,797.2899780273438
2024-07-26,797.5599975585938
2024-07-29,807.989990234375
2024-07-30,803.780029296875
2024-07-31,803.1500244140625
2024-08-01,813.530029296875
2024-08-02,779.3300170898438
2024-08-05,691.280029296875
2024-08-06,732.8699951171875
2024-08-07,748.5399780273438
2024-08-08,745.280029296875
2024-08-09,764.4299926757812
2024-08-12,772.719970703125
2024-08-13,764.8599853515625
2024-08-14,776.8300170898438
2024-08-16,786.3300170898438
2024-08-19,777.469970703125
2024-08-20,787.4400024414062
2024-08-21,779.8699951171875
2024-08-22,773.469970703125
2024-08-23,773.260009765625
2024-08-26,766.7899780273438
2024-08-27,764.9500122070312
2024-08-28,762.5
2024-08-29,756.0399780273438
2024-08-30,767.6599731445312
2024-09-02,769.2100219726562
2024-09-03,760.3699951171875
2024-09-04,731.75
2024-09-05,725.280029296875
2024-09-06,706.5900268554688
2024-09-09,714.4600219726562
2024-09-10,706.2000122070312
2024-09-11,709.4199829101562
2024-09-12,731.030029296875
2024-09-13,733.2000122070312
2024-09-19,739.510009765625
2024-09-20,748.3300170898438
2024-09-23,755.1199951171875
2024-09-24,767.3499755859375
2024-09-25,759.2999877929688
2024-09-26,779.1799926757812
2024-09-27,774.489990234375
2024-09-30,763.8800048828125
2024-10-02,762.1300048828125
2024-10-04,768.97998046875
2024-10-07,781.010009765625
2024-10-08,778.239990234375
2024-10-10,775.47998046875
2024-10-11,770.97998046875
2024-10-14,770.260009765625
2024-10-15,773.8099975585938
2024-10-16,765.7899780273438
2024-10-17,765.0599975585938
2024-10-18,753.219970703125
2024-10-21,759.9500122070312
2024-10-22,738.3400268554688
2024-10-23,745.1900024414062
2024-10-24,734.5900268554688
2024-10-25,727.4099731445312
2024-10-28,740.47998046875
2024-10-29,744.1799926757812
2024-10-30,738.1900024414062
2024-10-31,743.0599975585938
2024-11-01,729.0499877929688
2024-11-04,754.0800170898438
2024-11-05,751.8099975585938
2024-11-06,743.3099975585938
2024-11-07,733.52001953125
2024-11-08,743.3800048828125
2024-11-11,728.8400268554688
2024-11-12,710.52001953125
2024-11-13,689.6500244140625
2024-11-14,681.5599975585938
2024-11-15,685.4199829101562
2024-11-18,689.5499877929688
2024-11-19,686.1199951171875
2024-11-20,682.9099731445312
2024-11-21,680.6699829101562
2024-11-22,677.010009765625
2024-11-25,696.8300170898438
2024-11-26,693.1500244140625
2024-11-27,692.0
2024-11-28,694.3900146484375
2024-11-29,678.1900024414062
2024-12-02,675.8400268554688
2024-12-03,690.7999877929688
2024-12-04,677.1500244140625
2024-12-05,670.9400024414062
2024-12-06,661.3300170898438
2024-12-09,627.010009765625
2024-12-10,661.5900268554688
2024-12-11,675.9199829101562
2024-12-12,683.3499755859375
2024-12-13,693.72998046875
2024-12-16,698.530029296875
2024-12-17,694.469970703125
2024-12-18,697.5700073242188
2024-12-19,684.3599853515625
2024-12-20,668.3099975585938
2024-12-23,679.239990234375
2024-12-24,680.1099853515625
2024-12-26,675.6400146484375
2024-12-27,665.969970703125
2024-12-30,678.1900024414062
2025-01-02,686.6300048828125
2025-01-03,705.760009765625
2025-01-06,717.9600219726562
2025-01-07,718.2899780273438
2025-01-08,719.6300048828125
2025-01-09,723.52001953125
2025-01-10,717.8900146484375
2025-01-13,708.2100219726562
2025-01-14,718.0399780273438
2025-01-15,711.6099853515625
2025-01-16,724.239990234375
2025-01-17,724.6900024414062
2025-01-20,727.6599731445312
2025-01-21,726.0700073242188
2025-01-22,732.3099975585938
2025-01-23,724.010009765625
2025-01-24,728.739990234375
2025-01-31,728.2899780273438
2025-02-03,703.7999877929688
2025-02-04,719.9199829101562
2025-02-05,730.97998046875
2025-02-06,740.3200073242188
2025-02-07,742.9000244140625
2025-02-10,749.6699829101562
2025-02-11,749.5900268554688
2025-02-12,745.1799926757812
2025-02-13,749.280029296875
2025-02-14,756.3200073242188
2025-02-17,768.47998046875
2025-02-18,773.6500244140625
2025-02-19,778.27001953125
2025-02-20,768.27001953125
2025-02-21,774.6500244140625
2025-02-24,773.3300170898438
2025-02-25,769.4299926757812
2025-02-26,771.4099731445312
2025-02-27,770.8499755859375
2025-02-28,743.9600219726562
2025-03-04,737.9000244140625
2025-03-05,746.9500122070312
2025-03-06,734.9199829101562
2025-03-07,727.7000122070312
2025-03-10,725.8200073242188
2025-03-11,721.5
2025-03-12,729.489990234375
2025-03-13,722.7999877929688
2025-03-14,734.260009765625
2025-03-17,743.510009765625
2025-03-18,745.5399780273438
2025-03-19,738.3499755859375
2025-03-20,725.1500244140625
2025-03-21,719.4099731445312
2025-03-24,720.219970703125
2025-03-25,711.260009765625
2025-03-26,716.47998046875
2025-03-27,707.489990234375
2025-03-28,693.760009765625
2025-03-31,672.8499755859375
2025-04-01,691.4500122070312
2025-04-02,684.8499755859375
2025-04-03,683.489990234375
2025-04-04,687.3900146484375
2025-04-07,651.2999877929688
2025-04-08,658.4500122070312
2025-04-09,643.3900146484375
2025-04-10,681.7899780273438
2025-04-11,695.5900268554688
2025-04-14,708.97998046875
2025-04-15,711.9199829101562
2025-04-16,699.1099853515625
2025-04-17,711.75
2025-04-18,717.77001953125
2025-04-21,715.4500122070312
2025-04-22,716.1199951171875
2025-04-23,726.0800170898438
2025-04-24,726.0800170898438
2025-04-25,729.6900024414062
2025-04-28,719.4099731445312
2025-04-29,726.4600219726562
2025-04-30,717.239990234375
2025-05-02,721.8599853515625
2025-05-07,722.8099975585938
2025-05-08,729.5900268554688
2025-05-09,722.52001953125
2025-05-12,725.4000244140625
2025-05-13,731.8800048828125
2025-05-14,739.0499877929688
2025-05-15,733.22998046875
2025-05-16,725.0700073242188
2025-05-19,713.75
2025-05-20,715.5499877929688
2025-05-21,723.6199951171875
2025-05-22,717.6699829101562
2025-05-23,715.97998046875
2025-05-26,725.27001953125
2025-05-27,727.1099853515625
2025-05-28,728.7899780273438
2025-05-29,736.2899780273438
2025-05-30,734.3499755859375
2025-06-02,740.2899780273438
2025-06-04,750.2100219726562
2025-06-05,756.22998046875
2025-06-09,764.2100219726562
2025-06-10,771.2000122070312
2025-06-11,786.2899780273438
2025-06-12,789.4500122070312
2025-06-13,768.8599853515625
2025-06-16,777.260009765625
2025-06-17,775.6500244140625
2025-06-18,779.72998046875
2025-06-19,782.510009765625
2025-06-20,791.530029296875
2025-06-23,784.7899780273438
2025-06-24,800.9299926757812
2025-06-25,798.2100219726562
2025-06-26,787.9500122070312
2025-06-27,781.5599975585938
2025-06-30,781.5
2025-07-01,783.6699829101562
2025-07-02,782.1699829101562
2025-07-03,793.3300170898438
2025-07-04,775.7999877929688
2025-07-07,778.4600219726562
2025-07-08,784.239990234375
2025-07-09,790.3599853515625
2025-07-10,797.7000122070312
2025-07-11,800.469970703125
2025-07-14,799.3699951171875
2025-07-15,812.8800048828125
2025-07-16,812.22998046875
2025-07-17,818.27001953125
2025-07-18,820.6699829101562
2025-07-21,821.6900024414062
2025-07-22,812.969970703125
2025-07-23,813.5599975585938
2025-07-24,809.8900146484375
2025-07-25,806.9500122070312
2025-07-28,804.4000244140625
2025-07-29,804.4500122070312
2025-07-30,803.6699829101562
2025-07-31,805.239990234375
2025-08-01,772.7899780273438
2025-08-04,784.0599975585938
2025-08-05,798.5999755859375
2025-08-06,803.489990234375
2025-08-07,805.8099975585938
2025-08-08,809.27001953125
2025-08-11,811.8499755859375
2025-08-12,807.1900024414062
2025-08-13,814.0999755859375
2025-08-14,815.260009765625
2025-08-18,798.0499877929688
2025-08-19,787.9600219726562
2025-08-20,777.6099853515625
2025-08-21,777.239990234375
2025-08-22,782.510009765625
2025-08-25,798.02001953125
2025-08-26,801.6599731445312
2025-08-27,801.719970703125
2025-08-28,798.4299926757812
2025-08-29,796.9099731445312
2025-09-01,785.0
2025-09-02,794.0
2025-09-03,796.8099975585938
2025-09-04,805.4199829101562
2025-09-05,811.4000244140625
2025-09-08,818.5999755859375
2025-09-09,824.8200073242188
2025-09-10,833.0
2025-09-11,834.760009765625
2025-09-12,847.0800170898438
2025-09-15,852.6900024414062
2025-09-16,851.8400268554688
2025-09-17,845.530029296875
2025-09-18,857.1099853515625
2025-09-19,863.1099853515625
2025-09-22,874.3599853515625
2025-09-23,872.2100219726562
2025-09-24,860.9400024414062
2025-09-25,852.47998046875
2025-09-26,835.1900024414062
2025-09-29,846.7100219726562
2025-09-30,841.989990234375
2025-10-01,845.3400268554688
2025-10-02,854.25
2025-10-10,859.489990234375
2025-10-13,860.489990234375
2025-10-14,847.9600219726562
2025-10-15,864.719970703125
2025-10-16,865.4099731445312
2025-10-17,859.5399780273438
2025-10-20,875.77001953125
2025-10-21,872.5
2025-10-22,879.1500244140625
2025-10-23,872.030029296875
2025-10-24,883.0800170898438
2025-10-27,902.7000122070312
2025-10-28,903.2999877929688
2025-10-29,901.5900268554688
2025-10-30,890.8599853515625
2025-10-31,900.4199829101562
2025-11-03,914.5499877929688
2025-11-04,926.5700073242188
2025-11-05,901.8900146484375
2025-11-06,898.1699829101562
2025-11-07,876.8099975585938
2025-11-10,888.3499755859375
2025-11-11,884.27001953125
2025-11-12,906.510009765625
2025-11-13,918.3699951171875
2025-11-14,897.9000244140625
2025-11-17,902.6699829101562
2025-11-18,878.7000122070312
2025-11-19,871.3200073242188
2025-11-20,891.9400024414062
2025-11-21,863.9500122070312
2025-11-24,856.4400024414062
2025-11-25,856.030029296875
2025-11-26,877.3200073242188
2025-11-27,880.0599975585938
2025-11-28,912.6699829101562
2025-12-01,922.3800048828125
2025-12-02,928.4199829101562
2025-12-03,932.010009765625
2025-12-04,929.8300170898438
2025-12-05,924.739990234375
2025-12-08,927.7899780273438
2025-12-09,931.3499755859375
2025-12-10,935.0
2025-12-11,934.6400146484375
2025-12-12,937.3400268554688
2025-12-15,938.8300170898438
2025-12-16,916.1099853515625
2025-12-17,911.0700073242188
2025-12-18,901.3300170898438
2025-12-19,915.27001953125
2025-12-22,929.1400146484375
2025-12-23,919.5599975585938
2025-12-24,915.2000122070312
2025-12-26,919.6699829101562
2025-12-29,932.5900268554688
2025-12-30,925.469970703125
2026-01-02,945.5700073242188
2026-01-05,957.5
2026-01-06,955.969970703125
2026-01-07,947.3900146484375
2026-01-08,944.0599975585938
2026-01-09,947.9199829101562
2026-01-12,949.8099975585938
2026-01-13,948.97998046875
2026-01-14,942.1799926757812
2026-01-15,951.1599731445312
2026-01-16,954.5900268554688
2026-01-19,968.3599853515625
2026-01-20,976.3699951171875
2026-01-21,951.2899780273438
2026-01-22,970.3499755859375
2026-01-23,993.9299926757812
2026-01-26,1064.4100341796875
2026-01-27,1082.5899658203125
2026-01-28,1133.52001953125
2026-01-29,1164.4100341796875
2026-01-30,1149.43994140625
2026-02-02,1098.3599853515625
2026-02-03,1144.3299560546875
2026-02-04,1149.4300537109375
2026-02-05,1108.4100341796875
2026-02-06,1080.77001953125
2026-02-09,1127.550048828125
2026-02-10,1115.199951171875
2026-02-11,1114.8699951171875
2026-02-12,1125.989990234375
2026-02-13,1106.0799560546875
2026-02-19,1160.7099609375
2026-02-20,1154.0
2026-02-23,1151.989990234375
2026-02-24,1165.0
2026-02-25,1165.25
2026-02-26,1188.1500244140625
2026-02-27,1192.780029296875
2026-03-03,1137.699951171875
2026-03-04,978.4400024414062
2026-03-05,1116.4100341796875
2026-03-06,1154.6700439453125
2026-03-09,1102.280029296875
2026-03-10,1137.6800537109375
2026-03-11,1136.8299560546875
2026-03-12,1148.4000244140625
2026-03-13,1152.9599609375
2026-03-16,1138.2900390625
2026-03-17,1136.93994140625
2026-03-18,1164.3800048828125
2026-03-19,1143.47998046875
2026-03-20,1161.52001953125
2026-03-23,1096.8900146484375
2026-03-24,1121.43994140625
2026-03-25,1159.550048828125
2026-03-26,1136.6400146484375
2026-03-27,1141.510009765625
2026-03-30,1107.050048828125
2026-03-31,1052.3900146484375
2026-04-01,1116.1800537109375
2026-04-02,1056.3399658203125
2026-04-03,1063.75
2026-04-06,1047.3699951171875
2026-04-07,1036.72998046875
2026-04-08,1089.8499755859375
2026-04-09,1076.0
2026-04-10,1093.6300048828125
2026-04-13,1099.8399658203125
2026-04-14,1121.8800048828125
2026-04-15,1152.4300537109375
2026-04-16,1162.969970703125
2026-04-17,1170.0400390625
2026-04-20,1174.8499755859375
2026-04-21,1179.030029296875
2026-04-22,1181.1199951171875
2026-04-23,1174.31005859375
2026-04-24,1203.8399658203125
2026-04-27,1226.1800537109375
2026-04-28,1215.5799560546875
2026-04-29,1220.260009765625
2026-04-30,1192.3499755859375
2026-05-04,1213.739990234375
2026-05-06,1210.1700439453125
2026-05-07,1199.1800537109375
2026-05-08,1207.719970703125
2026-05-11,1207.3399658203125
2026-05-12,1179.2900390625
2026-05-13,1176.9300537109375
2026-05-14,1191.0899658203125
2026-05-15,1129.8199462890625
2026-05-18,1111.0899658203125
2026-05-19,1084.3599853515625
