date,smh
2010-12-31,16.264999389648438
2011-01-03,16.344999313354492
2011-01-04,16.354999542236328
2011-01-05,16.325000762939453
2011-01-06,16.44499969482422
2011-01-07,16.415000915527344
2011-01-10,16.459999084472656
2011-01-11,16.584999084472656
2011-01-12,16.760000228881836
2011-01-13,16.764999389648438
2011-01-14,17.204999923706055
2011-01-18,17.295000076293945
2011-01-19,17.06999969482422
2011-01-20,16.934999465942383
2011-01-21,16.8700008392334
2011-01-24,17.225000381469727
2011-01-25,17.125
2011-01-26,17.229999542236328
2011-01-27,17.565000534057617
2011-01-28,17.200000762939453
2011-01-31,17.204999923706055
2011-02-01,17.639999389648438
2011-02-02,17.68000030517578
2011-02-03,17.6200008392334
2011-02-04,17.905000686645508
2011-02-07,17.84000015258789
2011-02-08,17.825000762939453
2011-02-09,17.790000915527344
2011-02-10,17.8799991607666
2011-02-11,18.0
2011-02-14,18.094999313354492
2011-02-15,18.010000228881836
2011-02-16,18.145000457763672
2011-02-17,18.295000076293945
2011-02-18,18.280000686645508
2011-02-22,17.75
2011-02-23,17.489999771118164
2011-02-24,17.6299991607666
2011-02-25,18.010000228881836
2011-02-28,17.889999389648438
2011-03-01,17.600000381469727
2011-03-02,17.975000381469727
2011-03-03,18.344999313354492
2011-03-04,18.209999084472656
2011-03-07,17.700000762939453
2011-03-08,17.71500015258789
2011-03-09,17.190000534057617
2011-03-10,16.8700008392334
2011-03-11,16.975000381469727
2011-03-14,16.94499969482422
2011-03-15,16.674999237060547
2011-03-16,16.274999618530273
2011-03-17,16.489999771118164
2011-03-18,16.524999618530273
2011-03-21,16.850000381469727
2011-03-22,16.7549991607666
2011-03-23,16.959999084472656
2011-03-24,17.270000457763672
2011-03-25,17.28499984741211
2011-03-28,17.235000610351562
2011-03-29,17.3700008392334
2011-03-30,17.375
2011-03-31,17.295000076293945
2011-04-01,17.040000915527344
2011-04-04,16.90999984741211
2011-04-05,17.309999465942383
2011-04-06,17.530000686645508
2011-04-07,17.5049991607666
2011-04-08,17.440000534057617
2011-04-11,17.315000534057617
2011-04-12,16.975000381469727
2011-04-13,17.020000457763672
2011-04-14,17.03499984741211
2011-04-15,17.18000030517578
2011-04-18,16.950000762939453
2011-04-19,17.024999618530273
2011-04-20,17.825000762939453
2011-04-21,17.885000228881836
2011-04-25,17.950000762939453
2011-04-26,18.2549991607666
2011-04-27,18.375
2011-04-28,18.295000076293945
2011-04-29,18.344999313354492
2011-05-02,18.145000457763672
2011-05-03,18.059999465942383
2011-05-04,18.1200008392334
2011-05-05,18.190000534057617
2011-05-06,18.270000457763672
2011-05-09,18.170000076293945
2011-05-10,18.2549991607666
2011-05-11,18.190000534057617
2011-05-12,18.375
2011-05-13,18.239999771118164
2011-05-16,18.065000534057617
2011-05-17,17.829999923706055
2011-05-18,18.219999313354492
2011-05-19,18.065000534057617
2011-05-20,17.950000762939453
2011-05-23,17.600000381469727
2011-05-24,17.469999313354492
2011-05-25,17.575000762939453
2011-05-26,17.610000610351562
2011-05-27,17.665000915527344
2011-05-31,17.94499969482422
2011-06-01,17.385000228881836
2011-06-02,17.440000534057617
2011-06-03,17.079999923706055
2011-06-06,17.020000457763672
2011-06-07,17.135000228881836
2011-06-08,16.774999618530273
2011-06-09,16.825000762939453
2011-06-10,16.55500030517578
2011-06-13,16.424999237060547
2011-06-14,16.719999313354492
2011-06-15,16.420000076293945
2011-06-16,16.260000228881836
2011-06-17,16.15999984741211
2011-06-20,16.21500015258789
2011-06-21,16.56999969482422
2011-06-22,16.46500015258789
2011-06-23,16.700000762939453
2011-06-24,16.329999923706055
2011-06-27,16.5
2011-06-28,16.6299991607666
2011-06-29,16.600000381469727
2011-06-30,17.040000915527344
2011-07-01,17.385000228881836
2011-07-05,17.204999923706055
2011-07-06,17.190000534057617
2011-07-07,17.584999084472656
2011-07-08,17.325000762939453
2011-07-11,17.079999923706055
2011-07-12,16.549999237060547
2011-07-13,16.440000534057617
2011-07-14,16.229999542236328
2011-07-15,16.290000915527344
2011-07-18,16.145000457763672
2011-07-19,16.610000610351562
2011-07-20,16.489999771118164
2011-07-21,16.614999771118164
2011-07-22,16.895000457763672
2011-07-25,16.735000610351562
2011-07-26,16.790000915527344
2011-07-27,16.239999771118164
2011-07-28,16.149999618530273
2011-07-29,16.030000686645508
2011-08-01,16.03499984741211
2011-08-02,15.59000015258789
2011-08-03,15.739999771118164
2011-08-04,14.885000228881836
2011-08-05,14.699999809265137
2011-08-08,14.140000343322754
2011-08-09,14.59000015258789
2011-08-10,14.239999771118164
2011-08-11,14.774999618530273
2011-08-12,14.739999771118164
2011-08-15,14.970000267028809
2011-08-16,14.725000381469727
2011-08-17,14.680000305175781
2011-08-18,13.954999923706055
2011-08-19,13.675000190734863
2011-08-22,13.829999923706055
2011-08-23,14.364999771118164
2011-08-24,14.3149995803833
2011-08-25,13.949999809265137
2011-08-26,14.234999656677246
2011-08-29,14.6850004196167
2011-08-30,14.664999961853027
2011-08-31,14.579999923706055
2011-09-01,14.375
2011-09-02,14.03499984741211
2011-09-06,13.984999656677246
2011-09-07,14.420000076293945
2011-09-08,14.345000267028809
2011-09-09,14.260000228881836
2011-09-12,14.5649995803833
2011-09-13,14.8149995803833
2011-09-14,15.15999984741211
2011-09-15,15.380000114440918
2011-09-16,15.46500015258789
2011-09-19,15.354999542236328
2011-09-20,15.234999656677246
2011-09-21,14.954999923706055
2011-09-22,14.5600004196167
2011-09-23,14.859999656677246
2011-09-26,14.899999618530273
2011-09-27,15.210000038146973
2011-09-28,14.805000305175781
2011-09-29,14.6899995803833
2011-09-30,14.220000267028809
2011-10-03,13.84000015258789
2011-10-04,13.585000038146973
2011-10-05,14.010000228881836
2011-10-06,14.1899995803833
2011-10-07,14.300000190734863
2011-10-10,14.704999923706055
2011-10-11,14.710000038146973
2011-10-12,14.835000038146973
2011-10-13,15.15999984741211
2011-10-14,15.305000305175781
2011-10-17,15.0
2011-10-18,15.25
2011-10-19,15.119999885559082
2011-10-20,14.914999961853027
2011-10-21,15.324999809265137
2011-10-24,15.8100004196167
2011-10-25,15.654999732971191
2011-10-26,15.720000267028809
2011-10-27,16.2549991607666
2011-10-28,16.270000457763672
2011-10-31,15.869999885559082
2011-11-01,15.414999961853027
2011-11-02,15.404999732971191
2011-11-03,15.829999923706055
2011-11-04,15.960000038146973
2011-11-07,15.970000267028809
2011-11-08,16.075000762939453
2011-11-09,15.375
2011-11-10,15.515000343322754
2011-11-11,16.0049991607666
2011-11-14,15.850000381469727
2011-11-15,16.06999969482422
2011-11-16,15.96500015258789
2011-11-17,15.404999732971191
2011-11-18,15.239999771118164
2011-11-21,14.880000114440918
2011-11-22,14.654999732971191
2011-11-23,14.234999656677246
2011-11-25,14.125
2011-11-28,14.555000305175781
2011-11-29,14.524999618530273
2011-11-30,15.335000038146973
2011-12-01,15.399999618530273
2011-12-02,15.300000190734863
2011-12-05,15.524999618530273
2011-12-06,15.550000190734863
2011-12-07,15.675000190734863
2011-12-08,15.25
2011-12-09,15.4350004196167
2011-12-12,14.949999809265137
2011-12-13,14.6850004196167
2011-12-14,14.430000305175781
2011-12-15,14.5600004196167
2011-12-16,14.5600004196167
2011-12-19,14.444999694824219
2011-12-20,15.015000343322754
2011-12-21,14.84000015258789
2011-12-22,15.21500015258789
2011-12-23,15.324999809265137
2011-12-27,15.324999809265137
2011-12-28,15.140000343322754
2011-12-29,15.274999618530273
2011-12-30,15.21500015258789
2012-01-03,15.425000190734863
2012-01-04,15.4350004196167
2012-01-05,15.625
2012-01-06,15.604999542236328
2012-01-09,15.859999656677246
2012-01-10,15.975000381469727
2012-01-11,15.954999923706055
2012-01-12,16.094999313354492
2012-01-13,15.795000076293945
2012-01-17,15.8149995803833
2012-01-18,16.44499969482422
2012-01-19,16.71500015258789
2012-01-20,16.834999084472656
2012-01-23,16.834999084472656
2012-01-24,16.899999618530273
2012-01-25,16.950000762939453
2012-01-26,16.864999771118164
2012-01-27,16.8799991607666
2012-01-30,16.764999389648438
2012-01-31,16.760000228881836
2012-02-01,17.03499984741211
2012-02-02,17.040000915527344
2012-02-03,17.309999465942383
2012-02-06,17.1299991607666
2012-02-07,17.18000030517578
2012-02-08,17.334999084472656
2012-02-09,17.395000457763672
2012-02-10,17.084999084472656
2012-02-13,17.145000457763672
2012-02-14,17.200000762939453
2012-02-15,17.2450008392334
2012-02-16,17.594999313354492
2012-02-17,17.565000534057617
2012-02-21,17.360000610351562
2012-02-22,17.260000228881836
2012-02-23,17.219999313354492
2012-02-24,17.200000762939453
2012-02-27,17.270000457763672
2012-02-28,17.520000457763672
2012-02-29,17.25
2012-03-01,17.25
2012-03-02,17.114999771118164
2012-03-05,16.75
2012-03-06,16.690000534057617
2012-03-07,16.920000076293945
2012-03-08,17.075000762939453
2012-03-09,17.209999084472656
2012-03-12,17.05500030517578
2012-03-13,17.450000762939453
2012-03-14,17.354999542236328
2012-03-15,17.645000457763672
2012-03-16,17.639999389648438
2012-03-19,17.81999969482422
2012-03-20,17.709999084472656
2012-03-21,17.795000076293945
2012-03-22,17.69499969482422
2012-03-23,17.71500015258789
2012-03-26,17.989999771118164
2012-03-27,17.979999542236328
2012-03-28,17.764999389648438
2012-03-29,17.799999237060547
2012-03-30,17.899999618530273
2012-04-02,17.954999923706055
2012-04-03,17.704999923706055
2012-04-04,17.389999389648438
2012-04-05,17.475000381469727
2012-04-09,17.21500015258789
2012-04-10,16.940000534057617
2012-04-11,17.200000762939453
2012-04-12,17.510000228881836
2012-04-13,17.270000457763672
2012-04-16,17.334999084472656
2012-04-17,17.545000076293945
2012-04-18,17.43000030517578
2012-04-19,17.31999969482422
2012-04-20,17.020000457763672
2012-04-23,16.780000686645508
2012-04-24,16.584999084472656
2012-04-25,16.934999465942383
2012-04-26,17.31999969482422
2012-04-27,17.40999984741211
2012-04-30,17.295000076293945
2012-05-01,17.3700008392334
2012-05-02,17.46500015258789
2012-05-03,17.06999969482422
2012-05-04,16.68000030517578
2012-05-07,16.649999618530273
2012-05-08,16.469999313354492
2012-05-09,16.405000686645508
2012-05-10,16.434999465942383
2012-05-11,16.524999618530273
2012-05-14,16.290000915527344
2012-05-15,16.155000686645508
2012-05-16,16.010000228881836
2012-05-17,15.710000038146973
2012-05-18,15.4350004196167
2012-05-21,15.760000228881836
2012-05-22,15.675000190734863
2012-05-23,15.609999656677246
2012-05-24,15.510000228881836
2012-05-25,15.614999771118164
2012-05-29,15.895000457763672
2012-05-30,15.65999984741211
2012-05-31,15.53499984741211
2012-06-01,14.954999923706055
2012-06-04,14.944999694824219
2012-06-05,15.234999656677246
2012-06-06,15.694999694824219
2012-06-07,15.5649995803833
2012-06-08,15.729999542236328
2012-06-11,15.470000267028809
2012-06-12,15.824999809265137
2012-06-13,15.704999923706055
2012-06-14,15.654999732971191
2012-06-15,15.904999732971191
2012-06-18,16.059999465942383
2012-06-19,16.219999313354492
2012-06-20,16.34000015258789
2012-06-21,15.789999961853027
2012-06-22,15.954999923706055
2012-06-25,15.40999984741211
2012-06-26,15.40999984741211
2012-06-27,15.609999656677246
2012-06-28,15.505000114440918
2012-06-29,16.114999771118164
2012-07-02,16.094999313354492
2012-07-03,16.274999618530273
2012-07-05,16.114999771118164
2012-07-06,15.739999771118164
2012-07-09,15.569999694824219
2012-07-10,15.359999656677246
2012-07-11,15.25
2012-07-12,15.024999618530273
2012-07-13,15.210000038146973
2012-07-16,15.055000305175781
2012-07-17,15.029999732971191
2012-07-18,15.5600004196167
2012-07-19,15.6899995803833
2012-07-20,15.430000305175781
2012-07-23,15.270000457763672
2012-07-24,15.15999984741211
2012-07-25,15.479999542236328
2012-07-26,15.795000076293945
2012-07-27,16.174999237060547
2012-07-30,16.05500030517578
2012-07-31,16.1200008392334
2012-08-01,16.1200008392334
2012-08-02,16.0
2012-08-03,16.420000076293945
2012-08-06,16.415000915527344
2012-08-07,16.635000228881836
2012-08-08,16.704999923706055
2012-08-09,16.829999923706055
2012-08-10,16.950000762939453
2012-08-13,16.81999969482422
2012-08-14,16.719999313354492
2012-08-15,16.75
2012-08-16,16.950000762939453
2012-08-17,16.809999465942383
2012-08-20,16.770000457763672
2012-08-21,16.799999237060547
2012-08-22,16.655000686645508
2012-08-23,16.479999542236328
2012-08-24,16.530000686645508
2012-08-27,16.450000762939453
2012-08-28,16.424999237060547
2012-08-29,16.454999923706055
2012-08-30,16.219999313354492
2012-08-31,16.485000610351562
2012-09-04,16.229999542236328
2012-09-05,16.114999771118164
2012-09-06,16.6299991607666
2012-09-07,16.469999313354492
2012-09-10,16.204999923706055
2012-09-11,16.28499984741211
2012-09-12,16.28499984741211
2012-09-13,16.40999984741211
2012-09-14,16.65999984741211
2012-09-17,16.4950008392334
2012-09-18,16.479999542236328
2012-09-19,16.315000534057617
2012-09-20,16.1299991607666
2012-09-21,16.145000457763672
2012-09-24,15.920000076293945
2012-09-25,15.654999732971191
2012-09-26,15.604999542236328
2012-09-27,15.944999694824219
2012-09-28,15.819999694824219
2012-10-01,15.8149995803833
2012-10-02,15.890000343322754
2012-10-03,15.835000038146973
2012-10-04,15.920000076293945
2012-10-05,15.979999542236328
2012-10-08,15.770000457763672
2012-10-09,15.520000457763672
2012-10-10,15.300000190734863
2012-10-11,15.300000190734863
2012-10-12,15.25
2012-10-15,15.420000076293945
2012-10-16,15.75
2012-10-17,15.645000457763672
2012-10-18,15.604999542236328
2012-10-19,15.244999885559082
2012-10-22,15.319999694824219
2012-10-23,15.414999961853027
2012-10-24,15.265000343322754
2012-10-25,15.420000076293945
2012-10-26,15.604999542236328
2012-10-31,15.545000076293945
2012-11-01,16.014999389648438
2012-11-02,15.6899995803833
2012-11-05,15.96500015258789
2012-11-06,16.15999984741211
2012-11-07,15.75
2012-11-08,15.630000114440918
2012-11-09,15.670000076293945
2012-11-12,15.694999694824219
2012-11-13,15.539999961853027
2012-11-14,15.324999809265137
2012-11-15,15.234999656677246
2012-11-16,15.255000114440918
2012-11-19,15.520000457763672
2012-11-20,15.375
2012-11-21,15.399999618530273
2012-11-23,15.720000267028809
2012-11-26,15.75
2012-11-27,15.795000076293945
2012-11-28,16.010000228881836
2012-11-29,15.984999656677246
2012-11-30,16.020000457763672
2012-12-03,15.944999694824219
2012-12-04,16.0049991607666
2012-12-05,15.979999542236328
2012-12-06,16.15999984741211
2012-12-07,16.209999084472656
2012-12-10,16.239999771118164
2012-12-11,16.540000915527344
2012-12-12,16.5049991607666
2012-12-13,16.334999084472656
2012-12-14,16.270000457763672
2012-12-17,16.34000015258789
2012-12-18,16.559999465942383
2012-12-19,16.655000686645508
2012-12-20,16.645000457763672
2012-12-21,16.475000381469727
2012-12-24,16.06999969482422
2012-12-26,15.989999771118164
2012-12-27,15.970000267028809
2012-12-28,15.859999656677246
2012-12-31,16.165000915527344
2013-01-02,16.80500030517578
2013-01-03,16.719999313354492
2013-01-04,16.6200008392334
2013-01-07,16.575000762939453
2013-01-08,16.40999984741211
2013-01-09,16.21500015258789
2013-01-10,16.864999771118164
2013-01-11,16.94499969482422
2013-01-14,16.8700008392334
2013-01-15,16.69499969482422
2013-01-16,16.8799991607666
2013-01-17,17.290000915527344
2013-01-18,17.084999084472656
2013-01-22,17.049999237060547
2013-01-23,17.114999771118164
2013-01-24,16.985000610351562
2013-01-25,17.1299991607666
2013-01-28,17.165000915527344
2013-01-29,17.19499969482422
2013-01-30,17.225000381469727
2013-01-31,17.149999618530273
2013-02-01,17.489999771118164
2013-02-04,17.274999618530273
2013-02-05,17.540000915527344
2013-02-06,17.5
2013-02-07,17.405000686645508
2013-02-08,17.635000228881836
2013-02-11,17.665000915527344
2013-02-12,17.735000610351562
2013-02-13,17.735000610351562
2013-02-14,17.889999389648438
2013-02-15,17.739999771118164
2013-02-19,17.985000610351562
2013-02-20,17.604999542236328
2013-02-21,17.274999618530273
2013-02-22,17.549999237060547
2013-02-25,17.190000534057617
2013-02-26,17.309999465942383
2013-02-27,17.579999923706055
2013-02-28,17.559999465942383
2013-03-01,17.559999465942383
2013-03-04,17.53499984741211
2013-03-05,17.815000534057617
2013-03-06,17.81999969482422
2013-03-07,17.815000534057617
2013-03-08,17.75
2013-03-11,17.80500030517578
2013-03-12,17.815000534057617
2013-03-13,17.864999771118164
2013-03-14,18.0049991607666
2013-03-15,17.69499969482422
2013-03-18,17.479999542236328
2013-03-19,17.44499969482422
2013-03-20,17.559999465942383
2013-03-21,17.315000534057617
2013-03-22,17.450000762939453
2013-03-25,17.424999237060547
2013-03-26,17.625
2013-03-27,17.65999984741211
2013-03-28,17.764999389648438
2013-04-01,17.485000610351562
2013-04-02,17.344999313354492
2013-04-03,17.020000457763672
2013-04-04,17.1299991607666
2013-04-05,17.114999771118164
2013-04-08,17.209999084472656
2013-04-09,17.375
2013-04-10,17.75
2013-04-11,17.739999771118164
2013-04-12,17.674999237060547
2013-04-15,17.290000915527344
2013-04-16,17.584999084472656
2013-04-17,17.21500015258789
2013-04-18,17.2549991607666
2013-04-19,17.454999923706055
2013-04-22,17.594999313354492
2013-04-23,17.975000381469727
2013-04-24,18.15999984741211
2013-04-25,18.30500030517578
2013-04-26,18.135000228881836
2013-04-29,18.344999313354492
2013-04-30,18.524999618530273
2013-05-01,18.450000762939453
2013-05-02,18.684999465942383
2013-05-03,18.829999923706055
2013-05-06,18.920000076293945
2013-05-07,18.959999084472656
2013-05-08,19.190000534057617
2013-05-09,19.25
2013-05-10,19.3799991607666
2013-05-13,19.145000457763672
2013-05-14,19.174999237060547
2013-05-15,19.34000015258789
2013-05-16,19.170000076293945
2013-05-17,19.385000228881836
2013-05-20,19.325000762939453
2013-05-21,19.280000686645508
2013-05-22,19.0049991607666
2013-05-23,18.96500015258789
2013-05-24,18.959999084472656
2013-05-28,19.1299991607666
2013-05-29,19.200000762939453
2013-05-30,19.385000228881836
2013-05-31,19.145000457763672
2013-06-03,19.295000076293945
2013-06-04,19.385000228881836
2013-06-05,19.030000686645508
2013-06-06,18.975000381469727
2013-06-07,19.155000686645508
2013-06-10,19.260000228881836
2013-06-11,18.905000686645508
2013-06-12,18.68000030517578
2013-06-13,19.010000228881836
2013-06-14,18.940000534057617
2013-06-17,19.100000381469727
2013-06-18,19.375
2013-06-19,19.104999542236328
2013-06-20,18.520000457763672
2013-06-21,18.5
2013-06-24,18.15999984741211
2013-06-25,18.540000915527344
2013-06-26,18.649999618530273
2013-06-27,18.75
2013-06-28,18.844999313354492
2013-07-01,18.795000076293945
2013-07-02,18.790000915527344
2013-07-03,18.90999984741211
2013-07-05,19.165000915527344
2013-07-08,18.7549991607666
2013-07-09,18.905000686645508
2013-07-10,19.049999237060547
2013-07-11,19.55500030517578
2013-07-12,19.625
2013-07-15,19.6299991607666
2013-07-16,19.75
2013-07-17,19.780000686645508
2013-07-18,19.364999771118164
2013-07-19,19.290000915527344
2013-07-22,19.2549991607666
2013-07-23,19.270000457763672
2013-07-24,19.03499984741211
2013-07-25,19.170000076293945
2013-07-26,19.059999465942383
2013-07-29,19.0
2013-07-30,19.190000534057617
2013-07-31,19.280000686645508
2013-08-01,19.520000457763672
2013-08-02,19.415000915527344
2013-08-05,19.405000686645508
2013-08-06,19.280000686645508
2013-08-07,19.104999542236328
2013-08-08,19.110000610351562
2013-08-09,19.059999465942383
2013-08-12,19.094999313354492
2013-08-13,19.299999237060547
2013-08-14,19.110000610351562
2013-08-15,18.690000534057617
2013-08-16,18.709999084472656
2013-08-19,18.684999465942383
2013-08-20,18.774999618530273
2013-08-21,18.6200008392334
2013-08-22,18.735000610351562
2013-08-23,18.795000076293945
2013-08-26,18.760000228881836
2013-08-27,18.385000228881836
2013-08-28,18.524999618530273
2013-08-29,18.68000030517578
2013-08-30,18.56999969482422
2013-09-03,18.75
2013-09-04,19.125
2013-09-05,19.270000457763672
2013-09-06,19.19499969482422
2013-09-09,19.440000534057617
2013-09-10,19.790000915527344
2013-09-11,19.729999542236328
2013-09-12,19.684999465942383
2013-09-13,19.80500030517578
2013-09-16,19.905000686645508
2013-09-17,20.065000534057617
2013-09-18,20.2450008392334
2013-09-19,20.239999771118164
2013-09-20,20.104999542236328
2013-09-23,20.059999465942383
2013-09-24,20.184999465942383
2013-09-25,20.145000457763672
2013-09-26,20.139999389648438
2013-09-27,19.959999084472656
2013-09-30,19.940000534057617
2013-10-01,20.135000228881836
2013-10-02,20.1200008392334
2013-10-03,20.06999969482422
2013-10-04,20.184999465942383
2013-10-07,20.110000610351562
2013-10-08,19.795000076293945
2013-10-09,19.729999542236328
2013-10-10,20.18000030517578
2013-10-11,20.2450008392334
2013-10-14,20.375
2013-10-15,20.25
2013-10-16,20.424999237060547
2013-10-17,20.530000686645508
2013-10-18,20.614999771118164
2013-10-21,20.690000534057617
2013-10-22,20.665000915527344
2013-10-23,20.030000686645508
2013-10-24,20.125
2013-10-25,20.209999084472656
2013-10-28,20.30500030517578
2013-10-29,20.614999771118164
2013-10-30,20.4950008392334
2013-10-31,20.584999084472656
2013-11-01,20.469999313354492
2013-11-04,20.424999237060547
2013-11-05,20.3799991607666
2013-11-06,20.479999542236328
2013-11-07,20.15999984741211
2013-11-08,20.299999237060547
2013-11-11,20.260000228881836
2013-11-12,20.364999771118164
2013-11-13,20.5049991607666
2013-11-14,20.3799991607666
2013-11-15,20.520000457763672
2013-11-18,20.395000457763672
2013-11-19,20.225000381469727
2013-11-20,20.15999984741211
2013-11-21,20.469999313354492
2013-11-22,20.375
2013-11-25,20.3799991607666
2013-11-26,20.469999313354492
2013-11-27,20.575000762939453
2013-11-29,20.59000015258789
2013-12-02,20.510000228881836
2013-12-03,20.584999084472656
2013-12-04,20.514999389648438
2013-12-05,20.579999923706055
2013-12-06,20.81999969482422
2013-12-09,20.915000915527344
2013-12-10,20.834999084472656
2013-12-11,20.69499969482422
2013-12-12,20.469999313354492
2013-12-13,20.434999465942383
2013-12-16,20.549999237060547
2013-12-17,20.719999313354492
2013-12-18,20.924999237060547
2013-12-19,20.8700008392334
2013-12-20,21.024999618530273
2013-12-23,20.875
2013-12-24,20.93000030517578
2013-12-26,21.014999389648438
2013-12-27,21.014999389648438
2013-12-30,21.1200008392334
2013-12-31,21.21500015258789
2014-01-02,20.9950008392334
2014-01-03,20.93000030517578
2014-01-06,20.795000076293945
2014-01-07,20.864999771118164
2014-01-08,21.09000015258789
2014-01-09,20.905000686645508
2014-01-10,20.989999771118164
2014-01-13,20.780000686645508
2014-01-14,21.334999084472656
2014-01-15,21.475000381469727
2014-01-16,21.405000686645508
2014-01-17,21.145000457763672
2014-01-21,21.239999771118164
2014-01-22,21.479999542236328
2014-01-23,21.204999923706055
2014-01-24,20.80500030517578
2014-01-27,20.6200008392334
2014-01-28,20.71500015258789
2014-01-29,20.584999084472656
2014-01-30,20.7549991607666
2014-01-31,20.584999084472656
2014-02-03,20.229999542236328
2014-02-04,20.155000686645508
2014-02-05,20.149999618530273
2014-02-06,20.450000762939453
2014-02-07,20.725000381469727
2014-02-10,20.84000015258789
2014-02-11,21.094999313354492
2014-02-12,21.209999084472656
2014-02-13,21.434999465942383
2014-02-14,21.594999313354492
2014-02-18,21.639999389648438
2014-02-19,21.59000015258789
2014-02-20,21.735000610351562
2014-02-21,21.614999771118164
2014-02-24,21.7450008392334
2014-02-25,21.625
2014-02-26,21.799999237060547
2014-02-27,21.809999465942383
2014-02-28,21.825000762939453
2014-03-03,21.684999465942383
2014-03-04,21.969999313354492
2014-03-05,21.9950008392334
2014-03-06,22.229999542236328
2014-03-07,22.229999542236328
2014-03-10,22.229999542236328
2014-03-11,22.06999969482422
2014-03-12,22.315000534057617
2014-03-13,22.010000228881836
2014-03-14,21.829999923706055
2014-03-17,22.06999969482422
2014-03-18,22.329999923706055
2014-03-19,22.30500030517578
2014-03-20,22.68000030517578
2014-03-21,22.44499969482422
2014-03-24,22.3700008392334
2014-03-25,22.610000610351562
2014-03-26,22.3799991607666
2014-03-27,22.2549991607666
2014-03-28,22.420000076293945
2014-03-31,22.80500030517578
2014-04-01,23.145000457763672
2014-04-02,23.030000686645508
2014-04-03,23.09000015258789
2014-04-04,22.520000457763672
2014-04-07,22.395000457763672
2014-04-08,22.71500015258789
2014-04-09,22.985000610351562
2014-04-10,22.295000076293945
2014-04-11,21.975000381469727
2014-04-14,22.170000076293945
2014-04-15,22.325000762939453
2014-04-16,22.274999618530273
2014-04-17,22.549999237060547
2014-04-21,22.674999237060547
2014-04-22,22.834999084472656
2014-04-23,22.760000228881836
2014-04-24,22.93000030517578
2014-04-25,22.204999923706055
2014-04-28,22.145000457763672
2014-04-29,22.239999771118164
2014-04-30,22.334999084472656
2014-05-01,22.170000076293945
2014-05-02,22.204999923706055
2014-05-05,22.209999084472656
2014-05-06,22.174999237060547
2014-05-07,22.260000228881836
2014-05-08,22.405000686645508
2014-05-09,22.30500030517578
2014-05-12,22.674999237060547
2014-05-13,22.510000228881836
2014-05-14,22.325000762939453
2014-05-15,22.104999542236328
2014-05-16,22.280000686645508
2014-05-19,22.475000381469727
2014-05-20,22.364999771118164
2014-05-21,22.4950008392334
2014-05-22,22.575000762939453
2014-05-23,22.75
2014-05-27,23.075000762939453
2014-05-28,23.110000610351562
2014-05-29,23.114999771118164
2014-05-30,23.170000076293945
2014-06-02,23.299999237060547
2014-06-03,23.59000015258789
2014-06-04,23.665000915527344
2014-06-05,23.760000228881836
2014-06-06,23.885000228881836
2014-06-09,23.934999465942383
2014-06-10,24.05500030517578
2014-06-11,24.094999313354492
2014-06-12,24.040000915527344
2014-06-13,24.43000030517578
2014-06-16,24.530000686645508
2014-06-17,24.635000228881836
2014-06-18,24.59000015258789
2014-06-19,24.68000030517578
2014-06-20,24.68000030517578
2014-06-23,24.600000381469727
2014-06-24,24.440000534057617
2014-06-25,24.604999542236328
2014-06-26,24.485000610351562
2014-06-27,24.565000534057617
2014-06-30,24.7450008392334
2014-07-01,25.145000457763672
2014-07-02,25.219999313354492
2014-07-03,25.46500015258789
2014-07-07,25.274999618530273
2014-07-08,25.149999618530273
2014-07-09,25.229999542236328
2014-07-10,25.2450008392334
2014-07-11,25.190000534057617
2014-07-14,25.34000015258789
2014-07-15,25.280000686645508
2014-07-16,25.559999465942383
2014-07-17,24.93000030517578
2014-07-18,25.225000381469727
2014-07-21,25.325000762939453
2014-07-22,25.565000534057617
2014-07-23,25.03499984741211
2014-07-24,25.010000228881836
2014-07-25,24.540000915527344
2014-07-28,24.530000686645508
2014-07-29,24.520000457763672
2014-07-30,24.850000381469727
2014-07-31,24.3799991607666
2014-08-01,24.46500015258789
2014-08-04,24.56999969482422
2014-08-05,24.165000915527344
2014-08-06,24.299999237060547
2014-08-07,24.030000686645508
2014-08-08,24.21500015258789
2014-08-11,24.46500015258789
2014-08-12,24.44499969482422
2014-08-13,24.7450008392334
2014-08-14,24.829999923706055
2014-08-15,25.03499984741211
2014-08-18,25.145000457763672
2014-08-19,25.30500030517578
2014-08-20,25.44499969482422
2014-08-21,25.55500030517578
2014-08-22,25.59000015258789
2014-08-25,25.4950008392334
2014-08-26,25.5
2014-08-27,25.549999237060547
2014-08-28,25.639999389648438
2014-08-29,25.84000015258789
2014-09-02,25.834999084472656
2014-09-03,25.90999984741211
2014-09-04,25.96500015258789
2014-09-05,26.09000015258789
2014-09-08,26.110000610351562
2014-09-09,25.915000915527344
2014-09-10,25.90999984741211
2014-09-11,25.950000762939453
2014-09-12,25.600000381469727
2014-09-15,25.3799991607666
2014-09-16,25.7549991607666
2014-09-17,25.924999237060547
2014-09-18,26.274999618530273
2014-09-19,25.96500015258789
2014-09-22,25.674999237060547
2014-09-23,25.559999465942383
2014-09-24,25.860000610351562
2014-09-25,25.415000915527344
2014-09-26,25.649999618530273
2014-09-29,25.690000534057617
2014-09-30,25.545000076293945
2014-10-01,24.985000610351562
2014-10-02,24.864999771118164
2014-10-03,25.065000534057617
2014-10-06,24.950000762939453
2014-10-07,24.46500015258789
2014-10-08,24.985000610351562
2014-10-09,24.399999618530273
2014-10-10,22.78499984741211
2014-10-13,22.459999084472656
2014-10-14,22.940000534057617
2014-10-15,22.934999465942383
2014-10-16,23.209999084472656
2014-10-17,23.454999923706055
2014-10-20,23.68000030517578
2014-10-21,24.40999984741211
2014-10-22,24.1200008392334
2014-10-23,24.43000030517578
2014-10-24,24.635000228881836
2014-10-27,25.049999237060547
2014-10-28,25.114999771118164
2014-10-29,25.1299991607666
2014-10-30,24.725000381469727
2014-10-31,25.709999084472656
2014-11-03,25.854999542236328
2014-11-04,25.844999313354492
2014-11-05,26.020000457763672
2014-11-06,25.989999771118164
2014-11-07,25.790000915527344
2014-11-10,25.985000610351562
2014-11-11,25.90999984741211
2014-11-12,25.854999542236328
2014-11-13,25.924999237060547
2014-11-14,26.149999618530273
2014-11-17,26.020000457763672
2014-11-18,26.354999542236328
2014-11-19,26.309999465942383
2014-11-20,26.704999923706055
2014-11-21,26.860000610351562
2014-11-24,27.065000534057617
2014-11-25,27.045000076293945
2014-11-26,27.59000015258789
2014-11-28,27.774999618530273
2014-12-01,27.454999923706055
2014-12-02,27.520000457763672
2014-12-03,27.989999771118164
2014-12-04,28.030000686645508
2014-12-05,28.264999389648438
2014-12-08,27.8799991607666
2014-12-09,27.829999923706055
2014-12-10,27.399999618530273
2014-12-11,27.514999389648438
2014-12-12,27.104999542236328
2014-12-15,26.8700008392334
2014-12-16,26.645000457763672
2014-12-17,27.174999237060547
2014-12-18,27.649999618530273
2014-12-19,27.549999237060547
2014-12-22,27.684999465942383
2014-12-23,27.625
2014-12-24,27.69499969482422
2014-12-26,27.670000076293945
2014-12-29,27.594999313354492
2014-12-30,27.420000076293945
2014-12-31,27.309999465942383
2015-01-02,27.2450008392334
2015-01-05,26.760000228881836
2015-01-06,26.1299991607666
2015-01-07,26.469999313354492
2015-01-08,27.1299991607666
2015-01-09,27.049999237060547
2015-01-12,26.704999923706055
2015-01-13,26.55500030517578
2015-01-14,26.454999923706055
2015-01-15,26.600000381469727
2015-01-16,26.815000534057617
2015-01-20,27.079999923706055
2015-01-21,27.43000030517578
2015-01-22,27.674999237060547
2015-01-23,27.55500030517578
2015-01-26,27.559999465942383
2015-01-27,27.010000228881836
2015-01-28,26.780000686645508
2015-01-29,26.93000030517578
2015-01-30,26.364999771118164
2015-02-02,26.415000915527344
2015-02-03,26.790000915527344
2015-02-04,26.979999542236328
2015-02-05,27.25
2015-02-06,26.959999084472656
2015-02-09,26.604999542236328
2015-02-10,27.479999542236328
2015-02-11,27.639999389648438
2015-02-12,28.030000686645508
2015-02-13,28.19499969482422
2015-02-17,28.315000534057617
2015-02-18,28.219999313354492
2015-02-19,28.235000610351562
2015-02-20,28.364999771118164
2015-02-23,28.15999984741211
2015-02-24,28.739999771118164
2015-02-25,28.545000076293945
2015-02-26,28.649999618530273
2015-02-27,28.485000610351562
2015-03-02,29.235000610351562
2015-03-03,28.7549991607666
2015-03-04,28.709999084472656
2015-03-05,28.700000762939453
2015-03-06,28.34000015258789
2015-03-09,28.239999771118164
2015-03-10,27.665000915527344
2015-03-11,27.8700008392334
2015-03-12,27.71500015258789
2015-03-13,27.94499969482422
2015-03-16,28.315000534057617
2015-03-17,28.125
2015-03-18,28.385000228881836
2015-03-19,28.420000076293945
2015-03-20,28.8700008392334
2015-03-23,28.614999771118164
2015-03-24,28.354999542236328
2015-03-25,27.030000686645508
2015-03-26,26.834999084472656
2015-03-27,27.69499969482422
2015-03-30,27.93000030517578
2015-03-31,27.649999618530273
2015-04-01,27.3799991607666
2015-04-02,27.454999923706055
2015-04-06,27.524999618530273
2015-04-07,27.540000915527344
2015-04-08,27.674999237060547
2015-04-09,27.950000762939453
2015-04-10,28.114999771118164
2015-04-13,27.920000076293945
2015-04-14,27.665000915527344
2015-04-15,28.18000030517578
2015-04-16,28.05500030517578
2015-04-17,27.69499969482422
2015-04-20,27.924999237060547
2015-04-21,28.104999542236328
2015-04-22,28.614999771118164
2015-04-23,28.31999969482422
2015-04-24,28.020000457763672
2015-04-27,28.2450008392334
2015-04-28,28.225000381469727
2015-04-29,28.020000457763672
2015-04-30,27.729999542236328
2015-05-01,28.520000457763672
2015-05-04,28.364999771118164
2015-05-05,27.825000762939453
2015-05-06,27.81999969482422
2015-05-07,28.020000457763672
2015-05-08,28.28499984741211
2015-05-11,28.274999618530273
2015-05-12,28.059999465942383
2015-05-13,28.200000762939453
2015-05-14,28.489999771118164
2015-05-15,28.530000686645508
2015-05-18,28.780000686645508
2015-05-19,28.729999542236328
2015-05-20,28.815000534057617
2015-05-21,28.8700008392334
2015-05-22,28.895000457763672
2015-05-26,28.665000915527344
2015-05-27,29.735000610351562
2015-05-28,29.774999618530273
2015-05-29,29.905000686645508
2015-06-01,29.799999237060547
2015-06-02,29.375
2015-06-03,29.170000076293945
2015-06-04,28.825000762939453
2015-06-05,28.739999771118164
2015-06-08,28.225000381469727
2015-06-09,28.2549991607666
2015-06-10,28.684999465942383
2015-06-11,28.719999313354492
2015-06-12,28.475000381469727
2015-06-15,28.395000457763672
2015-06-16,28.520000457763672
2015-06-17,28.545000076293945
2015-06-18,28.950000762939453
2015-06-19,28.844999313354492
2015-06-22,29.094999313354492
2015-06-23,28.954999923706055
2015-06-24,28.729999542236328
2015-06-25,28.795000076293945
2015-06-26,27.954999923706055
2015-06-29,27.155000686645508
2015-06-30,27.28499984741211
2015-07-01,27.389999389648438
2015-07-02,27.559999465942383
2015-07-06,27.114999771118164
2015-07-07,26.979999542236328
2015-07-08,26.274999618530273
2015-07-09,25.979999542236328
2015-07-10,26.450000762939453
2015-07-13,26.68000030517578
2015-07-14,26.895000457763672
2015-07-15,26.760000228881836
2015-07-16,26.7450008392334
2015-07-17,26.729999542236328
2015-07-20,26.514999389648438
2015-07-21,26.4950008392334
2015-07-22,25.850000381469727
2015-07-23,26.209999084472656
2015-07-24,25.604999542236328
2015-07-27,25.5049991607666
2015-07-28,26.03499984741211
2015-07-29,26.139999389648438
2015-07-30,26.3799991607666
2015-07-31,26.075000762939453
2015-08-03,25.950000762939453
2015-08-04,25.674999237060547
2015-08-05,25.985000610351562
2015-08-06,25.684999465942383
2015-08-07,25.75
2015-08-10,26.399999618530273
2015-08-11,25.799999237060547
2015-08-12,25.864999771118164
2015-08-13,25.510000228881836
2015-08-14,25.325000762939453
2015-08-17,25.520000457763672
2015-08-18,25.06999969482422
2015-08-19,24.815000534057617
2015-08-20,24.0049991607666
2015-08-21,23.395000457763672
2015-08-24,23.024999618530273
2015-08-25,22.829999923706055
2015-08-26,23.875
2015-08-27,24.670000076293945
2015-08-28,24.8799991607666
2015-08-31,24.774999618530273
2015-09-01,24.0049991607666
2015-09-02,24.600000381469727
2015-09-03,24.844999313354492
2015-09-04,24.454999923706055
2015-09-08,25.385000228881836
2015-09-09,25.0
2015-09-10,25.079999923706055
2015-09-11,25.125
2015-09-14,25.184999465942383
2015-09-15,25.55500030517578
2015-09-16,25.670000076293945
2015-09-17,25.5049991607666
2015-09-18,25.075000762939453
2015-09-21,25.059999465942383
2015-09-22,24.540000915527344
2015-09-23,24.364999771118164
2015-09-24,24.354999542236328
2015-09-25,24.485000610351562
2015-09-28,23.96500015258789
2015-09-29,24.1299991607666
2015-09-30,24.940000534057617
2015-10-01,24.774999618530273
2015-10-02,25.165000915527344
2015-10-05,25.610000610351562
2015-10-06,25.71500015258789
2015-10-07,26.100000381469727
2015-10-08,26.434999465942383
2015-10-09,26.1299991607666
2015-10-12,26.170000076293945
2015-10-13,25.850000381469727
2015-10-14,26.625
2015-10-15,26.80500030517578
2015-10-16,26.915000915527344
2015-10-19,26.934999465942383
2015-10-20,26.8799991607666
2015-10-21,26.93000030517578
2015-10-22,27.75
2015-10-23,28.065000534057617
2015-10-26,27.530000686645508
2015-10-27,27.360000610351562
2015-10-28,27.635000228881836
2015-10-29,26.920000076293945
2015-10-30,27.104999542236328
2015-11-02,27.360000610351562
2015-11-03,27.594999313354492
2015-11-04,27.774999618530273
2015-11-05,27.05500030517578
2015-11-06,27.594999313354492
2015-11-09,27.375
2015-11-10,26.940000534057617
2015-11-11,26.950000762939453
2015-11-12,26.604999542236328
2015-11-13,26.329999923706055
2015-11-16,26.670000076293945
2015-11-17,26.940000534057617
2015-11-18,27.079999923706055
2015-11-19,27.290000915527344
2015-11-20,27.395000457763672
2015-11-23,27.084999084472656
2015-11-24,27.3700008392334
2015-11-25,27.40999984741211
2015-11-27,27.545000076293945
2015-11-30,27.899999618530273
2015-12-01,28.229999542236328
2015-12-02,28.1200008392334
2015-12-03,27.93000030517578
2015-12-04,28.399999618530273
2015-12-07,28.165000915527344
2015-12-08,27.90999984741211
2015-12-09,27.614999771118164
2015-12-10,27.71500015258789
2015-12-11,27.18000030517578
2015-12-14,26.975000381469727
2015-12-15,27.399999618530273
2015-12-16,27.614999771118164
2015-12-17,27.2450008392334
2015-12-18,26.8700008392334
2015-12-21,26.760000228881836
2015-12-22,26.875
2015-12-23,27.020000457763672
2015-12-24,27.094999313354492
2015-12-28,27.030000686645508
2015-12-29,27.329999923706055
2015-12-30,27.065000534057617
2015-12-31,26.639999389648438
2016-01-04,26.360000610351562
2016-01-05,26.114999771118164
2016-01-06,25.440000534057617
2016-01-07,24.655000686645508
2016-01-08,24.264999389648438
2016-01-11,24.485000610351562
2016-01-12,24.69499969482422
2016-01-13,23.969999313354492
2016-01-14,24.604999542236328
2016-01-15,23.350000381469727
2016-01-19,23.5049991607666
2016-01-20,23.565000534057617
2016-01-21,23.889999389648438
2016-01-22,24.344999313354492
2016-01-25,24.06999969482422
2016-01-26,24.274999618530273
2016-01-27,24.0049991607666
2016-01-28,23.8799991607666
2016-01-29,24.860000610351562
2016-02-01,24.969999313354492
2016-02-02,24.28499984741211
2016-02-03,24.31999969482422
2016-02-04,24.790000915527344
2016-02-05,23.924999237060547
2016-02-08,23.415000915527344
2016-02-09,23.315000534057617
2016-02-10,22.979999542236328
2016-02-11,22.815000534057617
2016-02-12,23.264999389648438
2016-02-16,24.05500030517578
2016-02-17,24.6299991607666
2016-02-18,24.530000686645508
2016-02-19,24.575000762939453
2016-02-22,24.975000381469727
2016-02-23,24.55500030517578
2016-02-24,24.8700008392334
2016-02-25,25.15999984741211
2016-02-26,25.299999237060547
2016-02-29,25.21500015258789
2016-03-01,25.989999771118164
2016-03-02,26.125
2016-03-03,26.184999465942383
2016-03-04,26.354999542236328
2016-03-07,26.454999923706055
2016-03-08,25.954999923706055
2016-03-09,26.139999389648438
2016-03-10,26.280000686645508
2016-03-11,26.809999465942383
2016-03-14,26.690000534057617
2016-03-15,26.600000381469727
2016-03-16,26.90999984741211
2016-03-17,27.094999313354492
2016-03-18,27.440000534057617
2016-03-21,27.440000534057617
2016-03-22,27.424999237060547
2016-03-23,27.100000381469727
2016-03-24,27.05500030517578
2016-03-28,27.045000076293945
2016-03-29,27.420000076293945
2016-03-30,27.69499969482422
2016-03-31,27.540000915527344
2016-04-01,27.670000076293945
2016-04-04,27.454999923706055
2016-04-05,27.25
2016-04-06,27.5049991607666
2016-04-07,27.139999389648438
2016-04-08,27.270000457763672
2016-04-11,27.299999237060547
2016-04-12,27.2549991607666
2016-04-13,27.809999465942383
2016-04-14,27.510000228881836
2016-04-15,27.30500030517578
2016-04-18,27.34000015258789
2016-04-19,27.110000610351562
2016-04-20,27.239999771118164
2016-04-21,27.09000015258789
2016-04-22,27.104999542236328
2016-04-25,26.969999313354492
2016-04-26,27.260000228881836
2016-04-27,27.579999923706055
2016-04-28,26.895000457763672
2016-04-29,26.229999542236328
2016-05-02,26.405000686645508
2016-05-03,26.1299991607666
2016-05-04,25.850000381469727
2016-05-05,25.94499969482422
2016-05-06,25.950000762939453
2016-05-09,25.924999237060547
2016-05-10,26.21500015258789
2016-05-11,26.094999313354492
2016-05-12,25.6299991607666
2016-05-13,25.704999923706055
2016-05-16,26.219999313354492
2016-05-17,25.975000381469727
2016-05-18,26.434999465942383
2016-05-19,26.204999923706055
2016-05-20,27.075000762939453
2016-05-23,27.25
2016-05-24,27.90999984741211
2016-05-25,28.065000534057617
2016-05-26,28.15999984741211
2016-05-27,28.344999313354492
2016-05-31,28.450000762939453
2016-06-01,28.565000534057617
2016-06-02,28.559999465942383
2016-06-03,28.614999771118164
2016-06-06,28.545000076293945
2016-06-07,28.844999313354492
2016-06-08,28.850000381469727
2016-06-09,28.850000381469727
2016-06-10,28.350000381469727
2016-06-13,28.229999542236328
2016-06-14,28.19499969482422
2016-06-15,28.165000915527344
2016-06-16,28.18000030517578
2016-06-17,27.989999771118164
2016-06-20,28.459999084472656
2016-06-21,28.594999313354492
2016-06-22,28.559999465942383
2016-06-23,29.274999618530273
2016-06-24,27.565000534057617
2016-06-27,26.71500015258789
2016-06-28,27.44499969482422
2016-06-29,28.0049991607666
2016-06-30,28.5049991607666
2016-07-01,28.295000076293945
2016-07-05,27.844999313354492
2016-07-06,27.885000228881836
2016-07-07,28.200000762939453
2016-07-08,28.969999313354492
2016-07-11,29.360000610351562
2016-07-12,29.68000030517578
2016-07-13,29.684999465942383
2016-07-14,29.934999465942383
2016-07-15,29.850000381469727
2016-07-18,30.719999313354492
2016-07-19,30.600000381469727
2016-07-20,31.06999969482422
2016-07-21,30.80500030517578
2016-07-22,30.989999771118164
2016-07-25,31.135000228881836
2016-07-26,32.03499984741211
2016-07-27,31.920000076293945
2016-07-28,31.8799991607666
2016-07-29,31.75
2016-08-01,31.84000015258789
2016-08-02,31.420000076293945
2016-08-03,31.5
2016-08-04,31.725000381469727
2016-08-05,32.095001220703125
2016-08-08,32.095001220703125
2016-08-09,32.310001373291016
2016-08-10,32.095001220703125
2016-08-11,32.224998474121094
2016-08-12,32.36000061035156
2016-08-15,32.724998474121094
2016-08-16,32.53499984741211
2016-08-17,32.46500015258789
2016-08-18,32.71500015258789
2016-08-19,32.8849983215332
2016-08-22,32.89500045776367
2016-08-23,33.05500030517578
2016-08-24,32.79499816894531
2016-08-25,32.904998779296875
2016-08-26,33.04499816894531
2016-08-29,33.15999984741211
2016-08-30,33.10499954223633
2016-08-31,33.10499954223633
2016-09-01,33.40999984741211
2016-09-02,33.380001068115234
2016-09-06,33.375
2016-09-07,33.154998779296875
2016-09-08,33.09000015258789
2016-09-09,31.889999389648438
2016-09-12,32.54499816894531
2016-09-13,32.189998626708984
2016-09-14,32.459999084472656
2016-09-15,33.26499938964844
2016-09-16,33.279998779296875
2016-09-19,33.39500045776367
2016-09-20,33.27000045776367
2016-09-21,33.72999954223633
2016-09-22,33.88999938964844
2016-09-23,33.494998931884766
2016-09-26,33.185001373291016
2016-09-27,33.72999954223633
2016-09-28,33.775001525878906
2016-09-29,34.189998626708984
2016-09-30,34.73500061035156
2016-10-03,34.46500015258789
2016-10-04,34.31999969482422
2016-10-05,34.584999084472656
2016-10-06,34.78499984741211
2016-10-07,34.810001373291016
2016-10-10,34.70000076293945
2016-10-11,33.98500061035156
2016-10-12,33.98500061035156
2016-10-13,33.595001220703125
2016-10-14,33.810001373291016
2016-10-17,33.66999816894531
2016-10-18,34.04999923706055
2016-10-19,33.70000076293945
2016-10-20,33.994998931884766
2016-10-21,33.95000076293945
2016-10-24,34.3849983215332
2016-10-25,34.290000915527344
2016-10-26,34.189998626708984
2016-10-27,34.09000015258789
2016-10-28,33.89500045776367
2016-10-31,34.1349983215332
2016-11-01,33.81999969482422
2016-11-02,33.61000061035156
2016-11-03,33.470001220703125
2016-11-04,33.29499816894531
2016-11-07,34.29499816894531
2016-11-08,34.35499954223633
2016-11-09,34.08000183105469
2016-11-10,33.44499969482422
2016-11-11,34.279998779296875
2016-11-14,33.90999984741211
2016-11-15,34.474998474121094
2016-11-16,34.744998931884766
2016-11-17,34.96500015258789
2016-11-18,35.165000915527344
2016-11-21,35.39500045776367
2016-11-22,35.80500030517578
2016-11-23,35.75
2016-11-25,35.85499954223633
2016-11-28,35.76499938964844
2016-11-29,35.630001068115234
2016-11-30,35.529998779296875
2016-12-01,33.84000015258789
2016-12-02,34.3849983215332
2016-12-05,34.72999954223633
2016-12-06,35.11000061035156
2016-12-07,35.810001373291016
2016-12-08,36.025001525878906
2016-12-09,35.84000015258789
2016-12-12,35.689998626708984
2016-12-13,36.32500076293945
2016-12-14,35.935001373291016
2016-12-15,36.5099983215332
2016-12-16,36.040000915527344
2016-12-19,36.19499969482422
2016-12-20,36.25
2016-12-21,36.21500015258789
2016-12-22,36.400001525878906
2016-12-23,36.56999969482422
2016-12-27,36.880001068115234
2016-12-28,36.27000045776367
2016-12-29,36.279998779296875
2016-12-30,35.81999969482422
2017-01-03,35.880001068115234
2017-01-04,35.994998931884766
2017-01-05,35.78499984741211
2017-01-06,35.970001220703125
2017-01-09,36.3849983215332
2017-01-10,36.525001525878906
2017-01-11,36.68000030517578
2017-01-12,36.06999969482422
2017-01-13,36.60499954223633
2017-01-17,36.17499923706055
2017-01-18,36.814998626708984
2017-01-19,36.53499984741211
2017-01-20,36.8849983215332
2017-01-23,36.560001373291016
2017-01-24,37.275001525878906
2017-01-25,37.73500061035156
2017-01-26,37.44499969482422
2017-01-27,37.92499923706055
2017-01-30,37.744998931884766
2017-01-31,37.220001220703125
2017-02-01,37.599998474121094
2017-02-02,37.63999938964844
2017-02-03,37.80500030517578
2017-02-06,37.7599983215332
2017-02-07,37.91999816894531
2017-02-08,37.959999084472656
2017-02-09,37.630001068115234
2017-02-10,37.66999816894531
2017-02-13,38.165000915527344
2017-02-14,37.869998931884766
2017-02-15,38.2599983215332
2017-02-16,38.404998779296875
2017-02-17,38.54499816894531
2017-02-21,38.90999984741211
2017-02-22,38.7400016784668
2017-02-23,38.310001373291016
2017-02-24,38.3650016784668
2017-02-27,38.54999923706055
2017-02-28,38.19499969482422
2017-03-01,38.63999938964844
2017-03-02,38.29999923706055
2017-03-03,38.435001373291016
2017-03-06,38.45000076293945
2017-03-07,38.54499816894531
2017-03-08,38.584999084472656
2017-03-09,38.599998474121094
2017-03-10,38.96500015258789
2017-03-13,39.154998779296875
2017-03-14,39.01499938964844
2017-03-15,39.369998931884766
2017-03-16,39.400001525878906
2017-03-17,39.505001068115234
2017-03-20,39.755001068115234
2017-03-21,38.994998931884766
2017-03-22,39.375
2017-03-23,39.255001068115234
2017-03-24,39.564998626708984
2017-03-27,39.744998931884766
2017-03-28,39.81999969482422
2017-03-29,39.65999984741211
2017-03-30,39.86000061035156
2017-03-31,39.85499954223633
2017-04-03,39.7599983215332
2017-04-04,39.619998931884766
2017-04-05,39.3849983215332
2017-04-06,39.404998779296875
2017-04-07,39.560001373291016
2017-04-10,39.209999084472656
2017-04-11,38.915000915527344
2017-04-12,38.40999984741211
2017-04-13,38.125
2017-04-17,38.540000915527344
2017-04-18,38.69499969482422
2017-04-19,38.904998779296875
2017-04-20,39.46500015258789
2017-04-21,39.30500030517578
2017-04-24,39.875
2017-04-25,40.275001525878906
2017-04-26,39.970001220703125
2017-04-27,40.505001068115234
2017-04-28,39.849998474121094
2017-05-01,40.26499938964844
2017-05-02,40.04999923706055
2017-05-03,40.279998779296875
2017-05-04,40.2400016784668
2017-05-05,40.400001525878906
2017-05-08,40.29999923706055
2017-05-09,40.70500183105469
2017-05-10,41.220001220703125
2017-05-11,41.310001373291016
2017-05-12,41.42499923706055
2017-05-15,41.8849983215332
2017-05-16,42.3849983215332
2017-05-17,40.790000915527344
2017-05-18,41.39500045776367
2017-05-19,41.875
2017-05-22,42.275001525878906
2017-05-23,42.185001373291016
2017-05-24,42.369998931884766
2017-05-25,42.65999984741211
2017-05-26,42.7400016784668
2017-05-30,43.04499816894531
2017-05-31,42.994998931884766
2017-06-01,43.07500076293945
2017-06-02,43.40999984741211
2017-06-05,43.525001525878906
2017-06-06,43.625
2017-06-07,43.95000076293945
2017-06-08,44.529998779296875
2017-06-09,42.845001220703125
2017-06-12,42.584999084472656
2017-06-13,42.86000061035156
2017-06-14,42.4900016784668
2017-06-15,42.099998474121094
2017-06-16,42.07500076293945
2017-06-19,42.81999969482422
2017-06-20,42.28499984741211
2017-06-21,42.77000045776367
2017-06-22,42.65999984741211
2017-06-23,42.834999084472656
2017-06-26,42.66999816894531
2017-06-27,41.45000076293945
2017-06-28,42.04999923706055
2017-06-29,41.10499954223633
2017-06-30,40.93000030517578
2017-07-03,40.459999084472656
2017-07-05,41.22999954223633
2017-07-06,41.05500030517578
2017-07-07,41.60499954223633
2017-07-10,42.03499984741211
2017-07-11,42.369998931884766
2017-07-12,42.97999954223633
2017-07-13,42.880001068115234
2017-07-14,43.40999984741211
2017-07-17,43.290000915527344
2017-07-18,43.45500183105469
2017-07-19,43.8849983215332
2017-07-20,43.97999954223633
2017-07-21,43.73500061035156
2017-07-24,43.595001220703125
2017-07-25,43.474998474121094
2017-07-26,43.935001373291016
2017-07-27,43.380001068115234
2017-07-28,43.17499923706055
2017-07-31,42.91999816894531
2017-08-01,43.10499954223633
2017-08-02,42.869998931884766
2017-08-03,42.720001220703125
2017-08-04,42.845001220703125
2017-08-07,43.599998474121094
2017-08-08,43.470001220703125
2017-08-09,43.3849983215332
2017-08-10,42.19499969482422
2017-08-11,42.584999084472656
2017-08-14,43.42499923706055
2017-08-15,43.584999084472656
2017-08-16,43.67499923706055
2017-08-17,42.63999938964844
2017-08-18,42.73500061035156
2017-08-21,42.57500076293945
2017-08-22,43.14500045776367
2017-08-23,43.23500061035156
2017-08-24,43.22999954223633
2017-08-25,43.095001220703125
2017-08-28,43.220001220703125
2017-08-29,43.34000015258789
2017-08-30,43.94499969482422
2017-08-31,44.290000915527344
2017-09-01,44.5
2017-09-05,43.935001373291016
2017-09-06,44.09000015258789
2017-09-07,44.2599983215332
2017-09-08,43.779998779296875
2017-09-11,44.57500076293945
2017-09-12,44.744998931884766
2017-09-13,44.755001068115234
2017-09-14,44.95000076293945
2017-09-15,45.54499816894531
2017-09-18,46.18000030517578
2017-09-19,46.29999923706055
2017-09-20,45.685001373291016
2017-09-21,45.599998474121094
2017-09-22,45.78499984741211
2017-09-25,44.8650016784668
2017-09-26,44.91999816894531
2017-09-27,45.935001373291016
2017-09-28,46.22999954223633
2017-09-29,46.65999984741211
2017-10-02,46.970001220703125
2017-10-03,47.125
2017-10-04,47.19499969482422
2017-10-05,47.244998931884766
2017-10-06,47.435001373291016
2017-10-09,47.779998779296875
2017-10-10,48.025001525878906
2017-10-11,48.3650016784668
2017-10-12,48.26499938964844
2017-10-13,48.595001220703125
2017-10-16,48.85499954223633
2017-10-17,48.845001220703125
2017-10-18,49.025001525878906
2017-10-19,48.92499923706055
2017-10-20,49.189998626708984
2017-10-23,49.375
2017-10-24,49.67499923706055
2017-10-25,49.04499816894531
2017-10-26,49.310001373291016
2017-10-27,50.29999923706055
2017-10-30,50.31999969482422
2017-10-31,50.80500030517578
2017-11-01,50.66999816894531
2017-11-02,50.90999984741211
2017-11-03,51.470001220703125
2017-11-06,52.1349983215332
2017-11-07,52.029998779296875
2017-11-08,52.150001525878906
2017-11-09,51.1349983215332
2017-11-10,51.43000030517578
2017-11-13,51.64500045776367
2017-11-14,51.64500045776367
2017-11-15,51.165000915527344
2017-11-16,52.435001373291016
2017-11-17,51.625
2017-11-20,52.25
2017-11-21,52.78499984741211
2017-11-22,52.439998626708984
2017-11-24,52.8849983215332
2017-11-27,52.064998626708984
2017-11-28,52.02000045776367
2017-11-29,49.814998626708984
2017-11-30,50.125
2017-12-01,49.689998626708984
2017-12-04,48.6349983215332
2017-12-05,48.6349983215332
2017-12-06,48.744998931884766
2017-12-07,49.224998474121094
2017-12-08,49.0
2017-12-11,49.29999923706055
2017-12-12,48.814998626708984
2017-12-13,48.845001220703125
2017-12-14,48.82500076293945
2017-12-15,49.625
2017-12-18,49.790000915527344
2017-12-19,49.76499938964844
2017-12-20,50.09000015258789
2017-12-21,49.560001373291016
2017-12-22,49.58000183105469
2017-12-26,49.02000045776367
2017-12-27,49.18000030517578
2017-12-28,49.36000061035156
2017-12-29,48.904998779296875
2018-01-02,50.185001373291016
2018-01-03,50.89500045776367
2018-01-04,51.154998779296875
2018-01-05,51.48500061035156
2018-01-08,51.84000015258789
2018-01-09,51.35499954223633
2018-01-10,50.67499923706055
2018-01-11,50.915000915527344
2018-01-12,51.17499923706055
2018-01-16,51.40999984741211
2018-01-17,52.94499969482422
2018-01-18,53.334999084472656
2018-01-19,53.3849983215332
2018-01-22,53.90999984741211
2018-01-23,54.2599983215332
2018-01-24,53.15999984741211
2018-01-25,52.29999923706055
2018-01-26,53.96500015258789
2018-01-29,53.8650016784668
2018-01-30,52.810001373291016
2018-01-31,53.255001068115234
2018-02-01,52.93000030517578
2018-02-02,51.45500183105469
2018-02-05,49.1349983215332
2018-02-06,50.94499969482422
2018-02-07,49.599998474121094
2018-02-08,47.625
2018-02-09,48.869998931884766
2018-02-12,49.904998779296875
2018-02-13,49.80500030517578
2018-02-14,50.8650016784668
2018-02-15,51.505001068115234
2018-02-16,51.39500045776367
2018-02-20,52.415000915527344
2018-02-21,51.845001220703125
2018-02-22,51.66999816894531
2018-02-23,52.83000183105469
2018-02-26,53.89500045776367
2018-02-27,53.69499969482422
2018-02-28,53.27000045776367
2018-03-01,52.41999816894531
2018-03-02,53.2400016784668
2018-03-05,53.85499954223633
2018-03-06,54.64500045776367
2018-03-07,54.880001068115234
2018-03-08,54.904998779296875
2018-03-09,55.96500015258789
2018-03-12,56.53499984741211
2018-03-13,55.744998931884766
2018-03-14,55.775001525878906
2018-03-15,55.724998474121094
2018-03-16,55.70500183105469
2018-03-19,54.79999923706055
2018-03-20,55.16999816894531
2018-03-21,55.28499984741211
2018-03-22,53.79499816894531
2018-03-23,52.04999923706055
2018-03-26,54.119998931884766
2018-03-27,52.255001068115234
2018-03-28,51.095001220703125
2018-03-29,52.13999938964844
2018-04-02,50.22999954223633
2018-04-03,51.154998779296875
2018-04-04,51.779998779296875
2018-04-05,51.209999084472656
2018-04-06,49.72999954223633
2018-04-09,50.06999969482422
2018-04-10,51.599998474121094
2018-04-11,51.57500076293945
2018-04-12,52.43000030517578
2018-04-13,51.939998626708984
2018-04-16,52.04499816894531
2018-04-17,52.994998931884766
2018-04-18,52.39500045776367
2018-04-19,50.060001373291016
2018-04-20,49.48500061035156
2018-04-23,48.845001220703125
2018-04-24,48.595001220703125
2018-04-25,48.349998474121094
2018-04-26,49.3650016784668
2018-04-27,49.04499816894531
2018-04-30,48.58000183105469
2018-05-01,49.36000061035156
2018-05-02,49.005001068115234
2018-05-03,49.125
2018-05-04,50.400001525878906
2018-05-07,50.66999816894531
2018-05-08,51.025001525878906
2018-05-09,51.75
2018-05-10,52.61000061035156
2018-05-11,52.20500183105469
2018-05-14,53.1150016784668
2018-05-15,52.52000045776367
2018-05-16,53.26499938964844
2018-05-17,52.915000915527344
2018-05-18,52.275001525878906
2018-05-21,53.025001525878906
2018-05-22,53.404998779296875
2018-05-23,53.46500015258789
2018-05-24,53.619998931884766
2018-05-25,54.154998779296875
2018-05-29,53.720001220703125
2018-05-30,54.04499816894531
2018-05-31,53.595001220703125
2018-06-01,54.76499938964844
2018-06-04,55.13999938964844
2018-06-05,55.45000076293945
2018-06-06,55.80500030517578
2018-06-07,55.36000061035156
2018-06-08,54.98500061035156
2018-06-11,54.92499923706055
2018-06-12,55.09000015258789
2018-06-13,54.974998474121094
2018-06-14,55.060001373291016
2018-06-15,55.150001525878906
2018-06-18,54.48500061035156
2018-06-19,53.834999084472656
2018-06-20,54.16999816894531
2018-06-21,53.494998931884766
2018-06-22,53.29499816894531
2018-06-25,51.369998931884766
2018-06-26,51.845001220703125
2018-06-27,50.57500076293945
2018-06-28,51.084999084472656
2018-06-29,51.334999084472656
2018-07-02,51.35499954223633
2018-07-03,50.45500183105469
2018-07-05,51.814998626708984
2018-07-06,52.474998474121094
2018-07-09,52.869998931884766
2018-07-10,53.439998626708984
2018-07-11,51.970001220703125
2018-07-12,52.599998474121094
2018-07-13,52.4900016784668
2018-07-16,52.33000183105469
2018-07-17,53.02000045776367
2018-07-18,53.560001373291016
2018-07-19,53.3849983215332
2018-07-20,53.33000183105469
2018-07-23,53.29499816894531
2018-07-24,52.630001068115234
2018-07-25,52.89500045776367
2018-07-26,53.67499923706055
2018-07-27,53.40999984741211
2018-07-30,53.04499816894531
2018-07-31,52.94499969482422
2018-08-01,53.17499923706055
2018-08-02,53.709999084472656
2018-08-03,53.79499816894531
2018-08-06,54.08000183105469
2018-08-07,54.44499969482422
2018-08-08,54.6150016784668
2018-08-09,54.084999084472656
2018-08-10,52.814998626708984
2018-08-13,52.875
2018-08-14,52.75
2018-08-15,51.875
2018-08-16,51.79499816894531
2018-08-17,51.415000915527344
2018-08-20,51.345001220703125
2018-08-21,52.404998779296875
2018-08-22,52.599998474121094
2018-08-23,52.665000915527344
2018-08-24,53.470001220703125
2018-08-27,54.30500030517578
2018-08-28,54.5099983215332
2018-08-29,54.81999969482422
2018-08-30,54.23500061035156
2018-08-31,54.470001220703125
2018-09-04,54.8650016784668
2018-09-05,54.564998626708984
2018-09-06,53.150001525878906
2018-09-07,52.915000915527344
2018-09-10,53.43000030517578
2018-09-11,52.7599983215332
2018-09-12,52.154998779296875
2018-09-13,52.79499816894531
2018-09-14,53.34000015258789
2018-09-17,52.619998931884766
2018-09-18,53.02000045776367
2018-09-19,53.13999938964844
2018-09-20,53.82500076293945
2018-09-21,53.55500030517578
2018-09-24,53.935001373291016
2018-09-25,53.07500076293945
2018-09-26,52.60499954223633
2018-09-27,52.935001373291016
2018-09-28,53.224998474121094
2018-10-01,53.3650016784668
2018-10-02,53.32500076293945
2018-10-03,53.529998779296875
2018-10-04,52.32500076293945
2018-10-05,51.1349983215332
2018-10-08,50.53499984741211
2018-10-09,50.439998626708984
2018-10-10,48.150001525878906
2018-10-11,47.724998474121094
2018-10-12,48.66999816894531
2018-10-15,48.13999938964844
2018-10-16,49.77000045776367
2018-10-17,49.525001525878906
2018-10-18,48.23500061035156
2018-10-19,47.540000915527344
2018-10-22,47.79499816894531
2018-10-23,47.60499954223633
2018-10-24,44.40999984741211
2018-10-25,45.665000915527344
2018-10-26,44.84000015258789
2018-10-29,44.32500076293945
2018-10-30,46.209999084472656
2018-10-31,46.72999954223633
2018-11-01,48.98500061035156
2018-11-02,48.20500183105469
2018-11-05,47.7599983215332
2018-11-06,48.255001068115234
2018-11-07,48.849998474121094
2018-11-08,48.625
2018-11-09,47.744998931884766
2018-11-12,45.654998779296875
2018-11-13,46.244998931884766
2018-11-14,46.48500061035156
2018-11-15,47.95500183105469
2018-11-16,47.13999938964844
2018-11-19,45.369998931884766
2018-11-20,45.33000183105469
2018-11-21,45.529998779296875
2018-11-23,45.46500015258789
2018-11-26,46.369998931884766
2018-11-27,46.439998626708984
2018-11-28,47.66999816894531
2018-11-29,47.220001220703125
2018-11-30,48.375
2018-12-03,49.224998474121094
2018-12-04,46.80500030517578
2018-12-06,46.529998779296875
2018-12-07,44.76499938964844
2018-12-10,45.28499984741211
2018-12-11,45.5099983215332
2018-12-12,46.20000076293945
2018-12-13,46.04499816894531
2018-12-14,45.33000183105469
2018-12-17,44.900001525878906
2018-12-18,45.439998626708984
2018-12-19,43.470001220703125
2018-12-20,42.310001373291016
2018-12-21,41.58000183105469
2018-12-24,40.47999954223633
2018-12-26,42.755001068115234
2018-12-27,43.130001068115234
2018-12-28,43.42499923706055
2018-12-31,43.63999938964844
2019-01-02,43.959999084472656
2019-01-03,41.31999969482422
2019-01-04,43.244998931884766
2019-01-07,44.08000183105469
2019-01-08,43.82500076293945
2019-01-09,44.94499969482422
2019-01-10,45.40999984741211
2019-01-11,45.78499984741211
2019-01-14,45.0
2019-01-15,45.119998931884766
2019-01-16,44.76499938964844
2019-01-17,45.31999969482422
2019-01-18,46.439998626708984
2019-01-22,45.095001220703125
2019-01-23,44.915000915527344
2019-01-24,47.560001373291016
2019-01-25,48.44499969482422
2019-01-28,47.540000915527344
2019-01-29,46.90999984741211
2019-01-30,48.33000183105469
2019-01-31,48.29499816894531
2019-02-01,48.90999984741211
2019-02-04,49.150001525878906
2019-02-05,49.42499923706055
2019-02-06,50.650001525878906
2019-02-07,49.560001373291016
2019-02-08,49.42499923706055
2019-02-11,49.63999938964844
2019-02-12,50.744998931884766
2019-02-13,50.8650016784668
2019-02-14,51.01499938964844
2019-02-15,51.275001525878906
2019-02-19,51.21500015258789
2019-02-20,51.68000030517578
2019-02-21,51.36000061035156
2019-02-22,52.09000015258789
2019-02-25,52.564998626708984
2019-02-26,52.224998474121094
2019-02-27,51.689998626708984
2019-02-28,51.665000915527344
2019-03-01,52.13999938964844
2019-03-04,52.165000915527344
2019-03-05,51.91999816894531
2019-03-06,51.04499816894531
2019-03-07,50.4900016784668
2019-03-08,50.474998474121094
2019-03-11,51.54999923706055
2019-03-12,51.80500030517578
2019-03-13,52.01499938964844
2019-03-14,51.724998474121094
2019-03-15,53.11000061035156
2019-03-18,52.96500015258789
2019-03-19,53.57500076293945
2019-03-20,53.1150016784668
2019-03-21,54.94499969482422
2019-03-22,53.375
2019-03-25,52.70000076293945
2019-03-26,53.189998626708984
2019-03-27,52.415000915527344
2019-03-28,52.314998626708984
2019-03-29,53.165000915527344
2019-04-01,54.474998474121094
2019-04-02,54.52000045776367
2019-04-03,55.790000915527344
2019-04-04,55.849998474121094
2019-04-05,56.27000045776367
2019-04-08,56.3849983215332
2019-04-09,55.77000045776367
2019-04-10,56.220001220703125
2019-04-11,56.165000915527344
2019-04-12,56.95500183105469
2019-04-15,56.54499816894531
2019-04-16,57.92499923706055
2019-04-17,58.779998779296875
2019-04-18,58.8650016784668
2019-04-22,58.81999969482422
2019-04-23,59.29499816894531
2019-04-24,59.79999923706055
2019-04-25,58.619998931884766
2019-04-26,57.904998779296875
2019-04-29,57.599998474121094
2019-04-30,58.125
2019-05-01,57.68000030517578
2019-05-02,58.224998474121094
2019-05-03,58.744998931884766
2019-05-06,57.80500030517578
2019-05-07,56.48500061035156
2019-05-08,56.08000183105469
2019-05-09,55.290000915527344
2019-05-10,55.22999954223633
2019-05-13,52.66999816894531
2019-05-14,54.02000045776367
2019-05-15,54.52000045776367
2019-05-16,53.75
2019-05-17,52.71500015258789
2019-05-20,50.619998931884766
2019-05-21,51.775001525878906
2019-05-22,50.8650016784668
2019-05-23,50.02000045776367
2019-05-24,49.71500015258789
2019-05-28,49.275001525878906
2019-05-29,49.439998626708984
2019-05-30,49.81999969482422
2019-05-31,49.1150016784668
2019-06-03,49.060001373291016
2019-06-04,51.06999969482422
2019-06-05,50.68000030517578
2019-06-06,51.380001068115234
2019-06-07,52.04499816894531
2019-06-10,53.345001220703125
2019-06-11,53.540000915527344
2019-06-12,52.380001068115234
2019-06-13,52.63999938964844
2019-06-14,51.33000183105469
2019-06-17,51.01499938964844
2019-06-18,53.09000015258789
2019-06-19,53.21500015258789
2019-06-20,53.83000183105469
2019-06-21,53.57500076293945
2019-06-24,53.67499923706055
2019-06-25,52.744998931884766
2019-06-26,54.30500030517578
2019-06-27,55.03499984741211
2019-06-28,55.09000015258789
2019-07-01,56.64500045776367
2019-07-02,55.97999954223633
2019-07-03,55.775001525878906
2019-07-05,55.3650016784668
2019-07-08,55.005001068115234
2019-07-09,55.38999938964844
2019-07-10,55.939998626708984
2019-07-11,56.095001220703125
2019-07-12,57.125
2019-07-15,57.584999084472656
2019-07-16,56.9900016784668
2019-07-17,57.19499969482422
2019-07-18,58.224998474121094
2019-07-19,58.22999954223633
2019-07-22,59.39500045776367
2019-07-23,60.05500030517578
2019-07-24,61.654998779296875
2019-07-25,60.540000915527344
2019-07-26,60.415000915527344
2019-07-29,60.619998931884766
2019-07-30,60.349998474121094
2019-07-31,58.54499816894531
2019-08-01,57.3650016784668
2019-08-02,56.584999084472656
2019-08-05,54.14500045776367
2019-08-06,55.005001068115234
2019-08-07,55.30500030517578
2019-08-08,56.720001220703125
2019-08-09,55.7400016784668
2019-08-12,55.08000183105469
2019-08-13,56.65999984741211
2019-08-14,54.834999084472656
2019-08-15,54.775001525878906
2019-08-16,56.1150016784668
2019-08-19,57.040000915527344
2019-08-20,56.71500015258789
2019-08-21,57.29499816894531
2019-08-22,57.220001220703125
2019-08-23,54.849998474121094
2019-08-26,55.415000915527344
2019-08-27,55.28499984741211
2019-08-28,55.63999938964844
2019-08-29,56.845001220703125
2019-08-30,57.209999084472656
2019-09-03,56.30500030517578
2019-09-04,57.96500015258789
2019-09-05,59.724998474121094
2019-09-06,59.775001525878906
2019-09-09,60.005001068115234
2019-09-10,60.125
2019-09-11,60.88999938964844
2019-09-12,60.98500061035156
2019-09-13,60.95500183105469
2019-09-16,60.54499816894531
2019-09-17,60.790000915527344
2019-09-18,60.85499954223633
2019-09-19,60.61000061035156
2019-09-20,59.474998474121094
2019-09-23,59.98500061035156
2019-09-24,59.095001220703125
2019-09-25,60.10499954223633
2019-09-26,60.314998626708984
2019-09-27,58.8849983215332
2019-09-30,59.564998626708984
2019-10-01,59.15999984741211
2019-10-02,58.19499969482422
2019-10-03,59.09000015258789
2019-10-04,60.130001068115234
2019-10-07,59.83000183105469
2019-10-08,58.2599983215332
2019-10-09,59.28499984741211
2019-10-10,59.849998474121094
2019-10-11,61.21500015258789
2019-10-14,61.30500030517578
2019-10-15,62.525001525878906
2019-10-16,61.6150016784668
2019-10-17,61.654998779296875
2019-10-18,61.04999923706055
2019-10-21,62.19499969482422
2019-10-22,61.724998474121094
2019-10-23,60.650001525878906
2019-10-24,62.255001068115234
2019-10-25,63.51499938964844
2019-10-28,64.4800033569336
2019-10-29,64.04000091552734
2019-10-30,64.11000061035156
2019-10-31,63.744998931884766
2019-11-01,65.05999755859375
2019-11-04,66.44499969482422
2019-11-05,66.4800033569336
2019-11-06,66.07499694824219
2019-11-07,66.46499633789062
2019-11-08,66.6050033569336
2019-11-11,66.33499908447266
2019-11-12,66.4749984741211
2019-11-13,66.58999633789062
2019-11-14,66.47000122070312
2019-11-15,67.1449966430664
2019-11-18,67.18499755859375
2019-11-19,66.95500183105469
2019-11-20,66.30000305175781
2019-11-21,65.57499694824219
2019-11-22,65.45999908447266
2019-11-25,66.97000122070312
2019-11-26,66.75499725341797
2019-11-27,67.20500183105469
2019-11-29,66.45500183105469
2019-12-02,65.58999633789062
2019-12-03,64.66999816894531
2019-12-04,65.62000274658203
2019-12-05,66.01499938964844
2019-12-06,66.99500274658203
2019-12-09,66.54499816894531
2019-12-10,66.80999755859375
2019-12-11,68.23999786376953
2019-12-12,70.19999694824219
2019-12-13,69.93000030517578
2019-12-16,70.5
2019-12-17,70.9000015258789
2019-12-18,70.65499877929688
2019-12-19,71.06500244140625
2019-12-20,71.75
2019-12-23,71.04000091552734
2019-12-24,71.18499755859375
2019-12-26,71.375
2019-12-27,71.12999725341797
2019-12-30,70.61499786376953
2019-12-31,70.70500183105469
2020-01-02,72.33999633789062
2020-01-03,71.15499877929688
2020-01-06,70.3949966430664
2020-01-07,71.56999969482422
2020-01-08,71.69000244140625
2020-01-09,72.0999984741211
2020-01-10,71.5
2020-01-13,72.5
2020-01-14,72.6500015258789
2020-01-15,71.57499694824219
2020-01-16,72.7300033569336
2020-01-17,73.02999877929688
2020-01-21,73.08999633789062
2020-01-22,73.69000244140625
2020-01-23,74.1500015258789
2020-01-24,73.82499694824219
2020-01-27,70.8499984741211
2020-01-28,72.625
2020-01-29,71.5199966430664
2020-01-30,71.3550033569336
2020-01-31,68.78500366210938
2020-02-03,69.7249984741211
2020-02-04,71.97000122070312
2020-02-05,73.4000015258789
2020-02-06,73.44999694824219
2020-02-07,71.7699966430664
2020-02-10,72.9000015258789
2020-02-11,74.44000244140625
2020-02-12,75.48999786376953
2020-02-13,75.66999816894531
2020-02-14,75.34500122070312
2020-02-18,74.21499633789062
2020-02-19,76.125
2020-02-20,74.92500305175781
2020-02-21,72.7249984741211
2020-02-24,69.43000030517578
2020-02-25,67.43000030517578
2020-02-26,67.83499908447266
2020-02-27,64.70999908447266
2020-02-28,65.98500061035156
2020-03-02,68.2699966430664
2020-03-03,66.02999877929688
2020-03-04,69.41500091552734
2020-03-05,67.23500061035156
2020-03-06,65.94000244140625
2020-03-09,60.45500183105469
2020-03-10,64.18000030517578
2020-03-11,60.71500015258789
2020-03-12,54.30500030517578
2020-03-13,59.56999969482422
2020-03-16,50.98500061035156
2020-03-17,55.1150016784668
2020-03-18,50.53499984741211
2020-03-19,51.43000030517578
2020-03-20,50.529998779296875
2020-03-23,52.404998779296875
2020-03-24,57.814998626708984
2020-03-25,57.380001068115234
2020-03-26,60.86000061035156
2020-03-27,57.494998931884766
2020-03-30,59.75
2020-03-31,58.56999969482422
2020-04-01,55.665000915527344
2020-04-02,57.165000915527344
2020-04-03,56.02000045776367
2020-04-06,61.59000015258789
2020-04-07,61.400001525878906
2020-04-08,63.435001373291016
2020-04-09,61.935001373291016
2020-04-13,62.744998931884766
2020-04-14,65.48999786376953
2020-04-15,63.724998474121094
2020-04-16,65.41500091552734
2020-04-17,66.05500030517578
2020-04-20,64.65499877929688
2020-04-21,61.7599983215332
2020-04-22,65.25
2020-04-23,64.6500015258789
2020-04-24,65.95500183105469
2020-04-27,66.7699966430664
2020-04-28,66.32499694824219
2020-04-29,69.44000244140625
2020-04-30,66.86499786376953
2020-05-01,63.71500015258789
2020-05-04,64.41999816894531
2020-05-05,65.26000213623047
2020-05-06,66.0250015258789
2020-05-07,66.625
2020-05-08,68.32499694824219
2020-05-11,68.36000061035156
2020-05-12,66.4800033569336
2020-05-13,65.30000305175781
2020-05-14,67.12999725341797
2020-05-15,65.5999984741211
2020-05-18,68.42500305175781
2020-05-19,68.16999816894531
2020-05-20,70.63999938964844
2020-05-21,68.8499984741211
2020-05-22,68.99500274658203
2020-05-26,69.58999633789062
2020-05-27,70.63999938964844
2020-05-28,69.12999725341797
2020-05-29,70.51499938964844
2020-06-01,70.41000366210938
2020-06-02,71.79499816894531
2020-06-03,73.7750015258789
2020-06-04,74.58999633789062
2020-06-05,76.3499984741211
2020-06-08,76.12000274658203
2020-06-09,76.26000213623047
2020-06-10,76.6500015258789
2020-06-11,71.94499969482422
2020-06-12,72.95999908447266
2020-06-15,73.90499877929688
2020-06-16,75.05999755859375
2020-06-17,75.8550033569336
2020-06-18,75.75
2020-06-19,75.3949966430664
2020-06-22,76.08499908447266
2020-06-23,76.33499908447266
2020-06-24,74.73500061035156
2020-06-25,75.24500274658203
2020-06-26,73.83499908447266
2020-06-29,74.58499908447266
2020-06-30,76.4000015258789
2020-07-01,75.5250015258789
2020-07-02,76.68000030517578
2020-07-06,78.79499816894531
2020-07-07,77.81500244140625
2020-07-08,78.93000030517578
2020-07-09,80.30000305175781
2020-07-10,79.98500061035156
2020-07-13,78.83499908447266
2020-07-14,80.16000366210938
2020-07-15,79.79499816894531
2020-07-16,79.73500061035156
2020-07-17,80.1050033569336
2020-07-20,81.70500183105469
2020-07-21,81.29499816894531
2020-07-22,81.88999938964844
2020-07-23,80.54000091552734
2020-07-24,79.7300033569336
2020-07-27,82.94499969482422
2020-07-28,80.79000091552734
2020-07-29,82.82499694824219
2020-07-30,83.6050033569336
2020-07-31,83.11000061035156
2020-08-03,84.58999633789062
2020-08-04,85.81999969482422
2020-08-05,85.8949966430664
2020-08-06,85.74500274658203
2020-08-07,84.76000213623047
2020-08-10,84.81999969482422
2020-08-11,83.62000274658203
2020-08-12,86.25
2020-08-13,85.43000030517578
2020-08-14,85.33999633789062
2020-08-17,86.58499908447266
2020-08-18,86.05000305175781
2020-08-19,85.5250015258789
2020-08-20,84.83999633789062
2020-08-21,85.45500183105469
2020-08-24,86.21499633789062
2020-08-25,87.19000244140625
2020-08-26,87.67500305175781
2020-08-27,86.44499969482422
2020-08-28,87.81999969482422
2020-08-31,87.68499755859375
2020-09-01,89.40499877929688
2020-09-02,91.7750015258789
2020-09-03,86.9000015258789
2020-09-04,85.70500183105469
2020-09-08,81.90499877929688
2020-09-09,84.25
2020-09-10,83.19000244140625
2020-09-11,83.02999877929688
2020-09-14,84.9000015258789
2020-09-15,86.68499755859375
2020-09-16,85.62000274658203
2020-09-17,85.42500305175781
2020-09-18,84.13500213623047
2020-09-21,84.17500305175781
2020-09-22,84.86499786376953
2020-09-23,82.92500305175781
2020-09-24,83.6500015258789
2020-09-25,84.62000274658203
2020-09-28,86.7699966430664
2020-09-29,87.2300033569336
2020-09-30,87.0999984741211
2020-10-01,89.25
2020-10-02,86.57499694824219
2020-10-05,89.5250015258789
2020-10-06,88.73999786376953
2020-10-07,90.63999938964844
2020-10-08,91.75
2020-10-09,93.32499694824219
2020-10-12,94.97000122070312
2020-10-13,94.68499755859375
2020-10-14,94.18499755859375
2020-10-15,93.81999969482422
2020-10-16,93.23500061035156
2020-10-19,92.7750015258789
2020-10-20,92.8499984741211
2020-10-21,92.25499725341797
2020-10-22,92.22000122070312
2020-10-23,92.0
2020-10-26,90.02999877929688
2020-10-27,89.72000122070312
2020-10-28,86.82499694824219
2020-10-29,88.97000122070312
2020-10-30,87.4749984741211
2020-11-02,88.15499877929688
2020-11-03,89.98999786376953
2020-11-04,93.29000091552734
2020-11-05,96.99500274658203
2020-11-06,98.5
2020-11-09,97.42500305175781
2020-11-10,94.41000366210938
2020-11-11,97.7300033569336
2020-11-12,96.67500305175781
2020-11-13,98.0999984741211
2020-11-16,100.86000061035156
2020-11-17,99.69999694824219
2020-11-18,99.20500183105469
2020-11-19,100.5
2020-11-20,99.98999786376953
2020-11-23,101.52999877929688
2020-11-24,101.8499984741211
2020-11-25,101.84500122070312
2020-11-27,103.20999908447266
2020-11-30,104.30500030517578
2020-12-01,106.19999694824219
2020-12-02,106.625
2020-12-03,106.58499908447266
2020-12-04,109.69499969482422
2020-12-07,110.31999969482422
2020-12-08,110.46499633789062
2020-12-09,107.04499816894531
2020-12-10,107.125
2020-12-11,106.25499725341797
2020-12-14,107.33999633789062
2020-12-15,109.0250015258789
2020-12-16,108.9800033569336
2020-12-17,108.95500183105469
2020-12-18,108.58000183105469
2020-12-21,107.28500366210938
2020-12-22,107.09500122070312
2020-12-23,106.29499816894531
2020-12-24,107.43499755859375
2020-12-28,107.22000122070312
2020-12-29,106.94999694824219
2020-12-30,108.92500305175781
2020-12-31,109.20999908447266
2021-01-04,109.43000030517578
2021-01-05,111.34500122070312
2021-01-06,111.00499725341797
2021-01-07,115.58499908447266
2021-01-08,115.16999816894531
2021-01-11,116.8949966430664
2021-01-12,117.44000244140625
2021-01-13,116.80500030517578
2021-01-14,119.70999908447266
2021-01-15,117.37999725341797
2021-01-19,121.41000366210938
2021-01-20,120.90499877929688
2021-01-21,122.7750015258789
2021-01-22,120.46499633789062
2021-01-25,120.94000244140625
2021-01-26,118.8499984741211
2021-01-27,113.04499816894531
2021-01-28,115.41000366210938
2021-01-29,113.30500030517578
2021-02-01,117.74500274658203
2021-02-02,119.3550033569336
2021-02-03,117.11000061035156
2021-02-04,118.46499633789062
2021-02-05,117.6050033569336
2021-02-08,121.53500366210938
2021-02-09,121.17500305175781
2021-02-10,121.48500061035156
2021-02-11,125.98500061035156
2021-02-12,127.27999877929688
2021-02-16,128.05999755859375
2021-02-17,125.58000183105469
2021-02-18,124.24500274658203
2021-02-19,126.93000030517578
2021-02-22,122.29000091552734
2021-02-23,121.11499786376953
2021-02-24,125.01000213623047
2021-02-25,118.04000091552734
2021-02-26,120.4749984741211
2021-03-01,124.0999984741211
2021-03-02,120.28500366210938
2021-03-03,116.49500274658203
2021-03-04,110.83999633789062
2021-03-05,114.3949966430664
2021-03-08,108.11000061035156
2021-03-09,114.51499938964844
2021-03-10,112.19000244140625
2021-03-11,116.90499877929688
2021-03-12,115.44499969482422
2021-03-15,117.93499755859375
2021-03-16,119.2249984741211
2021-03-17,120.34500122070312
2021-03-18,115.5250015258789
2021-03-19,116.83999633789062
2021-03-22,119.625
2021-03-23,116.62999725341797
2021-03-24,114.62999725341797
2021-03-25,115.05000305175781
2021-03-26,120.81999969482422
2021-03-29,118.88500213623047
2021-03-30,118.375
2021-03-31,121.7750015258789
2021-04-01,126.47000122070312
2021-04-05,128.5749969482422
2021-04-06,126.81500244140625
2021-04-07,126.5250015258789
2021-04-08,128.33999633789062
2021-04-09,128.0399932861328
2021-04-12,126.55500030517578
2021-04-13,126.30500030517578
2021-04-14,125.09500122070312
2021-04-15,126.69999694824219
2021-04-16,126.20500183105469
2021-04-19,123.08000183105469
2021-04-20,121.3550033569336
2021-04-21,124.55500030517578
2021-04-22,121.80000305175781
2021-04-23,124.5999984741211
2021-04-26,126.7300033569336
2021-04-27,125.98999786376953
2021-04-28,123.9749984741211
2021-04-29,125.12000274658203
2021-04-30,121.5
2021-05-03,120.08999633789062
2021-05-04,118.5999984741211
2021-05-05,119.125
2021-05-06,120.1050033569336
2021-05-07,121.80000305175781
2021-05-10,116.4000015258789
2021-05-11,116.625
2021-05-12,111.81500244140625
2021-05-13,113.08499908447266
2021-05-14,116.66999816894531
2021-05-17,115.37000274658203
2021-05-18,114.73500061035156
2021-05-19,116.79000091552734
2021-05-20,119.69000244140625
2021-05-21,119.08499908447266
2021-05-24,121.69999694824219
2021-05-25,122.5
2021-05-26,122.625
2021-05-27,123.21499633789062
2021-05-28,124.59500122070312
2021-06-01,124.41000366210938
2021-06-02,125.13999938964844
2021-06-03,123.0
2021-06-04,125.73999786376953
2021-06-07,125.0999984741211
2021-06-08,124.06999969482422
2021-06-09,123.68499755859375
2021-06-10,125.30000305175781
2021-06-11,125.73999786376953
2021-06-14,127.44000244140625
2021-06-15,126.33999633789062
2021-06-16,125.2750015258789
2021-06-17,126.69000244140625
2021-06-18,123.46499633789062
2021-06-21,123.79000091552734
2021-06-22,124.5999984741211
2021-06-23,125.2300033569336
2021-06-24,127.2750015258789
2021-06-25,126.7750015258789
2021-06-28,129.85000610351562
2021-06-29,130.97999572753906
2021-06-30,131.1199951171875
2021-07-01,129.18499755859375
2021-07-02,129.89999389648438
2021-07-06,129.86000061035156
2021-07-07,128.05999755859375
2021-07-08,126.34500122070312
2021-07-09,128.5
2021-07-12,130.18499755859375
2021-07-13,129.90499877929688
2021-07-14,129.6199951171875
2021-07-15,126.06500244140625
2021-07-16,123.42500305175781
2021-07-19,123.4000015258789
2021-07-20,124.91000366210938
2021-07-21,128.5
2021-07-22,127.7249984741211
2021-07-23,128.65499877929688
2021-07-26,128.50999450683594
2021-07-27,126.23999786376953
2021-07-28,128.4949951171875
2021-07-29,130.90499877929688
2021-07-30,131.57000732421875
2021-08-02,132.5
2021-08-03,133.6999969482422
2021-08-04,135.16000366210938
2021-08-05,135.00999450683594
2021-08-06,134.28500366210938
2021-08-09,133.8800048828125
2021-08-10,132.1649932861328
2021-08-11,131.81500244140625
2021-08-12,130.375
2021-08-13,131.22500610351562
2021-08-16,130.66000366210938
2021-08-17,128.18499755859375
2021-08-18,126.52999877929688
2021-08-19,127.63999938964844
2021-08-20,128.19000244140625
2021-08-23,131.875
2021-08-24,131.96499633789062
2021-08-25,133.39999389648438
2021-08-26,133.60499572753906
2021-08-27,136.02000427246094
2021-08-30,136.4499969482422
2021-08-31,135.4149932861328
2021-09-01,135.2050018310547
2021-09-02,135.53500366210938
2021-09-03,136.64500427246094
2021-09-07,136.36500549316406
2021-09-08,134.56500244140625
2021-09-09,135.1199951171875
2021-09-10,136.13999938964844
2021-09-13,137.16000366210938
2021-09-14,137.25
2021-09-15,137.72999572753906
2021-09-16,137.92999267578125
2021-09-17,135.5
2021-09-20,132.1999969482422
2021-09-21,132.47999572753906
2021-09-22,134.8699951171875
2021-09-23,136.56500244140625
2021-09-24,136.19500732421875
2021-09-27,135.7100067138672
2021-09-28,130.2449951171875
2021-09-29,128.27999877929688
2021-09-30,128.13499450683594
2021-10-01,128.2449951171875
2021-10-04,124.90499877929688
2021-10-05,126.66000366210938
2021-10-06,127.04499816894531
2021-10-07,128.625
2021-10-08,127.375
2021-10-11,126.61499786376953
2021-10-12,125.33499908447266
2021-10-13,126.40499877929688
2021-10-14,130.1999969482422
2021-10-15,131.2899932861328
2021-10-18,132.3249969482422
2021-10-19,133.83999633789062
2021-10-20,133.25
2021-10-21,134.77000427246094
2021-10-22,133.5800018310547
2021-10-25,134.2550048828125
2021-10-26,135.02000427246094
2021-10-27,133.8800048828125
2021-10-28,136.42999267578125
2021-10-29,136.82000732421875
2021-11-01,138.38999938964844
2021-11-02,139.9149932861328
2021-11-03,141.3000030517578
2021-11-04,147.14999389648438
2021-11-05,148.3000030517578
2021-11-08,150.97000122070312
2021-11-09,151.1699981689453
2021-11-10,146.39999389648438
2021-11-11,149.03500366210938
2021-11-12,150.5500030517578
2021-11-15,150.35000610351562
2021-11-16,152.3000030517578
2021-11-17,151.39500427246094
2021-11-18,155.1199951171875
2021-11-19,156.10000610351562
2021-11-22,153.7449951171875
2021-11-23,152.6300048828125
2021-11-24,154.1699981689453
2021-11-26,149.6999969482422
2021-11-29,155.7100067138672
2021-11-30,152.4499969482422
2021-12-01,151.91000366210938
2021-12-02,152.30499267578125
2021-12-03,150.5749969482422
2021-12-06,150.0
2021-12-07,157.27499389648438
2021-12-08,156.59500122070312
2021-12-09,152.80499267578125
2021-12-10,153.77499389648438
2021-12-13,149.78500366210938
2021-12-14,148.9199981689453
2021-12-15,155.0800018310547
2021-12-16,148.33999633789062
2021-12-17,147.64500427246094
2021-12-20,145.7550048828125
2021-12-21,151.02000427246094
2021-12-22,152.81500244140625
2021-12-23,154.1300048828125
2021-12-27,158.27999877929688
2021-12-28,156.72000122070312
2021-12-29,156.69500732421875
2021-12-30,154.9149932861328
2021-12-31,154.39500427246094
2022-01-03,157.8000030517578
2022-01-04,156.97999572753906
2022-01-05,151.59500122070312
2022-01-06,153.10000610351562
2022-01-07,148.44500732421875
2022-01-10,148.63499450683594
2022-01-11,151.63499450683594
2022-01-12,152.92999267578125
2022-01-13,150.27000427246094
2022-01-14,153.4550018310547
2022-01-18,146.58999633789062
2022-01-19,142.5399932861328
2022-01-20,138.1750030517578
2022-01-21,135.875
2022-01-24,137.61500549316406
2022-01-25,132.1649932861328
2022-01-26,134.07000732421875
2022-01-27,128.34500122070312
2022-01-28,130.84500122070312
2022-01-31,137.6999969482422
2022-02-01,138.2899932861328
2022-02-02,141.82000732421875
2022-02-03,135.52999877929688
2022-02-04,136.26499938964844
2022-02-07,136.47999572753906
2022-02-08,139.27499389648438
2022-02-09,144.125
2022-02-10,139.80999755859375
2022-02-11,132.625
2022-02-14,132.53500366210938
2022-02-15,139.7449951171875
2022-02-16,139.71499633789062
2022-02-17,134.11500549316406
2022-02-18,132.625
2022-02-22,131.71499633789062
2022-02-23,128.9550018310547
2022-02-24,133.3800048828125
2022-02-25,135.24000549316406
2022-02-28,134.0749969482422
2022-03-01,129.84500122070312
2022-03-02,134.09500122070312
2022-03-03,131.2050018310547
2022-03-04,127.67500305175781
2022-03-07,121.31999969482422
2022-03-08,123.1500015258789
2022-03-09,128.5
2022-03-10,125.72000122070312
2022-03-11,122.8949966430664
2022-03-14,119.34500122070312
2022-03-15,124.34500122070312
2022-03-16,130.92999267578125
2022-03-17,131.75
2022-03-18,134.59500122070312
2022-03-21,134.27999877929688
2022-03-22,135.2050018310547
2022-03-23,131.8249969482422
2022-03-24,138.24000549316406
2022-03-25,137.6649932861328
2022-03-28,138.6649932861328
2022-03-29,141.8000030517578
2022-03-30,137.68499755859375
2022-03-31,134.89500427246094
2022-04-01,132.7100067138672
2022-04-04,134.89999389648438
2022-04-05,129.0800018310547
2022-04-06,126.41000366210938
2022-04-07,126.43000030517578
2022-04-08,123.42500305175781
2022-04-11,120.6500015258789
2022-04-12,120.0
2022-04-13,122.8499984741211
2022-04-14,119.11000061035156
2022-04-18,121.1500015258789
2022-04-19,123.7300033569336
2022-04-20,123.50499725341797
2022-04-21,120.12000274658203
2022-04-22,117.36499786376953
2022-04-25,119.3949966430664
2022-04-26,114.30500030517578
2022-04-27,113.75499725341797
2022-04-28,120.25
2022-04-29,114.92500305175781
2022-05-02,118.2699966430664
2022-05-03,119.23999786376953
2022-05-04,123.33000183105469
2022-05-05,117.54000091552734
2022-05-06,116.33499908447266
2022-05-09,110.44499969482422
2022-05-10,113.30000305175781
2022-05-11,109.82499694824219
2022-05-12,110.34500122070312
2022-05-13,116.12999725341797
2022-05-16,114.25499725341797
2022-05-17,119.72000122070312
2022-05-18,114.0
2022-05-19,114.02999877929688
2022-05-20,114.08499908447266
2022-05-23,115.0
2022-05-24,111.96499633789062
2022-05-25,114.29499816894531
2022-05-26,118.11499786376953
2022-05-27,122.80000305175781
2022-05-31,122.29000091552734
2022-06-01,120.27999877929688
2022-06-02,124.52999877929688
2022-06-03,120.86000061035156
2022-06-06,120.95999908447266
2022-06-07,121.92500305175781
2022-06-08,119.38500213623047
2022-06-09,116.20999908447266
2022-06-10,111.91000366210938
2022-06-13,105.69000244140625
2022-06-14,106.46499633789062
2022-06-15,108.41500091552734
2022-06-16,101.98999786376953
2022-06-17,102.82499694824219
2022-06-21,105.73999786376953
2022-06-22,104.25
2022-06-23,103.70999908447266
2022-06-24,108.08000183105469
2022-06-27,107.72000122070312
2022-06-28,105.00499725341797
2022-06-29,103.15499877929688
2022-06-30,101.86499786376953
2022-07-01,97.99500274658203
2022-07-05,98.51000213623047
2022-07-06,99.18000030517578
2022-07-07,103.76000213623047
2022-07-08,104.31999969482422
2022-07-11,101.81999969482422
2022-07-12,101.77999877929688
2022-07-13,102.58499908447266
2022-07-14,104.75
2022-07-15,107.3949966430664
2022-07-18,106.5999984741211
2022-07-19,111.47000122070312
2022-07-20,114.09500122070312
2022-07-21,116.01000213623047
2022-07-22,113.38500213623047
2022-07-25,112.68499755859375
2022-07-26,110.98500061035156
2022-07-27,116.18000030517578
2022-07-28,117.5999984741211
2022-07-29,118.58000183105469
2022-08-01,118.81999969482422
2022-08-02,118.57499694824219
2022-08-03,121.41000366210938
2022-08-04,122.6449966430664
2022-08-05,121.80999755859375
2022-08-08,119.70500183105469
2022-08-09,114.69499969482422
2022-08-10,119.33999633789062
2022-08-11,119.31500244140625
2022-08-12,122.68499755859375
2022-08-15,123.23999786376953
2022-08-16,121.8499984741211
2022-08-17,119.23500061035156
2022-08-18,120.9000015258789
2022-08-19,117.49500274658203
2022-08-22,113.4000015258789
2022-08-23,114.13500213623047
2022-08-24,114.05999755859375
2022-08-25,117.88999938964844
2022-08-26,111.33499908447266
2022-08-29,109.2699966430664
2022-08-30,108.0199966430664
2022-08-31,107.28500366210938
2022-09-01,104.94000244140625
2022-09-02,103.91000366210938
2022-09-06,102.75
2022-09-07,104.38999938964844
2022-09-08,105.80500030517578
2022-09-09,108.43000030517578
2022-09-12,108.69999694824219
2022-09-13,102.2300033569336
2022-09-14,103.33999633789062
2022-09-15,101.5
2022-09-16,101.95500183105469
2022-09-19,102.625
2022-09-20,101.20500183105469
2022-09-21,100.36000061035156
2022-09-22,97.58000183105469
2022-09-23,96.18499755859375
2022-09-26,95.06500244140625
2022-09-27,95.78500366210938
2022-09-28,97.00499725341797
2022-09-29,93.94999694824219
2022-09-30,92.55999755859375
2022-10-03,95.87999725341797
2022-10-04,99.9800033569336
2022-10-05,100.97000122070312
2022-10-06,100.27999877929688
2022-10-07,94.30000305175781
2022-10-10,91.1500015258789
2022-10-11,88.2750015258789
2022-10-12,87.74500274658203
2022-10-13,90.43000030517578
2022-10-14,86.57499694824219
2022-10-17,88.625
2022-10-18,88.6449966430664
2022-10-19,89.36000061035156
2022-10-20,90.06999969482422
2022-10-21,93.17500305175781
2022-10-24,93.47000122070312
2022-10-25,94.94999694824219
2022-10-26,94.0199966430664
2022-10-27,92.84500122070312
2022-10-28,96.38999938964844
2022-10-31,94.61000061035156
2022-11-01,95.26499938964844
2022-11-02,92.53500366210938
2022-11-03,91.44999694824219
2022-11-04,95.69999694824219
2022-11-07,97.58999633789062
2022-11-08,99.69499969482422
2022-11-09,96.98500061035156
2022-11-10,106.8949966430664
2022-11-11,110.4000015258789
2022-11-14,109.3550033569336
2022-11-15,112.80000305175781
2022-11-16,108.73999786376953
2022-11-17,109.55999755859375
2022-11-18,109.76000213623047
2022-11-21,107.83999633789062
2022-11-22,110.9749984741211
2022-11-23,111.94000244140625
2022-11-25,110.625
2022-11-28,108.01499938964844
2022-11-29,107.72000122070312
2022-11-30,113.86499786376953
2022-12-01,113.5
2022-12-02,111.94000244140625
2022-12-05,110.6050033569336
2022-12-06,108.18000030517578
2022-12-07,108.15499877929688
2022-12-08,110.91000366210938
2022-12-09,110.0199966430664
2022-12-12,111.9800033569336
2022-12-13,113.84500122070312
2022-12-14,111.88500213623047
2022-12-15,107.625
2022-12-16,106.79000091552734
2022-12-19,104.33999633789062
2022-12-20,103.83000183105469
2022-12-21,106.1500015258789
2022-12-22,101.75
2022-12-23,101.73999786376953
2022-12-27,99.91999816894531
2022-12-28,98.6500015258789
2022-12-29,101.87000274658203
2022-12-30,101.47000122070312
2023-01-03,100.69000244140625
2023-01-04,103.25
2023-01-05,101.4000015258789
2023-01-06,105.83499908447266
2023-01-09,108.13999938964844
2023-01-10,109.54499816894531
2023-01-11,110.83000183105469
2023-01-12,112.48999786376953
2023-01-13,112.8949966430664
2023-01-17,113.56500244140625
2023-01-18,112.8550033569336
2023-01-19,110.09500122070312
2023-01-20,113.67500305175781
2023-01-23,119.03500366210938
2023-01-24,118.19000244140625
2023-01-25,118.30999755859375
2023-01-26,120.43000030517578
2023-01-27,119.63999938964844
2023-01-30,116.7750015258789
2023-01-31,118.55000305175781
2023-02-01,124.13999938964844
2023-02-02,126.79499816894531
2023-02-03,124.46499633789062
2023-02-06,122.3949966430664
2023-02-07,126.06999969482422
2023-02-08,123.5999984741211
2023-02-09,124.08999633789062
2023-02-10,122.00499725341797
2023-02-13,123.83999633789062
2023-02-14,126.50499725341797
2023-02-15,126.5
2023-02-16,123.06500244140625
2023-02-17,121.38500213623047
2023-02-21,117.69499969482422
2023-02-22,117.12000274658203
2023-02-23,121.2699966430664
2023-02-24,119.1050033569336
2023-02-27,119.63999938964844
2023-02-28,119.69999694824219
2023-03-01,119.77999877929688
2023-03-02,120.83999633789062
2023-03-03,122.4800033569336
2023-03-06,121.38999938964844
2023-03-07,120.03500366210938
2023-03-08,123.17500305175781
2023-03-09,120.81500244140625
2023-03-10,118.86000061035156
2023-03-13,118.77999877929688
2023-03-14,122.33499908447266
2023-03-15,120.95999908447266
2023-03-16,125.80000305175781
2023-03-17,125.16000366210938
2023-03-20,126.41999816894531
2023-03-21,126.81999969482422
2023-03-22,126.00499725341797
2023-03-23,129.35499572753906
2023-03-24,127.30999755859375
2023-03-27,125.82499694824219
2023-03-28,124.94999694824219
2023-03-29,128.83999633789062
2023-03-30,130.68499755859375
2023-03-31,131.59500122070312
2023-04-03,130.84500122070312
2023-04-04,128.8350067138672
2023-04-05,126.58000183105469
2023-04-06,126.19999694824219
2023-04-10,128.11000061035156
2023-04-11,127.43000030517578
2023-04-12,125.16500091552734
2023-04-13,126.17500305175781
2023-04-14,126.04000091552734
2023-04-17,125.94999694824219
2023-04-18,126.51499938964844
2023-04-19,125.31500244140625
2023-04-20,125.45500183105469
2023-04-21,124.16999816894531
2023-04-24,123.50499725341797
2023-04-25,119.58999633789062
2023-04-26,120.42500305175781
2023-04-27,121.58999633789062
2023-04-28,123.625
2023-05-01,124.56999969482422
2023-05-02,123.48999786376953
2023-05-03,122.21499633789062
2023-05-04,121.80500030517578
2023-05-05,124.37999725341797
2023-05-08,125.06999969482422
2023-05-09,123.13999938964844
2023-05-10,124.13999938964844
2023-05-11,123.04000091552734
2023-05-12,122.9000015258789
2023-05-15,126.12000274658203
2023-05-16,126.08999633789062
2023-05-17,129.5
2023-05-18,134.0399932861328
2023-05-19,133.3000030517578
2023-05-22,133.19000244140625
2023-05-23,131.27000427246094
2023-05-24,129.33999633789062
2023-05-25,140.4600067138672
2023-05-26,147.36000061035156
2023-05-30,148.07000732421875
2023-05-31,144.3300018310547
2023-06-01,146.5
2023-06-02,146.13999938964844
2023-06-05,144.30999755859375
2023-06-06,145.3300018310547
2023-06-07,144.5
2023-06-08,146.1699981689453
2023-06-09,146.83999633789062
2023-06-12,151.17999267578125
2023-06-13,153.27000427246094
2023-06-14,155.60000610351562
2023-06-15,154.47999572753906
2023-06-16,153.3800048828125
2023-06-20,152.83999633789062
2023-06-21,149.33999633789062
2023-06-22,150.0800018310547
2023-06-23,147.52999877929688
2023-06-26,146.85000610351562
2023-06-27,151.50999450683594
2023-06-28,150.13999938964844
2023-06-29,149.9199981689453
2023-06-30,152.25
2023-07-03,153.60000610351562
2023-07-05,150.6999969482422
2023-07-06,148.91000366210938
2023-07-07,149.0500030517578
2023-07-10,151.16000366210938
2023-07-11,151.32000732421875
2023-07-12,154.5
2023-07-13,158.2100067138672
2023-07-14,156.89999389648438
2023-07-17,159.82000732421875
2023-07-18,160.25999450683594
2023-07-19,158.5800018310547
2023-07-20,152.97000122070312
2023-07-21,153.7899932861328
2023-07-24,153.9199981689453
2023-07-25,156.38999938964844
2023-07-26,154.67999267578125
2023-07-27,157.4600067138672
2023-07-28,160.5
2023-07-31,160.6199951171875
2023-08-01,160.52999877929688
2023-08-02,154.63999938964844
2023-08-03,154.19000244140625
2023-08-04,154.25
2023-08-07,155.91000366210938
2023-08-08,153.33999633789062
2023-08-09,150.3000030517578
2023-08-10,149.97000122070312
2023-08-11,146.2100067138672
2023-08-14,150.66000366210938
2023-08-15,148.85000610351562
2023-08-16,146.5
2023-08-17,145.50999450683594
2023-08-18,146.1300048828125
2023-08-21,151.0399932861328
2023-08-22,149.52999877929688
2023-08-23,152.77000427246094
2023-08-24,148.82000732421875
2023-08-25,149.08999633789062
2023-08-28,150.92999267578125
2023-08-29,154.8000030517578
2023-08-30,155.58999633789062
2023-08-31,156.22000122070312
2023-09-01,156.2100067138672
2023-09-05,156.5800018310547
2023-09-06,154.75999450683594
2023-09-07,151.3300018310547
2023-09-08,150.3800048828125
2023-09-11,150.49000549316406
2023-09-12,149.36000061035156
2023-09-13,150.57000732421875
2023-09-14,151.38999938964844
2023-09-15,146.80999755859375
2023-09-18,147.3000030517578
2023-09-19,146.02999877929688
2023-09-20,143.6300048828125
2023-09-21,140.75999450683594
2023-09-22,141.9600067138672
2023-09-25,142.9600067138672
2023-09-26,140.6999969482422
2023-09-27,141.99000549316406
2023-09-28,144.2899932861328
2023-09-29,144.97999572753906
2023-10-02,146.22999572753906
2023-10-03,142.97999572753906
2023-10-04,145.2100067138672
2023-10-05,145.2100067138672
2023-10-06,148.35000610351562
2023-10-09,147.97000122070312
2023-10-10,149.8000030517578
2023-10-11,151.4199981689453
2023-10-12,152.19000244140625
2023-10-13,148.3800048828125
2023-10-16,150.08999633789062
2023-10-17,148.32000732421875
2023-10-18,145.35000610351562
2023-10-19,144.36000061035156
2023-10-20,142.10000610351562
2023-10-23,142.60000610351562
2023-10-24,144.27000427246094
2023-10-25,138.67999267578125
2023-10-26,137.4600067138672
2023-10-27,138.30999755859375
2023-10-30,137.9600067138672
2023-10-31,138.9499969482422
2023-11-01,142.41000366210938
2023-11-02,146.10000610351562
2023-11-03,149.50999450683594
2023-11-06,149.9499969482422
2023-11-07,150.88999938964844
2023-11-08,151.42999267578125
2023-11-09,151.16000366210938
2023-11-10,157.27999877929688
2023-11-13,156.32000732421875
2023-11-14,161.08999633789062
2023-11-15,161.2100067138672
2023-11-16,161.80999755859375
2023-11-17,162.57000732421875
2023-11-20,164.89999389648438
2023-11-21,162.47000122070312
2023-11-22,162.1199951171875
2023-11-24,161.75999450683594
2023-11-27,161.66000366210938
2023-11-28,160.72999572753906
2023-11-29,162.2100067138672
2023-11-30,160.47999572753906
2023-12-01,161.1300048828125
2023-12-04,158.77999877929688
2023-12-05,158.77999877929688
2023-12-06,157.5
2023-12-07,161.10000610351562
2023-12-08,162.47999572753906
2023-12-11,166.3800048828125
2023-12-12,168.13999938964844
2023-12-13,170.1199951171875
2023-12-14,173.25999450683594
2023-12-15,174.0800018310547
2023-12-18,173.33999633789062
2023-12-19,173.9199981689453
2023-12-20,169.0800018310547
2023-12-21,173.25999450683594
2023-12-22,173.27999877929688
2023-12-26,175.6699981689453
2023-12-27,175.86000061035156
2023-12-28,175.82000732421875
2023-12-29,174.8699951171875
2024-01-02,168.97000122070312
2024-01-03,165.97000122070312
2024-01-04,164.99000549316406
2024-01-05,166.0800018310547
2024-01-08,171.9600067138672
2024-01-09,172.4199981689453
2024-01-10,172.5800018310547
2024-01-11,173.55999755859375
2024-01-12,172.9499969482422
2024-01-16,175.6999969482422
2024-01-17,174.63999938964844
2024-01-18,180.30999755859375
2024-01-19,187.17999267578125
2024-01-22,188.0500030517578
2024-01-23,189.00999450683594
2024-01-24,192.3699951171875
2024-01-25,192.3699951171875
2024-01-26,188.27000427246094
2024-01-29,190.47999572753906
2024-01-30,188.58999633789062
2024-01-31,185.8699951171875
2024-02-01,187.57000732421875
2024-02-02,191.22000122070312
2024-02-05,194.9499969482422
2024-02-06,192.74000549316406
2024-02-07,196.6300048828125
2024-02-08,199.42999267578125
2024-02-09,203.85000610351562
2024-02-12,203.05999755859375
2024-02-13,199.3000030517578
2024-02-14,203.3000030517578
2024-02-15,202.6199951171875
2024-02-16,201.75
2024-02-20,197.77999877929688
2024-02-21,196.50999450683594
2024-02-22,209.92999267578125
2024-02-23,208.6199951171875
2024-02-26,210.35000610351562
2024-02-27,209.74000549316406
2024-02-28,207.41000366210938
2024-02-29,211.9499969482422
2024-03-01,220.5399932861328
2024-03-04,224.08999633789062
2024-03-05,220.66000366210938
2024-03-06,226.35000610351562
2024-03-07,234.1699981689453
2024-03-08,224.99000549316406
2024-03-11,220.97999572753906
2024-03-12,227.97000122070312
2024-03-13,223.4600067138672
2024-03-14,219.4600067138672
2024-03-15,217.83999633789062
2024-03-18,218.27999877929688
2024-03-19,217.8000030517578
2024-03-20,221.2899932861328
2024-03-21,226.30999755859375
2024-03-22,227.63999938964844
2024-03-25,227.0800018310547
2024-03-26,224.97000122070312
2024-03-27,224.88999938964844
2024-03-28,224.99000549316406
2024-04-01,227.94000244140625
2024-04-02,225.00999450683594
2024-04-03,225.91000366210938
2024-04-04,219.88999938964844
2024-04-05,222.63999938964844
2024-04-08,223.05999755859375
2024-04-09,224.10000610351562
2024-04-10,222.14999389648438
2024-04-11,227.30999755859375
2024-04-12,220.67999267578125
2024-04-15,217.36000061035156
2024-04-16,219.16000366210938
2024-04-17,212.39999389648438
2024-04-18,208.6300048828125
2024-04-19,199.2100067138672
2024-04-22,203.02000427246094
2024-04-23,207.8000030517578
2024-04-24,208.0399932861328
2024-04-25,212.1999969482422
2024-04-26,217.63999938964844
2024-04-29,218.3800048828125
2024-04-30,214.08999633789062
2024-05-01,207.85000610351562
2024-05-02,212.02999877929688
2024-05-03,217.72999572753906
2024-05-06,222.6699981689453
2024-05-07,220.72999572753906
2024-05-08,221.39999389648438
2024-05-09,219.97999572753906
2024-05-10,223.3000030517578
2024-05-13,223.25999450683594
2024-05-14,227.0800018310547
2024-05-15,233.89999389648438
2024-05-16,232.1999969482422
2024-05-17,230.25
2024-05-20,235.0
2024-05-21,234.6699981689453
2024-05-22,236.58999633789062
2024-05-23,239.82000732421875
2024-05-24,244.25999450683594
2024-05-28,249.8300018310547
2024-05-29,245.64999389648438
2024-05-30,242.27000427246094
2024-05-31,240.47999572753906
2024-06-03,243.47999572753906
2024-06-04,242.60000610351562
2024-06-05,254.41000366210938
2024-06-06,252.41000366210938
2024-06-07,252.2100067138672
2024-06-10,255.86000061035156
2024-06-11,255.47999572753906
2024-06-12,263.0899963378906
2024-06-13,267.2099914550781
2024-06-14,267.8900146484375
2024-06-17,272.4800109863281
2024-06-18,276.760009765625
2024-06-20,268.9200134277344
2024-06-21,264.8900146484375
2024-06-24,255.77999877929688
2024-06-25,261.7699890136719
2024-06-26,260.9100036621094
2024-06-27,258.8599853515625
2024-06-28,260.70001220703125
2024-07-01,261.010009765625
2024-07-02,263.6300048828125
2024-07-03,269.6199951171875
2024-07-05,269.7200012207031
2024-07-08,274.2099914550781
2024-07-09,274.80999755859375
2024-07-10,281.2699890136719
2024-07-11,271.0199890136719
2024-07-12,274.45001220703125
2024-07-15,273.8299865722656
2024-07-16,273.7099914550781
2024-07-17,254.22000122070312
2024-07-18,255.5399932861328
2024-07-19,248.13999938964844
2024-07-22,257.7200012207031
2024-07-23,254.86000061035156
2024-07-24,240.97999572753906
2024-07-25,236.55999755859375
2024-07-26,240.30999755859375
2024-07-29,238.60000610351562
2024-07-30,229.47000122070312
2024-07-31,246.99000549316406
2024-08-01,231.00999450683594
2024-08-02,218.42999267578125
2024-08-05,213.30999755859375
2024-08-06,217.4600067138672
2024-08-07,211.47000122070312
2024-08-08,224.91000366210938
2024-08-09,224.85000610351562
2024-08-12,226.9600067138672
2024-08-13,236.19000244140625
2024-08-14,236.38999938964844
2024-08-15,246.3699951171875
2024-08-16,246.7100067138672
2024-08-19,251.33999633789062
2024-08-20,248.05999755859375
2024-08-21,250.6300048828125
2024-08-22,242.4199981689453
2024-08-23,248.38999938964844
2024-08-26,242.57000732421875
2024-08-27,245.00999450683594
2024-08-28,240.88999938964844
2024-08-29,237.91000366210938
2024-08-30,243.4600067138672
2024-09-03,225.19000244140625
2024-09-04,224.64999389648438
2024-09-05,224.25999450683594
2024-09-06,215.0
2024-09-09,219.86000061035156
2024-09-10,221.94000244140625
2024-09-11,233.39999389648438
2024-09-12,233.89999389648438
2024-09-13,236.91000366210938
2024-09-16,233.8000030517578
2024-09-17,233.72000122070312
2024-09-18,231.05999755859375
2024-09-19,241.08999633789062
2024-09-20,237.89999389648438
2024-09-23,238.9499969482422
2024-09-24,243.39999389648438
2024-09-25,245.5399932861328
2024-09-26,252.6199951171875
2024-09-27,247.74000549316406
2024-09-30,245.4499969482422
2024-10-01,238.8800048828125
2024-10-02,242.32000732421875
2024-10-03,244.5500030517578
2024-10-04,247.82000732421875
2024-10-07,248.22000122070312
2024-10-08,252.52000427246094
2024-10-09,255.14999389648438
2024-10-10,254.64999389648438
2024-10-11,256.69000244140625
2024-10-14,261.2799987792969
2024-10-15,247.16000366210938
2024-10-16,247.32000732421875
2024-10-17,251.5800018310547
2024-10-18,251.50999450683594
2024-10-21,252.83999633789062
2024-10-22,251.69000244140625
2024-10-23,249.00999450683594
2024-10-24,250.05999755859375
2024-10-25,252.9600067138672
2024-10-28,251.2100067138672
2024-10-29,256.9200134277344
2024-10-30,250.67999267578125
2024-10-31,241.67999267578125
2024-11-01,244.75
2024-11-04,244.27000427246094
2024-11-05,248.30999755859375
2024-11-06,254.80999755859375
2024-11-07,261.0199890136719
2024-11-08,259.3399963378906
2024-11-11,253.52999877929688
2024-11-12,251.86000061035156
2024-11-13,247.6300048828125
2024-11-14,248.17999267578125
2024-11-15,239.9499969482422
2024-11-18,241.5399932861328
2024-11-19,244.17999267578125
2024-11-20,242.5399932861328
2024-11-21,246.10000610351562
2024-11-22,244.6199951171875
2024-11-25,243.66000366210938
2024-11-26,241.4199981689453
2024-11-27,238.25
2024-11-29,242.1300048828125
2024-12-02,247.8699951171875
2024-12-03,248.4199981689453
2024-12-04,252.6300048828125
2024-12-05,248.3000030517578
2024-12-06,248.61000061035156
2024-12-09,246.07000732421875
2024-12-10,239.8800048828125
2024-12-11,245.75
2024-12-12,243.3699951171875
2024-12-13,249.49000549316406
2024-12-16,253.25
2024-12-17,249.9600067138672
2024-12-18,241.99000549316406
2024-12-19,238.8699951171875
2024-12-20,242.7100067138672
2024-12-23,249.22000122070312
2024-12-24,251.3699951171875
2024-12-26,250.92999267578125
2024-12-27,248.39999389648438
2024-12-30,244.66000366210938
2024-12-31,242.1699981689453
2025-01-02,244.7899932861328
2025-01-03,251.8800048828125
2025-01-06,260.2300109863281
2025-01-07,254.0399932861328
2025-01-08,252.22999572753906
2025-01-10,247.17999267578125
2025-01-13,244.63999938964844
2025-01-14,245.44000244140625
2025-01-15,251.2100067138672
2025-01-16,252.2899932861328
2025-01-17,258.25
2025-01-21,262.3900146484375
2025-01-22,267.1700134277344
2025-01-23,266.8500061035156
2025-01-24,261.5299987792969
2025-01-27,235.80999755859375
2025-01-28,240.4499969482422
2025-01-29,239.52999877929688
2025-01-30,245.1699981689453
2025-01-31,243.6199951171875
2025-02-03,238.77999877929688
2025-02-04,241.47000122070312
2025-02-05,247.13999938964844
2025-02-06,248.35000610351562
2025-02-07,245.0
2025-02-10,249.6199951171875
2025-02-11,249.8699951171875
2025-02-12,248.50999450683594
2025-02-13,251.9199981689453
2025-02-14,252.5800018310547
2025-02-18,256.2200012207031
2025-02-19,257.3399963378906
2025-02-20,257.79998779296875
2025-02-21,249.99000549316406
2025-02-24,243.4199981689453
2025-02-25,238.25
2025-02-26,243.82000732421875
2025-02-27,228.7899932861328
2025-02-28,232.77000427246094
2025-03-03,223.00999450683594
2025-03-04,225.22999572753906
2025-03-05,229.39999389648438
2025-03-06,219.77999877929688
2025-03-07,225.08999633789062
2025-03-10,214.52999877929688
2025-03-11,214.22000122070312
2025-03-12,220.52000427246094
2025-03-13,219.5500030517578
2025-03-14,226.57000732421875
2025-03-17,228.9600067138672
2025-03-18,225.4199981689453
2025-03-19,227.41000366210938
2025-03-20,227.0500030517578
2025-03-21,224.77000427246094
2025-03-24,230.6300048828125
2025-03-25,229.64999389648438
2025-03-26,222.00999450683594
2025-03-27,217.75
2025-03-28,212.1699981689453
2025-03-31,211.47000122070312
2025-04-01,212.49000549316406
2025-04-02,214.08999633789062
2025-04-03,195.57000732421875
2025-04-04,180.8000030517578
2025-04-07,184.89999389648438
2025-04-08,179.9499969482422
2025-04-09,210.8300018310547
2025-04-10,196.2100067138672
2025-04-11,201.30999755859375
2025-04-14,201.61000061035156
2025-04-15,202.9199981689453
2025-04-16,194.35000610351562
2025-04-17,192.52999877929688
2025-04-21,187.8300018310547
2025-04-22,191.89999389648438
2025-04-23,198.91000366210938
2025-04-24,208.97000122070312
2025-04-25,211.97000122070312
2025-04-28,210.64999389648438
2025-04-29,210.2899932861328
2025-04-30,211.27999877929688
2025-05-01,212.3000030517578
2025-05-02,219.02999877929688
2025-05-05,217.61000061035156
2025-05-06,215.58999633789062
2025-05-07,220.02000427246094
2025-05-08,221.9499969482422
2025-05-09,223.39999389648438
2025-05-12,237.41000366210938
2025-05-13,245.55999755859375
2025-05-14,247.99000549316406
2025-05-15,247.1300048828125
2025-05-16,246.4199981689453
2025-05-19,246.00999450683594
2025-05-20,245.5399932861328
2025-05-21,241.47000122070312
2025-05-22,240.80999755859375
2025-05-23,237.44000244140625
2025-05-27,244.97000122070312
2025-05-28,242.36000061035156
2025-05-29,244.0800018310547
2025-05-30,239.75
2025-06-02,243.3000030517578
2025-06-03,248.7899932861328
2025-06-04,251.75
2025-06-05,251.3000030517578
2025-06-06,252.72999572753906
2025-06-09,256.9599914550781
2025-06-10,262.07000732421875
2025-06-11,261.8800048828125
2025-06-12,263.1499938964844
2025-06-13,256.989990234375
2025-06-16,263.3800048828125
2025-06-17,261.5899963378906
2025-06-18,262.5899963378906
2025-06-20,260.2699890136719
2025-06-23,261.9200134277344
2025-06-24,271.5400085449219
2025-06-25,275.20001220703125
2025-06-26,277.20001220703125
2025-06-27,278.4200134277344
2025-06-30,278.8800048828125
2025-07-01,275.8399963378906
2025-07-02,281.25
2025-07-03,283.6199951171875
2025-07-07,279.760009765625
2025-07-08,283.4800109863281
2025-07-09,285.4200134277344
2025-07-10,287.5199890136719
2025-07-11,287.489990234375
2025-07-14,285.32000732421875
2025-07-15,290.79998779296875
2025-07-16,289.2799987792969
2025-07-17,291.7099914550781
2025-07-18,290.30999755859375
2025-07-21,290.510009765625
2025-07-22,285.3699951171875
2025-07-23,286.6099853515625
2025-07-24,287.79998779296875
2025-07-25,287.489990234375
2025-07-28,291.4100036621094
2025-07-29,292.8999938964844
2025-07-30,296.260009765625
2025-07-31,288.7799987792969
2025-08-01,283.95001220703125
2025-08-04,290.19000244140625
2025-08-05,287.1000061035156
2025-08-06,286.6199951171875
2025-08-07,291.1199951171875
2025-08-08,293.5299987792969
2025-08-11,293.3999938964844
2025-08-12,300.1000061035156
2025-08-13,301.2799987792969
2025-08-14,301.9200134277344
2025-08-15,295.6499938964844
2025-08-18,296.8599853515625
2025-08-19,290.8699951171875
2025-08-20,288.9599914550781
2025-08-21,287.4599914550781
2025-08-22,293.6400146484375
2025-08-25,293.9200134277344
2025-08-26,296.75
2025-08-27,297.6600036621094
2025-08-28,298.8800048828125
2025-08-29,290.2900085449219
2025-09-02,286.4800109863281
2025-09-03,286.42999267578125
2025-09-04,289.8599853515625
2025-09-05,293.2799987792969
2025-09-08,296.5199890136719
2025-09-09,297.80999755859375
2025-09-10,300.8299865722656
2025-09-11,303.92999267578125
2025-09-12,304.32000732421875
2025-09-15,307.1700134277344
2025-09-16,307.2099914550781
2025-09-17,305.25
2025-09-18,316.9700012207031
2025-09-19,315.7099914550781
2025-09-22,322.1700134277344
2025-09-23,321.70001220703125
2025-09-24,321.1099853515625
2025-09-25,321.05999755859375
2025-09-26,321.82000732421875
2025-09-29,322.6600036621094
2025-09-30,326.3599853515625
2025-10-01,333.69000244140625
2025-10-02,338.239990234375
2025-10-03,336.67999267578125
2025-10-06,343.3800048828125
2025-10-07,337.04998779296875
2025-10-08,346.07000732421875
2025-10-09,345.2099914550781
2025-10-10,325.3399963378906
2025-10-13,339.75
2025-10-14,333.5
2025-10-15,341.7799987792969
2025-10-16,343.29998779296875
2025-10-17,342.8299865722656
2025-10-20,347.2200012207031
2025-10-21,345.29998779296875
2025-10-22,338.6000061035156
2025-10-23,344.79998779296875
2025-10-24,351.1400146484375
2025-10-27,359.94000244140625
2025-10-28,363.1099853515625
2025-10-29,368.6099853515625
2025-10-30,363.7300109863281
2025-10-31,363.0199890136719
2025-11-03,366.1000061035156
2025-11-04,352.760009765625
2025-11-05,359.5
2025-11-06,351.0899963378906
2025-11-07,348.1199951171875
2025-11-10,358.7900085449219
2025-11-11,351.04998779296875
2025-11-12,355.5299987792969
2025-11-13,344.82000732421875
2025-11-14,344.9800109863281
2025-11-17,340.29998779296875
2025-11-18,333.2900085449219
2025-11-19,339.44000244140625
2025-11-20,325.1000061035156
2025-11-21,326.1300048828125
2025-11-24,339.1199951171875
2025-11-25,340.010009765625
2025-11-26,347.7099914550781
2025-11-28,352.2799987792969
2025-12-01,352.9599914550781
2025-12-02,359.42999267578125
2025-12-03,364.3699951171875
2025-12-04,361.6000061035156
2025-12-05,364.4200134277344
2025-12-08,368.54998779296875
2025-12-09,369.0
2025-12-10,374.1000061035156
2025-12-11,370.8900146484375
2025-12-12,354.1199951171875
2025-12-15,352.8999938964844
2025-12-16,351.94000244140625
2025-12-17,339.239990234375
2025-12-18,347.25
2025-12-19,356.2300109863281
2025-12-22,359.70001220703125
2025-12-23,363.1600036621094
2025-12-24,364.1700134277344
2025-12-26,365.8599853515625
2025-12-29,364.2099914550781
2025-12-30,363.30999755859375
2025-12-31,360.1300048828125
2026-01-02,373.29998779296875
2026-01-05,377.5899963378906
2026-01-06,387.6199951171875
2026-01-07,385.0199890136719
2026-01-08,378.9800109863281
2026-01-09,389.2200012207031
2026-01-12,390.6600036621094
2026-01-13,391.5299987792969
2026-01-14,388.3500061035156
2026-01-15,396.4100036621094
2026-01-16,400.3900146484375
2026-01-20,390.3900146484375
2026-01-21,401.92999267578125
2026-01-22,402.82000732421875
2026-01-23,400.0899963378906
2026-01-26,398.82000732421875
2026-01-27,407.25
2026-01-28,416.6300048828125
2026-01-29,417.5199890136719
2026-01-30,403.4599914550781
2026-02-02,407.9700012207031
2026-02-03,397.67999267578125
2026-02-04,382.0199890136719
2026-02-05,381.07000732421875
2026-02-06,401.6499938964844
2026-02-09,406.6499938964844
2026-02-10,404.760009765625
2026-02-11,414.7799987792969
2026-02-12,406.1099853515625
2026-02-13,407.7200012207031
2026-02-17,407.510009765625
2026-02-18,412.54998779296875
2026-02-19,410.20001220703125
2026-02-20,415.0299987792969
2026-02-23,412.8800048828125
2026-02-24,419.1600036621094
2026-02-25,426.1600036621094
2026-02-26,412.010009765625
2026-02-27,406.3699951171875
2026-03-02,406.3900146484375
2026-03-03,391.05999755859375
2026-03-04,399.1000061035156
2026-03-05,395.3500061035156
2026-03-06,380.55999755859375
2026-03-09,394.3699951171875
2026-03-10,397.3299865722656
2026-03-11,401.0299987792969
2026-03-12,388.1300048828125
2026-03-13,387.3299865722656
2026-03-16,393.9200134277344
2026-03-17,396.8800048828125
2026-03-18,393.6700134277344
2026-03-19,394.9200134277344
2026-03-20,384.739990234375
2026-03-23,391.3599853515625
2026-03-24,394.5899963378906
2026-03-25,399.0199890136719
2026-03-26,380.8399963378906
2026-03-27,374.25
2026-03-30,362.5299987792969
2026-03-31,383.3999938964844
2026-04-01,391.9700012207031
2026-04-02,392.32000732421875
2026-04-06,395.9800109863281
2026-04-07,399.8999938964844
2026-04-08,422.9200134277344
2026-04-09,430.30999755859375
2026-04-10,436.8800048828125
2026-04-13,443.3399963378906
2026-04-14,452.0
2026-04-15,453.0
2026-04-16,454.79998779296875
2026-04-17,464.1600036621094
2026-04-20,463.9599914550781
2026-04-21,464.6600036621094
2026-04-22,476.8299865722656
2026-04-23,481.8500061035156
2026-04-24,506.44000244140625
2026-04-27,506.260009765625
2026-04-28,491.2099914550781
2026-04-29,499.5799865722656
2026-04-30,506.7200012207031
2026-05-01,509.82000732421875
2026-05-04,506.7900085449219
2026-05-05,522.6900024414062
2026-05-06,549.760009765625
2026-05-07,540.0999755859375
2026-05-08,566.5399780273438
2026-05-11,576.3099975585938
2026-05-12,561.25
2026-05-13,572.4600219726562
2026-05-14,578.3400268554688
2026-05-15,556.3400268554688
2026-05-18,546.1599731445312
2026-05-19,543.9600219726562
2026-05-20,563.030029296875
