date,soxx
2010-12-31,18.566667556762695
2011-01-03,18.666667938232422
2011-01-04,18.713333129882812
2011-01-05,18.773332595825195
2011-01-06,19.110000610351562
2011-01-07,19.163333892822266
2011-01-10,19.3700008392334
2011-01-11,19.420000076293945
2011-01-12,19.799999237060547
2011-01-13,19.81333351135254
2011-01-14,20.34000015258789
2011-01-18,20.28333282470703
2011-01-19,19.793333053588867
2011-01-20,19.59000015258789
2011-01-21,19.450000762939453
2011-01-24,19.899999618530273
2011-01-25,19.760000228881836
2011-01-26,19.920000076293945
2011-01-27,20.309999465942383
2011-01-28,19.753332138061523
2011-01-31,19.829999923706055
2011-02-01,20.323333740234375
2011-02-02,20.43000030517578
2011-02-03,20.446666717529297
2011-02-04,20.876667022705078
2011-02-07,20.793333053588867
2011-02-08,20.793333053588867
2011-02-09,20.64666748046875
2011-02-10,20.67333221435547
2011-02-11,20.84000015258789
2011-02-14,21.010000228881836
2011-02-15,20.796667098999023
2011-02-16,21.01333236694336
2011-02-17,21.329999923706055
2011-02-18,21.280000686645508
2011-02-22,20.446666717529297
2011-02-23,20.053333282470703
2011-02-24,20.366666793823242
2011-02-25,20.893333435058594
2011-02-28,20.69333267211914
2011-03-01,20.290000915527344
2011-03-02,20.546667098999023
2011-03-03,20.94333267211914
2011-03-04,20.770000457763672
2011-03-07,20.200000762939453
2011-03-08,20.219999313354492
2011-03-09,19.593332290649414
2011-03-10,19.09666633605957
2011-03-11,19.31333351135254
2011-03-14,19.270000457763672
2011-03-15,19.016666412353516
2011-03-16,18.616666793823242
2011-03-17,18.84000015258789
2011-03-18,18.920000076293945
2011-03-21,19.260000228881836
2011-03-22,19.07666778564453
2011-03-23,19.260000228881836
2011-03-24,19.729999542236328
2011-03-25,19.65999984741211
2011-03-28,19.663333892822266
2011-03-29,19.860000610351562
2011-03-30,19.883333206176758
2011-03-31,19.696666717529297
2011-04-01,19.479999542236328
2011-04-04,19.30666732788086
2011-04-05,19.739999771118164
2011-04-06,20.043333053588867
2011-04-07,19.976667404174805
2011-04-08,19.809999465942383
2011-04-11,19.643333435058594
2011-04-12,19.226667404174805
2011-04-13,19.273332595825195
2011-04-14,19.303333282470703
2011-04-15,19.40333366394043
2011-04-18,19.05666732788086
2011-04-19,19.136667251586914
2011-04-20,19.946666717529297
2011-04-21,19.96666717529297
2011-04-25,19.979999542236328
2011-04-26,20.30666732788086
2011-04-27,20.293333053588867
2011-04-28,20.190000534057617
2011-04-29,20.260000228881836
2011-05-02,20.07666778564453
2011-05-03,19.829999923706055
2011-05-04,19.823333740234375
2011-05-05,19.876667022705078
2011-05-06,20.03333282470703
2011-05-09,19.950000762939453
2011-05-10,20.046667098999023
2011-05-11,19.899999618530273
2011-05-12,20.15999984741211
2011-05-13,19.913333892822266
2011-05-16,19.633333206176758
2011-05-17,19.389999389648438
2011-05-18,19.74333381652832
2011-05-19,19.57666778564453
2011-05-20,19.536666870117188
2011-05-23,19.136667251586914
2011-05-24,18.969999313354492
2011-05-25,19.139999389648438
2011-05-26,19.31999969482422
2011-05-27,19.549999237060547
2011-05-31,19.84666633605957
2011-06-01,19.270000457763672
2011-06-02,19.246667861938477
2011-06-03,18.90999984741211
2011-06-06,18.773332595825195
2011-06-07,18.850000381469727
2011-06-08,18.483333587646484
2011-06-09,18.496667861938477
2011-06-10,18.200000762939453
2011-06-13,18.040000915527344
2011-06-14,18.356666564941406
2011-06-15,18.020000457763672
2011-06-16,17.81333351135254
2011-06-17,17.549999237060547
2011-06-20,17.573333740234375
2011-06-21,17.98666763305664
2011-06-22,17.916667938232422
2011-06-23,18.139999389648438
2011-06-24,17.72333335876465
2011-06-27,17.81333351135254
2011-06-28,18.053333282470703
2011-06-29,18.07666778564453
2011-06-30,18.5
2011-07-01,18.89666748046875
2011-07-05,18.746667861938477
2011-07-06,18.59666633605957
2011-07-07,18.950000762939453
2011-07-08,18.690000534057617
2011-07-11,18.366666793823242
2011-07-12,17.84000015258789
2011-07-13,17.78333282470703
2011-07-14,17.520000457763672
2011-07-15,17.59000015258789
2011-07-18,17.376667022705078
2011-07-19,17.920000076293945
2011-07-20,17.850000381469727
2011-07-21,17.983333587646484
2011-07-22,18.420000076293945
2011-07-25,18.203332901000977
2011-07-26,18.32666778564453
2011-07-27,17.67333221435547
2011-07-28,17.636667251586914
2011-07-29,17.489999771118164
2011-08-01,17.469999313354492
2011-08-02,16.963333129882812
2011-08-03,17.163333892822266
2011-08-04,16.17333221435547
2011-08-05,15.846667289733887
2011-08-08,15.0
2011-08-09,15.670000076293945
2011-08-10,15.369999885559082
2011-08-11,16.1299991607666
2011-08-12,16.06333351135254
2011-08-15,16.373332977294922
2011-08-16,16.079999923706055
2011-08-17,15.973333358764648
2011-08-18,15.050000190734863
2011-08-19,14.773332595825195
2011-08-22,14.863332748413086
2011-08-23,15.626667022705078
2011-08-24,15.640000343322754
2011-08-25,15.229999542236328
2011-08-26,15.653332710266113
2011-08-29,16.200000762939453
2011-08-30,16.196666717529297
2011-08-31,16.113332748413086
2011-09-01,15.850000381469727
2011-09-02,15.473333358764648
2011-09-06,15.369999885559082
2011-09-07,16.023332595825195
2011-09-08,15.953332901000977
2011-09-09,15.783332824707031
2011-09-12,16.239999771118164
2011-09-13,16.559999465942383
2011-09-14,16.98666763305664
2011-09-15,17.260000228881836
2011-09-16,17.28333282470703
2011-09-19,17.100000381469727
2011-09-20,16.8799991607666
2011-09-21,16.540000915527344
2011-09-22,15.983332633972168
2011-09-23,16.273332595825195
2011-09-26,16.219999313354492
2011-09-27,16.516666412353516
2011-09-28,16.05666732788086
2011-09-29,15.850000381469727
2011-09-30,15.30666732788086
2011-10-03,14.739999771118164
2011-10-04,15.326666831970215
2011-10-05,15.813332557678223
2011-10-06,16.00666618347168
2011-10-07,16.079999923706055
2011-10-10,16.53333282470703
2011-10-11,16.516666412353516
2011-10-12,16.639999389648438
2011-10-13,16.976667404174805
2011-10-14,17.170000076293945
2011-10-17,16.72333335876465
2011-10-18,17.059999465942383
2011-10-19,16.71666717529297
2011-10-20,16.426666259765625
2011-10-21,16.77666664123535
2011-10-24,17.336666107177734
2011-10-25,17.049999237060547
2011-10-26,17.106666564941406
2011-10-27,17.829999923706055
2011-10-28,17.899999618530273
2011-10-31,17.46666717529297
2011-11-01,16.90999984741211
2011-11-02,16.97333335876465
2011-11-03,17.479999542236328
2011-11-04,17.68000030517578
2011-11-07,17.670000076293945
2011-11-08,17.75
2011-11-09,16.96666717529297
2011-11-10,17.079999923706055
2011-11-11,17.68000030517578
2011-11-14,17.48666763305664
2011-11-15,17.706666946411133
2011-11-16,17.64666748046875
2011-11-17,16.963333129882812
2011-11-18,16.803333282470703
2011-11-21,16.489999771118164
2011-11-22,16.280000686645508
2011-11-23,15.766667366027832
2011-11-25,15.573332786560059
2011-11-28,16.046667098999023
2011-11-29,15.946666717529297
2011-11-30,16.843332290649414
2011-12-01,16.956666946411133
2011-12-02,16.959999084472656
2011-12-05,17.100000381469727
2011-12-06,17.05666732788086
2011-12-07,17.28333282470703
2011-12-08,16.773332595825195
2011-12-09,16.996667861938477
2011-12-12,16.543333053588867
2011-12-13,16.149999618530273
2011-12-14,15.896666526794434
2011-12-15,15.856666564941406
2011-12-16,16.010000228881836
2011-12-19,15.546667098999023
2011-12-20,16.23666763305664
2011-12-21,16.073333740234375
2011-12-22,16.57666778564453
2011-12-23,16.649999618530273
2011-12-27,16.6299991607666
2011-12-28,16.383333206176758
2011-12-29,16.52666664123535
2011-12-30,16.46666717529297
2012-01-03,16.67333221435547
2012-01-04,16.67333221435547
2012-01-05,16.899999618530273
2012-01-06,16.94333267211914
2012-01-09,17.286666870117188
2012-01-10,17.459999084472656
2012-01-11,17.520000457763672
2012-01-12,17.706666946411133
2012-01-13,17.34666633605957
2012-01-17,17.39666748046875
2012-01-18,18.280000686645508
2012-01-19,18.643333435058594
2012-01-20,18.733333587646484
2012-01-23,18.67333221435547
2012-01-24,18.739999771118164
2012-01-25,18.81999969482422
2012-01-26,18.623332977294922
2012-01-27,18.683332443237305
2012-01-30,18.489999771118164
2012-01-31,18.503332138061523
2012-02-01,18.916667938232422
2012-02-02,19.020000457763672
2012-02-03,19.316667556762695
2012-02-06,19.09666633605957
2012-02-07,19.106666564941406
2012-02-08,19.336666107177734
2012-02-09,19.399999618530273
2012-02-10,19.023332595825195
2012-02-13,19.079999923706055
2012-02-14,19.149999618530273
2012-02-15,19.25
2012-02-16,19.733333587646484
2012-02-17,19.549999237060547
2012-02-21,19.28333282470703
2012-02-22,19.213333129882812
2012-02-23,19.246667861938477
2012-02-24,19.18666648864746
2012-02-27,19.206666946411133
2012-02-28,19.516666412353516
2012-02-29,19.226667404174805
2012-03-01,19.239999771118164
2012-03-02,19.023332595825195
2012-03-05,18.56999969482422
2012-03-06,18.39666748046875
2012-03-07,18.666667938232422
2012-03-08,18.94333267211914
2012-03-09,19.149999618530273
2012-03-12,18.96666717529297
2012-03-13,19.3799991607666
2012-03-14,19.316667556762695
2012-03-15,19.700000762939453
2012-03-16,19.733333587646484
2012-03-19,19.873332977294922
2012-03-20,19.71666717529297
2012-03-21,19.796667098999023
2012-03-22,19.690000534057617
2012-03-23,19.729999542236328
2012-03-26,19.96666717529297
2012-03-27,19.959999084472656
2012-03-28,19.729999542236328
2012-03-29,19.733333587646484
2012-03-30,19.816667556762695
2012-04-02,19.833332061767578
2012-04-03,19.516666412353516
2012-04-04,19.086666107177734
2012-04-05,19.116666793823242
2012-04-09,18.863332748413086
2012-04-10,18.50666618347168
2012-04-11,18.816667556762695
2012-04-12,19.17333221435547
2012-04-13,18.833332061767578
2012-04-16,18.82666778564453
2012-04-17,19.1200008392334
2012-04-18,18.979999542236328
2012-04-19,18.746667861938477
2012-04-20,18.31333351135254
2012-04-23,18.09000015258789
2012-04-24,17.956666946411133
2012-04-25,18.356666564941406
2012-04-26,18.780000686645508
2012-04-27,18.78333282470703
2012-04-30,18.703332901000977
2012-05-01,18.760000228881836
2012-05-02,18.850000381469727
2012-05-03,18.3799991607666
2012-05-04,18.010000228881836
2012-05-07,17.956666946411133
2012-05-08,17.85333251953125
2012-05-09,17.790000915527344
2012-05-10,17.72333335876465
2012-05-11,17.84666633605957
2012-05-14,17.67333221435547
2012-05-15,17.48666763305664
2012-05-16,17.21666717529297
2012-05-17,16.836666107177734
2012-05-18,16.51333236694336
2012-05-21,16.926666259765625
2012-05-22,16.803333282470703
2012-05-23,16.8700008392334
2012-05-24,16.6299991607666
2012-05-25,16.796667098999023
2012-05-29,17.156667709350586
2012-05-30,16.916667938232422
2012-05-31,16.739999771118164
2012-06-01,16.023332595825195
2012-06-04,15.99666690826416
2012-06-05,16.303333282470703
2012-06-06,16.816667556762695
2012-06-07,16.666667938232422
2012-06-08,16.84000015258789
2012-06-11,16.60333251953125
2012-06-12,16.899999618530273
2012-06-13,16.766666412353516
2012-06-14,16.729999542236328
2012-06-15,16.99333381652832
2012-06-18,17.229999542236328
2012-06-19,17.416667938232422
2012-06-20,17.56999969482422
2012-06-21,16.85333251953125
2012-06-22,17.09666633605957
2012-06-25,16.543333053588867
2012-06-26,16.606666564941406
2012-06-27,16.81999969482422
2012-06-28,16.713333129882812
2012-06-29,17.440000534057617
2012-07-02,17.413333892822266
2012-07-03,17.626667022705078
2012-07-05,17.49333381652832
2012-07-06,17.053333282470703
2012-07-09,16.82666778564453
2012-07-10,16.479999542236328
2012-07-11,16.296667098999023
2012-07-12,16.040000915527344
2012-07-13,16.15333366394043
2012-07-16,16.003332138061523
2012-07-17,15.936667442321777
2012-07-18,16.479999542236328
2012-07-19,16.809999465942383
2012-07-20,16.530000686645508
2012-07-23,16.393333435058594
2012-07-24,16.316667556762695
2012-07-25,16.643333435058594
2012-07-26,17.010000228881836
2012-07-27,17.426666259765625
2012-07-30,17.270000457763672
2012-07-31,17.39666748046875
2012-08-01,17.393333435058594
2012-08-02,17.290000915527344
2012-08-03,17.676666259765625
2012-08-06,17.73666763305664
2012-08-07,18.14666748046875
2012-08-08,18.190000534057617
2012-08-09,18.333332061767578
2012-08-10,18.426666259765625
2012-08-13,18.266666412353516
2012-08-14,18.126667022705078
2012-08-15,18.229999542236328
2012-08-16,18.516666412353516
2012-08-17,18.383333206176758
2012-08-20,18.260000228881836
2012-08-21,18.270000457763672
2012-08-22,18.136667251586914
2012-08-23,18.03333282470703
2012-08-24,18.123332977294922
2012-08-27,18.053333282470703
2012-08-28,18.02666664123535
2012-08-29,18.046667098999023
2012-08-30,17.770000457763672
2012-08-31,17.983333587646484
2012-09-04,17.843332290649414
2012-09-05,17.746667861938477
2012-09-06,18.286666870117188
2012-09-07,18.23666763305664
2012-09-10,17.920000076293945
2012-09-11,18.036666870117188
2012-09-12,18.07666778564453
2012-09-13,18.23666763305664
2012-09-14,18.476667404174805
2012-09-17,18.286666870117188
2012-09-18,18.209999084472656
2012-09-19,18.100000381469727
2012-09-20,17.92333221435547
2012-09-21,17.94333267211914
2012-09-24,17.68666648864746
2012-09-25,17.170000076293945
2012-09-26,17.046667098999023
2012-09-27,17.433332443237305
2012-09-28,17.293333053588867
2012-10-01,17.226667404174805
2012-10-02,17.309999465942383
2012-10-03,17.25666618347168
2012-10-04,17.34666633605957
2012-10-05,17.32666778564453
2012-10-08,17.136667251586914
2012-10-09,16.873332977294922
2012-10-10,16.639999389648438
2012-10-11,16.690000534057617
2012-10-12,16.593332290649414
2012-10-15,16.816667556762695
2012-10-16,17.200000762939453
2012-10-17,17.166667938232422
2012-10-18,17.0
2012-10-19,16.489999771118164
2012-10-22,16.53333282470703
2012-10-23,16.573333740234375
2012-10-24,16.30666732788086
2012-10-25,16.546667098999023
2012-10-26,16.600000381469727
2012-10-31,16.6299991607666
2012-11-01,17.15333366394043
2012-11-02,16.833332061767578
2012-11-05,17.126667022705078
2012-11-06,17.383333206176758
2012-11-07,16.913333892822266
2012-11-08,16.719999313354492
2012-11-09,16.739999771118164
2012-11-12,16.75
2012-11-13,16.623332977294922
2012-11-14,16.35333251953125
2012-11-15,16.149999618530273
2012-11-16,16.15333366394043
2012-11-19,16.479999542236328
2012-11-20,16.406667709350586
2012-11-21,16.46666717529297
2012-11-23,16.739999771118164
2012-11-26,16.809999465942383
2012-11-27,16.773332595825195
2012-11-28,16.950000762939453
2012-11-29,17.0
2012-11-30,16.976667404174805
2012-12-03,16.89666748046875
2012-12-04,17.0
2012-12-05,17.003332138061523
2012-12-06,17.170000076293945
2012-12-07,17.206666946411133
2012-12-10,17.31999969482422
2012-12-11,17.649999618530273
2012-12-12,17.583332061767578
2012-12-13,17.416667938232422
2012-12-14,17.28333282470703
2012-12-17,17.356666564941406
2012-12-18,17.683332443237305
2012-12-19,17.643333435058594
2012-12-20,17.610000610351562
2012-12-21,17.446666717529297
2012-12-24,17.366666793823242
2012-12-26,17.253332138061523
2012-12-27,17.163333892822266
2012-12-28,17.053333282470703
2012-12-31,17.34666633605957
2013-01-02,18.10333251953125
2013-01-03,17.979999542236328
2013-01-04,17.969999313354492
2013-01-07,17.906667709350586
2013-01-08,17.700000762939453
2013-01-09,17.8700008392334
2013-01-10,18.1299991607666
2013-01-11,18.21666717529297
2013-01-14,18.18666648864746
2013-01-15,18.086666107177734
2013-01-16,18.303333282470703
2013-01-17,18.649999618530273
2013-01-18,18.56999969482422
2013-01-22,18.50666618347168
2013-01-23,18.713333129882812
2013-01-24,18.536666870117188
2013-01-25,18.773332595825195
2013-01-28,18.81999969482422
2013-01-29,18.700000762939453
2013-01-30,18.719999313354492
2013-01-31,18.67333221435547
2013-02-01,19.036666870117188
2013-02-04,18.74333381652832
2013-02-05,19.036666870117188
2013-02-06,19.083332061767578
2013-02-07,18.979999542236328
2013-02-08,19.213333129882812
2013-02-11,19.260000228881836
2013-02-12,19.293333053588867
2013-02-13,19.333332061767578
2013-02-14,19.53333282470703
2013-02-15,19.426666259765625
2013-02-19,19.649999618530273
2013-02-20,19.229999542236328
2013-02-21,18.8700008392334
2013-02-22,19.266666412353516
2013-02-25,18.899999618530273
2013-02-26,19.02666664123535
2013-02-27,19.34000015258789
2013-02-28,19.35333251953125
2013-03-01,19.273332595825195
2013-03-04,19.219999313354492
2013-03-05,19.59666633605957
2013-03-06,19.6200008392334
2013-03-07,19.709999084472656
2013-03-08,19.73666763305664
2013-03-11,19.75666618347168
2013-03-12,19.84000015258789
2013-03-13,19.899999618530273
2013-03-14,20.003332138061523
2013-03-15,19.676666259765625
2013-03-18,19.426666259765625
2013-03-19,19.34666633605957
2013-03-20,19.60333251953125
2013-03-21,19.286666870117188
2013-03-22,19.5
2013-03-25,19.413333892822266
2013-03-26,19.56333351135254
2013-03-27,19.60333251953125
2013-03-28,19.73666763305664
2013-04-01,19.333332061767578
2013-04-02,19.163333892822266
2013-04-03,18.77666664123535
2013-04-04,19.023332595825195
2013-04-05,18.92333221435547
2013-04-08,19.15333366394043
2013-04-09,19.336666107177734
2013-04-10,19.770000457763672
2013-04-11,19.676666259765625
2013-04-12,19.59666633605957
2013-04-15,19.1200008392334
2013-04-16,19.51333236694336
2013-04-17,18.860000610351562
2013-04-18,18.700000762939453
2013-04-19,18.84000015258789
2013-04-22,19.043333053588867
2013-04-23,19.43666648864746
2013-04-24,19.68666648864746
2013-04-25,19.8799991607666
2013-04-26,19.68666648864746
2013-04-29,19.93000030517578
2013-04-30,20.083332061767578
2013-05-01,19.926666259765625
2013-05-02,20.190000534057617
2013-05-03,20.34666633605957
2013-05-06,20.50666618347168
2013-05-07,20.523332595825195
2013-05-08,20.74333381652832
2013-05-09,20.89666748046875
2013-05-10,21.079999923706055
2013-05-13,20.876667022705078
2013-05-14,20.97333335876465
2013-05-15,21.176666259765625
2013-05-16,21.02666664123535
2013-05-17,21.296667098999023
2013-05-20,21.25666618347168
2013-05-21,21.253332138061523
2013-05-22,20.916667938232422
2013-05-23,20.920000076293945
2013-05-24,20.913333892822266
2013-05-28,21.10333251953125
2013-05-29,21.183332443237305
2013-05-30,21.510000228881836
2013-05-31,21.226667404174805
2013-06-03,21.303333282470703
2013-06-04,21.399999618530273
2013-06-05,21.073333740234375
2013-06-06,21.043333053588867
2013-06-07,21.356666564941406
2013-06-10,21.48666763305664
2013-06-11,21.003332138061523
2013-06-12,20.760000228881836
2013-06-13,21.183332443237305
2013-06-14,21.09666633605957
2013-06-17,21.40333366394043
2013-06-18,21.75666618347168
2013-06-19,21.5
2013-06-20,20.81999969482422
2013-06-21,20.90999984741211
2013-06-24,20.463333129882812
2013-06-25,20.963333129882812
2013-06-26,21.02666664123535
2013-06-27,21.100000381469727
2013-06-28,21.17333221435547
2013-07-01,21.14666748046875
2013-07-02,21.176666259765625
2013-07-03,21.273332595825195
2013-07-05,21.549999237060547
2013-07-08,21.1200008392334
2013-07-09,21.34666633605957
2013-07-10,21.566667556762695
2013-07-11,22.036666870117188
2013-07-12,22.156667709350586
2013-07-15,22.156667709350586
2013-07-16,22.24333381652832
2013-07-17,22.25
2013-07-18,22.06333351135254
2013-07-19,22.00666618347168
2013-07-22,21.963333129882812
2013-07-23,21.899999618530273
2013-07-24,21.489999771118164
2013-07-25,21.600000381469727
2013-07-26,21.43000030517578
2013-07-29,21.293333053588867
2013-07-30,21.549999237060547
2013-07-31,21.656667709350586
2013-08-01,22.03333282470703
2013-08-02,21.913333892822266
2013-08-05,21.866666793823242
2013-08-06,21.733333587646484
2013-08-07,21.496667861938477
2013-08-08,21.50666618347168
2013-08-09,21.39666748046875
2013-08-12,21.476667404174805
2013-08-13,21.729999542236328
2013-08-14,21.399999618530273
2013-08-15,20.916667938232422
2013-08-16,20.989999771118164
2013-08-19,20.84000015258789
2013-08-20,20.98666763305664
2013-08-21,20.82666778564453
2013-08-22,21.05666732788086
2013-08-23,21.05666732788086
2013-08-26,21.016666412353516
2013-08-27,20.5
2013-08-28,20.766666412353516
2013-08-29,20.983333587646484
2013-08-30,20.803333282470703
2013-09-03,20.976667404174805
2013-09-04,21.50666618347168
2013-09-05,21.670000076293945
2013-09-06,21.56999969482422
2013-09-09,21.856666564941406
2013-09-10,22.28333282470703
2013-09-11,22.22333335876465
2013-09-12,22.07666778564453
2013-09-13,22.18000030517578
2013-09-16,22.253332138061523
2013-09-17,22.406667709350586
2013-09-18,22.606666564941406
2013-09-19,22.540000915527344
2013-09-20,22.416667938232422
2013-09-23,22.323333740234375
2013-09-24,22.363332748413086
2013-09-25,22.386667251586914
2013-09-26,22.373332977294922
2013-09-27,22.19333267211914
2013-09-30,22.21666717529297
2013-10-01,22.43000030517578
2013-10-02,22.389999389648438
2013-10-03,22.333332061767578
2013-10-04,22.503332138061523
2013-10-07,22.389999389648438
2013-10-08,22.03333282470703
2013-10-09,21.953332901000977
2013-10-10,22.44333267211914
2013-10-11,22.48666763305664
2013-10-14,22.663333892822266
2013-10-15,22.459999084472656
2013-10-16,22.67333221435547
2013-10-17,22.84000015258789
2013-10-18,22.90333366394043
2013-10-21,22.959999084472656
2013-10-22,22.906667709350586
2013-10-23,22.149999618530273
2013-10-24,22.34666633605957
2013-10-25,22.416667938232422
2013-10-28,22.56999969482422
2013-10-29,22.933332443237305
2013-10-30,22.80666732788086
2013-10-31,22.956666946411133
2013-11-01,22.856666564941406
2013-11-04,22.84000015258789
2013-11-05,22.786666870117188
2013-11-06,22.833332061767578
2013-11-07,22.43000030517578
2013-11-08,22.67333221435547
2013-11-11,22.67333221435547
2013-11-12,22.81333351135254
2013-11-13,22.996667861938477
2013-11-14,22.899999618530273
2013-11-15,23.046667098999023
2013-11-18,22.84000015258789
2013-11-19,22.57666778564453
2013-11-20,22.456666946411133
2013-11-21,22.863332748413086
2013-11-22,22.893333435058594
2013-11-25,22.863332748413086
2013-11-26,23.05666732788086
2013-11-27,23.1200008392334
2013-11-29,23.156667709350586
2013-12-02,23.100000381469727
2013-12-03,23.18000030517578
2013-12-04,23.073333740234375
2013-12-05,23.1200008392334
2013-12-06,23.389999389648438
2013-12-09,23.44333267211914
2013-12-10,23.3799991607666
2013-12-11,23.176666259765625
2013-12-12,22.98666763305664
2013-12-13,22.940000534057617
2013-12-16,23.22333335876465
2013-12-17,23.46666717529297
2013-12-18,23.59000015258789
2013-12-19,23.49333381652832
2013-12-20,23.703332901000977
2013-12-23,23.803333282470703
2013-12-24,23.856666564941406
2013-12-26,23.950000762939453
2013-12-27,23.969999313354492
2013-12-30,24.010000228881836
2013-12-31,24.23666763305664
2014-01-02,23.90333366394043
2014-01-03,23.833332061767578
2014-01-06,23.71666717529297
2014-01-07,23.8799991607666
2014-01-08,24.23666763305664
2014-01-09,24.05666732788086
2014-01-10,24.166667938232422
2014-01-13,23.893333435058594
2014-01-14,24.406667709350586
2014-01-15,24.623332977294922
2014-01-16,24.496667861938477
2014-01-17,24.363332748413086
2014-01-21,24.496667861938477
2014-01-22,24.760000228881836
2014-01-23,24.51333236694336
2014-01-24,23.94333267211914
2014-01-27,23.77666664123535
2014-01-28,23.873332977294922
2014-01-29,23.78333282470703
2014-01-30,24.083332061767578
2014-01-31,23.97333335876465
2014-02-03,23.43666648864746
2014-02-04,23.476667404174805
2014-02-05,23.50666618347168
2014-02-06,23.8799991607666
2014-02-07,24.25666618347168
2014-02-10,24.3799991607666
2014-02-11,24.700000762939453
2014-02-12,24.916667938232422
2014-02-13,25.200000762939453
2014-02-14,25.363332748413086
2014-02-18,25.43000030517578
2014-02-19,25.406667709350586
2014-02-20,25.579999923706055
2014-02-21,25.469999313354492
2014-02-24,25.56999969482422
2014-02-25,25.433332443237305
2014-02-26,25.606666564941406
2014-02-27,25.60333251953125
2014-02-28,25.583332061767578
2014-03-03,25.42333221435547
2014-03-04,25.873332977294922
2014-03-05,25.92333221435547
2014-03-06,26.10333251953125
2014-03-07,26.073333740234375
2014-03-10,26.030000686645508
2014-03-11,25.886667251586914
2014-03-12,26.093332290649414
2014-03-13,25.670000076293945
2014-03-14,25.523332595825195
2014-03-17,25.84000015258789
2014-03-18,26.213333129882812
2014-03-19,26.190000534057617
2014-03-20,26.67333221435547
2014-03-21,26.440000534057617
2014-03-24,26.333332061767578
2014-03-25,26.459999084472656
2014-03-26,26.15999984741211
2014-03-27,25.96666717529297
2014-03-28,26.136667251586914
2014-03-31,26.56333351135254
2014-04-01,26.98666763305664
2014-04-02,26.946666717529297
2014-04-03,26.98666763305664
2014-04-04,26.22333335876465
2014-04-07,25.98666763305664
2014-04-08,26.32666778564453
2014-04-09,26.60333251953125
2014-04-10,25.780000686645508
2014-04-11,25.376667022705078
2014-04-14,25.579999923706055
2014-04-15,25.746667861938477
2014-04-16,25.703332901000977
2014-04-17,26.18666648864746
2014-04-21,26.42333221435547
2014-04-22,26.65999984741211
2014-04-23,26.636667251586914
2014-04-24,26.786666870117188
2014-04-25,25.90999984741211
2014-04-28,25.76333236694336
2014-04-29,25.940000534057617
2014-04-30,26.06999969482422
2014-05-01,25.98666763305664
2014-05-02,26.07666778564453
2014-05-05,26.100000381469727
2014-05-06,26.0
2014-05-07,26.010000228881836
2014-05-08,26.190000534057617
2014-05-09,26.106666564941406
2014-05-12,26.583332061767578
2014-05-13,26.373332977294922
2014-05-14,26.15333366394043
2014-05-15,25.84666633605957
2014-05-16,26.133333206176758
2014-05-19,26.39666748046875
2014-05-20,26.270000457763672
2014-05-21,26.39666748046875
2014-05-22,26.516666412353516
2014-05-23,26.770000457763672
2014-05-27,27.100000381469727
2014-05-28,27.139999389648438
2014-05-29,27.190000534057617
2014-05-30,27.22333335876465
2014-06-02,27.373332977294922
2014-06-03,27.6299991607666
2014-06-04,27.753332138061523
2014-06-05,27.889999389648438
2014-06-06,28.053333282470703
2014-06-09,28.079999923706055
2014-06-10,28.163333892822266
2014-06-11,28.309999465942383
2014-06-12,28.213333129882812
2014-06-13,28.489999771118164
2014-06-16,28.65999984741211
2014-06-17,28.8700008392334
2014-06-18,28.75
2014-06-19,28.790000915527344
2014-06-20,28.876667022705078
2014-06-23,28.770000457763672
2014-06-24,28.456666946411133
2014-06-25,28.57666778564453
2014-06-26,28.450000762939453
2014-06-27,28.48666763305664
2014-06-30,28.799999237060547
2014-07-01,29.19333267211914
2014-07-02,29.270000457763672
2014-07-03,29.453332901000977
2014-07-07,29.25666618347168
2014-07-08,29.100000381469727
2014-07-09,29.27666664123535
2014-07-10,29.143333435058594
2014-07-11,29.139999389648438
2014-07-14,29.28333282470703
2014-07-15,29.196666717529297
2014-07-16,29.536666870117188
2014-07-17,28.773332595825195
2014-07-18,29.149999618530273
2014-07-21,29.23666763305664
2014-07-22,29.426666259765625
2014-07-23,28.753332138061523
2014-07-24,28.48666763305664
2014-07-25,27.92333221435547
2014-07-28,27.89666748046875
2014-07-29,27.84666633605957
2014-07-30,28.116666793823242
2014-07-31,27.546667098999023
2014-08-01,27.636667251586914
2014-08-04,27.75666618347168
2014-08-05,27.463333129882812
2014-08-06,27.553333282470703
2014-08-07,27.183332443237305
2014-08-08,27.520000457763672
2014-08-11,27.770000457763672
2014-08-12,27.75
2014-08-13,28.01333236694336
2014-08-14,28.066667556762695
2014-08-15,28.363332748413086
2014-08-18,28.47333335876465
2014-08-19,28.676666259765625
2014-08-20,28.916667938232422
2014-08-21,29.02666664123535
2014-08-22,29.046667098999023
2014-08-25,28.94333267211914
2014-08-26,28.946666717529297
2014-08-27,29.0
2014-08-28,29.093332290649414
2014-08-29,29.31333351135254
2014-09-02,29.18000030517578
2014-09-03,29.260000228881836
2014-09-04,29.343332290649414
2014-09-05,29.586666107177734
2014-09-08,29.65999984741211
2014-09-09,29.386667251586914
2014-09-10,29.376667022705078
2014-09-11,29.453332901000977
2014-09-12,29.086666107177734
2014-09-15,28.729999542236328
2014-09-16,29.229999542236328
2014-09-17,29.440000534057617
2014-09-18,29.889999389648438
2014-09-19,29.516666412353516
2014-09-22,29.15999984741211
2014-09-23,29.066667556762695
2014-09-24,29.350000381469727
2014-09-25,28.81333351135254
2014-09-26,29.15333366394043
2014-09-29,29.190000534057617
2014-09-30,28.950000762939453
2014-10-01,28.24333381652832
2014-10-02,28.06999969482422
2014-10-03,28.246667861938477
2014-10-06,28.0
2014-10-07,27.46666717529297
2014-10-08,28.086666107177734
2014-10-09,27.32666778564453
2014-10-10,25.44333267211914
2014-10-13,24.90333366394043
2014-10-14,25.35333251953125
2014-10-15,25.47333335876465
2014-10-16,25.866666793823242
2014-10-17,26.05666732788086
2014-10-20,26.469999313354492
2014-10-21,27.446666717529297
2014-10-22,27.053333282470703
2014-10-23,27.44333267211914
2014-10-24,27.71666717529297
2014-10-27,27.84666633605957
2014-10-28,28.24333381652832
2014-10-29,28.299999237060547
2014-10-30,27.956666946411133
2014-10-31,29.049999237060547
2014-11-03,29.25
2014-11-04,29.143333435058594
2014-11-05,29.43666648864746
2014-11-06,29.183332443237305
2014-11-07,28.920000076293945
2014-11-10,29.133333206176758
2014-11-11,29.07666778564453
2014-11-12,29.03333282470703
2014-11-13,29.036666870117188
2014-11-14,29.290000915527344
2014-11-17,29.156667709350586
2014-11-18,29.726667404174805
2014-11-19,29.523332595825195
2014-11-20,29.793333053588867
2014-11-21,30.1200008392334
2014-11-24,30.40999984741211
2014-11-25,30.416667938232422
2014-11-26,31.059999465942383
2014-11-28,31.14666748046875
2014-12-01,30.753332138061523
2014-12-02,30.946666717529297
2014-12-03,31.59666633605957
2014-12-04,31.623332977294922
2014-12-05,31.940000534057617
2014-12-08,31.489999771118164
2014-12-09,31.48666763305664
2014-12-10,30.886667251586914
2014-12-11,31.03333282470703
2014-12-12,30.520000457763672
2014-12-15,30.23666763305664
2014-12-16,30.030000686645508
2014-12-17,30.676666259765625
2014-12-18,31.260000228881836
2014-12-19,31.26333236694336
2014-12-22,31.64666748046875
2014-12-23,31.57666778564453
2014-12-24,31.3700008392334
2014-12-26,31.40999984741211
2014-12-29,31.31999969482422
2014-12-30,31.123332977294922
2014-12-31,30.963333129882812
2015-01-02,30.93666648864746
2015-01-05,30.35333251953125
2015-01-06,29.676666259765625
2015-01-07,29.969999313354492
2015-01-08,30.860000610351562
2015-01-09,30.876667022705078
2015-01-12,30.28333282470703
2015-01-13,29.98666763305664
2015-01-14,29.816667556762695
2015-01-15,29.579999923706055
2015-01-16,29.90333366394043
2015-01-20,30.213333129882812
2015-01-21,30.55666732788086
2015-01-22,30.739999771118164
2015-01-23,30.65999984741211
2015-01-26,30.71666717529297
2015-01-27,30.170000076293945
2015-01-28,30.02666664123535
2015-01-29,30.046667098999023
2015-01-30,29.456666946411133
2015-02-02,29.53333282470703
2015-02-03,30.05666732788086
2015-02-04,30.170000076293945
2015-02-05,30.463333129882812
2015-02-06,30.296667098999023
2015-02-09,29.976667404174805
2015-02-10,30.989999771118164
2015-02-11,31.09000015258789
2015-02-12,31.586666107177734
2015-02-13,31.809999465942383
2015-02-17,31.90999984741211
2015-02-18,31.82666778564453
2015-02-19,31.913333892822266
2015-02-20,32.10333251953125
2015-02-23,31.90333366394043
2015-02-24,32.33000183105469
2015-02-25,32.163333892822266
2015-02-26,32.383331298828125
2015-02-27,32.28666687011719
2015-03-02,33.17333221435547
2015-03-03,32.560001373291016
2015-03-04,32.516666412353516
2015-03-05,32.53666687011719
2015-03-06,32.20000076293945
2015-03-09,32.29999923706055
2015-03-10,31.703332901000977
2015-03-11,31.773332595825195
2015-03-12,31.76333236694336
2015-03-13,31.976667404174805
2015-03-16,32.46333312988281
2015-03-17,32.22666549682617
2015-03-18,32.46666717529297
2015-03-19,32.540000915527344
2015-03-20,33.0
2015-03-23,32.72666549682617
2015-03-24,32.4466667175293
2015-03-25,30.856666564941406
2015-03-26,30.433332443237305
2015-03-27,31.296667098999023
2015-03-30,31.696666717529297
2015-03-31,31.34000015258789
2015-04-01,31.136667251586914
2015-04-02,31.066667556762695
2015-04-06,31.203332901000977
2015-04-07,31.21666717529297
2015-04-08,31.399999618530273
2015-04-09,31.809999465942383
2015-04-10,31.940000534057617
2015-04-13,31.75
2015-04-14,31.426666259765625
2015-04-15,31.950000762939453
2015-04-16,31.81333351135254
2015-04-17,31.360000610351562
2015-04-20,31.626667022705078
2015-04-21,31.843332290649414
2015-04-22,32.293331146240234
2015-04-23,31.793333053588867
2015-04-24,31.270000457763672
2015-04-27,31.350000381469727
2015-04-28,31.3799991607666
2015-04-29,31.206666946411133
2015-04-30,30.93666648864746
2015-05-01,31.796667098999023
2015-05-04,31.733333587646484
2015-05-05,31.043333053588867
2015-05-06,31.00666618347168
2015-05-07,31.34666633605957
2015-05-08,31.65999984741211
2015-05-11,31.68000030517578
2015-05-12,31.393333435058594
2015-05-13,31.586666107177734
2015-05-14,31.963333129882812
2015-05-15,32.016666412353516
2015-05-18,32.33000183105469
2015-05-19,32.21333312988281
2015-05-20,32.28333282470703
2015-05-21,32.4466667175293
2015-05-22,32.51333236694336
2015-05-26,32.26333236694336
2015-05-27,33.529998779296875
2015-05-28,33.563331604003906
2015-05-29,33.689998626708984
2015-06-01,33.709999084472656
2015-06-02,33.33333206176758
2015-06-03,33.106666564941406
2015-06-04,32.80666732788086
2015-06-05,32.810001373291016
2015-06-08,32.19333267211914
2015-06-09,32.17333221435547
2015-06-10,32.573333740234375
2015-06-11,32.563331604003906
2015-06-12,32.27000045776367
2015-06-15,32.20333480834961
2015-06-16,32.293331146240234
2015-06-17,32.31999969482422
2015-06-18,32.776668548583984
2015-06-19,32.61333465576172
2015-06-22,32.88999938964844
2015-06-23,32.72666549682617
2015-06-24,32.29666519165039
2015-06-25,32.27333450317383
2015-06-26,31.469999313354492
2015-06-29,30.586666107177734
2015-06-30,30.696666717529297
2015-07-01,30.770000457763672
2015-07-02,30.913333892822266
2015-07-06,30.463333129882812
2015-07-07,30.366666793823242
2015-07-08,29.546667098999023
2015-07-09,29.170000076293945
2015-07-10,29.709999084472656
2015-07-13,29.959999084472656
2015-07-14,30.273332595825195
2015-07-15,30.093332290649414
2015-07-16,30.149999618530273
2015-07-17,30.086666107177734
2015-07-20,29.8799991607666
2015-07-21,29.886667251586914
2015-07-22,29.143333435058594
2015-07-23,29.57666778564453
2015-07-24,28.983333587646484
2015-07-27,28.770000457763672
2015-07-28,29.3700008392334
2015-07-29,29.406667709350586
2015-07-30,29.523332595825195
2015-07-31,29.18000030517578
2015-08-03,29.086666107177734
2015-08-04,28.76333236694336
2015-08-05,29.126667022705078
2015-08-06,28.606666564941406
2015-08-07,28.770000457763672
2015-08-10,29.483333587646484
2015-08-11,28.81999969482422
2015-08-12,28.98666763305664
2015-08-13,28.753332138061523
2015-08-14,28.516666412353516
2015-08-17,28.760000228881836
2015-08-18,28.21666717529297
2015-08-19,27.963333129882812
2015-08-20,26.913333892822266
2015-08-21,26.176666259765625
2015-08-24,25.59000015258789
2015-08-25,25.336666107177734
2015-08-26,26.600000381469727
2015-08-27,27.59000015258789
2015-08-28,27.75
2015-08-31,27.67333221435547
2015-09-01,26.696666717529297
2015-09-02,27.333332061767578
2015-09-03,27.546667098999023
2015-09-04,27.06999969482422
2015-09-08,28.270000457763672
2015-09-09,27.75
2015-09-10,27.873332977294922
2015-09-11,27.889999389648438
2015-09-14,27.953332901000977
2015-09-15,28.309999465942383
2015-09-16,28.3700008392334
2015-09-17,28.143333435058594
2015-09-18,27.65333366394043
2015-09-21,27.56999969482422
2015-09-22,26.963333129882812
2015-09-23,26.76333236694336
2015-09-24,26.709999084472656
2015-09-25,26.706666946411133
2015-09-28,25.96666717529297
2015-09-29,26.139999389648438
2015-09-30,27.15333366394043
2015-10-01,26.829999923706055
2015-10-02,27.389999389648438
2015-10-05,27.92333221435547
2015-10-06,28.01333236694336
2015-10-07,28.383333206176758
2015-10-08,28.56999969482422
2015-10-09,28.393333435058594
2015-10-12,28.393333435058594
2015-10-13,28.043333053588867
2015-10-14,29.06333351135254
2015-10-15,29.336666107177734
2015-10-16,29.40333366394043
2015-10-19,29.393333435058594
2015-10-20,29.366666793823242
2015-10-21,29.40999984741211
2015-10-22,30.43000030517578
2015-10-23,30.799999237060547
2015-10-26,30.246667861938477
2015-10-27,29.983333587646484
2015-10-28,30.426666259765625
2015-10-29,29.610000610351562
2015-10-30,29.84666633605957
2015-11-02,30.110000610351562
2015-11-03,30.266666412353516
2015-11-04,30.35333251953125
2015-11-05,29.71666717529297
2015-11-06,30.503332138061523
2015-11-09,30.206666946411133
2015-11-10,29.656667709350586
2015-11-11,29.68000030517578
2015-11-12,29.296667098999023
2015-11-13,29.03333282470703
2015-11-16,29.389999389648438
2015-11-17,29.586666107177734
2015-11-18,29.8799991607666
2015-11-19,29.950000762939453
2015-11-20,30.046667098999023
2015-11-23,29.68666648864746
2015-11-24,30.036666870117188
2015-11-25,30.079999923706055
2015-11-27,30.209999084472656
2015-11-30,30.536666870117188
2015-12-01,31.010000228881836
2015-12-02,30.863332748413086
2015-12-03,30.676666259765625
2015-12-04,31.206666946411133
2015-12-07,30.953332901000977
2015-12-08,30.690000534057617
2015-12-09,30.290000915527344
2015-12-10,30.43666648864746
2015-12-11,29.866666793823242
2015-12-14,29.67333221435547
2015-12-15,30.1200008392334
2015-12-16,30.34666633605957
2015-12-17,29.93000030517578
2015-12-18,29.583332061767578
2015-12-21,30.09000015258789
2015-12-22,30.136667251586914
2015-12-23,30.34666633605957
2015-12-24,30.40333366394043
2015-12-28,30.28333282470703
2015-12-29,30.636667251586914
2015-12-30,30.360000610351562
2015-12-31,29.946666717529297
2016-01-04,29.600000381469727
2016-01-05,29.31999969482422
2016-01-06,28.30666732788086
2016-01-07,27.51333236694336
2016-01-08,27.116666793823242
2016-01-11,27.209999084472656
2016-01-12,27.43666648864746
2016-01-13,26.56333351135254
2016-01-14,27.110000610351562
2016-01-15,25.886667251586914
2016-01-19,25.93000030517578
2016-01-20,26.100000381469727
2016-01-21,26.48666763305664
2016-01-22,26.969999313354492
2016-01-25,26.59666633605957
2016-01-26,26.843332290649414
2016-01-27,26.536666870117188
2016-01-28,26.476667404174805
2016-01-29,27.676666259765625
2016-02-01,27.799999237060547
2016-02-02,26.883333206176758
2016-02-03,26.946666717529297
2016-02-04,27.413333892822266
2016-02-05,26.47333335876465
2016-02-08,25.80666732788086
2016-02-09,25.65999984741211
2016-02-10,25.459999084472656
2016-02-11,25.26333236694336
2016-02-12,25.816667556762695
2016-02-16,26.72333335876465
2016-02-17,27.360000610351562
2016-02-18,27.229999542236328
2016-02-19,27.350000381469727
2016-02-22,27.780000686645508
2016-02-23,27.343332290649414
2016-02-24,27.706666946411133
2016-02-25,28.043333053588867
2016-02-26,28.22333335876465
2016-02-29,28.156667709350586
2016-03-01,28.916667938232422
2016-03-02,29.09666633605957
2016-03-03,29.1299991607666
2016-03-04,29.43000030517578
2016-03-07,29.56333351135254
2016-03-08,28.893333435058594
2016-03-09,29.09666633605957
2016-03-10,29.24333381652832
2016-03-11,29.799999237060547
2016-03-14,29.729999542236328
2016-03-15,29.65333366394043
2016-03-16,29.920000076293945
2016-03-17,30.126667022705078
2016-03-18,30.523332595825195
2016-03-21,30.56333351135254
2016-03-22,30.55666732788086
2016-03-23,30.066667556762695
2016-03-24,30.046667098999023
2016-03-28,30.030000686645508
2016-03-29,30.44333267211914
2016-03-30,30.709999084472656
2016-03-31,30.540000915527344
2016-04-01,30.75
2016-04-04,30.476667404174805
2016-04-05,30.30666732788086
2016-04-06,30.59666633605957
2016-04-07,30.1299991607666
2016-04-08,30.270000457763672
2016-04-11,30.26333236694336
2016-04-12,30.219999313354492
2016-04-13,30.89666748046875
2016-04-14,30.65999984741211
2016-04-15,30.39666748046875
2016-04-18,30.399999618530273
2016-04-19,30.030000686645508
2016-04-20,30.316667556762695
2016-04-21,30.136667251586914
2016-04-22,30.190000534057617
2016-04-25,30.010000228881836
2016-04-26,30.40999984741211
2016-04-27,30.719999313354492
2016-04-28,29.916667938232422
2016-04-29,29.126667022705078
2016-05-02,29.34666633605957
2016-05-03,29.01333236694336
2016-05-04,28.683332443237305
2016-05-05,28.753332138061523
2016-05-06,28.793333053588867
2016-05-09,28.75666618347168
2016-05-10,29.09666633605957
2016-05-11,29.02666664123535
2016-05-12,28.50666618347168
2016-05-13,28.610000610351562
2016-05-16,29.06999969482422
2016-05-17,28.8799991607666
2016-05-18,29.329999923706055
2016-05-19,29.166667938232422
2016-05-20,30.049999237060547
2016-05-23,30.260000228881836
2016-05-24,30.989999771118164
2016-05-25,31.17333221435547
2016-05-26,31.27666664123535
2016-05-27,31.47333335876465
2016-05-31,31.656667709350586
2016-06-01,31.823333740234375
2016-06-02,31.829999923706055
2016-06-03,31.92333221435547
2016-06-06,31.850000381469727
2016-06-07,32.1533317565918
2016-06-08,32.13999938964844
2016-06-09,32.176666259765625
2016-06-10,31.649999618530273
2016-06-13,31.48666763305664
2016-06-14,31.476667404174805
2016-06-15,31.47333335876465
2016-06-16,31.469999313354492
2016-06-17,31.203332901000977
2016-06-20,31.549999237060547
2016-06-21,31.549999237060547
2016-06-22,31.520000457763672
2016-06-23,32.30666732788086
2016-06-24,30.553333282470703
2016-06-27,29.31333351135254
2016-06-28,30.079999923706055
2016-06-29,30.68666648864746
2016-06-30,31.213333129882812
2016-07-01,30.956666946411133
2016-07-05,30.389999389648438
2016-07-06,30.43000030517578
2016-07-07,30.799999237060547
2016-07-08,31.656667709350586
2016-07-11,32.01333236694336
2016-07-12,32.43000030517578
2016-07-13,32.470001220703125
2016-07-14,32.706668853759766
2016-07-15,32.6966667175293
2016-07-18,33.176666259765625
2016-07-19,33.063331604003906
2016-07-20,33.586666107177734
2016-07-21,33.349998474121094
2016-07-22,33.516666412353516
2016-07-25,33.709999084472656
2016-07-26,35.016666412353516
2016-07-27,35.01333236694336
2016-07-28,34.81999969482422
2016-07-29,34.66666793823242
2016-08-01,34.69333267211914
2016-08-02,34.15999984741211
2016-08-03,34.20333480834961
2016-08-04,34.52333450317383
2016-08-05,34.96333312988281
2016-08-08,34.92333221435547
2016-08-09,35.206668853759766
2016-08-10,34.96666717529297
2016-08-11,35.099998474121094
2016-08-12,35.26333236694336
2016-08-15,35.74333190917969
2016-08-16,35.49333190917969
2016-08-17,35.48666763305664
2016-08-18,35.74333190917969
2016-08-19,36.04999923706055
2016-08-22,36.06666564941406
2016-08-23,36.24333190917969
2016-08-24,35.94333267211914
2016-08-25,36.09000015258789
2016-08-26,36.25
2016-08-29,36.393333435058594
2016-08-30,36.323333740234375
2016-08-31,36.29999923706055
2016-09-01,36.586666107177734
2016-09-02,36.54999923706055
2016-09-06,36.46666717529297
2016-09-07,36.189998626708984
2016-09-08,36.12666702270508
2016-09-09,34.84333419799805
2016-09-12,35.49333190917969
2016-09-13,35.18000030517578
2016-09-14,35.4900016784668
2016-09-15,36.310001373291016
2016-09-16,36.31999969482422
2016-09-19,36.36333465576172
2016-09-20,36.20000076293945
2016-09-21,36.70000076293945
2016-09-22,36.81999969482422
2016-09-23,36.44333267211914
2016-09-26,35.93333435058594
2016-09-27,36.5533332824707
2016-09-28,36.62666702270508
2016-09-29,37.07666778564453
2016-09-30,37.663333892822266
2016-10-03,37.40999984741211
2016-10-04,37.313331604003906
2016-10-05,37.586666107177734
2016-10-06,37.80666732788086
2016-10-07,37.75
2016-10-10,37.560001373291016
2016-10-11,36.77333450317383
2016-10-12,36.650001525878906
2016-10-13,36.21666717529297
2016-10-14,36.4900016784668
2016-10-17,36.29999923706055
2016-10-18,36.720001220703125
2016-10-19,36.56666564941406
2016-10-20,36.823333740234375
2016-10-21,36.72999954223633
2016-10-24,37.4033317565918
2016-10-25,37.369998931884766
2016-10-26,37.31666564941406
2016-10-27,37.143333435058594
2016-10-28,36.91999816894531
2016-10-31,37.119998931884766
2016-11-01,36.790000915527344
2016-11-02,36.54666519165039
2016-11-03,36.483333587646484
2016-11-04,36.253334045410156
2016-11-07,37.27333450317383
2016-11-08,37.349998474121094
2016-11-09,37.17333221435547
2016-11-10,36.369998931884766
2016-11-11,37.76333236694336
2016-11-14,37.56666564941406
2016-11-15,38.27000045776367
2016-11-16,38.709999084472656
2016-11-17,39.12666702270508
2016-11-18,39.40999984741211
2016-11-21,39.67333221435547
2016-11-22,40.0966682434082
2016-11-23,40.14666748046875
2016-11-25,40.21666717529297
2016-11-28,40.0966682434082
2016-11-29,40.02333450317383
2016-11-30,39.793331146240234
2016-12-01,37.849998474121094
2016-12-02,38.31666564941406
2016-12-05,38.78333282470703
2016-12-06,39.31999969482422
2016-12-07,40.130001068115234
2016-12-08,40.47999954223633
2016-12-09,40.34333419799805
2016-12-12,40.026668548583984
2016-12-13,40.49333190917969
2016-12-14,40.456668853759766
2016-12-15,41.14666748046875
2016-12-16,40.72999954223633
2016-12-19,41.133331298828125
2016-12-20,41.526668548583984
2016-12-21,41.43000030517578
2016-12-22,41.630001068115234
2016-12-23,41.84333419799805
2016-12-27,42.36000061035156
2016-12-28,41.55666732788086
2016-12-29,41.54999923706055
2016-12-30,40.90666580200195
2017-01-03,40.90666580200195
2017-01-04,41.02000045776367
2017-01-05,40.66999816894531
2017-01-06,40.99333190917969
2017-01-09,41.426666259765625
2017-01-10,41.62666702270508
2017-01-11,41.77000045776367
2017-01-12,41.41999816894531
2017-01-13,41.689998626708984
2017-01-17,41.02000045776367
2017-01-18,41.58000183105469
2017-01-19,41.393333435058594
2017-01-20,41.926666259765625
2017-01-23,41.66999816894531
2017-01-24,42.47666549682617
2017-01-25,43.106666564941406
2017-01-26,42.86333465576172
2017-01-27,43.39666748046875
2017-01-30,43.18000030517578
2017-01-31,42.619998931884766
2017-02-01,43.29666519165039
2017-02-02,43.276668548583984
2017-02-03,43.5
2017-02-06,43.6533317565918
2017-02-07,43.813331604003906
2017-02-08,43.89666748046875
2017-02-09,43.51333236694336
2017-02-10,43.48666763305664
2017-02-13,43.57666778564453
2017-02-14,43.456668853759766
2017-02-15,43.793331146240234
2017-02-16,43.86333465576172
2017-02-17,44.09000015258789
2017-02-21,44.71333312988281
2017-02-22,44.723331451416016
2017-02-23,43.996665954589844
2017-02-24,43.96666717529297
2017-02-27,44.38666534423828
2017-02-28,43.81999969482422
2017-03-01,44.503334045410156
2017-03-02,44.04666519165039
2017-03-03,44.02333450317383
2017-03-06,44.04666519165039
2017-03-07,44.143333435058594
2017-03-08,44.246665954589844
2017-03-09,44.33333206176758
2017-03-10,44.84000015258789
2017-03-13,45.176666259765625
2017-03-14,45.043331146240234
2017-03-15,45.400001525878906
2017-03-16,45.35333251953125
2017-03-17,45.4466667175293
2017-03-20,45.78333282470703
2017-03-21,44.709999084472656
2017-03-22,45.18333435058594
2017-03-23,45.08333206176758
2017-03-24,45.293331146240234
2017-03-27,45.36000061035156
2017-03-28,45.503334045410156
2017-03-29,45.393333435058594
2017-03-30,45.62666702270508
2017-03-31,45.630001068115234
2017-04-03,45.34000015258789
2017-04-04,45.11333465576172
2017-04-05,44.79999923706055
2017-04-06,44.869998931884766
2017-04-07,45.063331604003906
2017-04-10,44.71666717529297
2017-04-11,44.356666564941406
2017-04-12,43.59333419799805
2017-04-13,43.3033332824707
2017-04-17,43.84333419799805
2017-04-18,44.04666519165039
2017-04-19,44.276668548583984
2017-04-20,44.97666549682617
2017-04-21,44.78666687011719
2017-04-24,45.43000030517578
2017-04-25,45.893333435058594
2017-04-26,45.516666412353516
2017-04-27,46.15666580200195
2017-04-28,45.369998931884766
2017-05-01,45.81999969482422
2017-05-02,45.336666107177734
2017-05-03,45.49333190917969
2017-05-04,45.459999084472656
2017-05-05,45.63999938964844
2017-05-08,45.459999084472656
2017-05-09,45.90999984741211
2017-05-10,46.883331298828125
2017-05-11,47.0533332824707
2017-05-12,47.186668395996094
2017-05-15,47.91666793823242
2017-05-16,48.60333251953125
2017-05-17,46.50666809082031
2017-05-18,47.37333297729492
2017-05-19,47.89666748046875
2017-05-22,48.41999816894531
2017-05-23,48.22666549682617
2017-05-24,48.540000915527344
2017-05-25,48.78666687011719
2017-05-26,49.0099983215332
2017-05-30,49.336666107177734
2017-05-31,49.33000183105469
2017-06-01,49.380001068115234
2017-06-02,49.883331298828125
2017-06-05,50.003334045410156
2017-06-06,50.16666793823242
2017-06-07,50.540000915527344
2017-06-08,51.46333312988281
2017-06-09,49.29999923706055
2017-06-12,49.016666412353516
2017-06-13,49.349998474121094
2017-06-14,48.83333206176758
2017-06-15,48.4466667175293
2017-06-16,48.253334045410156
2017-06-19,49.16999816894531
2017-06-20,48.616668701171875
2017-06-21,49.18000030517578
2017-06-22,49.06666564941406
2017-06-23,49.21333312988281
2017-06-26,48.790000915527344
2017-06-27,47.369998931884766
2017-06-28,48.189998626708984
2017-06-29,46.9900016784668
2017-06-30,46.733333587646484
2017-07-03,46.09333419799805
2017-07-05,47.03666687011719
2017-07-06,46.83000183105469
2017-07-07,47.619998931884766
2017-07-10,48.16999816894531
2017-07-11,48.56999969482422
2017-07-12,49.3466682434082
2017-07-13,49.19333267211914
2017-07-14,49.85333251953125
2017-07-17,49.650001525878906
2017-07-18,49.8033332824707
2017-07-19,50.26333236694336
2017-07-20,50.40999984741211
2017-07-21,49.97999954223633
2017-07-24,49.83000183105469
2017-07-25,49.78666687011719
2017-07-26,50.33333206176758
2017-07-27,49.56666564941406
2017-07-28,49.37666702270508
2017-07-31,48.99333190917969
2017-08-01,49.29666519165039
2017-08-02,48.939998626708984
2017-08-03,48.75666809082031
2017-08-04,48.776668548583984
2017-08-07,49.616668701171875
2017-08-08,49.473331451416016
2017-08-09,49.30666732788086
2017-08-10,47.93000030517578
2017-08-11,48.20000076293945
2017-08-14,49.426666259765625
2017-08-15,49.54999923706055
2017-08-16,49.630001068115234
2017-08-17,48.37666702270508
2017-08-18,48.45000076293945
2017-08-21,48.09000015258789
2017-08-22,48.883331298828125
2017-08-23,49.09000015258789
2017-08-24,49.0966682434082
2017-08-25,48.86000061035156
2017-08-28,49.00666809082031
2017-08-29,49.08333206176758
2017-08-30,49.92333221435547
2017-08-31,50.41666793823242
2017-09-01,50.63666534423828
2017-09-05,49.94333267211914
2017-09-06,50.02333450317383
2017-09-07,50.11000061035156
2017-09-08,49.52000045776367
2017-09-11,50.46333312988281
2017-09-12,50.689998626708984
2017-09-13,50.790000915527344
2017-09-14,50.9900016784668
2017-09-15,51.880001068115234
2017-09-18,52.560001373291016
2017-09-19,52.72666549682617
2017-09-20,52.0
2017-09-21,51.776668548583984
2017-09-22,52.040000915527344
2017-09-25,51.03666687011719
2017-09-26,50.790000915527344
2017-09-27,52.02000045776367
2017-09-28,52.4033317565918
2017-09-29,52.856666564941406
2017-10-02,53.209999084472656
2017-10-03,53.356666564941406
2017-10-04,53.47999954223633
2017-10-05,53.526668548583984
2017-10-06,53.73666763305664
2017-10-09,54.14666748046875
2017-10-10,54.45000076293945
2017-10-11,54.823333740234375
2017-10-12,54.650001525878906
2017-10-13,55.0
2017-10-16,55.2599983215332
2017-10-17,55.21333312988281
2017-10-18,55.400001525878906
2017-10-19,55.2599983215332
2017-10-20,55.543331146240234
2017-10-23,55.81666564941406
2017-10-24,56.206668853759766
2017-10-25,55.470001220703125
2017-10-26,55.79666519165039
2017-10-27,56.96333312988281
2017-10-30,57.116668701171875
2017-10-31,57.573333740234375
2017-11-01,57.36333465576172
2017-11-02,57.64666748046875
2017-11-03,58.66666793823242
2017-11-06,59.496665954589844
2017-11-07,59.44333267211914
2017-11-08,59.633331298828125
2017-11-09,58.439998626708984
2017-11-10,58.82666778564453
2017-11-13,58.996665954589844
2017-11-14,58.94333267211914
2017-11-15,58.413333892822266
2017-11-16,59.28333282470703
2017-11-17,59.02333450317383
2017-11-20,59.72666549682617
2017-11-21,60.40999984741211
2017-11-22,60.043331146240234
2017-11-24,60.58333206176758
2017-11-27,59.823333740234375
2017-11-28,59.849998474121094
2017-11-29,57.21333312988281
2017-11-30,57.52000045776367
2017-12-01,56.89666748046875
2017-12-04,55.529998779296875
2017-12-05,55.573333740234375
2017-12-06,55.753334045410156
2017-12-07,56.29666519165039
2017-12-08,56.00666809082031
2017-12-11,56.34333419799805
2017-12-12,55.793331146240234
2017-12-13,55.78333282470703
2017-12-14,55.72666549682617
2017-12-15,56.599998474121094
2017-12-18,57.813331604003906
2017-12-19,57.64666748046875
2017-12-20,58.06666564941406
2017-12-21,57.45333480834961
2017-12-22,57.41999816894531
2017-12-26,56.8466682434082
2017-12-27,57.029998779296875
2017-12-28,57.189998626708984
2017-12-29,56.60333251953125
2018-01-02,58.13999938964844
2018-01-03,59.15666580200195
2018-01-04,59.4900016784668
2018-01-05,59.83000183105469
2018-01-08,60.29999923706055
2018-01-09,59.706668853759766
2018-01-10,58.9900016784668
2018-01-11,59.34333419799805
2018-01-12,59.663333892822266
2018-01-16,59.86000061035156
2018-01-17,61.5966682434082
2018-01-18,61.87333297729492
2018-01-19,61.936668395996094
2018-01-22,62.39666748046875
2018-01-23,62.89666748046875
2018-01-24,61.456668853759766
2018-01-25,60.38999938964844
2018-01-26,62.31999969482422
2018-01-29,62.22999954223633
2018-01-30,60.99333190917969
2018-01-31,61.4900016784668
2018-02-01,61.186668395996094
2018-02-02,59.540000915527344
2018-02-05,56.73666763305664
2018-02-06,58.790000915527344
2018-02-07,57.529998779296875
2018-02-08,55.11333465576172
2018-02-09,56.70000076293945
2018-02-12,57.790000915527344
2018-02-13,57.723331451416016
2018-02-14,59.07666778564453
2018-02-15,59.779998779296875
2018-02-16,59.56666564941406
2018-02-20,60.619998931884766
2018-02-21,59.92333221435547
2018-02-22,59.790000915527344
2018-02-23,61.06999969482422
2018-02-26,62.38666534423828
2018-02-27,62.18000030517578
2018-02-28,61.62666702270508
2018-03-01,60.6533317565918
2018-03-02,61.68333435058594
2018-03-05,62.23666763305664
2018-03-06,63.17333221435547
2018-03-07,63.37666702270508
2018-03-08,63.43333435058594
2018-03-09,64.75
2018-03-12,65.4366683959961
2018-03-13,64.42666625976562
2018-03-14,64.41999816894531
2018-03-15,64.37000274658203
2018-03-16,64.34333038330078
2018-03-19,63.116668701171875
2018-03-20,63.58000183105469
2018-03-21,63.70000076293945
2018-03-22,61.900001525878906
2018-03-23,59.84000015258789
2018-03-26,62.336666107177734
2018-03-27,60.043331146240234
2018-03-28,58.74333190917969
2018-03-29,60.016666412353516
2018-04-02,57.723331451416016
2018-04-03,58.81666564941406
2018-04-04,59.573333740234375
2018-04-05,58.96333312988281
2018-04-06,57.18000030517578
2018-04-09,57.540000915527344
2018-04-10,59.380001068115234
2018-04-11,59.4033317565918
2018-04-12,60.52333450317383
2018-04-13,60.07666778564453
2018-04-16,60.18333435058594
2018-04-17,61.323333740234375
2018-04-18,60.720001220703125
2018-04-19,58.09333419799805
2018-04-20,57.40666580200195
2018-04-23,56.643333435058594
2018-04-24,56.186668395996094
2018-04-25,56.116668701171875
2018-04-26,57.26333236694336
2018-04-27,56.86333465576172
2018-04-30,56.2400016784668
2018-05-01,57.163333892822266
2018-05-02,56.90999984741211
2018-05-03,57.25
2018-05-04,58.59333419799805
2018-05-07,59.15999984741211
2018-05-08,59.5099983215332
2018-05-09,60.41666793823242
2018-05-10,61.516666412353516
2018-05-11,61.06666564941406
2018-05-14,61.813331604003906
2018-05-15,61.143333435058594
2018-05-16,61.93000030517578
2018-05-17,61.75
2018-05-18,60.866668701171875
2018-05-21,61.47666549682617
2018-05-22,61.81999969482422
2018-05-23,62.1533317565918
2018-05-24,62.4033317565918
2018-05-25,62.90666580200195
2018-05-29,62.526668548583984
2018-05-30,62.93333435058594
2018-05-31,62.47666549682617
2018-06-01,63.900001525878906
2018-06-04,64.40666961669922
2018-06-05,64.71333312988281
2018-06-06,65.12333679199219
2018-06-07,64.5433349609375
2018-06-08,63.96666717529297
2018-06-11,63.84333419799805
2018-06-12,64.17333221435547
2018-06-13,64.07666778564453
2018-06-14,64.45999908447266
2018-06-15,64.40333557128906
2018-06-18,63.78333282470703
2018-06-19,63.08333206176758
2018-06-20,63.38666534423828
2018-06-21,62.599998474121094
2018-06-22,62.10333251953125
2018-06-25,60.276668548583984
2018-06-26,60.28333282470703
2018-06-27,58.84333419799805
2018-06-28,59.290000915527344
2018-06-29,59.413333892822266
2018-07-02,59.78666687011719
2018-07-03,58.6966667175293
2018-07-05,60.266666412353516
2018-07-06,61.00666809082031
2018-07-09,61.39666748046875
2018-07-10,62.04666519165039
2018-07-11,60.45333480834961
2018-07-12,60.86000061035156
2018-07-13,60.63999938964844
2018-07-16,60.55666732788086
2018-07-17,61.426666259765625
2018-07-18,61.900001525878906
2018-07-19,61.76333236694336
2018-07-20,61.473331451416016
2018-07-23,61.55666732788086
2018-07-24,60.88666534423828
2018-07-25,61.116668701171875
2018-07-26,62.310001373291016
2018-07-27,62.03333282470703
2018-07-30,61.426666259765625
2018-07-31,61.83333206176758
2018-08-01,61.74333190917969
2018-08-02,62.349998474121094
2018-08-03,62.47999954223633
2018-08-06,62.856666564941406
2018-08-07,63.356666564941406
2018-08-08,63.503334045410156
2018-08-09,62.87666702270508
2018-08-10,61.31666564941406
2018-08-13,61.40666580200195
2018-08-14,61.28333282470703
2018-08-15,60.43333435058594
2018-08-16,60.356666564941406
2018-08-17,59.90666580200195
2018-08-20,59.85333251953125
2018-08-21,61.02000045776367
2018-08-22,61.30666732788086
2018-08-23,61.37666702270508
2018-08-24,62.266666412353516
2018-08-27,63.25666809082031
2018-08-28,63.5
2018-08-29,63.66666793823242
2018-08-30,63.0966682434082
2018-08-31,63.439998626708984
2018-09-04,63.95000076293945
2018-09-05,63.63999938964844
2018-09-06,61.95333480834961
2018-09-07,61.6966667175293
2018-09-10,62.349998474121094
2018-09-11,61.746665954589844
2018-09-12,61.03333282470703
2018-09-13,61.72999954223633
2018-09-14,62.42333221435547
2018-09-17,61.5533332824707
2018-09-18,62.08333206176758
2018-09-19,62.18000030517578
2018-09-20,62.93333435058594
2018-09-21,62.76333236694336
2018-09-24,62.97999954223633
2018-09-25,61.97666549682617
2018-09-26,61.06666564941406
2018-09-27,61.29666519165039
2018-09-28,61.68333435058594
2018-10-01,61.89666748046875
2018-10-02,61.89666748046875
2018-10-03,61.95333480834961
2018-10-04,60.856666564941406
2018-10-05,59.41666793823242
2018-10-08,58.753334045410156
2018-10-09,58.686668395996094
2018-10-10,56.0966682434082
2018-10-11,55.53666687011719
2018-10-12,56.54666519165039
2018-10-15,56.08333206176758
2018-10-16,57.90999984741211
2018-10-17,57.68000030517578
2018-10-18,56.23666763305664
2018-10-19,55.393333435058594
2018-10-22,55.733333587646484
2018-10-23,55.44333267211914
2018-10-24,51.80666732788086
2018-10-25,52.96333312988281
2018-10-26,52.043331146240234
2018-10-29,51.5
2018-10-30,53.63999938964844
2018-10-31,54.31999969482422
2018-11-01,56.869998931884766
2018-11-02,56.01333236694336
2018-11-05,55.503334045410156
2018-11-06,56.150001525878906
2018-11-07,56.78666687011719
2018-11-08,56.633331298828125
2018-11-09,55.5533332824707
2018-11-12,53.073333740234375
2018-11-13,53.8033332824707
2018-11-14,54.040000915527344
2018-11-15,55.866668701171875
2018-11-16,55.19333267211914
2018-11-19,53.08333206176758
2018-11-20,53.150001525878906
2018-11-21,53.369998931884766
2018-11-23,53.400001525878906
2018-11-26,54.366668701171875
2018-11-27,54.4466667175293
2018-11-28,55.720001220703125
2018-11-29,55.313331604003906
2018-11-30,56.08333206176758
2018-12-03,57.55666732788086
2018-12-04,54.8033332824707
2018-12-06,54.52333450317383
2018-12-07,52.4900016784668
2018-12-10,53.163333892822266
2018-12-11,53.503334045410156
2018-12-12,54.26333236694336
2018-12-13,54.150001525878906
2018-12-14,53.383331298828125
2018-12-17,52.58000183105469
2018-12-18,53.27333450317383
2018-12-19,51.00666809082031
2018-12-20,50.6533317565918
2018-12-21,49.793331146240234
2018-12-24,48.33333206176758
2018-12-26,51.233333587646484
2018-12-27,51.56999969482422
2018-12-28,51.939998626708984
2018-12-31,52.3033332824707
2019-01-02,52.63999938964844
2019-01-03,49.56999969482422
2019-01-04,51.80666732788086
2019-01-07,52.76333236694336
2019-01-08,52.53333282470703
2019-01-09,53.883331298828125
2019-01-10,54.36000061035156
2019-01-11,54.94333267211914
2019-01-14,54.04999923706055
2019-01-15,54.206668853759766
2019-01-16,53.709999084472656
2019-01-17,54.206668853759766
2019-01-18,55.616668701171875
2019-01-22,54.016666412353516
2019-01-23,53.63666534423828
2019-01-24,56.753334045410156
2019-01-25,57.93000030517578
2019-01-28,56.78666687011719
2019-01-29,55.96666717529297
2019-01-30,57.59000015258789
2019-01-31,57.563331604003906
2019-02-01,58.253334045410156
2019-02-04,58.54666519165039
2019-02-05,58.813331604003906
2019-02-06,60.39666748046875
2019-02-07,59.086666107177734
2019-02-08,58.983333587646484
2019-02-11,59.27333450317383
2019-02-12,60.526668548583984
2019-02-13,60.720001220703125
2019-02-14,60.883331298828125
2019-02-15,61.1966667175293
2019-02-19,61.11333465576172
2019-02-20,61.633331298828125
2019-02-21,61.176666259765625
2019-02-22,61.83333206176758
2019-02-25,62.34333419799805
2019-02-26,61.95333480834961
2019-02-27,61.209999084472656
2019-02-28,61.246665954589844
2019-03-01,61.790000915527344
2019-03-04,61.79666519165039
2019-03-05,61.560001373291016
2019-03-06,60.543331146240234
2019-03-07,59.88999938964844
2019-03-08,59.836666107177734
2019-03-11,61.22999954223633
2019-03-12,61.459999084472656
2019-03-13,61.706668853759766
2019-03-14,61.369998931884766
2019-03-15,63.150001525878906
2019-03-18,63.0533332824707
2019-03-19,63.869998931884766
2019-03-20,63.099998474121094
2019-03-21,65.27999877929688
2019-03-22,63.439998626708984
2019-03-25,62.64666748046875
2019-03-26,63.246665954589844
2019-03-27,62.36000061035156
2019-03-28,62.25666809082031
2019-03-29,63.18000030517578
2019-04-01,64.75666809082031
2019-04-02,64.85333251953125
2019-04-03,66.28666687011719
2019-04-04,66.43000030517578
2019-04-05,66.91000366210938
2019-04-08,67.06666564941406
2019-04-09,66.37000274658203
2019-04-10,66.88333129882812
2019-04-11,66.82666778564453
2019-04-12,67.75333404541016
2019-04-15,67.25
2019-04-16,69.40333557128906
2019-04-17,70.55332946777344
2019-04-18,70.5633316040039
2019-04-22,70.51000213623047
2019-04-23,71.23666381835938
2019-04-24,71.89666748046875
2019-04-25,70.63333129882812
2019-04-26,70.05000305175781
2019-04-29,69.96666717529297
2019-04-30,70.5199966430664
2019-05-01,69.9566650390625
2019-05-02,70.62999725341797
2019-05-03,71.18333435058594
2019-05-06,70.02333068847656
2019-05-07,68.30000305175781
2019-05-08,67.71666717529297
2019-05-09,66.97000122070312
2019-05-10,67.06666564941406
2019-05-13,63.93000030517578
2019-05-14,65.40333557128906
2019-05-15,65.90666961669922
2019-05-16,64.86666870117188
2019-05-17,63.60333251953125
2019-05-20,61.06666564941406
2019-05-21,62.31666564941406
2019-05-22,61.0
2019-05-23,60.04999923706055
2019-05-24,59.526668548583984
2019-05-28,59.016666412353516
2019-05-29,59.22999954223633
2019-05-30,59.72999954223633
2019-05-31,58.84000015258789
2019-06-03,58.97999954223633
2019-06-04,61.560001373291016
2019-06-05,61.116668701171875
2019-06-06,61.96333312988281
2019-06-07,62.663333892822266
2019-06-10,64.19000244140625
2019-06-11,64.44667053222656
2019-06-12,62.95000076293945
2019-06-13,63.253334045410156
2019-06-14,61.65999984741211
2019-06-17,60.95333480834961
2019-06-18,63.59000015258789
2019-06-19,63.71666717529297
2019-06-20,64.25333404541016
2019-06-21,63.88666534423828
2019-06-24,63.95333480834961
2019-06-25,63.06999969482422
2019-06-26,65.1066665649414
2019-06-27,66.05332946777344
2019-06-28,66.13666534423828
2019-07-01,67.80332946777344
2019-07-02,66.9566650390625
2019-07-03,66.6500015258789
2019-07-05,66.2699966430664
2019-07-08,65.75666809082031
2019-07-09,66.16666412353516
2019-07-10,66.69999694824219
2019-07-11,66.88666534423828
2019-07-12,68.10333251953125
2019-07-15,68.69999694824219
2019-07-16,67.97000122070312
2019-07-17,68.17333221435547
2019-07-18,69.16000366210938
2019-07-19,69.08000183105469
2019-07-22,70.4000015258789
2019-07-23,71.30332946777344
2019-07-24,73.47666931152344
2019-07-25,72.24333190917969
2019-07-26,72.22333526611328
2019-07-29,72.41999816894531
2019-07-30,72.25666809082031
2019-07-31,69.86000061035156
2019-08-01,68.4800033569336
2019-08-02,67.47000122070312
2019-08-05,64.5566635131836
2019-08-06,65.37999725341797
2019-08-07,65.7933349609375
2019-08-08,67.61666870117188
2019-08-09,66.4366683959961
2019-08-12,65.56666564941406
2019-08-13,67.50333404541016
2019-08-14,65.42666625976562
2019-08-15,65.3066635131836
2019-08-16,67.04666900634766
2019-08-19,68.27999877929688
2019-08-20,68.02666473388672
2019-08-21,68.58333587646484
2019-08-22,68.58333587646484
2019-08-23,65.60333251953125
2019-08-26,66.16000366210938
2019-08-27,65.913330078125
2019-08-28,66.33000183105469
2019-08-29,67.92333221435547
2019-08-30,68.24333190917969
2019-09-03,67.12000274658203
2019-09-04,68.92333221435547
2019-09-05,71.0433349609375
2019-09-06,71.23332977294922
2019-09-09,71.49333190917969
2019-09-10,71.8133316040039
2019-09-11,72.88999938964844
2019-09-12,73.05332946777344
2019-09-13,72.90666961669922
2019-09-16,72.4366683959961
2019-09-17,72.59666442871094
2019-09-18,72.7300033569336
2019-09-19,72.25333404541016
2019-09-20,70.92333221435547
2019-09-23,71.76000213623047
2019-09-24,70.26000213623047
2019-09-25,71.4366683959961
2019-09-26,71.52666473388672
2019-09-27,69.85333251953125
2019-09-30,70.47000122070312
2019-10-01,69.80999755859375
2019-10-02,68.79000091552734
2019-10-03,70.0
2019-10-04,71.163330078125
2019-10-07,70.74666595458984
2019-10-08,68.5566635131836
2019-10-09,69.67666625976562
2019-10-10,70.3566665649414
2019-10-11,72.01667022705078
2019-10-14,72.00666809082031
2019-10-15,73.58999633789062
2019-10-16,72.54666900634766
2019-10-17,72.66999816894531
2019-10-18,71.9000015258789
2019-10-21,73.31666564941406
2019-10-22,72.67666625976562
2019-10-23,71.27666473388672
2019-10-24,73.04000091552734
2019-10-25,74.56666564941406
2019-10-28,75.92333221435547
2019-10-29,75.13666534423828
2019-10-30,75.163330078125
2019-10-31,74.78333282470703
2019-11-01,76.5
2019-11-04,78.20333099365234
2019-11-05,78.24666595458984
2019-11-06,77.72333526611328
2019-11-07,78.1933364868164
2019-11-08,78.586669921875
2019-11-11,78.26333618164062
2019-11-12,78.42333221435547
2019-11-13,78.50666809082031
2019-11-14,78.24666595458984
2019-11-15,78.96333312988281
2019-11-18,78.78333282470703
2019-11-19,78.38999938964844
2019-11-20,77.46666717529297
2019-11-21,76.63999938964844
2019-11-22,76.55999755859375
2019-11-25,78.39666748046875
2019-11-26,78.10333251953125
2019-11-27,78.66666412353516
2019-11-29,77.82333374023438
2019-12-02,76.62666320800781
2019-12-03,75.44000244140625
2019-12-04,76.63333129882812
2019-12-05,77.01667022705078
2019-12-06,78.12999725341797
2019-12-09,77.77333068847656
2019-12-10,78.10333251953125
2019-12-11,79.70333099365234
2019-12-12,81.86333465576172
2019-12-13,81.50333404541016
2019-12-16,81.99333190917969
2019-12-17,82.36333465576172
2019-12-18,82.31999969482422
2019-12-19,82.98332977294922
2019-12-20,83.77333068847656
2019-12-23,84.04000091552734
2019-12-24,84.17666625976562
2019-12-26,84.27333068847656
2019-12-27,84.1066665649414
2019-12-30,83.47333526611328
2019-12-31,83.69999694824219
2020-01-02,85.43000030517578
2020-01-03,83.836669921875
2020-01-06,82.96333312988281
2020-01-07,84.48999786376953
2020-01-08,84.413330078125
2020-01-09,84.94667053222656
2020-01-10,84.45333099365234
2020-01-13,85.44000244140625
2020-01-14,85.62666320800781
2020-01-15,84.72000122070312
2020-01-16,86.05999755859375
2020-01-17,86.7066650390625
2020-01-21,86.65666961669922
2020-01-22,87.23999786376953
2020-01-23,87.9000015258789
2020-01-24,86.96666717529297
2020-01-27,83.64666748046875
2020-01-28,85.586669921875
2020-01-29,84.01333618164062
2020-01-30,84.01667022705078
2020-01-31,81.0199966430664
2020-02-03,81.92666625976562
2020-02-04,84.48666381835938
2020-02-05,86.43333435058594
2020-02-06,86.48332977294922
2020-02-07,84.4433364868164
2020-02-10,85.62666320800781
2020-02-11,87.3566665649414
2020-02-12,88.70333099365234
2020-02-13,88.79666900634766
2020-02-14,88.5
2020-02-18,87.36333465576172
2020-02-19,89.56666564941406
2020-02-20,88.26667022705078
2020-02-21,85.6433334350586
2020-02-24,81.54000091552734
2020-02-25,79.11000061035156
2020-02-26,79.21666717529297
2020-02-27,75.55999755859375
2020-02-28,77.26333618164062
2020-03-02,80.0
2020-03-03,77.18333435058594
2020-03-04,81.12666320800781
2020-03-05,78.68333435058594
2020-03-06,76.96333312988281
2020-03-09,70.38999938964844
2020-03-10,75.01000213623047
2020-03-11,70.8066635131836
2020-03-12,63.043331146240234
2020-03-13,69.8066635131836
2020-03-16,59.176666259765625
2020-03-17,64.38333129882812
2020-03-18,59.09333419799805
2020-03-19,60.61333465576172
2020-03-20,58.88666534423828
2020-03-23,60.9900016784668
2020-03-24,67.586669921875
2020-03-25,66.47666931152344
2020-03-26,70.94667053222656
2020-03-27,67.42666625976562
2020-03-30,69.77333068847656
2020-03-31,68.40333557128906
2020-04-01,64.66000366210938
2020-04-02,66.586669921875
2020-04-03,65.32666778564453
2020-04-06,71.98999786376953
2020-04-07,71.73332977294922
2020-04-08,74.13333129882812
2020-04-09,72.52999877929688
2020-04-13,73.3499984741211
2020-04-14,76.73332977294922
2020-04-15,74.44999694824219
2020-04-16,76.54000091552734
2020-04-17,77.13333129882812
2020-04-20,75.4566650390625
2020-04-21,71.76000213623047
2020-04-22,76.10333251953125
2020-04-23,75.34333038330078
2020-04-24,76.91000366210938
2020-04-27,77.9366683959961
2020-04-28,77.53333282470703
2020-04-29,81.21333312988281
2020-04-30,78.34666442871094
2020-05-01,74.52666473388672
2020-05-04,75.14666748046875
2020-05-05,76.41000366210938
2020-05-06,77.34666442871094
2020-05-07,78.0433349609375
2020-05-08,80.34666442871094
2020-05-11,80.2699966430664
2020-05-12,78.13999938964844
2020-05-13,76.63333129882812
2020-05-14,78.68333435058594
2020-05-15,77.0566635131836
2020-05-18,80.59666442871094
2020-05-19,80.33333587646484
2020-05-20,83.2933349609375
2020-05-21,81.19667053222656
2020-05-22,81.5566635131836
2020-05-26,82.413330078125
2020-05-27,83.68333435058594
2020-05-28,81.8566665649414
2020-05-29,83.95333099365234
2020-06-01,83.5
2020-06-02,85.30332946777344
2020-06-03,87.76667022705078
2020-06-04,88.56666564941406
2020-06-05,90.73666381835938
2020-06-08,90.55000305175781
2020-06-09,90.62000274658203
2020-06-10,90.94000244140625
2020-06-11,85.163330078125
2020-06-12,86.32333374023438
2020-06-15,87.29666900634766
2020-06-16,89.0
2020-06-17,89.6933364868164
2020-06-18,89.52666473388672
2020-06-19,89.09333038330078
2020-06-22,89.75
2020-06-23,90.06999969482422
2020-06-24,88.09333038330078
2020-06-25,88.72333526611328
2020-06-26,87.05999755859375
2020-06-29,88.01000213623047
2020-06-30,90.29000091552734
2020-07-01,89.13333129882812
2020-07-02,90.22333526611328
2020-07-06,92.6066665649414
2020-07-07,91.51333618164062
2020-07-08,92.75333404541016
2020-07-09,93.98332977294922
2020-07-10,93.66666412353516
2020-07-13,92.12666320800781
2020-07-14,93.6500015258789
2020-07-15,93.48666381835938
2020-07-16,93.13666534423828
2020-07-17,93.6066665649414
2020-07-20,95.4566650390625
2020-07-21,94.97000122070312
2020-07-22,95.28333282470703
2020-07-23,93.82666778564453
2020-07-24,92.35333251953125
2020-07-27,95.2300033569336
2020-07-28,93.38999938964844
2020-07-29,95.3133316040039
2020-07-30,97.19000244140625
2020-07-31,96.79666900634766
2020-08-03,98.55332946777344
2020-08-04,100.0
2020-08-05,99.89666748046875
2020-08-06,99.84333038330078
2020-08-07,98.73332977294922
2020-08-10,98.7300033569336
2020-08-11,97.69999694824219
2020-08-12,100.8566665649414
2020-08-13,99.85333251953125
2020-08-14,99.7933349609375
2020-08-17,100.91666412353516
2020-08-18,100.38333129882812
2020-08-19,99.8133316040039
2020-08-20,98.92666625976562
2020-08-21,99.59666442871094
2020-08-24,100.63333129882812
2020-08-25,101.61000061035156
2020-08-26,101.9366683959961
2020-08-27,100.77666473388672
2020-08-28,102.63666534423828
2020-08-31,102.40666961669922
2020-09-01,104.44000244140625
2020-09-02,107.46666717529297
2020-09-03,101.47333526611328
2020-09-04,100.41999816894531
2020-09-08,95.72666931152344
2020-09-09,98.33333587646484
2020-09-10,97.0
2020-09-11,96.97333526611328
2020-09-14,98.913330078125
2020-09-15,100.62000274658203
2020-09-16,99.67666625976562
2020-09-17,99.62666320800781
2020-09-18,98.06666564941406
2020-09-21,97.88999938964844
2020-09-22,98.9000015258789
2020-09-23,96.2699966430664
2020-09-24,97.08333587646484
2020-09-25,98.41666412353516
2020-09-28,101.12666320800781
2020-09-29,101.36333465576172
2020-09-30,101.53666687011719
2020-10-01,103.70999908447266
2020-10-02,100.5999984741211
2020-10-05,103.74333190917969
2020-10-06,103.25
2020-10-07,105.22666931152344
2020-10-08,106.52999877929688
2020-10-09,108.40333557128906
2020-10-12,110.01333618164062
2020-10-13,109.81666564941406
2020-10-14,109.37333679199219
2020-10-15,109.08000183105469
2020-10-16,108.55999755859375
2020-10-19,108.01333618164062
2020-10-20,107.836669921875
2020-10-21,107.11333465576172
2020-10-22,107.15666961669922
2020-10-23,106.77999877929688
2020-10-26,104.46666717529297
2020-10-27,104.0566635131836
2020-10-28,100.6500015258789
2020-10-29,103.20333099365234
2020-10-30,101.82666778564453
2020-11-02,102.19000244140625
2020-11-03,104.11666870117188
2020-11-04,107.75666809082031
2020-11-05,112.59666442871094
2020-11-06,114.43333435058594
2020-11-09,113.0999984741211
2020-11-10,109.7066650390625
2020-11-11,113.66000366210938
2020-11-12,112.25666809082031
2020-11-13,113.63333129882812
2020-11-16,116.45999908447266
2020-11-17,115.5
2020-11-18,114.63999938964844
2020-11-19,116.33333587646484
2020-11-20,115.79000091552734
2020-11-23,117.44000244140625
2020-11-24,118.08000183105469
2020-11-25,117.81999969482422
2020-11-27,119.22333526611328
2020-11-30,120.60333251953125
2020-12-01,122.59333038330078
2020-12-02,122.95333099365234
2020-12-03,123.11333465576172
2020-12-04,126.47000122070312
2020-12-07,127.11000061035156
2020-12-08,127.5199966430664
2020-12-09,123.92666625976562
2020-12-10,123.75333404541016
2020-12-11,122.55000305175781
2020-12-14,123.66666412353516
2020-12-15,125.38999938964844
2020-12-16,125.46333312988281
2020-12-17,125.6933364868164
2020-12-18,124.94667053222656
2020-12-21,124.38999938964844
2020-12-22,124.2066650390625
2020-12-23,123.27333068847656
2020-12-24,124.37333679199219
2020-12-28,124.23666381835938
2020-12-29,123.91666412353516
2020-12-30,125.99333190917969
2020-12-31,126.3933334350586
2021-01-04,125.86333465576172
2021-01-05,128.43666076660156
2021-01-06,128.02000427246094
2021-01-07,132.85000610351562
2021-01-08,132.9199981689453
2021-01-11,134.26666259765625
2021-01-12,135.0800018310547
2021-01-13,135.3000030517578
2021-01-14,138.1666717529297
2021-01-15,135.35667419433594
2021-01-19,140.0
2021-01-20,139.5
2021-01-21,141.51666259765625
2021-01-22,139.11666870117188
2021-01-25,139.31666564941406
2021-01-26,137.05332946777344
2021-01-27,129.94000244140625
2021-01-28,132.7899932861328
2021-01-29,130.47332763671875
2021-02-01,135.6266632080078
2021-02-02,137.82666015625
2021-02-03,135.02667236328125
2021-02-04,136.13333129882812
2021-02-05,135.20333862304688
2021-02-08,139.25999450683594
2021-02-09,138.85000610351562
2021-02-10,139.1233367919922
2021-02-11,143.94000244140625
2021-02-12,145.72000122070312
2021-02-16,146.45333862304688
2021-02-17,143.94332885742188
2021-02-18,142.4633331298828
2021-02-19,145.89666748046875
2021-02-22,140.61000061035156
2021-02-23,139.55332946777344
2021-02-24,144.0800018310547
2021-02-25,135.8733367919922
2021-02-26,138.97000122070312
2021-03-01,143.39999389648438
2021-03-02,139.10000610351562
2021-03-03,134.8433380126953
2021-03-04,128.35333251953125
2021-03-05,132.20333862304688
2021-03-08,125.06999969482422
2021-03-09,132.83999633789062
2021-03-10,130.3333282470703
2021-03-11,135.82000732421875
2021-03-12,134.3866729736328
2021-03-15,137.22000122070312
2021-03-16,138.9933319091797
2021-03-17,140.7433319091797
2021-03-18,134.9199981689453
2021-03-19,136.586669921875
2021-03-22,139.47666931152344
2021-03-23,135.80999755859375
2021-03-24,133.94667053222656
2021-03-25,133.836669921875
2021-03-26,140.44332885742188
2021-03-29,138.2899932861328
2021-03-30,137.9600067138672
2021-03-31,141.3300018310547
2021-04-01,146.52667236328125
2021-04-05,149.48333740234375
2021-04-06,147.81333923339844
2021-04-07,147.71665954589844
2021-04-08,149.39999389648438
2021-04-09,148.93333435058594
2021-04-12,147.3333282470703
2021-04-13,147.10000610351562
2021-04-14,145.48333740234375
2021-04-15,147.9199981689453
2021-04-16,147.22666931152344
2021-04-19,143.35667419433594
2021-04-20,141.31333923339844
2021-04-21,145.02000427246094
2021-04-22,141.8633270263672
2021-04-23,144.4499969482422
2021-04-26,147.09666442871094
2021-04-27,145.9933319091797
2021-04-28,143.77667236328125
2021-04-29,144.7100067138672
2021-04-30,140.67666625976562
2021-05-03,139.2133331298828
2021-05-04,136.86666870117188
2021-05-05,137.72332763671875
2021-05-06,138.85333251953125
2021-05-07,140.75999450683594
2021-05-10,134.5
2021-05-11,134.67999267578125
2021-05-12,129.19332885742188
2021-05-13,130.83999633789062
2021-05-14,134.88999938964844
2021-05-17,133.7133331298828
2021-05-18,132.6366729736328
2021-05-19,135.22332763671875
2021-05-20,138.77999877929688
2021-05-21,138.01333618164062
2021-05-24,141.5
2021-05-25,141.9199981689453
2021-05-26,142.3000030517578
2021-05-27,142.89999389648438
2021-05-28,144.22666931152344
2021-06-01,143.82333374023438
2021-06-02,144.6999969482422
2021-06-03,142.2133331298828
2021-06-04,145.6666717529297
2021-06-07,144.53334045410156
2021-06-08,143.7066650390625
2021-06-09,143.0
2021-06-10,144.47000122070312
2021-06-11,145.1999969482422
2021-06-14,147.26333618164062
2021-06-15,146.05667114257812
2021-06-16,144.68333435058594
2021-06-17,146.2433319091797
2021-06-18,142.7433319091797
2021-06-21,143.27000427246094
2021-06-22,143.94667053222656
2021-06-23,144.54666137695312
2021-06-24,147.00332641601562
2021-06-25,146.60333251953125
2021-06-28,150.10333251953125
2021-06-29,151.27999877929688
2021-06-30,151.4066619873047
2021-07-01,149.23666381835938
2021-07-02,150.14666748046875
2021-07-06,149.88999938964844
2021-07-07,147.6199951171875
2021-07-08,145.72332763671875
2021-07-09,148.10000610351562
2021-07-12,150.0
2021-07-13,149.39999389648438
2021-07-14,148.7100067138672
2021-07-15,145.41000366210938
2021-07-16,142.25
2021-07-19,142.10667419433594
2021-07-20,144.0433349609375
2021-07-21,148.46665954589844
2021-07-22,147.58999633789062
2021-07-23,148.3433380126953
2021-07-26,148.38999938964844
2021-07-27,145.6666717529297
2021-07-28,148.04666137695312
2021-07-29,151.06666564941406
2021-07-30,152.30332946777344
2021-08-02,153.26666259765625
2021-08-03,154.43333435058594
2021-08-04,156.0066680908203
2021-08-05,156.03334045410156
2021-08-06,155.2566680908203
2021-08-09,154.72999572753906
2021-08-10,152.93333435058594
2021-08-11,152.41000366210938
2021-08-12,150.77333068847656
2021-08-13,151.72000122070312
2021-08-16,151.1566619873047
2021-08-17,148.22999572753906
2021-08-18,146.27000427246094
2021-08-19,147.47000122070312
2021-08-20,148.57666015625
2021-08-23,152.75999450683594
2021-08-24,152.75999450683594
2021-08-25,153.92333984375
2021-08-26,154.06666564941406
2021-08-27,157.0066680908203
2021-08-30,157.32000732421875
2021-08-31,156.06333923339844
2021-09-01,155.2133331298828
2021-09-02,155.7933349609375
2021-09-03,156.9600067138672
2021-09-07,156.38333129882812
2021-09-08,154.3800048828125
2021-09-09,154.92333984375
2021-09-10,156.15333557128906
2021-09-13,157.64999389648438
2021-09-14,157.6566619873047
2021-09-15,158.56333923339844
2021-09-16,158.86666870117188
2021-09-17,156.3333282470703
2021-09-20,152.4633331298828
2021-09-21,152.913330078125
2021-09-22,156.086669921875
2021-09-23,158.1666717529297
2021-09-24,157.60000610351562
2021-09-27,157.21665954589844
2021-09-28,151.06666564941406
2021-09-29,148.68333435058594
2021-09-30,148.6233367919922
2021-10-01,148.72000122070312
2021-10-04,144.88999938964844
2021-10-05,147.0833282470703
2021-10-06,147.6566619873047
2021-10-07,149.38333129882812
2021-10-08,147.85333251953125
2021-10-11,146.8633270263672
2021-10-12,145.02999877929688
2021-10-13,145.86666870117188
2021-10-14,150.39332580566406
2021-10-15,151.39666748046875
2021-10-18,152.61666870117188
2021-10-19,154.48666381835938
2021-10-20,154.1666717529297
2021-10-21,155.72000122070312
2021-10-22,153.97332763671875
2021-10-25,155.02999877929688
2021-10-26,155.14666748046875
2021-10-27,154.03334045410156
2021-10-28,157.5066680908203
2021-10-29,158.2100067138672
2021-11-01,160.7899932861328
2021-11-02,162.7899932861328
2021-11-03,164.6666717529297
2021-11-04,170.2066650390625
2021-11-05,172.09666442871094
2021-11-08,174.42333984375
2021-11-09,174.42333984375
2021-11-10,169.27999877929688
2021-11-11,172.86000061035156
2021-11-12,174.5500030517578
2021-11-15,174.4199981689453
2021-11-16,177.03334045410156
2021-11-17,175.8000030517578
2021-11-18,178.74000549316406
2021-11-19,179.23666381835938
2021-11-22,176.63999938964844
2021-11-23,175.92999267578125
2021-11-24,177.8633270263672
2021-11-26,172.913330078125
2021-11-29,179.55999755859375
2021-11-30,176.413330078125
2021-12-01,175.00332641601562
2021-12-02,175.2566680908203
2021-12-03,174.81333923339844
2021-12-06,174.58999633789062
2021-12-07,183.39999389648438
2021-12-08,182.2066650390625
2021-12-09,178.01666259765625
2021-12-10,179.69667053222656
2021-12-13,174.6266632080078
2021-12-14,173.7866668701172
2021-12-15,180.1666717529297
2021-12-16,172.30667114257812
2021-12-17,171.89999389648438
2021-12-20,170.55332946777344
2021-12-21,176.7066650390625
2021-12-22,178.5433349609375
2021-12-23,180.27000427246094
2021-12-27,185.2100067138672
2021-12-28,183.1666717529297
2021-12-29,183.44667053222656
2021-12-30,181.32000732421875
2021-12-31,180.77333068847656
2022-01-03,184.36666870117188
2022-01-04,183.8000030517578
2022-01-05,177.55667114257812
2022-01-06,178.93666076660156
2022-01-07,173.74667358398438
2022-01-10,173.80999755859375
2022-01-11,177.0800018310547
2022-01-12,178.3800048828125
2022-01-13,174.21665954589844
2022-01-14,178.3866729736328
2022-01-18,170.413330078125
2022-01-19,165.39999389648438
2022-01-20,160.2133331298828
2022-01-21,157.54666137695312
2022-01-24,159.34666442871094
2022-01-25,153.39999389648438
2022-01-26,155.7566680908203
2022-01-27,148.82333374023438
2022-01-28,151.67666625976562
2022-01-31,159.82333374023438
2022-02-01,161.15333557128906
2022-02-02,165.22332763671875
2022-02-03,158.03334045410156
2022-02-04,158.94000244140625
2022-02-07,158.85000610351562
2022-02-08,162.86666870117188
2022-02-09,168.2100067138672
2022-02-10,162.96665954589844
2022-02-11,154.67333984375
2022-02-14,154.82000732421875
2022-02-15,163.3633270263672
2022-02-16,163.4166717529297
2022-02-17,157.27999877929688
2022-02-18,155.52333068847656
2022-02-22,154.57666015625
2022-02-23,150.89332580566406
2022-02-24,156.413330078125
2022-02-25,159.02000427246094
2022-02-28,158.05332946777344
2022-03-01,152.32333374023438
2022-03-02,157.1666717529297
2022-03-03,153.8699951171875
2022-03-04,149.7866668701172
2022-03-07,142.27333068847656
2022-03-08,145.0
2022-03-09,151.07666015625
2022-03-10,147.97666931152344
2022-03-11,144.8000030517578
2022-03-14,140.1133270263672
2022-03-15,146.55332946777344
2022-03-16,154.10000610351562
2022-03-17,155.0500030517578
2022-03-18,158.07666015625
2022-03-21,157.76333618164062
2022-03-22,158.6366729736328
2022-03-23,154.63999938964844
2022-03-24,162.13999938964844
2022-03-25,161.77333068847656
2022-03-28,163.02999877929688
2022-03-29,166.76666259765625
2022-03-30,161.43333435058594
2022-03-31,157.75999450683594
2022-04-01,154.70333862304688
2022-04-04,157.21665954589844
2022-04-05,149.97999572753906
2022-04-06,146.25
2022-04-07,146.57000732421875
2022-04-08,142.93333435058594
2022-04-11,139.99667358398438
2022-04-12,139.57000732421875
2022-04-13,142.57333374023438
2022-04-14,138.6300048828125
2022-04-18,141.02999877929688
2022-04-19,144.1199951171875
2022-04-20,143.8000030517578
2022-04-21,139.9633331298828
2022-04-22,136.85000610351562
2022-04-25,139.163330078125
2022-04-26,132.9933319091797
2022-04-27,132.26666259765625
2022-04-28,139.55667114257812
2022-04-29,133.5933380126953
2022-05-02,138.05332946777344
2022-05-03,139.19667053222656
2022-05-04,144.59666442871094
2022-05-05,137.5933380126953
2022-05-06,136.36666870117188
2022-05-09,129.42333984375
2022-05-10,132.36666870117188
2022-05-11,128.4566650390625
2022-05-12,129.23666381835938
2022-05-13,135.8333282470703
2022-05-16,133.76666259765625
2022-05-17,140.26333618164062
2022-05-18,133.19332885742188
2022-05-19,132.3866729736328
2022-05-20,132.31666564941406
2022-05-23,132.8866729736328
2022-05-24,129.64999389648438
2022-05-25,131.98333740234375
2022-05-26,137.13999938964844
2022-05-27,142.77999877929688
2022-05-31,142.04666137695312
2022-06-01,139.7933349609375
2022-06-02,144.663330078125
2022-06-03,140.336669921875
2022-06-06,140.5800018310547
2022-06-07,141.70333862304688
2022-06-08,138.68666076660156
2022-06-09,134.54666137695312
2022-06-10,129.76666259765625
2022-06-13,122.27999877929688
2022-06-14,122.95999908447266
2022-06-15,125.07333374023438
2022-06-16,117.53666687011719
2022-06-17,118.01333618164062
2022-06-21,121.10333251953125
2022-06-22,119.83999633789062
2022-06-23,119.02666473388672
2022-06-24,124.30000305175781
2022-06-27,123.95999908447266
2022-06-28,120.9366683959961
2022-06-29,118.08333587646484
2022-06-30,116.53666687011719
2022-07-01,112.413330078125
2022-07-05,113.30000305175781
2022-07-06,113.85333251953125
2022-07-07,118.94999694824219
2022-07-08,119.51667022705078
2022-07-11,116.76333618164062
2022-07-12,117.08999633789062
2022-07-13,117.75
2022-07-14,120.24666595458984
2022-07-15,123.11666870117188
2022-07-18,122.72333526611328
2022-07-19,128.13333129882812
2022-07-20,131.39999389648438
2022-07-21,133.54666137695312
2022-07-22,130.2566680908203
2022-07-25,129.43333435058594
2022-07-26,127.27666473388672
2022-07-27,133.10000610351562
2022-07-28,134.74000549316406
2022-07-29,135.77667236328125
2022-08-01,136.3000030517578
2022-08-02,136.0399932861328
2022-08-03,139.82000732421875
2022-08-04,140.8300018310547
2022-08-05,139.73333740234375
2022-08-08,137.6199951171875
2022-08-09,131.31333923339844
2022-08-10,136.76333618164062
2022-08-11,136.586669921875
2022-08-12,140.5833282470703
2022-08-15,141.10667419433594
2022-08-16,139.663330078125
2022-08-17,136.2899932861328
2022-08-18,139.39666748046875
2022-08-19,135.63333129882812
2022-08-22,130.52999877929688
2022-08-23,131.17999267578125
2022-08-24,131.50999450683594
2022-08-25,136.3300018310547
2022-08-26,128.59666442871094
2022-08-29,126.0
2022-08-30,124.53333282470703
2022-08-31,123.2300033569336
2022-09-01,120.9433364868164
2022-09-02,119.61666870117188
2022-09-06,118.23666381835938
2022-09-07,120.23666381835938
2022-09-08,122.26333618164062
2022-09-09,125.19667053222656
2022-09-12,125.8066635131836
2022-09-13,117.99333190917969
2022-09-14,119.33333587646484
2022-09-15,117.35333251953125
2022-09-16,118.0566635131836
2022-09-19,118.67666625976562
2022-09-20,117.0999984741211
2022-09-21,115.91666412353516
2022-09-22,112.76333618164062
2022-09-23,111.25333404541016
2022-09-26,108.99333190917969
2022-09-27,110.00666809082031
2022-09-28,111.56666564941406
2022-09-29,108.09666442871094
2022-09-30,106.24333190917969
2022-10-03,109.91666412353516
2022-10-04,115.07333374023438
2022-10-05,116.01333618164062
2022-10-06,115.55000305175781
2022-10-07,108.61666870117188
2022-10-10,104.92333221435547
2022-10-11,101.97333526611328
2022-10-12,100.98332977294922
2022-10-13,103.88999938964844
2022-10-14,99.55999755859375
2022-10-17,101.66999816894531
2022-10-18,102.0199966430664
2022-10-19,102.67333221435547
2022-10-20,103.30999755859375
2022-10-21,107.1500015258789
2022-10-24,107.61333465576172
2022-10-25,110.06999969482422
2022-10-26,108.98666381835938
2022-10-27,107.05332946777344
2022-10-28,111.25
2022-10-31,108.82666778564453
2022-11-01,109.70333099365234
2022-11-02,106.23999786376953
2022-11-03,104.81666564941406
2022-11-04,109.66666412353516
2022-11-07,112.03666687011719
2022-11-08,114.50333404541016
2022-11-09,110.84333038330078
2022-11-10,122.3133316040039
2022-11-11,126.0566635131836
2022-11-14,124.67666625976562
2022-11-15,128.2899932861328
2022-11-16,122.99333190917969
2022-11-17,123.9566650390625
2022-11-18,124.23332977294922
2022-11-21,122.17333221435547
2022-11-22,125.8133316040039
2022-11-23,127.33333587646484
2022-11-25,125.63666534423828
2022-11-28,122.49666595458984
2022-11-29,122.02333068847656
2022-11-30,129.3433380126953
2022-12-01,128.413330078125
2022-12-02,126.96333312988281
2022-12-05,125.3566665649414
2022-12-06,122.72000122070312
2022-12-07,122.4566650390625
2022-12-08,125.99666595458984
2022-12-09,124.83000183105469
2022-12-12,127.04000091552734
2022-12-13,128.8633270263672
2022-12-14,126.93000030517578
2022-12-15,121.55999755859375
2022-12-16,120.63999938964844
2022-12-19,119.14666748046875
2022-12-20,118.41999816894531
2022-12-21,121.086669921875
2022-12-22,116.1933364868164
2022-12-23,116.2933349609375
2022-12-27,114.1933364868164
2022-12-28,112.51000213623047
2022-12-29,116.0999984741211
2022-12-30,115.99333190917969
2023-01-03,114.86333465576172
2023-01-04,117.81999969482422
2023-01-05,115.83333587646484
2023-01-06,121.22333526611328
2023-01-09,123.4566650390625
2023-01-10,125.05332946777344
2023-01-11,126.66666412353516
2023-01-12,128.2066650390625
2023-01-13,128.73666381835938
2023-01-17,128.88333129882812
2023-01-18,128.2066650390625
2023-01-19,124.61000061035156
2023-01-20,128.50999450683594
2023-01-23,134.9633331298828
2023-01-24,133.94332885742188
2023-01-25,134.30667114257812
2023-01-26,136.57000732421875
2023-01-27,135.6999969482422
2023-01-30,132.09666442871094
2023-01-31,134.55999755859375
2023-02-01,141.57666015625
2023-02-02,144.85667419433594
2023-02-03,142.02999877929688
2023-02-06,139.72332763671875
2023-02-07,144.1666717529297
2023-02-08,141.06666564941406
2023-02-09,141.42666625976562
2023-02-10,139.17666625976562
2023-02-13,141.22332763671875
2023-02-14,143.7866668701172
2023-02-15,144.3733367919922
2023-02-16,140.8333282470703
2023-02-17,138.63999938964844
2023-02-21,134.14999389648438
2023-02-22,133.5066680908203
2023-02-23,137.89666748046875
2023-02-24,135.42666625976562
2023-02-27,136.14332580566406
2023-02-28,136.61000061035156
2023-03-01,136.64666748046875
2023-03-02,137.74000549316406
2023-03-03,139.8633270263672
2023-03-06,138.23666381835938
2023-03-07,136.77999877929688
2023-03-08,140.4166717529297
2023-03-09,137.6266632080078
2023-03-10,134.96665954589844
2023-03-13,135.0066680908203
2023-03-14,138.95333862304688
2023-03-15,137.3333282470703
2023-03-16,142.69667053222656
2023-03-17,141.81333923339844
2023-03-20,143.31333923339844
2023-03-21,143.59666442871094
2023-03-22,142.1699981689453
2023-03-23,145.67666625976562
2023-03-24,143.14999389648438
2023-03-27,141.47000122070312
2023-03-28,140.41000366210938
2023-03-29,144.92333984375
2023-03-30,147.30999755859375
2023-03-31,148.22332763671875
2023-04-03,146.94332885742188
2023-04-04,144.20333862304688
2023-04-05,141.70333862304688
2023-04-06,140.97332763671875
2023-04-10,143.4633331298828
2023-04-11,142.7100067138672
2023-04-12,140.10000610351562
2023-04-13,141.25332641601562
2023-04-14,141.03334045410156
2023-04-17,141.03334045410156
2023-04-18,141.64332580566406
2023-04-19,140.0933380126953
2023-04-20,139.9633331298828
2023-04-21,138.93666076660156
2023-04-24,138.31333923339844
2023-04-25,133.6666717529297
2023-04-26,134.3800048828125
2023-04-27,134.94667053222656
2023-04-28,137.3800048828125
2023-05-01,138.6233367919922
2023-05-02,137.63333129882812
2023-05-03,136.05332946777344
2023-05-04,135.2899932861328
2023-05-05,138.3000030517578
2023-05-08,138.88333129882812
2023-05-09,136.52000427246094
2023-05-10,137.91000366210938
2023-05-11,137.0066680908203
2023-05-12,136.8800048828125
2023-05-15,140.59666442871094
2023-05-16,140.3333282470703
2023-05-17,143.8000030517578
2023-05-18,148.3433380126953
2023-05-19,147.5800018310547
2023-05-22,148.08999633789062
2023-05-23,146.25999450683594
2023-05-24,143.64332580566406
2023-05-25,153.2100067138672
2023-05-26,163.22332763671875
2023-05-30,163.086669921875
2023-05-31,158.89999389648438
2023-06-01,161.63333129882812
2023-06-02,161.25332641601562
2023-06-05,158.7566680908203
2023-06-06,160.67333984375
2023-06-07,160.22000122070312
2023-06-08,161.86000061035156
2023-06-09,162.2866668701172
2023-06-12,167.51333618164062
2023-06-13,169.7566680908203
2023-06-14,172.1666717529297
2023-06-15,170.7433319091797
2023-06-16,169.1666717529297
2023-06-20,167.79666137695312
2023-06-21,163.7066650390625
2023-06-22,164.47000122070312
2023-06-23,161.57333374023438
2023-06-26,162.09666442871094
2023-06-27,167.75999450683594
2023-06-28,166.46665954589844
2023-06-29,166.51333618164062
2023-06-30,169.086669921875
2023-07-03,170.58999633789062
2023-07-05,166.82000732421875
2023-07-06,164.71665954589844
2023-07-07,164.7866668701172
2023-07-10,168.21665954589844
2023-07-11,168.22332763671875
2023-07-12,171.35667419433594
2023-07-13,174.89666748046875
2023-07-14,172.7100067138672
2023-07-17,176.8433380126953
2023-07-18,177.1699981689453
2023-07-19,175.06666564941406
2023-07-20,168.6999969482422
2023-07-21,170.22332763671875
2023-07-24,170.21665954589844
2023-07-25,173.0800018310547
2023-07-26,170.69000244140625
2023-07-27,173.89999389648438
2023-07-28,177.69667053222656
2023-07-31,178.43333435058594
2023-08-01,178.54666137695312
2023-08-02,171.7133331298828
2023-08-03,171.27333068847656
2023-08-04,171.00332641601562
2023-08-07,172.80332946777344
2023-08-08,170.05332946777344
2023-08-09,166.93333435058594
2023-08-10,166.25999450683594
2023-08-11,162.22999572753906
2023-08-14,166.91000366210938
2023-08-15,164.1233367919922
2023-08-16,160.94667053222656
2023-08-17,159.3733367919922
2023-08-18,160.22999572753906
2023-08-21,164.8333282470703
2023-08-22,163.3800048828125
2023-08-23,166.72000122070312
2023-08-24,161.2100067138672
2023-08-25,161.90333557128906
2023-08-28,163.95333862304688
2023-08-29,168.25999450683594
2023-08-30,169.05332946777344
2023-08-31,170.22332763671875
2023-09-01,170.6666717529297
2023-09-05,170.61000061035156
2023-09-06,169.3766632080078
2023-09-07,165.5
2023-09-08,164.64332580566406
2023-09-11,164.5500030517578
2023-09-12,163.15333557128906
2023-09-13,163.99000549316406
2023-09-14,165.163330078125
2023-09-15,160.39666748046875
2023-09-18,160.94332885742188
2023-09-19,159.586669921875
2023-09-20,156.96665954589844
2023-09-21,154.07000732421875
2023-09-22,155.35333251953125
2023-09-25,156.49000549316406
2023-09-26,153.10333251953125
2023-09-27,154.45333862304688
2023-09-28,157.31333923339844
2023-09-29,157.88333129882812
2023-10-02,158.67999267578125
2023-10-03,155.39666748046875
2023-10-04,157.4600067138672
2023-10-05,156.69667053222656
2023-10-06,160.06333923339844
2023-10-09,159.663330078125
2023-10-10,161.7100067138672
2023-10-11,162.92666625976562
2023-10-12,163.3433380126953
2023-10-13,158.89666748046875
2023-10-16,161.14666748046875
2023-10-17,159.97000122070312
2023-10-18,157.086669921875
2023-10-19,154.6666717529297
2023-10-20,152.42999267578125
2023-10-23,151.56333923339844
2023-10-24,153.6199951171875
2023-10-25,147.41000366210938
2023-10-26,146.53334045410156
2023-10-27,148.11000061035156
2023-10-30,146.1266632080078
2023-10-31,147.4633331298828
2023-11-01,150.93333435058594
2023-11-02,154.3633270263672
2023-11-03,158.4199981689453
2023-11-06,158.1266632080078
2023-11-07,159.13333129882812
2023-11-08,159.2933349609375
2023-11-09,158.52999877929688
2023-11-10,164.92333984375
2023-11-13,163.31666564941406
2023-11-14,169.35667419433594
2023-11-15,170.586669921875
2023-11-16,170.6699981689453
2023-11-17,171.8699951171875
2023-11-20,174.40333557128906
2023-11-21,171.14332580566406
2023-11-22,171.69000244140625
2023-11-24,171.81333923339844
2023-11-27,171.57333374023438
2023-11-28,170.57000732421875
2023-11-29,172.4199981689453
2023-11-30,171.21665954589844
2023-12-01,172.02000427246094
2023-12-04,170.0933380126953
2023-12-05,169.1266632080078
2023-12-06,168.0833282470703
2023-12-07,172.58999633789062
2023-12-08,173.95333862304688
2023-12-11,179.8866729736328
2023-12-12,181.18333435058594
2023-12-13,183.97332763671875
2023-12-14,189.07333374023438
2023-12-15,189.77667236328125
2023-12-18,189.25
2023-12-19,190.25999450683594
2023-12-20,184.2566680908203
2023-12-21,189.35667419433594
2023-12-22,189.9633331298828
2023-12-26,193.32000732421875
2023-12-27,193.81666564941406
2023-12-28,193.45333862304688
2023-12-29,192.03334045410156
2024-01-02,185.11666870117188
2024-01-03,181.13999938964844
2024-01-04,179.61666870117188
2024-01-05,180.6133270263672
2024-01-08,186.49667358398438
2024-01-09,186.55999755859375
2024-01-10,185.93333435058594
2024-01-11,186.6199951171875
2024-01-12,185.79666137695312
2024-01-16,188.42999267578125
2024-01-17,186.70333862304688
2024-01-18,192.86666870117188
2024-01-19,200.41000366210938
2024-01-22,201.06666564941406
2024-01-23,202.39999389648438
2024-01-24,205.34666442871094
2024-01-25,204.77667236328125
2024-01-26,199.2566680908203
2024-01-29,201.3300018310547
2024-01-30,198.22000122070312
2024-01-31,195.35000610351562
2024-02-01,196.31666564941406
2024-02-02,198.82333374023438
2024-02-05,201.5399932861328
2024-02-06,199.19000244140625
2024-02-07,202.23666381835938
2024-02-08,205.7133331298828
2024-02-09,209.80999755859375
2024-02-12,209.42999267578125
2024-02-13,205.1266632080078
2024-02-14,209.75999450683594
2024-02-15,209.55999755859375
2024-02-16,208.3733367919922
2024-02-20,204.86666870117188
2024-02-21,204.39666748046875
2024-02-22,214.47000122070312
2024-02-23,212.1566619873047
2024-02-26,214.25
2024-02-27,214.0366668701172
2024-02-28,211.6300048828125
2024-02-29,217.3633270263672
2024-03-01,226.6133270263672
2024-03-04,228.83999633789062
2024-03-05,224.35333251953125
2024-03-06,229.86666870117188
2024-03-07,237.75
2024-03-08,228.1300048828125
2024-03-11,225.10000610351562
2024-03-12,229.77000427246094
2024-03-13,224.1699981689453
2024-03-14,220.33999633789062
2024-03-15,218.75999450683594
2024-03-18,218.58999633789062
2024-03-19,216.75999450683594
2024-03-20,220.4499969482422
2024-03-21,225.17999267578125
2024-03-22,225.4499969482422
2024-03-25,224.57000732421875
2024-03-26,222.8800048828125
2024-03-27,225.67999267578125
2024-03-28,225.9199981689453
2024-04-01,228.3000030517578
2024-04-02,224.77999877929688
2024-04-03,225.41000366210938
2024-04-04,219.02999877929688
2024-04-05,221.6300048828125
2024-04-08,222.1999969482422
2024-04-09,224.58999633789062
2024-04-10,220.49000549316406
2024-04-11,225.47000122070312
2024-04-12,218.07000732421875
2024-04-15,215.30999755859375
2024-04-16,216.94000244140625
2024-04-17,210.36000061035156
2024-04-18,206.6300048828125
2024-04-19,198.38999938964844
2024-04-22,201.66000366210938
2024-04-23,205.8699951171875
2024-04-24,208.5399932861328
2024-04-25,212.41000366210938
2024-04-26,216.89999389648438
2024-04-29,218.5500030517578
2024-04-30,213.99000549316406
2024-05-01,206.75999450683594
2024-05-02,211.41000366210938
2024-05-03,216.1699981689453
2024-05-06,220.66000366210938
2024-05-07,218.7100067138672
2024-05-08,218.9199981689453
2024-05-09,218.10000610351562
2024-05-10,220.24000549316406
2024-05-13,220.6999969482422
2024-05-14,224.3699951171875
2024-05-15,230.6699981689453
2024-05-16,229.5399932861328
2024-05-17,228.24000549316406
2024-05-20,233.25999450683594
2024-05-21,232.50999450683594
2024-05-22,235.24000549316406
2024-05-23,233.9199981689453
2024-05-24,238.55999755859375
2024-05-28,242.58999633789062
2024-05-29,237.5800018310547
2024-05-30,235.92999267578125
2024-05-31,234.00999450683594
2024-06-03,234.38999938964844
2024-06-04,232.55999755859375
2024-06-05,242.72999572753906
2024-06-06,240.74000549316406
2024-06-07,240.02000427246094
2024-06-10,243.47999572753906
2024-06-11,243.3699951171875
2024-06-12,250.22999572753906
2024-06-13,252.9499969482422
2024-06-14,252.0399932861328
2024-06-17,256.0199890136719
2024-06-18,259.2799987792969
2024-06-20,252.24000549316406
2024-06-21,249.77999877929688
2024-06-24,242.64999389648438
2024-06-25,246.3800048828125
2024-06-26,245.4199981689453
2024-06-27,244.16000366210938
2024-06-28,246.6300048828125
2024-07-01,246.6199951171875
2024-07-02,250.08999633789062
2024-07-03,254.25999450683594
2024-07-05,254.75999450683594
2024-07-08,259.5899963378906
2024-07-09,259.4700012207031
2024-07-10,265.489990234375
2024-07-11,256.760009765625
2024-07-12,259.8900146484375
2024-07-15,260.17999267578125
2024-07-16,261.7900085449219
2024-07-17,243.1699981689453
2024-07-18,243.89999389648438
2024-07-19,236.44000244140625
2024-07-22,246.24000549316406
2024-07-23,242.57000732421875
2024-07-24,229.6699981689453
2024-07-25,224.5500030517578
2024-07-26,229.3699951171875
2024-07-29,228.88999938964844
2024-07-30,220.5800018310547
2024-07-31,235.3800048828125
2024-08-01,218.4199981689453
2024-08-02,206.80999755859375
2024-08-05,203.16000366210938
2024-08-06,205.0
2024-08-07,199.2899932861328
2024-08-08,213.0399932861328
2024-08-09,211.77999877929688
2024-08-12,213.0
2024-08-13,221.64999389648438
2024-08-14,221.08999633789062
2024-08-15,231.72000122070312
2024-08-16,231.22999572753906
2024-08-19,235.16000366210938
2024-08-20,232.0500030517578
2024-08-21,235.33999633789062
2024-08-22,227.3000030517578
2024-08-23,233.38999938964844
2024-08-26,227.52999877929688
2024-08-27,230.0500030517578
2024-08-28,225.89999389648438
2024-08-29,225.25
2024-08-30,231.13999938964844
2024-09-03,213.5
2024-09-04,214.1999969482422
2024-09-05,213.0500030517578
2024-09-06,203.92999267578125
2024-09-09,207.9600067138672
2024-09-10,210.14999389648438
2024-09-11,219.91000366210938
2024-09-12,218.94000244140625
2024-09-13,222.85000610351562
2024-09-16,219.8800048828125
2024-09-17,220.14999389648438
2024-09-18,217.72000122070312
2024-09-19,226.99000549316406
2024-09-20,223.6699981689453
2024-09-23,224.5399932861328
2024-09-24,227.25999450683594
2024-09-25,228.27000427246094
2024-09-26,236.42999267578125
2024-09-27,232.67999267578125
2024-09-30,230.58999633789062
2024-10-01,224.1300048828125
2024-10-02,227.14999389648438
2024-10-03,227.9600067138672
2024-10-04,231.0800018310547
2024-10-07,230.4499969482422
2024-10-08,232.72000122070312
2024-10-09,235.14999389648438
2024-10-10,233.5
2024-10-11,235.4600067138672
2024-10-14,239.8000030517578
2024-10-15,227.36000061035156
2024-10-16,227.36000061035156
2024-10-17,229.14999389648438
2024-10-18,229.36000061035156
2024-10-21,228.92999267578125
2024-10-22,228.0800018310547
2024-10-23,226.0399932861328
2024-10-24,227.3000030517578
2024-10-25,229.5800018310547
2024-10-28,229.72000122070312
2024-10-29,235.3699951171875
2024-10-30,227.07000732421875
2024-10-31,218.25999450683594
2024-11-01,220.5800018310547
2024-11-04,219.30999755859375
2024-11-05,221.8699951171875
2024-11-06,228.33999633789062
2024-11-07,233.10000610351562
2024-11-08,231.36000061035156
2024-11-11,225.57000732421875
2024-11-12,223.11000061035156
2024-11-13,218.3699951171875
2024-11-14,218.24000549316406
2024-11-15,211.2100067138672
2024-11-18,213.94000244140625
2024-11-19,214.35000610351562
2024-11-20,212.7100067138672
2024-11-21,216.0800018310547
2024-11-22,216.1699981689453
2024-11-25,218.27999877929688
2024-11-26,215.4499969482422
2024-11-27,212.55999755859375
2024-11-29,215.39999389648438
2024-12-02,221.05999755859375
2024-12-03,219.80999755859375
2024-12-04,222.72000122070312
2024-12-05,218.50999450683594
2024-12-06,219.8300018310547
2024-12-09,218.77000427246094
2024-12-10,213.57000732421875
2024-12-11,218.94000244140625
2024-12-12,217.24000549316406
2024-12-13,223.3000030517578
2024-12-16,227.44000244140625
2024-12-17,223.8699951171875
2024-12-18,215.58999633789062
2024-12-19,211.97000122070312
2024-12-20,214.82000732421875
2024-12-23,221.32000732421875
2024-12-24,223.60000610351562
2024-12-26,223.52999877929688
2024-12-27,221.63999938964844
2024-12-30,217.27999877929688
2024-12-31,215.49000549316406
2025-01-02,216.82000732421875
2025-01-03,222.47000122070312
2025-01-06,228.91000366210938
2025-01-07,225.7899932861328
2025-01-08,223.5399932861328
2025-01-10,218.1999969482422
2025-01-13,217.52999877929688
2025-01-14,218.9600067138672
2025-01-15,223.2100067138672
2025-01-16,223.5399932861328
2025-01-17,229.74000549316406
2025-01-21,232.4499969482422
2025-01-22,235.80999755859375
2025-01-23,235.3699951171875
2025-01-24,230.63999938964844
2025-01-27,212.5500030517578
2025-01-28,213.5
2025-01-29,214.3800048828125
2025-01-30,218.74000549316406
2025-01-31,218.1300048828125
2025-02-03,214.1999969482422
2025-02-04,216.39999389648438
2025-02-05,220.58999633789062
2025-02-06,220.3000030517578
2025-02-07,216.8699951171875
2025-02-10,219.6999969482422
2025-02-11,219.89999389648438
2025-02-12,220.13999938964844
2025-02-13,222.83999633789062
2025-02-14,223.07000732421875
2025-02-18,226.75999450683594
2025-02-19,230.52999877929688
2025-02-20,231.07000732421875
2025-02-21,223.97999572753906
2025-02-24,218.72000122070312
2025-02-25,214.2100067138672
2025-02-26,217.94000244140625
2025-02-27,205.25
2025-02-28,208.52000427246094
2025-03-03,201.14999389648438
2025-03-04,202.27000427246094
2025-03-05,206.6300048828125
2025-03-06,198.0399932861328
2025-03-07,203.85000610351562
2025-03-10,194.4199981689453
2025-03-11,192.1199951171875
2025-03-12,196.0800018310547
2025-03-13,195.10000610351562
2025-03-14,201.1199951171875
2025-03-17,204.44000244140625
2025-03-18,201.47000122070312
2025-03-19,203.11000061035156
2025-03-20,201.49000549316406
2025-03-21,199.3800048828125
2025-03-24,205.3000030517578
2025-03-25,204.19000244140625
2025-03-26,198.47000122070312
2025-03-27,194.55999755859375
2025-03-28,188.67999267578125
2025-03-31,188.1699981689453
2025-04-01,188.27000427246094
2025-04-02,189.47999572753906
2025-04-03,170.36000061035156
2025-04-04,157.6300048828125
2025-04-07,161.27000427246094
2025-04-08,154.86000061035156
2025-04-09,183.6199951171875
2025-04-10,168.61000061035156
2025-04-11,172.25999450683594
2025-04-14,173.39999389648438
2025-04-15,174.11000061035156
2025-04-16,167.38999938964844
2025-04-17,166.5500030517578
2025-04-21,163.63999938964844
2025-04-22,166.82000732421875
2025-04-23,173.07000732421875
2025-04-24,183.02999877929688
2025-04-25,184.80999755859375
2025-04-28,184.47999572753906
2025-04-29,182.50999450683594
2025-04-30,183.83999633789062
2025-05-01,183.58999633789062
2025-05-02,190.02999877929688
2025-05-05,188.57000732421875
2025-05-06,186.77000427246094
2025-05-07,190.0399932861328
2025-05-08,191.74000549316406
2025-05-09,193.94000244140625
2025-05-12,207.8699951171875
2025-05-13,213.75999450683594
2025-05-14,214.7899932861328
2025-05-15,213.41000366210938
2025-05-16,213.1300048828125
2025-05-19,211.85000610351562
2025-05-20,211.5399932861328
2025-05-21,207.6699981689453
2025-05-22,205.75
2025-05-23,202.55999755859375
2025-05-27,209.2899932861328
2025-05-28,208.24000549316406
2025-05-29,209.08999633789062
2025-05-30,204.94000244140625
2025-06-02,208.02999877929688
2025-06-03,213.6199951171875
2025-06-04,216.8000030517578
2025-06-05,215.88999938964844
2025-06-06,217.33999633789062
2025-06-09,222.4600067138672
2025-06-10,227.32000732421875
2025-06-11,226.55999755859375
2025-06-12,226.8699951171875
2025-06-13,220.9600067138672
2025-06-16,227.44000244140625
2025-06-17,225.63999938964844
2025-06-18,226.55999755859375
2025-06-20,225.11000061035156
2025-06-23,226.50999450683594
2025-06-24,235.10000610351562
2025-06-25,237.2100067138672
2025-06-26,239.07000732421875
2025-06-27,238.86000061035156
2025-06-30,238.6999969482422
2025-07-01,237.6199951171875
2025-07-02,242.13999938964844
2025-07-03,243.33999633789062
2025-07-07,238.77999877929688
2025-07-08,243.33999633789062
2025-07-09,244.1199951171875
2025-07-10,246.5500030517578
2025-07-11,246.1699981689453
2025-07-14,243.8300018310547
2025-07-15,246.25999450683594
2025-07-16,245.58999633789062
2025-07-17,246.52999877929688
2025-07-18,246.72999572753906
2025-07-21,246.9499969482422
2025-07-22,243.5399932861328
2025-07-23,242.05999755859375
2025-07-24,241.55999755859375
2025-07-25,241.5399932861328
2025-07-28,245.75
2025-07-29,246.19000244140625
2025-07-30,247.9499969482422
2025-07-31,240.02999877929688
2025-08-01,237.24000549316406
2025-08-04,240.39999389648438
2025-08-05,238.72999572753906
2025-08-06,236.92999267578125
2025-08-07,240.83999633789062
2025-08-08,242.8699951171875
2025-08-11,242.41000366210938
2025-08-12,250.16000366210938
2025-08-13,253.8800048828125
2025-08-14,254.13999938964844
2025-08-15,248.32000732421875
2025-08-18,249.0500030517578
2025-08-19,245.14999389648438
2025-08-20,243.74000549316406
2025-08-21,242.36000061035156
2025-08-22,249.08999633789062
2025-08-25,248.50999450683594
2025-08-26,250.85000610351562
2025-08-27,251.33999633789062
2025-08-28,252.5500030517578
2025-08-29,245.32000732421875
2025-09-02,242.8300018310547
2025-09-03,241.67999267578125
2025-09-04,244.1699981689453
2025-09-05,247.0500030517578
2025-09-08,248.85000610351562
2025-09-09,249.05999755859375
2025-09-10,253.4499969482422
2025-09-11,255.19000244140625
2025-09-12,255.63999938964844
2025-09-15,257.79998779296875
2025-09-16,258.5799865722656
2025-09-17,258.5299987792969
2025-09-18,267.57000732421875
2025-09-19,265.8599853515625
2025-09-22,269.8299865722656
2025-09-23,269.510009765625
2025-09-24,269.1000061035156
2025-09-25,268.239990234375
2025-09-26,268.8299865722656
2025-09-29,268.92999267578125
2025-09-30,271.1199951171875
2025-10-01,276.3399963378906
2025-10-02,281.69000244140625
2025-10-03,279.9599914550781
2025-10-06,288.3599853515625
2025-10-07,281.9100036621094
2025-10-08,291.5400085449219
2025-10-09,290.19000244140625
2025-10-10,271.989990234375
2025-10-13,284.8699951171875
2025-10-14,279.0299987792969
2025-10-15,287.6400146484375
2025-10-16,288.9800109863281
2025-10-17,288.1700134277344
2025-10-20,292.9700012207031
2025-10-21,291.3299865722656
2025-10-22,284.1300048828125
2025-10-23,291.05999755859375
2025-10-24,295.8599853515625
2025-10-27,304.0799865722656
2025-10-28,304.45001220703125
2025-10-29,309.6000061035156
2025-10-30,305.4100036621094
2025-10-31,306.54998779296875
2025-11-03,308.3800048828125
2025-11-04,296.260009765625
2025-11-05,305.4700012207031
2025-11-06,297.5
2025-11-07,294.3800048828125
2025-11-10,302.0
2025-11-11,295.1499938964844
2025-11-12,299.6700134277344
2025-11-13,289.3800048828125
2025-11-14,288.5199890136719
2025-11-17,283.55999755859375
2025-11-18,276.9800109863281
2025-11-19,281.6099853515625
2025-11-20,268.1000061035156
2025-11-21,270.8299865722656
2025-11-24,282.70001220703125
2025-11-25,283.5799865722656
2025-11-26,291.3900146484375
2025-11-28,296.739990234375
2025-12-01,296.9200134277344
2025-12-02,302.8399963378906
2025-12-03,309.3599853515625
2025-12-04,306.2799987792969
2025-12-05,309.3999938964844
2025-12-08,312.760009765625
2025-12-09,312.17999267578125
2025-12-10,316.3299865722656
2025-12-11,314.5199890136719
2025-12-12,299.4800109863281
2025-12-15,298.010009765625
2025-12-16,296.20001220703125
2025-12-17,285.2300109863281
2025-12-18,292.0400085449219
2025-12-19,299.80999755859375
2025-12-22,303.8399963378906
2025-12-23,304.9599914550781
2025-12-24,306.1400146484375
2025-12-26,306.0400085449219
2025-12-29,305.32000732421875
2025-12-30,304.9200134277344
2025-12-31,301.1499938964844
2026-01-02,313.69000244140625
2026-01-05,318.05999755859375
2026-01-06,328.3500061035156
2026-01-07,324.8900146484375
2026-01-08,319.5799865722656
2026-01-09,328.7799987792969
2026-01-12,330.3500061035156
2026-01-13,333.29998779296875
2026-01-14,331.8999938964844
2026-01-15,337.2200012207031
2026-01-16,342.4700012207031
2026-01-20,337.3500061035156
2026-01-21,348.1400146484375
2026-01-22,348.6700134277344
2026-01-23,344.7099914550781
2026-01-26,343.07000732421875
2026-01-27,351.0799865722656
2026-01-28,360.4599914550781
2026-01-29,361.1300048828125
2026-01-30,346.29998779296875
2026-02-02,352.69000244140625
2026-02-03,345.6400146484375
2026-02-04,330.3800048828125
2026-02-05,330.8299865722656
2026-02-06,348.510009765625
2026-02-09,352.7699890136719
2026-02-10,351.42999267578125
2026-02-11,360.20001220703125
2026-02-12,351.5
2026-02-13,354.6600036621094
2026-02-17,354.1000061035156
2026-02-18,357.9200134277344
2026-02-19,355.8399963378906
2026-02-20,359.42999267578125
2026-02-23,356.82000732421875
2026-02-24,362.0400085449219
2026-02-25,368.0
2026-02-26,356.79998779296875
2026-02-27,352.2900085449219
2026-03-02,352.04998779296875
2026-03-03,334.7799987792969
2026-03-04,341.5400085449219
2026-03-05,337.760009765625
2026-03-06,323.510009765625
2026-03-09,336.3699951171875
2026-03-10,338.80999755859375
2026-03-11,342.0899963378906
2026-03-12,330.19000244140625
2026-03-13,331.32000732421875
2026-03-16,337.8299865722656
2026-03-17,340.25
2026-03-18,338.2900085449219
2026-03-19,340.20001220703125
2026-03-20,332.510009765625
2026-03-23,336.5899963378906
2026-03-24,341.0199890136719
2026-03-25,345.25
2026-03-26,328.8500061035156
2026-03-27,323.4800109863281
2026-03-30,309.7900085449219
2026-03-31,328.6600036621094
2026-04-01,338.5400085449219
2026-04-02,339.6099853515625
2026-04-06,344.1000061035156
2026-04-07,347.760009765625
2026-04-08,370.3999938964844
2026-04-09,378.6300048828125
2026-04-10,386.6000061035156
2026-04-13,393.3399963378906
2026-04-14,401.239990234375
2026-04-15,401.8599853515625
2026-04-16,405.95001220703125
2026-04-17,415.7099914550781
2026-04-20,417.54998779296875
2026-04-21,420.70001220703125
2026-04-22,431.7699890136719
2026-04-23,441.0
2026-04-24,461.6000061035156
2026-04-27,455.4100036621094
2026-04-28,438.7099914550781
2026-04-29,449.989990234375
2026-04-30,461.44000244140625
2026-05-01,465.75
2026-05-04,462.05999755859375
2026-05-05,482.7300109863281
2026-05-06,506.8699951171875
2026-05-07,492.3599853515625
2026-05-08,520.2999877929688
2026-05-11,532.760009765625
2026-05-12,515.989990234375
2026-05-13,528.2899780273438
2026-05-14,530.030029296875
2026-05-15,508.5199890136719
2026-05-18,495.8699951171875
2026-05-19,496.739990234375
2026-05-20,518.2999877929688
