date,usd_cny
2010-12-31,6.612400054931641
2011-01-03,6.591599941253662
2011-01-04,6.579999923706055
2011-01-05,6.5970001220703125
2011-01-06,6.577499866485596
2011-01-07,6.616499900817871
2011-01-10,6.617499828338623
2011-01-11,6.625999927520752
2011-01-12,6.610000133514404
2011-01-13,6.594200134277344
2011-01-14,6.595699787139893
2011-01-17,6.57919979095459
2011-01-18,6.5833001136779785
2011-01-19,6.5746002197265625
2011-01-20,6.572700023651123
2011-01-21,6.576600074768066
2011-01-24,6.573599815368652
2011-01-25,6.572400093078613
2011-01-26,6.5725998878479
2011-01-27,6.572000026702881
2011-01-28,6.571899890899658
2011-01-31,6.572500228881836
2011-02-01,6.594799995422363
2011-02-02,6.584799766540527
2011-02-03,6.548500061035156
2011-02-04,6.548500061035156
2011-02-07,6.548500061035156
2011-02-08,6.552599906921387
2011-02-09,6.54449987411499
2011-02-10,6.5802001953125
2011-02-11,6.57450008392334
2011-02-14,6.579800128936768
2011-02-15,6.585299968719482
2011-02-16,6.581399917602539
2011-02-17,6.57859992980957
2011-02-18,6.573699951171875
2011-02-21,6.565499782562256
2011-02-22,6.559899806976318
2011-02-23,6.568999767303467
2011-02-24,6.565999984741211
2011-02-25,6.564499855041504
2011-02-28,6.563000202178955
2011-03-01,6.559500217437744
2011-03-02,6.560999870300293
2011-03-03,6.562699794769287
2011-03-04,6.562399864196777
2011-03-07,6.559000015258789
2011-03-08,6.546500205993652
2011-03-09,6.557300090789795
2011-03-10,6.55049991607666
2011-03-11,6.563300132751465
2011-03-14,6.565499782562256
2011-03-15,6.560400009155273
2011-03-16,6.562399864196777
2011-03-17,6.561600208282471
2011-03-18,6.567200183868408
2011-03-21,6.5594000816345215
2011-03-22,6.554999828338623
2011-03-23,6.542500019073486
2011-03-24,6.547999858856201
2011-03-25,6.55049991607666
2011-03-27,6.550000190734863
2011-03-28,6.554500102996826
2011-03-29,6.5528998374938965
2011-03-30,6.548600196838379
2011-03-31,6.5355000495910645
2011-04-03,6.5391998291015625
2011-04-04,6.53000020980835
2011-04-05,6.5304999351501465
2011-04-06,6.535799980163574
2011-04-07,6.53439998626709
2011-04-10,6.526400089263916
2011-04-11,6.527500152587891
2011-04-12,6.531700134277344
2011-04-13,6.52370023727417
2011-04-17,6.520400047302246
2011-04-18,6.518899917602539
2011-04-19,6.522299766540527
2011-04-20,6.515200138092041
2011-04-21,6.515200138092041
2011-04-24,6.484000205993652
2011-04-25,6.484000205993652
2011-04-26,6.517899990081787
2011-04-27,6.501800060272217
2011-04-28,6.500999927520752
2011-05-01,6.481400012969971
2011-05-02,6.492000102996826
2011-05-03,6.501999855041504
2011-05-04,6.492499828338623
2011-05-05,6.484099864959717
2011-05-08,6.482500076293945
2011-05-09,6.493000030517578
2011-05-10,6.491499900817871
2011-05-11,6.493000030517578
2011-05-12,6.498499870300293
2011-05-15,6.486499786376953
2011-05-16,6.507699966430664
2011-05-17,6.495999813079834
2011-05-18,6.505000114440918
2011-05-19,6.504000186920166
2011-05-22,6.4842000007629395
2011-05-23,6.504000186920166
2011-05-24,6.497499942779541
2011-05-25,6.493000030517578
2011-05-26,6.489999771118164
2011-05-29,6.481200218200684
2011-05-30,6.473800182342529
2011-05-31,6.479000091552734
2011-06-01,6.478000164031982
2011-06-02,6.482800006866455
2011-06-05,6.469799995422363
2011-06-06,6.469299793243408
2011-06-07,6.480999946594238
2011-06-08,6.474999904632568
2011-06-09,6.47599983215332
2011-06-12,6.472300052642822
2011-06-13,6.482999801635742
2011-06-14,6.469699859619141
2011-06-15,6.4721999168396
2011-06-16,6.473999977111816
2011-06-19,6.461999893188477
2011-06-20,6.478000164031982
2011-06-21,6.466000080108643
2011-06-22,6.462900161743164
2011-06-23,6.4670000076293945
2011-06-26,6.463900089263916
2011-06-27,6.481500148773193
2011-06-28,6.468999862670898
2011-06-29,6.4629998207092285
2011-06-30,6.463500022888184
2011-07-03,6.4552998542785645
2011-07-04,6.450900077819824
2011-07-05,6.466000080108643
2011-07-06,6.4670000076293945
2011-07-07,6.465000152587891
2011-07-10,6.456200122833252
2011-07-11,6.4670000076293945
2011-07-12,6.462100028991699
2011-07-13,6.494699954986572
2011-07-14,6.433800220489502
2011-07-17,5.86299991607666
2011-07-18,6.468800067901611
2011-07-19,6.463399887084961
2011-07-20,6.446700096130371
2011-07-21,6.451499938964844
2011-07-24,6.436600208282471
2011-07-25,6.443999767303467
2011-07-26,6.4375
2011-07-27,6.44290018081665
2011-07-28,6.442999839782715
2011-07-31,6.428699970245361
2011-08-01,6.425600051879883
2011-08-02,6.429200172424316
2011-08-03,6.427000045776367
2011-08-04,6.427800178527832
2011-08-07,6.430699825286865
2011-08-08,6.425300121307373
2011-08-09,6.421000003814697
2011-08-10,6.407700061798096
2011-08-11,6.382199764251709
2011-08-14,6.38129997253418
2011-08-15,6.380300045013428
2011-08-16,6.373600006103516
2011-08-17,6.377799987792969
2011-08-18,6.387499809265137
2011-08-21,6.381999969482422
2011-08-22,6.400000095367432
2011-08-23,6.394999980926514
2011-08-24,6.388000011444092
2011-08-25,6.389999866485596
2011-08-28,6.376200199127197
2011-08-29,6.366000175476074
2011-08-30,6.380300045013428
2011-08-31,6.377999782562256
2011-09-01,6.38100004196167
2011-09-04,6.371500015258789
2011-09-05,6.377699851989746
2011-09-06,6.389999866485596
2011-09-07,6.392000198364258
2011-09-08,6.380000114440918
2011-09-11,6.377600193023682
2011-09-12,6.4019999504089355
2011-09-13,6.398499965667725
2011-09-14,6.395999908447266
2011-09-15,6.388000011444092
2011-09-18,6.381999969482422
2011-09-19,6.380499839782715
2011-09-20,6.383999824523926
2011-09-21,6.381100177764893
2011-09-22,6.380499839782715
2011-09-25,6.380099773406982
2011-09-26,6.401000022888184
2011-09-27,6.396999835968018
2011-09-28,6.39300012588501
2011-09-29,6.387499809265137
2011-10-02,6.382500171661377
2011-10-03,6.394999980926514
2011-10-04,6.364999771118164
2011-10-05,6.364999771118164
2011-10-06,6.36899995803833
2011-10-09,6.364999771118164
2011-10-10,6.338500022888184
2011-10-11,6.365499973297119
2011-10-12,6.359000205993652
2011-10-13,6.381999969482422
2011-10-16,6.370800018310547
2011-10-17,6.369999885559082
2011-10-18,6.382999897003174
2011-10-19,6.38100004196167
2011-10-20,6.372700214385986
2011-10-23,6.373499870300293
2011-10-24,6.377999782562256
2011-10-25,6.366000175476074
2011-10-26,6.354000091552734
2011-10-27,6.361000061035156
2011-10-31,6.348800182342529
2011-11-01,6.345200061798096
2011-11-02,6.34630012512207
2011-11-03,6.347099781036377
2011-11-04,6.339799880981445
2011-11-07,6.3302998542785645
2011-11-08,6.349999904632568
2011-11-09,6.3470001220703125
2011-11-10,6.3429999351501465
2011-11-11,6.3470001220703125
2011-11-14,6.332799911499023
2011-11-15,6.3454999923706055
2011-11-16,6.3368000984191895
2011-11-17,6.3354997634887695
2011-11-18,6.34089994430542
2011-11-21,6.347599983215332
2011-11-22,6.351099967956543
2011-11-23,6.3516998291015625
2011-11-24,6.347499847412109
2011-11-25,6.352499961853027
2011-11-28,6.372200012207031
2011-11-29,6.376399993896484
2011-11-30,6.365099906921387
2011-12-01,6.377999782562256
2011-12-02,6.369999885559082
2011-12-05,6.352499961853027
2011-12-06,6.340000152587891
2011-12-07,6.334000110626221
2011-12-08,6.368000030517578
2011-12-09,6.355000019073486
2011-12-12,6.354499816894531
2011-12-13,6.365499973297119
2011-12-14,6.361499786376953
2011-12-15,6.370999813079834
2011-12-16,6.373000144958496
2011-12-19,6.338500022888184
2011-12-20,6.300000190734863
2011-12-21,6.3470001220703125
2011-12-22,6.331200122833252
2011-12-23,6.322000026702881
2011-12-26,6.340000152587891
2011-12-27,6.327400207519531
2011-12-28,6.320000171661377
2011-12-29,6.316999912261963
2011-12-30,6.309000015258789
2012-01-02,6.284999847412109
2012-01-03,6.283999919891357
2012-01-04,6.296999931335449
2012-01-05,6.296000003814697
2012-01-06,6.308499813079834
2012-01-09,6.2993998527526855
2012-01-10,6.313000202178955
2012-01-11,6.311999797821045
2012-01-12,6.315999984741211
2012-01-13,6.317800045013428
2012-01-16,6.296000003814697
2012-01-17,6.306099891662598
2012-01-18,6.316999912261963
2012-01-19,6.310999870300293
2012-01-20,6.307199954986572
2012-01-23,6.3246002197265625
2012-01-24,6.314000129699707
2012-01-25,6.322000026702881
2012-01-26,6.313499927520752
2012-01-27,6.334000110626221
2012-01-30,6.323999881744385
2012-01-31,6.313600063323975
2012-02-01,6.308599948883057
2012-02-02,6.30679988861084
2012-02-03,6.304200172424316
2012-02-06,6.304599761962891
2012-02-07,6.311500072479248
2012-02-08,6.308499813079834
2012-02-09,6.298399925231934
2012-02-10,6.295400142669678
2012-02-13,6.293300151824951
2012-02-14,6.295100212097168
2012-02-15,6.2972002029418945
2012-02-16,6.298099994659424
2012-02-17,6.30109977722168
2012-02-20,6.297699928283691
2012-02-21,6.2993998527526855
2012-02-22,6.296800136566162
2012-02-23,6.295899868011475
2012-02-24,6.298500061035156
2012-02-27,6.2972002029418945
2012-02-28,6.301799774169922
2012-02-29,6.298399925231934
2012-03-01,6.294300079345703
2012-03-02,6.299200057983398
2012-03-05,6.298399925231934
2012-03-06,6.307700157165527
2012-03-07,6.3144001960754395
2012-03-08,6.310200214385986
2012-03-09,6.316500186920166
2012-03-12,6.310999870300293
2012-03-13,6.325200080871582
2012-03-14,6.326700210571289
2012-03-15,6.331699848175049
2012-03-16,6.32919979095459
2012-03-19,6.32289981842041
2012-03-20,6.318600177764893
2012-03-21,6.320700168609619
2012-03-22,6.319799900054932
2012-03-23,6.300099849700928
2012-03-25,6.304500102996826
2012-03-26,6.306000232696533
2012-03-27,6.303100109100342
2012-03-28,6.301599979400635
2012-03-29,6.306000232696533
2012-04-01,6.295300006866455
2012-04-02,6.295599937438965
2012-04-03,6.295199871063232
2012-04-04,6.296199798583984
2012-04-05,6.310699939727783
2012-04-08,6.30649995803833
2012-04-09,6.306700229644775
2012-04-10,6.309500217437744
2012-04-11,6.306700229644775
2012-04-12,6.305799961090088
2012-04-15,6.299200057983398
2012-04-16,6.312300205230713
2012-04-17,6.300300121307373
2012-04-18,6.30109977722168
2012-04-19,6.302999973297119
2012-04-22,6.307400226593018
2012-04-23,6.305699825286865
2012-04-24,6.305300235748291
2012-04-25,6.301499843597412
2012-04-26,6.295199871063232
2012-04-29,6.304200172424316
2012-04-30,6.286399841308594
2012-05-01,6.287499904632568
2012-05-02,6.290999889373779
2012-05-03,6.288599967956543
2012-05-06,6.290999889373779
2012-05-07,6.298600196838379
2012-05-08,6.308199882507324
2012-05-09,6.309800148010254
2012-05-10,6.3144001960754395
2012-05-13,6.310400009155273
2012-05-14,6.321400165557861
2012-05-15,6.31850004196167
2012-05-16,6.3180999755859375
2012-05-17,6.320700168609619
2012-05-20,6.3282999992370605
2012-05-21,6.323699951171875
2012-05-22,6.318699836730957
2012-05-23,6.33050012588501
2012-05-24,6.3403000831604
2012-05-27,6.34089994430542
2012-05-28,6.339000225067139
2012-05-29,6.3414998054504395
2012-05-30,6.3506999015808105
2012-05-31,6.368599891662598
2012-06-03,6.369699954986572
2012-06-04,6.364099979400635
2012-06-05,6.367499828338623
2012-06-06,6.363900184631348
2012-06-07,6.368800163269043
2012-06-10,6.373899936676025
2012-06-11,6.372799873352051
2012-06-12,6.370699882507324
2012-06-13,6.352200031280518
2012-06-14,6.373600006103516
2012-06-17,6.366799831390381
2012-06-18,6.357600212097168
2012-06-19,6.354700088500977
2012-06-20,6.349899768829346
2012-06-21,6.3649001121521
2012-06-24,6.364200115203857
2012-06-25,6.363399982452393
2012-06-26,6.36269998550415
2012-06-27,6.357600212097168
2012-06-28,6.357399940490723
2012-07-01,6.354100227355957
2012-07-02,6.348700046539307
2012-07-03,6.352700233459473
2012-07-04,6.347599983215332
2012-07-05,6.355999946594238
2012-07-08,6.364799976348877
2012-07-09,6.371300220489502
2012-07-10,6.365699768066406
2012-07-11,6.371600151062012
2012-07-12,6.376299858093262
2012-07-15,6.3927001953125
2012-07-16,6.378799915313721
2012-07-17,6.373300075531006
2012-07-18,6.3694000244140625
2012-07-19,6.3730998039245605
2012-07-22,6.373899936676025
2012-07-23,6.386099815368652
2012-07-24,6.387599945068359
2012-07-25,6.388599872589111
2012-07-26,6.384099960327148
2012-07-29,6.380799770355225
2012-07-30,6.3796000480651855
2012-07-31,6.361800193786621
2012-08-01,6.368800163269043
2012-08-02,6.367599964141846
2012-08-05,6.371500015258789
2012-08-06,6.374000072479248
2012-08-07,6.366700172424316
2012-08-08,6.361400127410889
2012-08-09,6.362299919128418
2012-08-12,6.359399795532227
2012-08-13,6.362599849700928
2012-08-14,6.35890007019043
2012-08-15,6.362299919128418
2012-08-16,6.366300106048584
2012-08-19,6.358500003814697
2012-08-20,6.359300136566162
2012-08-21,6.356299877166748
2012-08-22,6.351900100708008
2012-08-23,6.354800224304199
2012-08-26,6.354800224304199
2012-08-27,6.35699987411499
2012-08-28,6.355000019073486
2012-08-29,6.351900100708008
2012-08-30,6.350200176239014
2012-09-02,6.348599910736084
2012-09-03,6.342100143432617
2012-09-04,6.347400188446045
2012-09-05,6.349299907684326
2012-09-06,6.343200206756592
2012-09-09,6.342800140380859
2012-09-10,6.337699890136719
2012-09-11,6.335100173950195
2012-09-12,6.327400207519531
2012-09-13,6.329999923706055
2012-09-16,6.315299987792969
2012-09-17,6.307499885559082
2012-09-18,6.318600177764893
2012-09-19,6.309999942779541
2012-09-20,6.302999973297119
2012-09-23,6.305500030517578
2012-09-24,6.3094000816345215
2012-09-25,6.3059000968933105
2012-09-26,6.301799774169922
2012-09-27,6.3024001121521
2012-09-30,6.284800052642822
2012-10-01,6.284800052642822
2012-10-02,6.32420015335083
2012-10-03,6.322500228881836
2012-10-04,6.3221001625061035
2012-10-07,6.324100017547607
2012-10-08,6.287099838256836
2012-10-09,6.28849983215332
2012-10-10,6.298999786376953
2012-10-11,6.2778000831604
2012-10-14,6.265999794006348
2012-10-15,6.269700050354004
2012-10-16,6.263700008392334
2012-10-17,6.25439977645874
2012-10-18,6.251500129699707
2012-10-21,6.253600120544434
2012-10-22,6.2546000480651855
2012-10-23,6.251299858093262
2012-10-24,6.247799873352051
2012-10-25,6.246399879455566
2012-10-29,6.262400150299072
2012-10-30,6.24399995803833
2012-10-31,6.2418999671936035
2012-11-01,6.237500190734863
2012-11-02,6.240099906921387
2012-11-05,6.244800090789795
2012-11-06,6.240799903869629
2012-11-07,6.24560022354126
2012-11-08,6.243800163269043
2012-11-09,6.2677998542785645
2012-11-12,6.244699954986572
2012-11-13,6.219200134277344
2012-11-14,6.234000205993652
2012-11-15,6.230500221252441
2012-11-16,6.236299991607666
2012-11-19,6.2399001121521
2012-11-20,6.238999843597412
2012-11-21,6.232800006866455
2012-11-22,6.231400012969971
2012-11-23,6.237500190734863
2012-11-26,6.231299877166748
2012-11-27,6.225599765777588
2012-11-28,6.222400188446045
2012-11-29,6.227499961853027
2012-11-30,6.231400012969971
2012-12-03,6.226600170135498
2012-12-04,6.228600025177002
2012-12-05,6.225500106811523
2012-12-06,6.225599765777588
2012-12-07,6.228400230407715
2012-12-10,6.224400043487549
2012-12-11,6.219799995422363
2012-12-12,6.245200157165527
2012-12-13,6.253799915313721
2012-12-14,6.246600151062012
2012-12-17,6.245200157165527
2012-12-18,6.241300106048584
2012-12-19,6.236299991607666
2012-12-20,6.23330020904541
2012-12-21,6.2347002029418945
2012-12-24,6.234600067138672
2012-12-25,6.235899925231934
2012-12-26,6.234300136566162
2012-12-27,6.235599994659424
2012-12-28,6.239799976348877
2012-12-31,6.234799861907959
2013-01-01,6.230599880218506
2013-01-02,6.237599849700928
2013-01-03,6.2332000732421875
2013-01-04,6.232500076293945
2013-01-07,6.230500221252441
2013-01-08,6.229800224304199
2013-01-09,6.2241997718811035
2013-01-10,6.225200176239014
2013-01-11,6.224599838256836
2013-01-14,6.21619987487793
2013-01-15,6.222300052642822
2013-01-16,6.213399887084961
2013-01-17,6.2195000648498535
2013-01-18,6.218299865722656
2013-01-21,6.205399990081787
2013-01-22,6.220699787139893
2013-01-23,6.222599983215332
2013-01-24,6.22160005569458
2013-01-25,6.219299793243408
2013-01-28,6.2195000648498535
2013-01-29,6.223499774932861
2013-01-30,6.225800037384033
2013-01-31,6.2195000648498535
2013-02-01,6.217800140380859
2013-02-04,6.230400085449219
2013-02-05,6.230400085449219
2013-02-06,6.227799892425537
2013-02-07,6.229100227355957
2013-02-08,6.232999801635742
2013-02-11,6.252999782562256
2013-02-12,6.232800006866455
2013-02-13,6.232500076293945
2013-02-14,6.232800006866455
2013-02-15,6.232600212097168
2013-02-18,6.224400043487549
2013-02-19,6.242800235748291
2013-02-20,6.243500232696533
2013-02-21,6.240699768066406
2013-02-22,6.238999843597412
2013-02-25,6.222300052642822
2013-02-26,6.232900142669678
2013-02-27,6.228499889373779
2013-02-28,6.226200103759766
2013-03-01,6.222400188446045
2013-03-04,6.220399856567383
2013-03-05,6.222499847412109
2013-03-06,6.2221999168396
2013-03-07,6.218699932098389
2013-03-08,6.219399929046631
2013-03-11,6.27239990234375
2013-03-12,6.221700191497803
2013-03-13,6.214000225067139
2013-03-14,6.213200092315674
2013-03-15,6.213900089263916
2013-03-18,6.287499904632568
2013-03-19,6.214300155639648
2013-03-20,6.213799953460693
2013-03-21,6.208899974822998
2013-03-22,6.212900161743164
2013-03-25,6.1722002029418945
2013-03-26,6.210299968719482
2013-03-27,6.212100028991699
2013-03-28,6.214700222015381
2013-03-29,6.212600231170654
2013-03-31,6.216100215911865
2013-04-01,6.1956000328063965
2013-04-02,6.198699951171875
2013-04-03,6.200699806213379
2013-04-04,6.2027997970581055
2013-04-07,6.167399883270264
2013-04-08,6.202499866485596
2013-04-09,6.204100131988525
2013-04-10,6.194399833679199
2013-04-11,6.194799900054932
2013-04-14,6.198500156402588
2013-04-15,6.185999870300293
2013-04-16,6.18209981918335
2013-04-17,6.1722002029418945
2013-04-18,6.211400032043457
2013-04-21,6.191199779510498
2013-04-22,6.184299945831299
2013-04-23,6.1793999671936035
2013-04-24,6.1803998947143555
2013-04-25,6.172100067138672
2013-04-28,6.157800197601318
2013-04-29,6.165200233459473
2013-04-30,6.165200233459473
2013-05-01,6.164100170135498
2013-05-02,6.155200004577637
2013-05-05,6.153200149536133
2013-05-06,6.166600227355957
2013-05-07,6.153500080108643
2013-05-08,6.125500202178955
2013-05-09,6.130300045013428
2013-05-12,6.131700038909912
2013-05-13,6.136600017547607
2013-05-14,6.132800102233887
2013-05-15,6.135900020599365
2013-05-16,6.138999938964844
2013-05-19,6.13129997253418
2013-05-20,6.128900051116943
2013-05-21,6.1255998611450195
2013-05-22,6.121099948883057
2013-05-23,6.124000072479248
2013-05-26,6.121600151062012
2013-05-27,6.111199855804443
2013-05-28,6.111499786376953
2013-05-29,6.116700172424316
2013-05-30,6.1209001541137695
2013-06-02,6.124800205230713
2013-06-03,6.121699810028076
2013-06-04,6.11870002746582
2013-06-05,6.117800235748291
2013-06-06,6.126200199127197
2013-06-09,6.126200199127197
2013-06-10,6.126200199127197
2013-06-11,6.126200199127197
2013-06-12,6.123499870300293
2013-06-13,6.1244001388549805
2013-06-16,6.120800018310547
2013-06-17,6.114999771118164
2013-06-18,6.118500232696533
2013-06-19,6.1168999671936035
2013-06-20,6.118199825286865
2013-06-23,6.1234002113342285
2013-06-24,6.1350998878479
2013-06-25,6.135300159454346
2013-06-26,6.2013020515441895
2013-06-27,6.2297749519348145
2013-06-30,6.127600193023682
2013-07-01,6.122700214385986
2013-07-02,6.123000144958496
2013-07-03,6.120800018310547
2013-07-04,6.115799903869629
2013-07-07,6.122600078582764
2013-07-08,6.123799800872803
2013-07-09,6.119500160217285
2013-07-10,6.124100208282471
2013-07-11,6.125199794769287
2013-07-14,6.127500057220459
2013-07-15,6.127600193023682
2013-07-16,6.125
2013-07-17,6.12529993057251
2013-07-18,6.13129997253418
2013-07-21,6.127900123596191
2013-07-22,6.130899906158447
2013-07-23,6.127399921417236
2013-07-24,6.125999927520752
2013-07-25,6.12470006942749
2013-07-28,6.121699810028076
2013-07-29,6.122499942779541
2013-07-30,6.121699810028076
2013-07-31,6.118899822235107
2013-08-01,6.120500087738037
2013-08-04,6.119500160217285
2013-08-05,6.114699840545654
2013-08-06,6.111700057983398
2013-08-07,6.1092000007629395
2013-08-08,6.111400127410889
2013-08-11,6.1118998527526855
2013-08-12,6.112299919128418
2013-08-13,6.111800193786621
2013-08-14,6.109600067138672
2013-08-15,6.102499961853027
2013-08-18,6.105000019073486
2013-08-19,6.1128997802734375
2013-08-20,6.11460018157959
2013-08-21,6.113399982452393
2013-08-22,6.111100196838379
2013-08-25,6.111000061035156
2013-08-26,6.111199855804443
2013-08-27,6.111700057983398
2013-08-28,6.110400199890137
2013-08-29,6.110499858856201
2013-09-01,6.109499931335449
2013-09-02,6.109600067138672
2013-09-03,6.110599994659424
2013-09-04,6.110099792480469
2013-09-05,6.109899997711182
2013-09-08,6.110499858856201
2013-09-09,6.111000061035156
2013-09-10,6.110000133514404
2013-09-11,6.108500003814697
2013-09-12,6.107999801635742
2013-09-15,6.108799934387207
2013-09-16,6.110300064086914
2013-09-17,6.111499786376953
2013-09-18,6.111199855804443
2013-09-19,6.111199855804443
2013-09-22,6.111199855804443
2013-09-23,6.111000061035156
2013-09-24,6.110899925231934
2013-09-25,6.110000133514404
2013-09-26,6.111400127410889
2013-09-29,6.109899997711182
2013-09-30,6.111499786376953
2013-10-01,6.111499786376953
2013-10-02,6.111499786376953
2013-10-03,6.111499786376953
2013-10-06,6.111499786376953
2013-10-08,6.111100196838379
2013-10-09,6.111100196838379
2013-10-10,6.105800151824951
2013-10-13,6.110599994659424
2013-10-14,6.097899913787842
2013-10-15,6.092700004577637
2013-10-16,6.089799880981445
2013-10-17,6.088200092315674
2013-10-20,6.0868000984191895
2013-10-21,6.082600116729736
2013-10-22,6.082699775695801
2013-10-23,6.073500156402588
2013-10-24,6.072000026702881
2013-10-28,6.073999881744385
2013-10-29,6.075500011444092
2013-10-30,6.0802001953125
2013-10-31,6.083799839019775
2013-11-01,6.084499835968018
2013-11-04,6.0894999504089355
2013-11-05,6.089000225067139
2013-11-06,6.0868000984191895
2013-11-07,6.082699775695801
2013-11-08,6.080900192260742
2013-11-11,6.080599784851074
2013-11-12,6.081399917602539
2013-11-13,6.081999778747559
2013-11-14,6.082900047302246
2013-11-15,6.082200050354004
2013-11-18,6.082200050354004
2013-11-19,6.082099914550781
2013-11-20,6.083000183105469
2013-11-21,6.082799911499023
2013-11-22,6.082900047302246
2013-11-25,6.083700180053711
2013-11-26,6.082600116729736
2013-11-27,6.082699775695801
2013-11-28,6.082399845123291
2013-11-29,6.082399845123291
2013-12-02,6.083199977874756
2013-12-03,6.083000183105469
2013-12-04,6.082399845123291
2013-12-05,6.081600189208984
2013-12-06,6.081299781799316
2013-12-09,6.071800231933594
2013-12-10,6.062300205230713
2013-12-11,6.060999870300293
2013-12-12,6.061699867248535
2013-12-13,6.061500072479248
2013-12-16,6.061299800872803
2013-12-17,6.061500072479248
2013-12-18,6.061100006103516
2013-12-19,6.061800003051758
2013-12-20,6.061299800872803
2013-12-23,6.061399936676025
2013-12-24,6.060200214385986
2013-12-25,6.061500072479248
2013-12-26,6.061500072479248
2013-12-27,6.061500072479248
2013-12-30,6.058700084686279
2013-12-31,6.051799774169922
2014-01-01,6.044000148773193
2014-01-02,6.044000148773193
2014-01-03,6.0406999588012695
2014-01-06,6.041500091552734
2014-01-07,6.042699813842773
2014-01-08,6.041200160980225
2014-01-09,6.041299819946289
2014-01-10,6.045000076293945
2014-01-13,6.042200088500977
2014-01-14,6.033299922943115
2014-01-15,6.031199932098389
2014-01-16,6.035999774932861
2014-01-17,6.04580020904541
2014-01-20,6.040299892425537
2014-01-21,6.042799949645996
2014-01-22,6.040599822998047
2014-01-23,6.041299819946289
2014-01-24,6.041800022125244
2014-01-27,6.038899898529053
2014-01-28,6.038099765777588
2014-01-29,6.040900230407715
2014-01-30,6.045599937438965
2014-01-31,6.051000118255615
2014-02-03,6.051000118255615
2014-02-04,6.051000118255615
2014-02-05,6.051000118255615
2014-02-06,6.051000118255615
2014-02-07,6.051000118255615
2014-02-10,6.053400039672852
2014-02-11,6.0493998527526855
2014-02-12,6.050600051879883
2014-02-13,6.0524001121521
2014-02-14,6.053599834442139
2014-02-17,6.0569000244140625
2014-02-18,6.054100036621094
2014-02-19,6.057400226593018
2014-02-20,6.066500186920166
2014-02-21,6.073500156402588
2014-02-24,6.081500053405762
2014-02-25,6.088500022888184
2014-02-26,6.11460018157959
2014-02-27,6.114799976348877
2014-02-28,6.1184000968933105
2014-03-03,6.1350998878479
2014-03-04,6.136300086975098
2014-03-05,6.133600234985352
2014-03-06,6.127999782562256
2014-03-07,6.10860013961792
2014-03-10,6.116099834442139
2014-03-11,6.128600120544434
2014-03-12,6.130199909210205
2014-03-13,6.1350998878479
2014-03-14,6.126200199127197
2014-03-17,6.1402997970581055
2014-03-18,6.1682000160217285
2014-03-19,6.18209981918335
2014-03-20,6.193999767303467
2014-03-21,6.217599868774414
2014-03-24,6.215099811553955
2014-03-25,6.1859002113342285
2014-03-26,6.191699981689453
2014-03-27,6.199399948120117
2014-03-28,6.202899932861328
2014-03-30,6.202199935913086
2014-03-31,6.207200050354004
2014-04-01,6.196899890899658
2014-04-02,6.195700168609619
2014-04-03,6.200699806213379
2014-04-06,6.202300071716309
2014-04-07,6.202300071716309
2014-04-08,6.1869001388549805
2014-04-09,6.1905999183654785
2014-04-10,6.202600002288818
2014-04-13,6.201399803161621
2014-04-14,6.209099769592285
2014-04-15,6.211999893188477
2014-04-16,6.211400032043457
2014-04-17,6.209099769592285
2014-04-20,6.209099769592285
2014-04-21,6.209099769592285
2014-04-22,6.22760009765625
2014-04-23,6.227700233459473
2014-04-24,6.238900184631348
2014-04-27,6.24370002746582
2014-04-28,6.243000030517578
2014-04-29,6.2480998039245605
2014-04-30,6.2494001388549805
2014-05-01,6.2494001388549805
2014-05-04,6.2494001388549805
2014-05-05,6.235599994659424
2014-05-06,6.215799808502197
2014-05-07,6.224400043487549
2014-05-08,6.218100070953369
2014-05-11,6.217700004577637
2014-05-12,6.22760009765625
2014-05-13,6.219099998474121
2014-05-14,6.218999862670898
2014-05-15,6.220699787139893
2014-05-18,6.223499774932861
2014-05-19,6.227499961853027
2014-05-20,6.228099822998047
2014-05-21,6.223800182342529
2014-05-22,6.225100040435791
2014-05-25,6.226600170135498
2014-05-26,6.229499816894531
2014-05-27,6.239099979400635
2014-05-28,6.24399995803833
2014-05-29,6.228000164031982
2014-06-01,6.2378997802734375
2014-06-02,6.2378997802734375
2014-06-03,6.24459981918335
2014-06-04,6.2403998374938965
2014-06-05,6.246799945831299
2014-06-08,6.240499973297119
2014-06-09,6.230299949645996
2014-06-10,6.2144999504089355
2014-06-11,6.218100070953369
2014-06-12,6.208499908447266
2014-06-15,6.19950008392334
2014-06-16,6.2170000076293945
2014-06-17,6.216800212860107
2014-06-18,6.221399784088135
2014-06-19,6.219200134277344
2014-06-22,6.2144999504089355
2014-06-23,6.2154998779296875
2014-06-24,6.221099853515625
2014-06-25,6.224400043487549
2014-06-26,6.214000225067139
2014-06-29,6.208499908447266
2014-06-30,6.19379997253418
2014-07-01,6.190000057220459
2014-07-02,6.2006001472473145
2014-07-03,6.202000141143799
2014-07-06,6.1940999031066895
2014-07-07,6.19379997253418
2014-07-08,6.191500186920166
2014-07-09,6.189899921417236
2014-07-10,6.192800045013428
2014-07-13,6.193600177764893
2014-07-14,6.196100234985352
2014-07-15,6.197999954223633
2014-07-16,6.193999767303467
2014-07-17,6.19379997253418
2014-07-20,6.197999954223633
2014-07-21,6.1992998123168945
2014-07-22,6.192999839782715
2014-07-23,6.188799858093262
2014-07-24,6.184700012207031
2014-07-27,6.181700229644775
2014-07-28,6.177499771118164
2014-07-29,6.170499801635742
2014-07-30,6.161499977111816
2014-07-31,6.164000034332275
2014-08-03,6.1697998046875
2014-08-04,6.168499946594238
2014-08-05,6.160699844360352
2014-08-06,6.1529998779296875
2014-08-07,6.152100086212158
2014-08-10,6.146200180053711
2014-08-11,6.143499851226807
2014-08-12,6.1479997634887695
2014-08-13,6.143599987030029
2014-08-14,6.142499923706055
2014-08-17,6.13730001449585
2014-08-18,6.132999897003174
2014-08-19,6.13129997253418
2014-08-20,6.130000114440918
2014-08-21,6.141499996185303
2014-08-24,6.141499996185303
2014-08-25,6.144400119781494
2014-08-26,6.142600059509277
2014-08-27,6.133299827575684
2014-08-28,6.132800102233887
2014-08-31,6.133399963378906
2014-09-01,6.131999969482422
2014-09-02,6.138299942016602
2014-09-03,6.131100177764893
2014-09-04,6.128600120544434
2014-09-07,6.130499839782715
2014-09-08,6.130499839782715
2014-09-09,6.126500129699707
2014-09-10,6.1194000244140625
2014-09-11,6.119999885559082
2014-09-14,6.12470006942749
2014-09-15,6.131999969482422
2014-09-16,6.136099815368652
2014-09-17,6.129000186920166
2014-09-18,6.130499839782715
2014-09-21,6.131100177764893
2014-09-22,6.130499839782715
2014-09-23,6.127799987792969
2014-09-24,6.1265997886657715
2014-09-25,6.125999927520752
2014-09-28,6.117099761962891
2014-09-29,6.139999866485596
2014-09-30,6.128499984741211
2014-10-01,6.128499984741211
2014-10-02,6.128499984741211
2014-10-05,6.129000186920166
2014-10-06,6.129000186920166
2014-10-07,6.129000186920166
2014-10-08,6.129000186920166
2014-10-09,6.120200157165527
2014-10-12,6.121099948883057
2014-10-13,6.115499973297119
2014-10-14,6.115499973297119
2014-10-15,6.115900039672852
2014-10-16,6.11329984664917
2014-10-19,6.113999843597412
2014-10-20,6.11359977722168
2014-10-21,6.111000061035156
2014-10-22,6.10830020904541
2014-10-23,6.109499931335449
2014-10-27,6.107100009918213
2014-10-28,6.106500148773193
2014-10-29,6.103300094604492
2014-10-30,6.101200103759766
2014-10-31,6.104499816894531
2014-11-03,6.102700233459473
2014-11-04,6.10830020904541
2014-11-05,6.105299949645996
2014-11-06,6.104000091552734
2014-11-07,6.1020002365112305
2014-11-10,6.112800121307373
2014-11-11,6.109499931335449
2014-11-12,6.114500045776367
2014-11-13,6.116199970245361
2014-11-14,6.114799976348877
2014-11-17,6.119500160217285
2014-11-18,6.114299774169922
2014-11-19,6.111299991607666
2014-11-20,6.109499931335449
2014-11-21,6.113500118255615
2014-11-24,6.1149001121521
2014-11-25,6.131700038909912
2014-11-26,6.126500129699707
2014-11-27,6.1290998458862305
2014-11-28,6.1290998458862305
2014-12-01,6.133200168609619
2014-12-02,6.142000198364258
2014-12-03,6.139500141143799
2014-12-04,6.140200138092041
2014-12-05,6.144599914550781
2014-12-08,6.140200138092041
2014-12-09,6.163000106811523
2014-12-10,6.177800178527832
2014-12-11,6.166600227355957
2014-12-12,6.178599834442139
2014-12-15,6.1768999099731445
2014-12-16,6.180500030517578
2014-12-17,6.179500102996826
2014-12-18,6.186999797821045
2014-12-19,6.204500198364258
2014-12-22,6.20989990234375
2014-12-23,6.211599826812744
2014-12-24,6.21589994430542
2014-12-25,6.2052998542785645
2014-12-26,6.2052998542785645
2014-12-29,6.2052998542785645
2014-12-30,6.212500095367432
2014-12-31,6.191999912261963
2015-01-01,6.196100234985352
2015-01-02,6.196100234985352
2015-01-05,6.196100234985352
2015-01-06,6.208399772644043
2015-01-07,6.202000141143799
2015-01-08,6.203999996185303
2015-01-09,6.203499794006348
2015-01-12,6.200300216674805
2015-01-13,6.193399906158447
2015-01-14,6.187600135803223
2015-01-15,6.184000015258789
2015-01-16,6.177499771118164
2015-01-19,6.197000026702881
2015-01-20,6.208000183105469
2015-01-21,6.204899787902832
2015-01-22,6.201700210571289
2015-01-23,6.198999881744385
2015-01-26,6.217899799346924
2015-01-27,6.245800018310547
2015-01-28,6.235099792480469
2015-01-29,6.236499786376953
2015-01-30,6.236599922180176
2015-02-02,6.241000175476074
2015-02-03,6.249499797821045
2015-02-04,6.245699882507324
2015-02-05,6.23769998550415
2015-02-06,6.242099761962891
2015-02-09,6.233399868011475
2015-02-10,6.238800048828125
2015-02-11,6.231800079345703
2015-02-12,6.2322998046875
2015-02-13,6.234499931335449
2015-02-16,6.230299949645996
2015-02-17,6.23859977722168
2015-02-18,6.244100093841553
2015-02-19,6.244100093841553
2015-02-20,6.244100093841553
2015-02-23,6.244100093841553
2015-02-24,6.245100021362305
2015-02-25,6.245100021362305
2015-02-26,6.249499797821045
2015-02-27,6.249499797821045
2015-03-02,6.258600234985352
2015-03-03,6.263700008392334
2015-03-04,6.263700008392334
2015-03-05,6.2606000900268555
2015-03-06,6.257400035858154
2015-03-09,6.253799915313721
2015-03-10,6.255000114440918
2015-03-11,6.251999855041504
2015-03-12,6.251999855041504
2015-03-13,6.251999855041504
2015-03-16,6.248700141906738
2015-03-17,6.251800060272217
2015-03-18,6.239500045776367
2015-03-19,6.218699932098389
2015-03-20,6.185999870300293
2015-03-23,6.196000099182129
2015-03-24,6.204999923706055
2015-03-25,6.195300102233887
2015-03-26,6.201000213623047
2015-03-27,6.201399803161621
2015-03-29,6.2052001953125
2015-03-30,6.196499824523926
2015-03-31,6.1875
2015-04-01,6.187099933624268
2015-04-02,6.186999797821045
2015-04-05,6.186999797821045
2015-04-06,6.186999797821045
2015-04-07,6.188199996948242
2015-04-08,6.191400051116943
2015-04-09,6.194699764251709
2015-04-12,6.199100017547607
2015-04-13,6.204699993133545
2015-04-14,6.202099800109863
2015-04-15,6.193699836730957
2015-04-16,6.1869001388549805
2015-04-19,6.186600208282471
2015-04-20,6.19189977645874
2015-04-21,6.19189977645874
2015-04-22,6.185699939727783
2015-04-23,6.188700199127197
2015-04-26,6.184800148010254
2015-04-27,6.209000110626221
2015-04-28,6.196499824523926
2015-04-29,6.190199851989746
2015-04-30,6.190999984741211
2015-05-03,6.190999984741211
2015-05-04,6.198400020599365
2015-05-05,6.195199966430664
2015-05-06,6.189000129699707
2015-05-07,6.197999954223633
2015-05-10,6.197999954223633
2015-05-11,6.19920015335083
2015-05-12,6.19890022277832
2015-05-13,6.1946001052856445
2015-05-14,6.1915998458862305
2015-05-17,6.196100234985352
2015-05-18,6.194300174713135
2015-05-19,6.196700096130371
2015-05-20,6.193699836730957
2015-05-21,6.186800003051758
2015-05-24,6.187399864196777
2015-05-25,6.191999912261963
2015-05-26,6.193900108337402
2015-05-27,6.191299915313721
2015-05-28,6.191199779510498
2015-05-31,6.188300132751465
2015-06-01,6.189499855041504
2015-06-02,6.188199996948242
2015-06-03,6.18779993057251
2015-06-04,6.191100120544434
2015-06-07,6.193399906158447
2015-06-08,6.1956000328063965
2015-06-09,6.195700168609619
2015-06-10,6.195799827575684
2015-06-11,6.196599960327148
2015-06-14,6.198299884796143
2015-06-15,6.198999881744385
2015-06-16,6.198599815368652
2015-06-17,6.1996002197265625
2015-06-18,6.19789981842041
2015-06-21,6.19950008392334
2015-06-22,6.19950008392334
2015-06-23,6.196800231933594
2015-06-24,6.1971001625061035
2015-06-25,6.199399948120117
2015-06-28,6.198999881744385
2015-06-29,6.198800086975098
2015-06-30,6.190999984741211
2015-07-01,6.191500186920166
2015-07-02,6.194699764251709
2015-07-05,6.195700168609619
2015-07-06,6.19920015335083
2015-07-07,6.199999809265137
2015-07-08,6.198999881744385
2015-07-09,6.198800086975098
2015-07-12,6.1992998123168945
2015-07-13,6.198400020599365
2015-07-14,6.19890022277832
2015-07-15,6.19920015335083
2015-07-16,6.19950008392334
2015-07-19,6.19950008392334
2015-07-20,6.19980001449585
2015-07-21,6.1996002197265625
2015-07-22,6.199399948120117
2015-07-23,6.19950008392334
2015-07-26,6.1996002197265625
2015-07-27,6.19950008392334
2015-07-28,6.199399948120117
2015-07-29,6.198999881744385
2015-07-30,6.199699878692627
2015-08-02,6.19980001449585
2015-08-03,6.199699878692627
2015-08-04,6.1996002197265625
2015-08-05,6.199699878692627
2015-08-06,6.199699878692627
2015-08-09,6.199699878692627
2015-08-10,6.199699878692627
2015-08-11,6.314899921417236
2015-08-12,6.376999855041504
2015-08-13,6.388899803161621
2015-08-16,6.381800174713135
2015-08-17,6.384699821472168
2015-08-18,6.383800029754639
2015-08-19,6.385799884796143
2015-08-20,6.379000186920166
2015-08-23,6.378900051116943
2015-08-24,6.394400119781494
2015-08-25,6.402900218963623
2015-08-26,6.401000022888184
2015-08-27,6.395299911499023
2015-08-30,6.378499984741211
2015-08-31,6.366399765014648
2015-09-01,6.354499816894531
2015-09-02,6.345900058746338
2015-09-03,6.345900058746338
2015-09-06,6.345900058746338
2015-09-07,6.355899810791016
2015-09-08,6.3572001457214355
2015-09-09,6.367800235748291
2015-09-10,6.367199897766113
2015-09-13,6.364999771118164
2015-09-14,6.357900142669678
2015-09-15,6.360000133514404
2015-09-16,6.360899925231934
2015-09-17,6.355999946594238
2015-09-20,6.354300022125244
2015-09-21,6.359099864959717
2015-09-22,6.366000175476074
2015-09-23,6.373700141906738
2015-09-24,6.373300075531006
2015-09-27,6.364099979400635
2015-09-28,6.358799934387207
2015-09-29,6.353600025177002
2015-09-30,6.347099781036377
2015-10-01,6.346099853515625
2015-10-04,6.346099853515625
2015-10-05,6.346099853515625
2015-10-06,6.346099853515625
2015-10-07,6.346099853515625
2015-10-08,6.343500137329102
2015-10-11,6.335299968719482
2015-10-12,6.313000202178955
2015-10-13,6.332300186157227
2015-10-14,6.337699890136719
2015-10-15,6.33620023727417
2015-10-18,6.342599868774414
2015-10-19,6.350100040435791
2015-10-20,6.338399887084961
2015-10-21,6.339300155639648
2015-10-22,6.3480000495910645
2015-10-26,6.339099884033203
2015-10-27,6.343200206756592
2015-10-28,6.343200206756592
2015-10-29,6.349299907684326
2015-10-30,6.346700191497803
2015-11-02,6.30810022354126
2015-11-03,6.327400207519531
2015-11-04,6.326099872589111
2015-11-05,6.325900077819824
2015-11-06,6.33620023727417
2015-11-09,6.343100070953369
2015-11-10,6.352200031280518
2015-11-11,6.351799964904785
2015-11-12,6.357500076293945
2015-11-13,6.359300136566162
2015-11-16,6.363800048828125
2015-11-17,6.361199855804443
2015-11-18,6.368599891662598
2015-11-19,6.374899864196777
2015-11-20,6.373000144958496
2015-11-23,6.375
2015-11-24,6.379300117492676
2015-11-25,6.379799842834473
2015-11-26,6.379199981689453
2015-11-27,6.3796000480651855
2015-11-30,6.385000228881836
2015-12-01,6.388199806213379
2015-12-02,6.388800144195557
2015-12-03,6.388800144195557
2015-12-04,6.387499809265137
2015-12-07,6.39109992980957
2015-12-08,6.398200035095215
2015-12-09,6.407199859619141
2015-12-10,6.418000221252441
2015-12-11,6.427800178527832
2015-12-14,6.445300102233887
2015-12-15,6.448999881744385
2015-12-16,6.451000213623047
2015-12-17,6.4633002281188965
2015-12-18,6.473700046539307
2015-12-21,6.471499919891357
2015-12-22,6.470799922943115
2015-12-23,6.468800067901611
2015-12-24,6.467800140380859
2015-12-25,6.467299938201904
2015-12-28,6.467299938201904
2015-12-29,6.478700160980225
2015-12-30,6.474800109863281
2015-12-31,6.481200218200684
2016-01-01,6.483699798583984
2016-01-04,6.483699798583984
2016-01-05,6.525400161743164
2016-01-06,6.512499809265137
2016-01-07,6.5467000007629395
2016-01-08,6.582900047302246
2016-01-11,6.58650016784668
2016-01-12,6.559500217437744
2016-01-13,6.5625
2016-01-14,6.565400123596191
2016-01-15,6.5802001953125
2016-01-18,6.574900150299072
2016-01-19,6.568900108337402
2016-01-20,6.568600177764893
2016-01-21,6.568399906158447
2016-01-22,6.570000171661377
2016-01-25,6.5690999031066895
2016-01-26,6.569399833679199
2016-01-27,6.572500228881836
2016-01-28,6.567800045013428
2016-01-29,6.565199851989746
2016-02-01,6.566100120544434
2016-02-02,6.568399906158447
2016-02-03,6.569799900054932
2016-02-04,6.566999912261963
2016-02-05,6.554800033569336
2016-02-08,6.563899993896484
2016-02-09,6.563899993896484
2016-02-10,6.563899993896484
2016-02-11,6.563899993896484
2016-02-12,6.563899993896484
2016-02-15,6.563899993896484
2016-02-16,6.486199855804443
2016-02-17,6.506899833679199
2016-02-18,6.5183000564575195
2016-02-19,6.508800029754639
2016-02-22,6.512400150299072
2016-02-23,6.5117998123168945
2016-02-24,6.517099857330322
2016-02-25,6.521699905395508
2016-02-26,6.523499965667725
2016-02-29,6.530399799346924
2016-03-01,6.544000148773193
2016-03-02,6.542099952697754
2016-03-03,6.540999889373779
2016-03-04,6.521500110626221
2016-03-07,6.4980998039245605
2016-03-08,6.506800174713135
2016-03-09,6.494699954986572
2016-03-10,6.502999782562256
2016-03-11,6.498600006103516
2016-03-14,6.485300064086914
2016-03-15,6.489999771118164
2016-03-16,6.504499912261963
2016-03-17,6.51200008392334
2016-03-18,6.465000152587891
2016-03-21,6.461599826812744
2016-03-22,6.474599838256836
2016-03-23,6.480100154876709
2016-03-24,6.496300220489502
2016-03-25,6.504700183868408
2016-03-27,6.526500225067139
2016-03-28,6.500999927520752
2016-03-29,6.504899978637695
2016-03-30,6.455100059509277
2016-03-31,6.439000129699707
2016-04-03,6.468599796295166
2016-04-04,6.468599796295166
2016-04-05,6.467299938201904
2016-04-06,6.470900058746338
2016-04-07,6.453000068664551
2016-04-10,6.4558000564575195
2016-04-11,6.44950008392334
2016-04-12,6.455599784851074
2016-04-13,6.468400001525879
2016-04-14,6.472599983215332
2016-04-17,6.46560001373291
2016-04-18,6.465199947357178
2016-04-19,6.4481000900268555
2016-04-20,6.4608001708984375
2016-04-21,6.47189998626709
2016-04-24,6.491000175476074
2016-04-25,6.482999801635742
2016-04-26,6.483500003814697
2016-04-27,6.485000133514404
2016-04-28,6.46589994430542
2016-05-01,6.464099884033203
2016-05-02,6.464099884033203
2016-05-03,6.481800079345703
2016-05-04,6.484799861907959
2016-05-05,6.493500232696533
2016-05-08,6.490200042724609
2016-05-09,6.506899833679199
2016-05-10,6.508299827575684
2016-05-11,6.48199987411499
2016-05-12,6.506800174713135
2016-05-15,6.521999835968018
2016-05-16,6.521299839019775
2016-05-17,6.518599987030029
2016-05-18,6.528800010681152
2016-05-19,6.5370001792907715
2016-05-22,6.5366997718811035
2016-05-23,6.5457000732421875
2016-05-24,6.5472002029418945
2016-05-25,6.544099807739258
2016-05-26,6.546999931335449
2016-05-29,6.553299903869629
2016-05-30,6.573299884796143
2016-05-31,6.57289981842041
2016-06-01,6.565100193023682
2016-06-02,6.57450008392334
2016-06-05,6.554800033569336
2016-06-06,6.553800106048584
2016-06-07,6.561500072479248
2016-06-08,6.552499771118164
2016-06-09,6.552000045776367
2016-06-12,6.552000045776367
2016-06-13,6.575699806213379
2016-06-14,6.58650016784668
2016-06-15,6.571800231933594
2016-06-16,6.581999778747559
2016-06-19,6.578400135040283
2016-06-20,6.5671000480651855
2016-06-21,6.5802998542785645
2016-06-22,6.567500114440918
2016-06-23,6.567299842834473
2016-06-26,6.611800193786621
2016-06-27,6.641600131988525
2016-06-28,6.6381001472473145
2016-06-29,6.626800060272217
2016-06-30,6.6381001472473145
2016-07-03,6.645699977874756
2016-07-04,6.655300140380859
2016-07-05,6.6697001457214355
2016-07-06,6.683000087738037
2016-07-07,6.67110013961792
2016-07-10,6.678100109100342
2016-07-11,6.683899879455566
2016-07-12,6.678599834442139
2016-07-13,6.676300048828125
2016-07-14,6.673600196838379
2016-07-17,6.67609977722168
2016-07-18,6.704599857330322
2016-07-19,6.695400238037109
2016-07-20,6.676599979400635
2016-07-21,6.6743998527526855
2016-07-24,6.693900108337402
2016-07-25,6.679299831390381
2016-07-26,6.6697001457214355
2016-07-27,6.666800022125244
2016-07-28,6.656099796295166
2016-07-31,6.642300128936768
2016-08-01,6.641499996185303
2016-08-02,6.628699779510498
2016-08-03,6.630799770355225
2016-08-04,6.638700008392334
2016-08-07,6.673699855804443
2016-08-08,6.660399913787842
2016-08-09,6.655200004577637
2016-08-10,6.639200210571289
2016-08-11,6.625999927520752
2016-08-14,6.644899845123291
2016-08-15,6.63539981842041
2016-08-16,6.624800205230713
2016-08-17,6.633999824523926
2016-08-18,6.611999988555908
2016-08-21,6.634399890899658
2016-08-22,6.647500038146973
2016-08-23,6.6407999992370605
2016-08-24,6.658400058746338
2016-08-25,6.65939998626709
2016-08-28,6.678899765014648
2016-08-29,6.67519998550415
2016-08-30,6.6803998947143555
2016-08-31,6.677599906921387
2016-09-01,6.6682000160217285
2016-09-04,6.679800033569336
2016-09-05,6.675899982452393
2016-09-06,6.674300193786621
2016-09-07,6.662600040435791
2016-09-08,6.662799835205078
2016-09-11,6.679900169372559
2016-09-12,6.678699970245361
2016-09-13,6.676400184631348
2016-09-14,6.6732001304626465
2016-09-15,6.671199798583984
2016-09-18,6.6707000732421875
2016-09-19,6.666200160980225
2016-09-20,6.66949987411499
2016-09-21,6.673600196838379
2016-09-22,6.66379976272583
2016-09-25,6.657199859619141
2016-09-26,6.667699813842773
2016-09-27,6.6697998046875
2016-09-28,6.67519998550415
2016-09-29,6.668700218200684
2016-10-02,6.6381001472473145
2016-10-03,6.6732001304626465
2016-10-04,6.67080020904541
2016-10-05,6.672999858856201
2016-10-06,6.673699855804443
2016-10-09,6.6768999099731445
2016-10-10,6.707699775695801
2016-10-11,6.723499774932861
2016-10-12,6.718800067901611
2016-10-13,6.729300022125244
2016-10-16,6.730999946594238
2016-10-17,6.731500148773193
2016-10-18,6.743000030517578
2016-10-19,6.735400199890137
2016-10-20,6.743000030517578
2016-10-23,6.766300201416016
2016-10-24,6.776199817657471
2016-10-25,6.780600070953369
2016-10-26,6.769700050354004
2016-10-27,6.784800052642822
2016-10-31,6.783400058746338
2016-11-01,6.774600028991699
2016-11-02,6.766300201416016
2016-11-03,6.747099876403809
2016-11-04,6.766200065612793
2016-11-07,6.755499839782715
2016-11-08,6.774099826812744
2016-11-09,6.784800052642822
2016-11-10,6.77869987487793
2016-11-11,6.801700115203857
2016-11-14,6.805099964141846
2016-11-15,6.845699787139893
2016-11-16,6.858099937438965
2016-11-17,6.7891998291015625
2016-11-18,6.8765997886657715
2016-11-21,6.892499923706055
2016-11-22,6.888899803161621
2016-11-23,6.8892998695373535
2016-11-24,6.910200119018555
2016-11-25,6.9182000160217285
2016-11-28,6.9217000007629395
2016-11-29,6.906300067901611
2016-11-30,6.897299766540527
2016-12-01,6.8907999992370605
2016-12-02,6.876500129699707
2016-12-05,6.885499954223633
2016-12-06,6.870999813079834
2016-12-07,6.872000217437744
2016-12-08,6.870500087738037
2016-12-09,6.869900226593018
2016-12-12,6.906700134277344
2016-12-13,6.896900177001953
2016-12-14,6.89169979095459
2016-12-15,6.903800010681152
2016-12-16,6.934299945831299
2016-12-19,6.9583001136779785
2016-12-20,6.953000068664551
2016-12-21,6.94980001449585
2016-12-22,6.941400051116943
2016-12-23,6.940400123596191
2016-12-26,6.945300102233887
2016-12-27,6.944699764251709
2016-12-28,6.942500114440918
2016-12-29,6.958099842071533
2016-12-30,6.945300102233887
2017-01-02,6.94379997253418
2017-01-03,6.943999767303467
2017-01-04,6.959799766540527
2017-01-05,6.925099849700928
2017-01-06,6.887899875640869
2017-01-09,6.917500019073486
2017-01-10,6.936699867248535
2017-01-11,6.921199798583984
2017-01-12,6.936100006103516
2017-01-13,6.894899845123291
2017-01-16,6.898799896240234
2017-01-17,6.890999794006348
2017-01-18,6.844600200653076
2017-01-19,6.8379998207092285
2017-01-20,6.861299991607666
2017-01-23,6.875500202178955
2017-01-24,6.843999862670898
2017-01-25,6.848999977111816
2017-01-26,6.873600006103516
2017-01-27,6.878399848937988
2017-01-30,6.882999897003174
2017-01-31,6.88070011138916
2017-02-01,6.878699779510498
2017-02-02,6.880899906158447
2017-02-03,6.880000114440918
2017-02-06,6.872200012207031
2017-02-07,6.86359977722168
2017-02-08,6.884500026702881
2017-02-09,6.872499942779541
2017-02-10,6.868599891662598
2017-02-13,6.895199775695801
2017-02-14,6.879499912261963
2017-02-15,6.866799831390381
2017-02-16,6.8684000968933105
2017-02-17,6.85260009765625
2017-02-20,6.8557000160217285
2017-02-21,6.8780999183654785
2017-02-22,6.882599830627441
2017-02-23,6.873700141906738
2017-02-24,6.865499973297119
2017-02-27,6.900700092315674
2017-02-28,6.870100021362305
2017-03-01,6.866399765014648
2017-03-02,6.882199764251709
2017-03-03,6.887599945068359
2017-03-06,6.896200180053711
2017-03-07,6.896699905395508
2017-03-08,6.902299880981445
2017-03-09,6.911900043487549
2017-03-10,6.910200119018555
2017-03-13,6.856599807739258
2017-03-14,6.913000106811523
2017-03-15,6.9145002365112305
2017-03-16,6.913599967956543
2017-03-17,6.896699905395508
2017-03-20,6.904099941253662
2017-03-21,6.906000137329102
2017-03-22,6.884900093078613
2017-03-23,6.882999897003174
2017-03-24,6.885799884796143
2017-03-26,6.853499889373779
2017-03-27,6.872099876403809
2017-03-28,6.878300189971924
2017-03-29,6.887700080871582
2017-03-30,6.888999938964844
2017-04-02,6.880199909210205
2017-04-03,6.883900165557861
2017-04-04,6.885200023651123
2017-04-05,6.893899917602539
2017-04-06,6.897799968719482
2017-04-09,6.905700206756592
2017-04-10,6.903299808502197
2017-04-11,6.8907999992370605
2017-04-12,6.890900135040283
2017-04-13,6.886499881744385
2017-04-16,6.890999794006348
2017-04-17,6.868599891662598
2017-04-18,6.881899833679199
2017-04-19,6.886000156402588
2017-04-20,6.881700038909912
2017-04-23,6.792099952697754
2017-04-24,6.882500171661377
2017-04-25,6.881700038909912
2017-04-26,6.892099857330322
2017-04-27,6.896900177001953
2017-04-30,6.912099838256836
2017-05-01,6.89300012588501
2017-05-02,6.893499851226807
2017-05-03,6.896699905395508
2017-05-04,6.895400047302246
2017-05-07,6.884699821472168
2017-05-08,6.9045000076293945
2017-05-09,6.907100200653076
2017-05-10,6.9029998779296875
2017-05-11,6.90369987487793
2017-05-14,6.902100086212158
2017-05-15,6.894000053405762
2017-05-16,6.888599872589111
2017-05-17,6.88129997253418
2017-05-18,6.889100074768066
2017-05-21,6.853899955749512
2017-05-22,6.884399890899658
2017-05-23,6.891200065612793
2017-05-24,6.889999866485596
2017-05-25,6.867700099945068
2017-05-28,6.85699987411499
2017-05-29,6.856200218200684
2017-05-30,6.855800151824951
2017-05-31,6.811200141906738
2017-06-01,6.808599948883057
2017-06-04,6.81279993057251
2017-06-05,6.802800178527832
2017-06-06,6.7957000732421875
2017-06-07,6.797500133514404
2017-06-08,6.799200057983398
2017-06-11,6.784800052642822
2017-06-12,6.797599792480469
2017-06-13,6.798799991607666
2017-06-14,6.790999889373779
2017-06-15,6.808499813079834
2017-06-18,6.803400039672852
2017-06-19,6.819699764251709
2017-06-20,6.826399803161621
2017-06-21,6.8282999992370605
2017-06-22,6.83459997177124
2017-06-25,6.834199905395508
2017-06-26,6.839799880981445
2017-06-27,6.812600135803223
2017-06-28,6.800000190734863
2017-06-29,6.785699844360352
2017-07-02,6.77810001373291
2017-07-03,6.799799919128418
2017-07-04,6.798699855804443
2017-07-05,6.80079984664917
2017-07-06,6.799900054931641
2017-07-09,6.8028998374938965
2017-07-11,6.801700115203857
2017-07-12,6.788000106811523
2017-07-13,6.782599925994873
2017-07-16,6.740499973297119
2017-07-17,6.769499778747559
2017-07-18,6.7453999519348145
2017-07-19,6.751299858093262
2017-07-20,6.758900165557861
2017-07-23,6.719699859619141
2017-07-24,6.750100135803223
2017-07-25,6.749800205230713
2017-07-26,6.754000186920166
2017-07-27,6.739999771118164
2017-07-30,6.738900184631348
2017-07-31,6.725500106811523
2017-08-01,6.713699817657471
2017-08-02,6.721700191497803
2017-08-03,6.71560001373291
2017-08-06,6.765699863433838
2017-08-07,6.721499919891357
2017-08-08,6.709799766540527
2017-08-09,6.671800136566162
2017-08-10,6.6458001136779785
2017-08-13,6.6620001792907715
2017-08-14,6.668700218200684
2017-08-15,6.6844000816345215
2017-08-16,6.689700126647949
2017-08-17,6.677700042724609
2017-08-20,6.668700218200684
2017-08-21,6.665900230407715
2017-08-22,6.6616997718811035
2017-08-23,6.658299922943115
2017-08-24,6.661300182342529
2017-08-27,6.582900047302246
2017-08-28,6.607399940490723
2017-08-29,6.595399856567383
2017-08-30,6.595699787139893
2017-08-31,6.589799880981445
2017-09-03,6.546500205993652
2017-09-04,6.529900074005127
2017-09-05,6.537399768829346
2017-09-06,6.521200180053711
2017-09-07,6.484600067138672
2017-09-10,6.530900001525879
2017-09-11,6.530399799346924
2017-09-12,6.534999847412109
2017-09-13,6.542200088500977
2017-09-14,6.554800033569336
2017-09-17,6.5507001876831055
2017-09-18,6.5731000900268555
2017-09-19,6.5833001136779785
2017-09-20,6.574900150299072
2017-09-21,6.590000152587891
2017-09-24,6.604599952697754
2017-09-25,6.620500087738037
2017-09-26,6.639599800109863
2017-09-27,6.640500068664551
2017-09-28,6.664999961853027
2017-10-01,6.657800197601318
2017-10-02,6.651700019836426
2017-10-03,6.651100158691406
2017-10-04,6.653800010681152
2017-10-05,6.653900146484375
2017-10-08,6.650000095367432
2017-10-09,6.62529993057251
2017-10-10,6.571400165557861
2017-10-11,6.5894999504089355
2017-10-12,6.5879998207092285
2017-10-15,6.5833001136779785
2017-10-16,6.588500022888184
2017-10-17,6.622000217437744
2017-10-18,6.627799987792969
2017-10-19,6.614099979400635
2017-10-22,6.638800144195557
2017-10-23,6.638299942016602
2017-10-24,6.636000156402588
2017-10-25,6.637599945068359
2017-10-26,6.64109992980957
2017-10-30,6.658999919891357
2017-10-31,6.642399787902832
2017-11-01,6.635799884796143
2017-11-02,6.599400043487549
2017-11-03,6.608099937438965
2017-11-06,6.638000011444092
2017-11-07,6.633500099182129
2017-11-08,6.639800071716309
2017-11-09,6.6265997886657715
2017-11-10,6.630300045013428
2017-11-13,6.6392998695373535
2017-11-14,6.638599872589111
2017-11-15,6.6356000900268555
2017-11-17,6.627699851989746
2017-11-20,6.661900043487549
2017-11-21,6.633500099182129
2017-11-22,6.629199981689453
2017-11-23,6.610899925231934
2017-11-24,6.5833001136779785
2017-11-27,6.601200103759766
2017-11-28,6.595300197601318
2017-11-29,6.609399795532227
2017-11-30,6.60830020904541
2017-12-01,6.612100124359131
2017-12-04,6.6346001625061035
2017-12-05,6.618899822235107
2017-12-06,6.616799831390381
2017-12-07,6.6143999099731445
2017-12-08,6.618000030517578
2017-12-11,6.618299961090088
2017-12-12,6.617099761962891
2017-12-13,6.6203999519348145
2017-12-14,6.61870002746582
2017-12-15,6.60860013961792
2017-12-18,6.6149001121521
2017-12-19,6.614200115203857
2017-12-20,6.605000019073486
2017-12-21,6.579699993133545
2017-12-22,6.585400104522705
2017-12-25,6.57859992980957
2017-12-26,6.53879976272583
2017-12-27,6.543099880218506
2017-12-28,6.554699897766113
2017-12-29,6.531599998474121
2018-01-01,6.50570011138916
2018-01-02,6.505799770355225
2018-01-03,6.49399995803833
2018-01-04,6.5030999183654785
2018-01-05,6.493299961090088
2018-01-08,6.487500190734863
2018-01-09,6.497600078582764
2018-01-10,6.529399871826172
2018-01-11,6.507199764251709
2018-01-12,6.490200042724609
2018-01-15,6.456200122833252
2018-01-16,6.435200214385986
2018-01-17,6.442299842834473
2018-01-18,6.43209981918335
2018-01-19,6.420599937438965
2018-01-22,6.4029998779296875
2018-01-23,6.404399871826172
2018-01-24,6.402900218963623
2018-01-25,6.36929988861084
2018-01-26,6.322800159454346
2018-01-29,6.315899848937988
2018-01-30,6.336299896240234
2018-01-31,6.321100234985352
2018-02-01,6.2881999015808105
2018-02-02,6.298399925231934
2018-02-05,6.307600021362305
2018-02-06,6.289700031280518
2018-02-07,6.28249979019165
2018-02-08,6.267600059509277
2018-02-09,6.326300144195557
2018-02-12,6.286900043487549
2018-02-13,6.326499938964844
2018-02-14,6.340000152587891
2018-02-15,6.3460001945495605
2018-02-16,6.3471999168396
2018-02-19,6.340099811553955
2018-02-20,6.348400115966797
2018-02-21,6.346199989318848
2018-02-22,6.34660005569458
2018-02-23,6.350200176239014
2018-02-26,6.327300071716309
2018-02-27,6.3140997886657715
2018-02-28,6.316699981689453
2018-03-01,6.330900192260742
2018-03-02,6.357399940490723
2018-03-05,6.350299835205078
2018-03-06,6.348899841308594
2018-03-07,6.3094000816345215
2018-03-08,6.324999809265137
2018-03-09,6.341599941253662
2018-03-12,6.328499794006348
2018-03-13,6.329100131988525
2018-03-14,6.320400238037109
2018-03-15,6.315999984741211
2018-03-16,6.320899963378906
2018-03-19,6.338200092315674
2018-03-20,6.331600189208984
2018-03-21,6.332900047302246
2018-03-22,6.3206000328063965
2018-03-23,6.334700107574463
2018-03-25,6.320000171661377
2018-03-26,6.27239990234375
2018-03-27,6.281799793243408
2018-03-28,6.295599937438965
2018-03-29,6.288899898529053
2018-04-01,6.282199859619141
2018-04-02,6.279399871826172
2018-04-03,6.288400173187256
2018-04-04,6.304200172424316
2018-04-05,6.3024001121521
2018-04-08,6.308599948883057
2018-04-09,6.3053998947143555
2018-04-10,6.281599998474121
2018-04-11,6.268599987030029
2018-04-12,6.290999889373779
2018-04-15,6.274099826812744
2018-04-16,6.275700092315674
2018-04-17,6.2804999351501465
2018-04-18,6.273399829864502
2018-04-19,6.27810001373291
2018-04-22,6.295499801635742
2018-04-23,6.316100120544434
2018-04-24,6.3059000968933105
2018-04-25,6.324699878692627
2018-04-26,6.335400104522705
2018-04-29,6.336999893188477
2018-04-30,6.332099914550781
2018-05-01,6.332300186157227
2018-05-02,6.361499786376953
2018-05-03,6.352700233459473
2018-05-06,6.361700057983398
2018-05-07,6.366099834442139
2018-05-08,6.369699954986572
2018-05-09,6.361400127410889
2018-05-10,6.348199844360352
2018-05-13,6.333099842071533
2018-05-14,6.3383002281188965
2018-05-15,6.376800060272217
2018-05-16,6.370500087738037
2018-05-17,6.366199970245361
2018-05-20,6.382800102233887
2018-05-21,6.381100177764893
2018-05-22,6.364200115203857
2018-05-23,6.388800144195557
2018-05-24,6.376399993896484
2018-05-27,6.368599891662598
2018-05-28,6.3983001708984375
2018-05-29,6.416600227355957
2018-05-30,6.418000221252441
2018-05-31,6.409299850463867
2018-06-03,6.419400215148926
2018-06-04,6.4070000648498535
2018-06-05,6.40500020980835
2018-06-06,6.387899875640869
2018-06-07,6.392099857330322
2018-06-10,6.405700206756592
2018-06-11,6.391600131988525
2018-06-12,6.4004998207092285
2018-06-13,6.397299766540527
2018-06-14,6.4045000076293945
2018-06-17,6.433000087738037
2018-06-18,6.438799858093262
2018-06-19,6.485499858856201
2018-06-20,6.47160005569458
2018-06-21,6.492099761962891
2018-06-24,6.504300117492676
2018-06-25,6.539000034332275
2018-06-26,6.5782999992370605
2018-06-27,6.601900100708008
2018-06-28,6.627399921417236
2018-07-01,6.624300003051758
2018-07-02,6.6666998863220215
2018-07-03,6.640999794006348
2018-07-04,6.63129997253418
2018-07-05,6.6367998123168945
2018-07-08,6.639200210571289
2018-07-09,6.615200042724609
2018-07-10,6.631400108337402
2018-07-11,6.682799816131592
2018-07-12,6.665900230407715
2018-07-15,6.6946001052856445
2018-07-16,6.6915998458862305
2018-07-17,6.7067999839782715
2018-07-18,6.717700004577637
2018-07-19,6.771699905395508
2018-07-22,6.7581000328063965
2018-07-23,6.791999816894531
2018-07-24,6.790500164031982
2018-07-25,6.768700122833252
2018-07-26,6.782800197601318
2018-07-29,6.812699794769287
2018-07-30,6.814899921417236
2018-07-31,6.811699867248535
2018-08-01,6.8225998878479
2018-08-02,6.832799911499023
2018-08-05,6.833199977874756
2018-08-06,6.854100227355957
2018-08-07,6.833600044250488
2018-08-08,6.83519983291626
2018-08-09,6.817200183868408
2018-08-12,6.846199989318848
2018-08-13,6.889400005340576
2018-08-14,6.884699821472168
2018-08-15,6.933800220489502
2018-08-16,6.881499767303467
2018-08-19,6.8765997886657715
2018-08-20,6.856800079345703
2018-08-21,6.8454999923706055
2018-08-22,6.843200206756592
2018-08-23,6.877500057220459
2018-08-26,6.800600051879883
2018-08-27,6.813300132751465
2018-08-28,6.804200172424316
2018-08-29,6.818699836730957
2018-08-30,6.843100070953369
2018-09-02,6.83459997177124
2018-09-03,6.8221001625061035
2018-09-04,6.84250020980835
2018-09-05,6.829999923706055
2018-09-06,6.834400177001953
2018-09-09,6.839099884033203
2018-09-10,6.855299949645996
2018-09-11,6.8744001388549805
2018-09-12,6.859899997711182
2018-09-13,6.842899799346924
2018-09-16,6.865600109100342
2018-09-17,6.855500221252441
2018-09-18,6.860199928283691
2018-09-19,6.84689998626709
2018-09-20,6.845900058746338
2018-09-23,6.8566999435424805
2018-09-24,6.8734002113342285
2018-09-25,6.866300106048584
2018-09-26,6.876100063323975
2018-09-27,6.880300045013428
2018-09-30,6.8678998947143555
2018-10-01,6.8678998947143555
2018-10-02,6.8678998947143555
2018-10-03,6.867800235748291
2018-10-04,6.8678998947143555
2018-10-07,6.85890007019043
2018-10-08,6.929800033569336
2018-10-09,6.921800136566162
2018-10-10,6.923299789428711
2018-10-11,6.888599872589111
2018-10-14,6.921199798583984
2018-10-15,6.915900230407715
2018-10-16,6.910999774932861
2018-10-17,6.926300048828125
2018-10-18,6.936699867248535
2018-10-21,6.928599834442139
2018-10-22,6.946499824523926
2018-10-23,6.937399864196777
2018-10-24,6.942999839782715
2018-10-25,6.947999954223633
2018-10-29,6.942500114440918
2018-10-30,6.951900005340576
2018-10-31,6.966300010681152
2018-11-01,6.974699974060059
2018-11-02,6.922399997711182
2018-11-05,6.889900207519531
2018-11-06,6.924799919128418
2018-11-07,6.918499946594238
2018-11-08,6.909999847412109
2018-11-09,6.933499813079834
2018-11-12,6.955900192260742
2018-11-13,6.962500095367432
2018-11-14,6.9552001953125
2018-11-15,6.94950008392334
2018-11-16,6.938199996948242
2018-11-19,6.936999797821045
2018-11-20,6.940999984741211
2018-11-21,6.944399833679199
2018-11-22,6.926199913024902
2018-11-23,6.931000232696533
2018-11-26,6.947500228881836
2018-11-27,6.930799961090088
2018-11-28,6.9506001472473145
2018-11-29,6.952899932861328
2018-11-30,6.941500186920166
2018-12-03,6.958000183105469
2018-12-04,6.882299900054932
2018-12-05,6.836299896240234
2018-12-06,6.855800151824951
2018-12-07,6.881700038909912
2018-12-10,6.87470006942749
2018-12-11,6.910999774932861
2018-12-12,6.89900016784668
2018-12-13,6.879000186920166
2018-12-14,6.88070011138916
2018-12-17,6.906599998474121
2018-12-18,6.896200180053711
2018-12-19,6.894199848175049
2018-12-20,6.890999794006348
2018-12-21,6.884099960327148
2018-12-24,6.905399799346924
2018-12-25,6.898099899291992
2018-12-26,6.8983001708984375
2018-12-27,6.898099899291992
2018-12-28,6.865300178527832
2018-12-31,6.877200126647949
2019-01-01,6.877600193023682
2019-01-02,6.877500057220459
2019-01-03,6.861100196838379
2019-01-04,6.871099948883057
2019-01-07,6.8684000968933105
2019-01-08,6.849999904632568
2019-01-09,6.852200031280518
2019-01-10,6.8155999183654785
2019-01-11,6.787499904632568
2019-01-14,6.76200008392334
2019-01-15,6.767099857330322
2019-01-16,6.750999927520752
2019-01-17,6.75600004196167
2019-01-18,6.775400161743164
2019-01-21,6.7778000831604
2019-01-22,6.797299861907959
2019-01-23,6.807000160217285
2019-01-24,6.790999889373779
2019-01-25,6.787600040435791
2019-01-28,6.746399879455566
2019-01-29,6.74429988861084
2019-01-30,6.73199987411499
2019-01-31,6.7154998779296875
2019-02-01,6.69980001449585
2019-02-04,6.743800163269043
2019-02-05,6.743800163269043
2019-02-06,6.734799861907959
2019-02-07,6.743800163269043
2019-02-08,6.743800163269043
2019-02-11,6.743800163269043
2019-02-12,6.791399955749512
2019-02-13,6.7729997634887695
2019-02-14,6.759399890899658
2019-02-15,6.771200180053711
2019-02-18,6.77209997177124
2019-02-19,6.765699863433838
2019-02-20,6.757699966430664
2019-02-21,6.720300197601318
2019-02-22,6.719099998474121
2019-02-25,6.713200092315674
2019-02-26,6.688399791717529
2019-02-27,6.69920015335083
2019-02-28,6.686200141906738
2019-03-01,6.692999839782715
2019-03-04,6.705399990081787
2019-03-05,6.706299781799316
2019-03-06,6.706600189208984
2019-03-07,6.710899829864502
2019-03-08,6.714099884033203
2019-03-11,6.720600128173828
2019-03-12,6.725500106811523
2019-03-13,6.707600116729736
2019-03-14,6.706099987030029
2019-03-15,6.7220001220703125
2019-03-18,6.712800025939941
2019-03-19,6.703100204467773
2019-03-20,6.710999965667725
2019-03-21,6.693600177764893
2019-03-22,6.698200225830078
2019-03-25,6.717100143432617
2019-03-26,6.708399772644043
2019-03-27,6.714700222015381
2019-03-28,6.726200103759766
2019-03-29,6.738100051879883
2019-03-31,6.711100101470947
2019-04-01,6.7104997634887695
2019-04-02,6.722400188446045
2019-04-03,6.701399803161621
2019-04-04,6.716599941253662
2019-04-07,6.716899871826172
2019-04-08,6.715400218963623
2019-04-09,6.7108001708984375
2019-04-10,6.715400218963623
2019-04-11,6.718500137329102
2019-04-14,6.703199863433838
2019-04-15,6.707699775695801
2019-04-16,6.71120023727417
2019-04-17,6.68720006942749
2019-04-18,6.708099842071533
2019-04-21,6.703400135040283
2019-04-22,6.708499908447266
2019-04-23,6.724899768829346
2019-04-24,6.720900058746338
2019-04-25,6.742099761962891
2019-04-28,6.728799819946289
2019-04-29,6.732399940490723
2019-04-30,6.733799934387207
2019-05-01,6.734000205993652
2019-05-02,6.73390007019043
2019-05-05,6.73360013961792
2019-05-06,6.763599872589111
2019-05-07,6.776000022888184
2019-05-08,6.7820000648498535
2019-05-09,6.826499938964844
2019-05-12,6.8231000900268555
2019-05-13,6.877299785614014
2019-05-14,6.874899864196777
2019-05-15,6.875199794769287
2019-05-16,6.882800102233887
2019-05-19,6.917699813842773
2019-05-20,6.911300182342529
2019-05-22,6.905399799346924
2019-05-23,6.9095001220703125
2019-05-26,6.8993000984191895
2019-05-27,6.897200107574463
2019-05-28,6.90910005569458
2019-05-29,6.913400173187256
2019-05-30,6.900899887084961
2019-06-02,6.904099941253662
2019-06-03,6.9028000831604
2019-06-04,6.907299995422363
2019-06-05,6.908100128173828
2019-06-06,6.908999919891357
2019-06-09,6.90880012512207
2019-06-10,6.930099964141846
2019-06-11,6.910399913787842
2019-06-12,6.916900157928467
2019-06-13,6.92080020904541
2019-06-16,6.924499988555908
2019-06-17,6.924900054931641
2019-06-18,6.902299880981445
2019-06-19,6.902699947357178
2019-06-20,6.85099983215332
2019-06-23,6.868899822235107
2019-06-24,6.876100063323975
2019-06-25,6.878799915313721
2019-06-26,6.8790998458862305
2019-06-27,6.867099761962891
2019-06-30,6.865799903869629
2019-07-01,6.850800037384033
2019-07-02,6.872000217437744
2019-07-03,6.880199909210205
2019-07-04,6.87060022354126
2019-07-07,6.892600059509277
2019-07-08,6.880899906158447
2019-07-09,6.888299942016602
2019-07-10,6.872200012207031
2019-07-11,6.869200229644775
2019-07-14,6.879799842834473
2019-07-15,6.8769001960754395
2019-07-16,6.87529993057251
2019-07-17,6.872799873352051
2019-07-18,6.8790998458862305
2019-07-21,6.881100177764893
2019-07-22,6.880099773406982
2019-07-23,6.878300189971924
2019-07-24,6.871500015258789
2019-07-25,6.871600151062012
2019-07-28,6.878200054168701
2019-07-29,6.892399787902832
2019-07-30,6.883600234985352
2019-07-31,6.883399963378906
2019-08-01,6.897799968719482
2019-08-04,6.939199924468994
2019-08-05,7.049699783325195
2019-08-06,7.025599956512451
2019-08-07,7.059100151062012
2019-08-08,7.044300079345703
2019-08-11,7.061500072479248
2019-08-12,7.057199954986572
2019-08-13,7.0335001945495605
2019-08-14,7.023499965667725
2019-08-15,7.02400016784668
2019-08-18,7.041900157928467
2019-08-19,7.049799919128418
2019-08-20,7.059599876403809
2019-08-21,7.062399864196777
2019-08-22,7.082699775695801
2019-08-25,7.09499979019165
2019-08-26,7.150300025939941
2019-08-27,7.161399841308594
2019-08-28,7.155300140380859
2019-08-29,7.143599987030029
2019-09-01,7.155700206756592
2019-09-02,7.171000003814697
2019-09-03,7.177999973297119
2019-09-04,7.145100116729736
2019-09-05,7.14769983291626
2019-09-08,7.114699840545654
2019-09-09,7.121099948883057
2019-09-10,7.111700057983398
2019-09-11,7.115799903869629
2019-09-12,7.078400135040283
2019-09-15,7.078400135040283
2019-09-16,7.066400051116943
2019-09-17,7.09089994430542
2019-09-18,7.085000038146973
2019-09-19,7.095600128173828
2019-09-22,7.09060001373291
2019-09-23,7.117599964141846
2019-09-24,7.115499973297119
2019-09-25,7.130799770355225
2019-09-26,7.1315999031066895
2019-09-29,7.121799945831299
2019-09-30,7.147500038146973
2019-10-01,7.14739990234375
2019-10-02,7.147600173950195
2019-10-03,7.147500038146973
2019-10-06,7.14739990234375
2019-10-07,7.14739990234375
2019-10-08,7.143499851226807
2019-10-09,7.131400108337402
2019-10-10,7.115499973297119
2019-10-13,7.087200164794922
2019-10-14,7.0665998458862305
2019-10-15,7.0808000564575195
2019-10-16,7.092700004577637
2019-10-17,7.076399803161621
2019-10-20,7.080699920654297
2019-10-21,7.066299915313721
2019-10-22,7.076200008392334
2019-10-23,7.064599990844727
2019-10-24,7.0680999755859375
2019-10-28,7.064700126647949
2019-10-29,7.06689977645874
2019-10-30,7.064899921417236
2019-10-31,7.0543999671936035
2019-11-01,7.0381999015808105
2019-11-04,7.036399841308594
2019-11-05,7.029399871826172
2019-11-06,7.008800029754639
2019-11-07,6.997200012207031
2019-11-11,6.994999885559082
2019-11-12,7.0096001625061035
2019-11-13,7.006800174713135
2019-11-14,7.022600173950195
2019-11-15,7.019800186157227
2019-11-18,7.007299900054932
2019-11-19,7.025000095367432
2019-11-20,7.026800155639648
2019-11-21,7.034999847412109
2019-11-22,7.028200149536133
2019-11-25,7.038300037384033
2019-11-26,7.0355000495910645
2019-11-27,7.03249979019165
2019-11-28,7.027900218963623
2019-11-29,7.03439998626709
2019-12-02,7.031499862670898
2019-12-03,7.038300037384033
2019-12-04,7.060200214385986
2019-12-05,7.048900127410889
2019-12-06,7.043799877166748
2019-12-09,7.034299850463867
2019-12-10,7.0381999015808105
2019-12-11,7.033299922943115
2019-12-12,7.037799835205078
2019-12-13,7.019499778747559
2019-12-16,6.97189998626709
2019-12-17,6.981599807739258
2019-12-18,6.996200084686279
2019-12-19,7.004000186920166
2019-12-20,7.009399890899658
2019-12-23,7.00570011138916
2019-12-24,7.0117998123168945
2019-12-25,7.006400108337402
2019-12-26,6.98829984664917
2019-12-27,6.996300220489502
2019-12-30,6.994800090789795
2019-12-31,6.9857001304626465
2020-01-01,6.962299823760986
2020-01-02,6.962200164794922
2020-01-03,6.963399887084961
2020-01-06,6.9644999504089355
2020-01-07,6.9745001792907715
2020-01-08,6.944399833679199
2020-01-09,6.945199966430664
2020-01-10,6.951700210571289
2020-01-13,6.909299850463867
2020-01-14,6.8927001953125
2020-01-15,6.900300025939941
2020-01-16,6.889800071716309
2020-01-17,6.8780999183654785
2020-01-20,6.858699798583984
2020-01-21,6.865799903869629
2020-01-22,6.904799938201904
2020-01-23,6.905700206756592
2020-01-24,6.9355998039245605
2020-01-27,6.935699939727783
2020-01-28,6.935699939727783
2020-01-29,6.935699939727783
2020-01-30,6.935699939727783
2020-01-31,6.935699939727783
2020-02-03,6.935699939727783
2020-02-04,7.020599842071533
2020-02-05,6.997499942779541
2020-02-06,6.972799777984619
2020-02-07,6.969799995422363
2020-02-10,7.0005998611450195
2020-02-11,6.983500003814697
2020-02-12,6.964900016784668
2020-02-13,6.9710001945495605
2020-02-14,6.976399898529053
2020-02-17,6.986100196838379
2020-02-18,6.979300022125244
2020-02-19,6.996200084686279
2020-02-20,6.997200012207031
2020-02-21,7.02239990234375
2020-02-24,7.026199817657471
2020-02-25,7.02839994430542
2020-02-26,7.036399841308594
2020-02-27,7.03980016708374
2020-02-28,7.003499984741211
2020-03-02,6.990900039672852
2020-03-03,6.999800205230713
2020-03-04,6.960999965667725
2020-03-05,6.965400218963623
2020-03-06,6.935999870300293
2020-03-09,6.931099891662598
2020-03-10,6.9456000328063965
2020-03-11,6.955599784851074
2020-03-12,6.95959997177124
2020-03-13,7.028600215911865
2020-03-16,7.007199764251709
2020-03-17,6.992700099945068
2020-03-18,7.006199836730957
2020-03-19,7.04640007019043
2020-03-20,7.107699871063232
2020-03-23,7.094799995422363
2020-03-24,7.091300010681152
2020-03-25,7.061999797821045
2020-03-26,7.113500118255615
2020-03-27,7.0731000900268555
2020-03-29,7.095300197601318
2020-03-30,7.0991997718811035
2020-03-31,7.081399917602539
2020-04-01,7.099299907684326
2020-04-02,7.083199977874756
2020-04-05,7.091300010681152
2020-04-06,7.091300010681152
2020-04-07,7.0447998046875
2020-04-08,7.064899921417236
2020-04-09,7.042200088500977
2020-04-12,7.035099983215332
2020-04-13,7.051599979400635
2020-04-14,7.048299789428711
2020-04-15,7.066500186920166
2020-04-16,7.078800201416016
2020-04-19,7.072199821472168
2020-04-20,7.072400093078613
2020-04-21,7.070799827575684
2020-04-22,7.083099842071533
2020-04-23,7.065199851989746
2020-04-26,7.080900192260742
2020-04-27,7.085299968719482
2020-04-28,7.078100204467773
2020-04-29,7.075399875640869
2020-04-30,7.061299800872803
2020-05-03,7.061500072479248
2020-05-04,7.061500072479248
2020-05-05,7.061500072479248
2020-05-06,7.103600025177002
2020-05-07,7.083799839019775
2020-05-10,7.0731000900268555
2020-05-11,7.0980000495910645
2020-05-12,7.082099914550781
2020-05-13,7.091300010681152
2020-05-14,7.094699859619141
2020-05-17,7.101200103759766
2020-05-18,7.10860013961792
2020-05-19,7.098199844360352
2020-05-20,7.09250020980835
2020-05-21,7.114299774169922
2020-05-24,7.12939977645874
2020-05-25,7.135700225830078
2020-05-26,7.134099960327148
2020-05-27,7.1682000160217285
2020-05-28,7.145199775695801
2020-05-31,7.136300086975098
2020-06-01,7.126699924468994
2020-06-02,7.099899768829346
2020-06-03,7.114699840545654
2020-06-04,7.1092000007629395
2020-06-07,7.080999851226807
2020-06-08,7.070300102233887
2020-06-09,7.076300144195557
2020-06-10,7.059999942779541
2020-06-11,7.0640997886657715
2020-06-14,7.082399845123291
2020-06-15,7.090799808502197
2020-06-16,7.085999965667725
2020-06-17,7.084499835968018
2020-06-18,7.088399887084961
2020-06-21,7.071300029754639
2020-06-22,7.067399978637695
2020-06-23,7.057400226593018
2020-06-24,7.077199935913086
2020-06-25,7.077199935913086
2020-06-28,7.077199935913086
2020-06-29,7.079599857330322
2020-06-30,7.0644001960754395
2020-07-01,7.070099830627441
2020-07-02,7.065499782562256
2020-07-05,7.065400123596191
2020-07-06,7.017300128936768
2020-07-07,7.012899875640869
2020-07-08,7.003499984741211
2020-07-09,6.993100166320801
2020-07-12,6.992000102996826
2020-07-13,6.996399879455566
2020-07-14,6.995800018310547
2020-07-15,6.987800121307373
2020-07-16,6.9882001876831055
2020-07-19,6.991199970245361
2020-07-20,6.9822998046875
2020-07-21,6.979700088500977
2020-07-22,6.998700141906738
2020-07-23,7.0030999183654785
2020-07-26,7.01609992980957
2020-07-27,6.993199825286865
2020-07-28,6.99970006942749
2020-07-29,7.00029993057251
2020-07-30,7.007299900054932
2020-08-02,6.9741997718811035
2020-08-03,6.979400157928467
2020-08-04,6.972700119018555
2020-08-05,6.934599876403809
2020-08-06,6.952400207519531
2020-08-09,6.9670000076293945
2020-08-10,6.9608001708984375
2020-08-11,6.945300102233887
2020-08-12,6.936200141906738
2020-08-13,6.943600177764893
2020-08-16,6.949399948120117
2020-08-17,6.93179988861084
2020-08-18,6.92080020904541
2020-08-19,6.9191999435424805
2020-08-20,6.91480016708374
2020-08-23,6.918499946594238
2020-08-24,6.918900012969971
2020-08-25,6.911900043487549
2020-08-26,6.884900093078613
2020-08-27,6.889200210571289
2020-08-30,6.8643999099731445
2020-08-31,6.847700119018555
2020-09-01,6.827499866485596
2020-09-02,6.837299823760986
2020-09-03,6.845799922943115
2020-09-06,6.8414998054504395
2020-09-07,6.829500198364258
2020-09-08,6.845099925994873
2020-09-09,6.8317999839782715
2020-09-10,6.8333001136779785
2020-09-13,6.833399772644043
2020-09-14,6.809100151062012
2020-09-15,6.780300140380859
2020-09-16,6.753699779510498
2020-09-17,6.764100074768066
2020-09-20,6.76800012588501
2020-09-21,6.803699970245361
2020-09-22,6.77839994430542
2020-09-23,6.808899879455566
2020-09-24,6.827700138092041
2020-09-27,6.822800159454346
2020-09-28,6.810800075531006
2020-09-29,6.815400123596191
2020-09-30,6.789700031280518
2020-10-01,6.789400100708008
2020-10-04,6.78980016708374
2020-10-05,6.78980016708374
2020-10-06,6.78980016708374
2020-10-07,6.789700031280518
2020-10-08,6.7891998291015625
2020-10-11,6.693699836730957
2020-10-12,6.7444000244140625
2020-10-13,6.745500087738037
2020-10-14,6.713600158691406
2020-10-15,6.723899841308594
2020-10-18,6.696599960327148
2020-10-19,6.680699825286865
2020-10-20,6.67519998550415
2020-10-21,6.650000095367432
2020-10-22,6.683499813079834
2020-10-26,6.685699939727783
2020-10-27,6.711299896240234
2020-10-28,6.704400062561035
2020-10-29,6.72790002822876
2020-10-30,6.714000225067139
2020-11-02,6.6890997886657715
2020-11-03,6.689700126647949
2020-11-04,6.676599979400635
2020-11-05,6.6519999504089355
2020-11-06,6.605199813842773
2020-11-09,6.610400199890137
2020-11-10,6.6280999183654785
2020-11-11,6.614799976348877
2020-11-12,6.630799770355225
2020-11-13,6.610599994659424
2020-11-16,6.605400085449219
2020-11-17,6.583799839019775
2020-11-18,6.555099964141846
2020-11-19,6.559500217437744
2020-11-20,6.582399845123291
2020-11-23,6.5619001388549805
2020-11-24,6.584499835968018
2020-11-25,6.590199947357178
2020-11-26,6.577499866485596
2020-11-27,6.57450008392334
2020-11-30,6.576000213623047
2020-12-01,6.5777997970581055
2020-12-02,6.570799827575684
2020-12-03,6.562399864196777
2020-12-04,6.541399955749512
2020-12-07,6.530600070953369
2020-12-08,6.52869987487793
2020-12-09,6.531700134277344
2020-12-10,6.542200088500977
2020-12-11,6.544400215148926
2020-12-14,6.5457000732421875
2020-12-15,6.549699783325195
2020-12-16,6.538300037384033
2020-12-17,6.531300067901611
2020-12-18,6.532100200653076
2020-12-21,6.535999774932861
2020-12-22,6.5482001304626465
2020-12-23,6.542200088500977
2020-12-24,6.539599895477295
2020-12-25,6.5289998054504395
2020-12-28,6.540800094604492
2020-12-29,6.535600185394287
2020-12-30,6.53000020980835
2020-12-31,6.522200107574463
2021-01-01,6.531700134277344
2021-01-04,6.5320000648498535
2021-01-05,6.4604997634887695
2021-01-06,6.4552001953125
2021-01-07,6.460700035095215
2021-01-08,6.477200031280518
2021-01-11,6.474299907684326
2021-01-12,6.479700088500977
2021-01-13,6.462900161743164
2021-01-14,6.4670000076293945
2021-01-15,6.473100185394287
2021-01-18,6.479700088500977
2021-01-19,6.491399765014648
2021-01-20,6.47790002822876
2021-01-21,6.465400218963623
2021-01-22,6.461400032043457
2021-01-25,6.480800151824951
2021-01-26,6.478700160980225
2021-01-27,6.463699817657471
2021-01-28,6.482100009918213
2021-01-29,6.448400020599365
2021-02-01,6.426799774169922
2021-02-02,6.46750020980835
2021-02-03,6.456399917602539
2021-02-04,6.459199905395508
2021-02-05,6.470699787139893
2021-02-08,6.465700149536133
2021-02-09,6.447999954223633
2021-02-10,6.434199810028076
2021-02-11,6.457200050354004
2021-02-12,6.456900119781494
2021-02-15,6.457200050354004
2021-02-16,6.457200050354004
2021-02-17,6.457099914550781
2021-02-18,6.457600116729736
2021-02-19,6.487199783325195
2021-02-22,6.485799789428711
2021-02-23,6.463099956512451
2021-02-24,6.4629998207092285
2021-02-25,6.455999851226807
2021-02-26,6.453800201416016
2021-03-01,6.47790002822876
2021-03-02,6.463200092315674
2021-03-03,6.4695000648498535
2021-03-04,6.466800212860107
2021-03-05,6.468999862670898
2021-03-08,6.495699882507324
2021-03-09,6.524600028991699
2021-03-10,6.5055999755859375
2021-03-11,6.504899978637695
2021-03-12,6.493000030517578
2021-03-15,6.498499870300293
2021-03-16,6.498899936676025
2021-03-17,6.505000114440918
2021-03-18,6.502600193023682
2021-03-19,6.504799842834473
2021-03-22,6.499000072479248
2021-03-23,6.50629997253418
2021-03-24,6.514900207519531
2021-03-25,6.514599800109863
2021-03-26,6.5447998046875
2021-03-28,6.540500164031982
2021-03-29,6.568699836730957
2021-03-30,6.571000099182129
2021-03-31,6.551199913024902
2021-04-01,6.5644001960754395
2021-04-04,6.566500186920166
2021-04-05,6.565899848937988
2021-04-06,6.53849983215332
2021-04-07,6.540999889373779
2021-04-08,6.550000190734863
2021-04-11,6.552000045776367
2021-04-12,6.547900199890137
2021-04-13,6.542600154876709
2021-04-14,6.52810001373291
2021-04-15,6.521299839019775
2021-04-18,6.511099815368652
2021-04-19,6.509300231933594
2021-04-20,6.498499870300293
2021-04-21,6.489999771118164
2021-04-22,6.490300178527832
2021-04-25,6.4944000244140625
2021-04-26,6.484499931335449
2021-04-27,6.482100009918213
2021-04-28,6.47790002822876
2021-04-29,6.471199989318848
2021-05-02,6.473499774932861
2021-05-03,6.472799777984619
2021-05-04,6.472799777984619
2021-05-05,6.4730000495910645
2021-05-06,6.463200092315674
2021-05-09,6.43149995803833
2021-05-10,6.41510009765625
2021-05-11,6.428299903869629
2021-05-12,6.4552001953125
2021-05-13,6.450900077819824
2021-05-16,6.436100006103516
2021-05-17,6.438199996948242
2021-05-18,6.424200057983398
2021-05-19,6.434000015258789
2021-05-20,6.433899879455566
2021-05-23,6.433199882507324
2021-05-24,6.418300151824951
2021-05-25,6.409999847412109
2021-05-26,6.390699863433838
2021-05-27,6.381999969482422
2021-05-30,6.367400169372559
2021-05-31,6.36899995803833
2021-06-01,6.38070011138916
2021-06-02,6.380099773406982
2021-06-03,6.402699947357178
2021-06-06,6.3942999839782715
2021-06-07,6.396299839019775
2021-06-08,6.399499893188477
2021-06-09,6.386499881744385
2021-06-10,6.392300128936768
2021-06-13,6.39769983291626
2021-06-14,6.397200107574463
2021-06-15,6.40500020980835
2021-06-16,6.396699905395508
2021-06-17,6.447400093078613
2021-06-20,6.452099800109863
2021-06-21,6.46589994430542
2021-06-22,6.480299949645996
2021-06-23,6.4730000495910645
2021-06-24,6.4710001945495605
2021-06-27,6.446300029754639
2021-06-28,6.455100059509277
2021-06-29,6.463099956512451
2021-06-30,6.456200122833252
2021-07-01,6.467599868774414
2021-07-04,6.472099781036377
2021-07-05,6.462800025939941
2021-07-06,6.478099822998047
2021-07-07,6.471499919891357
2021-07-08,6.489099979400635
2021-07-11,6.478000164031982
2021-07-12,6.474599838256836
2021-07-13,6.46750020980835
2021-07-14,6.468299865722656
2021-07-15,6.460100173950195
2021-07-18,6.4781999588012695
2021-07-19,6.4893999099731445
2021-07-20,6.48390007019043
2021-07-21,6.4670000076293945
2021-07-22,6.469699859619141
2021-07-25,6.480400085449219
2021-07-26,6.4816999435424805
2021-07-27,6.509699821472168
2021-07-28,6.4893999099731445
2021-07-29,6.4552998542785645
2021-08-01,6.4604997634887695
2021-08-02,6.460999965667725
2021-08-03,6.469200134277344
2021-08-04,6.465199947357178
2021-08-05,6.460299968719482
2021-08-08,6.482500076293945
2021-08-09,6.485199928283691
2021-08-10,6.484899997711182
2021-08-11,6.4781999588012695
2021-08-12,6.478300094604492
2021-08-15,6.476399898529053
2021-08-16,6.473599910736084
2021-08-17,6.485099792480469
2021-08-18,6.4832000732421875
2021-08-19,6.49370002746582
2021-08-22,6.491600036621094
2021-08-23,6.480000019073486
2021-08-24,6.469900131225586
2021-08-25,6.474899768829346
2021-08-26,6.480500221252441
2021-08-29,6.470799922943115
2021-08-30,6.465099811553955
2021-08-31,6.45959997177124
2021-09-01,6.459000110626221
2021-09-02,6.455399990081787
2021-09-05,6.451900005340576
2021-09-06,6.456699848175049
2021-09-07,6.4654998779296875
2021-09-08,6.460700035095215
2021-09-09,6.4542999267578125
2021-09-12,6.443399906158447
2021-09-13,6.450799942016602
2021-09-14,6.438300132751465
2021-09-15,6.431399822235107
2021-09-16,6.456600189208984
2021-09-19,6.465199947357178
2021-09-20,6.465000152587891
2021-09-21,6.466000080108643
2021-09-22,6.4608001708984375
2021-09-23,6.457900047302246
2021-09-26,6.465700149536133
2021-09-27,6.455999851226807
2021-09-28,6.459000110626221
2021-09-29,6.469600200653076
2021-09-30,6.445499897003174
2021-10-03,6.445700168609619
2021-10-04,6.445199966430664
2021-10-05,6.445199966430664
2021-10-06,6.445199966430664
2021-10-07,6.445199966430664
2021-10-10,6.442299842834473
2021-10-11,6.4496002197265625
2021-10-12,6.447999954223633
2021-10-13,6.426599979400635
2021-10-14,6.439000129699707
2021-10-17,6.434800148010254
2021-10-18,6.428899765014648
2021-10-19,6.381800174713135
2021-10-20,6.392899990081787
2021-10-21,6.3917999267578125
2021-10-24,6.383900165557861
2021-10-25,6.384699821472168
2021-10-26,6.381499767303467
2021-10-27,6.391600131988525
2021-10-28,6.390399932861328
2021-11-01,6.404699802398682
2021-11-02,6.396200180053711
2021-11-03,6.398900032043457
2021-11-04,6.406199932098389
2021-11-05,6.396399974822998
2021-11-08,6.397900104522705
2021-11-09,6.391600131988525
2021-11-10,6.39169979095459
2021-11-11,6.3881001472473145
2021-11-12,6.389500141143799
2021-11-15,6.378600120544434
2021-11-16,6.3821001052856445
2021-11-17,6.39109992980957
2021-11-18,6.3769001960754395
2021-11-19,6.385000228881836
2021-11-22,6.386199951171875
2021-11-23,6.384300231933594
2021-11-24,6.3907999992370605
2021-11-25,6.3917999267578125
2021-11-26,6.386000156402588
2021-11-29,6.392000198364258
2021-11-30,6.38700008392334
2021-12-01,6.3632001876831055
2021-12-02,6.367300033569336
2021-12-03,6.3755998611450195
2021-12-06,6.37529993057251
2021-12-07,6.374800205230713
2021-12-08,6.366300106048584
2021-12-09,6.343699932098389
2021-12-10,6.376500129699707
2021-12-13,6.360000133514404
2021-12-14,6.365499973297119
2021-12-15,6.366499900817871
2021-12-16,6.366499900817871
2021-12-17,6.367199897766113
2021-12-20,6.374000072479248
2021-12-21,6.374599933624268
2021-12-22,6.37060022354126
2021-12-23,6.369100093841553
2021-12-24,6.368800163269043
2021-12-27,6.366600036621094
2021-12-28,6.369800090789795
2021-12-29,6.367199897766113
2021-12-30,6.367300033569336
2021-12-31,6.372099876403809
2022-01-03,6.354899883270264
2022-01-04,6.355100154876709
2022-01-05,6.354300022125244
2022-01-06,6.354000091552734
2022-01-07,6.381899833679199
2022-01-10,6.376200199127197
2022-01-11,6.373899936676025
2022-01-12,6.372900009155273
2022-01-13,6.357600212097168
2022-01-14,6.358099937438965
2022-01-17,6.351500034332275
2022-01-18,6.346700191497803
2022-01-19,6.352200031280518
2022-01-20,6.343500137329102
2022-01-21,6.3394999504089355
2022-01-24,6.337699890136719
2022-01-25,6.329800128936768
2022-01-26,6.326499938964844
2022-01-27,6.3196001052856445
2022-01-28,6.3668999671936035
2022-01-31,6.35099983215332
2022-02-01,6.359499931335449
2022-02-02,6.359499931335449
2022-02-03,6.359499931335449
2022-02-04,6.359499931335449
2022-02-07,6.359499931335449
2022-02-08,6.35230016708374
2022-02-09,6.365699768066406
2022-02-10,6.361400127410889
2022-02-11,6.35260009765625
2022-02-14,6.353099822998047
2022-02-15,6.355899810791016
2022-02-16,6.3379998207092285
2022-02-17,6.335599899291992
2022-02-18,6.3358001708984375
2022-02-21,6.32420015335083
2022-02-22,6.334199905395508
2022-02-23,6.325300216674805
2022-02-24,6.312300205230713
2022-02-25,6.3267998695373535
2022-02-28,6.315999984741211
2022-03-01,6.3084001541137695
2022-03-02,6.311500072479248
2022-03-03,6.3196001052856445
2022-03-04,6.319200038909912
2022-03-07,6.316699981689453
2022-03-08,6.319300174713135
2022-03-09,6.317599773406982
2022-03-10,6.3165998458862305
2022-03-11,6.320799827575684
2022-03-14,6.338699817657471
2022-03-15,6.364500045776367
2022-03-16,6.369100093841553
2022-03-17,6.351200103759766
2022-03-18,6.3454999923706055
2022-03-21,6.360199928283691
2022-03-22,6.354499816894531
2022-03-23,6.365300178527832
2022-03-24,6.371300220489502
2022-03-25,6.366300106048584
2022-03-27,6.365200042724609
2022-03-28,6.370699882507324
2022-03-29,6.363100051879883
2022-03-30,6.346199989318848
2022-03-31,6.338900089263916
2022-04-03,6.362100124359131
2022-04-04,6.362400054931641
2022-04-05,6.363100051879883
2022-04-06,6.358500003814697
2022-04-07,6.3597002029418945
2022-04-10,6.363999843597412
2022-04-11,6.36870002746582
2022-04-12,6.364999771118164
2022-04-13,6.367199897766113
2022-04-14,6.377399921417236
2022-04-17,6.370200157165527
2022-04-18,6.366199970245361
2022-04-19,6.392399787902832
2022-04-20,6.417699813842773
2022-04-21,6.4492998123168945
2022-04-24,6.50029993057251
2022-04-25,6.5578999519348145
2022-04-26,6.556300163269043
2022-04-27,6.559500217437744
2022-04-28,6.62529993057251
2022-05-01,6.607500076293945
2022-05-02,6.607500076293945
2022-05-03,6.607399940490723
2022-05-04,6.607500076293945
2022-05-05,6.654600143432617
2022-05-08,6.665599822998047
2022-05-09,6.729800224304199
2022-05-10,6.73360013961792
2022-05-11,6.720699787139893
2022-05-12,6.785900115966797
2022-05-15,6.788000106811523
2022-05-16,6.785099983215332
2022-05-17,6.736199855804443
2022-05-18,6.753399848937988
2022-05-19,6.712100028991699
2022-05-22,6.691999912261963
2022-05-23,6.649799823760986
2022-05-24,6.6529998779296875
2022-05-25,6.691699981689453
2022-05-26,6.737800121307373
2022-05-29,6.6975998878479
2022-05-30,6.660299777984619
2022-05-31,6.6717000007629395
2022-06-01,6.685200214385986
2022-06-02,6.659200191497803
2022-06-05,6.659299850463867
2022-06-06,6.652900218963623
2022-06-07,6.6697001457214355
2022-06-08,6.682700157165527
2022-06-09,6.690800189971924
2022-06-12,6.707900047302246
2022-06-13,6.753499984741211
2022-06-14,6.739500045776367
2022-06-15,6.712299823760986
2022-06-16,6.703400135040283
2022-06-19,6.715700149536133
2022-06-20,6.691400051116943
2022-06-21,6.688399791717529
2022-06-22,6.701099872589111
2022-06-23,6.697299957275391
2022-06-26,6.688799858093262
2022-06-27,6.690700054168701
2022-06-28,6.707300186157227
2022-06-29,6.69980001449585
2022-06-30,6.698200225830078
2022-07-03,6.700500011444092
2022-07-04,6.698599815368652
2022-07-05,6.718800067901611
2022-07-06,6.706500053405762
2022-07-07,6.700500011444092
2022-07-10,6.694300174713135
2022-07-11,6.717199802398682
2022-07-12,6.723299980163574
2022-07-13,6.717599868774414
2022-07-14,6.755199909210205
2022-07-17,6.756499767303467
2022-07-18,6.742300033569336
2022-07-19,6.74370002746582
2022-07-20,6.754899978637695
2022-07-21,6.765600204467773
2022-07-24,6.750500202178955
2022-07-25,6.749499797821045
2022-07-26,6.76230001449585
2022-07-27,6.757400035858154
2022-07-28,6.745800018310547
2022-07-31,6.743199825286865
2022-08-01,6.7677001953125
2022-08-02,6.751800060272217
2022-08-03,6.756999969482422
2022-08-04,6.747799873352051
2022-08-07,6.760900020599365
2022-08-08,6.749899864196777
2022-08-09,6.751699924468994
2022-08-10,6.722799777984619
2022-08-11,6.743599891662598
2022-08-14,6.741799831390381
2022-08-15,6.771999835968018
2022-08-16,6.787399768829346
2022-08-17,6.779900074005127
2022-08-18,6.784599781036377
2022-08-21,6.815700054168701
2022-08-22,6.847899913787842
2022-08-23,6.833600044250488
2022-08-24,6.858500003814697
2022-08-25,6.848299980163574
2022-08-28,6.870800018310547
2022-08-29,6.9070000648498535
2022-08-30,6.910799980163574
2022-08-31,6.888899803161621
2022-09-01,6.9054999351501465
2022-09-04,6.89900016784668
2022-09-05,6.93310022354126
2022-09-06,6.953100204467773
2022-09-07,6.9653000831604
2022-09-08,6.956500053405762
2022-09-11,6.92549991607666
2022-09-12,6.925000190734863
2022-09-13,6.924099922180176
2022-09-14,6.960999965667725
2022-09-15,6.993000030517578
2022-09-18,6.979000091552734
2022-09-19,7.0055999755859375
2022-09-20,7.017199993133545
2022-09-21,7.047900199890137
2022-09-22,7.076600074768066
2022-09-25,7.127399921417236
2022-09-26,7.1479997634887695
2022-09-27,7.176799774169922
2022-09-28,7.198999881744385
2022-09-29,7.123899936676025
2022-10-02,7.114999771118164
2022-10-03,7.1149001121521
2022-10-04,7.114999771118164
2022-10-05,7.114999771118164
2022-10-06,7.114999771118164
2022-10-09,7.114999771118164
2022-10-10,7.153600215911865
2022-10-11,7.164400100708008
2022-10-12,7.174099922180176
2022-10-13,7.16949987411499
2022-10-16,7.190000057220459
2022-10-17,7.195499897003174
2022-10-18,7.2006001472473145
2022-10-19,7.22730016708374
2022-10-20,7.215799808502197
2022-10-23,7.242800235748291
2022-10-24,7.261899948120117
2022-10-25,7.303800106048584
2022-10-26,7.171899795532227
2022-10-27,7.22790002822876
2022-10-31,7.251399993896484
2022-11-01,7.301799774169922
2022-11-02,7.276599884033203
2022-11-03,7.288700103759766
2022-11-04,7.30079984664917
2022-11-07,7.175099849700928
2022-11-08,7.228799819946289
2022-11-09,7.248199939727783
2022-11-10,7.240799903869629
2022-11-11,7.1859002113342285
2022-11-14,7.107100009918213
2022-11-15,7.07289981842041
2022-11-16,7.043000221252441
2022-11-17,7.087200164794922
2022-11-18,7.156199932098389
2022-11-21,7.118899822235107
2022-11-22,7.1641998291015625
2022-11-23,7.1392998695373535
2022-11-24,7.165800094604492
2022-11-25,7.150300025939941
2022-11-28,7.170499801635742
2022-11-29,7.207099914550781
2022-11-30,7.15939998626709
2022-12-01,7.076200008392334
2022-12-02,7.043700218200684
2022-12-05,7.023900032043457
2022-12-06,6.960899829864502
2022-12-07,6.994900226593018
2022-12-08,6.972599983215332
2022-12-09,6.966300010681152
2022-12-12,6.956600189208984
2022-12-13,6.976500034332275
2022-12-14,6.943399906158447
2022-12-15,6.949900150299072
2022-12-16,6.9721999168396
2022-12-19,6.972099781036377
2022-12-20,6.978600025177002
2022-12-21,6.9608001708984375
2022-12-22,6.980599880218506
2022-12-23,6.982999801635742
2022-12-26,6.988699913024902
2022-12-27,6.96120023727417
2022-12-28,6.959000110626221
2022-12-29,6.97760009765625
2022-12-30,6.963099956512451
2023-01-02,6.896900177001953
2023-01-03,6.89709997177124
2023-01-04,6.914100170135498
2023-01-05,6.887800216674805
2023-01-06,6.881499767303467
2023-01-09,6.837399959564209
2023-01-10,6.770999908447266
2023-01-11,6.777400016784668
2023-01-12,6.769000053405762
2023-01-13,6.737800121307373
2023-01-16,6.7017998695373535
2023-01-17,6.732500076293945
2023-01-18,6.77239990234375
2023-01-19,6.747099876403809
2023-01-20,6.7758002281188965
2023-01-23,6.782599925994873
2023-01-24,6.7829999923706055
2023-01-25,6.7835001945495605
2023-01-26,6.782899856567383
2023-01-27,6.78249979019165
2023-01-30,6.782400131225586
2023-01-31,6.747799873352051
2023-02-01,6.753600120544434
2023-02-02,6.740799903869629
2023-02-03,6.731500148773193
2023-02-06,6.774199962615967
2023-02-07,6.794000148773193
2023-02-08,6.791200160980225
2023-02-09,6.7881999015808105
2023-02-10,6.779699802398682
2023-02-13,6.808300018310547
2023-02-14,6.821899890899658
2023-02-15,6.825900077819824
2023-02-16,6.851900100708008
2023-02-17,6.8597002029418945
2023-02-20,6.857600212097168
2023-02-21,6.854100227355957
2023-02-22,6.872499942779541
2023-02-23,6.891300201416016
2023-02-24,6.9070000648498535
2023-02-27,6.954999923706055
2023-02-28,6.943900108337402
2023-03-01,6.932300090789795
2023-03-02,6.868000030517578
2023-03-03,6.91379976272583
2023-03-06,6.906799793243408
2023-03-07,6.9293999671936035
2023-03-08,6.961400032043457
2023-03-09,6.950300216674805
2023-03-10,6.963600158691406
2023-03-13,6.905200004577637
2023-03-14,6.844600200653076
2023-03-15,6.870500087738037
2023-03-16,6.905900001525879
2023-03-17,6.897500038146973
2023-03-20,6.886099815368652
2023-03-21,6.877699851989746
2023-03-22,6.882999897003174
2023-03-23,6.879199981689453
2023-03-24,6.818399906158447
2023-03-26,6.867000102996826
2023-03-27,6.884399890899658
2023-03-28,6.873300075531006
2023-03-29,6.8856000900268555
2023-03-30,6.8703999519348145
2023-04-02,6.868000030517578
2023-04-03,6.877299785614014
2023-04-04,6.878799915313721
2023-04-05,6.878499984741211
2023-04-06,6.874899864196777
2023-04-09,6.86929988861084
2023-04-10,6.881100177764893
2023-04-11,6.885499954223633
2023-04-12,6.873700141906738
2023-04-13,6.867800235748291
2023-04-16,6.8703999519348145
2023-04-17,6.878799915313721
2023-04-18,6.874899864196777
2023-04-19,6.8850998878479
2023-04-20,6.872099876403809
2023-04-23,6.892499923706055
2023-04-24,6.894899845123291
2023-04-25,6.931600093841553
2023-04-26,6.92579984664917
2023-04-27,6.922299861907959
2023-04-30,6.911099910736084
2023-05-01,6.910999774932861
2023-05-02,6.910600185394287
2023-05-03,6.910600185394287
2023-05-04,6.905700206756592
2023-05-07,6.9095001220703125
2023-05-08,6.911499977111816
2023-05-09,6.919400215148926
2023-05-10,6.932199954986572
2023-05-11,6.947700023651123
2023-05-14,6.957300186157227
2023-05-15,6.951600074768066
2023-05-16,6.976600170135498
2023-05-17,6.997099876403809
2023-05-18,7.035099983215332
2023-05-21,7.006899833679199
2023-05-22,7.030900001525879
2023-05-23,7.056399822235107
2023-05-24,7.059800148010254
2023-05-25,7.077400207519531
2023-05-28,7.054800033569336
2023-05-29,7.072299957275391
2023-05-30,7.078999996185303
2023-05-31,7.110799789428711
2023-06-01,7.0929999351501465
2023-06-04,7.083799839019775
2023-06-05,7.105000019073486
2023-06-06,7.118800163269043
2023-06-07,7.128799915313721
2023-06-08,7.111199855804443
2023-06-11,7.127600193023682
2023-06-12,7.144599914550781
2023-06-13,7.166500091552734
2023-06-14,7.162600040435791
2023-06-15,7.119900226593018
2023-06-18,7.1255998611450195
2023-06-19,7.160399913787842
2023-06-20,7.180799961090088
2023-06-21,7.178400039672852
2023-06-22,7.178500175476074
2023-06-25,7.178500175476074
2023-06-26,7.236499786376953
2023-06-27,7.218699932098389
2023-06-28,7.2434000968933105
2023-06-29,7.251800060272217
2023-07-02,7.242400169372559
2023-07-03,7.239799976348877
2023-07-04,7.213500022888184
2023-07-05,7.246399879455566
2023-07-06,7.249199867248535
2023-07-09,7.211299896240234
2023-07-10,7.230599880218506
2023-07-11,7.209199905395508
2023-07-12,7.165299892425537
2023-07-13,7.150000095367432
2023-07-16,7.1402997970581055
2023-07-17,7.170599937438965
2023-07-18,7.179299831390381
2023-07-19,7.225900173187256
2023-07-20,7.176499843597412
2023-07-23,7.1778998374938965
2023-07-24,7.185299873352051
2023-07-25,7.13539981842041
2023-07-26,7.150000095367432
2023-07-27,7.173099994659424
2023-07-30,7.102799892425537
2023-07-31,7.095699787139893
2023-08-01,7.176499843597412
2023-08-02,7.190400123596191
2023-08-03,7.162799835205078
2023-08-06,7.131199836730957
2023-08-07,7.192299842834473
2023-08-08,7.215700149536133
2023-08-09,7.208600044250488
2023-08-10,7.214700222015381
2023-08-13,7.192299842834473
2023-08-14,7.257299900054932
2023-08-15,7.281499862670898
2023-08-16,7.296999931335449
2023-08-17,7.280399799346924
2023-08-20,7.280700206756592
2023-08-21,7.197999954223633
2023-08-22,7.292399883270264
2023-08-23,7.170499801635742
2023-08-24,7.276500225067139
2023-08-27,7.289000034332275
2023-08-28,7.289100170135498
2023-08-29,7.279399871826172
2023-08-30,7.283599853515625
2023-08-31,7.256899833679199
2023-09-03,7.140100002288818
2023-09-04,7.271900177001953
2023-09-05,7.303400039672852
2023-09-06,7.315899848937988
2023-09-07,7.3277997970581055
2023-09-10,7.232399940490723
2023-09-11,7.288000106811523
2023-09-12,7.290900230407715
2023-09-13,7.268799781799316
2023-09-14,7.275899887084961
2023-09-17,7.273900032043457
2023-09-18,7.290599822998047
2023-09-19,7.295599937438965
2023-09-20,7.285999774932861
2023-09-21,7.30649995803833
2023-09-24,7.297500133514404
2023-09-25,7.309899806976318
2023-09-26,7.310699939727783
2023-09-27,7.30810022354126
2023-09-28,7.299900054931641
2023-10-01,7.163599967956543
2023-10-02,7.179900169372559
2023-10-03,7.194300174713135
2023-10-04,7.200300216674805
2023-10-05,7.197700023651123
2023-10-08,7.30049991607666
2023-10-09,7.29040002822876
2023-10-10,7.295000076293945
2023-10-11,7.298699855804443
2023-10-12,7.301499843597412
2023-10-15,7.168099880218506
2023-10-16,7.309299945831299
2023-10-17,7.311699867248535
2023-10-18,7.313499927520752
2023-10-19,7.311200141906738
2023-10-22,7.315400123596191
2023-10-23,7.3140997886657715
2023-10-24,7.309000015258789
2023-10-25,7.315700054168701
2023-10-26,7.314899921417236
2023-10-30,7.158699989318848
2023-10-31,7.312099933624268
2023-11-01,7.315499782562256
2023-11-02,7.315899848937988
2023-11-03,7.3140997886657715
2023-11-06,7.298500061035156
2023-11-07,7.268599987030029
2023-11-08,7.27810001373291
2023-11-09,7.279300212860107
2023-11-10,7.282299995422363
2023-11-13,7.18179988861084
2023-11-14,7.289000034332275
2023-11-15,7.252099990844727
2023-11-16,7.245800018310547
2023-11-17,7.241000175476074
2023-11-20,7.209700107574463
2023-11-21,7.167500019073486
2023-11-22,7.086900234222412
2023-11-23,7.154200077056885
2023-11-24,7.0858001708984375
2023-11-27,7.081900119781494
2023-11-28,7.130300045013428
2023-11-29,7.063799858093262
2023-11-30,7.07889986038208
2023-12-01,7.075399875640869
2023-12-04,7.061800003051758
2023-12-05,7.135200023651123
2023-12-06,7.145599842071533
2023-12-07,7.144599914550781
2023-12-08,7.148799896240234
2023-12-11,7.1265997886657715
2023-12-12,7.174200057983398
2023-12-13,7.176000118255615
2023-12-14,7.1717000007629395
2023-12-15,7.066999912261963
2023-12-18,7.070499897003174
2023-12-19,7.131999969482422
2023-12-20,7.067599773406982
2023-12-21,7.134099960327148
2023-12-22,7.138500213623047
2023-12-25,7.0833001136779785
2023-12-26,7.135499954223633
2023-12-27,7.142399787902832
2023-12-28,7.140200138092041
2023-12-29,7.10699987411499
2024-01-01,7.068600177764893
2024-01-02,7.068600177764893
2024-01-03,7.089600086212158
2024-01-04,7.098899841308594
2024-01-05,7.110000133514404
2024-01-08,7.09250020980835
2024-01-09,7.090000152587891
2024-01-10,7.101600170135498
2024-01-11,7.170400142669678
2024-01-12,7.103099822998047
2024-01-15,7.100599765777588
2024-01-16,7.0970001220703125
2024-01-17,7.116499900817871
2024-01-18,7.114500045776367
2024-01-19,7.114999771118164
2024-01-22,7.107100009918213
2024-01-23,7.192699909210205
2024-01-24,7.077600002288818
2024-01-25,7.081999778747559
2024-01-26,7.081099987030029
2024-01-29,7.086599826812744
2024-01-30,7.084499835968018
2024-01-31,7.094099998474121
2024-02-01,7.1006999015808105
2024-02-02,7.088500022888184
2024-02-05,7.112599849700928
2024-02-06,7.108500003814697
2024-02-07,7.100100040435791
2024-02-08,7.101099967956543
2024-02-09,7.10699987411499
2024-02-12,7.178999900817871
2024-02-13,7.192200183868408
2024-02-14,7.188700199127197
2024-02-15,7.175899982452393
2024-02-16,7.163899898529053
2024-02-19,7.118599891662598
2024-02-20,7.197199821472168
2024-02-21,7.189700126647949
2024-02-22,7.1880998611450195
2024-02-23,7.193299770355225
2024-02-26,7.194399833679199
2024-02-27,7.196300029754639
2024-02-28,7.197400093078613
2024-02-29,7.196000099182129
2024-03-01,7.18720006942749
2024-03-04,7.195799827575684
2024-03-05,7.19890022277832
2024-03-06,7.196000099182129
2024-03-07,7.195899963378906
2024-03-08,7.192299842834473
2024-03-11,7.185200214385986
2024-03-12,7.183800220489502
2024-03-13,7.181000232696533
2024-03-14,7.186600208282471
2024-03-15,7.192200183868408
2024-03-18,7.195000171661377
2024-03-19,7.197199821472168
2024-03-20,7.197999954223633
2024-03-21,7.1975998878479
2024-03-22,7.198200225830078
2024-03-25,7.228099822998047
2024-03-26,7.208399772644043
2024-03-27,7.217700004577637
2024-03-28,7.225800037384033
2024-03-29,7.226500034332275
2024-03-31,7.220300197601318
2024-04-01,7.229700088500977
2024-04-02,7.232399940490723
2024-04-03,7.234399795532227
2024-04-04,7.23390007019043
2024-04-07,7.231400012969971
2024-04-08,7.229700088500977
2024-04-09,7.2307000160217285
2024-04-10,7.231500148773193
2024-04-11,7.235899925231934
2024-04-14,7.235599994659424
2024-04-15,7.236999988555908
2024-04-16,7.236199855804443
2024-04-17,7.237400054931641
2024-04-18,7.236700057983398
2024-04-21,7.2393999099731445
2024-04-22,7.242499828338623
2024-04-23,7.244500160217285
2024-04-24,7.244200229644775
2024-04-25,7.23859977722168
2024-04-28,7.24459981918335
2024-04-29,7.23769998550415
2024-04-30,7.240699768066406
2024-05-01,7.2399001121521
2024-05-02,7.238399982452393
2024-05-05,7.236199855804443
2024-05-06,7.208000183105469
2024-05-07,7.218400001525879
2024-05-08,7.223800182342529
2024-05-09,7.218699932098389
2024-05-12,7.225800037384033
2024-05-13,7.2322998046875
2024-05-14,7.2322998046875
2024-05-15,7.217700004577637
2024-05-16,7.2170000076293945
2024-05-19,7.222700119018555
2024-05-20,7.2316999435424805
2024-05-21,7.237599849700928
2024-05-22,7.240300178527832
2024-05-23,7.241499900817871
2024-05-26,7.241499900817871
2024-05-27,7.241499900817871
2024-05-28,7.244999885559082
2024-05-29,7.2494001388549805
2024-05-30,7.233500003814697
2024-06-02,7.241000175476074
2024-06-03,7.242000102996826
2024-06-04,7.242000102996826
2024-06-05,7.246699810028076
2024-06-06,7.244100093841553
2024-06-09,7.246799945831299
2024-06-10,7.246799945831299
2024-06-11,7.246699810028076
2024-06-12,7.238100051879883
2024-06-13,7.2515997886657715
2024-06-16,7.254300117492676
2024-06-17,7.255000114440918
2024-06-18,7.252699851989746
2024-06-19,7.25629997253418
2024-06-20,7.259099960327148
2024-06-23,7.259200096130371
2024-06-24,7.257699966430664
2024-06-25,7.26140022277832
2024-06-26,7.263500213623047
2024-06-27,7.267199993133545
2024-06-30,7.2657999992370605
2024-07-01,7.266900062561035
2024-07-02,7.269400119781494
2024-07-03,7.268599987030029
2024-07-04,7.2657999992370605
2024-07-07,7.2677998542785645
2024-07-08,7.267099857330322
2024-07-09,7.271699905395508
2024-07-10,7.274499893188477
2024-07-11,7.254799842834473
2024-07-14,7.2494001388549805
2024-07-15,7.258900165557861
2024-07-16,7.2606000900268555
2024-07-17,7.259399890899658
2024-07-18,7.258900165557861
2024-07-21,7.269000053405762
2024-07-22,7.27269983291626
2024-07-23,7.2743000984191895
2024-07-24,7.261199951171875
2024-07-25,7.230100154876709
2024-07-28,7.250100135803223
2024-07-29,7.258299827575684
2024-07-30,7.250699996948242
2024-07-31,7.217199802398682
2024-08-01,7.242800235748291
2024-08-04,7.157199859619141
2024-08-05,7.120200157165527
2024-08-06,7.156300067901611
2024-08-07,7.180300235748291
2024-08-08,7.173699855804443
2024-08-11,7.166299819946289
2024-08-12,7.173999786376953
2024-08-13,7.152900218963623
2024-08-14,7.13730001449585
2024-08-15,7.173399925231934
2024-08-18,7.164000034332275
2024-08-19,7.140500068664551
2024-08-20,7.131999969482422
2024-08-21,7.131800174713135
2024-08-22,7.144400119781494
2024-08-25,7.124000072479248
2024-08-26,7.118100166320801
2024-08-27,7.1230998039245605
2024-08-28,7.124300003051758
2024-08-29,7.0954999923706055
2024-09-01,7.092100143432617
2024-09-02,7.116600036621094
2024-09-03,7.1203999519348145
2024-09-04,7.1118998527526855
2024-09-05,7.091300010681152
2024-09-08,7.087900161743164
2024-09-09,7.11359977722168
2024-09-10,7.120800018310547
2024-09-11,7.119699954986572
2024-09-12,7.116600036621094
2024-09-15,7.092700004577637
2024-09-16,7.09250020980835
2024-09-17,7.09250020980835
2024-09-18,7.080999851226807
2024-09-19,7.066999912261963
2024-09-22,7.050899982452393
2024-09-23,7.051300048828125
2024-09-24,7.030200004577637
2024-09-25,7.032299995422363
2024-09-26,7.008999824523926
2024-09-29,7.010300159454346
2024-09-30,7.017499923706055
2024-10-01,7.030399799346924
2024-10-02,7.037700176239014
2024-10-03,7.045100212097168
2024-10-06,7.017499923706055
2024-10-07,7.019100189208984
2024-10-08,7.057799816131592
2024-10-09,7.080100059509277
2024-10-10,7.080100059509277
2024-10-13,7.065199851989746
2024-10-14,7.087200164794922
2024-10-15,7.117800235748291
2024-10-16,7.1184000968933105
2024-10-17,7.123000144958496
2024-10-20,7.100800037384033
2024-10-21,7.118000030517578
2024-10-22,7.121699810028076
2024-10-23,7.12529993057251
2024-10-24,7.11870002746582
2024-10-28,7.120100021362305
2024-10-29,7.127500057220459
2024-10-30,7.130099773406982
2024-10-31,7.114799976348877
2024-11-01,7.118500232696533
2024-11-04,7.121699810028076
2024-11-05,7.097799777984619
2024-11-06,7.102200031280518
2024-11-07,7.1768999099731445
2024-11-08,7.141200065612793
2024-11-11,7.178199768066406
2024-11-12,7.211100101470947
2024-11-13,7.231599807739258
2024-11-14,7.223499774932861
2024-11-15,7.2291998863220215
2024-11-18,7.230999946594238
2024-11-19,7.235400199890137
2024-11-20,7.238100051879883
2024-11-21,7.24399995803833
2024-11-22,7.233699798583984
2024-11-25,7.242000102996826
2024-11-26,7.239500045776367
2024-11-27,7.251999855041504
2024-11-28,7.246200084686279
2024-11-29,7.2428998947143555
2024-12-02,7.240699768066406
2024-12-03,7.270899772644043
2024-12-04,7.28380012512207
2024-12-05,7.263000011444092
2024-12-06,7.259200096130371
2024-12-09,7.2692999839782715
2024-12-10,7.259500026702881
2024-12-11,7.248700141906738
2024-12-12,7.261099815368652
2024-12-13,7.267600059509277
2024-12-16,7.275100231170654
2024-12-17,7.282400131225586
2024-12-18,7.284599781036377
2024-12-19,7.285399913787842
2024-12-20,7.295400142669678
2024-12-23,7.295400142669678
2024-12-24,7.296999931335449
2024-12-25,7.294600009918213
2024-12-26,7.2972002029418945
2024-12-27,7.297299861907959
2024-12-30,7.297800064086914
2024-12-31,7.298099994659424
2025-01-02,7.298099994659424
2025-01-03,7.298600196838379
2025-01-06,7.3196001052856445
2025-01-07,7.322299957275391
2025-01-08,7.326399803161621
2025-01-09,7.331500053405762
2025-01-10,7.332099914550781
2025-01-13,7.331699848175049
2025-01-14,7.329800128936768
2025-01-15,7.330900192260742
2025-01-16,7.330100059509277
2025-01-17,7.330999851226807
2025-01-20,7.323999881744385
2025-01-21,7.313300132751465
2025-01-22,7.271200180053711
2025-01-23,7.271200180053711
2025-01-24,7.286200046539307
2025-01-27,7.243100166320801
2025-01-28,7.250699996948242
2025-01-29,7.250199794769287
2025-01-30,7.169000148773193
2025-01-31,7.1809000968933105
2025-02-03,7.185800075531006
2025-02-04,7.195000171661377
2025-02-05,7.1819000244140625
2025-02-06,7.270500183105469
2025-02-07,7.287799835205078
2025-02-10,7.286799907684326
2025-02-11,7.304500102996826
2025-02-12,7.307199954986572
2025-02-13,7.308800220489502
2025-02-14,7.28879976272583
2025-02-17,7.252999782562256
2025-02-18,7.252999782562256
2025-02-19,7.278600215911865
2025-02-20,7.283299922943115
2025-02-21,7.255499839782715
2025-02-24,7.25
2025-02-25,7.247600078582764
2025-02-26,7.247600078582764
2025-02-27,7.257999897003174
2025-02-28,7.285299777984619
2025-03-03,7.282800197601318
2025-03-04,7.284299850463867
2025-03-05,7.265100002288818
2025-03-06,7.2505998611450195
2025-03-07,7.2505998611450195
2025-03-10,7.234000205993652
2025-03-11,7.259099960327148
2025-03-12,7.259099960327148
2025-03-13,7.237100124359131
2025-03-14,7.237100124359131
2025-03-17,7.237100124359131
2025-03-18,7.232699871063232
2025-03-19,7.22730016708374
2025-03-20,7.230000019073486
2025-03-21,7.247700214385986
2025-03-24,7.248499870300293
2025-03-25,7.252999782562256
2025-03-26,7.256899833679199
2025-03-27,7.256899833679199
2025-03-28,7.263299942016602
2025-03-30,7.262800216674805
2025-03-31,7.256700038909912
2025-04-01,7.269700050354004
2025-04-02,7.267499923706055
2025-04-03,7.267499923706055
2025-04-06,7.281300067901611
2025-04-07,7.30810022354126
2025-04-08,7.338799953460693
2025-04-09,7.349999904632568
2025-04-10,7.314000129699707
2025-04-13,7.291600227355957
2025-04-14,7.3119001388549805
2025-04-15,7.3119001388549805
2025-04-16,7.3119001388549805
2025-04-21,7.298999786376953
2025-04-22,7.311800003051758
2025-04-23,7.285999774932861
2025-04-24,7.285999774932861
2025-04-27,7.286399841308594
2025-04-28,7.294000148773193
2025-04-29,7.269000053405762
2025-04-30,7.270599842071533
2025-05-01,7.270599842071533
2025-05-04,7.270599842071533
2025-05-05,7.269999980926514
2025-05-06,7.216300010681152
2025-05-07,7.225200176239014
2025-05-08,7.225200176239014
2025-05-11,7.236299991607666
2025-05-12,7.2017998695373535
2025-05-13,7.205699920654297
2025-05-14,7.205699920654297
2025-05-15,7.206500053405762
2025-05-18,7.209000110626221
2025-05-19,7.209000110626221
2025-05-20,7.219399929046631
2025-05-21,7.201900005340576
2025-05-22,7.203700065612793
2025-05-25,7.203700065612793
2025-05-26,7.203700065612793
2025-05-27,7.203700065612793
2025-05-28,7.203700065612793
2025-05-29,7.203700065612793
2025-06-01,7.203700065612793
2025-06-02,7.203700065612793
2025-06-03,7.203700065612793
2025-06-04,7.203700065612793
2025-06-05,7.175000190734863
2025-06-08,7.188600063323975
2025-06-09,7.180200099945068
2025-06-10,7.180200099945068
2025-06-11,7.192800045013428
2025-06-12,7.192800045013428
2025-06-15,7.181000232696533
2025-06-16,7.178999900817871
2025-06-17,7.184500217437744
2025-06-18,7.188799858093262
2025-06-19,7.188000202178955
2025-06-22,7.188000202178955
2025-06-23,7.178999900817871
2025-06-24,7.171299934387207
2025-06-25,7.176400184631348
2025-06-26,7.167500019073486
2025-06-29,7.172100067138672
2025-06-30,7.163599967956543
2025-07-01,7.1645002365112305
2025-07-02,7.164899826049805
2025-07-03,7.164899826049805
2025-07-06,7.164899826049805
2025-07-07,7.1743998527526855
2025-07-08,7.173799991607666
2025-07-09,7.179999828338623
2025-07-10,7.174799919128418
2025-07-13,7.168099880218506
2025-07-14,7.166999816894531
2025-07-15,7.172900199890137
2025-07-16,7.178500175476074
2025-07-17,7.183199882507324
2025-07-20,7.177700042724609
2025-07-21,7.17549991607666
2025-07-22,7.174300193786621
2025-07-23,7.1595001220703125
2025-07-24,7.153500080108643
2025-07-27,7.153500080108643
2025-07-28,7.177800178527832
2025-07-29,7.176400184631348
2025-07-30,7.176400184631348
2025-07-31,7.200200080871582
2025-08-03,7.211599826812744
2025-08-04,7.177999973297119
2025-08-05,7.1834001541137695
2025-08-06,7.182799816131592
2025-08-07,7.181000232696533
2025-08-10,7.181000232696533
2025-08-11,7.187699794769287
2025-08-12,7.178500175476074
2025-08-13,7.174300193786621
2025-08-14,7.179500102996826
2025-08-17,7.181700229644775
2025-08-18,7.184599876403809
2025-08-19,7.1819000244140625
2025-08-20,7.1757001876831055
2025-08-21,7.179900169372559
2025-08-24,7.167500019073486
2025-08-25,7.151000022888184
2025-08-26,7.1519999504089355
2025-08-27,7.1529998779296875
2025-08-28,7.1529998779296875
2025-08-31,7.13040018081665
2025-09-01,7.13040018081665
2025-09-02,7.138999938964844
2025-09-03,7.14139986038208
2025-09-04,7.14139986038208
2025-09-07,7.132500171661377
2025-09-08,7.129300117492676
2025-09-09,7.1209001541137695
2025-09-10,7.120699882507324
2025-09-11,7.1184000968933105
2025-09-14,7.124199867248535
2025-09-15,7.118500232696533
2025-09-16,7.114200115203857
2025-09-17,7.103300094604492
2025-09-18,7.1128997802734375
2025-09-21,7.1128997802734375
2025-09-22,7.113999843597412
2025-09-23,7.111599922180176
2025-09-24,7.131499767303467
2025-09-25,7.133800029754639
2025-09-28,7.132800102233887
2025-09-29,7.1194000244140625
2025-09-30,7.11899995803833
2025-10-01,7.11899995803833
2025-10-02,7.11899995803833
2025-10-05,7.11899995803833
2025-10-06,7.11899995803833
2025-10-07,7.11899995803833
2025-10-08,7.118500232696533
2025-10-09,7.127500057220459
2025-10-12,7.099999904632568
2025-10-13,7.099999904632568
2025-10-14,7.138400077819824
2025-10-15,7.126200199127197
2025-10-16,7.123000144958496
2025-10-19,7.126399993896484
2025-10-20,7.119500160217285
2025-10-21,7.121799945831299
2025-10-22,7.125699996948242
2025-10-23,7.125699996948242
2025-10-27,7.121099948883057
2025-10-28,7.110199928283691
2025-10-29,7.098800182342529
2025-10-30,7.098999977111816
2025-10-31,7.109799861907959
2025-11-03,7.1168999671936035
2025-11-04,7.171800136566162
2025-11-05,7.129499912261963
2025-11-06,7.125999927520752
2025-11-07,7.118599891662598
2025-11-10,7.118599891662598
2025-11-11,7.11929988861084
2025-11-12,7.11929988861084
2025-11-13,7.11929988861084
2025-11-14,7.111999988555908
2025-11-17,7.0991997718811035
2025-11-18,7.107500076293945
2025-11-19,7.107500076293945
2025-11-20,7.107500076293945
2025-11-21,7.107500076293945
2025-11-24,7.106599807739258
2025-11-25,7.102200031280518
2025-11-26,7.084499835968018
2025-11-27,7.075799942016602
2025-11-28,7.075799942016602
2025-12-01,7.075099945068359
2025-12-02,7.071700096130371
2025-12-03,7.070000171661377
2025-12-04,7.063600063323975
2025-12-05,7.071400165557861
2025-12-08,7.0696001052856445
2025-12-09,7.071000099182129
2025-12-10,7.063300132751465
2025-12-11,7.064000129699707
2025-12-12,7.0578999519348145
2025-12-15,7.053999900817871
2025-12-16,7.046999931335449
2025-12-17,7.0416998863220215
2025-12-18,7.043000221252441
2025-12-19,7.040500164031982
2025-12-22,7.040900230407715
2025-12-23,7.040900230407715
2025-12-24,7.0279998779296875
2025-12-26,7.0279998779296875
2025-12-29,7.0279998779296875
2025-12-30,7.0055999755859375
2025-12-31,6.996099948883057
2026-01-02,6.996099948883057
2026-01-05,6.993100166320801
2026-01-06,6.98799991607666
2026-01-07,6.983399868011475
2026-01-08,6.996500015258789
2026-01-09,6.983500003814697
2026-01-12,6.977200031280518
2026-01-13,6.973100185394287
2026-01-14,6.977499961853027
2026-01-15,6.9730000495910645
2026-01-16,6.966000080108643
2026-01-19,6.968100070953369
2026-01-20,6.968100070953369
2026-01-21,6.95989990234375
2026-01-22,6.963699817657471
2026-01-23,6.972599983215332
2026-01-26,6.972599983215332
2026-01-27,6.95419979095459
2026-01-28,6.954500198364258
2026-01-29,6.954500198364258
2026-01-30,6.947999954223633
2026-02-02,6.951000213623047
2026-02-03,6.946300029754639
2026-02-04,6.937699794769287
2026-02-05,6.937699794769287
2026-02-06,6.93779993057251
2026-02-09,6.938799858093262
2026-02-10,6.921999931335449
2026-02-11,6.910600185394287
2026-02-12,6.912499904632568
2026-02-13,6.900100231170654
2026-02-16,6.9079999923706055
2026-02-17,6.9079999923706055
2026-02-18,6.9079999923706055
2026-02-19,6.9079999923706055
2026-02-20,6.908100128173828
2026-02-23,6.9079999923706055
2026-02-24,6.9079999923706055
2026-02-25,6.8831000328063965
2026-02-26,6.869200229644775
2026-02-27,6.84089994430542
2026-03-02,6.857900142669678
2026-03-03,6.881999969482422
2026-03-04,6.899700164794922
2026-03-05,6.896999835968018
2026-03-06,6.896999835968018
2026-03-09,6.896500110626221
2026-03-10,6.910999774932861
2026-03-11,6.876500129699707
2026-03-12,6.865499973297119
2026-03-13,6.868899822235107
2026-03-16,6.896100044250488
2026-03-17,6.95550012588501
2026-03-18,6.886300086975098
2026-03-19,6.872600078582764
2026-03-20,6.899799823760986
2026-03-23,6.885700225830078
2026-03-24,6.880000114440918
2026-03-25,6.8917999267578125
2026-03-26,6.901000022888184
2026-03-27,6.910699844360352
2026-03-29,6.911600112915039
2026-03-30,6.911600112915039
2026-03-31,6.894199848175049
2026-04-01,6.870500087738037
2026-04-02,6.8850998878479
2026-04-05,6.882400035858154
2026-04-06,6.882299900054932
2026-04-07,6.8566999435424805
2026-04-08,6.828700065612793
2026-04-09,6.831399917602539
2026-04-12,6.8277997970581055
2026-04-13,6.8302998542785645
2026-04-14,6.815700054168701
2026-04-15,6.817999839782715
2026-04-16,6.821100234985352
2026-04-19,6.816999912261963
2026-04-20,6.817399978637695
2026-04-21,6.820799827575684
2026-04-22,6.82420015335083
2026-04-23,6.826000213623047
2026-04-26,6.835899829864502
2026-04-27,6.822800159454346
2026-04-28,6.837399959564209
2026-04-29,6.837500095367432
2026-04-30,6.827300071716309
2026-05-03,6.827499866485596
2026-05-04,6.829999923706055
2026-05-05,6.830100059509277
2026-05-06,6.810999870300293
2026-05-07,6.801400184631348
2026-05-10,6.80049991607666
2026-05-11,6.7947998046875
2026-05-12,6.791999816894531
2026-05-13,6.790800094604492
2026-05-14,6.785099983215332
2026-05-17,6.809199810028076
2026-05-18,6.800000190734863
2026-05-20,6.80049991607666
