date,Open,High,Low,Close,Volume,Adj Close
2010-12-31,412.07000732421875,412.7799987792969,409.6400146484375,411.82000732421875,0,411.620849609375
2011-01-03,414.760009765625,419.55999755859375,413.3999938964844,415.04998779296875,0,414.8492431640625
2011-01-04,416.80999755859375,418.3299865722656,411.2300109863281,415.5799865722656,0,415.3789978027344
2011-01-05,414.3500061035156,417.9700012207031,412.20001220703125,417.0899963378906,0,416.8882751464844
2011-01-06,418.3999938964844,424.989990234375,418.2900085449219,424.7699890136719,0,424.5645446777344
2011-01-07,425.5199890136719,427.4800109863281,418.82000732421875,425.760009765625,0,425.5541076660156
2011-01-10,424.6000061035156,430.8500061035156,423.0799865722656,430.1700134277344,0,429.96197509765625
2011-01-11,431.54998779296875,432.4100036621094,428.4700012207031,431.5199890136719,0,431.311279296875
2011-01-12,433.7300109863281,440.0199890136719,431.75,440.010009765625,0,439.7972106933594
2011-01-13,439.5199890136719,442.0,436.92999267578125,439.82000732421875,0,439.6072998046875
2011-01-14,442.010009765625,451.5899963378906,441.1000061035156,451.5899963378906,0,451.37158203125
2011-01-18,449.7300109863281,451.7300109863281,447.6000061035156,449.92999267578125,0,449.71240234375
2011-01-19,445.1400146484375,446.9200134277344,438.4599914550781,439.3299865722656,0,439.1175231933594
2011-01-20,436.04998779296875,436.04998779296875,428.8299865722656,434.7699890136719,0,434.5597229003906
2011-01-21,437.6099853515625,439.04998779296875,431.1000061035156,431.6499938964844,0,431.44122314453125
2011-01-24,434.0299987792969,442.44000244140625,432.9700012207031,442.4200134277344,0,442.2060546875
2011-01-25,440.94000244140625,441.7900085449219,435.6000061035156,439.1199951171875,0,438.9076232910156
2011-01-26,441.2099914550781,443.8399963378906,437.8699951171875,442.94000244140625,0,442.72576904296875
2011-01-27,445.4100036621094,452.04998779296875,445.3800048828125,451.2799987792969,0,451.0617370605469
2011-01-28,451.2799987792969,451.2799987792969,435.4599914550781,438.6099853515625,0,438.3978576660156
2011-01-31,439.9800109863281,442.75,436.3999938964844,440.510009765625,0,440.2969665527344
2011-02-01,445.05999755859375,453.5899963378906,445.010009765625,451.8299865722656,0,451.6114807128906
2011-02-02,449.0299987792969,455.8399963378906,448.510009765625,453.9100036621094,0,453.69049072265625
2011-02-03,454.2799987792969,454.8999938964844,449.19000244140625,453.6600036621094,0,453.44061279296875
2011-02-04,454.69000244140625,463.1499938964844,454.489990234375,463.1099853515625,0,462.8860168457031
2011-02-07,463.9700012207031,466.3399963378906,459.4100036621094,461.25,0,461.02691650390625
2011-02-08,462.1499938964844,462.1499938964844,457.239990234375,460.8999938964844,0,460.6770935058594
2011-02-09,460.3999938964844,460.95001220703125,455.9800109863281,457.6000061035156,0,457.3786926269531
2011-02-10,453.7900085449219,459.55999755859375,451.3800048828125,459.25,0,459.02789306640625
2011-02-11,457.3599853515625,464.3399963378906,455.5299987792969,462.82000732421875,0,462.5961608886719
2011-02-14,464.0199890136719,469.739990234375,463.7699890136719,466.3999938964844,0,466.1744384765625
2011-02-15,465.239990234375,465.3599853515625,459.7300109863281,461.3800048828125,0,461.1568603515625
2011-02-16,463.5,467.8500061035156,463.04998779296875,466.55999755859375,0,466.3343505859375
2011-02-17,464.42999267578125,474.0799865722656,464.2799987792969,473.2200012207031,0,472.99114990234375
2011-02-18,473.9800109863281,474.3299865722656,469.6300048828125,471.4599914550781,0,471.2319641113281
2011-02-22,464.3500061035156,464.4100036621094,451.7799987792969,452.80999755859375,0,452.59100341796875
2011-02-23,452.94000244140625,453.010009765625,438.6000061035156,444.2699890136719,0,444.05511474609375
2011-02-24,445.2799987792969,452.8900146484375,442.989990234375,451.8999938964844,0,451.6814270019531
2011-02-25,456.1099853515625,463.8699951171875,456.1000061035156,463.69000244140625,0,463.46575927734375
2011-02-28,464.94000244140625,466.5899963378906,453.6700134277344,458.6199951171875,0,458.398193359375
2011-03-01,459.4100036621094,461.55999755859375,449.2300109863281,449.7799987792969,0,449.5624694824219
2011-03-02,449.7900085449219,461.4599914550781,449.739990234375,456.0899963378906,0,455.8694152832031
2011-03-03,460.6499938964844,466.2099914550781,460.6499938964844,464.7699890136719,0,464.5451965332031
2011-03-04,463.1400146484375,463.69000244140625,456.80999755859375,459.82000732421875,0,459.5976257324219
2011-03-07,460.57000732421875,460.8500061035156,442.54998779296875,447.3500061035156,0,447.1336669921875
2011-03-08,447.6400146484375,452.44000244140625,443.3500061035156,447.94000244140625,0,447.7233581542969
2011-03-09,445.6700134277344,445.6700134277344,433.6199951171875,434.3500061035156,0,434.13995361328125
2011-03-10,427.3699951171875,429.989990234375,422.8500061035156,423.7300109863281,0,423.52508544921875
2011-03-11,421.29998779296875,428.989990234375,421.0400085449219,427.9100036621094,0,427.70306396484375
2011-03-14,425.5199890136719,432.3299865722656,424.04998779296875,427.1700134277344,0,426.9634094238281
2011-03-15,412.67999267578125,424.6300048828125,408.69000244140625,421.7900085449219,0,421.5860290527344
2011-03-16,419.9800109863281,426.55999755859375,409.5299987792969,412.44000244140625,0,412.24053955078125
2011-03-17,418.8900146484375,422.8900146484375,416.1300048828125,417.9700012207031,0,417.7678527832031
2011-03-18,423.2200012207031,423.8900146484375,417.4100036621094,419.20001220703125,0,418.9972839355469
2011-03-21,423.8399963378906,429.2900085449219,423.7200012207031,426.7900085449219,0,426.5835876464844
2011-03-22,425.4200134277344,426.1000061035156,422.20001220703125,422.9100036621094,0,422.7054748535156
2011-03-23,421.0199890136719,427.6499938964844,418.6199951171875,426.94000244140625,0,426.7335205078125
2011-03-24,432.3399963378906,438.3699951171875,429.8399963378906,437.4100036621094,0,437.1984558105469
2011-03-25,438.2200012207031,440.9200134277344,435.94000244140625,436.2699890136719,0,436.0589904785156
2011-03-28,438.2200012207031,440.5799865722656,436.17999267578125,436.75,0,436.5387878417969
2011-03-29,435.5400085449219,441.1099853515625,432.5199890136719,441.0400085449219,0,440.82672119140625
2011-03-30,444.2300109863281,445.2699890136719,437.9200134277344,441.3800048828125,0,441.1665344238281
2011-03-31,441.3800048828125,442.17999267578125,435.9200134277344,437.3599853515625,0,437.1484680175781
2011-04-01,440.4700012207031,440.6499938964844,430.9800109863281,432.8500061035156,0,432.6406555175781
2011-04-04,434.1199951171875,434.2799987792969,426.2699890136719,429.04998779296875,0,428.8424987792969
2011-04-05,436.260009765625,441.8699951171875,435.5299987792969,438.7799987792969,0,438.5677795410156
2011-04-06,443.6099853515625,445.7099914550781,440.95001220703125,445.5,0,445.2845458984375
2011-04-07,444.7799987792969,445.44000244140625,438.6400146484375,443.25,0,443.03564453125
2011-04-08,446.3900146484375,447.25,438.29998779296875,439.5799865722656,0,439.3674011230469
2011-04-11,440.25,440.55999755859375,434.4599914550781,435.8800048828125,0,435.669189453125
2011-04-12,432.04998779296875,432.04998779296875,424.6000061035156,426.7799987792969,0,426.5736083984375
2011-04-13,429.989990234375,430.7200012207031,425.29998779296875,427.8900146484375,0,427.6830749511719
2011-04-14,424.8299865722656,428.6400146484375,422.010009765625,428.4100036621094,0,428.20281982421875
2011-04-15,427.4100036621094,432.3500061035156,425.0899963378906,431.2300109863281,0,431.0214538574219
2011-04-18,425.6000061035156,425.8900146484375,420.1499938964844,423.44000244140625,0,423.2351989746094
2011-04-19,423.4700012207031,425.510009765625,421.6300048828125,425.260009765625,0,425.0543518066406
2011-04-20,435.7300109863281,443.4700012207031,435.7300109863281,443.4200134277344,0,443.20556640625
2011-04-21,445.19000244140625,445.2200012207031,441.1400146484375,443.20001220703125,0,442.98565673828125
2011-04-25,442.4599914550781,445.69000244140625,441.7699890136719,443.4100036621094,0,443.195556640625
2011-04-26,444.6099853515625,451.1700134277344,443.4800109863281,450.4800109863281,0,450.26214599609375
2011-04-27,447.4599914550781,451.239990234375,445.1000061035156,450.6400146484375,0,450.42205810546875
2011-04-28,448.6199951171875,450.3999938964844,444.4100036621094,447.5400085449219,0,447.3235778808594
2011-04-29,447.4599914550781,450.5,447.0899963378906,449.55999755859375,0,449.34259033203125
2011-05-02,450.6199951171875,450.7900085449219,444.2200012207031,445.05999755859375,0,444.8447570800781
2011-05-03,443.8800048828125,444.30999755859375,436.7699890136719,439.42999267578125,0,439.21746826171875
2011-05-04,442.30999755859375,442.9200134277344,434.1700134277344,439.70001220703125,0,439.48736572265625
2011-05-05,437.30999755859375,444.9200134277344,436.4200134277344,440.3500061035156,0,440.13702392578125
2011-05-06,445.0,448.69000244140625,441.9200134277344,443.6600036621094,0,443.4454345703125
2011-05-09,443.75,443.7799987792969,439.4599914550781,442.3599853515625,0,442.14605712890625
2011-05-10,443.6499938964844,445.8399963378906,441.7699890136719,444.5899963378906,0,444.3749694824219
2011-05-11,443.8800048828125,446.75,438.25,440.8900146484375,0,440.6767883300781
2011-05-12,439.8500061035156,448.4700012207031,438.44000244140625,447.1300048828125,0,446.91375732421875
2011-05-13,445.1499938964844,447.44000244140625,440.7900085449219,440.95001220703125,0,440.73675537109375
2011-05-16,440.1300048828125,444.3800048828125,434.32000732421875,434.69000244140625,0,434.4797668457031
2011-05-17,432.05999755859375,432.05999755859375,425.4599914550781,429.4800109863281,0,429.2723083496094
2011-05-18,430.45001220703125,438.8399963378906,430.45001220703125,437.5899963378906,0,437.37835693359375
2011-05-19,435.7200012207031,435.739990234375,430.0199890136719,433.8699951171875,0,433.66015625
2011-05-20,432.92999267578125,435.0299987792969,430.25,432.55999755859375,0,432.3507995605469
2011-05-23,426.6300048828125,426.6300048828125,423.2900085449219,423.3399963378906,0,423.13525390625
2011-05-24,424.8900146484375,426.07000732421875,420.0,420.2099914550781,0,420.00677490234375
2011-05-25,418.8500061035156,425.5799865722656,417.8599853515625,424.2099914550781,0,424.00482177734375
2011-05-26,423.70001220703125,429.1400146484375,422.239990234375,428.239990234375,0,428.0328674316406
2011-05-27,431.2300109863281,434.4700012207031,431.2300109863281,433.0899963378906,0,432.88055419921875
2011-05-31,436.0199890136719,439.6400146484375,435.4200134277344,439.6000061035156,0,439.38739013671875
2011-06-01,438.25,438.4599914550781,426.1099853515625,426.2799987792969,0,426.0738220214844
2011-06-02,426.989990234375,430.4700012207031,424.1400146484375,426.4200134277344,0,426.2137756347656
2011-06-03,422.6199951171875,425.04998779296875,418.1499938964844,418.5199890136719,0,418.31756591796875
2011-06-06,418.1400146484375,419.95001220703125,415.0799865722656,415.3399963378906,0,415.1391296386719
2011-06-07,418.20001220703125,421.8500061035156,417.4200134277344,417.6400146484375,0,417.4380187988281
2011-06-08,415.4599914550781,415.6700134277344,407.7300109863281,408.94000244140625,0,408.7422180175781
2011-06-09,409.8699951171875,412.0400085449219,407.3900146484375,409.6199951171875,0,409.421875
2011-06-10,408.9100036621094,408.92999267578125,400.1000061035156,402.79998779296875,0,402.6051940917969
2011-06-13,403.7799987792969,405.3500061035156,397.7900085449219,399.0799865722656,0,398.8869934082031
2011-06-14,402.8800048828125,409.0299987792969,402.8800048828125,406.75,0,406.55328369140625
2011-06-15,402.57000732421875,405.2699890136719,398.30999755859375,398.44000244140625,0,398.247314453125
2011-06-16,398.9800109863281,399.3699951171875,390.69000244140625,393.8699951171875,0,393.67950439453125
2011-06-17,397.1000061035156,397.760009765625,387.1000061035156,388.2099914550781,0,388.0222473144531
2011-06-20,387.6000061035156,390.4200134277344,386.9599914550781,388.7300109863281,0,388.5420227050781
2011-06-21,390.6400146484375,399.30999755859375,389.0299987792969,398.6099853515625,0,398.4172058105469
2011-06-22,396.9599914550781,400.510009765625,395.3900146484375,396.7300109863281,0,396.53814697265625
2011-06-23,392.239990234375,402.8800048828125,389.3599853515625,402.55999755859375,0,402.36529541015625
2011-06-24,399.67999267578125,399.69000244140625,391.9700012207031,392.5,0,392.3101806640625
2011-06-27,392.2799987792969,397.3500061035156,389.2699890136719,395.2699890136719,0,395.0788269042969
2011-06-28,396.17999267578125,400.5299987792969,395.8699951171875,400.5199890136719,0,400.3262939453125
2011-06-29,401.67999267578125,402.4100036621094,397.3900146484375,400.1700134277344,0,399.9764709472656
2011-06-30,401.45001220703125,411.30999755859375,401.45001220703125,410.3500061035156,0,410.15155029296875
2011-07-01,411.25,419.6000061035156,409.0400085449219,419.1099853515625,0,418.90728759765625
2011-07-05,419.3599853515625,419.57000732421875,413.1099853515625,414.94000244140625,0,414.73931884765625
2011-07-06,413.6700134277344,413.7699890136719,408.489990234375,411.7900085449219,0,411.5908508300781
2011-07-07,415.6600036621094,422.55999755859375,414.6000061035156,420.3999938964844,0,420.1966857910156
2011-07-08,416.010009765625,416.1099853515625,409.67999267578125,413.79998779296875,0,413.599853515625
2011-07-11,409.4800109863281,414.9800109863281,405.4800109863281,406.7300109863281,0,406.5332946777344
2011-07-12,402.6600036621094,402.6600036621094,393.2099914550781,394.9599914550781,0,394.76898193359375
2011-07-13,397.6400146484375,400.1000061035156,392.4599914550781,393.8699951171875,0,393.67950439453125
2011-07-14,394.75,398.95001220703125,387.0400085449219,387.760009765625,0,387.5724792480469
2011-07-15,389.6499938964844,390.4100036621094,385.3399963378906,390.07000732421875,0,389.88134765625
2011-07-18,387.94000244140625,389.7900085449219,381.6199951171875,384.6300048828125,0,384.4440002441406
2011-07-19,388.82000732421875,398.1300048828125,388.82000732421875,397.4100036621094,0,397.2178039550781
2011-07-20,397.8500061035156,399.3399963378906,392.8399963378906,395.1099853515625,0,394.91888427734375
2011-07-21,393.54998779296875,399.9100036621094,389.2900085449219,398.8800048828125,0,398.6871032714844
2011-07-22,399.8500061035156,409.5400085449219,399.5199890136719,408.55999755859375,0,408.3623962402344
2011-07-25,403.44000244140625,405.79998779296875,400.239990234375,403.0799865722656,0,402.8850402832031
2011-07-26,405.17999267578125,411.1400146484375,405.17999267578125,406.4700012207031,0,406.2734069824219
2011-07-27,401.1499938964844,401.1499938964844,390.4100036621094,391.1300048828125,0,390.94085693359375
2011-07-28,390.760009765625,397.30999755859375,386.6300048828125,390.5299987792969,0,390.34112548828125
2011-07-29,384.4800109863281,390.8299865722656,382.0799865722656,386.94000244140625,0,386.75286865234375
2011-08-01,391.6199951171875,394.30999755859375,381.82000732421875,386.92999267578125,0,386.74285888671875
2011-08-02,382.8599853515625,386.5400085449219,375.1400146484375,375.1700134277344,0,374.9885559082031
2011-08-03,375.0199890136719,380.04998779296875,367.67999267578125,379.3900146484375,0,379.20654296875
2011-08-04,373.2799987792969,374.489990234375,357.2300109863281,357.32000732421875,0,357.1471862792969
2011-08-05,361.5299987792969,366.0400085449219,340.25,350.2200012207031,0,350.0506286621094
2011-08-08,339.19000244140625,344.9700012207031,329.8599853515625,331.3299865722656,0,331.16973876953125
2011-08-09,337.2900085449219,346.8500061035156,326.8800048828125,346.69000244140625,0,346.5223388671875
2011-08-10,340.2200012207031,350.6700134277344,335.07000732421875,339.5400085449219,0,339.37579345703125
2011-08-11,343.8599853515625,361.2099914550781,343.3500061035156,357.1199951171875,0,356.947265625
2011-08-12,360.0799865722656,362.989990234375,353.0400085449219,355.6199951171875,0,355.447998046875
2011-08-15,356.2099914550781,362.6499938964844,356.1700134277344,362.6499938964844,0,362.474609375
2011-08-16,358.0799865722656,361.70001220703125,351.0299987792969,355.4100036621094,0,355.2381286621094
2011-08-17,354.6400146484375,360.8399963378906,349.6700134277344,353.1000061035156,0,352.9292297363281
2011-08-18,343.1099853515625,343.1099853515625,329.95001220703125,332.2300109863281,0,332.0693359375
2011-08-19,330.20001220703125,339.70001220703125,325.4100036621094,326.32000732421875,0,326.1622009277344
2011-08-22,333.1600036621094,335.6000061035156,326.739990234375,328.94000244140625,0,328.7809143066406
2011-08-23,331.0400085449219,346.0899963378906,329.8599853515625,346.0899963378906,0,345.922607421875
2011-08-24,346.1000061035156,348.67999267578125,338.6400146484375,345.69000244140625,0,345.5228271484375
2011-08-25,344.239990234375,347.80999755859375,335.739990234375,336.3299865722656,0,336.1673278808594
2011-08-26,335.55999755859375,347.3999938964844,331.42999267578125,345.7799987792969,0,345.6127624511719
2011-08-29,350.010009765625,358.45001220703125,349.9700012207031,358.44000244140625,0,358.26666259765625
2011-08-30,355.54998779296875,360.3999938964844,353.1199951171875,358.2300109863281,0,358.0567626953125
2011-08-31,360.6099853515625,363.6300048828125,353.1499938964844,355.7900085449219,0,355.6179504394531
2011-09-01,356.760009765625,359.20001220703125,349.5199890136719,349.8500061035156,0,349.6808166503906
2011-09-02,343.1499938964844,345.07000732421875,339.6199951171875,341.4599914550781,0,341.29486083984375
2011-09-06,331.80999755859375,339.6199951171875,331.0299987792969,339.0899963378906,0,338.9259948730469
2011-09-07,346.010009765625,354.42999267578125,346.010009765625,354.260009765625,0,354.08868408203125
2011-09-08,351.8900146484375,361.1099853515625,350.3299865722656,352.1499938964844,0,351.97967529296875
2011-09-09,349.7099914550781,357.9200134277344,346.1600036621094,348.3999938964844,0,348.23150634765625
2011-09-12,347.8699951171875,358.9599914550781,347.1300048828125,358.9599914550781,0,358.786376953125
2011-09-13,359.92999267578125,367.239990234375,358.45001220703125,366.1700134277344,0,365.992919921875
2011-09-14,368.8699951171875,379.739990234375,366.6700134277344,375.7300109863281,0,375.5483093261719
2011-09-15,379.7300109863281,382.1700134277344,376.30999755859375,381.0899963378906,0,380.90570068359375
2011-09-16,381.5,385.8399963378906,380.17999267578125,381.9100036621094,0,381.7253112792969
2011-09-19,375.3999938964844,379.7900085449219,371.3599853515625,377.489990234375,0,377.30743408203125
2011-09-20,378.80999755859375,380.3999938964844,372.54998779296875,372.760009765625,0,372.5797424316406
2011-09-21,374.3999938964844,377.25,365.2799987792969,365.3699951171875,0,365.19329833984375
2011-09-22,356.32000732421875,356.7099914550781,346.9100036621094,352.7799987792969,0,352.609375
2011-09-23,349.260009765625,361.3800048828125,349.07000732421875,359.95001220703125,0,359.77593994140625
2011-09-26,361.1300048828125,361.32000732421875,351.1300048828125,359.5,0,359.3261413574219
2011-09-27,364.6600036621094,373.69000244140625,363.79998779296875,366.010009765625,0,365.8330078125
2011-09-28,367.1499938964844,367.8599853515625,355.2699890136719,355.3599853515625,0,355.1881103515625
2011-09-29,359.8900146484375,361.32000732421875,344.010009765625,350.82000732421875,0,350.65032958984375
2011-09-30,346.7799987792969,348.3999938964844,338.760009765625,338.82000732421875,0,338.6561279296875
2011-10-03,336.739990234375,340.4800109863281,326.1499938964844,326.3699951171875,0,326.212158203125
2011-10-04,323.1400146484375,340.3500061035156,322.239990234375,340.2300109863281,0,340.0654602050781
2011-10-05,339.3999938964844,351.69000244140625,335.5799865722656,350.7799987792969,0,350.6103515625
2011-10-06,350.7200012207031,355.30999755859375,346.1499938964844,355.1700134277344,0,354.99822998046875
2011-10-07,355.9599914550781,361.0799865722656,353.1600036621094,356.7300109863281,0,356.5574951171875
2011-10-10,362.260009765625,368.4100036621094,362.2200012207031,366.7900085449219,0,366.61260986328125
2011-10-11,364.69000244140625,367.489990234375,363.1499938964844,365.70001220703125,0,365.5231628417969
2011-10-12,368.3699951171875,373.010009765625,368.1499938964844,369.17999267578125,0,369.0014343261719
2011-10-13,367.8900146484375,377.489990234375,367.3900146484375,376.6000061035156,0,376.4178771972656
2011-10-14,379.8399963378906,381.2900085449219,374.44000244140625,380.8599853515625,0,380.67578125
2011-10-17,377.8599853515625,378.32000732421875,369.2699890136719,370.30999755859375,0,370.1308898925781
2011-10-18,370.2900085449219,379.55999755859375,366.44000244140625,378.6600036621094,0,378.47686767578125
2011-10-19,377.2699890136719,377.4800109863281,369.3699951171875,370.1600036621094,0,369.9809875488281
2011-10-20,366.739990234375,366.739990234375,356.9700012207031,363.8800048828125,0,363.7040100097656
2011-10-21,368.9599914550781,376.82000732421875,368.9599914550781,372.1000061035156,0,371.9200439453125
2011-10-24,373.5,385.1300048828125,373.4700012207031,384.6499938964844,0,384.4639587402344
2011-10-25,381.5400085449219,384.6600036621094,376.8699951171875,377.4599914550781,0,377.2774353027344
2011-10-26,381.1099853515625,383.6600036621094,371.3900146484375,379.4800109863281,0,379.2964782714844
2011-10-27,388.82000732421875,398.0199890136719,387.7099914550781,395.739990234375,0,395.548583984375
2011-10-28,393.5199890136719,396.6300048828125,392.70001220703125,396.3299865722656,0,396.1383056640625
2011-10-31,392.2699890136719,392.4800109863281,386.4200134277344,386.489990234375,0,386.3030700683594
2011-11-01,376.1099853515625,378.510009765625,371.7900085449219,374.04998779296875,0,373.86907958984375
2011-11-02,377.510009765625,379.2200012207031,372.8699951171875,375.8800048828125,0,375.6982116699219
2011-11-03,379.94000244140625,387.7799987792969,371.9200134277344,387.1499938964844,0,386.9627685546875
2011-11-04,383.8999938964844,392.8399963378906,383.79998779296875,391.4800109863281,0,391.2906799316406
2011-11-07,389.79998779296875,391.8699951171875,383.82000732421875,390.8699951171875,0,390.68096923828125
2011-11-08,393.260009765625,394.9700012207031,386.7099914550781,393.2200012207031,0,393.0298156738281
2011-11-09,384.0199890136719,384.07000732421875,374.3599853515625,375.0400085449219,0,374.8586120605469
2011-11-10,379.7900085449219,380.7900085449219,372.5400085449219,378.1499938964844,0,377.96710205078125
2011-11-11,382.8800048828125,392.989990234375,382.5799865722656,391.6000061035156,0,391.4106140136719
2011-11-14,390.80999755859375,393.05999755859375,384.3599853515625,386.55999755859375,0,386.373046875
2011-11-15,385.69000244140625,394.3800048828125,385.260009765625,392.2300109863281,0,392.0403137207031
2011-11-16,388.7099914550781,396.05999755859375,386.8599853515625,389.9200134277344,0,389.7314453125
2011-11-17,388.3399963378906,388.4800109863281,370.5199890136719,374.3500061035156,0,374.1689453125
2011-11-18,376.2900085449219,376.69000244140625,369.6000061035156,371.25,0,371.0704650878906
2011-11-21,366.3999938964844,366.5299987792969,359.1700134277344,364.20001220703125,0,364.02386474609375
2011-11-22,362.9200134277344,366.6499938964844,357.5899963378906,359.6600036621094,0,359.4860534667969
2011-11-23,356.1099853515625,356.1300048828125,348.1099853515625,348.1700134277344,0,348.0016174316406
2011-11-25,347.1300048828125,351.5799865722656,344.05999755859375,344.1400146484375,0,343.97357177734375
2011-11-28,353.6400146484375,357.57000732421875,351.7300109863281,355.1700134277344,0,354.99822998046875
2011-11-29,355.7300109863281,358.2900085449219,351.7900085449219,352.6199951171875,0,352.449462890625
2011-11-30,361.1300048828125,373.5899963378906,361.1300048828125,373.32000732421875,0,373.13946533203125
2011-12-01,373.17999267578125,376.0799865722656,370.260009765625,375.30999755859375,0,375.12847900390625
2011-12-02,378.94000244140625,381.1000061035156,374.1700134277344,374.57000732421875,0,374.38885498046875
2011-12-05,379.94000244140625,381.8999938964844,375.9800109863281,378.1199951171875,0,377.9371337890625
2011-12-06,378.19000244140625,379.3699951171875,374.4599914550781,377.4100036621094,0,377.22747802734375
2011-12-07,376.30999755859375,382.8500061035156,372.2099914550781,381.8500061035156,0,381.66534423828125
2011-12-08,378.6700134277344,382.8599853515625,370.19000244140625,371.1300048828125,0,370.95050048828125
2011-12-09,367.55999755859375,377.0400085449219,364.6499938964844,375.6700134277344,0,375.48834228515625
2011-12-12,368.92999267578125,368.92999267578125,360.989990234375,365.1499938964844,0,364.973388671875
2011-12-13,367.57000732421875,369.2699890136719,354.75,356.5299987792969,0,356.3575744628906
2011-12-14,356.9700012207031,358.1700134277344,349.04998779296875,350.7300109863281,0,350.5603942871094
2011-12-15,356.3399963378906,357.1400146484375,348.7099914550781,350.0400085449219,0,349.8707275390625
2011-12-16,352.2900085449219,357.8299865722656,351.6499938964844,352.8599853515625,0,352.6893310546875
2011-12-19,353.5400085449219,354.5,342.739990234375,343.3599853515625,0,343.1939392089844
2011-12-20,349.7300109863281,359.6199951171875,349.7300109863281,358.7300109863281,0,358.5565185546875
2011-12-21,358.94000244140625,359.7099914550781,349.95001220703125,354.45001220703125,0,354.2785949707031
2011-12-22,355.989990234375,368.0299987792969,355.9800109863281,366.80999755859375,0,366.6325988769531
2011-12-23,367.9200134277344,368.82000732421875,364.2900085449219,368.6000061035156,0,368.4217529296875
2011-12-27,367.4800109863281,371.0199890136719,366.4700012207031,368.010009765625,0,367.83203125
2011-12-28,367.82000732421875,368.2900085449219,362.0799865722656,362.5899963378906,0,362.4146423339844
2011-12-29,363.989990234375,366.489990234375,362.2200012207031,365.92999267578125,0,365.7530212402344
2011-12-30,365.69000244140625,367.2200012207031,364.25,364.44000244140625,0,364.26373291015625
2012-01-03,371.6199951171875,374.8999938964844,367.9599914550781,368.6000061035156,0,368.4217529296875
2012-01-04,367.07000732421875,369.5199890136719,364.1400146484375,368.6600036621094,0,368.4817199707031
2012-01-05,368.3699951171875,374.5,367.5,374.1700134277344,0,373.9890441894531
2012-01-06,373.6700134277344,375.760009765625,371.1199951171875,375.2200012207031,0,375.0385437011719
2012-01-09,377.70001220703125,383.1700134277344,376.54998779296875,382.5899963378906,0,382.40496826171875
2012-01-10,387.0899963378906,388.3999938964844,384.4700012207031,386.2799987792969,0,386.0931701660156
2012-01-11,384.739990234375,388.6300048828125,383.9700012207031,387.8900146484375,0,387.7024230957031
2012-01-12,389.0299987792969,392.5199890136719,386.3399963378906,391.75,0,391.560546875
2012-01-13,389.3399963378906,389.3399963378906,382.8299865722656,383.4700012207031,0,383.2845458984375
2012-01-17,387.0400085449219,389.05999755859375,384.6300048828125,385.2200012207031,0,385.03369140625
2012-01-18,390.7900085449219,405.25,390.7900085449219,404.6000061035156,0,404.4043273925781
2012-01-19,407.30999755859375,412.8699951171875,407.2099914550781,412.1099853515625,0,411.9106750488281
2012-01-20,410.70001220703125,414.92999267578125,410.57000732421875,414.3399963378906,0,414.1396179199219
2012-01-23,414.07000732421875,416.1700134277344,410.0899963378906,413.0899963378906,0,412.89019775390625
2012-01-24,411.19000244140625,415.8699951171875,410.25,414.5400085449219,0,414.33953857421875
2012-01-25,414.5199890136719,417.239990234375,410.010009765625,416.45001220703125,0,416.24859619140625
2012-01-26,416.32000732421875,420.1300048828125,409.8500061035156,411.94000244140625,0,411.74078369140625
2012-01-27,410.239990234375,414.7300109863281,409.4599914550781,413.3399963378906,0,413.1401062011719
2012-01-30,407.9200134277344,409.94000244140625,404.4100036621094,408.739990234375,0,408.54229736328125
2012-01-31,411.75,412.739990234375,406.5,408.94000244140625,0,408.7422180175781
2012-02-01,414.6499938964844,421.3999938964844,413.0199890136719,418.739990234375,0,418.5374755859375
2012-02-02,419.3900146484375,423.6400146484375,418.5199890136719,420.55999755859375,0,420.3565979003906
2012-02-03,425.2900085449219,428.70001220703125,423.7300109863281,427.989990234375,0,427.7829895019531
2012-02-06,424.5199890136719,424.5199890136719,419.95001220703125,421.8699951171875,0,421.66595458984375
2012-02-07,420.739990234375,423.489990234375,417.5,422.29998779296875,0,422.09576416015625
2012-02-08,423.1499938964844,430.4200134277344,423.1199951171875,427.5899963378906,0,427.3832092285156
2012-02-09,428.75,429.94000244140625,425.4700012207031,428.9800109863281,0,428.7725524902344
2012-02-10,426.1400146484375,426.239990234375,418.6400146484375,420.1499938964844,0,419.9468078613281
2012-02-13,423.6600036621094,424.7699890136719,416.07000732421875,421.7300109863281,0,421.52606201171875
2012-02-14,420.3299865722656,423.55999755859375,419.489990234375,423.4599914550781,0,423.25518798828125
2012-02-15,424.8599853515625,430.4800109863281,424.7099914550781,425.4800109863281,0,425.27423095703125
2012-02-16,425.0799865722656,436.57000732421875,424.8999938964844,435.8800048828125,0,435.669189453125
2012-02-17,438.29998779296875,438.6300048828125,431.2099914550781,432.0400085449219,0,431.8310546875
2012-02-21,432.1000061035156,432.7099914550781,424.29998779296875,426.0,0,425.7939758300781
2012-02-22,425.5299987792969,428.1199951171875,422.55999755859375,424.05999755859375,0,423.85491943359375
2012-02-23,423.44000244140625,425.489990234375,418.5899963378906,424.6700134277344,0,424.4646301269531
2012-02-24,425.9599914550781,427.9100036621094,423.20001220703125,423.7900085449219,0,423.5850524902344
2012-02-27,421.3500061035156,427.20001220703125,418.5199890136719,424.25,0,424.0448303222656
2012-02-28,425.3800048828125,433.05999755859375,425.0,430.989990234375,0,430.78155517578125
2012-02-29,431.4700012207031,431.4700012207031,423.7200012207031,424.1700134277344,0,423.9648742675781
2012-03-01,425.8800048828125,428.7300109863281,423.1000061035156,424.7799987792969,0,424.5745544433594
2012-03-02,424.3500061035156,427.1300048828125,419.8699951171875,420.3500061035156,0,420.1466979980469
2012-03-05,418.8800048828125,418.8800048828125,408.4200134277344,409.6499938964844,0,409.4518737792969
2012-03-06,405.3599853515625,406.8900146484375,401.239990234375,405.95001220703125,0,405.7536926269531
2012-03-07,406.8800048828125,413.8699951171875,406.8800048828125,412.239990234375,0,412.0406188964844
2012-03-08,415.67999267578125,419.3399963378906,413.9599914550781,418.3500061035156,0,418.1476745605469
2012-03-09,418.1199951171875,423.1600036621094,418.1199951171875,422.8500061035156,0,422.6455078125
2012-03-12,422.1600036621094,422.4800109863281,417.44000244140625,418.57000732421875,0,418.3675842285156
2012-03-13,422.0899963378906,428.2200012207031,421.94000244140625,428.20001220703125,0,427.992919921875
2012-03-14,429.67999267578125,433.75,425.8599853515625,426.6499938964844,0,426.44366455078125
2012-03-15,428.54998779296875,435.3999938964844,428.3599853515625,434.989990234375,0,434.77960205078125
2012-03-16,435.9700012207031,436.55999755859375,433.32000732421875,435.4100036621094,0,435.1994323730469
2012-03-19,434.8900146484375,440.4200134277344,433.82000732421875,438.69000244140625,0,438.47784423828125
2012-03-20,435.67999267578125,436.9800109863281,432.0400085449219,435.5400085449219,0,435.3293762207031
2012-03-21,436.20001220703125,439.1499938964844,434.3999938964844,437.19000244140625,0,436.97857666015625
2012-03-22,434.3299865722656,435.75,431.2099914550781,434.5400085449219,0,434.3298645019531
2012-03-23,433.9800109863281,435.95001220703125,430.30999755859375,435.67999267578125,0,435.4692687988281
2012-03-26,438.760009765625,441.8999938964844,436.6300048828125,441.8800048828125,0,441.6662902832031
2012-03-27,442.1099853515625,444.9599914550781,441.54998779296875,441.6000061035156,0,441.3864440917969
2012-03-28,441.5,442.4200134277344,433.4200134277344,436.1000061035156,0,435.88909912109375
2012-03-29,433.75,437.42999267578125,430.94000244140625,436.8500061035156,0,436.63873291015625
2012-03-30,439.510009765625,441.0199890136719,434.989990234375,438.6400146484375,0,438.4278869628906
2012-04-02,436.7900085449219,439.8999938964844,431.9700012207031,438.44000244140625,0,438.22796630859375
2012-04-03,436.69000244140625,437.29998779296875,429.94000244140625,431.5,0,431.29132080078125
2012-04-04,425.5,425.5799865722656,418.260009765625,421.8999938964844,0,421.6959533691406
2012-04-05,420.8900146484375,424.3699951171875,420.5199890136719,423.20001220703125,0,422.9953308105469
2012-04-09,417.04998779296875,418.42999267578125,414.6099853515625,417.0799865722656,0,416.8782653808594
2012-04-10,415.92999267578125,419.8800048828125,408.6499938964844,409.6499938964844,0,409.4518737792969
2012-04-11,413.9100036621094,419.3299865722656,413.82000732421875,416.4200134277344,0,416.2186279296875
2012-04-12,417.7699890136719,425.7900085449219,416.8699951171875,424.1600036621094,0,423.9548645019531
2012-04-13,422.5,423.9100036621094,416.3800048828125,416.42999267578125,0,416.2286071777344
2012-04-16,420.239990234375,420.5899963378906,413.1199951171875,416.70001220703125,0,416.49847412109375
2012-04-17,419.1099853515625,425.1000061035156,419.0400085449219,423.20001220703125,0,422.9953308105469
2012-04-18,418.44000244140625,421.3999938964844,415.5299987792969,419.510009765625,0,419.30712890625
2012-04-19,417.9599914550781,424.7300109863281,412.67999267578125,415.0299987792969,0,414.82928466796875
2012-04-20,413.3299865722656,413.67999267578125,404.9100036621094,405.1700134277344,0,404.97406005859375
2012-04-23,399.8699951171875,400.6600036621094,396.6000061035156,400.1499938964844,0,399.95648193359375
2012-04-24,401.25,402.2900085449219,395.8599853515625,397.1000061035156,0,396.907958984375
2012-04-25,402.8399963378906,406.9100036621094,401.67999267578125,406.3999938964844,0,406.2034606933594
2012-04-26,407.3299865722656,415.9800109863281,407.05999755859375,415.20001220703125,0,414.99920654296875
2012-04-27,415.1000061035156,416.70001220703125,411.3299865722656,415.9100036621094,0,415.7088623046875
2012-04-30,415.4200134277344,415.4200134277344,413.1199951171875,413.3900146484375,0,413.1900939941406
2012-05-01,413.0,418.1499938964844,412.1300048828125,414.8699951171875,0,414.6693420410156
2012-05-02,412.0,417.7200012207031,411.30999755859375,416.80999755859375,0,416.6084289550781
2012-05-03,416.9800109863281,417.17999267578125,405.92999267578125,406.489990234375,0,406.29339599609375
2012-05-04,404.510009765625,406.69000244140625,397.260009765625,397.94000244140625,0,397.74755859375
2012-05-07,396.44000244140625,399.8699951171875,396.2099914550781,396.9200134277344,0,396.7280578613281
2012-05-08,393.9700012207031,395.489990234375,386.2099914550781,394.3599853515625,0,394.16925048828125
2012-05-09,388.5299987792969,395.0400085449219,384.8699951171875,393.1499938964844,0,392.9598388671875
2012-05-10,395.3800048828125,395.3800048828125,388.5,391.739990234375,0,391.550537109375
2012-05-11,391.7699890136719,399.239990234375,391.760009765625,394.6000061035156,0,394.4091796875
2012-05-14,390.95001220703125,392.9800109863281,388.760009765625,390.30999755859375,0,390.1212463378906
2012-05-15,390.239990234375,393.5799865722656,385.4700012207031,386.2900085449219,0,386.1031799316406
2012-05-16,386.54998779296875,388.8900146484375,379.6700134277344,379.82000732421875,0,379.6363220214844
2012-05-17,380.5,381.5299987792969,371.42999267578125,371.45001220703125,0,371.2703552246094
2012-05-18,372.94000244140625,374.0299987792969,363.7900085449219,364.4800109863281,0,364.3037414550781
2012-05-21,364.6499938964844,374.1400146484375,364.489990234375,373.8500061035156,0,373.669189453125
2012-05-22,373.3699951171875,373.5,368.4200134277344,370.9800109863281,0,370.80059814453125
2012-05-23,367.7200012207031,372.7799987792969,363.6000061035156,372.3299865722656,0,372.14990234375
2012-05-24,372.25,372.7799987792969,364.95001220703125,367.07000732421875,0,366.8924865722656
2012-05-25,367.0799865722656,373.4700012207031,367.0799865722656,372.1099853515625,0,371.9300231933594
2012-05-29,375.8399963378906,380.8900146484375,375.510009765625,379.6600036621094,0,379.47637939453125
2012-05-30,377.4700012207031,377.4700012207031,371.1300048828125,372.20001220703125,0,372.02001953125
2012-05-31,371.8800048828125,372.010009765625,364.3800048828125,368.3699951171875,0,368.19183349609375
2012-06-01,361.8999938964844,362.42999267578125,353.1600036621094,353.1700134277344,0,352.99920654296875
2012-06-04,354.2300109863281,357.9599914550781,348.94000244140625,352.69000244140625,0,352.5194396972656
2012-06-05,352.6400146484375,361.2200012207031,352.6099853515625,360.5,0,360.3256530761719
2012-06-06,363.3599853515625,372.8299865722656,363.30999755859375,372.57000732421875,0,372.38983154296875
2012-06-07,376.239990234375,377.9200134277344,367.010009765625,367.4700012207031,0,367.2922668457031
2012-06-08,366.29998779296875,373.30999755859375,364.8800048828125,372.7300109863281,0,372.54974365234375
2012-06-11,376.92999267578125,377.79998779296875,365.25,365.69000244140625,0,365.5131530761719
2012-06-12,367.57000732421875,374.0199890136719,367.0799865722656,373.739990234375,0,373.5592346191406
2012-06-13,373.6700134277344,375.30999755859375,368.3699951171875,369.7900085449219,0,369.6111755371094
2012-06-14,369.7799987792969,370.989990234375,364.8500061035156,369.1499938964844,0,368.9714660644531
2012-06-15,369.2799987792969,375.3900146484375,369.17999267578125,375.1499938964844,0,374.96856689453125
2012-06-18,373.6300048828125,382.4200134277344,373.2099914550781,380.54998779296875,0,380.3659362792969
2012-06-19,383.32000732421875,386.510009765625,381.45001220703125,384.94000244140625,0,384.75384521484375
2012-06-20,386.2699890136719,390.1000061035156,384.6499938964844,388.5899963378906,0,388.4020690917969
2012-06-21,387.1499938964844,387.2900085449219,372.1499938964844,372.7099914550781,0,372.52972412109375
2012-06-22,374.6000061035156,379.3699951171875,374.239990234375,378.6499938964844,0,378.46685791015625
2012-06-25,375.69000244140625,375.69000244140625,364.9700012207031,365.54998779296875,0,365.3731994628906
2012-06-26,365.739990234375,369.010009765625,363.0,366.8699951171875,0,366.69256591796875
2012-06-27,368.1499938964844,372.9700012207031,367.3599853515625,371.7099914550781,0,371.53021240234375
2012-06-28,368.8399963378906,370.75,364.5299987792969,369.3800048828125,0,369.20135498046875
2012-06-29,371.0400085449219,385.5,371.0400085449219,385.4599914550781,0,385.2735595703125
2012-07-02,386.67999267578125,387.8999938964844,382.25,384.7900085449219,0,384.6039123535156
2012-07-03,384.989990234375,390.30999755859375,384.70001220703125,390.29998779296875,0,390.1112365722656
2012-07-05,389.7799987792969,389.7799987792969,382.1300048828125,385.67999267578125,0,385.49346923828125
2012-07-06,385.67999267578125,385.67999267578125,372.8599853515625,376.0400085449219,0,375.858154296875
2012-07-09,375.2200012207031,376.55999755859375,369.8500061035156,371.4700012207031,0,371.29034423828125
2012-07-10,369.3800048828125,373.19000244140625,360.69000244140625,363.010009765625,0,362.8344421386719
2012-07-11,363.1499938964844,365.0199890136719,357.7200012207031,359.6700134277344,0,359.4960632324219
2012-07-12,359.4200134277344,359.4200134277344,350.5,353.69000244140625,0,353.5189514160156
2012-07-13,354.0899963378906,357.9700012207031,353.7799987792969,357.010009765625,0,356.83734130859375
2012-07-16,354.9800109863281,355.1499938964844,350.4200134277344,353.1499938964844,0,352.97918701171875
2012-07-17,354.3399963378906,354.739990234375,345.5,351.45001220703125,0,351.280029296875
2012-07-18,350.260009765625,365.8399963378906,349.70001220703125,363.9100036621094,0,363.7340087890625
2012-07-19,368.3999938964844,374.0199890136719,368.3999938964844,371.3399963378906,0,371.160400390625
2012-07-20,371.8699951171875,371.8699951171875,364.9800109863281,365.010009765625,0,364.8334655761719
2012-07-23,358.3999938964844,363.30999755859375,353.1099853515625,361.6600036621094,0,361.485107421875
2012-07-24,362.4100036621094,362.9100036621094,356.3399963378906,360.2300109863281,0,360.0557861328125
2012-07-25,363.95001220703125,371.7900085449219,363.7900085449219,367.1300048828125,0,366.95245361328125
2012-07-26,372.82000732421875,378.1700134277344,371.5299987792969,375.5400085449219,0,375.3583984375
2012-07-27,376.7699890136719,385.3399963378906,375.6099853515625,384.2300109863281,0,384.044189453125
2012-07-30,384.6099853515625,386.7900085449219,378.5299987792969,380.6099853515625,0,380.4259033203125
2012-07-31,382.4700012207031,388.0299987792969,382.4700012207031,383.7200012207031,0,383.534423828125
2012-08-01,386.2099914550781,387.1000061035156,381.20001220703125,383.8299865722656,0,383.64434814453125
2012-08-02,380.67999267578125,388.2200012207031,378.5299987792969,381.4800109863281,0,381.2955017089844
2012-08-03,386.8999938964844,392.1400146484375,384.7900085449219,390.1000061035156,0,389.9113464355469
2012-08-06,391.3399963378906,394.1300048828125,390.8800048828125,392.0799865722656,0,391.8903503417969
2012-08-07,394.8399963378906,403.1600036621094,394.7200012207031,400.05999755859375,0,399.86651611328125
2012-08-08,398.9800109863281,401.8999938964844,397.9800109863281,401.1499938964844,0,400.95599365234375
2012-08-09,400.7300109863281,404.55999755859375,400.6000061035156,403.9800109863281,0,403.7846374511719
2012-08-10,403.75,406.0299987792969,402.8800048828125,405.9599914550781,0,405.7636413574219
2012-08-13,405.32000732421875,405.32000732421875,398.17999267578125,402.4100036621094,0,402.21539306640625
2012-08-14,404.3800048828125,405.0400085449219,397.739990234375,399.1199951171875,0,398.9269714355469
2012-08-15,398.0299987792969,403.5299987792969,398.0299987792969,401.4800109863281,0,401.28582763671875
2012-08-16,401.3500061035156,408.7900085449219,401.3500061035156,408.260009765625,0,408.06256103515625
2012-08-17,406.8999938964844,407.0199890136719,403.6000061035156,405.1400146484375,0,404.9440612792969
2012-08-20,404.45001220703125,404.5199890136719,399.6000061035156,402.2900085449219,0,402.095458984375
2012-08-21,403.1000061035156,407.5,400.9100036621094,402.29998779296875,0,402.10540771484375
2012-08-22,401.19000244140625,401.67999267578125,396.80999755859375,399.1700134277344,0,398.9769592285156
2012-08-23,398.25,398.67999267578125,394.489990234375,396.6600036621094,0,396.4681701660156
2012-08-24,396.4100036621094,399.9700012207031,394.25,398.95001220703125,0,398.757080078125
2012-08-27,399.7699890136719,399.7799987792969,395.8500061035156,397.4800109863281,0,397.28778076171875
2012-08-28,396.3500061035156,399.0299987792969,395.45001220703125,397.0400085449219,0,396.8479919433594
2012-08-29,397.1000061035156,399.04998779296875,394.3500061035156,397.4200134277344,0,397.2278137207031
2012-08-30,395.4599914550781,395.4599914550781,390.3299865722656,390.70001220703125,0,390.51104736328125
2012-08-31,393.7699890136719,397.739990234375,390.4700012207031,396.17999267578125,0,395.9883728027344
2012-09-04,395.760009765625,395.7699890136719,388.6199951171875,392.82000732421875,0,392.6300354003906
2012-09-05,393.3299865722656,394.8800048828125,389.0899963378906,390.2699890136719,0,390.08123779296875
2012-09-06,394.0899963378906,404.6600036621094,394.010009765625,404.5400085449219,0,404.3443603515625
2012-09-07,400.29998779296875,401.7699890136719,399.0299987792969,401.2300109863281,0,401.03594970703125
2012-09-10,399.19000244140625,399.8900146484375,393.8900146484375,394.260009765625,0,394.0693359375
2012-09-11,394.989990234375,398.69000244140625,393.7200012207031,396.739990234375,0,396.5481262207031
2012-09-12,397.8599853515625,400.6300048828125,395.739990234375,397.95001220703125,0,397.7575378417969
2012-09-13,396.7900085449219,402.7200012207031,394.239990234375,401.7900085449219,0,401.595703125
2012-09-14,402.6199951171875,410.82000732421875,402.5799865722656,406.5799865722656,0,406.38336181640625
2012-09-17,406.510009765625,406.510009765625,400.989990234375,402.4800109863281,0,402.2853698730469
2012-09-18,401.3900146484375,402.3900146484375,399.3999938964844,400.7799987792969,0,400.586181640625
2012-09-19,399.79998779296875,401.0299987792969,397.67999267578125,398.5299987792969,0,398.3372497558594
2012-09-20,396.6199951171875,396.6199951171875,392.54998779296875,394.6300048828125,0,394.43914794921875
2012-09-21,397.0799865722656,399.0,394.92999267578125,395.1600036621094,0,394.9689025878906
2012-09-24,391.9200134277344,391.9200134277344,387.5199890136719,389.0,0,388.8118591308594
2012-09-25,390.8399963378906,391.8500061035156,379.20001220703125,379.3800048828125,0,379.196533203125
2012-09-26,378.0299987792969,378.0299987792969,372.0,376.9700012207031,0,376.7876892089844
2012-09-27,378.7200012207031,386.3399963378906,377.3900146484375,385.4599914550781,0,385.2735595703125
2012-09-28,384.4100036621094,385.0400085449219,381.6499938964844,382.2699890136719,0,382.0851135253906
2012-10-01,384.1300048828125,386.2799987792969,379.8399963378906,381.1199951171875,0,380.9356689453125
2012-10-02,382.7799987792969,383.55999755859375,380.1600036621094,382.9599914550781,0,382.7747802734375
2012-10-03,383.760009765625,383.9700012207031,380.1600036621094,381.1700134277344,0,380.98565673828125
2012-10-04,382.3699951171875,384.2099914550781,379.4700012207031,383.6499938964844,0,383.4644470214844
2012-10-05,385.239990234375,389.3900146484375,382.55999755859375,383.2799987792969,0,383.0946350097656
2012-10-08,380.94000244140625,381.510009765625,377.8599853515625,379.1300048828125,0,378.9466552734375
2012-10-09,378.3500061035156,378.3500061035156,371.7699890136719,373.1099853515625,0,372.9295349121094
2012-10-10,372.489990234375,372.489990234375,367.510009765625,368.0299987792969,0,367.8520202636719
2012-10-11,370.5400085449219,372.4100036621094,368.6600036621094,368.6600036621094,0,368.4817199707031
2012-10-12,368.3699951171875,370.1700134277344,366.3500061035156,366.7099914550781,0,366.53265380859375
2012-10-15,369.19000244140625,372.7200012207031,368.3399963378906,372.1400146484375,0,371.96002197265625
2012-10-16,373.6199951171875,380.55999755859375,373.3699951171875,380.260009765625,0,380.07611083984375
2012-10-17,376.8800048828125,381.7699890136719,376.260009765625,379.4100036621094,0,379.22650146484375
2012-10-18,377.1099853515625,379.29998779296875,374.1300048828125,376.2799987792969,0,376.0980224609375
2012-10-19,375.55999755859375,375.55999755859375,364.7900085449219,364.9200134277344,0,364.7435302734375
2012-10-22,365.25,368.2300109863281,363.2900085449219,365.510009765625,0,365.333251953125
2012-10-23,361.45001220703125,367.0799865722656,359.9200134277344,366.04998779296875,0,365.8729553222656
2012-10-24,368.1499938964844,369.1700134277344,360.2300109863281,360.5199890136719,0,360.34564208984375
2012-10-25,363.5799865722656,365.95001220703125,361.69000244140625,365.4800109863281,0,365.3032531738281
2012-10-26,365.29998779296875,369.7200012207031,364.3599853515625,367.2799987792969,0,367.10235595703125
2012-10-31,368.4800109863281,370.2799987792969,365.6600036621094,367.0299987792969,0,366.85247802734375
2012-11-01,367.3599853515625,380.0,367.3599853515625,379.5,0,379.31646728515625
2012-11-02,380.1000061035156,380.2099914550781,372.20001220703125,372.30999755859375,0,372.12994384765625
2012-11-05,371.8299865722656,379.3800048828125,371.0299987792969,378.3800048828125,0,378.197021484375
2012-11-06,379.3399963378906,384.6600036621094,378.44000244140625,383.6199951171875,0,383.4344787597656
2012-11-07,379.0400085449219,379.2200012207031,371.0799865722656,373.2699890136719,0,373.0894775390625
2012-11-08,373.94000244140625,375.760009765625,368.79998779296875,368.79998779296875,0,368.6216125488281
2012-11-09,368.5799865722656,374.260009765625,367.9800109863281,369.70001220703125,0,369.5212097167969
2012-11-12,370.7699890136719,371.67999267578125,367.510009765625,370.0199890136719,0,369.8410339355469
2012-11-13,367.32000732421875,370.1499938964844,366.3599853515625,366.4599914550781,0,366.2827453613281
2012-11-14,368.9800109863281,369.8900146484375,360.19000244140625,360.94000244140625,0,360.76544189453125
2012-11-15,361.2300109863281,362.6099853515625,355.30999755859375,356.1400146484375,0,355.9677734375
2012-11-16,357.0400085449219,357.4200134277344,349.7900085449219,356.0,0,355.82781982421875
2012-11-19,359.3999938964844,363.2300109863281,359.05999755859375,363.1400146484375,0,362.9643859863281
2012-11-20,361.1700134277344,362.2099914550781,358.07000732421875,361.80999755859375,0,361.635009765625
2012-11-21,361.8800048828125,363.7099914550781,361.1099853515625,362.510009765625,0,362.3346862792969
2012-11-23,364.3699951171875,370.95001220703125,364.260009765625,369.1600036621094,0,368.9814758300781
2012-11-26,368.69000244140625,371.6000061035156,367.989990234375,370.6300048828125,0,370.45074462890625
2012-11-27,369.55999755859375,373.239990234375,369.1499938964844,369.80999755859375,0,369.6311340332031
2012-11-28,367.3699951171875,374.1199951171875,364.3299865722656,373.8299865722656,0,373.6492004394531
2012-11-29,375.010009765625,377.010009765625,372.260009765625,374.8299865722656,0,374.6487121582031
2012-11-30,374.95001220703125,376.2099914550781,373.1400146484375,374.3500061035156,0,374.1689453125
2012-12-03,376.7699890136719,377.7799987792969,372.20001220703125,372.5400085449219,0,372.3598327636719
2012-12-04,373.0799865722656,376.0,370.9700012207031,375.0299987792969,0,374.8486328125
2012-12-05,374.6499938964844,376.07000732421875,371.82000732421875,374.4599914550781,0,374.2789001464844
2012-12-06,375.1300048828125,378.6600036621094,374.1400146484375,378.6300048828125,0,378.4468994140625
2012-12-07,379.1499938964844,380.2699890136719,376.8500061035156,379.4599914550781,0,379.2764587402344
2012-12-10,378.9200134277344,382.70001220703125,378.9200134277344,381.8299865722656,0,381.64532470703125
2012-12-11,383.6199951171875,390.1700134277344,383.5799865722656,389.0,0,388.8118591308594
2012-12-12,390.55999755859375,391.2900085449219,386.9599914550781,387.739990234375,0,387.5524597167969
2012-12-13,386.4200134277344,390.4599914550781,382.44000244140625,383.6700134277344,0,383.4844665527344
2012-12-14,382.5299987792969,383.9100036621094,379.1099853515625,381.0299987792969,0,380.8457336425781
2012-12-17,381.4800109863281,384.17999267578125,379.2099914550781,382.6199951171875,0,382.4349365234375
2012-12-18,384.05999755859375,389.7300109863281,383.4800109863281,388.7300109863281,0,388.5420227050781
2012-12-19,390.29998779296875,393.239990234375,389.44000244140625,389.4700012207031,0,389.4700012207031
2012-12-20,389.9700012207031,390.07000732421875,385.7799987792969,389.489990234375,0,389.489990234375
2012-12-21,381.3299865722656,385.739990234375,379.20001220703125,385.5899963378906,0,385.5899963378906
2012-12-24,384.3900146484375,385.1600036621094,382.760009765625,384.1400146484375,0,384.1400146484375
2012-12-26,384.6099853515625,387.2900085449219,380.8699951171875,381.010009765625,0,381.010009765625
2012-12-27,380.79998779296875,381.04998779296875,375.1600036621094,379.54998779296875,0,379.54998779296875
2012-12-28,376.8399963378906,380.6499938964844,376.55999755859375,376.8699951171875,0,376.8699951171875
2012-12-31,376.4700012207031,384.6300048828125,375.8699951171875,384.05999755859375,0,384.05999755859375
2013-01-02,392.7699890136719,399.82000732421875,392.7699890136719,399.7300109863281,0,399.7300109863281
2013-01-03,396.9599914550781,400.6700134277344,396.260009765625,397.5400085449219,0,397.5400085449219
2013-01-04,397.8500061035156,398.5899963378906,395.0,397.67999267578125,0,397.67999267578125
2013-01-07,395.7099914550781,397.55999755859375,393.8399963378906,395.7799987792969,0,395.7799987792969
2013-01-08,395.3999938964844,396.55999755859375,391.05999755859375,391.3599853515625,0,391.3599853515625
2013-01-09,393.3500061035156,395.5199890136719,392.8699951171875,395.4700012207031,0,395.4700012207031
2013-01-10,399.4700012207031,401.3500061035156,397.489990234375,400.7300109863281,0,400.7300109863281
2013-01-11,400.75,403.2300109863281,400.5,402.8599853515625,0,402.8599853515625
2013-01-14,401.4599914550781,403.0199890136719,398.67999267578125,401.8900146484375,0,401.8900146484375
2013-01-15,400.05999755859375,400.3900146484375,398.1000061035156,399.8699951171875,0,399.8699951171875
2013-01-16,399.7300109863281,405.510009765625,399.6300048828125,404.4599914550781,0,404.4599914550781
2013-01-17,405.29998779296875,413.2699890136719,405.29998779296875,412.5299987792969,0,412.5299987792969
2013-01-18,409.67999267578125,412.1600036621094,408.67999267578125,410.6400146484375,0,410.6400146484375
2013-01-22,410.2900085449219,410.2900085449219,407.05999755859375,409.6000061035156,0,409.6000061035156
2013-01-23,411.9200134277344,414.44000244140625,409.9200134277344,413.8800048828125,0,413.8800048828125
2013-01-24,409.239990234375,413.8800048828125,407.44000244140625,410.239990234375,0,410.239990234375
2013-01-25,412.7900085449219,417.3599853515625,412.7699890136719,415.44000244140625,0,415.44000244140625
2013-01-28,416.0400085449219,417.7099914550781,414.989990234375,416.1600036621094,0,416.1600036621094
2013-01-29,414.2799987792969,415.0400085449219,411.9599914550781,413.2799987792969,0,413.2799987792969
2013-01-30,413.2900085449219,416.4100036621094,413.2300109863281,414.1000061035156,0,414.1000061035156
2013-01-31,414.92999267578125,416.1499938964844,411.9599914550781,412.7300109863281,0,412.7300109863281
2013-02-01,415.739990234375,420.95001220703125,415.2300109863281,420.54998779296875,0,420.54998779296875
2013-02-04,417.54998779296875,421.5400085449219,414.1199951171875,414.17999267578125,0,414.17999267578125
2013-02-05,416.5,421.4200134277344,415.3299865722656,420.69000244140625,0,420.69000244140625
2013-02-06,417.7900085449219,421.8299865722656,417.739990234375,421.55999755859375,0,421.55999755859375
2013-02-07,420.6199951171875,420.6300048828125,415.4100036621094,419.260009765625,0,419.260009765625
2013-02-08,421.0899963378906,425.25,421.0899963378906,424.80999755859375,0,424.80999755859375
2013-02-11,423.94000244140625,426.2699890136719,423.17999267578125,425.239990234375,0,425.239990234375
2013-02-12,424.19000244140625,426.94000244140625,423.760009765625,426.2799987792969,0,426.2799987792969
2013-02-13,426.8599853515625,429.1199951171875,424.79998779296875,427.4800109863281,0,427.4800109863281
2013-02-14,425.6199951171875,431.5199890136719,425.0799865722656,431.0799865722656,0,431.0799865722656
2013-02-15,431.05999755859375,432.2200012207031,426.7300109863281,428.5,0,428.5
2013-02-19,428.69000244140625,433.70001220703125,428.239990234375,433.6400146484375,0,433.6400146484375
2013-02-20,433.760009765625,433.92999267578125,423.7799987792969,423.95001220703125,0,423.95001220703125
2013-02-21,422.3699951171875,422.3999938964844,413.29998779296875,416.2699890136719,0,416.2699890136719
2013-02-22,420.42999267578125,425.260009765625,419.0799865722656,424.9800109863281,0,424.9800109863281
2013-02-25,427.6600036621094,428.5899963378906,416.6600036621094,416.6600036621094,0,416.6600036621094
2013-02-26,419.510009765625,420.8900146484375,416.25,419.8900146484375,0,419.8900146484375
2013-02-27,419.8599853515625,428.5299987792969,419.4800109863281,426.4599914550781,0,426.4599914550781
2013-02-28,426.17999267578125,430.2300109863281,425.6499938964844,426.6300048828125,0,426.6300048828125
2013-03-01,423.57000732421875,426.4200134277344,419.2900085449219,425.0899963378906,0,425.0899963378906
2013-03-04,424.30999755859375,424.6300048828125,420.8399963378906,424.010009765625,0,424.010009765625
2013-03-05,428.1400146484375,433.239990234375,428.0899963378906,432.3900146484375,0,432.3900146484375
2013-03-06,434.0,435.25,431.6000061035156,432.9599914550781,0,432.9599914550781
2013-03-07,434.55999755859375,436.989990234375,433.3299865722656,434.67999267578125,0,434.67999267578125
2013-03-08,436.0,437.5299987792969,431.5199890136719,435.260009765625,0,435.260009765625
2013-03-11,433.8900146484375,436.3599853515625,431.8900146484375,435.8500061035156,0,435.8500061035156
2013-03-12,434.8599853515625,438.0799865722656,434.30999755859375,437.6700134277344,0,437.6700134277344
2013-03-13,437.55999755859375,440.19000244140625,435.2699890136719,439.1400146484375,0,439.1400146484375
2013-03-14,441.44000244140625,443.4100036621094,440.57000732421875,441.5299987792969,0,441.5299987792969
2013-03-15,441.510009765625,441.510009765625,432.9599914550781,434.17999267578125,0,434.17999267578125
2013-03-18,429.04998779296875,432.1099853515625,426.29998779296875,428.3900146484375,0,428.3900146484375
2013-03-19,429.7300109863281,430.8699951171875,422.8999938964844,426.7300109863281,0,426.7300109863281
2013-03-20,430.30999755859375,432.94000244140625,429.5199890136719,432.010009765625,0,432.010009765625
2013-03-21,428.7699890136719,429.79998779296875,424.6499938964844,425.25,0,425.25
2013-03-22,429.29998779296875,432.010009765625,427.739990234375,430.0799865722656,0,430.0799865722656
2013-03-25,431.57000732421875,433.0899963378906,426.70001220703125,429.1700134277344,0,429.1700134277344
2013-03-26,431.19000244140625,433.2799987792969,429.80999755859375,433.07000732421875,0,433.07000732421875
2013-03-27,429.4100036621094,434.2200012207031,427.95001220703125,433.5299987792969,0,433.5299987792969
2013-03-28,433.5899963378906,437.05999755859375,431.95001220703125,436.6600036621094,0,436.6600036621094
2013-04-01,435.6600036621094,435.75,426.5400085449219,427.79998779296875,0,427.79998779296875
2013-04-02,429.1400146484375,429.54998779296875,422.4800109863281,424.2099914550781,0,424.2099914550781
2013-04-03,424.5400085449219,425.4100036621094,414.2300109863281,415.80999755859375,0,415.80999755859375
2013-04-04,415.92999267578125,421.19000244140625,415.0899963378906,421.1400146484375,0,421.1400146484375
2013-04-05,414.2799987792969,419.5,411.989990234375,418.92999267578125,0,418.92999267578125
2013-04-08,419.2200012207031,424.20001220703125,415.57000732421875,424.1700134277344,0,424.1700134277344
2013-04-09,424.9599914550781,430.95001220703125,421.6600036621094,428.1400146484375,0,428.1400146484375
2013-04-10,428.94000244140625,437.6499938964844,428.94000244140625,437.3399963378906,0,437.3399963378906
2013-04-11,434.2099914550781,438.1400146484375,432.94000244140625,435.6300048828125,0,435.6300048828125
2013-04-12,433.7200012207031,434.79998779296875,428.70001220703125,433.6300048828125,0,433.6300048828125
2013-04-15,430.7699890136719,432.30999755859375,422.4800109863281,422.6700134277344,0,422.6700134277344
2013-04-16,425.82000732421875,432.2099914550781,425.239990234375,431.8500061035156,0,431.8500061035156
2013-04-17,426.2200012207031,426.2200012207031,415.760009765625,417.6499938964844,0,417.6499938964844
2013-04-18,421.1199951171875,423.5,412.69000244140625,413.8800048828125,0,413.8800048828125
2013-04-19,413.3599853515625,417.989990234375,410.67999267578125,416.9700012207031,0,416.9700012207031
2013-04-22,417.6300048828125,422.9100036621094,412.42999267578125,421.3699951171875,0,421.3699951171875
2013-04-23,425.3599853515625,431.17999267578125,424.57000732421875,430.2099914550781,0,430.2099914550781
2013-04-24,430.67999267578125,436.8999938964844,429.3299865722656,435.6499938964844,0,435.6499938964844
2013-04-25,436.17999267578125,442.69000244140625,435.7900085449219,439.9800109863281,0,439.9800109863281
2013-04-26,435.30999755859375,437.1700134277344,434.0899963378906,435.2900085449219,0,435.2900085449219
2013-04-29,436.67999267578125,441.7699890136719,435.7099914550781,440.79998779296875,0,440.79998779296875
2013-04-30,440.20001220703125,444.3699951171875,438.6499938964844,444.3599853515625,0,444.3599853515625
2013-05-01,442.760009765625,444.760009765625,440.29998779296875,440.79998779296875,0,440.79998779296875
2013-05-02,440.4599914550781,447.32000732421875,440.4599914550781,446.8900146484375,0,446.8900146484375
2013-05-03,450.32000732421875,453.7099914550781,450.1700134277344,450.9200134277344,0,450.9200134277344
2013-05-06,451.75,455.54998779296875,451.5400085449219,453.4700012207031,0,453.4700012207031
2013-05-07,454.1199951171875,455.3500061035156,451.17999267578125,453.6199951171875,0,453.6199951171875
2013-05-08,452.8900146484375,459.7799987792969,452.8599853515625,459.4700012207031,0,459.4700012207031
2013-05-09,458.6000061035156,463.7300109863281,458.3900146484375,461.8500061035156,0,461.8500061035156
2013-05-10,462.95001220703125,466.010009765625,462.55999755859375,465.94000244140625,0,465.94000244140625
2013-05-13,463.739990234375,464.8299865722656,460.5899963378906,461.2799987792969,0,461.2799987792969
2013-05-14,461.3699951171875,464.3599853515625,460.6300048828125,463.3299865722656,0,463.3299865722656
2013-05-15,462.6600036621094,469.3299865722656,462.5,467.82000732421875,0,467.82000732421875
2013-05-16,468.6700134277344,470.010009765625,464.1400146484375,464.2799987792969,0,464.2799987792969
2013-05-17,466.45001220703125,470.7699890136719,466.0299987792969,470.6300048828125,0,470.6300048828125
2013-05-20,469.6000061035156,472.1000061035156,468.67999267578125,469.1199951171875,0,469.1199951171875
2013-05-21,469.45001220703125,470.7699890136719,467.57000732421875,469.0299987792969,0,469.0299987792969
2013-05-22,469.2900085449219,473.8599853515625,459.6000061035156,461.6199951171875,0,461.6199951171875
2013-05-23,456.3500061035156,462.3900146484375,454.80999755859375,461.75,0,461.75
2013-05-24,460.0299987792969,461.510009765625,457.1300048828125,461.5,0,461.5
2013-05-28,465.79998779296875,469.3500061035156,464.7099914550781,465.94000244140625,0,465.94000244140625
2013-05-29,463.3900146484375,468.989990234375,462.9800109863281,467.2900085449219,0,467.2900085449219
2013-05-30,469.0799865722656,476.5,468.9800109863281,474.42999267578125,0,474.42999267578125
2013-05-31,471.739990234375,475.6199951171875,468.55999755859375,468.6300048828125,0,468.6300048828125
2013-06-03,470.6400146484375,474.1199951171875,465.010009765625,470.7200012207031,0,470.7200012207031
2013-06-04,473.1099853515625,477.5799865722656,470.5400085449219,472.45001220703125,0,472.45001220703125
2013-06-05,470.55999755859375,471.7300109863281,464.75,465.2900085449219,0,465.2900085449219
2013-06-06,466.1700134277344,468.5,460.0,464.6600036621094,0,464.6600036621094
2013-06-07,467.5299987792969,471.9700012207031,464.1000061035156,471.4700012207031,0,471.4700012207031
2013-06-10,471.8599853515625,474.8699951171875,470.3500061035156,473.9700012207031,0,473.9700012207031
2013-06-11,468.17999267578125,470.6700134277344,463.30999755859375,463.42999267578125,0,463.42999267578125
2013-06-12,468.19000244140625,468.80999755859375,457.6199951171875,458.3299865722656,0,458.3299865722656
2013-06-13,458.8299865722656,468.0799865722656,456.5,467.3800048828125,0,467.3800048828125
2013-06-14,467.6199951171875,469.6300048828125,464.6499938964844,465.5299987792969,0,465.5299987792969
2013-06-17,470.6000061035156,475.3299865722656,469.82000732421875,472.3399963378906,0,472.3399963378906
2013-06-18,473.19000244140625,480.5199890136719,473.1300048828125,480.05999755859375,0,480.05999755859375
2013-06-19,479.760009765625,482.05999755859375,474.3500061035156,474.510009765625,0,474.510009765625
2013-06-20,468.20001220703125,468.260009765625,458.2200012207031,459.7200012207031,0,459.7200012207031
2013-06-21,462.1400146484375,464.3299865722656,455.7900085449219,460.8500061035156,0,460.8500061035156
2013-06-24,458.04998779296875,458.07000732421875,448.2300109863281,451.54998779296875,0,451.54998779296875
2013-06-25,456.79998779296875,463.6199951171875,455.3699951171875,462.510009765625,0,462.510009765625
2013-06-26,466.80999755859375,467.20001220703125,462.20001220703125,464.92999267578125,0,464.92999267578125
2013-06-27,467.8800048828125,470.8500061035156,466.6600036621094,466.739990234375,0,466.739990234375
2013-06-28,464.1400146484375,471.1300048828125,463.0299987792969,468.42999267578125,0,468.42999267578125
2013-07-01,470.0199890136719,472.760009765625,467.2900085449219,467.7300109863281,0,467.7300109863281
2013-07-02,466.8800048828125,472.8800048828125,465.260009765625,468.17999267578125,0,468.17999267578125
2013-07-03,465.75,471.7099914550781,465.1199951171875,469.79998779296875,0,469.79998779296875
2013-07-05,472.2799987792969,476.32000732421875,470.5400085449219,476.1199951171875,0,476.1199951171875
2013-07-08,477.4700012207031,477.75,464.8399963378906,466.5,0,466.5
2013-07-09,470.6000061035156,472.5799865722656,469.29998779296875,471.4100036621094,0,471.4100036621094
2013-07-10,470.3299865722656,477.6099853515625,470.1400146484375,476.70001220703125,0,476.70001220703125
2013-07-11,481.05999755859375,486.8500061035156,481.05999755859375,486.55999755859375,0,486.55999755859375
2013-07-12,487.94000244140625,490.1199951171875,486.7300109863281,489.6099853515625,0,489.6099853515625
2013-07-15,489.79998779296875,490.5,488.3299865722656,489.3299865722656,0,489.3299865722656
2013-07-16,490.29998779296875,493.2300109863281,488.989990234375,491.05999755859375,0,491.05999755859375
2013-07-17,491.3399963378906,493.20001220703125,489.9200134277344,491.5799865722656,0,491.5799865722656
2013-07-18,492.1000061035156,492.1000061035156,485.739990234375,487.2200012207031,0,487.2200012207031
2013-07-19,484.4200134277344,486.2200012207031,481.739990234375,486.1700134277344,0,486.1700134277344
2013-07-22,487.010009765625,487.010009765625,483.1000061035156,485.1499938964844,0,485.1499938964844
2013-07-23,486.739990234375,490.1199951171875,482.7900085449219,483.5199890136719,0,483.5199890136719
2013-07-24,483.239990234375,483.6600036621094,473.95001220703125,474.69000244140625,0,474.69000244140625
2013-07-25,473.42999267578125,477.42999267578125,471.8999938964844,477.3999938964844,0,477.3999938964844
2013-07-26,472.95001220703125,473.1600036621094,470.4700012207031,473.1199951171875,0,473.1199951171875
2013-07-29,471.760009765625,473.6300048828125,469.1300048828125,469.9700012207031,0,469.9700012207031
2013-07-30,471.1099853515625,476.5199890136719,471.1000061035156,475.5899963378906,0,475.5899963378906
2013-07-31,476.1099853515625,480.70001220703125,475.8500061035156,477.7799987792969,0,477.7799987792969
2013-08-01,481.92999267578125,486.7900085449219,481.760009765625,486.6000061035156,0,486.6000061035156
2013-08-02,483.9800109863281,483.9800109863281,480.42999267578125,483.3800048828125,0,483.3800048828125
2013-08-05,481.489990234375,482.75,480.55999755859375,482.1400146484375,0,482.1400146484375
2013-08-06,481.3399963378906,482.0299987792969,477.1099853515625,478.67999267578125,0,478.67999267578125
2013-08-07,477.2200012207031,477.2200012207031,472.20001220703125,474.1199951171875,0,474.1199951171875
2013-08-08,475.5400085449219,476.4700012207031,471.5899963378906,474.30999755859375,0,474.30999755859375
2013-08-09,472.7099914550781,474.6099853515625,470.92999267578125,471.760009765625,0,471.760009765625
2013-08-12,470.1499938964844,475.0299987792969,469.82000732421875,473.6199951171875,0,473.6199951171875
2013-08-13,475.5299987792969,479.760009765625,472.239990234375,479.07000732421875,0,479.07000732421875
2013-08-14,472.80999755859375,475.7300109863281,470.8399963378906,471.3399963378906,0,471.3399963378906
2013-08-15,464.5199890136719,465.42999267578125,460.510009765625,460.8399963378906,0,460.8399963378906
2013-08-16,460.3399963378906,466.75,460.3399963378906,462.4599914550781,0,462.4599914550781
2013-08-19,462.1400146484375,464.07000732421875,459.0400085449219,459.2900085449219,0,459.2900085449219
2013-08-20,459.6199951171875,463.5400085449219,458.75,461.8299865722656,0,461.8299865722656
2013-08-21,459.4599914550781,462.4700012207031,456.92999267578125,458.5299987792969,0,458.5299987792969
2013-08-22,460.1700134277344,464.7300109863281,460.1099853515625,463.8299865722656,0,463.8299865722656
2013-08-23,464.3800048828125,464.9100036621094,461.25,463.82000732421875,0,463.82000732421875
2013-08-26,464.6199951171875,465.8399963378906,462.19000244140625,462.9200134277344,0,462.9200134277344
2013-08-27,458.0899963378906,458.0899963378906,450.55999755859375,451.2099914550781,0,451.2099914550781
2013-08-28,452.2099914550781,458.7200012207031,452.20001220703125,456.3900146484375,0,456.3900146484375
2013-08-29,456.1700134277344,463.1400146484375,456.1700134277344,461.82000732421875,0,461.82000732421875
2013-08-30,461.8900146484375,462.2900085449219,456.2300109863281,457.70001220703125,0,457.70001220703125
2013-09-03,462.94000244140625,467.2099914550781,459.2300109863281,461.6400146484375,0,461.6400146484375
2013-09-04,464.54998779296875,474.4700012207031,463.1700134277344,473.55999755859375,0,473.55999755859375
2013-09-05,474.2300109863281,478.0,474.1300048828125,477.0400085449219,0,477.0400085449219
2013-09-06,478.8999938964844,479.1199951171875,471.239990234375,475.1000061035156,0,475.1000061035156
2013-09-09,477.19000244140625,482.5400085449219,477.05999755859375,481.4200134277344,0,481.4200134277344
2013-09-10,485.4200134277344,490.67999267578125,485.4200134277344,490.6499938964844,0,490.6499938964844
2013-09-11,488.7200012207031,490.3500061035156,484.760009765625,489.0400085449219,0,489.0400085449219
2013-09-12,489.010009765625,490.1600036621094,485.5799865722656,486.05999755859375,0,486.05999755859375
2013-09-13,486.95001220703125,488.3699951171875,483.79998779296875,488.2300109863281,0,488.2300109863281
2013-09-16,492.17999267578125,493.8800048828125,489.6400146484375,490.3500061035156,0,490.3500061035156
2013-09-17,492.3800048828125,494.3699951171875,491.70001220703125,493.3999938964844,0,493.3999938964844
2013-09-18,493.29998779296875,498.07000732421875,491.2900085449219,497.6700134277344,0,497.6700134277344
2013-09-19,498.95001220703125,500.239990234375,494.5,496.0899963378906,0,496.0899963378906
2013-09-20,497.5199890136719,498.9599914550781,492.7300109863281,493.1499938964844,0,493.1499938964844
2013-09-23,494.8299865722656,496.260009765625,489.239990234375,491.2900085449219,0,491.2900085449219
2013-09-24,493.69000244140625,497.010009765625,491.010009765625,494.7300109863281,0,494.7300109863281
2013-09-25,495.2900085449219,497.6600036621094,492.010009765625,494.95001220703125,0,494.95001220703125
2013-09-26,496.7699890136719,498.0799865722656,492.82000732421875,494.7099914550781,0,494.7099914550781
2013-09-27,492.1499938964844,493.1000061035156,489.7799987792969,490.80999755859375,0,490.80999755859375
2013-09-30,485.4100036621094,492.6300048828125,484.54998779296875,490.8299865722656,0,490.8299865722656
2013-10-01,491.489990234375,496.8599853515625,491.45001220703125,495.7699890136719,0,495.7699890136719
2013-10-02,492.6700134277344,495.42999267578125,491.8999938964844,495.1000061035156,0,495.1000061035156
2013-10-03,495.3699951171875,497.4800109863281,488.9100036621094,493.79998779296875,0,493.79998779296875
2013-10-04,494.0899963378906,498.8599853515625,493.8900146484375,497.7200012207031,0,497.7200012207031
2013-10-07,492.7900085449219,498.70001220703125,492.2099914550781,495.0899963378906,0,495.0899963378906
2013-10-08,495.6300048828125,496.5899963378906,485.32000732421875,486.82000732421875,0,486.82000732421875
2013-10-09,487.8900146484375,488.6400146484375,480.1300048828125,485.1099853515625,0,485.1099853515625
2013-10-10,490.0299987792969,497.0299987792969,489.94000244140625,496.4800109863281,0,496.4800109863281
2013-10-11,493.5199890136719,498.9200134277344,492.739990234375,497.3800048828125,0,497.3800048828125
2013-10-14,493.95001220703125,501.7900085449219,493.7200012207031,500.9800109863281,0,500.9800109863281
2013-10-15,500.4100036621094,502.1300048828125,496.1199951171875,496.5,0,496.5
2013-10-16,497.0400085449219,501.95001220703125,497.0,501.5799865722656,0,501.5799865722656
2013-10-17,497.94000244140625,505.4100036621094,496.4100036621094,505.0899963378906,0,505.0899963378906
2013-10-18,504.5,506.7699890136719,502.2699890136719,506.44000244140625,0,506.44000244140625
2013-10-21,507.0799865722656,508.4800109863281,505.9700012207031,508.0400085449219,0,508.0400085449219
2013-10-22,507.7699890136719,508.75,504.2799987792969,507.1199951171875,0,507.1199951171875
2013-10-23,497.1600036621094,497.1600036621094,487.7200012207031,490.1099853515625,0,490.1099853515625
2013-10-24,493.8599853515625,496.3299865722656,493.1400146484375,494.1499938964844,0,494.1499938964844
2013-10-25,495.82000732421875,496.8399963378906,494.3399963378906,496.29998779296875,0,496.29998779296875
2013-10-28,496.30999755859375,500.260009765625,495.4100036621094,499.489990234375,0,499.489990234375
2013-10-29,501.5400085449219,507.07000732421875,501.5400085449219,507.0400085449219,0,507.0400085449219
2013-10-30,507.3900146484375,508.75,502.3299865722656,504.3299865722656,0,504.3299865722656
2013-10-31,505.3900146484375,510.1700134277344,505.0400085449219,507.0899963378906,0,507.0899963378906
2013-11-01,507.92999267578125,509.2900085449219,503.57000732421875,505.3999938964844,0,505.3999938964844
2013-11-04,506.25,506.3599853515625,503.57000732421875,504.67999267578125,0,504.67999267578125
2013-11-05,501.3900146484375,505.07000732421875,498.75,503.1300048828125,0,503.1300048828125
2013-11-06,504.7099914550781,505.0799865722656,501.7699890136719,504.9100036621094,0,504.9100036621094
2013-11-07,503.9800109863281,504.20001220703125,494.44000244140625,495.20001220703125,0,495.20001220703125
2013-11-08,496.0899963378906,500.989990234375,493.4599914550781,500.9800109863281,0,500.9800109863281
2013-11-11,499.7099914550781,501.2900085449219,497.82000732421875,500.3999938964844,0,500.3999938964844
2013-11-12,499.2099914550781,503.8800048828125,499.07000732421875,503.6099853515625,0,503.6099853515625
2013-11-13,501.42999267578125,508.1300048828125,500.70001220703125,508.0,0,508.0
2013-11-14,506.6400146484375,507.4100036621094,504.6199951171875,505.3900146484375,0,505.3900146484375
2013-11-15,507.2200012207031,509.4700012207031,503.0,508.94000244140625,0,508.94000244140625
2013-11-18,508.8399963378906,509.7099914550781,503.260009765625,504.2200012207031,0,504.2200012207031
2013-11-19,503.6700134277344,504.92999267578125,497.29998779296875,497.8800048828125,0,497.8800048828125
2013-11-20,498.489990234375,499.82000732421875,494.29998779296875,495.6300048828125,0,495.6300048828125
2013-11-21,497.42999267578125,504.5199890136719,497.1000061035156,504.2300109863281,0,504.2300109863281
2013-11-22,502.9800109863281,505.1000061035156,502.010009765625,504.6099853515625,0,504.6099853515625
2013-11-25,505.0400085449219,505.30999755859375,500.6499938964844,504.010009765625,0,504.010009765625
2013-11-26,505.2300109863281,509.29998779296875,504.6300048828125,508.32000732421875,0,508.32000732421875
2013-11-27,506.3599853515625,510.2200012207031,505.1400146484375,510.010009765625,0,510.010009765625
2013-11-29,510.3800048828125,512.4500122070312,509.7799987792969,510.25,0,510.25
2013-12-02,510.44000244140625,512.0700073242188,508.7799987792969,509.3999938964844,0,509.3999938964844
2013-12-03,508.3800048828125,512.8900146484375,508.0799865722656,511.20001220703125,0,511.20001220703125
2013-12-04,509.07000732421875,512.27001953125,505.2099914550781,508.7699890136719,0,508.7699890136719
2013-12-05,509.29998779296875,511.9100036621094,508.5299987792969,509.95001220703125,0,509.95001220703125
2013-12-06,515.739990234375,517.0399780273438,514.4000244140625,515.6300048828125,0,515.6300048828125
2013-12-09,516.6199951171875,518.969970703125,516.0599975585938,516.8099975585938,0,516.8099975585938
2013-12-10,516.3300170898438,517.8900146484375,513.9000244140625,515.3400268554688,0,515.3400268554688
2013-12-11,514.9000244140625,516.8400268554688,509.8399963378906,510.1700134277344,0,510.1700134277344
2013-12-12,510.17999267578125,511.20001220703125,505.55999755859375,505.8399963378906,0,505.8399963378906
2013-12-13,507.5400085449219,508.5400085449219,504.29998779296875,505.5199890136719,0,505.5199890136719
2013-12-16,512.02001953125,515.1099853515625,511.8699951171875,512.1500244140625,0,512.1500244140625
2013-12-17,512.1900024414062,518.7100219726562,512.1900024414062,517.1799926757812,0,517.1799926757812
2013-12-18,516.719970703125,521.1900024414062,509.6400146484375,521.0700073242188,0,521.0700073242188
2013-12-19,519.8800048828125,519.8800048828125,515.5800170898438,517.780029296875,0,517.780029296875
2013-12-20,518.0800170898438,523.5999755859375,517.9299926757812,522.0900268554688,0,522.0900268554688
2013-12-23,524.1300048828125,527.0999755859375,523.7999877929688,526.6500244140625,0,526.6500244140625
2013-12-24,526.75,529.530029296875,526.719970703125,528.3499755859375,0,528.3499755859375
2013-12-26,529.8200073242188,530.9600219726562,528.530029296875,529.8300170898438,0,529.8300170898438
2013-12-27,531.25,531.5900268554688,529.4199829101562,529.9600219726562,0,529.9600219726562
2013-12-30,529.6400146484375,532.1799926757812,529.3200073242188,531.5700073242188,0,531.5700073242188
2013-12-31,533.030029296875,535.7899780273438,532.6500244140625,535.030029296875,0,535.030029296875
2014-01-02,530.6699829101562,530.75,525.9500122070312,527.75,0,527.75
2014-01-03,526.9099731445312,528.27001953125,524.4600219726562,526.6799926757812,0,526.6799926757812
2014-01-06,527.0999755859375,527.0999755859375,522.8800048828125,523.77001953125,0,523.77001953125
2014-01-07,525.1500244140625,528.2899780273438,524.47998046875,527.4299926757812,0,527.4299926757812
2014-01-08,532.0399780273438,535.8900146484375,530.239990234375,535.760009765625,0,535.760009765625
2014-01-09,535.72998046875,536.1900024414062,529.5800170898438,531.489990234375,0,531.489990234375
2014-01-10,533.3599853515625,534.6900024414062,531.3499755859375,533.7000122070312,0,533.7000122070312
2014-01-13,533.1099853515625,534.8900146484375,526.260009765625,527.6599731445312,0,527.6599731445312
2014-01-14,529.1500244140625,540.1400146484375,529.0999755859375,539.6099853515625,0,539.6099853515625
2014-01-15,541.27001953125,545.75,541.239990234375,544.2100219726562,0,544.2100219726562
2014-01-16,543.1900024414062,544.1599731445312,540.0999755859375,541.0499877929688,0,541.0499877929688
2014-01-17,538.4199829101562,541.989990234375,536.9000244140625,538.1400146484375,0,538.1400146484375
2014-01-21,540.6400146484375,541.760009765625,537.1900024414062,541.5,0,541.5
2014-01-22,541.0399780273438,547.9199829101562,540.239990234375,547.469970703125,0,547.469970703125
2014-01-23,544.0599975585938,544.4299926757812,538.5599975585938,541.489990234375,0,541.489990234375
2014-01-24,538.9000244140625,539.3200073242188,528.5599975585938,528.8900146484375,0,528.8900146484375
2014-01-27,529.8699951171875,531.489990234375,522.280029296875,525.27001953125,0,525.27001953125
2014-01-28,523.780029296875,528.6599731445312,522.260009765625,527.5399780273438,0,527.5399780273438
2014-01-29,524.030029296875,529.9299926757812,523.9099731445312,525.1400146484375,0,525.1400146484375
2014-01-30,529.8900146484375,533.3300170898438,527.6099853515625,531.9600219726562,0,531.9600219726562
2014-01-31,525.5700073242188,531.6300048828125,525.469970703125,529.1799926757812,0,529.1799926757812
2014-02-03,528.1400146484375,529.2000122070312,516.4299926757812,517.4600219726562,0,517.4600219726562
2014-02-04,518.030029296875,519.1199951171875,515.3200073242188,518.3400268554688,0,518.3400268554688
2014-02-05,516.5,520.6900024414062,512.719970703125,518.4600219726562,0,518.4600219726562
2014-02-06,519.9000244140625,527.7999877929688,519.6300048828125,526.6699829101562,0,526.6699829101562
2014-02-07,529.5800170898438,535.6099853515625,526.9600219726562,535.3099975585938,0,535.3099975585938
2014-02-10,534.780029296875,538.5,534.3499755859375,538.0399780273438,0,538.0399780273438
2014-02-11,538.47998046875,546.22998046875,538.25,544.8599853515625,0,544.8599853515625
2014-02-12,545.9199829101562,550.3400268554688,545.8699951171875,549.47998046875,0,549.47998046875
2014-02-13,547.1699829101562,556.0399780273438,546.3400268554688,556.02001953125,0,556.02001953125
2014-02-14,555.1300048828125,559.8900146484375,553.4400024414062,559.1199951171875,0,559.1199951171875
2014-02-18,558.969970703125,560.9199829101562,556.22998046875,560.4500122070312,0,560.4500122070312
2014-02-19,558.9199829101562,562.5900268554688,558.3800048828125,560.02001953125,0,560.02001953125
2014-02-20,560.760009765625,564.6900024414062,559.3400268554688,564.0599975585938,0,564.0599975585938
2014-02-21,565.3300170898438,566.260009765625,559.8499755859375,561.2100219726562,0,561.2100219726562
2014-02-24,563.1400146484375,567.1599731445312,562.8499755859375,563.3699951171875,0,563.3699951171875
2014-02-25,563.97998046875,564.3400268554688,557.8300170898438,560.5399780273438,0,560.5399780273438
2014-02-26,562.3099975585938,568.239990234375,562.260009765625,564.2899780273438,0,564.2899780273438
2014-02-27,563.6799926757812,565.1099853515625,560.25,564.219970703125,0,564.219970703125
2014-02-28,564.2999877929688,565.989990234375,559.760009765625,563.8300170898438,0,563.8300170898438
2014-03-03,558.260009765625,561.5999755859375,555.0,560.22998046875,0,560.22998046875
2014-03-04,566.77001953125,570.8499755859375,566.72998046875,570.1300048828125,0,570.1300048828125
2014-03-05,569.9299926757812,572.5800170898438,568.9099731445312,571.2999877929688,0,571.2999877929688
2014-03-06,572.4600219726562,575.5399780273438,570.6300048828125,575.02001953125,0,575.02001953125
2014-03-07,576.8599853515625,577.6400146484375,572.5700073242188,574.3900146484375,0,574.3900146484375
2014-03-10,574.0999755859375,575.760009765625,570.8200073242188,573.219970703125,0,573.219970703125
2014-03-11,574.6300048828125,576.3200073242188,568.5700073242188,570.0800170898438,0,570.0800170898438
2014-03-12,568.7000122070312,575.010009765625,566.010009765625,574.9199829101562,0,574.9199829101562
2014-03-13,576.2000122070312,577.969970703125,562.2899780273438,565.1400146484375,0,565.1400146484375
2014-03-14,564.969970703125,567.6300048828125,562.1500244140625,562.47998046875,0,562.47998046875
2014-03-17,565.530029296875,571.239990234375,565.530029296875,569.5,0,569.5
2014-03-18,569.6199951171875,577.469970703125,569.0499877929688,577.1900024414062,0,577.1900024414062
2014-03-19,577.030029296875,580.8499755859375,573.1799926757812,576.6900024414062,0,576.6900024414062
2014-03-20,576.030029296875,587.6900024414062,575.780029296875,587.6300048828125,0,587.6300048828125
2014-03-21,589.4000244140625,590.1099853515625,580.8900146484375,582.5399780273438,0,582.5399780273438
2014-03-24,583.97998046875,585.6400146484375,575.4600219726562,579.8499755859375,0,579.8499755859375
2014-03-25,583.27001953125,587.6699829101562,581.1599731445312,584.3300170898438,0,584.3300170898438
2014-03-26,587.9400024414062,591.1099853515625,577.8300170898438,577.8400268554688,0,577.8400268554688
2014-03-27,577.5700073242188,580.02001953125,572.010009765625,573.3200073242188,0,573.3200073242188
2014-03-28,574.8300170898438,582.1900024414062,574.4400024414062,577.47998046875,0,577.47998046875
2014-03-31,580.8300170898438,588.4000244140625,580.6900024414062,586.739990234375,0,586.739990234375
2014-04-01,589.52001953125,595.9099731445312,588.8499755859375,595.9099731445312,0,595.9099731445312
2014-04-02,596.239990234375,597.219970703125,592.030029296875,594.9400024414062,0,594.9400024414062
2014-04-03,598.0499877929688,601.4000244140625,593.2000122070312,595.9299926757812,0,595.9299926757812
2014-04-04,600.4099731445312,600.6900024414062,578.3699951171875,579.1900024414062,0,579.1900024414062
2014-04-07,577.2100219726562,582.5900268554688,570.6799926757812,573.9099731445312,0,573.9099731445312
2014-04-08,574.8699951171875,581.9000244140625,574.3800048828125,581.1799926757812,0,581.1799926757812
2014-04-09,585.280029296875,588.0800170898438,581.1500244140625,587.719970703125,0,587.719970703125
2014-04-10,587.0800170898438,588.4500122070312,568.8099975585938,569.1500244140625,0,569.1500244140625
2014-04-11,563.77001953125,571.5,559.219970703125,560.3400268554688,0,560.3400268554688
2014-04-14,564.75,567.9299926757812,559.6500244140625,565.02001953125,0,565.02001953125
2014-04-15,565.9600219726562,570.489990234375,558.7100219726562,569.0,0,569.0
2014-04-16,568.3800048828125,568.4600219726562,559.6599731445312,567.9000244140625,0,567.9000244140625
2014-04-17,571.1500244140625,581.4099731445312,570.8499755859375,578.4099731445312,0,578.4099731445312
2014-04-21,581.72998046875,583.8699951171875,576.1099853515625,583.47998046875,0,583.47998046875
2014-04-22,583.5399780273438,590.5800170898438,583.5399780273438,589.1099853515625,0,589.1099853515625
2014-04-23,589.2999877929688,590.9500122070312,586.9099731445312,588.4299926757812,0,588.4299926757812
2014-04-24,590.9500122070312,593.3900146484375,584.1099853515625,591.6400146484375,0,591.6400146484375
2014-04-25,584.5599975585938,584.8200073242188,571.1300048828125,572.1900024414062,0,572.1900024414062
2014-04-28,574.8699951171875,577.02001953125,560.72998046875,568.5499877929688,0,568.5499877929688
2014-04-29,571.510009765625,574.27001953125,567.780029296875,572.989990234375,0,572.989990234375
2014-04-30,571.6699829101562,575.969970703125,570.0,575.969970703125,0,575.969970703125
2014-05-01,576.3900146484375,581.1500244140625,572.2000122070312,573.8599853515625,0,573.8599853515625
2014-05-02,575.0800170898438,578.1400146484375,572.4400024414062,575.489990234375,0,575.489990234375
2014-05-05,572.5599975585938,577.219970703125,570.0900268554688,575.9400024414062,0,575.9400024414062
2014-05-06,576.8499755859375,579.1300048828125,573.1199951171875,573.47998046875,0,573.47998046875
2014-05-07,574.72998046875,575.9099731445312,568.9199829101562,573.989990234375,0,573.989990234375
2014-05-08,573.1099853515625,585.7999877929688,571.4199829101562,577.8300170898438,0,577.8300170898438
2014-05-09,576.3599853515625,577.530029296875,571.8300170898438,575.969970703125,0,575.969970703125
2014-05-12,579.1400146484375,586.989990234375,578.8699951171875,586.47998046875,0,586.47998046875
2014-05-13,586.969970703125,588.0399780273438,581.6099853515625,581.8800048828125,0,581.8800048828125
2014-05-14,580.1300048828125,582.1300048828125,576.47998046875,576.7999877929688,0,576.7999877929688
2014-05-15,576.4099731445312,576.75,565.5900268554688,570.0,0,570.0
2014-05-16,571.3300170898438,576.719970703125,569.3200073242188,576.010009765625,0,576.010009765625
2014-05-19,576.5800170898438,583.3699951171875,576.0599975585938,582.0499877929688,0,582.0499877929688
2014-05-20,581.3599853515625,583.52001953125,575.6699829101562,578.5800170898438,0,578.5800170898438
2014-05-21,580.5599975585938,583.3599853515625,578.6799926757812,581.8099975585938,0,581.8099975585938
2014-05-22,582.1199951171875,586.5399780273438,582.1199951171875,584.2999877929688,0,584.2999877929688
2014-05-23,584.780029296875,590.0800170898438,583.2999877929688,589.9099731445312,0,589.9099731445312
2014-05-27,592.2899780273438,597.0999755859375,591.989990234375,597.0800170898438,0,597.0800170898438
2014-05-28,597.5599975585938,599.1300048828125,594.52001953125,597.6599731445312,0,597.6599731445312
2014-05-29,598.9000244140625,601.0700073242188,597.739990234375,598.9600219726562,0,598.9600219726562
2014-05-30,600.030029296875,600.6799926757812,597.3699951171875,599.5900268554688,0,599.5900268554688
2014-06-02,603.1900024414062,604.5700073242188,597.6300048828125,602.8400268554688,0,602.8400268554688
2014-06-03,601.5999755859375,608.9199829101562,601.3800048828125,608.4299926757812,0,608.4299926757812
2014-06-04,606.7100219726562,611.8200073242188,606.4299926757812,611.1400146484375,0,611.1400146484375
2014-06-05,611.0,615.77001953125,608.760009765625,614.2999877929688,0,614.2999877929688
2014-06-06,617.010009765625,618.489990234375,615.260009765625,617.25,0,617.25
2014-06-09,618.5499877929688,621.8099975585938,617.4000244140625,618.4400024414062,0,618.4400024414062
2014-06-10,617.3499755859375,620.4600219726562,615.9099731445312,620.260009765625,0,620.260009765625
2014-06-11,621.5499877929688,625.9099731445312,620.27001953125,623.47998046875,0,623.47998046875
2014-06-12,622.0800170898438,625.47998046875,618.97998046875,621.3499755859375,0,621.3499755859375
2014-06-13,627.7999877929688,629.4000244140625,623.8900146484375,627.489990234375,0,627.489990234375
2014-06-16,627.469970703125,632.1699829101562,626.4299926757812,630.9299926757812,0,630.9299926757812
2014-06-17,630.0499877929688,636.5900268554688,629.9500122070312,635.5,0,635.5
2014-06-18,636.0399780273438,636.3099975585938,628.25,633.2000122070312,0,633.2000122070312
2014-06-19,633.8200073242188,634.0399780273438,629.7000122070312,633.97998046875,0,633.97998046875
2014-06-20,634.5399780273438,635.52001953125,632.8200073242188,635.4199829101562,0,635.4199829101562
2014-06-23,635.5900268554688,635.9600219726562,632.6099853515625,633.1300048828125,0,633.1300048828125
2014-06-24,633.0800170898438,637.9099731445312,627.0999755859375,628.5,0,628.5
2014-06-25,626.9400024414062,631.6500244140625,624.280029296875,630.8699951171875,0,630.8699951171875
2014-06-26,630.0499877929688,630.7899780273438,623.739990234375,628.280029296875,0,628.280029296875
2014-06-27,627.27001953125,629.5,625.6799926757812,629.27001953125,0,629.27001953125
2014-06-30,631.0399780273438,636.4500122070312,630.5900268554688,635.9299926757812,0,635.9299926757812
2014-07-01,638.22998046875,647.3099975585938,638.219970703125,644.7100219726562,0,644.7100219726562
2014-07-02,644.219970703125,647.3200073242188,643.77001953125,645.780029296875,0,645.780029296875
2014-07-03,648.6699829101562,651.4199829101562,648.52001953125,650.5499877929688,0,650.5499877929688
2014-07-07,650.6500244140625,651.1099853515625,645.1099853515625,646.0999755859375,0,646.0999755859375
2014-07-08,645.1300048828125,646.1699829101562,636.6599731445312,642.6400146484375,0,642.6400146484375
2014-07-09,642.5900268554688,647.1900024414062,639.5,646.5599975585938,0,646.5599975585938
2014-07-10,636.9099731445312,646.3599853515625,635.1599731445312,643.469970703125,0,643.469970703125
2014-07-11,643.9299926757812,645.27001953125,641.1500244140625,643.8800048828125,0,643.8800048828125
2014-07-14,647.6599731445312,648.5900268554688,644.4299926757812,646.1199951171875,0,646.1199951171875
2014-07-15,646.510009765625,648.4299926757812,638.530029296875,644.4400024414062,0,644.4400024414062
2014-07-16,650.1699829101562,652.280029296875,648.1199951171875,651.760009765625,0,651.760009765625
2014-07-17,644.4400024414062,645.3599853515625,634.010009765625,635.3200073242188,0,635.3200073242188
2014-07-18,637.8499755859375,644.1300048828125,636.1099853515625,643.4400024414062,0,643.4400024414062
2014-07-21,641.8699951171875,646.510009765625,641.530029296875,645.02001953125,0,645.02001953125
2014-07-22,647.719970703125,650.7100219726562,646.3499755859375,649.3499755859375,0,649.3499755859375
2014-07-23,645.52001953125,645.6300048828125,634.260009765625,634.4500122070312,0,634.4500122070312
2014-07-24,633.75,634.7100219726562,628.5700073242188,629.1300048828125,0,629.1300048828125
2014-07-25,623.4400024414062,623.4400024414062,614.8499755859375,616.6500244140625,0,616.6500244140625
2014-07-28,617.3300170898438,617.3900146484375,608.4199829101562,616.0,0,616.0
2014-07-29,617.1300048828125,620.510009765625,614.4299926757812,614.4299926757812,0,614.4299926757812
2014-07-30,619.8699951171875,622.3900146484375,616.6900024414062,620.5999755859375,0,620.5999755859375
2014-07-31,612.7000122070312,615.2999877929688,605.0999755859375,607.5499877929688,0,607.5499877929688
2014-08-01,608.0800170898438,613.4500122070312,604.5399780273438,609.760009765625,0,609.760009765625
2014-08-04,610.22998046875,613.9500122070312,606.530029296875,612.2899780273438,0,612.2899780273438
2014-08-05,608.989990234375,612.0999755859375,603.0499877929688,605.3099975585938,0,605.3099975585938
2014-08-06,602.72998046875,611.5,601.75,607.7100219726562,0,607.7100219726562
2014-08-07,610.6099853515625,611.4600219726562,597.6699829101562,599.3800048828125,0,599.3800048828125
2014-08-08,601.9199829101562,606.6500244140625,600.27001953125,606.22998046875,0,606.22998046875
2014-08-11,608.77001953125,615.4199829101562,608.77001953125,612.02001953125,0,612.02001953125
2014-08-12,610.7999877929688,613.7000122070312,606.2999877929688,611.3200073242188,0,611.3200073242188
2014-08-13,612.6099853515625,617.1900024414062,612.4500122070312,616.9500122070312,0,616.9500122070312
2014-08-14,617.260009765625,619.2999877929688,616.2999877929688,618.260009765625,0,618.260009765625
2014-08-15,623.9000244140625,627.219970703125,617.510009765625,624.5999755859375,0,624.5999755859375
2014-08-18,625.8400268554688,627.530029296875,622.739990234375,627.469970703125,0,627.469970703125
2014-08-19,628.1599731445312,632.219970703125,628.0700073242188,631.469970703125,0,631.469970703125
2014-08-20,631.0900268554688,637.4299926757812,631.0800170898438,636.6199951171875,0,636.6199951171875
2014-08-21,636.1199951171875,639.510009765625,635.2899780273438,639.1099853515625,0,639.1099853515625
2014-08-22,639.4500122070312,642.3800048828125,636.969970703125,639.719970703125,0,639.719970703125
2014-08-25,643.1400146484375,643.219970703125,636.260009765625,637.25,0,637.25
2014-08-26,638.1599731445312,639.780029296875,636.7000122070312,637.5499877929688,0,637.5499877929688
2014-08-27,637.8800048828125,639.030029296875,634.5499877929688,638.5700073242188,0,638.5700073242188
2014-08-28,636.4400024414062,640.9600219726562,634.3400268554688,640.489990234375,0,640.489990234375
2014-08-29,645.0599975585938,647.1599731445312,642.5499877929688,645.25,0,645.25
2014-09-02,645.97998046875,646.4099731445312,639.530029296875,642.530029296875,0,642.530029296875
2014-09-03,644.4600219726562,646.6699829101562,641.8300170898438,644.0800170898438,0,644.0800170898438
2014-09-04,645.010009765625,650.5499877929688,644.02001953125,645.719970703125,0,645.719970703125
2014-09-05,646.4199829101562,651.280029296875,645.2999877929688,651.239990234375,0,651.239990234375
2014-09-08,650.5800170898438,656.030029296875,650.010009765625,652.5,0,652.5
2014-09-09,650.9199829101562,653.1300048828125,645.5399780273438,646.489990234375,0,646.489990234375
2014-09-10,646.6199951171875,648.02001953125,642.3900146484375,646.5399780273438,0,646.5399780273438
2014-09-11,643.4000244140625,648.1400146484375,641.4600219726562,648.1400146484375,0,648.1400146484375
2014-09-12,646.6900024414062,646.8400268554688,638.469970703125,639.8900146484375,0,639.8900146484375
2014-09-15,640.3699951171875,641.239990234375,631.8900146484375,632.239990234375,0,632.239990234375
2014-09-16,631.489990234375,643.8599853515625,630.989990234375,643.1199951171875,0,643.1199951171875
2014-09-17,643.0900268554688,651.4199829101562,643.0900268554688,647.8300170898438,0,647.8300170898438
2014-09-18,650.4000244140625,657.4099731445312,648.989990234375,657.3599853515625,0,657.3599853515625
2014-09-19,657.9000244140625,659.5399780273438,648.260009765625,649.5399780273438,0,649.5399780273438
2014-09-22,647.4000244140625,648.4500122070312,640.3099975585938,641.3499755859375,0,641.3499755859375
2014-09-23,638.3099975585938,644.780029296875,636.5399780273438,639.8499755859375,0,639.8499755859375
2014-09-24,641.7899780273438,647.9000244140625,640.6900024414062,647.530029296875,0,647.530029296875
2014-09-25,646.780029296875,647.1599731445312,633.6099853515625,635.4199829101562,0,635.4199829101562
2014-09-26,640.6799926757812,644.969970703125,638.469970703125,643.3400268554688,0,643.3400268554688
2014-09-29,637.2000122070312,646.2000122070312,635.760009765625,644.22998046875,0,644.22998046875
2014-09-30,643.989990234375,644.5599975585938,636.5,638.47998046875,0,638.47998046875
2014-10-01,637.5800170898438,637.5800170898438,621.6900024414062,623.3599853515625,0,623.3599853515625
2014-10-02,621.97998046875,622.1099853515625,608.1199951171875,619.6599731445312,0,619.6599731445312
2014-10-03,623.1699829101562,627.4600219726562,619.9400024414062,623.1199951171875,0,623.1199951171875
2014-10-06,624.5700073242188,625.489990234375,613.8200073242188,617.969970703125,0,617.969970703125
2014-10-07,613.969970703125,617.3300170898438,606.0999755859375,606.2000122070312,0,606.2000122070312
2014-10-08,606.6400146484375,620.8900146484375,600.6500244140625,619.969970703125,0,619.969970703125
2014-10-09,616.9199829101562,618.8099975585938,602.5599975585938,602.969970703125,0,602.969970703125
2014-10-10,581.6900024414062,581.75,556.4500122070312,561.4000244140625,0,561.4000244140625
2014-10-13,561.969970703125,568.6199951171875,549.239990234375,549.469970703125,0,549.469970703125
2014-10-14,559.6599731445312,570.030029296875,554.8200073242188,559.6699829101562,0,559.6699829101562
2014-10-15,548.5999755859375,566.3400268554688,545.27001953125,562.3400268554688,0,562.3400268554688
2014-10-16,553.530029296875,575.0499877929688,553.3400268554688,570.72998046875,0,570.72998046875
2014-10-17,580.6900024414062,584.8400268554688,573.8900146484375,575.3300170898438,0,575.3300170898438
2014-10-20,574.0,584.7899780273438,571.1900024414062,584.1500244140625,0,584.1500244140625
2014-10-21,590.5,605.9400024414062,590.3099975585938,605.25,0,605.25
2014-10-22,609.739990234375,611.1599731445312,596.510009765625,596.9299926757812,0,596.9299926757812
2014-10-23,603.8200073242188,608.8800048828125,602.8699951171875,605.6400146484375,0,605.6400146484375
2014-10-24,607.47998046875,613.2999877929688,605.0999755859375,612.0499877929688,0,612.0499877929688
2014-10-27,612.1500244140625,615.5900268554688,606.469970703125,614.22998046875,0,614.22998046875
2014-10-28,617.1500244140625,623.5599975585938,615.52001953125,623.4600219726562,0,623.4600219726562
2014-10-29,621.8900146484375,625.8699951171875,617.280029296875,624.1900024414062,0,624.1900024414062
2014-10-30,620.530029296875,622.0800170898438,608.72998046875,616.9600219726562,0,616.9600219726562
2014-10-31,635.719970703125,643.780029296875,635.719970703125,640.8599853515625,0,640.8599853515625
2014-11-03,640.8400268554688,648.4400024414062,640.780029296875,644.77001953125,0,644.77001953125
2014-11-04,643.1400146484375,646.5800170898438,637.8900146484375,642.989990234375,0,642.989990234375
2014-11-05,645.6199951171875,649.6300048828125,641.3400268554688,649.0399780273438,0,649.0399780273438
2014-11-06,643.5800170898438,647.010009765625,639.1400146484375,643.2999877929688,0,643.2999877929688
2014-11-07,643.4199829101562,644.9099731445312,632.219970703125,637.47998046875,0,637.47998046875
2014-11-10,637.72998046875,643.1599731445312,636.3300170898438,642.25,0,642.25
2014-11-11,641.489990234375,643.22998046875,638.280029296875,640.4299926757812,0,640.4299926757812
2014-11-12,638.5900268554688,640.469970703125,636.1199951171875,639.760009765625,0,639.760009765625
2014-11-13,642.239990234375,646.4000244140625,637.6799926757812,639.7999877929688,0,639.7999877929688
2014-11-14,638.5999755859375,645.9299926757812,635.2100219726562,645.5599975585938,0,645.5599975585938
2014-11-17,642.22998046875,644.1799926757812,637.2999877929688,642.5499877929688,0,642.5499877929688
2014-11-18,642.3200073242188,656.4400024414062,642.3200073242188,654.77001953125,0,654.77001953125
2014-11-19,654.510009765625,655.4600219726562,647.1500244140625,650.1799926757812,0,650.1799926757812
2014-11-20,645.9199829101562,656.6599731445312,644.3599853515625,656.27001953125,0,656.27001953125
2014-11-21,661.739990234375,665.27001953125,657.9400024414062,662.9500122070312,0,662.9500122070312
2014-11-24,663.9000244140625,670.02001953125,663.6099853515625,669.469970703125,0,669.469970703125
2014-11-25,671.1799926757812,672.219970703125,668.3599853515625,669.3599853515625,0,669.3599853515625
2014-11-26,670.0499877929688,683.719970703125,670.0,683.47998046875,0,683.47998046875
2014-11-28,685.02001953125,687.7100219726562,681.3499755859375,685.739990234375,0,685.739990234375
2014-12-01,683.97998046875,686.0399780273438,674.2000122070312,676.6900024414062,0,676.6900024414062
2014-12-02,675.5399780273438,681.4400024414062,672.8800048828125,681.3499755859375,0,681.3499755859375
2014-12-03,684.0999755859375,696.2100219726562,684.0999755859375,695.280029296875,0,695.280029296875
2014-12-04,696.3900146484375,700.489990234375,691.9000244140625,696.1599731445312,0,696.1599731445312
2014-12-05,697.1699829101562,703.1199951171875,696.47998046875,703.1199951171875,0,703.1199951171875
2014-12-08,700.5599975585938,704.4400024414062,688.510009765625,693.0,0,693.0
2014-12-09,683.52001953125,694.6400146484375,681.4500122070312,692.8400268554688,0,692.8400268554688
2014-12-10,690.0,693.5599975585938,678.5499877929688,679.969970703125,0,679.969970703125
2014-12-11,683.260009765625,691.4099731445312,681.52001953125,683.1500244140625,0,683.1500244140625
2014-12-12,676.8599853515625,681.7000122070312,671.1900024414062,671.3300170898438,0,671.3300170898438
2014-12-15,676.0599975585938,681.3400268554688,663.3699951171875,665.7100219726562,0,665.7100219726562
2014-12-16,661.719970703125,675.22998046875,660.22998046875,661.2999877929688,0,661.2999877929688
2014-12-17,662.0599975585938,676.7000122070312,656.6599731445312,675.5800170898438,0,675.5800170898438
2014-12-18,685.719970703125,688.1199951171875,681.2899780273438,688.1199951171875,0,688.1199951171875
2014-12-19,688.5599975585938,689.1900024414062,682.9000244140625,686.0900268554688,0,686.0900268554688
2014-12-22,689.4500122070312,697.3200073242188,688.8300170898438,696.6799926757812,0,696.6799926757812
2014-12-23,699.3699951171875,702.1699829101562,694.969970703125,695.3200073242188,0,695.3200073242188
2014-12-24,696.75,699.0,695.010009765625,696.3499755859375,0,696.3499755859375
2014-12-26,698.0599975585938,699.780029296875,695.9099731445312,697.0,0,697.0
2014-12-29,696.1900024414062,696.6199951171875,692.4299926757812,695.0800170898438,0,695.0800170898438
2014-12-30,692.3200073242188,693.969970703125,690.6900024414062,690.989990234375,0,690.989990234375
2014-12-31,693.6300048828125,696.8200073242188,686.5,686.8699951171875,0,686.8699951171875
2015-01-02,690.280029296875,694.030029296875,680.280029296875,686.72998046875,0,686.72998046875
2015-01-05,683.5700073242188,684.8400268554688,673.4299926757812,673.5900268554688,0,673.5900268554688
2015-01-06,675.1199951171875,675.1400146484375,656.3699951171875,658.8300170898438,0,658.8300170898438
2015-01-07,660.4199829101562,668.219970703125,658.75,665.27001953125,0,665.27001953125
2015-01-08,671.8099975585938,686.2000122070312,671.8099975585938,684.6500244140625,0,684.6500244140625
2015-01-09,685.9400024414062,688.22998046875,676.8200073242188,685.52001953125,0,685.52001953125
2015-01-12,680.9199829101562,681.4000244140625,668.5,671.8200073242188,0,671.8200073242188
2015-01-13,677.9500122070312,685.2899780273438,661.9099731445312,665.5800170898438,0,665.5800170898438
2015-01-14,658.8300170898438,668.3300170898438,654.8699951171875,661.6500244140625,0,661.6500244140625
2015-01-15,667.260009765625,670.4299926757812,655.8599853515625,656.510009765625,0,656.510009765625
2015-01-16,654.4199829101562,664.6199951171875,651.5800170898438,663.8599853515625,0,663.8599853515625
2015-01-20,666.739990234375,673.0999755859375,662.1900024414062,670.5700073242188,0,670.5700073242188
2015-01-21,667.5399780273438,681.2000122070312,666.739990234375,678.1599731445312,0,678.1599731445312
2015-01-22,676.5,682.9099731445312,664.9199829101562,682.47998046875,0,682.47998046875
2015-01-23,679.1799926757812,683.9299926757812,677.0599975585938,680.5399780273438,0,680.5399780273438
2015-01-26,677.5599975585938,683.5,674.2100219726562,682.3900146484375,0,682.3900146484375
2015-01-27,672.1900024414062,676.2100219726562,665.489990234375,669.7899780273438,0,669.7899780273438
2015-01-28,677.030029296875,684.1599731445312,665.8200073242188,666.0700073242188,0,666.0700073242188
2015-01-29,662.8099975585938,669.02001953125,654.4000244140625,666.6300048828125,0,666.6300048828125
2015-01-30,661.3200073242188,667.989990234375,652.4500122070312,653.1400146484375,0,653.1400146484375
2015-02-02,661.3200073242188,667.989990234375,652.4500122070312,653.1400146484375,0,653.1400146484375
2015-02-03,657.75,667.1300048828125,656.8200073242188,666.9299926757812,0,666.9299926757812
2015-02-04,664.4299926757812,673.7899780273438,664.2999877929688,669.1500244140625,0,669.1500244140625
2015-02-05,671.77001953125,675.780029296875,668.1400146484375,675.6900024414062,0,675.6900024414062
2015-02-06,676.0399780273438,682.02001953125,670.02001953125,671.8400268554688,0,671.8400268554688
2015-02-09,669.510009765625,670.0599975585938,662.9500122070312,664.5399780273438,0,664.5399780273438
2015-02-10,672.239990234375,687.3200073242188,671.1400146484375,687.030029296875,0,687.030029296875
2015-02-11,687.219970703125,691.6099853515625,684.3499755859375,689.25,0,689.25
2015-02-12,692.4199829101562,700.1900024414062,691.7100219726562,700.1900024414062,0,700.1900024414062
2015-02-13,701.6400146484375,706.9400024414062,698.6699829101562,705.0800170898438,0,705.0800170898438
2015-02-17,703.9199829101562,707.75,702.3699951171875,707.1400146484375,0,707.1400146484375
2015-02-18,704.5999755859375,707.02001953125,702.239990234375,705.1599731445312,0,705.1599731445312
2015-02-19,704.1599731445312,708.8599853515625,702.760009765625,706.9600219726562,0,706.9600219726562
2015-02-20,704.6400146484375,711.510009765625,702.9400024414062,711.25,0,711.25
2015-02-23,710.4000244140625,710.469970703125,704.1599731445312,706.7000122070312,0,706.7000122070312
2015-02-24,704.8200073242188,716.2899780273438,702.0599975585938,716.1199951171875,0,716.1199951171875
2015-02-25,714.5599975585938,716.0599975585938,710.010009765625,711.989990234375,0,711.989990234375
2015-02-26,716.0800170898438,718.8099975585938,712.9600219726562,716.6699829101562,0,716.6699829101562
2015-02-27,716.780029296875,718.5999755859375,712.7100219726562,714.6500244140625,0,714.6500244140625
2015-03-02,720.9199829101562,734.530029296875,720.8499755859375,734.510009765625,0,734.510009765625
2015-03-03,729.8099975585938,730.6900024414062,719.6500244140625,720.260009765625,0,720.260009765625
2015-03-04,717.97998046875,719.9199829101562,711.4600219726562,719.5399780273438,0,719.5399780273438
2015-03-05,722.530029296875,724.280029296875,716.97998046875,720.25,0,720.25
2015-03-06,717.9600219726562,719.2000122070312,710.6300048828125,712.4199829101562,0,712.4199829101562
2015-03-09,713.3200073242188,716.52001953125,711.2999877929688,715.030029296875,0,715.030029296875
2015-03-10,709.9099731445312,711.780029296875,701.280029296875,701.2999877929688,0,701.2999877929688
2015-03-11,705.0399780273438,710.4600219726562,702.8499755859375,703.1599731445312,0,703.1599731445312
2015-03-12,695.8699951171875,703.0599975585938,695.8300170898438,702.77001953125,0,702.77001953125
2015-03-13,703.3099975585938,708.989990234375,700.0999755859375,707.7899780273438,0,707.7899780273438
2015-03-16,711.8699951171875,718.9099731445312,711.6400146484375,718.530029296875,0,718.530029296875
2015-03-17,712.9199829101562,714.4400024414062,709.0800170898438,713.1900024414062,0,713.1900024414062
2015-03-18,711.77001953125,721.8200073242188,703.6599731445312,718.47998046875,0,718.47998046875
2015-03-19,717.8499755859375,721.969970703125,716.5700073242188,720.2000122070312,0,720.2000122070312
2015-03-20,725.9199829101562,732.72998046875,724.22998046875,730.9099731445312,0,730.9099731445312
2015-03-23,730.3099975585938,731.2999877929688,723.9500122070312,723.9600219726562,0,723.9600219726562
2015-03-24,723.8300170898438,725.25,717.6599731445312,717.780029296875,0,717.780029296875
2015-03-25,717.3800048828125,717.3800048828125,683.97998046875,684.72998046875,0,684.72998046875
2015-03-26,665.989990234375,679.77001953125,660.5800170898438,675.239990234375,0,675.239990234375
2015-03-27,676.6699829101562,697.1099853515625,673.9600219726562,694.3200073242188,0,694.3200073242188
2015-03-30,699.3300170898438,705.27001953125,694.97998046875,703.739990234375,0,703.739990234375
2015-03-31,699.6799926757812,702.47998046875,694.5700073242188,695.47998046875,0,695.47998046875
2015-04-01,693.1699829101562,694.6300048828125,685.5700073242188,691.1900024414062,0,691.1900024414062
2015-04-02,693.02001953125,696.27001953125,688.8099975585938,689.1699829101562,0,689.1699829101562
2015-04-06,681.0900268554688,694.0900268554688,679.3300170898438,692.6799926757812,0,692.6799926757812
2015-04-07,692.1400146484375,698.75,691.6300048828125,692.9400024414062,0,692.9400024414062
2015-04-08,692.1199951171875,699.1500244140625,691.3800048828125,697.4500122070312,0,697.4500122070312
2015-04-09,694.5499877929688,706.7999877929688,694.3900146484375,706.1799926757812,0,706.1799926757812
2015-04-10,706.4199829101562,709.1099853515625,705.3800048828125,709.0499877929688,0,709.0499877929688
2015-04-13,710.5700073242188,712.6599731445312,703.7999877929688,704.52001953125,0,704.52001953125
2015-04-14,704.219970703125,704.8200073242188,695.0800170898438,697.8499755859375,0,697.8499755859375
2015-04-15,702.22998046875,711.3300170898438,702.1400146484375,709.3200073242188,0,709.3200073242188
2015-04-16,703.719970703125,707.27001953125,702.780029296875,706.0800170898438,0,706.0800170898438
2015-04-17,699.5700073242188,700.22998046875,692.719970703125,696.0900268554688,0,696.0900268554688
2015-04-20,699.1900024414062,704.8099975585938,699.1799926757812,702.2899780273438,0,702.2899780273438
2015-04-21,710.5599975585938,711.6900024414062,704.239990234375,707.1199951171875,0,707.1199951171875
2015-04-22,712.2000122070312,717.1500244140625,705.9299926757812,716.8200073242188,0,716.8200073242188
2015-04-23,702.1300048828125,708.510009765625,700.6199951171875,705.4600219726562,0,705.4600219726562
2015-04-24,704.239990234375,704.239990234375,689.5700073242188,693.72998046875,0,693.72998046875
2015-04-27,694.780029296875,703.1599731445312,693.780029296875,696.1099853515625,0,696.1099853515625
2015-04-28,696.3099975585938,697.5499877929688,686.530029296875,696.239990234375,0,696.239990234375
2015-04-29,690.5700073242188,694.5900268554688,685.1099853515625,692.1900024414062,0,692.1900024414062
2015-04-30,690.510009765625,693.6799926757812,682.1400146484375,686.2899780273438,0,686.2899780273438
2015-05-01,692.0700073242188,707.0800170898438,691.9199829101562,705.5,0,705.5
2015-05-04,706.489990234375,708.5999755859375,701.9400024414062,704.030029296875,0,704.030029296875
2015-05-05,699.260009765625,699.9400024414062,687.739990234375,688.4000244140625,0,688.4000244140625
2015-05-06,690.9000244140625,693.7100219726562,682.6900024414062,687.4500122070312,0,687.4500122070312
2015-05-07,690.3099975585938,696.27001953125,690.22998046875,695.2000122070312,0,695.2000122070312
2015-05-08,698.989990234375,704.8900146484375,698.52001953125,702.1300048828125,0,702.1300048828125
2015-05-11,700.989990234375,704.8699951171875,699.3900146484375,702.3099975585938,0,702.3099975585938
2015-05-12,699.2000122070312,700.1699829101562,692.760009765625,696.1799926757812,0,696.1799926757812
2015-05-13,698.4000244140625,705.0999755859375,698.1500244140625,700.1300048828125,0,700.1300048828125
2015-05-14,705.2000122070312,711.0700073242188,702.1400146484375,708.3200073242188,0,708.3200073242188
2015-05-15,710.0399780273438,712.47998046875,706.25,709.52001953125,0,709.52001953125
2015-05-18,710.8499755859375,716.9400024414062,708.6300048828125,716.5399780273438,0,716.5399780273438
2015-05-19,718.1799926757812,721.22998046875,711.02001953125,713.3900146484375,0,713.3900146484375
2015-05-20,714.22998046875,720.219970703125,712.010009765625,714.47998046875,0,714.47998046875
2015-05-21,714.260009765625,719.739990234375,710.9199829101562,718.4400024414062,0,718.4400024414062
2015-05-22,718.2000122070312,722.8099975585938,718.2000122070312,720.2000122070312,0,720.2000122070312
2015-05-26,718.6300048828125,719.5399780273438,711.3900146484375,714.75,0,714.75
2015-05-27,716.9600219726562,744.77001953125,716.3400268554688,742.3499755859375,0,742.3499755859375
2015-05-28,743.8699951171875,746.9500122070312,738.3300170898438,743.27001953125,0,743.27001953125
2015-05-29,746.0499877929688,749.22998046875,742.5499877929688,745.4099731445312,0,745.4099731445312
2015-06-01,748.8400268554688,751.2100219726562,742.030029296875,746.0800170898438,0,746.0800170898438
2015-06-02,743.4099731445312,743.4099731445312,736.8599853515625,737.280029296875,0,737.280029296875
2015-06-03,741.6599731445312,742.02001953125,732.260009765625,732.7000122070312,0,732.7000122070312
2015-06-04,729.3300170898438,732.1199951171875,724.0599975585938,725.8099975585938,0,725.8099975585938
2015-06-05,724.8900146484375,728.1199951171875,719.510009765625,726.2899780273438,0,726.2899780273438
2015-06-08,725.9600219726562,726.1300048828125,710.7000122070312,712.3699951171875,0,712.3699951171875
2015-06-09,712.1400146484375,713.8400268554688,704.8300170898438,711.5999755859375,0,711.5999755859375
2015-06-10,715.3599853515625,723.2999877929688,714.8800048828125,720.9400024414062,0,720.9400024414062
2015-06-11,722.030029296875,724.3400268554688,719.8800048828125,720.530029296875,0,720.530029296875
2015-06-12,716.1699829101562,718.1300048828125,713.1099853515625,714.1300048828125,0,714.1300048828125
2015-06-15,706.75,713.1699829101562,703.1300048828125,712.6300048828125,0,712.6300048828125
2015-06-16,710.97998046875,716.4199829101562,709.5700073242188,715.0700073242188,0,715.0700073242188
2015-06-17,716.0800170898438,717.97998046875,712.0599975585938,715.1900024414062,0,715.1900024414062
2015-06-18,717.6400146484375,728.5700073242188,717.5700073242188,725.5999755859375,0,725.5999755859375
2015-06-19,727.5399780273438,728.239990234375,719.22998046875,723.3699951171875,0,723.3699951171875
2015-06-22,728.0800170898438,729.5900268554688,724.1300048828125,728.219970703125,0,728.219970703125
2015-06-23,730.0900268554688,730.5700073242188,721.760009765625,723.8800048828125,0,723.8800048828125
2015-06-24,722.7999877929688,724.75,716.4099731445312,716.489990234375,0,716.489990234375
2015-06-25,718.9500122070312,720.780029296875,714.0900268554688,715.8300170898438,0,715.8300170898438
2015-06-26,708.1400146484375,708.8200073242188,695.3699951171875,698.3599853515625,0,698.3599853515625
2015-06-29,684.97998046875,692.989990234375,677.5,678.0700073242188,0,678.0700073242188
2015-06-30,683.5900268554688,685.719970703125,677.260009765625,680.5399780273438,0,680.5399780273438
2015-07-01,687.6199951171875,690.8699951171875,680.5399780273438,682.1300048828125,0,682.1300048828125
2015-07-02,683.5800170898438,687.239990234375,682.1699829101562,685.510009765625,0,685.510009765625
2015-07-06,678.1799926757812,685.280029296875,672.4299926757812,675.1099853515625,0,675.1099853515625
2015-07-07,673.489990234375,674.6500244140625,652.8800048828125,672.9099731445312,0,672.9099731445312
2015-07-08,662.8400268554688,663.4400024414062,653.4400024414062,655.25,0,655.25
2015-07-09,665.7999877929688,667.8099975585938,646.530029296875,646.6400146484375,0,646.6400146484375
2015-07-10,654.25,661.1300048828125,653.6599731445312,658.8800048828125,0,658.8800048828125
2015-07-13,664.969970703125,665.4400024414062,659.1400146484375,663.969970703125,0,663.969970703125
2015-07-14,667.9299926757812,672.6699829101562,666.719970703125,671.1599731445312,0,671.1599731445312
2015-07-15,670.4600219726562,672.1599731445312,664.0399780273438,667.02001953125,0,667.02001953125
2015-07-16,670.5599975585938,670.5800170898438,662.2999877929688,668.6099853515625,0,668.6099853515625
2015-07-17,666.9000244140625,667.6699829101562,661.6900024414062,667.0499877929688,0,667.0499877929688
2015-07-20,669.6900024414062,670.75,662.1400146484375,662.5,0,662.5
2015-07-21,662.6900024414062,668.4400024414062,661.3400268554688,662.8599853515625,0,662.8599853515625
2015-07-22,642.239990234375,647.780029296875,638.9500122070312,646.1300048828125,0,646.1300048828125
2015-07-23,650.9500122070312,663.6699829101562,650.719970703125,655.510009765625,0,655.510009765625
2015-07-24,658.6599731445312,658.9299926757812,641.780029296875,642.47998046875,0,642.47998046875
2015-07-27,637.8599853515625,642.2999877929688,630.9000244140625,637.8800048828125,0,637.8800048828125
2015-07-28,640.780029296875,655.1099853515625,636.0,650.9000244140625,0,650.9000244140625
2015-07-29,648.9500122070312,652.9099731445312,644.6099853515625,651.75,0,651.75
2015-07-30,648.8400268554688,656.239990234375,646.3599853515625,654.1500244140625,0,654.1500244140625
2015-07-31,654.6599731445312,654.6599731445312,645.3599853515625,646.2899780273438,0,646.2899780273438
2015-08-03,645.8499755859375,647.0599975585938,640.9500122070312,644.3499755859375,0,644.3499755859375
2015-08-04,641.72998046875,643.4199829101562,633.0499877929688,637.1799926757812,0,637.1799926757812
2015-08-05,639.9500122070312,649.219970703125,639.719970703125,644.6199951171875,0,644.6199951171875
2015-08-06,644.719970703125,644.8200073242188,628.2899780273438,633.1300048828125,0,633.1300048828125
2015-08-07,631.6400146484375,637.5399780273438,630.219970703125,636.8200073242188,0,636.8200073242188
2015-08-10,642.1900024414062,653.6900024414062,641.8599853515625,652.6500244140625,0,652.6500244140625
2015-08-11,644.7100219726562,646.010009765625,635.1699829101562,637.8499755859375,0,637.8499755859375
2015-08-12,628.3699951171875,644.4500122070312,625.22998046875,641.52001953125,0,641.52001953125
2015-08-13,641.2899780273438,643.5999755859375,634.75,634.8699951171875,0,634.8699951171875
2015-08-14,633.27001953125,634.5599975585938,627.1699829101562,631.0399780273438,0,631.0399780273438
2015-08-17,627.0800170898438,637.3800048828125,625.2999877929688,637.25,0,637.25
2015-08-18,634.8699951171875,635.2100219726562,622.9400024414062,624.010009765625,0,624.010009765625
2015-08-19,623.760009765625,625.5700073242188,614.0800170898438,618.3200073242188,0,618.3200073242188
2015-08-20,610.5999755859375,612.0,594.77001953125,594.780029296875,0,594.780029296875
2015-08-21,587.7999877929688,596.3200073242188,578.5800170898438,578.5900268554688,0,578.5900268554688
2015-08-24,545.5399780273438,590.9500122070312,543.030029296875,566.5800170898438,0,566.5800170898438
2015-08-25,583.7000122070312,588.0999755859375,559.5900268554688,559.5900268554688,0,559.5900268554688
2015-08-26,575.1300048828125,588.5,566.2999877929688,587.8200073242188,0,587.8200073242188
2015-08-27,596.97998046875,610.510009765625,596.9500122070312,609.760009765625,0,609.760009765625
2015-08-28,607.219970703125,614.530029296875,607.02001953125,613.9099731445312,0,613.9099731445312
2015-08-31,609.27001953125,617.510009765625,605.27001953125,611.0399780273438,0,611.0399780273438
2015-09-01,595.5399780273438,605.1900024414062,586.5599975585938,590.1199951171875,0,590.1199951171875
2015-09-02,600.3900146484375,603.8300170898438,593.1900024414062,603.780029296875,0,603.780029296875
2015-09-03,607.3499755859375,616.469970703125,606.8099975585938,608.5800170898438,0,608.5800170898438
2015-09-04,598.7100219726562,605.489990234375,595.52001953125,597.6199951171875,0,597.6199951171875
2015-09-08,612.8599853515625,624.5499877929688,612.5700073242188,624.0599975585938,0,624.0599975585938
2015-09-09,629.8800048828125,633.760009765625,611.4099731445312,612.8300170898438,0,612.8300170898438
2015-09-10,612.6799926757812,621.1599731445312,606.6699829101562,615.3400268554688,0,615.3400268554688
2015-09-11,608.989990234375,616.2899780273438,607.4400024414062,615.8099975585938,0,615.8099975585938
2015-09-14,619.2899780273438,620.719970703125,615.02001953125,617.6699829101562,0,617.6699829101562
2015-09-15,621.25,626.9199829101562,619.7999877929688,625.1400146484375,0,625.1400146484375
2015-09-16,623.6400146484375,627.0399780273438,619.8099975585938,626.5700073242188,0,626.5700073242188
2015-09-17,625.3699951171875,631.3699951171875,620.010009765625,621.0499877929688,0,621.0499877929688
2015-09-18,612.1599731445312,618.3699951171875,608.219970703125,610.75,0,610.75
2015-09-21,614.02001953125,616.510009765625,605.8200073242188,608.72998046875,0,608.72998046875
2015-09-22,598.8400268554688,600.1799926757812,592.9000244140625,595.0599975585938,0,595.0599975585938
2015-09-23,596.4000244140625,598.6900024414062,590.1099853515625,590.739990234375,0,590.739990234375
2015-09-24,586.1500244140625,593.4199829101562,574.3800048828125,589.7100219726562,0,589.7100219726562
2015-09-25,597.97998046875,601.9400024414062,587.3599853515625,592.8800048828125,0,592.8800048828125
2015-09-28,590.010009765625,592.4000244140625,576.4000244140625,576.4199829101562,0,576.4199829101562
2015-09-29,577.1799926757812,585.8699951171875,573.6400146484375,580.47998046875,0,580.47998046875
2015-09-30,588.47998046875,603.3499755859375,588.3300170898438,602.72998046875,0,602.72998046875
2015-10-01,602.3099975585938,602.4500122070312,585.4400024414062,595.6199951171875,0,595.6199951171875
2015-10-02,590.1699829101562,608.469970703125,587.489990234375,608.4600219726562,0,608.4600219726562
2015-10-05,613.780029296875,622.9299926757812,612.3499755859375,619.8499755859375,0,619.8499755859375
2015-10-06,619.0,623.719970703125,610.739990234375,621.9500122070312,0,621.9500122070312
2015-10-07,627.27001953125,633.9500122070312,619.7999877929688,631.3200073242188,0,631.3200073242188
2015-10-08,629.3900146484375,635.239990234375,624.4000244140625,634.8099975585938,0,634.8099975585938
2015-10-09,633.5900268554688,636.25,626.6799926757812,629.510009765625,0,629.510009765625
2015-10-12,630.530029296875,631.8300170898438,627.0900268554688,630.5399780273438,0,630.5399780273438
2015-10-13,625.0700073242188,629.3400268554688,622.0800170898438,622.280029296875,0,622.280029296875
2015-10-14,625.6699829101562,650.8400268554688,624.3300170898438,645.7000122070312,0,645.7000122070312
2015-10-15,650.510009765625,656.25,645.9099731445312,651.8900146484375,0,651.8900146484375
2015-10-16,651.3200073242188,653.7899780273438,647.469970703125,652.6300048828125,0,652.6300048828125
2015-10-19,651.1799926757812,657.0999755859375,647.8499755859375,652.8800048828125,0,652.8800048828125
2015-10-20,652.4000244140625,654.3499755859375,648.4400024414062,651.8699951171875,0,651.8699951171875
2015-10-21,661.1400146484375,665.4099731445312,652.9000244140625,653.239990234375,0,653.239990234375
2015-10-22,664.9000244140625,676.7100219726562,664.6199951171875,675.9500122070312,0,675.9500122070312
2015-10-23,678.5800170898438,685.780029296875,674.8200073242188,683.7100219726562,0,683.7100219726562
2015-10-26,679.760009765625,680.3200073242188,668.4000244140625,670.1900024414062,0,670.1900024414062
2015-10-27,665.760009765625,670.6099853515625,664.1300048828125,665.7100219726562,0,665.7100219726562
2015-10-28,670.1099853515625,677.3499755859375,667.4400024414062,677.2100219726562,0,677.2100219726562
2015-10-29,662.1699829101562,664.219970703125,655.3300170898438,656.9400024414062,0,656.9400024414062
2015-10-30,658.8900146484375,664.8400268554688,658.8900146484375,662.52001953125,0,662.52001953125
2015-11-02,662.8800048828125,669.3699951171875,662.7899780273438,668.530029296875,0,668.530029296875
2015-11-03,666.5800170898438,674.4299926757812,666.3599853515625,671.6900024414062,0,671.6900024414062
2015-11-04,672.489990234375,674.3099975585938,668.52001953125,673.47998046875,0,673.47998046875
2015-11-05,670.8300170898438,671.0399780273438,658.22998046875,659.3599853515625,0,659.3599853515625
2015-11-06,665.1699829101562,676.8300170898438,664.8300170898438,676.469970703125,0,676.469970703125
2015-11-09,673.2000122070312,673.2100219726562,666.5800170898438,669.9400024414062,0,669.9400024414062
2015-11-10,661.5599975585938,661.6400146484375,655.7000122070312,657.9600219726562,0,657.9600219726562
2015-11-11,659.719970703125,665.010009765625,657.6799926757812,658.280029296875,0,658.280029296875
2015-11-12,654.280029296875,658.6300048828125,649.7000122070312,649.77001953125,0,649.77001953125
2015-11-13,649.1599731445312,651.5900268554688,641.3900146484375,643.7100219726562,0,643.7100219726562
2015-11-16,643.3900146484375,652.1099853515625,643.280029296875,652.030029296875,0,652.030029296875
2015-11-17,652.6799926757812,660.5900268554688,651.5999755859375,655.8200073242188,0,655.8200073242188
2015-11-18,655.1199951171875,662.5700073242188,651.6500244140625,662.1400146484375,0,662.1400146484375
2015-11-19,662.9299926757812,669.3699951171875,659.6599731445312,663.6300048828125,0,663.6300048828125
2015-11-20,666.489990234375,669.280029296875,663.719970703125,665.760009765625,0,665.760009765625
2015-11-23,664.3900146484375,664.6699829101562,656.6099853515625,657.1799926757812,0,657.1799926757812
2015-11-24,655.969970703125,666.7999877929688,655.7999877929688,665.6099853515625,0,665.6099853515625
2015-11-25,665.1099853515625,669.5700073242188,663.2100219726562,666.0900268554688,0,666.0900268554688
2015-11-27,666.739990234375,671.27001953125,666.3900146484375,670.510009765625,0,670.510009765625
2015-11-30,670.8300170898438,677.8800048828125,669.510009765625,677.1400146484375,0,677.1400146484375
2015-12-01,679.469970703125,686.6199951171875,679.469970703125,686.52001953125,0,686.52001953125
2015-12-02,688.1300048828125,690.5599975585938,681.8599853515625,682.6900024414062,0,682.6900024414062
2015-12-03,692.1599731445312,693.1300048828125,675.719970703125,678.719970703125,0,678.719970703125
2015-12-04,678.8200073242188,692.5999755859375,676.989990234375,691.489990234375,0,691.489990234375
2015-12-07,689.0800170898438,689.7999877929688,683.77001953125,684.8599853515625,0,684.8599853515625
2015-12-08,674.9400024414062,681.27001953125,672.9400024414062,679.030029296875,0,679.030029296875
2015-12-09,678.5999755859375,680.1799926757812,667.239990234375,670.2899780273438,0,670.2899780273438
2015-12-10,670.27001953125,679.1199951171875,669.5700073242188,674.22998046875,0,674.22998046875
2015-12-11,666.3599853515625,669.4400024414062,660.1199951171875,660.780029296875,0,660.780029296875
2015-12-14,662.5,663.1099853515625,650.0999755859375,656.489990234375,0,656.489990234375
2015-12-15,660.3599853515625,669.3699951171875,659.4099731445312,666.469970703125,0,666.469970703125
2015-12-16,670.75,672.8699951171875,660.9099731445312,671.7000122070312,0,671.7000122070312
2015-12-17,676.3800048828125,677.7000122070312,661.489990234375,661.7100219726562,0,661.7100219726562
2015-12-18,658.8200073242188,660.4400024414062,653.1500244140625,653.719970703125,0,653.719970703125
2015-12-21,659.760009765625,666.3099975585938,657.52001953125,666.1300048828125,0,666.1300048828125
2015-12-22,668.5900268554688,669.52001953125,661.739990234375,667.1099853515625,0,667.1099853515625
2015-12-23,668.0599975585938,672.4400024414062,666.52001953125,671.780029296875,0,671.780029296875
2015-12-24,671.2100219726562,676.7000122070312,671.2100219726562,674.3900146484375,0,674.3900146484375
2015-12-28,671.8499755859375,671.8499755859375,664.7999877929688,671.75,0,671.75
2015-12-29,674.8499755859375,682.3599853515625,673.75,679.780029296875,0,679.780029296875
2015-12-30,679.27001953125,680.6199951171875,672.75,673.0800170898438,0,673.0800170898438
2015-12-31,671.0399780273438,671.0499877929688,663.4400024414062,663.47998046875,0,663.47998046875
2016-01-04,650.4400024414062,656.4099731445312,646.8800048828125,656.280029296875,0,656.280029296875
2016-01-05,657.3599853515625,658.75,648.7999877929688,649.469970703125,0,649.469970703125
2016-01-06,638.280029296875,639.3599853515625,626.280029296875,631.2000122070312,0,631.2000122070312
2016-01-07,616.8300170898438,624.5800170898438,608.8800048828125,610.25,0,610.25
2016-01-08,612.6099853515625,616.5800170898438,599.8699951171875,600.47998046875,0,600.47998046875
2016-01-11,606.25,608.8499755859375,595.1300048828125,603.5499877929688,0,603.5499877929688
2016-01-12,610.3200073242188,613.989990234375,599.9000244140625,608.5599975585938,0,608.5599975585938
2016-01-13,608.260009765625,613.1699829101562,588.75,589.47998046875,0,589.47998046875
2016-01-14,592.1699829101562,604.5499877929688,583.6599731445312,601.5700073242188,0,601.5700073242188
2016-01-15,575.030029296875,581.6099853515625,566.2999877929688,574.2899780273438,0,574.2899780273438
2016-01-19,585.9199829101562,587.52001953125,570.1799926757812,575.1799926757812,0,575.1799926757812
2016-01-20,571.6400146484375,584.760009765625,562.75,578.9400024414062,0,578.9400024414062
2016-01-21,585.219970703125,594.780029296875,578.5800170898438,587.5599975585938,0,587.5599975585938
2016-01-22,599.969970703125,602.22998046875,594.5599975585938,598.4199829101562,0,598.4199829101562
2016-01-25,597.25,598.219970703125,588.5999755859375,589.8099975585938,0,589.8099975585938
2016-01-26,591.8699951171875,600.27001953125,589.4500122070312,595.8599853515625,0,595.8599853515625
2016-01-27,593.7000122070312,599.9299926757812,585.760009765625,588.6799926757812,0,588.6799926757812
2016-01-28,591.1699829101562,593.9600219726562,582.3300170898438,586.8499755859375,0,586.8499755859375
2016-01-29,594.1300048828125,613.7100219726562,594.0700073242188,613.6799926757812,0,613.6799926757812
2016-02-01,608.760009765625,619.4600219726562,607.7000122070312,616.5999755859375,0,616.5999755859375
2016-02-02,608.5599975585938,609.239990234375,594.1300048828125,595.7000122070312,0,595.7000122070312
2016-02-03,600.760009765625,602.3599853515625,585.1599731445312,597.1099853515625,0,597.1099853515625
2016-02-04,599.3300170898438,610.9299926757812,596.3599853515625,607.719970703125,0,607.719970703125
2016-02-05,603.9400024414062,605.02001953125,584.219970703125,586.25,0,586.25
2016-02-08,576.7000122070312,576.7000122070312,562.6099853515625,571.4500122070312,0,571.4500122070312
2016-02-09,564.1400146484375,578.6599731445312,563.1799926757812,567.989990234375,0,567.989990234375
2016-02-10,572.8200073242188,577.97998046875,563.3300170898438,563.6500244140625,0,563.6500244140625
2016-02-11,554.97998046875,562.5499877929688,552.260009765625,559.1799926757812,0,559.1799926757812
2016-02-12,564.5599975585938,572.3099975585938,557.52001953125,571.9000244140625,0,571.9000244140625
2016-02-16,578.780029296875,594.6699829101562,578.780029296875,591.9299926757812,0,591.9299926757812
2016-02-17,595.4299926757812,606.969970703125,594.969970703125,606.0499877929688,0,606.0499877929688
2016-02-18,611.1400146484375,611.2000122070312,602.1300048828125,602.52001953125,0,602.52001953125
2016-02-19,602.8900146484375,609.030029296875,601.0599975585938,605.4600219726562,0,605.4600219726562
2016-02-22,612.530029296875,618.1199951171875,611.8900146484375,615.0,0,615.0
2016-02-23,611.510009765625,613.3499755859375,604.0800170898438,604.8699951171875,0,604.8699951171875
2016-02-24,597.1699829101562,614.3800048828125,594.1099853515625,613.3400268554688,0,613.3400268554688
2016-02-25,614.739990234375,621.1199951171875,608.1900024414062,621.0700073242188,0,621.0700073242188
2016-02-26,624.97998046875,626.9199829101562,621.5499877929688,624.6500244140625,0,624.6500244140625
2016-02-29,624.8599853515625,632.989990234375,622.0700073242188,622.1099853515625,0,622.1099853515625
2016-03-01,627.5800170898438,639.9299926757812,626.469970703125,639.9000244140625,0,639.9000244140625
2016-03-02,638.0,643.3499755859375,637.1799926757812,643.3099975585938,0,643.3099975585938
2016-03-03,643.52001953125,645.2899780273438,639.0900268554688,643.8900146484375,0,643.8900146484375
2016-03-04,648.6599731445312,655.6599731445312,643.4600219726562,650.6199951171875,0,650.6199951171875
2016-03-07,647.0700073242188,655.72998046875,644.02001953125,652.6799926757812,0,652.6799926757812
2016-03-08,646.47998046875,647.3900146484375,637.489990234375,638.010009765625,0,638.010009765625
2016-03-09,641.6099853515625,645.0,638.3300170898438,643.27001953125,0,643.27001953125
2016-03-10,647.02001953125,652.4099731445312,637.4500122070312,646.5800170898438,0,646.5800170898438
2016-03-11,653.469970703125,659.2000122070312,652.8300170898438,659.1400146484375,0,659.1400146484375
2016-03-14,655.9400024414062,659.260009765625,654.280029296875,656.3499755859375,0,656.3499755859375
2016-03-15,654.97998046875,655.4099731445312,649.8900146484375,655.4099731445312,0,655.4099731445312
2016-03-16,652.47998046875,661.9099731445312,652.219970703125,661.1900024414062,0,661.1900024414062
2016-03-17,659.3599853515625,667.3499755859375,658.1699829101562,665.9500122070312,0,665.9500122070312
2016-03-18,666.760009765625,675.3400268554688,666.5399780273438,675.030029296875,0,675.030029296875
2016-03-21,672.780029296875,676.280029296875,669.5999755859375,675.9600219726562,0,675.9600219726562
2016-03-22,672.260009765625,677.5599975585938,670.7000122070312,675.2999877929688,0,675.2999877929688
2016-03-23,674.8699951171875,674.9199829101562,666.280029296875,666.4600219726562,0,666.4600219726562
2016-03-24,661.7000122070312,666.1599731445312,658.5800170898438,666.1400146484375,0,666.1400146484375
2016-03-28,667.25,667.5700073242188,662.6699829101562,665.2100219726562,0,665.2100219726562
2016-03-29,662.1799926757812,675.22998046875,659.8400268554688,674.1400146484375,0,674.1400146484375
2016-03-30,678.0399780273438,684.7100219726562,677.8900146484375,680.7899780273438,0,680.7899780273438
2016-03-31,679.1099853515625,679.969970703125,676.6099853515625,676.8900146484375,0,676.8900146484375
2016-04-01,672.0800170898438,681.7899780273438,669.5499877929688,681.5900268554688,0,681.5900268554688
2016-04-04,681.4099731445312,681.6900024414062,674.1099853515625,675.3900146484375,0,675.3900146484375
2016-04-05,671.8300170898438,675.9500122070312,670.469970703125,671.3300170898438,0,671.3300170898438
2016-04-06,669.8599853515625,678.5599975585938,665.3499755859375,678.2100219726562,0,678.2100219726562
2016-04-07,674.7000122070312,674.760009765625,665.27001953125,667.4600219726562,0,667.4600219726562
2016-04-08,674.6400146484375,677.1799926757812,668.6900024414062,671.3099975585938,0,671.3099975585938
2016-04-11,674.5900268554688,680.5499877929688,670.530029296875,670.5999755859375,0,670.5999755859375
2016-04-12,672.0999755859375,672.260009765625,661.260009765625,669.739990234375,0,669.739990234375
2016-04-13,673.4600219726562,685.4099731445312,673.22998046875,685.1500244140625,0,685.1500244140625
2016-04-14,678.5700073242188,680.52001953125,672.8200073242188,679.280029296875,0,679.280029296875
2016-04-15,676.9500122070312,679.239990234375,673.3400268554688,673.489990234375,0,673.489990234375
2016-04-18,671.0399780273438,675.6199951171875,669.469970703125,673.9600219726562,0,673.9600219726562
2016-04-19,675.5,675.719970703125,662.8599853515625,665.6099853515625,0,665.6099853515625
2016-04-20,665.1199951171875,674.8900146484375,663.510009765625,672.1500244140625,0,672.1500244140625
2016-04-21,671.4000244140625,671.9099731445312,664.9099731445312,667.6799926757812,0,667.6799926757812
2016-04-22,667.72998046875,675.0900268554688,663.8400268554688,669.030029296875,0,669.030029296875
2016-04-25,667.6599731445312,670.9000244140625,663.5399780273438,665.3200073242188,0,665.3200073242188
2016-04-26,670.8599853515625,680.1500244140625,670.739990234375,674.4199829101562,0,674.4199829101562
2016-04-27,669.97998046875,682.1799926757812,667.030029296875,681.260009765625,0,681.260009765625
2016-04-28,674.75,680.8800048828125,661.27001953125,662.6900024414062,0,662.6900024414062
2016-04-29,658.4099731445312,658.4400024414062,640.510009765625,645.3400268554688,0,645.3400268554688
2016-05-02,647.0599975585938,651.1300048828125,642.239990234375,650.27001953125,0,650.27001953125
2016-05-03,645.3599853515625,646.969970703125,639.8300170898438,642.6199951171875,0,642.6199951171875
2016-05-04,638.2999877929688,642.1500244140625,632.8800048828125,634.9000244140625,0,634.9000244140625
2016-05-05,639.8200073242188,642.780029296875,634.72998046875,636.8099975585938,0,636.8099975585938
2016-05-06,633.6099853515625,637.5800170898438,628.780029296875,637.5,0,637.5
2016-05-09,638.780029296875,641.9299926757812,635.1400146484375,636.5399780273438,0,636.5399780273438
2016-05-10,637.9000244140625,644.4099731445312,634.9099731445312,644.2999877929688,0,644.2999877929688
2016-05-11,642.280029296875,648.0800170898438,641.6799926757812,642.2899780273438,0,642.2899780273438
2016-05-12,644.3800048828125,644.8900146484375,625.7999877929688,630.77001953125,0,630.77001953125
2016-05-13,633.6599731445312,638.8099975585938,631.5499877929688,633.260009765625,0,633.260009765625
2016-05-16,634.760009765625,647.5399780273438,634.510009765625,643.3300170898438,0,643.3300170898438
2016-05-17,642.7899780273438,645.739990234375,636.9299926757812,638.8900146484375,0,638.8900146484375
2016-05-18,637.1599731445312,654.3499755859375,637.0800170898438,649.3499755859375,0,649.3499755859375
2016-05-19,645.5599975585938,650.9299926757812,639.489990234375,644.739990234375,0,644.739990234375
2016-05-20,653.5399780273438,665.4199829101562,653.5399780273438,665.0800170898438,0,665.0800170898438
2016-05-23,668.4400024414062,675.4299926757812,668.27001953125,669.4600219726562,0,669.4600219726562
2016-05-24,673.3400268554688,686.3099975585938,673.280029296875,685.6400146484375,0,685.6400146484375
2016-05-25,689.2000122070312,691.030029296875,684.239990234375,689.469970703125,0,689.469970703125
2016-05-26,690.469970703125,693.1199951171875,688.5999755859375,691.5800170898438,0,691.5800170898438
2016-05-27,691.5599975585938,696.7100219726562,691.3400268554688,695.7100219726562,0,695.7100219726562
2016-05-31,697.5499877929688,700.0399780273438,694.8099975585938,699.3599853515625,0,699.3599853515625
2016-06-01,696.6400146484375,704.0499877929688,696.0900268554688,703.2899780273438,0,703.2899780273438
2016-06-02,701.010009765625,703.4299926757812,699.0900268554688,703.4299926757812,0,703.4299926757812
2016-06-03,709.2000122070312,709.5900268554688,701.3099975585938,705.5999755859375,0,705.5999755859375
2016-06-06,706.6300048828125,709.4500122070312,702.5800170898438,703.7000122070312,0,703.7000122070312
2016-06-07,707.2000122070312,711.8900146484375,706.77001953125,710.5499877929688,0,710.5499877929688
2016-06-08,710.9000244140625,711.989990234375,708.02001953125,710.1900024414062,0,710.1900024414062
2016-06-09,703.9099731445312,711.3699951171875,702.8099975585938,710.9199829101562,0,710.9199829101562
2016-06-10,703.4500122070312,703.5999755859375,696.719970703125,699.0399780273438,0,699.0399780273438
2016-06-13,695.9299926757812,703.489990234375,694.219970703125,695.4199829101562,0,695.4199829101562
2016-06-14,693.47998046875,697.1500244140625,688.9500122070312,695.469970703125,0,695.469970703125
2016-06-15,698.25,699.1900024414062,694.0399780273438,694.8599853515625,0,694.8599853515625
2016-06-16,688.969970703125,695.5,683.1099853515625,694.780029296875,0,694.780029296875
2016-06-17,693.1400146484375,693.27001953125,684.3099975585938,689.0900268554688,0,689.0900268554688
2016-06-20,700.4400024414062,705.530029296875,696.4099731445312,697.0800170898438,0,697.0800170898438
2016-06-21,699.1300048828125,701.260009765625,696.5900268554688,699.4000244140625,0,699.4000244140625
2016-06-22,699.8599853515625,705.989990234375,697.6400146484375,698.25,0,698.25
2016-06-23,707.5499877929688,716.6699829101562,706.1099853515625,716.6699829101562,0,716.6699829101562
2016-06-24,685.25,696.3300170898438,674.3800048828125,675.4000244140625,0,675.4000244140625
2016-06-27,664.8200073242188,664.8800048828125,644.4199829101562,648.3200073242188,0,648.3200073242188
2016-06-28,658.2899780273438,666.7999877929688,656.9600219726562,665.75,0,665.75
2016-06-29,674.22998046875,681.1900024414062,671.1599731445312,679.3699951171875,0,679.3699951171875
2016-06-30,681.5399780273438,691.6699829101562,678.5700073242188,691.6699829101562,0,691.6699829101562
2016-07-01,684.5800170898438,687.3699951171875,683.72998046875,685.010009765625,0,685.010009765625
2016-07-05,678.6900024414062,678.760009765625,668.510009765625,672.510009765625,0,672.510009765625
2016-07-06,667.8099975585938,674.6699829101562,661.3099975585938,673.5499877929688,0,673.5499877929688
2016-07-07,676.2999877929688,686.6400146484375,676.260009765625,681.8200073242188,0,681.8200073242188
2016-07-08,688.0599975585938,701.219970703125,687.8800048828125,701.0700073242188,0,701.0700073242188
2016-07-11,706.3900146484375,711.5399780273438,706.3699951171875,708.9000244140625,0,708.9000244140625
2016-07-12,715.9299926757812,720.3099975585938,714.75,718.3599853515625,0,718.3599853515625
2016-07-13,720.739990234375,723.27001953125,717.7000122070312,718.9000244140625,0,718.9000244140625
2016-07-14,724.6799926757812,726.0900268554688,719.4400024414062,724.22998046875,0,724.22998046875
2016-07-15,723.1500244140625,724.8200073242188,721.030029296875,723.6400146484375,0,723.6400146484375
2016-07-18,732.6300048828125,735.739990234375,731.8499755859375,734.5399780273438,0,734.5399780273438
2016-07-19,732.280029296875,733.6099853515625,729.7999877929688,731.780029296875,0,731.780029296875
2016-07-20,735.52001953125,745.4600219726562,733.9400024414062,743.739990234375,0,743.739990234375
2016-07-21,744.4000244140625,744.719970703125,735.3200073242188,738.2999877929688,0,738.2999877929688
2016-07-22,735.5,742.469970703125,731.530029296875,742.3699951171875,0,742.3699951171875
2016-07-25,744.489990234375,747.6599731445312,743.8099975585938,746.4400024414062,0,746.4400024414062
2016-07-26,754.969970703125,778.719970703125,754.9299926757812,774.9199829101562,0,774.9199829101562
2016-07-27,781.1099853515625,782.1400146484375,770.8300170898438,774.9299926757812,0,774.9299926757812
2016-07-28,770.75,775.8200073242188,767.1599731445312,770.52001953125,0,770.52001953125
2016-07-29,772.010009765625,772.8499755859375,763.8099975585938,766.780029296875,0,766.780029296875
2016-08-01,768.1300048828125,770.8300170898438,765.3599853515625,768.02001953125,0,768.02001953125
2016-08-02,765.6699829101562,765.8099975585938,751.4299926757812,755.72998046875,0,755.72998046875
2016-08-03,751.3099975585938,756.530029296875,751.1400146484375,756.530029296875,0,756.530029296875
2016-08-04,758.0900268554688,763.75,757.2999877929688,763.5700073242188,0,763.5700073242188
2016-08-05,767.3800048828125,774.0499877929688,767.3800048828125,773.780029296875,0,773.780029296875
2016-08-08,775.2899780273438,777.719970703125,771.0700073242188,772.4400024414062,0,772.4400024414062
2016-08-09,776.4199829101562,780.989990234375,776.1699829101562,778.780029296875,0,778.780029296875
2016-08-10,779.6199951171875,779.6199951171875,769.9299926757812,772.8200073242188,0,772.8200073242188
2016-08-11,774.8699951171875,777.27001953125,772.0399780273438,776.260009765625,0,776.260009765625
2016-08-12,777.77001953125,781.2899780273438,776.5800170898438,779.8400268554688,0,779.8400268554688
2016-08-15,782.8200073242188,792.3099975585938,782.510009765625,790.4400024414062,0,790.4400024414062
2016-08-16,787.8800048828125,788.75,783.9600219726562,784.6099853515625,0,784.6099853515625
2016-08-17,784.4099731445312,785.010009765625,780.4000244140625,784.6099853515625,0,784.6099853515625
2016-08-18,785.4600219726562,790.1599731445312,784.6799926757812,790.1599731445312,0,790.1599731445312
2016-08-19,792.02001953125,798.8499755859375,790.8400268554688,797.0599975585938,0,797.0599975585938
2016-08-22,794.8099975585938,799.4600219726562,793.8599853515625,797.2899780273438,0,797.2899780273438
2016-08-23,802.0900268554688,804.6900024414062,800.72998046875,801.3099975585938,0,801.3099975585938
2016-08-24,801.1199951171875,802.47998046875,791.969970703125,794.3400268554688,0,794.3400268554688
2016-08-25,796.0999755859375,801.02001953125,794.6699829101562,797.469970703125,0,797.469970703125
2016-08-26,799.510009765625,807.1099853515625,795.6500244140625,801.4000244140625,0,801.4000244140625
2016-08-29,803.1900024414062,806.8099975585938,802.7100219726562,803.6199951171875,0,803.6199951171875
2016-08-30,805.5499877929688,808.3200073242188,799.239990234375,802.0700073242188,0,802.0700073242188
2016-08-31,802.4400024414062,802.7100219726562,797.3499755859375,801.47998046875,0,801.47998046875
2016-09-01,802.0900268554688,808.3599853515625,797.760009765625,808.3599853515625,0,808.3599853515625
2016-09-02,811.0599975585938,811.1900024414062,803.3900146484375,806.9500122070312,0,806.9500122070312
2016-09-06,808.7899780273438,809.280029296875,800.989990234375,805.0999755859375,0,805.0999755859375
2016-09-07,805.7999877929688,806.780029296875,797.8099975585938,799.2000122070312,0,799.2000122070312
2016-09-08,796.3699951171875,799.9199829101562,793.1300048828125,797.5700073242188,0,797.5700073242188
2016-09-09,788.6099853515625,790.6799926757812,767.0700073242188,768.3699951171875,0,768.3699951171875
2016-09-12,760.2100219726562,784.5,760.0700073242188,783.9500122070312,0,783.9500122070312
2016-09-13,779.8400268554688,786.3099975585938,772.8099975585938,776.72998046875,0,776.72998046875
2016-09-14,776.8499755859375,785.489990234375,773.9299926757812,783.719970703125,0,783.719970703125
2016-09-15,783.72998046875,803.02001953125,783.6500244140625,801.77001953125,0,801.77001953125
2016-09-16,806.0700073242188,808.8300170898438,795.8599853515625,801.5499877929688,0,801.5499877929688
2016-09-19,806.4299926757812,814.5999755859375,800.1699829101562,803.0599975585938,0,803.0599975585938
2016-09-20,808.030029296875,808.1300048828125,797.4000244140625,799.1099853515625,0,799.1099853515625
2016-09-21,803.9600219726562,811.4500122070312,800.02001953125,810.6500244140625,0,810.6500244140625
2016-09-22,816.3900146484375,818.3800048828125,810.7100219726562,813.510009765625,0,813.510009765625
2016-09-23,811.8499755859375,812.219970703125,803.8599853515625,804.5900268554688,0,804.5900268554688
2016-09-26,798.6699829101562,801.5700073242188,793.8499755859375,796.6400146484375,0,796.6400146484375
2016-09-27,796.3699951171875,810.97998046875,794.6599731445312,810.8400268554688,0,810.8400268554688
2016-09-28,813.239990234375,816.4500122070312,806.9500122070312,812.469970703125,0,812.469970703125
2016-09-29,811.030029296875,827.1799926757812,803.6900024414062,822.6400146484375,0,822.6400146484375
2016-09-30,828.3499755859375,840.489990234375,828.3200073242188,835.5999755859375,0,835.5999755859375
2016-10-03,836.739990234375,840.7999877929688,828.0399780273438,829.489990234375,0,829.489990234375
2016-10-04,831.4299926757812,835.52001953125,824.280029296875,827.3400268554688,0,827.3400268554688
2016-10-05,829.9099731445312,839.3900146484375,828.7000122070312,833.7100219726562,0,833.7100219726562
2016-10-06,832.1599731445312,839.1300048828125,827.8200073242188,838.5999755859375,0,838.5999755859375
2016-10-07,839.219970703125,839.5800170898438,829.8200073242188,837.02001953125,0,837.02001953125
2016-10-10,840.3800048828125,844.2999877929688,832.6799926757812,832.9099731445312,0,832.9099731445312
2016-10-11,830.8599853515625,830.8599853515625,808.3499755859375,815.3099975585938,0,815.3099975585938
2016-10-12,813.6099853515625,814.8599853515625,805.1900024414062,812.6199951171875,0,812.6199951171875
2016-10-13,804.219970703125,805.239990234375,790.1699829101562,803.0499877929688,0,803.0499877929688
2016-10-14,809.0900268554688,818.6199951171875,808.7100219726562,809.3900146484375,0,809.3900146484375
2016-10-17,808.969970703125,812.7899780273438,804.530029296875,805.0,0,805.0
2016-10-18,815.8599853515625,817.6900024414062,812.52001953125,814.739990234375,0,814.739990234375
2016-10-19,807.5599975585938,812.1099853515625,803.4600219726562,810.9299926757812,0,810.9299926757812
2016-10-20,810.0999755859375,819.7000122070312,804.6199951171875,816.719970703125,0,816.719970703125
2016-10-21,812.6599731445312,815.780029296875,806.7899780273438,814.530029296875,0,814.530029296875
2016-10-24,819.6900024414062,830.22998046875,819.6900024414062,829.7899780273438,0,829.7899780273438
2016-10-25,828.47998046875,832.5599975585938,827.239990234375,828.6699829101562,0,828.6699829101562
2016-10-26,822.9500122070312,832.5800170898438,821.9500122070312,827.219970703125,0,827.219970703125
2016-10-27,834.47998046875,837.7999877929688,822.8300170898438,823.739990234375,0,823.739990234375
2016-10-28,827.72998046875,832.0900268554688,818.2000122070312,818.8800048828125,0,818.8800048828125
2016-10-31,823.7999877929688,827.1599731445312,821.989990234375,823.52001953125,0,823.52001953125
2016-11-01,826.4299926757812,829.9000244140625,807.0700073242188,816.0800170898438,0,816.0800170898438
2016-11-02,818.4299926757812,821.1500244140625,808.1500244140625,810.5700073242188,0,810.5700073242188
2016-11-03,811.72998046875,815.27001953125,805.3400268554688,808.0,0,808.0
2016-11-04,800.989990234375,810.3099975585938,797.739990234375,802.8800048828125,0,802.8800048828125
2016-11-07,816.6199951171875,826.3099975585938,814.239990234375,825.8699951171875,0,825.8699951171875
2016-11-08,825.8599853515625,832.6799926757812,820.9099731445312,827.6799926757812,0,827.6799926757812
2016-11-09,805.6599731445312,826.1799926757812,805.4400024414062,823.5900268554688,0,823.5900268554688
2016-11-10,827.489990234375,833.7999877929688,798.2000122070312,806.0900268554688,0,806.0900268554688
2016-11-11,819.1500244140625,838.02001953125,819.0900268554688,837.239990234375,0,837.239990234375
2016-11-14,837.6900024414062,839.0,829.97998046875,832.0800170898438,0,832.0800170898438
2016-11-15,836.280029296875,850.030029296875,834.47998046875,847.9000244140625,0,847.9000244140625
2016-11-16,847.0800170898438,858.3099975585938,846.22998046875,857.5499877929688,0,857.5499877929688
2016-11-17,858.7899780273438,870.75,855.5999755859375,866.8400268554688,0,866.8400268554688
2016-11-18,868.22998046875,874.219970703125,865.469970703125,872.6300048828125,0,872.6300048828125
2016-11-21,876.25,879.8599853515625,872.52001953125,879.010009765625,0,879.010009765625
2016-11-22,885.1400146484375,888.8400268554688,884.2100219726562,888.27001953125,0,888.27001953125
2016-11-23,887.5700073242188,891.0,883.3499755859375,889.3099975585938,0,889.3099975585938
2016-11-25,888.9500122070312,891.3900146484375,886.9500122070312,890.969970703125,0,890.969970703125
2016-11-28,888.8699951171875,891.4600219726562,886.280029296875,887.25,0,887.25
2016-11-29,885.8699951171875,890.8599853515625,881.52001953125,885.25,0,885.25
2016-11-30,887.1400146484375,887.1900024414062,879.4299926757812,879.469970703125,0,879.469970703125
2016-12-01,878.9099731445312,878.9600219726562,832.1300048828125,836.7899780273438,0,836.7899780273438
2016-12-02,834.239990234375,849.02001953125,832.9000244140625,847.7000122070312,0,847.7000122070312
2016-12-05,854.8699951171875,860.5599975585938,849.4600219726562,858.1300048828125,0,858.1300048828125
2016-12-06,861.489990234375,870.8099975585938,861.260009765625,870.0,0,870.0
2016-12-07,869.7999877929688,889.8400268554688,866.6199951171875,888.4500122070312,0,888.4500122070312
2016-12-08,890.75,900.969970703125,889.4199829101562,895.7000122070312,0,895.7000122070312
2016-12-09,903.6400146484375,903.6400146484375,886.3099975585938,892.510009765625,0,892.510009765625
2016-12-12,886.2899780273438,890.1400146484375,878.25,885.4600219726562,0,885.4600219726562
2016-12-13,890.0800170898438,901.5900268554688,888.7000122070312,895.5499877929688,0,895.5499877929688
2016-12-14,895.5399780273438,899.8900146484375,891.5999755859375,894.280029296875,0,894.280029296875
2016-12-15,897.7000122070312,913.8200073242188,896.6900024414062,909.969970703125,0,909.969970703125
2016-12-16,912.4000244140625,916.5700073242188,896.6799926757812,900.8499755859375,0,900.8499755859375
2016-12-19,904.5700073242188,913.2899780273438,902.3900146484375,909.6799926757812,0,909.6799926757812
2016-12-20,915.5800170898438,919.97998046875,914.3900146484375,917.989990234375,0,917.989990234375
2016-12-21,919.5399780273438,922.4500122070312,916.8599853515625,918.3300170898438,0,918.3300170898438
2016-12-22,927.72998046875,928.2899780273438,919.4500122070312,923.0599975585938,0,923.0599975585938
2016-12-23,920.8200073242188,928.0399780273438,920.4299926757812,927.9199829101562,0,927.9199829101562
2016-12-27,931.0999755859375,940.739990234375,931.0999755859375,939.2100219726562,0,939.2100219726562
2016-12-28,943.2000122070312,944.22998046875,920.6699829101562,921.0900268554688,0,921.0900268554688
2016-12-29,913.75,921.22998046875,911.4600219726562,921.2000122070312,0,921.2000122070312
2016-12-30,924.3300170898438,925.3099975585938,904.22998046875,906.469970703125,0,906.469970703125
2017-01-03,910.7999877929688,919.8699951171875,899.3300170898438,907.3400268554688,0,907.3400268554688
2017-01-04,910.530029296875,913.6799926757812,905.22998046875,909.77001953125,0,909.77001953125
2017-01-05,909.9099731445312,914.760009765625,900.2100219726562,901.6900024414062,0,901.6900024414062
2017-01-06,903.260009765625,911.3200073242188,898.5499877929688,908.6500244140625,0,908.6500244140625
2017-01-09,911.9199829101562,922.239990234375,911.9199829101562,918.5800170898438,0,918.5800170898438
2017-01-10,919.969970703125,924.97998046875,918.1300048828125,923.0599975585938,0,923.0599975585938
2017-01-11,922.3900146484375,926.6300048828125,919.6400146484375,926.5399780273438,0,926.5399780273438
2017-01-12,918.780029296875,918.7999877929688,904.6599731445312,918.1599731445312,0,918.1599731445312
2017-01-13,919.2000122070312,926.760009765625,918.9099731445312,924.6699829101562,0,924.6699829101562
2017-01-17,919.9000244140625,920.6099853515625,906.5599975585938,909.47998046875,0,909.47998046875
2017-01-18,911.1099853515625,922.8699951171875,909.9299926757812,922.3599853515625,0,922.3599853515625
2017-01-19,921.2999877929688,928.1699829101562,917.1699829101562,918.030029296875,0,918.030029296875
2017-01-20,927.5599975585938,935.5800170898438,927.4500122070312,930.010009765625,0,930.010009765625
2017-01-23,924.1300048828125,928.1900024414062,916.8599853515625,923.77001953125,0,923.77001953125
2017-01-24,929.2899780273438,943.4199829101562,928.510009765625,942.4099731445312,0,942.4099731445312
2017-01-25,953.6400146484375,957.5599975585938,947.27001953125,956.0599975585938,0,956.0599975585938
2017-01-26,955.1500244140625,955.989990234375,946.6099853515625,950.3200073242188,0,950.3200073242188
2017-01-27,955.7899780273438,962.3200073242188,955.6699829101562,962.260009765625,0,962.260009765625
2017-01-30,956.6199951171875,957.3099975585938,945.0,956.8400268554688,0,956.8400268554688
2017-01-31,952.5900268554688,952.6500244140625,938.760009765625,944.280029296875,0,944.280029296875
2017-02-01,955.5,960.1099853515625,949.9099731445312,960.1099853515625,0,960.1099853515625
2017-02-02,953.6400146484375,962.3300170898438,948.530029296875,959.0800170898438,0,959.0800170898438
2017-02-03,963.6500244140625,965.3099975585938,960.0499877929688,964.02001953125,0,964.02001953125
2017-02-06,963.5,967.719970703125,960.0800170898438,967.3900146484375,0,967.3900146484375
2017-02-07,972.0,974.0599975585938,965.219970703125,970.5900268554688,0,970.5900268554688
2017-02-08,972.9000244140625,976.4299926757812,967.27001953125,972.1400146484375,0,972.1400146484375
2017-02-09,975.030029296875,975.030029296875,962.5399780273438,963.8099975585938,0,963.8099975585938
2017-02-10,969.0900268554688,969.989990234375,953.9099731445312,963.0499877929688,0,963.0499877929688
2017-02-13,968.9099731445312,971.6099853515625,963.7000122070312,965.7000122070312,0,965.7000122070312
2017-02-14,962.9000244140625,964.1199951171875,957.0,962.6300048828125,0,962.6300048828125
2017-02-15,965.0599975585938,971.239990234375,960.22998046875,970.5399780273438,0,970.5399780273438
2017-02-16,971.02001953125,972.7999877929688,965.3400268554688,971.239990234375,0,971.239990234375
2017-02-17,968.6900024414062,976.7999877929688,963.010009765625,976.7999877929688,0,976.7999877929688
2017-02-21,981.2100219726562,990.5900268554688,980.969970703125,990.4400024414062,0,990.4400024414062
2017-02-22,989.9000244140625,991.239990234375,985.989990234375,990.0700073242188,0,990.0700073242188
2017-02-23,986.8800048828125,987.0599975585938,967.8099975585938,973.8699951171875,0,973.8699951171875
2017-02-24,958.780029296875,973.5599975585938,955.1099853515625,973.4400024414062,0,973.4400024414062
2017-02-27,972.6599731445312,982.52001953125,971.77001953125,982.4000244140625,0,982.4000244140625
2017-02-28,982.2999877929688,982.4199829101562,967.3699951171875,969.3800048828125,0,969.3800048828125
2017-03-01,980.7899780273438,985.9400024414062,971.489990234375,985.260009765625,0,985.260009765625
2017-03-02,985.8699951171875,988.0900268554688,973.3300170898438,974.3300170898438,0,974.3300170898438
2017-03-03,973.8800048828125,975.2899780273438,968.27001953125,973.969970703125,0,973.969970703125
2017-03-06,968.1500244140625,976.030029296875,963.030029296875,974.1799926757812,0,974.1799926757812
2017-03-07,972.6799926757812,982.8400268554688,969.9500122070312,976.8499755859375,0,976.8499755859375
2017-03-08,981.530029296875,986.6199951171875,976.75,979.0,0,979.0
2017-03-09,976.0,982.4500122070312,973.3300170898438,980.47998046875,0,980.47998046875
2017-03-10,989.010009765625,994.2100219726562,986.489990234375,991.9299926757812,0,991.9299926757812
2017-03-13,995.4000244140625,999.6599731445312,993.0599975585938,999.3900146484375,0,999.3900146484375
2017-03-14,995.97998046875,996.6400146484375,988.4199829101562,996.3300170898438,0,996.3300170898438
2017-03-15,996.3599853515625,1006.2100219726562,992.9400024414062,1004.6500244140625,0,1004.6500244140625
2017-03-16,1005.2899780273438,1007.4500122070312,1001.0499877929688,1002.8099975585938,0,1002.8099975585938
2017-03-17,1004.1900024414062,1006.1199951171875,1002.1400146484375,1004.5999755859375,0,1004.5999755859375
2017-03-20,1005.97998046875,1015.9000244140625,1004.1900024414062,1012.2899780273438,0,1012.2899780273438
2017-03-21,1015.9400024414062,1017.1400146484375,986.989990234375,988.4199829101562,0,988.4199829101562
2017-03-22,987.8699951171875,1000.25,986.2999877929688,999.3400268554688,0,999.3400268554688
2017-03-23,997.9099731445312,1002.0900268554688,994.4400024414062,996.8499755859375,0,996.8499755859375
2017-03-24,1012.4099731445312,1016.6799926757812,1000.530029296875,1004.3499755859375,0,1004.3499755859375
2017-03-27,994.0900268554688,1008.47998046875,990.6599731445312,1005.9500122070312,0,1005.9500122070312
2017-03-28,1005.4400024414062,1012.9400024414062,1002.8800048828125,1008.969970703125,0,1008.969970703125
2017-03-29,1007.5,1008.6400146484375,1003.6599731445312,1006.489990234375,0,1006.489990234375
2017-03-30,1005.77001953125,1013.989990234375,1005.3900146484375,1011.8099975585938,0,1011.8099975585938
2017-03-31,1010.760009765625,1016.6099853515625,1008.3200073242188,1011.4000244140625,0,1011.4000244140625
2017-04-03,1012.7899780273438,1014.739990234375,998.8900146484375,1005.7999877929688,0,1005.7999877929688
2017-04-04,998.5700073242188,1007.0499877929688,997.22998046875,1000.47998046875,0,1000.47998046875
2017-04-05,1002.75,1010.02001953125,992.760009765625,993.530029296875,0,993.530029296875
2017-04-06,990.0800170898438,997.0700073242188,984.9400024414062,994.6900024414062,0,994.6900024414062
2017-04-07,994.219970703125,1002.3300170898438,992.8699951171875,999.3499755859375,0,999.3499755859375
2017-04-10,998.8300170898438,1000.239990234375,989.2100219726562,991.6199951171875,0,991.6199951171875
2017-04-11,983.9600219726562,984.4199829101562,968.77001953125,983.3400268554688,0,983.3400268554688
2017-04-12,981.27001953125,981.969970703125,964.5399780273438,966.5499877929688,0,966.5499877929688
2017-04-13,962.5399780273438,974.6199951171875,960.010009765625,960.010009765625,0,960.010009765625
2017-04-17,964.780029296875,972.6900024414062,964.6599731445312,972.5599975585938,0,972.5599975585938
2017-04-18,967.4299926757812,977.219970703125,966.3699951171875,976.6699829101562,0,976.6699829101562
2017-04-19,986.719970703125,990.4000244140625,980.3300170898438,982.0499877929688,0,982.0499877929688
2017-04-20,988.1799926757812,999.1799926757812,984.4600219726562,997.5499877929688,0,997.5499877929688
2017-04-21,992.469970703125,995.010009765625,985.27001953125,992.9400024414062,0,992.9400024414062
2017-04-24,1008.5599975585938,1010.7100219726562,1003.8400268554688,1007.7999877929688,0,1007.7999877929688
2017-04-25,1012.6799926757812,1019.4400024414062,1010.0800170898438,1017.8099975585938,0,1017.8099975585938
2017-04-26,1015.469970703125,1017.8599853515625,1005.8300170898438,1009.1599731445312,0,1009.1599731445312
2017-04-27,1016.030029296875,1024.6099853515625,1015.3499755859375,1023.2899780273438,0,1023.2899780273438
2017-04-28,1017.5999755859375,1019.1099853515625,1002.8900146484375,1005.530029296875,0,1005.530029296875
2017-05-01,1007.7000122070312,1015.7999877929688,1003.0800170898438,1015.4299926757812,0,1015.4299926757812
2017-05-02,1010.9400024414062,1010.9400024414062,999.530029296875,1004.6199951171875,0,1004.6199951171875
2017-05-03,1001.2000122070312,1009.22998046875,998.8699951171875,1008.0499877929688,0,1008.0499877929688
2017-05-04,1008.9600219726562,1010.6900024414062,1002.9500122070312,1006.8300170898438,0,1006.8300170898438
2017-05-05,1008.969970703125,1011.0499877929688,1001.6799926757812,1011.030029296875,0,1011.030029296875
2017-05-08,1011.5,1012.280029296875,1005.0399780273438,1007.1599731445312,0,1007.1599731445312
2017-05-09,1009.6300048828125,1019.8599853515625,1009.5800170898438,1017.5,0,1017.5
2017-05-10,1032.3199462890625,1040.5699462890625,1029.93994140625,1038.9200439453125,0,1038.9200439453125
2017-05-11,1036.219970703125,1047.239990234375,1029.25,1042.4300537109375,0,1042.4300537109375
2017-05-12,1043.550048828125,1046.4000244140625,1039.219970703125,1045.239990234375,0,1045.239990234375
2017-05-15,1048.4599609375,1062.1300048828125,1046.8299560546875,1061.050048828125,0,1061.050048828125
2017-05-16,1066.4000244140625,1077.050048828125,1061.449951171875,1076.8499755859375,0,1076.8499755859375
2017-05-17,1061.1700439453125,1066.2900390625,1029.3399658203125,1029.8299560546875,0,1029.8299560546875
2017-05-18,1030.31005859375,1052.199951171875,1027.3699951171875,1049.2900390625,0,1049.2900390625
2017-05-19,1057.530029296875,1064.300048828125,1057.47998046875,1060.77001953125,0,1060.77001953125
2017-05-22,1066.4000244140625,1072.77001953125,1065.1300048828125,1072.300048828125,0,1072.300048828125
2017-05-23,1071.550048828125,1071.5899658203125,1059.5799560546875,1067.93994140625,0,1067.93994140625
2017-05-24,1075.1300048828125,1076.75,1069.9100341796875,1074.8499755859375,0,1074.8499755859375
2017-05-25,1079.989990234375,1084.02001953125,1073.6500244140625,1080.75,0,1080.75
2017-05-26,1077.969970703125,1084.93994140625,1072.3399658203125,1084.8499755859375,0,1084.8499755859375
2017-05-30,1085.3199462890625,1094.1600341796875,1084.280029296875,1091.449951171875,0,1091.449951171875
2017-05-31,1101.1199951171875,1101.760009765625,1086.260009765625,1091.4200439453125,0,1091.4200439453125
2017-06-01,1094.1700439453125,1094.4000244140625,1086.1400146484375,1092.550048828125,0,1092.550048828125
2017-06-02,1100.1400146484375,1104.9000244140625,1091.4100341796875,1103.4000244140625,0,1103.4000244140625
2017-06-05,1102.47998046875,1112.0699462890625,1102.47998046875,1106.219970703125,0,1106.219970703125
2017-06-06,1102.5899658203125,1117.47998046875,1101.0,1110.0799560546875,0,1110.0799560546875
2017-06-07,1115.5999755859375,1122.3800048828125,1112.3199462890625,1118.300048828125,0,1118.300048828125
2017-06-08,1126.1500244140625,1138.8900146484375,1117.7900390625,1138.25,0,1138.25
2017-06-09,1145.1800537109375,1149.8599853515625,1068.56005859375,1090.050048828125,0,1090.050048828125
2017-06-12,1074.93994140625,1087.8599853515625,1053.3299560546875,1084.43994140625,0,1084.43994140625
2017-06-13,1095.8499755859375,1101.969970703125,1078.3499755859375,1091.3499755859375,0,1091.3499755859375
2017-06-14,1094.550048828125,1094.989990234375,1068.27001953125,1079.8199462890625,0,1079.8199462890625
2017-06-15,1061.5699462890625,1074.43994140625,1060.6600341796875,1070.760009765625,0,1070.760009765625
2017-06-16,1072.3599853515625,1079.5,1063.56005859375,1067.22998046875,0,1067.22998046875
2017-06-19,1079.93994140625,1088.780029296875,1079.9300537109375,1087.9200439453125,0,1087.9200439453125
2017-06-20,1089.4200439453125,1094.1800537109375,1074.6199951171875,1074.8800048828125,0,1074.8800048828125
2017-06-21,1080.510009765625,1088.1600341796875,1075.5999755859375,1087.4200439453125,0,1087.4200439453125
2017-06-22,1089.0799560546875,1089.949951171875,1080.010009765625,1084.9599609375,0,1084.9599609375
2017-06-23,1084.8299560546875,1094.3699951171875,1081.8800048828125,1088.47998046875,0,1088.47998046875
2017-06-26,1095.6199951171875,1099.4100341796875,1072.510009765625,1077.9200439453125,0,1077.9200439453125
2017-06-27,1072.6099853515625,1072.6099853515625,1048.52001953125,1048.6600341796875,0,1048.6600341796875
2017-06-28,1057.2099609375,1068.199951171875,1044.8299560546875,1067.1800537109375,0,1067.1800537109375
2017-06-29,1060.02001953125,1061.199951171875,1026.050048828125,1040.4200439453125,0,1040.4200439453125
2017-06-30,1044.969970703125,1048.68994140625,1030.510009765625,1034.9100341796875,0,1034.9100341796875
2017-07-03,1040.9200439453125,1044.5899658203125,1020.4199829101562,1020.510009765625,0,1020.510009765625
2017-07-05,1027.8800048828125,1043.1500244140625,1026.989990234375,1041.780029296875,0,1041.780029296875
2017-07-06,1032.22998046875,1045.8800048828125,1027.1400146484375,1037.050048828125,0,1037.050048828125
2017-07-07,1043.489990234375,1058.5999755859375,1043.489990234375,1054.9000244140625,0,1054.9000244140625
2017-07-10,1058.9599609375,1069.25,1052.3800048828125,1067.0999755859375,0,1067.0999755859375
2017-07-11,1066.8699951171875,1076.06005859375,1063.5,1075.4200439453125,0,1075.4200439453125
2017-07-12,1085.8800048828125,1095.239990234375,1082.52001953125,1092.8599853515625,0,1092.8599853515625
2017-07-13,1093.8699951171875,1101.2900390625,1086.47998046875,1090.1300048828125,0,1090.1300048828125
2017-07-14,1094.6099853515625,1104.81005859375,1093.8199462890625,1104.3199462890625,0,1104.3199462890625
2017-07-17,1106.8499755859375,1107.1300048828125,1096.0899658203125,1099.550048828125,0,1099.550048828125
2017-07-18,1092.969970703125,1103.469970703125,1089.8599853515625,1103.3499755859375,0,1103.3499755859375
2017-07-19,1108.5799560546875,1113.510009765625,1105.8299560546875,1113.1800537109375,0,1113.1800537109375
2017-07-20,1113.5899658203125,1117.8900146484375,1104.5799560546875,1116.6199951171875,0,1116.6199951171875
2017-07-21,1108.010009765625,1108.0799560546875,1101.5,1107.5400390625,0,1107.5400390625
2017-07-24,1108.1300048828125,1108.1700439453125,1101.5,1103.010009765625,0,1103.010009765625
2017-07-25,1099.97998046875,1105.4100341796875,1092.1600341796875,1102.5899658203125,0,1102.5899658203125
2017-07-26,1111.93994140625,1119.68994140625,1108.510009765625,1115.3499755859375,0,1115.3499755859375
2017-07-27,1118.8399658203125,1120.510009765625,1084.2900390625,1097.27001953125,0,1097.27001953125
2017-07-28,1093.1199951171875,1097.5699462890625,1088.050048828125,1092.989990234375,0,1092.989990234375
2017-07-31,1096.9200439453125,1099.3699951171875,1081.9100341796875,1085.1500244140625,0,1085.1500244140625
2017-08-01,1087.75,1091.43994140625,1083.010009765625,1091.1300048828125,0,1091.1300048828125
2017-08-02,1099.489990234375,1099.949951171875,1076.3599853515625,1083.9599609375,0,1083.9599609375
2017-08-03,1082.8900146484375,1085.6199951171875,1073.739990234375,1078.800048828125,0,1078.800048828125
2017-08-04,1080.22998046875,1087.800048828125,1076.4200439453125,1079.449951171875,0,1079.449951171875
2017-08-07,1082.8499755859375,1098.5899658203125,1082.5699462890625,1098.25,0,1098.25
2017-08-08,1098.219970703125,1107.22998046875,1090.699951171875,1093.77001953125,0,1093.77001953125
2017-08-09,1083.6199951171875,1091.8399658203125,1080.9100341796875,1090.489990234375,0,1090.489990234375
2017-08-10,1082.0899658203125,1084.25,1059.6500244140625,1060.02001953125,0,1060.02001953125
2017-08-11,1053.030029296875,1068.1199951171875,1052.719970703125,1066.219970703125,0,1066.219970703125
2017-08-14,1078.9200439453125,1094.8199462890625,1078.8699951171875,1093.739990234375,0,1093.739990234375
2017-08-15,1095.030029296875,1098.3399658203125,1088.6600341796875,1096.4300537109375,0,1096.4300537109375
2017-08-16,1099.8499755859375,1102.6199951171875,1093.1300048828125,1098.0699462890625,0,1098.0699462890625
2017-08-17,1091.550048828125,1095.8499755859375,1069.6800537109375,1069.699951171875,0,1069.699951171875
2017-08-18,1076.989990234375,1080.0,1066.760009765625,1071.8900146484375,0,1071.8900146484375
2017-08-21,1073.5899658203125,1073.6300048828125,1057.1700439453125,1064.52001953125,0,1064.52001953125
2017-08-22,1071.97998046875,1083.5699462890625,1071.760009765625,1081.6400146484375,0,1081.6400146484375
2017-08-23,1072.8399658203125,1088.77001953125,1072.6199951171875,1086.4100341796875,0,1086.4100341796875
2017-08-24,1090.510009765625,1091.489990234375,1079.510009765625,1085.9300537109375,0,1085.9300537109375
2017-08-25,1090.699951171875,1091.8399658203125,1078.81005859375,1080.5,0,1080.5
2017-08-28,1083.6700439453125,1083.93994140625,1077.280029296875,1082.6199951171875,0,1082.6199951171875
2017-08-29,1070.56005859375,1087.3199462890625,1070.0799560546875,1084.8599853515625,0,1084.8599853515625
2017-08-30,1088.3499755859375,1104.81005859375,1086.8599853515625,1103.68994140625,0,1103.68994140625
2017-08-31,1106.3499755859375,1115.510009765625,1105.219970703125,1114.31005859375,0,1114.31005859375
2017-09-01,1117.72998046875,1124.6600341796875,1117.4200439453125,1119.3399658203125,0,1119.3399658203125
2017-09-05,1112.7900390625,1116.72998046875,1094.1700439453125,1103.6300048828125,0,1103.6300048828125
2017-09-06,1108.5999755859375,1110.56005859375,1099.8800048828125,1105.760009765625,0,1105.760009765625
2017-09-07,1108.68994140625,1111.469970703125,1102.5999755859375,1107.3399658203125,0,1107.3399658203125
2017-09-08,1106.3499755859375,1107.1099853515625,1090.18994140625,1093.489990234375,0,1093.489990234375
2017-09-11,1103.949951171875,1117.5,1103.3299560546875,1115.4599609375,0,1115.4599609375
2017-09-12,1118.3599853515625,1123.1099853515625,1113.5699462890625,1120.199951171875,0,1120.199951171875
2017-09-13,1117.2099609375,1124.6700439453125,1113.81005859375,1122.0400390625,0,1122.0400390625
2017-09-14,1118.300048828125,1133.300048828125,1117.010009765625,1127.4200439453125,0,1127.4200439453125
2017-09-15,1130.3599853515625,1147.6400146484375,1130.280029296875,1146.6800537109375,0,1146.6800537109375
2017-09-18,1153.77001953125,1168.030029296875,1153.739990234375,1160.9000244140625,0,1160.9000244140625
2017-09-19,1163.43994140625,1169.010009765625,1157.3199462890625,1164.97998046875,0,1164.97998046875
2017-09-20,1165.010009765625,1165.469970703125,1133.280029296875,1148.5999755859375,0,1148.5999755859375
2017-09-21,1146.47998046875,1147.72998046875,1134.1300048828125,1143.8699951171875,0,1143.8699951171875
2017-09-22,1139.43994140625,1151.0799560546875,1139.25,1149.5899658203125,0,1149.5899658203125
2017-09-25,1144.469970703125,1144.72998046875,1122.1600341796875,1126.93994140625,0,1126.93994140625
2017-09-26,1136.1300048828125,1138.260009765625,1122.3699951171875,1126.4000244140625,0,1126.4000244140625
2017-09-27,1141.0899658203125,1157.5400390625,1137.9000244140625,1153.0,0,1153.0
2017-09-28,1150.219970703125,1162.0799560546875,1149.0799560546875,1161.68994140625,0,1161.68994140625
2017-09-29,1165.489990234375,1172.8900146484375,1160.3900146484375,1171.739990234375,0,1171.739990234375
2017-10-02,1176.6099853515625,1184.0699462890625,1170.739990234375,1178.75,0,1178.75
2017-10-03,1180.2900390625,1185.530029296875,1177.1600341796875,1182.4300537109375,0,1182.4300537109375
2017-10-04,1179.6600341796875,1185.3299560546875,1174.5999755859375,1185.239990234375,0,1185.239990234375
2017-10-05,1188.5699462890625,1189.56005859375,1179.530029296875,1186.0699462890625,0,1186.0699462890625
2017-10-06,1182.010009765625,1191.469970703125,1181.9100341796875,1191.449951171875,0,1191.449951171875
2017-10-09,1194.949951171875,1201.0899658203125,1194.1800537109375,1199.8599853515625,0,1199.8599853515625
2017-10-10,1209.5,1210.1800537109375,1194.8499755859375,1207.199951171875,0,1207.199951171875
2017-10-11,1204.9000244140625,1215.5699462890625,1204.030029296875,1215.18994140625,0,1215.18994140625
2017-10-12,1214.1300048828125,1219.3499755859375,1210.4000244140625,1211.0999755859375,0,1211.0999755859375
2017-10-13,1218.8399658203125,1223.31005859375,1213.8499755859375,1219.2099609375,0,1219.2099609375
2017-10-16,1224.510009765625,1225.0999755859375,1216.72998046875,1224.989990234375,0,1224.989990234375
2017-10-17,1223.1700439453125,1225.010009765625,1218.3800048828125,1224.1199951171875,0,1224.1199951171875
2017-10-18,1226.780029296875,1230.0699462890625,1212.1700439453125,1228.1600341796875,0,1228.1600341796875
2017-10-19,1216.449951171875,1225.1199951171875,1206.3399658203125,1225.050048828125,0,1225.050048828125
2017-10-20,1235.43994140625,1237.6300048828125,1229.47998046875,1231.3399658203125,0,1231.3399658203125
2017-10-23,1237.3299560546875,1243.9300537109375,1231.6400146484375,1237.1400146484375,0,1237.1400146484375
2017-10-24,1239.6700439453125,1247.18994140625,1236.050048828125,1245.3800048828125,0,1245.3800048828125
2017-10-25,1236.6400146484375,1242.2099609375,1216.989990234375,1229.27001953125,0,1229.27001953125
2017-10-26,1233.97998046875,1239.5699462890625,1230.550048828125,1237.030029296875,0,1237.030029296875
2017-10-27,1248.3599853515625,1264.6600341796875,1239.97998046875,1263.550048828125,0,1263.550048828125
2017-10-30,1261.510009765625,1270.8399658203125,1258.9100341796875,1265.9100341796875,0,1265.9100341796875
2017-10-31,1265.1800537109375,1279.3199462890625,1265.1800537109375,1275.6099853515625,0,1275.6099853515625
2017-11-01,1284.1300048828125,1284.6800537109375,1260.0699462890625,1271.510009765625,0,1271.510009765625
2017-11-02,1270.4300537109375,1280.5999755859375,1263.760009765625,1277.3399658203125,0,1277.3399658203125
2017-11-03,1282.4100341796875,1300.02001953125,1273.1500244140625,1299.969970703125,0,1299.969970703125
2017-11-06,1314.1300048828125,1318.3199462890625,1302.239990234375,1317.3399658203125,0,1317.3399658203125
2017-11-07,1314.68994140625,1319.219970703125,1308.010009765625,1316.550048828125,0,1316.550048828125
2017-11-08,1314.3299560546875,1321.9000244140625,1310.3599853515625,1321.1300048828125,0,1321.1300048828125
2017-11-09,1306.0999755859375,1306.449951171875,1278.68994140625,1294.6600341796875,0,1294.6600341796875
2017-11-10,1298.3499755859375,1303.97998046875,1295.3699951171875,1303.06005859375,0,1303.06005859375
2017-11-13,1297.5,1308.1300048828125,1296.4200439453125,1306.5799560546875,0,1306.5799560546875
2017-11-14,1301.8299560546875,1308.5400390625,1295.4100341796875,1305.0,0,1305.0
2017-11-15,1296.02001953125,1298.949951171875,1283.7099609375,1293.199951171875,0,1293.199951171875
2017-11-16,1301.3900146484375,1318.1099853515625,1301.3599853515625,1313.1099853515625,0,1313.1099853515625
2017-11-17,1319.969970703125,1320.1600341796875,1304.8299560546875,1306.9300537109375,0,1306.9300537109375
2017-11-20,1312.8399658203125,1324.77001953125,1311.3499755859375,1322.81005859375,0,1322.81005859375
2017-11-21,1329.0699462890625,1338.9200439453125,1327.77001953125,1337.9200439453125,0,1337.9200439453125
2017-11-22,1339.68994140625,1340.469970703125,1327.0400390625,1329.0999755859375,0,1329.0999755859375
2017-11-24,1333.56005859375,1342.050048828125,1333.030029296875,1341.68994140625,0,1341.68994140625
2017-11-27,1329.5799560546875,1331.4599609375,1322.219970703125,1324.1500244140625,0,1324.1500244140625
2017-11-28,1326.280029296875,1326.4599609375,1316.1400146484375,1323.0799560546875,0,1323.0799560546875
2017-11-29,1319.9200439453125,1320.8699951171875,1252.3800048828125,1265.010009765625,0,1265.010009765625
2017-11-30,1274.949951171875,1284.8399658203125,1263.5699462890625,1272.550048828125,0,1272.550048828125
2017-12-01,1262.6800537109375,1265.489990234375,1227.3199462890625,1258.6500244140625,0,1258.6500244140625
2017-12-04,1268.1800537109375,1268.6600341796875,1220.68994140625,1227.8499755859375,0,1227.8499755859375
2017-12-05,1221.239990234375,1251.3499755859375,1213.530029296875,1228.510009765625,0,1228.510009765625
2017-12-06,1217.280029296875,1234.300048828125,1211.489990234375,1232.260009765625,0,1232.260009765625
2017-12-07,1243.75,1248.43994140625,1236.6300048828125,1244.52001953125,0,1244.52001953125
2017-12-08,1255.4200439453125,1259.6300048828125,1237.239990234375,1238.239990234375,0,1238.239990234375
2017-12-11,1238.5699462890625,1248.81005859375,1236.7099609375,1245.5799560546875,0,1245.5799560546875
2017-12-12,1240.68994140625,1241.6199951171875,1232.199951171875,1233.1800537109375,0,1233.1800537109375
2017-12-13,1238.5899658203125,1244.56005859375,1232.6700439453125,1233.0400390625,0,1233.0400390625
2017-12-14,1235.4200439453125,1240.3699951171875,1229.300048828125,1232.4300537109375,0,1232.4300537109375
2017-12-15,1234.5899658203125,1254.6099853515625,1231.989990234375,1250.8900146484375,0,1250.8900146484375
2017-12-18,1262.8399658203125,1278.31005859375,1259.780029296875,1277.9100341796875,0,1277.9100341796875
2017-12-19,1277.0400390625,1281.06005859375,1269.8199462890625,1276.52001953125,0,1276.52001953125
2017-12-20,1289.3699951171875,1291.3299560546875,1274.68994140625,1285.43994140625,0,1285.43994140625
2017-12-21,1286.4200439453125,1287.2099609375,1270.530029296875,1271.81005859375,0,1271.81005859375
2017-12-22,1268.949951171875,1272.1099853515625,1263.0799560546875,1271.1700439453125,0,1271.1700439453125
2017-12-26,1256.0899658203125,1259.7099609375,1248.4599609375,1258.8800048828125,0,1258.8800048828125
2017-12-27,1259.8399658203125,1269.219970703125,1258.6300048828125,1263.3599853515625,0,1263.3599853515625
2017-12-28,1268.739990234375,1269.239990234375,1264.1500244140625,1266.300048828125,0,1266.300048828125
2017-12-29,1267.449951171875,1268.6199951171875,1253.0400390625,1253.050048828125,0,1253.050048828125
2018-01-02,1261.030029296875,1287.739990234375,1258.77001953125,1287.699951171875,0,1287.699951171875
2018-01-03,1291.6600341796875,1310.3699951171875,1291.2900390625,1309.8599853515625,0,1309.8599853515625
2018-01-04,1315.27001953125,1321.1099853515625,1306.3699951171875,1317.239990234375,0,1317.239990234375
2018-01-05,1321.1700439453125,1330.31005859375,1316.1300048828125,1325.7099609375,0,1325.7099609375
2018-01-08,1323.449951171875,1339.3699951171875,1321.969970703125,1335.5400390625,0,1335.5400390625
2018-01-09,1335.0699462890625,1337.1099853515625,1320.8199462890625,1322.5699462890625,0,1322.5699462890625
2018-01-10,1306.8299560546875,1312.010009765625,1296.0999755859375,1306.219970703125,0,1306.219970703125
2018-01-11,1309.3499755859375,1314.8399658203125,1305.199951171875,1314.3399658203125,0,1314.3399658203125
2018-01-12,1315.030029296875,1324.239990234375,1310.780029296875,1322.0999755859375,0,1322.0999755859375
2018-01-16,1334.530029296875,1340.9599609375,1318.5400390625,1325.969970703125,0,1325.969970703125
2018-01-17,1338.0699462890625,1366.0999755859375,1336.969970703125,1364.2900390625,0,1364.2900390625
2018-01-18,1363.469970703125,1377.1700439453125,1362.5,1370.56005859375,0,1370.56005859375
2018-01-19,1375.93994140625,1378.1600341796875,1363.8800048828125,1372.030029296875,0,1372.030029296875
2018-01-22,1372.5799560546875,1382.4100341796875,1367.6400146484375,1382.4100341796875,0,1382.4100341796875
2018-01-23,1386.5899658203125,1393.4000244140625,1383.1800537109375,1392.8599853515625,0,1392.8599853515625
2018-01-24,1373.7900390625,1383.719970703125,1351.72998046875,1360.6800537109375,0,1360.6800537109375
2018-01-25,1376.239990234375,1379.27001953125,1337.6199951171875,1337.6199951171875,0,1337.6199951171875
2018-01-26,1357.3900146484375,1381.280029296875,1355.4100341796875,1381.27001953125,0,1381.27001953125
2018-01-29,1372.719970703125,1388.2900390625,1362.219970703125,1378.4200439453125,0,1378.4200439453125
2018-01-30,1354.8199462890625,1366.280029296875,1348.93994140625,1350.43994140625,0,1350.43994140625
2018-01-31,1367.6400146484375,1370.9000244140625,1354.1300048828125,1361.5,0,1361.5
2018-02-01,1352.530029296875,1374.8699951171875,1349.9000244140625,1355.0699462890625,0,1355.0699462890625
2018-02-02,1341.27001953125,1344.469970703125,1317.7900390625,1317.97998046875,0,1317.97998046875
2018-02-05,1303.050048828125,1328.0699462890625,1253.0899658203125,1255.81005859375,0,1255.81005859375
2018-02-06,1241.5699462890625,1302.3900146484375,1238.6400146484375,1301.6600341796875,0,1301.6600341796875
2018-02-07,1287.8900146484375,1303.8299560546875,1272.5,1272.5,0,1272.5
2018-02-08,1277.8399658203125,1280.1700439453125,1218.6600341796875,1218.6600341796875,0,1218.6600341796875
2018-02-09,1246.8599853515625,1263.4100341796875,1203.6600341796875,1255.81005859375,0,1255.81005859375
2018-02-12,1268.2900390625,1287.1500244140625,1259.6400146484375,1279.1400146484375,0,1279.1400146484375
2018-02-13,1270.77001953125,1279.8800048828125,1266.6099853515625,1278.510009765625,0,1278.510009765625
2018-02-14,1270.699951171875,1309.050048828125,1269.9100341796875,1307.050048828125,0,1307.050048828125
2018-02-15,1316.4300537109375,1322.989990234375,1291.780029296875,1322.949951171875,0,1322.949951171875
2018-02-16,1318.1600341796875,1334.31005859375,1317.72998046875,1318.3199462890625,0,1318.3199462890625
2018-02-20,1314.010009765625,1353.3599853515625,1313.969970703125,1341.530029296875,0,1341.530029296875
2018-02-21,1345.969970703125,1349.4100341796875,1324.7900390625,1325.3499755859375,0,1325.3499755859375
2018-02-22,1330.2099609375,1336.3399658203125,1318.510009765625,1322.0899658203125,0,1322.0899658203125
2018-02-23,1336.719970703125,1351.1300048828125,1332.3399658203125,1351.0899658203125,0,1351.0899658203125
2018-02-26,1360.0899658203125,1380.27001953125,1359.18994140625,1380.27001953125,0,1380.27001953125
2018-02-27,1379.010009765625,1397.989990234375,1374.719970703125,1374.719970703125,0,1374.719970703125
2018-02-28,1383.9100341796875,1385.9300537109375,1361.1300048828125,1362.02001953125,0,1362.02001953125
2018-03-01,1362.449951171875,1367.43994140625,1324.969970703125,1340.1400146484375,0,1340.1400146484375
2018-03-02,1324.550048828125,1365.6600341796875,1322.5999755859375,1363.780029296875,0,1363.780029296875
2018-03-05,1354.3299560546875,1382.4599609375,1349.9100341796875,1375.8599853515625,0,1375.8599853515625
2018-03-06,1386.2900390625,1399.989990234375,1381.510009765625,1396.469970703125,0,1396.469970703125
2018-03-07,1382.8199462890625,1402.3399658203125,1382.8199462890625,1400.469970703125,0,1400.469970703125
2018-03-08,1408.1500244140625,1409.25,1393.8599853515625,1402.050048828125,0,1402.050048828125
2018-03-09,1411.3599853515625,1431.3900146484375,1410.6700439453125,1431.1600341796875,0,1431.1600341796875
2018-03-12,1441.4100341796875,1453.5,1437.0799560546875,1445.9000244140625,0,1445.9000244140625
2018-03-13,1454.75,1464.6099853515625,1417.4599609375,1423.4599609375,0,1423.4599609375
2018-03-14,1429.9100341796875,1430.27001953125,1410.5999755859375,1423.5,0,1423.5
2018-03-15,1428.510009765625,1431.9599609375,1415.5699462890625,1422.0699462890625,0,1422.0699462890625
2018-03-16,1427.199951171875,1430.5699462890625,1419.9300537109375,1422.5400390625,0,1422.5400390625
2018-03-19,1409.4300537109375,1414.5,1375.3800048828125,1394.8199462890625,0,1394.8199462890625
2018-03-20,1397.6300048828125,1409.699951171875,1396.050048828125,1405.5,0,1405.5
2018-03-21,1403.4200439453125,1425.0699462890625,1401.469970703125,1407.97998046875,0,1407.97998046875
2018-03-22,1386.0699462890625,1399.6300048828125,1368.5,1368.97998046875,0,1368.97998046875
2018-03-23,1365.8199462890625,1370.2900390625,1323.9200439453125,1323.9200439453125,0,1323.9200439453125
2018-03-26,1354.300048828125,1380.1400146484375,1338.75,1380.0999755859375,0,1380.0999755859375
2018-03-27,1390.1099853515625,1391.010009765625,1317.9599609375,1327.93994140625,0,1327.93994140625
2018-03-28,1319.7900390625,1331.800048828125,1294.31005859375,1299.8199462890625,0,1299.8199462890625
2018-03-29,1312.31005859375,1340.6600341796875,1300.0799560546875,1328.9000244140625,0,1328.9000244140625
2018-04-02,1316.760009765625,1326.0899658203125,1265.25,1277.010009765625,0,1277.010009765625
2018-04-03,1292.75,1305.1400146484375,1279.43994140625,1302.0899658203125,0,1302.0899658203125
2018-04-04,1266.06005859375,1321.9599609375,1266.06005859375,1319.010009765625,0,1319.010009765625
2018-04-05,1325.6300048828125,1329.3399658203125,1296.56005859375,1305.239990234375,0,1305.239990234375
2018-04-06,1285.18994140625,1301.6800537109375,1260.469970703125,1265.25,0,1265.25
2018-04-09,1276.4599609375,1310.3299560546875,1272.9100341796875,1273.800048828125,0,1273.800048828125
2018-04-10,1305.9100341796875,1321.989990234375,1295.3199462890625,1314.5400390625,0,1314.5400390625
2018-04-11,1306.2900390625,1326.22998046875,1304.4100341796875,1315.06005859375,0,1315.06005859375
2018-04-12,1325.8599853515625,1343.199951171875,1324.0899658203125,1339.6600341796875,0,1339.6600341796875
2018-04-13,1355.0,1355.0,1325.0699462890625,1329.4000244140625,0,1329.4000244140625
2018-04-16,1336.6199951171875,1339.6300048828125,1321.1600341796875,1332.52001953125,0,1332.52001953125
2018-04-17,1342.6099853515625,1360.6199951171875,1340.6600341796875,1357.719970703125,0,1357.719970703125
2018-04-18,1346.25,1351.5799560546875,1331.949951171875,1343.780029296875,0,1343.780029296875
2018-04-19,1313.8299560546875,1319.239990234375,1281.4000244140625,1285.8800048828125,0,1285.8800048828125
2018-04-20,1285.260009765625,1291.8299560546875,1265.4200439453125,1270.8299560546875,0,1270.8299560546875
2018-04-23,1275.9300537109375,1278.449951171875,1251.219970703125,1253.97998046875,0,1253.97998046875
2018-04-24,1266.719970703125,1276.31005859375,1232.9000244140625,1243.6700439453125,0,1243.6700439453125
2018-04-25,1249.989990234375,1253.68994140625,1223.0899658203125,1242.18994140625,0,1242.18994140625
2018-04-26,1263.8699951171875,1268.9599609375,1254.4599609375,1268.2099609375,0,1268.2099609375
2018-04-27,1284.3599853515625,1285.010009765625,1252.280029296875,1258.1099853515625,0,1258.1099853515625
2018-04-30,1260.02001953125,1265.739990234375,1239.780029296875,1244.4000244140625,0,1244.4000244140625
2018-05-01,1242.6700439453125,1266.8699951171875,1240.8900146484375,1265.93994140625,0,1265.93994140625
2018-05-02,1266.800048828125,1270.4100341796875,1254.6099853515625,1259.4200439453125,0,1259.4200439453125
2018-05-03,1248.949951171875,1272.550048828125,1240.300048828125,1267.43994140625,0,1267.43994140625
2018-05-04,1257.06005859375,1297.81005859375,1253.5799560546875,1296.72998046875,0,1296.72998046875
2018-05-07,1303.300048828125,1314.5,1301.8699951171875,1308.47998046875,0,1308.47998046875
2018-05-08,1308.3599853515625,1318.260009765625,1302.3199462890625,1318.02001953125,0,1318.02001953125
2018-05-09,1320.5400390625,1336.97998046875,1317.739990234375,1336.6800537109375,0,1336.6800537109375
2018-05-10,1346.1500244140625,1361.0999755859375,1344.530029296875,1360.719970703125,0,1360.719970703125
2018-05-11,1353.760009765625,1363.0400390625,1348.1600341796875,1350.4599609375,0,1350.4599609375
2018-05-14,1367.8299560546875,1382.68994140625,1364.3499755859375,1367.5,0,1367.5
2018-05-15,1359.1300048828125,1361.4000244140625,1342.260009765625,1351.0999755859375,0,1351.0999755859375
2018-05-16,1355.6700439453125,1372.030029296875,1355.6500244140625,1370.0999755859375,0,1370.0999755859375
2018-05-17,1365.8199462890625,1376.239990234375,1355.27001953125,1364.8699951171875,0,1364.8699951171875
2018-05-18,1349.5899658203125,1354.22998046875,1341.0400390625,1345.199951171875,0,1345.199951171875
2018-05-21,1365.4200439453125,1372.6500244140625,1347.0999755859375,1359.3399658203125,0,1359.3399658203125
2018-05-22,1369.68994140625,1376.8499755859375,1362.449951171875,1366.969970703125,0,1366.969970703125
2018-05-23,1352.760009765625,1374.1199951171875,1350.3800048828125,1373.949951171875,0,1373.949951171875
2018-05-24,1373.6300048828125,1382.030029296875,1362.1099853515625,1378.719970703125,0,1378.719970703125
2018-05-25,1379.0,1392.0799560546875,1377.510009765625,1390.8399658203125,0,1390.8399658203125
2018-05-29,1383.1300048828125,1392.719970703125,1371.3800048828125,1380.9200439453125,0,1380.9200439453125
2018-05-30,1388.3900146484375,1399.780029296875,1383.030029296875,1389.9100341796875,0,1389.9100341796875
2018-05-31,1383.760009765625,1393.6099853515625,1377.3199462890625,1379.0,0,1379.0
2018-06-01,1391.530029296875,1411.4300537109375,1387.6700439453125,1411.31005859375,0,1411.31005859375
2018-06-04,1412.989990234375,1423.8800048828125,1409.4300537109375,1422.6700439453125,0,1422.6700439453125
2018-06-05,1427.5799560546875,1432.260009765625,1420.0899658203125,1428.510009765625,0,1428.510009765625
2018-06-06,1430.1300048828125,1438.1300048828125,1423.0799560546875,1437.93994140625,0,1437.93994140625
2018-06-07,1438.6600341796875,1440.550048828125,1414.550048828125,1424.3399658203125,0,1424.3399658203125
2018-06-08,1407.2900390625,1414.9200439453125,1400.6099853515625,1412.2900390625,0,1412.2900390625
2018-06-11,1409.9000244140625,1416.47998046875,1404.739990234375,1408.989990234375,0,1408.989990234375
2018-06-12,1412.4200439453125,1417.4599609375,1404.1800537109375,1416.3699951171875,0,1416.3699951171875
2018-06-13,1416.7099609375,1429.5400390625,1413.3299560546875,1414.47998046875,0,1414.47998046875
2018-06-14,1420.6400146484375,1429.989990234375,1414.8599853515625,1423.1199951171875,0,1423.1199951171875
2018-06-15,1414.8699951171875,1423.3599853515625,1409.31005859375,1422.0400390625,0,1422.0400390625
2018-06-18,1407.3499755859375,1409.9300537109375,1395.1700439453125,1407.9100341796875,0,1407.9100341796875
2018-06-19,1381.530029296875,1392.4300537109375,1370.8599853515625,1391.5799560546875,0,1391.5799560546875
2018-06-20,1400.56005859375,1405.3699951171875,1392.510009765625,1398.5999755859375,0,1398.5999755859375
2018-06-21,1408.3499755859375,1408.8499755859375,1379.3699951171875,1381.010009765625,0,1381.010009765625
2018-06-22,1388.719970703125,1389.1300048828125,1367.7900390625,1371.0,0,1371.0
2018-06-25,1347.52001953125,1348.2900390625,1311.280029296875,1328.0400390625,0,1328.0400390625
2018-06-26,1334.2099609375,1339.9100341796875,1326.5,1333.4000244140625,0,1333.4000244140625
2018-06-27,1338.199951171875,1343.469970703125,1300.1099853515625,1300.510009765625,0,1300.510009765625
2018-06-28,1298.52001953125,1313.949951171875,1295.719970703125,1311.6400146484375,0,1311.6400146484375
2018-06-29,1321.8900146484375,1329.6199951171875,1313.699951171875,1313.699951171875,0,1313.699951171875
2018-07-02,1297.8900146484375,1322.3499755859375,1293.780029296875,1321.81005859375,0,1321.81005859375
2018-07-03,1326.5799560546875,1327.31005859375,1296.5,1297.7099609375,0,1297.7099609375
2018-07-05,1312.199951171875,1333.1400146484375,1311.9200439453125,1332.9599609375,0,1332.9599609375
2018-07-06,1330.969970703125,1351.31005859375,1325.8499755859375,1349.18994140625,0,1349.18994140625
2018-07-09,1359.8299560546875,1360.5699462890625,1342.0999755859375,1358.030029296875,0,1358.030029296875
2018-07-10,1360.3199462890625,1375.3299560546875,1359.800048828125,1372.25,0,1372.25
2018-07-11,1351.469970703125,1358.0699462890625,1336.06005859375,1336.7099609375,0,1336.7099609375
2018-07-12,1331.260009765625,1347.5699462890625,1324.969970703125,1346.199951171875,0,1346.199951171875
2018-07-13,1348.4000244140625,1349.2099609375,1339.18994140625,1340.8299560546875,0,1340.8299560546875
2018-07-16,1341.0,1348.3499755859375,1338.4000244140625,1339.239990234375,0,1339.239990234375
2018-07-17,1329.0799560546875,1359.280029296875,1328.8399658203125,1358.989990234375,0,1358.989990234375
2018-07-18,1367.6800537109375,1371.56005859375,1360.1099853515625,1369.4599609375,0,1369.4599609375
2018-07-19,1365.949951171875,1371.6400146484375,1357.3900146484375,1365.8199462890625,0,1365.8199462890625
2018-07-20,1364.9300537109375,1366.969970703125,1352.4300537109375,1359.18994140625,0,1359.18994140625
2018-07-23,1352.0999755859375,1363.6600341796875,1335.0999755859375,1361.3800048828125,0,1361.3800048828125
2018-07-24,1368.3900146484375,1377.02001953125,1345.050048828125,1346.5799560546875,0,1346.5799560546875
2018-07-25,1345.050048828125,1353.300048828125,1328.5999755859375,1353.1500244140625,0,1353.1500244140625
2018-07-26,1368.27001953125,1379.3199462890625,1363.6800537109375,1378.4200439453125,0,1378.4200439453125
2018-07-27,1384.3900146484375,1391.5699462890625,1362.5999755859375,1372.239990234375,0,1372.239990234375
2018-07-30,1374.2900390625,1375.02001953125,1351.9000244140625,1358.56005859375,0,1358.56005859375
2018-07-31,1370.030029296875,1386.0699462890625,1364.8299560546875,1367.469970703125,0,1367.469970703125
2018-08-01,1367.81005859375,1379.52001953125,1359.6300048828125,1365.1099853515625,0,1365.1099853515625
2018-08-02,1348.72998046875,1380.6800537109375,1348.1300048828125,1378.8299560546875,0,1378.8299560546875
2018-08-03,1379.6300048828125,1382.8599853515625,1372.8900146484375,1381.6400146484375,0,1381.6400146484375
2018-08-06,1376.1800537109375,1389.3199462890625,1371.0899658203125,1389.219970703125,0,1389.219970703125
2018-08-07,1392.4300537109375,1400.8800048828125,1390.1300048828125,1400.0,0,1400.0
2018-08-08,1399.4100341796875,1406.0400390625,1395.010009765625,1403.77001953125,0,1403.77001953125
2018-08-09,1397.550048828125,1397.9200439453125,1388.949951171875,1389.06005859375,0,1389.06005859375
2018-08-10,1360.3399658203125,1366.47998046875,1348.6199951171875,1354.800048828125,0,1354.800048828125
2018-08-13,1357.530029296875,1368.77001953125,1355.5,1356.75,0,1356.75
2018-08-14,1364.050048828125,1366.6300048828125,1352.9300537109375,1354.18994140625,0,1354.18994140625
2018-08-15,1341.6800537109375,1347.8499755859375,1321.6800537109375,1334.8599853515625,0,1334.8599853515625
2018-08-16,1343.8699951171875,1344.4200439453125,1329.8199462890625,1333.0899658203125,0,1333.0899658203125
2018-08-17,1317.1500244140625,1327.02001953125,1304.219970703125,1323.4100341796875,0,1323.4100341796875
2018-08-20,1325.3199462890625,1330.010009765625,1307.4599609375,1322.0999755859375,0,1322.0999755859375
2018-08-21,1326.8199462890625,1351.3900146484375,1326.06005859375,1348.280029296875,0,1348.280029296875
2018-08-22,1340.4599609375,1355.75,1336.8900146484375,1354.530029296875,0,1354.530029296875
2018-08-23,1354.8599853515625,1365.800048828125,1353.1400146484375,1356.1300048828125,0,1356.1300048828125
2018-08-24,1364.52001953125,1376.239990234375,1361.47998046875,1375.8800048828125,0,1375.8800048828125
2018-08-27,1386.6300048828125,1407.719970703125,1383.6400146484375,1397.4599609375,0,1397.4599609375
2018-08-28,1403.6300048828125,1408.27001953125,1389.3199462890625,1402.949951171875,0,1402.949951171875
2018-08-29,1399.31005859375,1410.1300048828125,1397.3599853515625,1406.3800048828125,0,1406.3800048828125
2018-08-30,1402.719970703125,1407.6500244140625,1391.3699951171875,1393.1700439453125,0,1393.1700439453125
2018-08-31,1392.1199951171875,1402.8399658203125,1392.0400390625,1401.199951171875,0,1401.199951171875
2018-09-04,1395.75,1411.6500244140625,1391.199951171875,1410.9300537109375,0,1410.9300537109375
2018-09-05,1411.489990234375,1413.550048828125,1392.2099609375,1403.8199462890625,0,1403.8199462890625
2018-09-06,1398.1099853515625,1399.5899658203125,1365.3199462890625,1366.3499755859375,0,1366.3499755859375
2018-09-07,1361.56005859375,1380.8900146484375,1357.81005859375,1360.77001953125,0,1360.77001953125
2018-09-10,1371.239990234375,1376.0,1362.56005859375,1375.739990234375,0,1375.739990234375
2018-09-11,1366.1099853515625,1371.6099853515625,1354.72998046875,1361.8900146484375,0,1361.8900146484375
2018-09-12,1341.550048828125,1346.510009765625,1316.760009765625,1346.02001953125,0,1346.02001953125
2018-09-13,1364.6800537109375,1378.800048828125,1356.489990234375,1362.199951171875,0,1362.199951171875
2018-09-14,1369.5999755859375,1382.3499755859375,1365.9000244140625,1377.31005859375,0,1377.31005859375
2018-09-17,1370.1700439453125,1375.72998046875,1356.0999755859375,1357.47998046875,0,1357.47998046875
2018-09-18,1363.6600341796875,1377.0400390625,1363.52001953125,1368.8699951171875,0,1368.8699951171875
2018-09-19,1371.510009765625,1377.239990234375,1365.3299560546875,1371.6800537109375,0,1371.6800537109375
2018-09-20,1381.050048828125,1392.800048828125,1381.010009765625,1387.6700439453125,0,1387.6700439453125
2018-09-21,1386.3800048828125,1394.0999755859375,1380.260009765625,1383.0899658203125,0,1383.0899658203125
2018-09-24,1375.300048828125,1389.06005859375,1369.739990234375,1388.4599609375,0,1388.4599609375
2018-09-25,1383.75,1383.8399658203125,1362.81005859375,1364.8199462890625,0,1364.8199462890625
2018-09-26,1360.0400390625,1367.8199462890625,1350.56005859375,1351.8499755859375,0,1351.8499755859375
2018-09-27,1356.6300048828125,1362.550048828125,1352.8399658203125,1357.8699951171875,0,1357.8699951171875
2018-09-28,1355.3699951171875,1370.5799560546875,1351.9000244140625,1366.739990234375,0,1366.739990234375
2018-10-01,1370.9300537109375,1382.050048828125,1367.31005859375,1370.43994140625,0,1370.43994140625
2018-10-02,1368.1500244140625,1389.4599609375,1368.0999755859375,1370.8699951171875,0,1370.8699951171875
2018-10-03,1378.77001953125,1381.1700439453125,1359.719970703125,1372.4000244140625,0,1372.4000244140625
2018-10-04,1362.8199462890625,1363.739990234375,1336.0699462890625,1347.1600341796875,0,1347.1600341796875
2018-10-05,1346.6300048828125,1348.9200439453125,1303.8900146484375,1315.8399658203125,0,1315.8399658203125
2018-10-08,1306.31005859375,1317.0899658203125,1289.9200439453125,1301.0,0,1301.0
2018-10-09,1299.0799560546875,1305.8800048828125,1291.760009765625,1300.1500244140625,0,1300.1500244140625
2018-10-10,1278.800048828125,1282.760009765625,1241.449951171875,1242.0999755859375,0,1242.0999755859375
2018-10-11,1244.8399658203125,1266.5400390625,1220.489990234375,1229.3599853515625,0,1229.3599853515625
2018-10-12,1264.3800048828125,1269.52001953125,1234.3599853515625,1253.5799560546875,0,1253.5799560546875
2018-10-15,1245.8800048828125,1255.969970703125,1237.489990234375,1241.8199462890625,0,1241.8199462890625
2018-10-16,1255.5899658203125,1284.27001953125,1255.0,1282.949951171875,0,1282.949951171875
2018-10-17,1292.5,1295.050048828125,1268.800048828125,1277.31005859375,0,1277.31005859375
2018-10-18,1271.6600341796875,1271.6600341796875,1241.02001953125,1245.300048828125,0,1245.300048828125
2018-10-19,1253.8900146484375,1260.219970703125,1221.75,1225.93994140625,0,1225.93994140625
2018-10-22,1236.3699951171875,1241.489990234375,1223.3900146484375,1234.199951171875,0,1234.199951171875
2018-10-23,1197.969970703125,1234.3699951171875,1189.1300048828125,1227.6099853515625,0,1227.6099853515625
2018-10-24,1204.739990234375,1207.3299560546875,1144.72998046875,1146.4100341796875,0,1146.4100341796875
2018-10-25,1151.239990234375,1182.1099853515625,1151.219970703125,1173.2099609375,0,1173.2099609375
2018-10-26,1145.0899658203125,1172.6400146484375,1134.1800537109375,1153.0,0,1153.0
2018-10-29,1175.9300537109375,1181.2900390625,1119.3699951171875,1140.1500244140625,0,1140.1500244140625
2018-10-30,1141.719970703125,1188.739990234375,1140.3599853515625,1187.5699462890625,0,1187.5699462890625
2018-10-31,1205.5799560546875,1211.7099609375,1191.8900146484375,1202.300048828125,0,1202.300048828125
2018-11-01,1210.5999755859375,1261.530029296875,1210.3699951171875,1258.0799560546875,0,1258.0799560546875
2018-11-02,1257.0999755859375,1260.699951171875,1224.780029296875,1239.1600341796875,0,1239.1600341796875
2018-11-05,1233.9599609375,1235.280029296875,1208.3699951171875,1228.5999755859375,0,1228.5999755859375
2018-11-06,1226.3499755859375,1246.81005859375,1226.31005859375,1242.6300048828125,0,1242.6300048828125
2018-11-07,1255.1400146484375,1260.68994140625,1242.550048828125,1257.469970703125,0,1257.469970703125
2018-11-08,1241.3199462890625,1260.9100341796875,1240.489990234375,1252.22998046875,0,1252.22998046875
2018-11-09,1235.6500244140625,1239.050048828125,1218.2099609375,1229.050048828125,0,1229.050048828125
2018-11-12,1207.0799560546875,1208.239990234375,1170.4599609375,1174.489990234375,0,1174.489990234375
2018-11-13,1186.530029296875,1213.9200439453125,1184.7099609375,1190.3699951171875,0,1190.3699951171875
2018-11-14,1205.300048828125,1212.77001953125,1183.9200439453125,1194.7099609375,0,1194.7099609375
2018-11-15,1189.6400146484375,1239.7099609375,1189.3199462890625,1234.6199951171875,0,1234.6199951171875
2018-11-16,1194.949951171875,1225.8199462890625,1193.56005859375,1220.1400146484375,0,1220.1400146484375
2018-11-19,1213.4300537109375,1217.5400390625,1172.3599853515625,1173.010009765625,0,1173.010009765625
2018-11-20,1143.949951171875,1190.3900146484375,1143.93994140625,1174.8199462890625,0,1174.8199462890625
2018-11-21,1191.5999755859375,1196.510009765625,1179.449951171875,1179.72998046875,0,1179.72998046875
2018-11-23,1168.8599853515625,1189.8399658203125,1168.8599853515625,1179.239990234375,0,1179.239990234375
2018-11-26,1199.780029296875,1201.8199462890625,1184.760009765625,1201.719970703125,0,1201.719970703125
2018-11-27,1193.1199951171875,1213.550048828125,1189.4599609375,1204.0799560546875,0,1204.0799560546875
2018-11-28,1214.4100341796875,1231.739990234375,1192.969970703125,1231.449951171875,0,1231.449951171875
2018-11-29,1226.4200439453125,1233.8599853515625,1219.1400146484375,1221.4300537109375,0,1221.4300537109375
2018-11-30,1220.52001953125,1239.6300048828125,1210.1600341796875,1239.5999755859375,0,1239.5999755859375
2018-12-03,1278.739990234375,1281.3499755859375,1259.4200439453125,1272.739990234375,0,1272.739990234375
2018-12-04,1263.239990234375,1263.6600341796875,1208.5400390625,1209.3499755859375,0,1209.3499755859375
2018-12-06,1178.010009765625,1202.8800048828125,1170.530029296875,1202.8299560546875,0,1202.8299560546875
2018-12-07,1200.050048828125,1202.9599609375,1152.3399658203125,1157.8599853515625,0,1157.8599853515625
2018-12-10,1157.5899658203125,1178.72998046875,1152.1800537109375,1174.18994140625,0,1174.18994140625
2018-12-11,1200.27001953125,1208.989990234375,1174.5799560546875,1181.47998046875,0,1181.47998046875
2018-12-12,1203.6400146484375,1216.010009765625,1190.4000244140625,1198.9000244140625,0,1198.9000244140625
2018-12-13,1208.0,1211.9300537109375,1190.1300048828125,1194.5899658203125,0,1194.5899658203125
2018-12-14,1179.8699951171875,1201.75,1177.27001953125,1177.5699462890625,0,1177.5699462890625
2018-12-17,1175.550048828125,1193.9599609375,1155.780029296875,1162.4599609375,0,1162.4599609375
2018-12-18,1173.6099853515625,1195.5899658203125,1171.6800537109375,1177.3599853515625,0,1177.3599853515625
2018-12-19,1167.5899658203125,1183.3199462890625,1122.1800537109375,1127.43994140625,0,1127.43994140625
2018-12-20,1131.5400390625,1144.8299560546875,1104.3699951171875,1117.739990234375,0,1117.739990234375
2018-12-21,1135.510009765625,1138.56005859375,1097.2099609375,1101.2900390625,0,1101.2900390625
2018-12-24,1091.6199951171875,1103.18994140625,1068.9200439453125,1069.3900146484375,0,1069.3900146484375
2018-12-26,1082.1500244140625,1131.300048828125,1066.3900146484375,1131.0999755859375,0,1131.0999755859375
2018-12-27,1112.0799560546875,1140.0,1101.0799560546875,1139.489990234375,0,1139.489990234375
2018-12-28,1144.780029296875,1168.31005859375,1137.8399658203125,1147.3699951171875,0,1147.3699951171875
2018-12-31,1160.1700439453125,1164.3699951171875,1143.5999755859375,1155.1700439453125,0,1155.1700439453125
2019-01-02,1131.469970703125,1173.52001953125,1131.43994140625,1165.300048828125,0,1165.300048828125
2019-01-03,1136.9599609375,1142.9200439453125,1094.5899658203125,1096.030029296875,0,1096.030029296875
2019-01-04,1114.47998046875,1148.449951171875,1111.7900390625,1143.9599609375,0,1143.9599609375
2019-01-07,1147.219970703125,1176.75,1143.239990234375,1166.239990234375,0,1166.239990234375
2019-01-08,1177.760009765625,1177.8199462890625,1145.3800048828125,1160.550048828125,0,1160.550048828125
2019-01-09,1175.030029296875,1195.6300048828125,1174.6700439453125,1189.8399658203125,0,1189.8399658203125
2019-01-10,1181.260009765625,1202.9599609375,1178.72998046875,1201.4000244140625,0,1201.4000244140625
2019-01-11,1194.6500244140625,1224.02001953125,1192.050048828125,1213.0400390625,0,1213.0400390625
2019-01-14,1196.0400390625,1202.1700439453125,1187.97998046875,1194.280029296875,0,1194.280029296875
2019-01-15,1202.219970703125,1210.8399658203125,1191.969970703125,1197.030029296875,0,1197.030029296875
2019-01-16,1197.6099853515625,1206.760009765625,1186.3699951171875,1187.18994140625,0,1187.18994140625
2019-01-17,1177.68994140625,1206.8299560546875,1172.31005859375,1200.760009765625,0,1200.760009765625
2019-01-18,1210.699951171875,1236.1300048828125,1206.5699462890625,1228.3299560546875,0,1228.3299560546875
2019-01-22,1217.0699462890625,1217.68994140625,1185.050048828125,1193.3599853515625,0,1193.3599853515625
2019-01-23,1200.3199462890625,1205.3499755859375,1174.9599609375,1185.949951171875,0,1185.949951171875
2019-01-24,1218.4599609375,1258.719970703125,1218.02001953125,1253.9100341796875,0,1253.9100341796875
2019-01-25,1260.52001953125,1285.3800048828125,1250.3699951171875,1281.1600341796875,0,1281.1600341796875
2019-01-28,1234.43994140625,1264.8299560546875,1230.68994140625,1254.4000244140625,0,1254.4000244140625
2019-01-29,1255.949951171875,1258.8199462890625,1234.9100341796875,1236.25,0,1236.25
2019-01-30,1254.949951171875,1276.4599609375,1244.199951171875,1271.760009765625,0,1271.760009765625
2019-01-31,1266.72998046875,1282.68994140625,1260.3399658203125,1272.0899658203125,0,1272.0899658203125
2019-02-01,1275.8800048828125,1292.7099609375,1274.68994140625,1287.4000244140625,0,1287.4000244140625
2019-02-04,1285.3499755859375,1293.9100341796875,1276.8199462890625,1293.8800048828125,0,1293.8800048828125
2019-02-05,1291.699951171875,1305.0,1291.1400146484375,1300.1300048828125,0,1300.1300048828125
2019-02-06,1321.2900390625,1343.7099609375,1321.2900390625,1333.760009765625,0,1333.760009765625
2019-02-07,1314.489990234375,1322.5400390625,1293.0999755859375,1303.9200439453125,0,1303.9200439453125
2019-02-08,1284.3499755859375,1304.530029296875,1279.6700439453125,1302.4200439453125,0,1302.4200439453125
2019-02-11,1307.2900390625,1311.6600341796875,1297.52001953125,1308.8800048828125,0,1308.8800048828125
2019-02-12,1324.9100341796875,1339.25,1322.9000244140625,1336.719970703125,0,1336.719970703125
2019-02-13,1342.300048828125,1350.6800537109375,1336.3399658203125,1340.7099609375,0,1340.7099609375
2019-02-14,1336.010009765625,1353.489990234375,1334.449951171875,1344.1099853515625,0,1344.1099853515625
2019-02-15,1355.4100341796875,1358.0699462890625,1343.030029296875,1351.1800537109375,0,1351.1800537109375
2019-02-19,1345.989990234375,1357.75,1345.780029296875,1348.489990234375,0,1348.489990234375
2019-02-20,1353.5,1368.3399658203125,1353.300048828125,1360.280029296875,0,1360.280029296875
2019-02-21,1359.469970703125,1363.2900390625,1346.239990234375,1350.25,0,1350.25
2019-02-22,1361.0999755859375,1366.1199951171875,1355.3599853515625,1364.780029296875,0,1364.780029296875
2019-02-25,1384.7099609375,1391.43994140625,1374.6800537109375,1375.949951171875,0,1375.949951171875
2019-02-26,1371.8800048828125,1377.18994140625,1362.8900146484375,1366.5799560546875,0,1366.5799560546875
2019-02-27,1358.9000244140625,1359.1500244140625,1336.0899658203125,1349.8699951171875,0,1349.8699951171875
2019-02-28,1342.4300537109375,1354.260009765625,1339.9300537109375,1350.199951171875,0,1350.199951171875
2019-03-01,1365.6199951171875,1368.8399658203125,1348.72998046875,1363.1300048828125,0,1363.1300048828125
2019-03-04,1372.7099609375,1376.22998046875,1346.449951171875,1363.25,0,1363.25
2019-03-05,1361.18994140625,1365.3399658203125,1351.77001953125,1356.9000244140625,0,1356.9000244140625
2019-03-06,1354.81005859375,1355.18994140625,1333.3299560546875,1333.8199462890625,0,1333.8199462890625
2019-03-07,1326.9200439453125,1328.5999755859375,1311.4000244140625,1319.0899658203125,0,1319.0899658203125
2019-03-08,1297.239990234375,1319.3299560546875,1292.760009765625,1318.2099609375,0,1318.2099609375
2019-03-11,1325.949951171875,1355.81005859375,1324.47998046875,1349.8800048828125,0,1349.8800048828125
2019-03-12,1354.22998046875,1362.1300048828125,1342.6300048828125,1355.1199951171875,0,1355.1199951171875
2019-03-13,1362.75,1371.3299560546875,1358.8299560546875,1360.77001953125,0,1360.77001953125
2019-03-14,1362.219970703125,1367.0799560546875,1352.5699462890625,1353.06005859375,0,1353.06005859375
2019-03-15,1373.760009765625,1402.449951171875,1371.219970703125,1392.3599853515625,0,1392.3599853515625
2019-03-18,1392.6600341796875,1401.719970703125,1380.8800048828125,1388.77001953125,0,1388.77001953125
2019-03-19,1398.550048828125,1411.6800537109375,1398.550048828125,1407.3499755859375,0,1407.3499755859375
2019-03-20,1410.1199951171875,1413.8199462890625,1384.8699951171875,1393.010009765625,0,1393.010009765625
2019-03-21,1399.52001953125,1450.760009765625,1399.52001953125,1441.8299560546875,0,1441.8299560546875
2019-03-22,1433.2099609375,1437.6300048828125,1399.72998046875,1400.3699951171875,0,1400.3699951171875
2019-03-25,1388.3900146484375,1403.030029296875,1371.9100341796875,1382.75,0,1382.75
2019-03-26,1399.8499755859375,1408.739990234375,1386.3199462890625,1396.75,0,1396.75
2019-03-27,1398.52001953125,1402.0799560546875,1366.68994140625,1376.47998046875,0,1376.47998046875
2019-03-28,1380.1700439453125,1391.1400146484375,1365.1600341796875,1373.800048828125,0,1373.800048828125
2019-03-29,1392.0799560546875,1398.050048828125,1386.8900146484375,1395.510009765625,0,1395.510009765625
2019-04-01,1417.6600341796875,1431.550048828125,1410.52001953125,1430.239990234375,0,1430.239990234375
2019-04-02,1431.550048828125,1434.8499755859375,1423.219970703125,1431.6300048828125,0,1431.6300048828125
2019-04-03,1451.6500244140625,1476.6099853515625,1450.5999755859375,1464.18994140625,0,1464.18994140625
2019-04-04,1460.02001953125,1475.27001953125,1458.9000244140625,1465.8900146484375,0,1465.8900146484375
2019-04-05,1475.1400146484375,1478.0999755859375,1467.02001953125,1477.6500244140625,0,1477.6500244140625
2019-04-08,1472.3299560546875,1482.47998046875,1468.1199951171875,1481.3800048828125,0,1481.3800048828125
2019-04-09,1472.239990234375,1472.239990234375,1458.260009765625,1464.52001953125,0,1464.52001953125
2019-04-10,1465.22998046875,1481.300048828125,1463.6400146484375,1477.1600341796875,0,1477.1600341796875
2019-04-11,1478.3299560546875,1486.02001953125,1471.6099853515625,1476.0699462890625,0,1476.0699462890625
2019-04-12,1490.4300537109375,1497.1300048828125,1484.9599609375,1497.1199951171875,0,1497.1199951171875
2019-04-15,1496.949951171875,1498.0999755859375,1477.449951171875,1485.8199462890625,0,1485.8199462890625
2019-04-16,1495.5999755859375,1533.6099853515625,1495.22998046875,1533.219970703125,0,1533.219970703125
2019-04-17,1566.77001953125,1576.7900390625,1545.8599853515625,1557.0799560546875,0,1557.0799560546875
2019-04-18,1557.4200439453125,1562.6400146484375,1550.8800048828125,1558.1300048828125,0,1558.1300048828125
2019-04-22,1553.18994140625,1561.8399658203125,1547.4200439453125,1558.2900390625,0,1558.2900390625
2019-04-23,1562.280029296875,1579.030029296875,1561.3699951171875,1574.050048828125,0,1574.050048828125
2019-04-24,1575.550048828125,1604.5699462890625,1575.3800048828125,1589.02001953125,0,1589.02001953125
2019-04-25,1582.3499755859375,1583.72998046875,1547.260009765625,1560.3199462890625,0,1560.3199462890625
2019-04-26,1530.02001953125,1547.6300048828125,1515.489990234375,1547.4000244140625,0,1547.4000244140625
2019-04-29,1546.43994140625,1551.1400146484375,1538.199951171875,1544.43994140625,0,1544.43994140625
2019-04-30,1547.2900390625,1559.530029296875,1541.8199462890625,1556.1800537109375,0,1556.1800537109375
2019-05-01,1570.3599853515625,1579.18994140625,1543.300048828125,1543.47998046875,0,1543.47998046875
2019-05-02,1542.4300537109375,1576.6700439453125,1540.68994140625,1560.6099853515625,0,1560.6099853515625
2019-05-03,1564.5,1571.4300537109375,1552.9599609375,1570.699951171875,0,1570.699951171875
2019-05-06,1514.0799560546875,1545.3399658203125,1513.199951171875,1543.72998046875,0,1543.72998046875
2019-05-07,1522.4000244140625,1527.280029296875,1489.969970703125,1506.3199462890625,0,1506.3199462890625
2019-05-08,1494.8599853515625,1517.1800537109375,1491.8199462890625,1494.47998046875,0,1494.47998046875
2019-05-09,1466.5899658203125,1483.760009765625,1443.97998046875,1476.800048828125,0,1476.800048828125
2019-05-10,1469.0699462890625,1487.3299560546875,1444.1400146484375,1478.8699951171875,0,1478.8699951171875
2019-05-13,1431.1400146484375,1438.47998046875,1403.3499755859375,1408.949951171875,0,1408.949951171875
2019-05-14,1423.550048828125,1449.989990234375,1420.72998046875,1442.8299560546875,0,1442.8299560546875
2019-05-15,1428.47998046875,1464.1300048828125,1427.449951171875,1454.5,0,1454.5
2019-05-16,1431.9599609375,1446.1800537109375,1421.6700439453125,1430.1099853515625,0,1430.1099853515625
2019-05-17,1408.06005859375,1436.1500244140625,1396.800048828125,1402.010009765625,0,1402.010009765625
2019-05-20,1355.9100341796875,1367.7099609375,1337.1500244140625,1345.5799560546875,0,1345.5799560546875
2019-05-21,1375.489990234375,1380.5699462890625,1362.9599609375,1374.2099609375,0,1374.2099609375
2019-05-22,1345.06005859375,1359.1600341796875,1341.1099853515625,1345.0400390625,0,1345.0400390625
2019-05-23,1316.3499755859375,1324.4599609375,1302.1300048828125,1322.8399658203125,0,1322.8399658203125
2019-05-24,1334.219970703125,1339.4300537109375,1310.9100341796875,1311.969970703125,0,1311.969970703125
2019-05-28,1317.8800048828125,1323.760009765625,1298.0899658203125,1300.300048828125,0,1300.300048828125
2019-05-29,1288.5,1311.3599853515625,1286.989990234375,1305.5699462890625,0,1305.5699462890625
2019-05-30,1309.969970703125,1325.780029296875,1305.2900390625,1315.2900390625,0,1315.2900390625
2019-05-31,1298.1199951171875,1317.449951171875,1295.1700439453125,1296.1800537109375,0,1296.1800537109375
2019-06-03,1313.3199462890625,1324.800048828125,1293.1099853515625,1300.52001953125,0,1300.52001953125
2019-06-04,1323.1300048828125,1356.260009765625,1312.72998046875,1355.260009765625,0,1355.260009765625
2019-06-05,1365.31005859375,1369.530029296875,1328.199951171875,1345.0999755859375,0,1345.0999755859375
2019-06-06,1348.06005859375,1368.7099609375,1342.6500244140625,1363.1300048828125,0,1363.1300048828125
2019-06-07,1369.6199951171875,1382.6300048828125,1365.7099609375,1378.81005859375,0,1378.81005859375
2019-06-10,1399.1300048828125,1430.4200439453125,1398.9100341796875,1413.8900146484375,0,1413.8900146484375
2019-06-11,1438.9599609375,1440.800048828125,1408.3800048828125,1418.02001953125,0,1418.02001953125
2019-06-12,1404.7099609375,1405.31005859375,1383.6600341796875,1384.949951171875,0,1384.949951171875
2019-06-13,1392.8499755859375,1398.31005859375,1382.6500244140625,1392.93994140625,0,1392.93994140625
2019-06-14,1351.1700439453125,1363.219970703125,1347.989990234375,1356.550048828125,0,1356.550048828125
2019-06-17,1357.3299560546875,1361.8699951171875,1346.9000244140625,1347.8599853515625,0,1347.8599853515625
2019-06-18,1364.8199462890625,1415.4300537109375,1362.260009765625,1406.1600341796875,0,1406.1600341796875
2019-06-19,1414.52001953125,1416.9200439453125,1400.31005859375,1407.300048828125,0,1407.300048828125
2019-06-20,1439.8599853515625,1441.3900146484375,1413.8199462890625,1421.030029296875,0,1421.030029296875
2019-06-21,1414.260009765625,1424.8399658203125,1408.7900390625,1410.5,0,1410.5
2019-06-24,1412.739990234375,1417.969970703125,1407.68994140625,1412.0799560546875,0,1412.0799560546875
2019-06-25,1413.75,1420.3399658203125,1390.3299560546875,1391.1199951171875,0,1391.1199951171875
2019-06-26,1420.010009765625,1444.1500244140625,1419.9200439453125,1435.8299560546875,0,1435.8299560546875
2019-06-27,1447.780029296875,1464.8499755859375,1446.1700439453125,1456.9000244140625,0,1456.9000244140625
2019-06-28,1469.489990234375,1471.8499755859375,1455.969970703125,1458.9599609375,0,1458.9599609375
2019-07-01,1524.1400146484375,1531.3699951171875,1486.31005859375,1497.550048828125,0,1497.550048828125
2019-07-02,1491.27001953125,1491.27001953125,1470.949951171875,1476.8299560546875,0,1476.8299560546875
2019-07-03,1474.5,1474.6199951171875,1460.1500244140625,1470.489990234375,0,1470.489990234375
2019-07-05,1454.1400146484375,1464.0699462890625,1446.530029296875,1461.699951171875,0,1461.699951171875
2019-07-08,1448.8599853515625,1455.18994140625,1442.5699462890625,1450.4100341796875,0,1450.4100341796875
2019-07-09,1440.4300537109375,1462.81005859375,1440.1099853515625,1461.2099609375,0,1461.2099609375
2019-07-10,1474.550048828125,1492.3399658203125,1469.81005859375,1471.510009765625,0,1471.510009765625
2019-07-11,1476.75,1481.6500244140625,1467.3499755859375,1476.280029296875,0,1476.280029296875
2019-07-12,1482.56005859375,1504.6600341796875,1482.3599853515625,1504.280029296875,0,1504.280029296875
2019-07-15,1512.5699462890625,1521.6300048828125,1508.030029296875,1515.9200439453125,0,1515.9200439453125
2019-07-16,1506.6700439453125,1508.469970703125,1492.5799560546875,1499.6400146484375,0,1499.6400146484375
2019-07-17,1508.239990234375,1511.7099609375,1500.6500244140625,1503.8699951171875,0,1503.8699951171875
2019-07-18,1504.780029296875,1530.0,1504.510009765625,1526.969970703125,0,1526.969970703125
2019-07-19,1530.0699462890625,1538.8699951171875,1523.4200439453125,1523.9100341796875,0,1523.9100341796875
2019-07-22,1535.6800537109375,1556.3900146484375,1535.6800537109375,1554.0899658203125,0,1554.0899658203125
2019-07-23,1562.260009765625,1573.4100341796875,1556.1800537109375,1573.27001953125,0,1573.27001953125
2019-07-24,1589.4100341796875,1625.1099853515625,1589.4100341796875,1622.02001953125,0,1622.02001953125
2019-07-25,1606.6400146484375,1608.75,1590.3599853515625,1594.1199951171875,0,1594.1199951171875
2019-07-26,1604.239990234375,1605.739990234375,1593.5,1593.8599853515625,0,1593.8599853515625
2019-07-29,1592.3499755859375,1600.530029296875,1578.2099609375,1598.02001953125,0,1598.02001953125
2019-07-30,1579.0999755859375,1597.8900146484375,1578.1500244140625,1593.8199462890625,0,1593.8199462890625
2019-07-31,1581.949951171875,1583.9000244140625,1527.3800048828125,1542.43994140625,0,1542.43994140625
2019-08-01,1539.06005859375,1579.489990234375,1498.8900146484375,1511.97998046875,0,1511.97998046875
2019-08-02,1494.52001953125,1508.6099853515625,1476.4100341796875,1488.4300537109375,0,1488.4300537109375
2019-08-05,1443.239990234375,1446.010009765625,1411.72998046875,1423.52001953125,0,1423.52001953125
2019-08-06,1448.7099609375,1459.719970703125,1425.8699951171875,1441.77001953125,0,1441.77001953125
2019-08-07,1424.8800048828125,1455.530029296875,1423.6099853515625,1452.1199951171875,0,1452.1199951171875
2019-08-08,1464.449951171875,1491.5699462890625,1455.3199462890625,1491.260009765625,0,1491.260009765625
2019-08-09,1476.530029296875,1481.3299560546875,1455.199951171875,1464.3399658203125,0,1464.3399658203125
2019-08-12,1453.2900390625,1464.219970703125,1439.989990234375,1446.97998046875,0,1446.97998046875
2019-08-13,1489.6600341796875,1489.6600341796875,1489.6600341796875,1489.6600341796875,0,1489.6600341796875
2019-08-14,1452.280029296875,1465.949951171875,1435.5,1442.5400390625,0,1442.5400390625
2019-08-15,1448.5400390625,1452.6700439453125,1427.22998046875,1439.2900390625,0,1439.2900390625
2019-08-16,1454.68994140625,1482.68994140625,1454.68994140625,1479.25,0,1479.25
2019-08-19,1513.1199951171875,1519.300048828125,1499.489990234375,1506.989990234375,0,1506.989990234375
2019-08-20,1502.5699462890625,1509.43994140625,1491.1400146484375,1498.9000244140625,0,1498.9000244140625
2019-08-21,1512.5999755859375,1519.3499755859375,1505.969970703125,1512.719970703125,0,1512.719970703125
2019-08-22,1515.780029296875,1520.199951171875,1497.0400390625,1512.25,0,1512.25
2019-08-23,1494.0699462890625,1505.199951171875,1441.969970703125,1446.3800048828125,0,1446.3800048828125
2019-08-26,1467.6800537109375,1469.4000244140625,1452.989990234375,1458.8800048828125,0,1458.8800048828125
2019-08-27,1470.72998046875,1475.43994140625,1445.8499755859375,1454.1199951171875,0,1454.1199951171875
2019-08-28,1446.9200439453125,1464.780029296875,1437.4000244140625,1462.8499755859375,0,1462.8499755859375
2019-08-29,1487.97998046875,1505.3800048828125,1487.97998046875,1495.8199462890625,0,1495.8199462890625
2019-08-30,1510.97998046875,1517.3399658203125,1497.0899658203125,1504.9200439453125,0,1504.9200439453125
2019-09-03,1490.719970703125,1493.1300048828125,1470.3599853515625,1478.3199462890625,0,1478.3199462890625
2019-09-04,1504.0,1519.699951171875,1503.489990234375,1519.550048828125,0,1519.550048828125
2019-09-05,1552.77001953125,1583.739990234375,1552.77001953125,1566.2099609375,0,1566.2099609375
2019-09-06,1567.7900390625,1573.989990234375,1558.8800048828125,1568.3399658203125,0,1568.3399658203125
2019-09-09,1578.68994140625,1588.81005859375,1569.719970703125,1576.3900146484375,0,1576.3900146484375
2019-09-10,1568.8900146484375,1583.219970703125,1558.06005859375,1583.1500244140625,0,1583.1500244140625
2019-09-11,1587.6199951171875,1606.239990234375,1580.219970703125,1606.18994140625,0,1606.18994140625
2019-09-12,1615.97998046875,1625.1600341796875,1599.8699951171875,1610.7900390625,0,1610.7900390625
2019-09-13,1610.6500244140625,1613.77001953125,1598.2099609375,1605.6500244140625,0,1605.6500244140625
2019-09-16,1586.5799560546875,1601.9300537109375,1580.9599609375,1594.489990234375,0,1594.489990234375
2019-09-17,1591.0799560546875,1600.8599853515625,1582.5,1599.739990234375,0,1599.739990234375
2019-09-18,1598.25,1601.449951171875,1578.8599853515625,1600.949951171875,0,1600.949951171875
2019-09-19,1605.1300048828125,1608.31005859375,1590.489990234375,1592.0699462890625,0,1592.0699462890625
2019-09-20,1591.8499755859375,1592.18994140625,1556.969970703125,1563.0,0,1563.0
2019-09-23,1563.0999755859375,1586.469970703125,1563.0999755859375,1578.0899658203125,0,1578.0899658203125
2019-09-24,1586.6800537109375,1590.219970703125,1544.989990234375,1551.989990234375,0,1551.989990234375
2019-09-25,1542.5,1584.1600341796875,1532.4100341796875,1579.56005859375,0,1579.56005859375
2019-09-26,1580.4200439453125,1585.3800048828125,1565.5699462890625,1580.0999755859375,0,1580.0999755859375
2019-09-27,1568.1300048828125,1575.1800537109375,1531.7099609375,1542.8699951171875,0,1542.8699951171875
2019-09-30,1550.5899658203125,1560.239990234375,1543.550048828125,1558.75,0,1558.75
2019-10-01,1572.1500244140625,1587.969970703125,1538.9599609375,1544.199951171875,0,1544.199951171875
2019-10-02,1529.199951171875,1534.6600341796875,1510.530029296875,1519.77001953125,0,1519.77001953125
2019-10-03,1522.27001953125,1547.3199462890625,1502.72998046875,1545.760009765625,0,1545.760009765625
2019-10-04,1555.8399658203125,1575.1199951171875,1551.72998046875,1574.3900146484375,0,1574.3900146484375
2019-10-07,1572.68994140625,1579.1600341796875,1562.8299560546875,1563.1700439453125,0,1563.1700439453125
2019-10-08,1545.27001953125,1546.800048828125,1514.219970703125,1514.449951171875,0,1514.449951171875
2019-10-09,1537.3299560546875,1550.3499755859375,1532.030029296875,1540.8499755859375,0,1540.8499755859375
2019-10-10,1546.0400390625,1571.4000244140625,1545.1099853515625,1555.7900390625,0,1555.7900390625
2019-10-11,1587.989990234375,1609.469970703125,1584.1500244140625,1591.1300048828125,0,1591.1300048828125
2019-10-14,1588.7099609375,1594.1400146484375,1583.1800537109375,1590.4000244140625,0,1590.4000244140625
2019-10-15,1600.719970703125,1629.530029296875,1598.5,1625.68994140625,0,1625.68994140625
2019-10-16,1613.719970703125,1624.9599609375,1599.0400390625,1601.7900390625,0,1601.7900390625
2019-10-17,1620.6700439453125,1625.5899658203125,1598.010009765625,1607.1600341796875,0,1607.1600341796875
2019-10-18,1601.9000244140625,1608.25,1575.2900390625,1590.0899658203125,0,1590.0899658203125
2019-10-21,1606.1300048828125,1620.8299560546875,1601.030029296875,1620.0400390625,0,1620.0400390625
2019-10-22,1622.5899658203125,1626.4300537109375,1607.0,1607.5999755859375,0,1607.5999755859375
2019-10-23,1576.2900390625,1590.77001953125,1566.4599609375,1576.5799560546875,0,1576.5799560546875
2019-10-24,1600.780029296875,1616.06005859375,1594.989990234375,1615.510009765625,0,1615.510009765625
2019-10-25,1624.6700439453125,1650.199951171875,1624.5899658203125,1648.6700439453125,0,1648.6700439453125
2019-10-28,1662.6400146484375,1679.72998046875,1662.6400146484375,1677.5699462890625,0,1677.5699462890625
2019-10-29,1682.1199951171875,1691.1600341796875,1661.1500244140625,1662.4599609375,0,1662.4599609375
2019-10-30,1670.9300537109375,1670.9599609375,1649.6800537109375,1661.4599609375,0,1661.4599609375
2019-10-31,1652.8900146484375,1653.2099609375,1630.8699951171875,1651.219970703125,0,1651.219970703125
2019-11-01,1667.2900390625,1690.0400390625,1661.719970703125,1689.9300537109375,0,1689.9300537109375
2019-11-04,1714.8599853515625,1729.68994140625,1710.6800537109375,1726.9200439453125,0,1726.9200439453125
2019-11-05,1729.9300537109375,1742.9599609375,1723.989990234375,1730.1500244140625,0,1730.1500244140625
2019-11-06,1721.4599609375,1722.199951171875,1699.489990234375,1715.6700439453125,0,1715.6700439453125
2019-11-07,1740.9599609375,1745.68994140625,1719.72998046875,1727.6800537109375,0,1727.6800537109375
2019-11-08,1717.800048828125,1736.9000244140625,1710.9599609375,1736.780029296875,0,1736.780029296875
2019-11-11,1722.300048828125,1731.02001953125,1714.81005859375,1727.5899658203125,0,1727.5899658203125
2019-11-12,1737.1400146484375,1745.2900390625,1725.68994140625,1732.4200439453125,0,1732.4200439453125
2019-11-13,1718.25,1737.93994140625,1714.9000244140625,1732.8599853515625,0,1732.8599853515625
2019-11-14,1724.300048828125,1729.52001953125,1715.280029296875,1727.5899658203125,0,1727.5899658203125
2019-11-15,1749.699951171875,1758.260009765625,1735.4200439453125,1742.9300537109375,0,1742.9300537109375
2019-11-18,1738.9100341796875,1750.43994140625,1730.3299560546875,1738.780029296875,0,1738.780029296875
2019-11-19,1749.4200439453125,1750.25,1721.4100341796875,1730.5,0,1730.5
2019-11-20,1721.43994140625,1730.9599609375,1697.8199462890625,1710.1400146484375,0,1710.1400146484375
2019-11-21,1693.1700439453125,1706.8299560546875,1684.43994140625,1690.8299560546875,0,1690.8299560546875
2019-11-22,1698.989990234375,1705.2900390625,1686.5899658203125,1690.7900390625,0,1690.7900390625
2019-11-25,1706.56005859375,1732.3399658203125,1706.56005859375,1731.949951171875,0,1731.949951171875
2019-11-26,1728.260009765625,1729.3299560546875,1716.3900146484375,1723.260009765625,0,1723.260009765625
2019-11-27,1730.6199951171875,1736.3199462890625,1729.4200439453125,1735.9100341796875,0,1735.9100341796875
2019-11-29,1725.8399658203125,1729.1099853515625,1715.780029296875,1716.8399658203125,0,1716.8399658203125
2019-12-02,1721.010009765625,1721.010009765625,1690.1600341796875,1691.75,0,1691.75
2019-12-03,1653.4200439453125,1666.300048828125,1647.030029296875,1665.7099609375,0,1665.7099609375
2019-12-04,1687.3399658203125,1697.31005859375,1685.280029296875,1691.449951171875,0,1691.449951171875
2019-12-05,1698.97998046875,1706.18994140625,1690.9300537109375,1697.6600341796875,0,1697.6600341796875
2019-12-06,1717.8199462890625,1728.2099609375,1717.260009765625,1724.2099609375,0,1724.2099609375
2019-12-09,1724.739990234375,1729.06005859375,1714.75,1714.97998046875,0,1714.97998046875
2019-12-10,1720.0,1733.1500244140625,1715.9599609375,1720.9000244140625,0,1720.9000244140625
2019-12-11,1726.8900146484375,1760.3900146484375,1726.8699951171875,1759.199951171875,0,1759.199951171875
2019-12-12,1758.030029296875,1808.5,1757.6800537109375,1806.8699951171875,0,1806.8699951171875
2019-12-13,1800.010009765625,1824.239990234375,1789.3599853515625,1796.0400390625,0,1796.0400390625
2019-12-16,1817.6400146484375,1830.1300048828125,1813.0899658203125,1813.31005859375,0,1813.31005859375
2019-12-17,1821.93994140625,1825.9100341796875,1813.510009765625,1821.9200439453125,0,1821.9200439453125
2019-12-18,1824.22998046875,1826.5799560546875,1815.5,1820.2900390625,0,1820.2900390625
2019-12-19,1827.77001953125,1835.260009765625,1819.6500244140625,1834.969970703125,0,1834.969970703125
2019-12-20,1837.7900390625,1856.4100341796875,1837.6700439453125,1853.8699951171875,0,1853.8699951171875
2019-12-23,1862.31005859375,1865.1099853515625,1855.9100341796875,1857.1199951171875,0,1857.1199951171875
2019-12-24,1859.9599609375,1862.6199951171875,1851.5899658203125,1862.199951171875,0,1862.199951171875
2019-12-26,1865.4200439453125,1867.4000244140625,1857.27001953125,1864.489990234375,0,1864.489990234375
2019-12-27,1870.6199951171875,1871.2099609375,1853.9200439453125,1858.5899658203125,0,1858.5899658203125
2019-12-30,1856.6300048828125,1856.6700439453125,1832.0799560546875,1844.3900146484375,0,1844.3900146484375
2019-12-31,1836.1800537109375,1851.06005859375,1835.2900390625,1849.6199951171875,0,1849.6199951171875
2020-01-02,1875.3399658203125,1888.1400146484375,1864.9300537109375,1887.9100341796875,0,1887.9100341796875
2020-01-03,1850.8199462890625,1869.719970703125,1848.6500244140625,1853.97998046875,0,1853.97998046875
2020-01-06,1825.5899658203125,1840.18994140625,1821.8599853515625,1834.6800537109375,0,1834.6800537109375
2020-01-07,1852.72998046875,1875.6099853515625,1845.5,1867.280029296875,0,1867.280029296875
2020-01-08,1866.8199462890625,1878.9599609375,1858.510009765625,1867.5899658203125,0,1867.5899658203125
2020-01-09,1887.18994140625,1891.06005859375,1860.56005859375,1878.72998046875,0,1878.72998046875
2020-01-10,1886.7900390625,1887.8699951171875,1862.1300048828125,1866.3499755859375,0,1866.3499755859375
2020-01-13,1879.9000244140625,1892.3800048828125,1873.7099609375,1890.7900390625,0,1890.7900390625
2020-01-14,1891.97998046875,1909.1400146484375,1884.0899658203125,1894.6400146484375,0,1894.6400146484375
2020-01-15,1889.5400390625,1890.1400146484375,1865.8900146484375,1872.1600341796875,0,1872.1600341796875
2020-01-16,1888.6600341796875,1903.93994140625,1886.8199462890625,1903.9300537109375,0,1903.9300537109375
2020-01-17,1913.1400146484375,1917.5699462890625,1902.239990234375,1916.6199951171875,0,1916.6199951171875
2020-01-21,1909.47998046875,1922.800048828125,1908.4300537109375,1915.0,0,1915.0
2020-01-22,1930.6400146484375,1950.6199951171875,1924.8800048828125,1930.22998046875,0,1930.22998046875
2020-01-23,1934.4300537109375,1945.9000244140625,1918.43994140625,1945.3699951171875,0,1945.3699951171875
2020-01-24,1973.1199951171875,1974.989990234375,1910.18994140625,1924.030029296875,0,1924.030029296875
2020-01-27,1863.1800537109375,1872.8800048828125,1846.56005859375,1848.8599853515625,0,1848.8599853515625
2020-01-28,1871.0799560546875,1899.47998046875,1859.9300537109375,1893.27001953125,0,1893.27001953125
2020-01-29,1886.780029296875,1890.8800048828125,1857.31005859375,1858.699951171875,0,1858.699951171875
2020-01-30,1844.3199462890625,1861.81005859375,1820.3699951171875,1855.800048828125,0,1855.800048828125
2020-01-31,1840.2900390625,1840.52001953125,1782.18994140625,1789.9300537109375,0,1789.9300537109375
2020-02-03,1794.7099609375,1814.93994140625,1794.300048828125,1812.1800537109375,0,1812.1800537109375
2020-02-04,1859.8900146484375,1870.1800537109375,1849.8299560546875,1868.6500244140625,0,1868.6500244140625
2020-02-05,1907.1800537109375,1913.9599609375,1882.719970703125,1909.52001953125,0,1909.52001953125
2020-02-06,1909.9000244140625,1911.5899658203125,1887.030029296875,1909.6400146484375,0,1909.6400146484375
2020-02-07,1889.949951171875,1891.239990234375,1863.5799560546875,1864.3599853515625,0,1864.3599853515625
2020-02-10,1849.989990234375,1892.969970703125,1849.989990234375,1892.800048828125,0,1892.800048828125
2020-02-11,1911.3199462890625,1940.719970703125,1911.3199462890625,1931.0799560546875,0,1931.0799560546875
2020-02-12,1951.6300048828125,1962.0400390625,1950.0999755859375,1958.8199462890625,0,1958.8199462890625
2020-02-13,1942.9599609375,1974.5799560546875,1942.81005859375,1960.3399658203125,0,1960.3399658203125
2020-02-14,1978.0799560546875,1983.7099609375,1945.6700439453125,1956.56005859375,0,1956.56005859375
2020-02-18,1920.1800537109375,1932.800048828125,1916.4000244140625,1929.1199951171875,0,1929.1199951171875
2020-02-19,1956.5899658203125,1982.0899658203125,1956.5899658203125,1979.5,0,1979.5
2020-02-20,1970.550048828125,1977.18994140625,1919.9100341796875,1949.25,0,1949.25
2020-02-21,1936.8499755859375,1938.4100341796875,1883.9200439453125,1891.050048828125,0,1891.050048828125
2020-02-24,1793.0699462890625,1827.8599853515625,1788.43994140625,1801.22998046875,0,1801.22998046875
2020-02-25,1824.6800537109375,1826.3299560546875,1737.280029296875,1746.1099853515625,0,1746.1099853515625
2020-02-26,1761.449951171875,1787.75,1739.0400390625,1749.949951171875,0,1749.949951171875
2020-02-27,1692.5999755859375,1731.02001953125,1664.9100341796875,1668.6500244140625,0,1668.6500244140625
2020-02-28,1605.93994140625,1716.1600341796875,1605.93994140625,1705.5400390625,0,1705.5400390625
2020-03-02,1727.6099853515625,1766.3800048828125,1680.9300537109375,1765.3800048828125,0,1765.3800048828125
2020-03-03,1768.1400146484375,1797.010009765625,1692.0999755859375,1705.260009765625,0,1705.260009765625
2020-03-04,1737.27001953125,1789.699951171875,1715.8399658203125,1789.5699462890625,0,1789.5699462890625
2020-03-05,1742.3800048828125,1780.0,1721.550048828125,1734.030029296875,0,1734.030029296875
2020-03-06,1685.510009765625,1713.2900390625,1657.6700439453125,1699.8900146484375,0,1699.8900146484375
2020-03-09,1560.739990234375,1637.9200439453125,1555.449951171875,1558.1600341796875,0,1558.1600341796875
2020-03-10,1612.6700439453125,1656.8699951171875,1559.9100341796875,1656.5,0,1656.5
2020-03-11,1607.3800048828125,1625.4000244140625,1545.7099609375,1562.5400390625,0,1562.5400390625
2020-03-12,1444.6099853515625,1513.6500244140625,1388.989990234375,1392.1099853515625,0,1392.1099853515625
2020-03-13,1481.1600341796875,1544.760009765625,1392.449951171875,1544.260009765625,0,1544.260009765625
2020-03-16,1433.5699462890625,1446.800048828125,1297.1400146484375,1298.780029296875,0,1298.780029296875
2020-03-17,1332.9000244140625,1434.31005859375,1282.68994140625,1426.52001953125,0,1426.52001953125
2020-03-18,1317.8800048828125,1373.9100341796875,1233.969970703125,1286.8399658203125,0,1286.8399658203125
2020-03-19,1281.97998046875,1378.3299560546875,1253.4000244140625,1341.219970703125,0,1341.219970703125
2020-03-20,1375.010009765625,1408.989990234375,1296.43994140625,1298.5400390625,0,1298.5400390625
2020-03-23,1315.199951171875,1366.3199462890625,1280.75,1342.1199951171875,0,1342.1199951171875
2020-03-24,1434.06005859375,1492.8199462890625,1425.27001953125,1491.8299560546875,0,1491.8299560546875
2020-03-25,1495.3599853515625,1550.8299560546875,1448.8900146484375,1472.5699462890625,0,1472.5699462890625
2020-03-26,1499.75,1574.6199951171875,1492.8499755859375,1572.6099853515625,0,1572.6099853515625
2020-03-27,1512.760009765625,1541.489990234375,1485.3399658203125,1488.75,0,1488.75
2020-03-30,1506.4599609375,1547.0799560546875,1496.0400390625,1545.31005859375,0,1545.31005859375
2020-03-31,1542.9200439453125,1568.050048828125,1499.760009765625,1510.5899658203125,0,1510.5899658203125
2020-04-01,1455.0400390625,1497.989990234375,1414.260009765625,1427.72998046875,0,1427.72998046875
2020-04-02,1416.56005859375,1476.6700439453125,1416.56005859375,1474.6099853515625,0,1474.6099853515625
2020-04-03,1472.239990234375,1487.1700439453125,1425.0899658203125,1443.0400390625,0,1443.0400390625
2020-04-06,1514.0999755859375,1598.6700439453125,1508.739990234375,1592.8800048828125,0,1592.8800048828125
2020-04-07,1647.9200439453125,1648.4100341796875,1582.68994140625,1585.3800048828125,0,1585.3800048828125
2020-04-08,1608.760009765625,1645.010009765625,1590.510009765625,1639.8900146484375,0,1639.8900146484375
2020-04-09,1660.3800048828125,1673.6500244140625,1587.9100341796875,1601.72998046875,0,1601.72998046875
2020-04-13,1591.260009765625,1626.2900390625,1585.699951171875,1623.6800537109375,0,1623.6800537109375
2020-04-14,1662.3499755859375,1696.9200439453125,1658.010009765625,1695.760009765625,0,1695.760009765625
2020-04-15,1652.8900146484375,1657.6300048828125,1631.0999755859375,1647.9100341796875,0,1647.9100341796875
2020-04-16,1677.0400390625,1696.25,1654.2099609375,1690.8699951171875,0,1690.8699951171875
2020-04-17,1723.989990234375,1724.760009765625,1684.7099609375,1705.6400146484375,0,1705.6400146484375
2020-04-20,1677.6300048828125,1704.3499755859375,1666.4000244140625,1667.5699462890625,0,1667.5699462890625
2020-04-21,1642.02001953125,1650.2099609375,1582.2099609375,1588.699951171875,0,1588.699951171875
2020-04-22,1641.3800048828125,1690.0699462890625,1630.1199951171875,1682.1199951171875,0,1682.1199951171875
2020-04-23,1679.1400146484375,1700.2099609375,1661.449951171875,1664.6700439453125,0,1664.6700439453125
2020-04-24,1664.989990234375,1704.0899658203125,1651.6600341796875,1702.56005859375,0,1702.56005859375
2020-04-27,1720.1800537109375,1740.1400146484375,1715.75,1725.0400390625,0,1725.0400390625
2020-04-28,1760.8800048828125,1764.93994140625,1712.280029296875,1713.2099609375,0,1713.2099609375
2020-04-29,1748.3199462890625,1802.989990234375,1742.550048828125,1797.760009765625,0,1797.760009765625
2020-04-30,1781.81005859375,1781.81005859375,1730.010009765625,1731.239990234375,0,1731.239990234375
2020-05-01,1682.1199951171875,1694.030029296875,1639.1700439453125,1644.4000244140625,0,1644.4000244140625
2020-05-04,1634.260009765625,1663.050048828125,1625.77001953125,1661.300048828125,0,1661.300048828125
2020-05-05,1690.9300537109375,1719.8699951171875,1679.260009765625,1689.5,0,1689.5
2020-05-06,1710.5,1734.1099853515625,1704.0699462890625,1707.75,0,1707.75
2020-05-07,1740.0400390625,1744.5400390625,1716.22998046875,1724.9300537109375,0,1724.9300537109375
2020-05-08,1745.199951171875,1777.02001953125,1738.4100341796875,1775.6099853515625,0,1775.6099853515625
2020-05-11,1757.3800048828125,1788.8699951171875,1756.6400146484375,1774.31005859375,0,1774.31005859375
2020-05-12,1784.1500244140625,1790.68994140625,1724.4000244140625,1725.239990234375,0,1725.239990234375
2020-05-13,1729.6199951171875,1741.6099853515625,1667.52001953125,1691.5699462890625,0,1691.5699462890625
2020-05-14,1677.780029296875,1739.8399658203125,1650.75,1739.050048828125,0,1739.050048828125
2020-05-15,1681.5699462890625,1707.030029296875,1669.3399658203125,1700.8900146484375,0,1700.8900146484375
2020-05-18,1746.719970703125,1789.3499755859375,1746.1300048828125,1782.5400390625,0,1782.5400390625
2020-05-19,1777.5,1815.3399658203125,1774.8399658203125,1775.6099853515625,0,1775.6099853515625
2020-05-20,1818.1500244140625,1850.739990234375,1816.010009765625,1840.7900390625,0,1840.7900390625
2020-05-21,1835.3399658203125,1839.93994140625,1789.52001953125,1790.9599609375,0,1790.9599609375
2020-05-22,1790.8499755859375,1803.5999755859375,1772.6700439453125,1802.31005859375,0,1802.31005859375
2020-05-26,1851.56005859375,1856.8499755859375,1817.6500244140625,1820.510009765625,0,1820.510009765625
2020-05-27,1823.780029296875,1847.4599609375,1774.0999755859375,1847.31005859375,0,1847.31005859375
2020-05-28,1843.1400146484375,1857.4000244140625,1797.06005859375,1804.6600341796875,0,1804.6600341796875
2020-05-29,1816.4599609375,1857.6400146484375,1807.5899658203125,1852.489990234375,0,1852.489990234375
2020-06-01,1841.6400146484375,1851.22998046875,1828.43994140625,1843.239990234375,0,1843.239990234375
2020-06-02,1849.6600341796875,1884.760009765625,1840.3900146484375,1883.4100341796875,0,1883.4100341796875
2020-06-03,1915.8599853515625,1945.0999755859375,1915.8599853515625,1937.469970703125,0,1937.469970703125
2020-06-04,1928.0,1968.25,1923.3199462890625,1953.469970703125,0,1953.469970703125
2020-06-05,1998.5999755859375,2030.469970703125,1997.3399658203125,2003.760009765625,0,2003.760009765625
2020-06-08,2007.7900390625,2010.510009765625,1977.9100341796875,1998.6199951171875,0,1998.6199951171875
2020-06-09,1974.8800048828125,2006.280029296875,1968.77001953125,1998.0899658203125,0,1998.0899658203125
2020-06-10,2006.6600341796875,2025.0999755859375,1999.449951171875,2004.6600341796875,0,2004.6600341796875
2020-06-11,1948.239990234375,1961.56005859375,1876.1800537109375,1876.6600341796875,0,1876.6600341796875
2020-06-12,1930.6700439453125,1941.239990234375,1862.699951171875,1903.8499755859375,0,1903.8499755859375
2020-06-15,1865.4300537109375,1933.260009765625,1857.1500244140625,1931.010009765625,0,1931.010009765625
2020-06-16,1988.5,1999.030029296875,1933.18994140625,1965.68994140625,0,1965.68994140625
2020-06-17,1978.260009765625,2000.68994140625,1971.93994140625,1984.0799560546875,0,1984.0799560546875
2020-06-18,1979.1400146484375,1989.18994140625,1969.97998046875,1980.1400146484375,0,1980.1400146484375
2020-06-19,1999.8900146484375,2008.510009765625,1963.199951171875,1966.7900390625,0,1966.7900390625
2020-06-22,1960.719970703125,1986.5799560546875,1948.06005859375,1983.3599853515625,0,1983.3599853515625
2020-06-23,2002.0699462890625,2009.8199462890625,1986.06005859375,1987.72998046875,0,1987.72998046875
2020-06-24,1976.6300048828125,1988.22998046875,1930.68994140625,1944.300048828125,0,1944.300048828125
2020-06-25,1941.5899658203125,1963.719970703125,1914.300048828125,1961.050048828125,0,1961.050048828125
2020-06-26,1959.5,1964.010009765625,1917.8299560546875,1921.9200439453125,0,1921.9200439453125
2020-06-29,1924.800048828125,1944.6400146484375,1899.800048828125,1943.9000244140625,0,1943.9000244140625
2020-06-30,1954.5400390625,2002.0799560546875,1953.219970703125,1996.43994140625,0,1996.43994140625
2020-07-01,1993.8199462890625,1995.8900146484375,1966.0400390625,1966.97998046875,0,1966.97998046875
2020-07-02,1994.219970703125,2011.1199951171875,1986.3599853515625,1993.6099853515625,0,1993.6099853515625
2020-07-06,2030.6800537109375,2053.0400390625,2030.1700439453125,2046.81005859375,0,2046.81005859375
2020-07-07,2042.4100341796875,2053.25,2016.5799560546875,2019.77001953125,0,2019.77001953125
2020-07-08,2038.5,2051.139892578125,2020.8399658203125,2049.760009765625,0,2049.760009765625
2020-07-09,2057.989990234375,2088.510009765625,2028.0,2076.719970703125,0,2076.719970703125
2020-07-10,2079.64990234375,2083.280029296875,2049.64990234375,2069.7900390625,0,2069.7900390625
2020-07-13,2099.280029296875,2121.889892578125,2031.300048828125,2034.1400146484375,0,2034.1400146484375
2020-07-14,2020.8599853515625,2073.43994140625,1994.300048828125,2069.7900390625,0,2069.7900390625
2020-07-15,2077.510009765625,2077.510009765625,2033.22998046875,2064.169921875,0,2064.169921875
2020-07-16,2038.8699951171875,2063.409912109375,2032.5999755859375,2055.919921875,0,2055.919921875
2020-07-17,2067.47998046875,2076.10009765625,2056.610107421875,2068.989990234375,0,2068.989990234375
2020-07-20,2070.22998046875,2114.260009765625,2057.89990234375,2110.469970703125,0,2110.469970703125
2020-07-21,2125.7099609375,2126.639892578125,2089.570068359375,2096.590087890625,0,2096.590087890625
2020-07-22,2101.81005859375,2120.860107421875,2088.320068359375,2105.429931640625,0,2105.429931640625
2020-07-23,2106.929931640625,2122.530029296875,2054.5,2070.969970703125,0,2070.969970703125
2020-07-24,2024.1800537109375,2068.669921875,2010.6500244140625,2038.7099609375,0,2038.7099609375
2020-07-27,2056.97998046875,2105.580078125,2056.5,2104.6201171875,0,2104.6201171875
2020-07-28,2082.85009765625,2084.780029296875,2058.89990234375,2060.39990234375,0,2060.39990234375
2020-07-29,2084.6201171875,2114.199951171875,2079.489990234375,2106.300048828125,0,2106.300048828125
2020-07-30,2105.389892578125,2148.60009765625,2098.7900390625,2147.550048828125,0,2147.550048828125
2020-07-31,2144.739990234375,2145.419921875,2104.919921875,2136.409912109375,0,2136.409912109375
2020-08-03,2156.6298828125,2181.469970703125,2151.239990234375,2177.27001953125,0,2177.27001953125
2020-08-04,2177.419921875,2209.909912109375,2174.929931640625,2209.81005859375,0,2209.81005859375
2020-08-05,2202.510009765625,2215.510009765625,2191.2900390625,2207.56005859375,0,2207.56005859375
2020-08-06,2198.9599609375,2207.699951171875,2181.760009765625,2204.93994140625,0,2204.93994140625
2020-08-07,2199.409912109375,2210.010009765625,2153.530029296875,2178.860107421875,0,2178.860107421875
2020-08-10,2181.3701171875,2187.97998046875,2148.110107421875,2179.60009765625,0,2179.60009765625
2020-08-11,2177.1201171875,2199.139892578125,2149.52001953125,2154.7900390625,0,2154.7900390625
2020-08-12,2173.93994140625,2232.010009765625,2168.89990234375,2227.219970703125,0,2227.219970703125
2020-08-13,2221.610107421875,2226.68994140625,2193.489990234375,2202.409912109375,0,2202.409912109375
2020-08-14,2203.110107421875,2227.929931640625,2194.3798828125,2200.81005859375,0,2200.81005859375
2020-08-17,2215.340087890625,2237.81005859375,2215.330078125,2227.610107421875,0,2227.610107421875
2020-08-18,2237.31005859375,2240.989990234375,2209.179931640625,2214.659912109375,0,2214.659912109375
2020-08-19,2219.39990234375,2221.929931640625,2195.81005859375,2200.77001953125,0,2200.77001953125
2020-08-20,2169.080078125,2192.449951171875,2166.7900390625,2181.0400390625,0,2181.0400390625
2020-08-21,2178.02001953125,2199.27001953125,2170.639892578125,2198.330078125,0,2198.330078125
2020-08-24,2224.909912109375,2227.510009765625,2202.77001953125,2219.3701171875,0,2219.3701171875
2020-08-25,2226.340087890625,2243.43994140625,2221.9599609375,2243.06005859375,0,2243.06005859375
2020-08-26,2245.169921875,2256.449951171875,2237.449951171875,2250.22998046875,0,2250.22998046875
2020-08-27,2258.10009765625,2258.10009765625,2208.0400390625,2220.14990234375,0,2220.14990234375
2020-08-28,2225.760009765625,2264.590087890625,2222.199951171875,2264.139892578125,0,2264.139892578125
2020-08-31,2259.139892578125,2277.77001953125,2243.679931640625,2260.429931640625,0,2260.429931640625
2020-09-01,2275.6201171875,2305.510009765625,2264.889892578125,2304.679931640625,0,2304.679931640625
2020-09-02,2340.580078125,2382.320068359375,2317.010009765625,2370.179931640625,0,2370.179931640625
2020-09-03,2324.590087890625,2326.6298828125,2221.5400390625,2234.22998046875,0,2234.22998046875
2020-09-04,2218.340087890625,2251.989990234375,2137.010009765625,2212.72998046875,0,2212.72998046875
2020-09-08,2124.8798828125,2174.909912109375,2106.72998046875,2108.610107421875,0,2108.610107421875
2020-09-09,2157.280029296875,2186.25,2135.330078125,2169.610107421875,0,2169.610107421875
2020-09-10,2192.02001953125,2202.840087890625,2126.669921875,2137.780029296875,0,2137.780029296875
2020-09-11,2158.8798828125,2176.590087890625,2115.1298828125,2136.3701171875,0,2136.3701171875
2020-09-14,2184.010009765625,2194.5400390625,2164.570068359375,2181.75,0,2181.75
2020-09-15,2208.93994140625,2233.68994140625,2206.969970703125,2219.18994140625,0,2219.18994140625
2020-09-16,2232.31005859375,2235.7900390625,2194.72998046875,2195.5400390625,0,2195.5400390625
2020-09-17,2135.7099609375,2199.530029296875,2135.7099609375,2194.14990234375,0,2194.14990234375
2020-09-18,2209.340087890625,2211.31005859375,2133.6298828125,2160.969970703125,0,2160.969970703125
2020-09-21,2123.419921875,2154.89990234375,2102.159912109375,2154.280029296875,0,2154.280029296875
2020-09-22,2167.050048828125,2181.800048828125,2132.89990234375,2180.260009765625,0,2180.260009765625
2020-09-23,2181.02001953125,2190.550048828125,2120.780029296875,2126.68994140625,0,2126.68994140625
2020-09-24,2109.929931640625,2175.919921875,2109.929931640625,2147.419921875,0,2147.419921875
2020-09-25,2141.2099609375,2183.110107421875,2119.5,2177.840087890625,0,2177.840087890625
2020-09-28,2206.8798828125,2238.320068359375,2193.510009765625,2237.639892578125,0,2237.639892578125
2020-09-29,2236.280029296875,2261.56005859375,2234.97998046875,2242.52001953125,0,2242.52001953125
2020-09-30,2233.300048828125,2266.77001953125,2233.199951171875,2244.1201171875,0,2244.1201171875
2020-10-01,2279.639892578125,2297.409912109375,2265.89990234375,2291.77001953125,0,2291.77001953125
2020-10-02,2236.3798828125,2270.300048828125,2220.679931640625,2221.1201171875,0,2221.1201171875
2020-10-05,2245.169921875,2296.139892578125,2245.030029296875,2295.56005859375,0,2295.56005859375
2020-10-06,2296.919921875,2337.469970703125,2273.659912109375,2281.090087890625,0,2281.090087890625
2020-10-07,2317.25,2333.72998046875,2314.739990234375,2328.840087890625,0,2328.840087890625
2020-10-08,2348.030029296875,2359.9599609375,2340.969970703125,2356.159912109375,0,2356.159912109375
2020-10-09,2398.8798828125,2403.81005859375,2381.070068359375,2398.0400390625,0,2398.0400390625
2020-10-12,2423.06005859375,2444.8798828125,2416.820068359375,2433.47998046875,0,2433.47998046875
2020-10-13,2438.030029296875,2449.169921875,2418.06005859375,2430.1298828125,0,2430.1298828125
2020-10-14,2437.679931640625,2445.1201171875,2405.090087890625,2417.199951171875,0,2417.199951171875
2020-10-15,2371.18994140625,2416.419921875,2369.169921875,2411.1298828125,0,2411.1298828125
2020-10-16,2424.14990234375,2425.949951171875,2398.510009765625,2399.760009765625,0,2399.760009765625
2020-10-19,2418.929931640625,2432.889892578125,2379.260009765625,2385.85009765625,0,2385.85009765625
2020-10-20,2397.909912109375,2404.93994140625,2379.43994140625,2385.820068359375,0,2385.820068359375
2020-10-21,2384.1201171875,2394.159912109375,2366.340087890625,2367.260009765625,0,2367.260009765625
2020-10-22,2369.590087890625,2381.6201171875,2342.340087890625,2370.449951171875,0,2370.449951171875
2020-10-23,2355.60009765625,2361.219970703125,2338.25,2360.22998046875,0,2360.22998046875
2020-10-26,2337.02001953125,2349.110107421875,2280.280029296875,2308.449951171875,0,2308.449951171875
2020-10-27,2328.050048828125,2331.719970703125,2293.02001953125,2300.909912109375,0,2300.909912109375
2020-10-28,2261.31005859375,2264.080078125,2221.43994140625,2222.97998046875,0,2222.97998046875
2020-10-29,2220.530029296875,2304.419921875,2219.449951171875,2283.64990234375,0,2283.64990234375
2020-10-30,2257.080078125,2270.5400390625,2221.330078125,2246.14990234375,0,2246.14990234375
2020-11-02,2269.39990234375,2281.449951171875,2238.7099609375,2260.070068359375,0,2260.070068359375
2020-11-03,2281.510009765625,2319.909912109375,2279.320068359375,2302.72998046875,0,2302.72998046875
2020-11-04,2345.10009765625,2393.7900390625,2322.389892578125,2384.219970703125,0,2384.219970703125
2020-11-05,2452.43994140625,2493.280029296875,2451.929931640625,2489.159912109375,0,2489.159912109375
2020-11-06,2486.919921875,2537.510009765625,2474.60009765625,2529.27001953125,0,2529.27001953125
2020-11-09,2587.300048828125,2604.5,2495.610107421875,2497.590087890625,0,2497.590087890625
2020-11-10,2474.93994140625,2485.580078125,2417.389892578125,2422.330078125,0,2422.330078125
2020-11-11,2465.610107421875,2514.419921875,2464.530029296875,2511.239990234375,0,2511.239990234375
2020-11-12,2511.219970703125,2521.43994140625,2467.159912109375,2478.429931640625,0,2478.429931640625
2020-11-13,2513.18994140625,2530.27001953125,2492.5,2508.820068359375,0,2508.820068359375
2020-11-16,2529.2099609375,2571.989990234375,2524.409912109375,2570.97998046875,0,2570.97998046875
2020-11-17,2556.6298828125,2563.639892578125,2532.02001953125,2548.9599609375,0,2548.9599609375
2020-11-18,2554.639892578125,2572.419921875,2530.25,2530.590087890625,0,2530.590087890625
2020-11-19,2513.679931640625,2571.97998046875,2511.5,2570.219970703125,0,2570.219970703125
2020-11-20,2577.81005859375,2591.929931640625,2553.68994140625,2555.5,0,2555.5
2020-11-23,2568.5400390625,2602.949951171875,2561.35009765625,2595.25,0,2595.25
2020-11-24,2607.3798828125,2612.199951171875,2569.530029296875,2609.010009765625,0,2609.010009765625
2020-11-25,2612.93994140625,2622.52001953125,2590.6201171875,2600.239990234375,0,2600.239990234375
2020-11-27,2625.719970703125,2647.639892578125,2625.4599609375,2631.56005859375,0,2631.56005859375
2020-11-30,2638.110107421875,2666.1201171875,2604.5,2663.489990234375,0,2663.489990234375
2020-12-01,2692.139892578125,2724.6201171875,2679.409912109375,2709.72998046875,0,2709.72998046875
2020-12-02,2702.889892578125,2728.030029296875,2697.27001953125,2716.35009765625,0,2716.35009765625
2020-12-03,2730.260009765625,2745.909912109375,2713.610107421875,2716.14990234375,0,2716.14990234375
2020-12-04,2728.570068359375,2793.739990234375,2724.60009765625,2793.030029296875,0,2793.030029296875
2020-12-07,2796.300048828125,2809.0400390625,2780.110107421875,2806.610107421875,0,2806.610107421875
2020-12-08,2804.989990234375,2825.93994140625,2790.330078125,2816.27001953125,0,2816.27001953125
2020-12-09,2799.659912109375,2822.030029296875,2718.909912109375,2734.77001953125,0,2734.77001953125
2020-12-10,2712.02001953125,2754.56005859375,2704.570068359375,2733.669921875,0,2733.669921875
2020-12-11,2703.780029296875,2724.610107421875,2675.3701171875,2704.080078125,0,2704.080078125
2020-12-14,2723.889892578125,2751.760009765625,2723.889892578125,2736.25,0,2736.25
2020-12-15,2774.610107421875,2779.81005859375,2753.2099609375,2774.7900390625,0,2774.7900390625
2020-12-16,2779.9599609375,2780.52001953125,2753.929931640625,2773.419921875,0,2773.419921875
2020-12-17,2791.39990234375,2792.070068359375,2768.06005859375,2778.139892578125,0,2778.139892578125
2020-12-18,2783.090087890625,2786.090087890625,2746.3701171875,2764.739990234375,0,2764.739990234375
2020-12-21,2718.719970703125,2751.14990234375,2703.77001953125,2747.2900390625,0,2747.2900390625
2020-12-22,2747.159912109375,2750.9599609375,2722.679931640625,2743.969970703125,0,2743.969970703125
2020-12-23,2754.89990234375,2754.89990234375,2721.93994140625,2723.530029296875,0,2723.530029296875
2020-12-24,2733.72998046875,2751.699951171875,2730.830078125,2750.239990234375,0,2750.239990234375
2020-12-28,2780.97998046875,2782.659912109375,2741.89990234375,2744.300048828125,0,2744.300048828125
2020-12-29,2757.590087890625,2757.719970703125,2709.02001953125,2738.050048828125,0,2738.050048828125
2020-12-30,2754.739990234375,2788.919921875,2754.739990234375,2783.77001953125,0,2783.77001953125
2020-12-31,2787.679931640625,2798.139892578125,2768.429931640625,2795.5,0,2795.5
2021-01-04,2821.989990234375,2872.199951171875,2763.090087890625,2783.2099609375,0,2783.2099609375
2021-01-05,2783.179931640625,2838.18994140625,2782.6201171875,2837.169921875,0,2837.169921875
2021-01-06,2820.860107421875,2884.610107421875,2803.52001953125,2827.9599609375,0,2827.9599609375
2021-01-07,2873.659912109375,2943.8798828125,2873.169921875,2937.0,0,2937.0
2021-01-08,2982.330078125,2994.070068359375,2904.5400390625,2936.469970703125,0,2936.469970703125
2021-01-11,2915.139892578125,2991.60009765625,2914.080078125,2969.919921875,0,2969.919921875
2021-01-12,2989.10009765625,3014.360107421875,2959.919921875,2988.02001953125,0,2988.02001953125
2021-01-13,3019.739990234375,3020.72998046875,2980.14990234375,2991.949951171875,0,2991.949951171875
2021-01-14,3037.419921875,3089.7099609375,3029.72998046875,3055.639892578125,0,3055.639892578125
2021-01-15,3043.449951171875,3043.449951171875,2975.9599609375,2992.77001953125,0,2992.77001953125
2021-01-19,3041.8798828125,3097.530029296875,3034.989990234375,3093.320068359375,0,3093.320068359375
2021-01-20,3124.030029296875,3138.56005859375,3077.260009765625,3085.0400390625,0,3085.0400390625
2021-01-21,3110.780029296875,3141.02001953125,3081.89990234375,3132.169921875,0,3132.169921875
2021-01-22,3098.360107421875,3116.239990234375,3073.93994140625,3074.39990234375,0,3074.39990234375
2021-01-25,3102.929931640625,3107.820068359375,3023.6201171875,3079.2099609375,0,3079.2099609375
2021-01-26,3078.080078125,3079.39990234375,3030.0,3031.77001953125,0,3031.77001953125
2021-01-27,2941.590087890625,2961.56005859375,2862.239990234375,2875.1298828125,0,2875.1298828125
2021-01-28,2933.1201171875,2977.530029296875,2909.1201171875,2935.1201171875,0,2935.1201171875
2021-01-29,2940.780029296875,2954.7099609375,2875.1201171875,2887.080078125,0,2887.080078125
2021-02-01,2938.699951171875,3006.699951171875,2924.669921875,2999.989990234375,0,2999.989990234375
2021-02-02,3047.3798828125,3049.300048828125,3005.1201171875,3047.330078125,0,3047.330078125
2021-02-03,3057.6298828125,3063.280029296875,2982.47998046875,2982.8701171875,0,2982.8701171875
2021-02-04,2966.530029296875,3010.530029296875,2951.949951171875,3008.419921875,0,3008.419921875
2021-02-05,3028.02001953125,3029.47998046875,2982.699951171875,2985.010009765625,0,2985.010009765625
2021-02-08,3013.090087890625,3079.280029296875,3010.7099609375,3078.47998046875,0,3078.47998046875
2021-02-09,3070.7900390625,3089.389892578125,3053.570068359375,3064.949951171875,0,3064.949951171875
2021-02-10,3096.010009765625,3108.919921875,3035.0400390625,3074.860107421875,0,3074.860107421875
2021-02-11,3107.169921875,3182.6201171875,3106.14990234375,3180.840087890625,0,3180.840087890625
2021-02-12,3172.22998046875,3226.080078125,3155.590087890625,3219.8701171875,0,3219.8701171875
2021-02-16,3250.56005859375,3269.02001953125,3222.43994140625,3238.919921875,0,3238.919921875
2021-02-17,3197.27001953125,3216.389892578125,3138.050048828125,3178.239990234375,0,3178.239990234375
2021-02-18,3142.239990234375,3160.02001953125,3108.469970703125,3146.7900390625,0,3146.7900390625
2021-02-19,3195.06005859375,3241.7099609375,3188.1201171875,3223.4599609375,0,3223.4599609375
2021-02-22,3181.320068359375,3202.550048828125,3093.580078125,3102.010009765625,0,3102.010009765625
2021-02-23,3041.8701171875,3105.0400390625,2960.360107421875,3083.8798828125,0,3083.8798828125
2021-02-24,3063.169921875,3186.1201171875,3037.070068359375,3183.739990234375,0,3183.739990234375
2021-02-25,3142.89990234375,3163.530029296875,2988.429931640625,2999.159912109375,0,2999.159912109375
2021-02-26,3041.800048828125,3096.949951171875,2991.080078125,3067.6201171875,0,3067.6201171875
2021-03-01,3118.429931640625,3172.419921875,3093.590087890625,3169.110107421875,0,3169.110107421875
2021-03-02,3165.389892578125,3166.570068359375,3068.25,3070.93994140625,0,3070.93994140625
2021-03-03,3068.199951171875,3079.93994140625,2972.85009765625,2975.580078125,0,2975.580078125
2021-03-04,2947.909912109375,2980.080078125,2793.820068359375,2831.6298828125,0,2831.6298828125
2021-03-05,2897.97998046875,2928.1201171875,2764.820068359375,2920.75,0,2920.75
2021-03-08,2905.780029296875,2923.639892578125,2759.199951171875,2762.75,0,2762.75
2021-03-09,2861.050048828125,2952.1201171875,2853.64990234375,2932.2099609375,0,2932.2099609375
2021-03-10,2969.93994140625,2976.06005859375,2876.179931640625,2879.320068359375,0,2879.320068359375
2021-03-11,2965.2099609375,3015.0400390625,2948.3798828125,2997.1298828125,0,2997.1298828125
2021-03-12,2933.800048828125,2970.110107421875,2924.340087890625,2965.090087890625,0,2965.090087890625
2021-03-15,2983.52001953125,3034.050048828125,2963.68994140625,3032.050048828125,0,3032.050048828125
2021-03-16,3058.330078125,3116.110107421875,3051.64990234375,3070.320068359375,0,3070.320068359375
2021-03-17,3024.820068359375,3130.02001953125,3004.070068359375,3107.919921875,0,3107.919921875
2021-03-18,3058.610107421875,3069.31005859375,2974.72998046875,2976.219970703125,0,2976.219970703125
2021-03-19,2976.639892578125,3039.389892578125,2945.4599609375,3011.3701171875,0,3011.3701171875
2021-03-22,3055.409912109375,3112.43994140625,3040.669921875,3077.550048828125,0,3077.550048828125
2021-03-23,3082.02001953125,3082.22998046875,2982.2099609375,2994.2099609375,0,2994.2099609375
2021-03-24,3049.7900390625,3057.39990234375,2952.260009765625,2953.969970703125,0,2953.969970703125
2021-03-25,2902.429931640625,2971.760009765625,2881.010009765625,2959.8798828125,0,2959.8798828125
2021-03-26,2961.22998046875,3110.7099609375,2958.800048828125,3106.280029296875,0,3106.280029296875
2021-03-29,3077.14990234375,3085.6298828125,3021.97998046875,3054.6298828125,0,3054.6298828125
2021-03-30,3034.800048828125,3055.75,3013.27001953125,3044.550048828125,0,3044.550048828125
2021-03-31,3073.469970703125,3147.050048828125,3072.5400390625,3124.93994140625,0,3124.93994140625
2021-04-01,3187.2900390625,3242.330078125,3180.47998046875,3240.169921875,0,3240.169921875
2021-04-05,3282.909912109375,3314.159912109375,3255.280029296875,3305.429931640625,0,3305.429931640625
2021-04-06,3283.4599609375,3304.47998046875,3236.860107421875,3266.10009765625,0,3266.10009765625
2021-04-07,3259.260009765625,3281.39990234375,3241.06005859375,3266.4599609375,0,3266.4599609375
2021-04-08,3301.419921875,3304.5400390625,3274.0400390625,3301.260009765625,0,3301.260009765625
2021-04-09,3272.389892578125,3295.760009765625,3262.929931640625,3294.530029296875,0,3294.530029296875
2021-04-12,3273.60009765625,3274.610107421875,3231.1298828125,3258.330078125,0,3258.330078125
2021-04-13,3275.52001953125,3284.85009765625,3223.4599609375,3252.699951171875,0,3252.699951171875
2021-04-14,3244.56005859375,3268.8701171875,3200.4599609375,3213.8798828125,0,3213.8798828125
2021-04-15,3250.31005859375,3276.56005859375,3226.10009765625,3271.330078125,0,3271.330078125
2021-04-16,3274.14990234375,3275.590087890625,3248.4599609375,3253.080078125,0,3253.080078125
2021-04-19,3228.010009765625,3240.949951171875,3141.199951171875,3171.0,0,3171.0
2021-04-20,3158.860107421875,3171.169921875,3106.18994140625,3121.429931640625,0,3121.429931640625
2021-04-21,3128.22998046875,3209.280029296875,3113.739990234375,3207.25,0,3207.25
2021-04-22,3203.85009765625,3206.889892578125,3119.010009765625,3133.169921875,0,3133.169921875
2021-04-23,3147.10009765625,3207.330078125,3145.75,3196.97998046875,0,3196.97998046875
2021-04-26,3199.510009765625,3256.169921875,3195.3701171875,3250.260009765625,0,3250.260009765625
2021-04-27,3266.25,3266.25,3220.340087890625,3225.610107421875,0,3225.610107421875
2021-04-28,3208.60009765625,3208.60009765625,3175.610107421875,3178.489990234375,0,3178.489990234375
2021-04-29,3218.360107421875,3222.2900390625,3153.97998046875,3202.5,0,3202.5
2021-04-30,3145.510009765625,3169.3798828125,3101.3798828125,3108.989990234375,0,3108.989990234375
2021-05-03,3130.06005859375,3134.06005859375,3060.0,3073.3798828125,0,3073.3798828125
2021-05-04,3029.300048828125,3036.10009765625,2969.1201171875,3024.31005859375,0,3024.31005859375
2021-05-05,3063.239990234375,3080.68994140625,3022.699951171875,3042.8798828125,0,3042.8798828125
2021-05-06,3032.550048828125,3068.530029296875,3002.739990234375,3066.219970703125,0,3066.219970703125
2021-05-07,3103.949951171875,3129.8701171875,3085.739990234375,3112.030029296875,0,3112.030029296875
2021-05-10,3077.280029296875,3078.389892578125,2965.419921875,2967.110107421875,0,2967.110107421875
2021-05-11,2876.27001953125,2982.840087890625,2872.31005859375,2976.010009765625,0,2976.010009765625
2021-05-12,2906.43994140625,2926.860107421875,2842.330078125,2851.14990234375,0,2851.14990234375
2021-05-13,2899.800048828125,2934.449951171875,2862.8798828125,2893.93994140625,0,2893.93994140625
2021-05-14,2932.0400390625,3006.139892578125,2907.39990234375,2981.419921875,0,2981.419921875
2021-05-17,2946.81005859375,2955.610107421875,2904.25,2954.6298828125,0,2954.6298828125
2021-05-18,2977.860107421875,2985.929931640625,2927.340087890625,2929.14990234375,0,2929.14990234375
2021-05-19,2864.35009765625,2989.820068359375,2862.679931640625,2987.280029296875,0,2987.280029296875
2021-05-20,3010.7900390625,3078.300048828125,3009.97998046875,3066.110107421875,0,3066.110107421875
2021-05-21,3085.669921875,3086.830078125,3044.89990234375,3052.10009765625,0,3052.10009765625
2021-05-24,3082.43994140625,3141.81005859375,3079.669921875,3122.97998046875,0,3122.97998046875
2021-05-25,3145.669921875,3157.7900390625,3117.27001953125,3134.669921875,0,3134.669921875
2021-05-26,3135.89990234375,3156.77001953125,3115.219970703125,3140.97998046875,0,3140.97998046875
2021-05-27,3134.2099609375,3170.860107421875,3130.639892578125,3159.27001953125,0,3159.27001953125
2021-05-28,3172.52001953125,3200.35009765625,3163.77001953125,3186.56005859375,0,3186.56005859375
2021-06-01,3210.10009765625,3233.889892578125,3160.35009765625,3174.320068359375,0,3174.320068359375
2021-06-02,3167.7099609375,3206.820068359375,3163.7900390625,3196.97998046875,0,3196.97998046875
2021-06-03,3161.1298828125,3171.780029296875,3126.9599609375,3139.18994140625,0,3139.18994140625
2021-06-04,3170.110107421875,3221.780029296875,3170.110107421875,3214.139892578125,0,3214.139892578125
2021-06-07,3199.10009765625,3205.300048828125,3172.52001953125,3191.659912109375,0,3191.659912109375
2021-06-08,3221.449951171875,3221.449951171875,3150.260009765625,3171.219970703125,0,3171.219970703125
2021-06-09,3183.409912109375,3190.659912109375,3157.820068359375,3158.47998046875,0,3158.47998046875
2021-06-10,3165.199951171875,3205.77001953125,3156.800048828125,3196.2099609375,0,3196.2099609375
2021-06-11,3198.889892578125,3210.27001953125,3186.260009765625,3210.06005859375,0,3210.06005859375
2021-06-14,3213.56005859375,3255.590087890625,3199.969970703125,3255.340087890625,0,3255.340087890625
2021-06-15,3248.1298828125,3265.56005859375,3218.22998046875,3225.97998046875,0,3225.97998046875
2021-06-16,3237.010009765625,3246.320068359375,3173.5400390625,3201.010009765625,0,3201.010009765625
2021-06-17,3189.25,3255.31005859375,3189.1298828125,3231.7099609375,0,3231.7099609375
2021-06-18,3205.7900390625,3210.969970703125,3137.590087890625,3152.81005859375,0,3152.81005859375
2021-06-21,3153.199951171875,3174.8701171875,3132.919921875,3171.989990234375,0,3171.989990234375
2021-06-22,3166.6201171875,3192.550048828125,3155.080078125,3185.429931640625,0,3185.429931640625
2021-06-23,3191.570068359375,3214.7099609375,3191.530029296875,3197.219970703125,0,3197.219970703125
2021-06-24,3228.7099609375,3258.43994140625,3226.030029296875,3253.800048828125,0,3253.800048828125
2021-06-25,3263.449951171875,3270.2099609375,3233.64990234375,3241.47998046875,0,3241.47998046875
2021-06-28,3274.389892578125,3333.679931640625,3274.06005859375,3323.139892578125,0,3323.139892578125
2021-06-29,3321.550048828125,3349.989990234375,3304.989990234375,3348.8701171875,0,3348.8701171875
2021-06-30,3346.570068359375,3350.969970703125,3326.080078125,3345.31005859375,0,3345.31005859375
2021-07-01,3336.1298828125,3340.159912109375,3288.909912109375,3295.06005859375,0,3295.06005859375
2021-07-02,3323.159912109375,3323.60009765625,3289.419921875,3315.830078125,0,3315.830078125
2021-07-06,3327.010009765625,3335.929931640625,3268.139892578125,3307.919921875,0,3307.919921875
2021-07-07,3331.330078125,3331.330078125,3250.52001953125,3261.72998046875,0,3261.72998046875
2021-07-08,3185.5400390625,3239.3701171875,3172.409912109375,3222.81005859375,0,3222.81005859375
2021-07-09,3229.469970703125,3282.320068359375,3212.7099609375,3278.389892578125,0,3278.389892578125
2021-07-12,3292.639892578125,3319.93994140625,3281.639892578125,3319.0,0,3319.0
2021-07-13,3309.590087890625,3319.10009765625,3289.68994140625,3300.81005859375,0,3300.81005859375
2021-07-14,3338.050048828125,3357.97998046875,3283.68994140625,3289.179931640625,0,3289.179931640625
2021-07-15,3271.409912109375,3272.340087890625,3196.1201171875,3217.739990234375,0,3217.739990234375
2021-07-16,3231.10009765625,3243.820068359375,3141.409912109375,3145.449951171875,0,3145.449951171875
2021-07-19,3094.840087890625,3150.0,3088.330078125,3147.510009765625,0,3147.510009765625
2021-07-20,3155.639892578125,3212.239990234375,3122.1201171875,3190.949951171875,0,3190.949951171875
2021-07-21,3205.93994140625,3289.199951171875,3204.60009765625,3288.75,0,3288.75
2021-07-22,3268.43994140625,3282.610107421875,3240.659912109375,3259.419921875,0,3259.419921875
2021-07-23,3273.340087890625,3281.31005859375,3239.320068359375,3280.06005859375,0,3280.06005859375
2021-07-26,3268.669921875,3286.860107421875,3256.929931640625,3276.919921875,0,3276.919921875
2021-07-27,3258.989990234375,3261.659912109375,3152.580078125,3215.969970703125,0,3215.969970703125
2021-07-28,3230.139892578125,3283.159912109375,3216.97998046875,3272.449951171875,0,3272.449951171875
2021-07-29,3286.360107421875,3339.8701171875,3280.409912109375,3333.239990234375,0,3333.239990234375
2021-07-30,3304.510009765625,3361.169921875,3304.510009765625,3356.530029296875,0,3356.530029296875
2021-08-02,3388.5,3420.31005859375,3370.830078125,3377.489990234375,0,3377.489990234375
2021-08-03,3382.1201171875,3397.7900390625,3340.39990234375,3396.659912109375,0,3396.659912109375
2021-08-04,3415.139892578125,3450.3701171875,3405.7099609375,3436.89990234375,0,3436.89990234375
2021-08-05,3447.2099609375,3451.409912109375,3408.409912109375,3424.4599609375,0,3424.4599609375
2021-08-06,3404.39990234375,3427.570068359375,3403.469970703125,3412.050048828125,0,3412.050048828125
2021-08-09,3424.419921875,3428.110107421875,3387.570068359375,3399.760009765625,0,3399.760009765625
2021-08-10,3406.47998046875,3409.449951171875,3337.639892578125,3358.8701171875,0,3358.8701171875
2021-08-11,3370.389892578125,3373.389892578125,3310.010009765625,3350.929931640625,0,3350.929931640625
2021-08-12,3328.550048828125,3328.550048828125,3287.0400390625,3312.9599609375,0,3312.9599609375
2021-08-13,3308.77001953125,3337.610107421875,3305.81005859375,3335.0400390625,0,3335.0400390625
2021-08-16,3323.77001953125,3331.739990234375,3298.199951171875,3322.639892578125,0,3322.639892578125
2021-08-17,3288.02001953125,3288.02001953125,3228.889892578125,3256.820068359375,0,3256.820068359375
2021-08-18,3245.659912109375,3269.14990234375,3205.97998046875,3208.830078125,0,3208.830078125
2021-08-19,3192.22998046875,3252.6298828125,3166.830078125,3235.8701171875,0,3235.8701171875
2021-08-20,3245.219970703125,3263.469970703125,3218.550048828125,3256.5,0,3256.5
2021-08-23,3287.679931640625,3346.159912109375,3287.360107421875,3342.010009765625,0,3342.010009765625
2021-08-24,3347.830078125,3363.419921875,3338.919921875,3345.389892578125,0,3345.389892578125
2021-08-25,3365.199951171875,3393.89990234375,3363.25,3372.550048828125,0,3372.550048828125
2021-08-26,3368.360107421875,3385.469970703125,3346.830078125,3370.389892578125,0,3370.389892578125
2021-08-27,3373.5,3441.780029296875,3373.5,3436.449951171875,0,3436.449951171875
2021-08-30,3460.800048828125,3477.929931640625,3433.8798828125,3446.43994140625,0,3446.43994140625
2021-08-31,3446.469970703125,3446.580078125,3391.1201171875,3417.719970703125,0,3417.719970703125
2021-09-01,3431.0,3433.010009765625,3398.6298828125,3399.949951171875,0,3399.949951171875
2021-09-02,3413.35009765625,3420.010009765625,3396.949951171875,3411.320068359375,0,3411.320068359375
2021-09-03,3405.030029296875,3445.39990234375,3401.760009765625,3430.889892578125,0,3430.889892578125
2021-09-07,3432.199951171875,3432.989990234375,3401.889892578125,3419.72998046875,0,3419.72998046875
2021-09-08,3409.510009765625,3411.75,3350.260009765625,3377.679931640625,0,3377.679931640625
2021-09-09,3381.570068359375,3410.06005859375,3379.830078125,3390.840087890625,0,3390.840087890625
2021-09-10,3425.3701171875,3468.679931640625,3415.159912109375,3416.659912109375,0,3416.659912109375
2021-09-13,3450.580078125,3458.070068359375,3405.340087890625,3449.679931640625,0,3449.679931640625
2021-09-14,3464.7099609375,3475.780029296875,3433.510009765625,3449.389892578125,0,3449.389892578125
2021-09-15,3451.239990234375,3466.52001953125,3421.56005859375,3465.760009765625,0,3465.760009765625
2021-09-16,3437.280029296875,3484.18994140625,3427.85009765625,3473.60009765625,0,3473.60009765625
2021-09-17,3457.77001953125,3457.77001953125,3403.139892578125,3421.159912109375,0,3421.159912109375
2021-09-20,3341.280029296875,3360.030029296875,3289.409912109375,3338.22998046875,0,3338.22998046875
2021-09-21,3363.35009765625,3368.3798828125,3313.85009765625,3345.030029296875,0,3345.030029296875
2021-09-22,3374.22998046875,3420.739990234375,3357.6201171875,3412.02001953125,0,3412.02001953125
2021-09-23,3426.280029296875,3468.739990234375,3418.0,3457.449951171875,0,3457.449951171875
2021-09-24,3431.139892578125,3461.280029296875,3426.080078125,3453.919921875,0,3453.919921875
2021-09-27,3418.1201171875,3458.22998046875,3399.080078125,3445.43994140625,0,3445.43994140625
2021-09-28,3378.110107421875,3398.10009765625,3313.75,3314.389892578125,0,3314.389892578125
2021-09-29,3318.330078125,3329.889892578125,3257.2099609375,3263.840087890625,0,3263.840087890625
2021-09-30,3293.72998046875,3311.409912109375,3257.739990234375,3258.090087890625,0,3258.090087890625
2021-10-01,3275.280029296875,3277.580078125,3208.550048828125,3261.179931640625,0,3261.179931640625
2021-10-04,3240.89990234375,3246.419921875,3170.469970703125,3180.06005859375,0,3180.06005859375
2021-10-05,3204.72998046875,3249.010009765625,3191.14990234375,3227.25,0,3227.25
2021-10-06,3191.510009765625,3242.3798828125,3182.6201171875,3238.7900390625,0,3238.7900390625
2021-10-07,3281.02001953125,3319.3798828125,3271.18994140625,3274.47998046875,0,3274.47998046875
2021-10-08,3288.580078125,3289.5,3241.8701171875,3246.27001953125,0,3246.27001953125
2021-10-11,3232.820068359375,3274.39990234375,3219.949951171875,3221.22998046875,0,3221.22998046875
2021-10-12,3240.780029296875,3242.889892578125,3165.35009765625,3178.14990234375,0,3178.14990234375
2021-10-13,3203.659912109375,3211.969970703125,3183.5,3192.75,0,3192.75
2021-10-14,3245.8701171875,3292.090087890625,3243.14990234375,3291.239990234375,0,3291.239990234375
2021-10-15,3316.5400390625,3325.31005859375,3299.550048828125,3314.409912109375,0,3314.409912109375
2021-10-18,3287.419921875,3340.840087890625,3276.699951171875,3338.780029296875,0,3338.780029296875
2021-10-19,3343.1298828125,3381.699951171875,3331.989990234375,3381.449951171875,0,3381.449951171875
2021-10-20,3380.3798828125,3387.97998046875,3363.340087890625,3374.219970703125,0,3374.219970703125
2021-10-21,3353.949951171875,3414.97998046875,3353.8701171875,3412.050048828125,0,3412.050048828125
2021-10-22,3393.139892578125,3427.1298828125,3366.6298828125,3370.280029296875,0,3370.280029296875
2021-10-25,3384.93994140625,3412.39990234375,3377.969970703125,3392.389892578125,0,3392.389892578125
2021-10-26,3420.330078125,3427.89990234375,3381.14990234375,3392.9599609375,0,3392.9599609375
2021-10-27,3365.110107421875,3399.1298828125,3353.780029296875,3360.2900390625,0,3360.2900390625
2021-10-28,3406.300048828125,3440.580078125,3402.969970703125,3438.830078125,0,3438.830078125
2021-10-29,3407.47998046875,3452.830078125,3404.14990234375,3451.27001953125,0,3451.27001953125
2021-11-01,3459.570068359375,3507.56005859375,3451.679931640625,3506.280029296875,0,3506.280029296875
2021-11-02,3510.25,3549.760009765625,3510.25,3548.860107421875,0,3548.860107421875
2021-11-03,3552.7099609375,3592.760009765625,3540.0,3590.169921875,0,3590.169921875
2021-11-04,3633.110107421875,3728.080078125,3617.090087890625,3715.760009765625,0,3715.760009765625
2021-11-05,3738.889892578125,3789.590087890625,3725.320068359375,3756.550048828125,0,3756.550048828125
2021-11-08,3781.1298828125,3824.320068359375,3766.47998046875,3803.330078125,0,3803.330078125
2021-11-09,3830.77001953125,3838.6201171875,3767.030029296875,3800.570068359375,0,3800.570068359375
2021-11-10,3727.590087890625,3783.06005859375,3676.6201171875,3693.02001953125,0,3693.02001953125
2021-11-11,3740.360107421875,3772.070068359375,3723.169921875,3764.489990234375,0,3764.489990234375
2021-11-12,3770.52001953125,3812.340087890625,3754.669921875,3794.5,0,3794.5
2021-11-15,3817.10009765625,3823.6201171875,3760.10009765625,3793.75,0,3793.75
2021-11-16,3781.909912109375,3866.72998046875,3774.070068359375,3859.39990234375,0,3859.39990234375
2021-11-17,3851.31005859375,3856.5,3813.580078125,3831.43994140625,0,3831.43994140625
2021-11-18,3904.2900390625,3916.919921875,3861.93994140625,3899.9599609375,0,3899.9599609375
2021-11-19,3895.64990234375,3936.989990234375,3879.860107421875,3912.02001953125,0,3912.02001953125
2021-11-22,3928.0,3982.1201171875,3843.889892578125,3847.1201171875,0,3847.1201171875
2021-11-23,3836.68994140625,3869.860107421875,3773.43994140625,3834.429931640625,0,3834.429931640625
2021-11-24,3800.050048828125,3871.590087890625,3765.68994140625,3870.010009765625,0,3870.010009765625
2021-11-26,3799.550048828125,3833.050048828125,3735.929931640625,3757.1298828125,0,3757.1298828125
2021-11-29,3827.409912109375,3914.699951171875,3806.360107421875,3910.5400390625,0,3910.5400390625
2021-11-30,3893.010009765625,3924.7900390625,3804.60009765625,3833.219970703125,0,3833.219970703125
2021-12-01,3896.090087890625,3958.719970703125,3806.330078125,3810.75,0,3810.75
2021-12-02,3758.199951171875,3838.639892578125,3742.5400390625,3810.820068359375,0,3810.820068359375
2021-12-03,3874.52001953125,3902.860107421875,3762.070068359375,3804.5400390625,0,3804.5400390625
2021-12-06,3797.590087890625,3814.330078125,3687.8701171875,3800.070068359375,0,3800.070068359375
2021-12-07,3892.320068359375,4002.159912109375,3892.320068359375,3988.75,0,3988.75
2021-12-08,3954.260009765625,3973.419921875,3928.159912109375,3964.43994140625,0,3964.43994140625
2021-12-09,3936.340087890625,3981.93994140625,3877.080078125,3879.52001953125,0,3879.52001953125
2021-12-10,3952.39990234375,3967.97998046875,3871.889892578125,3914.669921875,0,3914.669921875
2021-12-13,3931.030029296875,3936.7099609375,3811.050048828125,3814.429931640625,0,3814.429931640625
2021-12-14,3768.06005859375,3814.6201171875,3746.43994140625,3794.409912109375,0,3794.409912109375
2021-12-15,3805.409912109375,3939.860107421875,3757.280029296875,3934.4599609375,0,3934.4599609375
2021-12-16,3961.550048828125,3961.989990234375,3748.1298828125,3766.320068359375,0,3766.320068359375
2021-12-17,3733.659912109375,3814.830078125,3721.169921875,3761.0400390625,0,3761.0400390625
2021-12-20,3707.39990234375,3755.3701171875,3689.3798828125,3732.389892578125,0,3732.389892578125
2021-12-21,3818.570068359375,3861.77001953125,3760.06005859375,3857.300048828125,0,3857.300048828125
2021-12-22,3836.5400390625,3892.77001953125,3817.219970703125,3891.919921875,0,3891.919921875
2021-12-23,3906.820068359375,3955.5400390625,3906.820068359375,3932.389892578125,0,3932.389892578125
2021-12-27,3945.989990234375,4040.6298828125,3945.989990234375,4039.510009765625,0,4039.510009765625
2021-12-28,4052.830078125,4054.989990234375,3977.719970703125,3992.18994140625,0,3992.18994140625
2021-12-29,3995.4599609375,4023.989990234375,3979.18994140625,3999.35009765625,0,3999.35009765625
2021-12-30,3996.43994140625,4008.68994140625,3945.760009765625,3952.0400390625,0,3952.0400390625
2021-12-31,3960.4599609375,3987.550048828125,3944.820068359375,3946.169921875,0,3946.169921875
2022-01-03,3974.31005859375,4027.89990234375,3961.2900390625,4027.219970703125,0,4027.219970703125
2022-01-04,4045.3701171875,4068.14990234375,3918.409912109375,4009.0,0,4009.0
2022-01-05,3988.60009765625,4020.5,3876.840087890625,3879.8701171875,0,3879.8701171875
2022-01-06,3872.39990234375,3926.989990234375,3839.080078125,3909.0400390625,0,3909.0400390625
2022-01-07,3912.18994140625,3917.820068359375,3786.429931640625,3796.320068359375,0,3796.320068359375
2022-01-10,3738.18994140625,3810.300048828125,3676.77001953125,3805.389892578125,0,3805.389892578125
2022-01-11,3785.580078125,3879.0,3767.820068359375,3875.43994140625,0,3875.43994140625
2022-01-12,3915.610107421875,3937.9599609375,3866.14990234375,3901.2099609375,0,3901.2099609375
2022-01-13,3971.169921875,3992.22998046875,3801.429931640625,3811.840087890625,0,3811.840087890625
2022-01-14,3783.10009765625,3903.050048828125,3783.10009765625,3900.610107421875,0,3900.610107421875
2022-01-18,3840.780029296875,3840.949951171875,3720.159912109375,3727.239990234375,0,3727.239990234375
2022-01-19,3763.25,3777.89990234375,3610.47998046875,3612.18994140625,0,3612.18994140625
2022-01-20,3638.14990234375,3666.6201171875,3493.10009765625,3494.75,0,3494.75
2022-01-21,3466.18994140625,3567.10009765625,3429.8798828125,3434.7900390625,0,3434.7900390625
2022-01-24,3363.39990234375,3483.489990234375,3257.4599609375,3479.949951171875,0,3479.949951171875
2022-01-25,3387.93994140625,3432.2099609375,3335.699951171875,3350.85009765625,0,3350.85009765625
2022-01-26,3447.31005859375,3540.52001953125,3357.110107421875,3407.0,0,3407.0
2022-01-27,3422.909912109375,3422.909912109375,3236.199951171875,3244.0,0,3244.0
2022-01-28,3237.489990234375,3304.169921875,3147.47998046875,3303.39990234375,0,3303.39990234375
2022-01-31,3332.1298828125,3484.7099609375,3304.8798828125,3483.2099609375,0,3483.2099609375
2022-02-01,3504.659912109375,3515.47998046875,3422.360107421875,3510.860107421875,0,3510.860107421875
2022-02-02,3578.419921875,3601.219970703125,3526.9599609375,3597.169921875,0,3597.169921875
2022-02-03,3510.25,3559.199951171875,3425.18994140625,3432.550048828125,0,3432.550048828125
2022-02-04,3420.429931640625,3481.659912109375,3374.5,3453.070068359375,0,3453.070068359375
2022-02-07,3470.489990234375,3507.530029296875,3440.25,3452.330078125,0,3452.330078125
2022-02-08,3443.199951171875,3545.1298828125,3433.85009765625,3535.1298828125,0,3535.1298828125
2022-02-09,3590.699951171875,3655.280029296875,3543.719970703125,3653.719970703125,0,3653.719970703125
2022-02-10,3569.14990234375,3674.3701171875,3520.52001953125,3536.10009765625,0,3536.10009765625
2022-02-11,3552.72998046875,3568.830078125,3341.780029296875,3365.25,0,3365.25
2022-02-14,3376.1201171875,3433.080078125,3324.550048828125,3370.199951171875,0,3370.199951171875
2022-02-15,3439.10009765625,3559.77001953125,3433.0,3554.449951171875,0,3554.449951171875
2022-02-16,3511.2099609375,3567.0,3480.8701171875,3555.68994140625,0,3555.68994140625
2022-02-17,3509.090087890625,3512.0400390625,3420.85009765625,3422.60009765625,0,3422.60009765625
2022-02-18,3429.419921875,3432.3798828125,3336.0,3384.300048828125,0,3384.300048828125
2022-02-22,3347.219970703125,3436.280029296875,3307.31005859375,3356.070068359375,0,3356.070068359375
2022-02-23,3402.830078125,3430.090087890625,3273.06005859375,3277.800048828125,0,3277.800048828125
2022-02-24,3156.840087890625,3404.2099609375,3152.679931640625,3399.159912109375,0,3399.159912109375
2022-02-25,3390.9599609375,3454.919921875,3351.929931640625,3452.669921875,0,3452.669921875
2022-02-28,3415.39990234375,3460.800048828125,3364.080078125,3429.530029296875,0,3429.530029296875
2022-03-01,3419.52001953125,3435.080078125,3274.31005859375,3304.85009765625,0,3304.85009765625
2022-03-02,3335.580078125,3436.070068359375,3330.6201171875,3416.159912109375,0,3416.159912109375
2022-03-03,3424.02001953125,3425.590087890625,3322.699951171875,3339.760009765625,0,3339.760009765625
2022-03-04,3314.93994140625,3337.739990234375,3220.409912109375,3258.919921875,0,3258.919921875
2022-03-07,3273.070068359375,3285.679931640625,3097.760009765625,3098.929931640625,0,3098.929931640625
2022-03-08,3110.169921875,3268.47998046875,3067.52001953125,3156.8701171875,0,3156.8701171875
2022-03-09,3261.219970703125,3303.6298828125,3223.39990234375,3282.179931640625,0,3282.179931640625
2022-03-10,3222.330078125,3223.330078125,3151.6201171875,3211.070068359375,0,3211.070068359375
2022-03-11,3259.72998046875,3266.340087890625,3139.610107421875,3144.14990234375,0,3144.14990234375
2022-03-14,3140.22998046875,3150.030029296875,3030.070068359375,3047.5,0,3047.5
2022-03-15,3073.77001953125,3186.60009765625,3057.77001953125,3180.239990234375,0,3180.239990234375
2022-03-16,3232.97998046875,3340.85009765625,3202.3701171875,3340.070068359375,0,3340.070068359375
2022-03-17,3298.469970703125,3365.1298828125,3280.659912109375,3364.550048828125,0,3364.550048828125
2022-03-18,3338.0,3443.679931640625,3324.719970703125,3432.300048828125,0,3432.300048828125
2022-03-21,3413.659912109375,3450.4599609375,3365.25,3423.239990234375,0,3423.239990234375
2022-03-22,3421.93994140625,3485.22998046875,3417.110107421875,3445.85009765625,0,3445.85009765625
2022-03-23,3411.679931640625,3457.25,3359.3798828125,3360.320068359375,0,3360.320068359375
2022-03-24,3398.010009765625,3533.580078125,3384.300048828125,3532.719970703125,0,3532.719970703125
2022-03-25,3525.9599609375,3535.409912109375,3466.989990234375,3525.340087890625,0,3525.340087890625
2022-03-28,3501.7900390625,3548.5400390625,3450.93994140625,3547.169921875,0,3547.169921875
2022-03-29,3601.3701171875,3633.139892578125,3557.659912109375,3625.580078125,0,3625.580078125
2022-03-30,3605.260009765625,3611.199951171875,3493.68994140625,3508.6201171875,0,3508.6201171875
2022-03-31,3503.739990234375,3523.699951171875,3427.469970703125,3429.0,0,3429.0
2022-04-01,3454.070068359375,3455.800048828125,3317.8798828125,3366.639892578125,0,3366.639892578125
2022-04-04,3380.610107421875,3428.659912109375,3368.35009765625,3424.949951171875,0,3424.949951171875
2022-04-05,3396.449951171875,3400.590087890625,3264.3798828125,3269.820068359375,0,3269.820068359375
2022-04-06,3197.989990234375,3246.8798828125,3164.989990234375,3193.9599609375,0,3193.9599609375
2022-04-07,3188.89990234375,3226.7900390625,3134.3701171875,3197.43994140625,0,3197.43994140625
2022-04-08,3164.93994140625,3173.530029296875,3116.669921875,3120.159912109375,0,3120.159912109375
2022-04-11,3067.97998046875,3099.419921875,3052.139892578125,3055.090087890625,0,3055.090087890625
2022-04-12,3124.320068359375,3145.75,3035.93994140625,3047.469970703125,0,3047.469970703125
2022-04-13,3065.25,3136.639892578125,3053.639892578125,3119.320068359375,0,3119.320068359375
2022-04-14,3131.419921875,3132.610107421875,3026.77001953125,3028.219970703125,0,3028.219970703125
2022-04-18,3017.9599609375,3110.030029296875,3017.9599609375,3085.18994140625,0,3085.18994140625
2022-04-19,3073.320068359375,3157.52001953125,3057.429931640625,3153.22998046875,0,3153.22998046875
2022-04-20,3205.679931640625,3227.179931640625,3135.449951171875,3142.199951171875,0,3142.199951171875
2022-04-21,3185.820068359375,3216.7900390625,3046.68994140625,3058.739990234375,0,3058.739990234375
2022-04-22,3054.6201171875,3069.52001953125,2988.419921875,2989.830078125,0,2989.830078125
2022-04-25,2964.60009765625,3045.679931640625,2964.570068359375,3042.389892578125,0,3042.389892578125
2022-04-26,3006.909912109375,3006.909912109375,2908.1298828125,2909.1201171875,0,2909.1201171875
2022-04-27,2879.760009765625,2964.469970703125,2875.3701171875,2894.909912109375,0,2894.909912109375
2022-04-28,2968.449951171875,3087.0400390625,2919.5,3056.360107421875,0,3056.360107421875
2022-04-29,3006.489990234375,3065.719970703125,2916.1201171875,2919.739990234375,0,2919.739990234375
2022-05-02,2935.9599609375,3024.7900390625,2905.43994140625,3022.239990234375,0,3022.239990234375
2022-05-03,3012.219970703125,3067.409912109375,2994.949951171875,3044.889892578125,0,3044.889892578125
2022-05-04,3071.169921875,3166.699951171875,2974.7099609375,3163.7900390625,0,3163.7900390625
2022-05-05,3103.590087890625,3105.5,2965.72998046875,3005.530029296875,0,3005.530029296875
2022-05-06,2990.4599609375,3044.820068359375,2926.090087890625,2982.06005859375,0,2982.06005859375
2022-05-09,2918.419921875,2949.919921875,2817.2099609375,2829.10009765625,0,2829.10009765625
2022-05-10,2918.60009765625,2948.639892578125,2834.860107421875,2900.1298828125,0,2900.1298828125
2022-05-11,2872.909912109375,2937.389892578125,2806.989990234375,2811.93994140625,0,2811.93994140625
2022-05-12,2781.840087890625,2851.75,2754.699951171875,2827.2099609375,0,2827.2099609375
2022-05-13,2880.0,2988.330078125,2863.409912109375,2970.3701171875,0,2970.3701171875
2022-05-16,2929.860107421875,2967.77001953125,2912.239990234375,2920.06005859375,0,2920.06005859375
2022-05-17,3007.47998046875,3071.56005859375,2990.31005859375,3066.5,0,3066.5
2022-05-18,3012.02001953125,3054.81005859375,2897.93994140625,2907.9599609375,0,2907.9599609375
2022-05-19,2901.050048828125,2960.1298828125,2867.1298828125,2890.330078125,0,2890.330078125
2022-05-20,2937.699951171875,2939.469970703125,2758.75,2882.64990234375,0,2882.64990234375
2022-05-23,2861.340087890625,2904.169921875,2844.090087890625,2898.429931640625,0,2898.429931640625
2022-05-24,2853.7099609375,2863.510009765625,2797.89990234375,2827.050048828125,0,2827.050048828125
2022-05-25,2812.06005859375,2905.93994140625,2809.739990234375,2882.929931640625,0,2882.929931640625
2022-05-26,2849.969970703125,3006.22998046875,2848.489990234375,2994.610107421875,0,2994.610107421875
2022-05-27,3048.110107421875,3120.889892578125,3046.699951171875,3115.35009765625,0,3115.35009765625
2022-05-31,3110.090087890625,3126.860107421875,3052.659912109375,3098.68994140625,0,3098.68994140625
2022-06-01,3117.300048828125,3130.10009765625,3011.179931640625,3049.030029296875,0,3049.030029296875
2022-06-02,3041.97998046875,3158.6201171875,3036.97998046875,3157.97998046875,0,3157.97998046875
2022-06-03,3080.5400390625,3103.360107421875,3047.89990234375,3062.590087890625,0,3062.590087890625
2022-06-06,3121.93994140625,3132.419921875,3047.179931640625,3062.739990234375,0,3062.739990234375
2022-06-07,3025.919921875,3098.75,3007.969970703125,3092.969970703125,0,3092.969970703125
2022-06-08,3069.760009765625,3082.3798828125,3000.4599609375,3019.10009765625,0,3019.10009765625
2022-06-09,2995.780029296875,3047.719970703125,2937.39990234375,2937.7900390625,0,2937.7900390625
2022-06-10,2894.7099609375,2911.760009765625,2828.4599609375,2831.97998046875,0,2831.97998046875
2022-06-13,2742.14990234375,2765.429931640625,2665.639892578125,2673.0,0,2673.0
2022-06-14,2707.27001953125,2713.5,2658.409912109375,2689.889892578125,0,2689.889892578125
2022-06-15,2726.070068359375,2780.639892578125,2674.02001953125,2737.550048828125,0,2737.550048828125
2022-06-16,2648.22998046875,2655.090087890625,2537.68994140625,2566.860107421875,0,2566.860107421875
2022-06-17,2581.719970703125,2598.56005859375,2523.199951171875,2578.5400390625,0,2578.5400390625
2022-06-21,2638.469970703125,2685.010009765625,2633.56005859375,2649.3701171875,0,2649.3701171875
2022-06-22,2603.60009765625,2658.760009765625,2602.89990234375,2619.7099609375,0,2619.7099609375
2022-06-23,2633.010009765625,2636.820068359375,2563.679931640625,2602.739990234375,0,2602.739990234375
2022-06-24,2639.77001953125,2719.530029296875,2639.43994140625,2718.469970703125,0,2718.469970703125
2022-06-27,2745.760009765625,2749.659912109375,2692.780029296875,2713.47998046875,0,2713.47998046875
2022-06-28,2724.47998046875,2758.52001953125,2640.800048828125,2642.070068359375,0,2642.070068359375
2022-06-29,2604.97998046875,2610.679931640625,2553.530029296875,2583.97998046875,0,2583.97998046875
2022-06-30,2548.639892578125,2602.550048828125,2514.419921875,2556.25,0,2556.25
2022-07-01,2512.10009765625,2524.030029296875,2429.89990234375,2458.4599609375,0,2458.4599609375
2022-07-05,2391.81005859375,2478.260009765625,2386.669921875,2477.639892578125,0,2477.639892578125
2022-07-06,2477.320068359375,2520.830078125,2456.22998046875,2494.110107421875,0,2494.110107421875
2022-07-07,2560.199951171875,2616.43994140625,2555.3798828125,2605.889892578125,0,2605.889892578125
2022-07-08,2567.179931640625,2632.340087890625,2561.280029296875,2618.02001953125,0,2618.02001953125
2022-07-11,2575.739990234375,2588.02001953125,2538.97998046875,2553.68994140625,0,2553.68994140625
2022-07-12,2583.219970703125,2588.3798828125,2542.5400390625,2558.169921875,0,2558.169921875
2022-07-13,2507.85009765625,2594.969970703125,2504.989990234375,2577.360107421875,0,2577.360107421875
2022-07-14,2566.739990234375,2636.6298828125,2529.550048828125,2626.919921875,0,2626.919921875
2022-07-15,2658.219970703125,2694.969970703125,2626.0,2693.77001953125,0,2693.77001953125
2022-07-18,2731.56005859375,2754.9599609375,2665.179931640625,2679.570068359375,0,2679.570068359375
2022-07-19,2724.340087890625,2813.77001953125,2717.81005859375,2803.139892578125,0,2803.139892578125
2022-07-20,2792.780029296875,2883.52001953125,2777.340087890625,2872.9599609375,0,2872.9599609375
2022-07-21,2884.18994140625,2918.22998046875,2845.639892578125,2916.81005859375,0,2916.81005859375
2022-07-22,2904.949951171875,2906.52001953125,2820.22998046875,2842.409912109375,0,2842.409912109375
2022-07-25,2822.22998046875,2827.949951171875,2781.669921875,2825.030029296875,0,2825.030029296875
2022-07-26,2808.0,2822.760009765625,2771.739990234375,2778.9599609375,0,2778.9599609375
2022-07-27,2835.139892578125,2930.6298828125,2822.97998046875,2911.0,0,2911.0
2022-07-28,2912.760009765625,2950.25,2853.39990234375,2944.5,0,2944.5
2022-07-29,2895.320068359375,2975.330078125,2892.510009765625,2967.139892578125,0,2967.139892578125
2022-08-01,2942.760009765625,3006.739990234375,2929.39990234375,2978.320068359375,0,2978.320068359375
2022-08-02,2951.080078125,3021.570068359375,2936.429931640625,2974.75,0,2974.75
2022-08-03,2972.590087890625,3060.47998046875,2970.510009765625,3053.4599609375,0,3053.4599609375
2022-08-04,3041.010009765625,3087.449951171875,3037.9599609375,3081.409912109375,0,3081.409912109375
2022-08-05,3027.8701171875,3077.449951171875,3010.06005859375,3053.389892578125,0,3053.389892578125
2022-08-08,3002.52001953125,3041.159912109375,2961.320068359375,3004.340087890625,0,3004.340087890625
2022-08-09,2928.179931640625,2937.6201171875,2832.610107421875,2866.89990234375,0,2866.89990234375
2022-08-10,2942.820068359375,2990.64990234375,2905.43994140625,2988.7099609375,0,2988.7099609375
2022-08-11,3008.489990234375,3067.030029296875,2975.080078125,2978.699951171875,0,2978.699951171875
2022-08-12,2998.760009765625,3072.320068359375,2992.5,3067.840087890625,0,3067.840087890625
2022-08-15,3052.860107421875,3084.860107421875,3032.530029296875,3077.330078125,0,3077.330078125
2022-08-16,3059.27001953125,3074.610107421875,3013.2900390625,3045.639892578125,0,3045.639892578125
2022-08-17,2999.8701171875,3000.409912109375,2931.860107421875,2970.1201171875,0,2970.1201171875
2022-08-18,2974.199951171875,3058.56005859375,2967.14990234375,3037.840087890625,0,3037.840087890625
2022-08-19,2991.8701171875,3008.64990234375,2941.6298828125,2953.340087890625,0,2953.340087890625
2022-08-22,2891.659912109375,2903.0400390625,2833.6201171875,2843.3701171875,0,2843.3701171875
2022-08-23,2852.2099609375,2901.889892578125,2849.919921875,2864.31005859375,0,2864.31005859375
2022-08-24,2855.3701171875,2875.300048828125,2833.60009765625,2866.179931640625,0,2866.179931640625
2022-08-25,2873.429931640625,2973.1298828125,2873.010009765625,2971.070068359375,0,2971.070068359375
2022-08-26,2958.47998046875,2966.52001953125,2797.590087890625,2798.43994140625,0,2798.43994140625
2022-08-29,2776.5400390625,2801.590087890625,2741.199951171875,2744.5,0,2744.5
2022-08-30,2770.0400390625,2770.0400390625,2678.77001953125,2708.6298828125,0,2708.6298828125
2022-08-31,2711.840087890625,2718.1298828125,2656.969970703125,2677.389892578125,0,2677.389892578125
2022-09-01,2608.22998046875,2629.22998046875,2548.169921875,2625.949951171875,0,2625.949951171875
2022-09-02,2670.330078125,2686.02001953125,2587.89990234375,2599.260009765625,0,2599.260009765625
2022-09-06,2596.1201171875,2612.27001953125,2550.989990234375,2571.469970703125,0,2571.469970703125
2022-09-07,2578.75,2631.409912109375,2560.449951171875,2611.5,0,2611.5
2022-09-08,2579.780029296875,2664.2099609375,2571.1298828125,2658.179931640625,0,2658.179931640625
2022-09-09,2693.280029296875,2732.52001953125,2693.070068359375,2721.77001953125,0,2721.77001953125
2022-09-12,2725.449951171875,2745.489990234375,2701.530029296875,2731.090087890625,0,2731.090087890625
2022-09-13,2626.2900390625,2647.97998046875,2555.969970703125,2562.27001953125,0,2562.27001953125
2022-09-14,2583.090087890625,2607.389892578125,2554.0,2591.510009765625,0,2591.510009765625
2022-09-15,2570.3798828125,2601.1201171875,2530.530029296875,2549.5400390625,0,2549.5400390625
2022-09-16,2524.7099609375,2565.419921875,2504.8701171875,2563.139892578125,0,2563.139892578125
2022-09-19,2533.60009765625,2586.89990234375,2533.3701171875,2577.93994140625,0,2577.93994140625
2022-09-20,2557.010009765625,2563.489990234375,2522.989990234375,2539.5,0,2539.5
2022-09-21,2545.010009765625,2625.4599609375,2514.4599609375,2514.9599609375,0,2514.9599609375
2022-09-22,2500.1201171875,2507.97998046875,2431.7900390625,2444.25,0,2444.25
2022-09-23,2417.719970703125,2423.1201171875,2369.4599609375,2408.89990234375,0,2408.89990234375
2022-09-26,2407.7099609375,2439.929931640625,2372.18994140625,2373.469970703125,0,2373.469970703125
2022-09-27,2422.77001953125,2435.31005859375,2362.580078125,2398.0400390625,0,2398.0400390625
2022-09-28,2376.199951171875,2437.360107421875,2369.22998046875,2427.260009765625,0,2427.260009765625
2022-09-29,2385.5400390625,2386.1201171875,2313.080078125,2347.360107421875,0,2347.360107421875
2022-09-30,2324.610107421875,2380.68994140625,2306.64990234375,2306.699951171875,0,2306.699951171875
2022-10-03,2343.080078125,2415.639892578125,2321.18994140625,2393.320068359375,0,2393.320068359375
2022-10-04,2472.2099609375,2503.68994140625,2460.489990234375,2500.110107421875,0,2500.110107421875
2022-10-05,2458.010009765625,2543.89990234375,2435.159912109375,2523.610107421875,0,2523.610107421875
2022-10-06,2520.199951171875,2563.280029296875,2502.89990234375,2508.840087890625,0,2508.840087890625
2022-10-07,2428.2099609375,2440.090087890625,2344.919921875,2356.75,0,2356.75
2022-10-10,2346.7900390625,2347.219970703125,2247.56005859375,2275.340087890625,0,2275.340087890625
2022-10-11,2233.0400390625,2262.260009765625,2188.93994140625,2218.489990234375,0,2218.489990234375
2022-10-12,2218.43994140625,2224.7900390625,2190.110107421875,2198.60009765625,0,2198.60009765625
2022-10-13,2103.699951171875,2299.669921875,2089.820068359375,2263.239990234375,0,2263.239990234375
2022-10-14,2281.679931640625,2286.949951171875,2158.800048828125,2162.320068359375,0,2162.320068359375
2022-10-17,2232.550048828125,2241.590087890625,2194.39990234375,2211.659912109375,0,2211.659912109375
2022-10-18,2288.77001953125,2296.469970703125,2183.169921875,2220.9599609375,0,2220.9599609375
2022-10-19,2209.6298828125,2258.75,2200.89990234375,2237.739990234375,0,2237.739990234375
2022-10-20,2251.1298828125,2320.909912109375,2240.909912109375,2253.219970703125,0,2253.219970703125
2022-10-21,2253.3701171875,2339.89990234375,2238.1201171875,2336.68994140625,0,2336.68994140625
2022-10-24,2343.5,2360.4599609375,2294.31005859375,2351.550048828125,0,2351.550048828125
2022-10-25,2359.43994140625,2420.47998046875,2359.43994140625,2404.68994140625,0,2404.68994140625
2022-10-26,2351.14990234375,2433.64990234375,2343.68994140625,2376.330078125,0,2376.330078125
2022-10-27,2419.080078125,2430.780029296875,2338.3798828125,2340.60009765625,0,2340.60009765625
2022-10-28,2347.3701171875,2436.64990234375,2338.030029296875,2433.659912109375,0,2433.659912109375
2022-10-31,2409.43994140625,2415.969970703125,2371.580078125,2384.449951171875,0,2384.449951171875
2022-11-01,2436.659912109375,2439.43994140625,2390.27001953125,2402.75,0,2402.75
2022-11-02,2420.580078125,2462.139892578125,2327.739990234375,2328.469970703125,0,2328.469970703125
2022-11-03,2283.330078125,2330.949951171875,2259.8701171875,2292.85009765625,0,2292.85009765625
2022-11-04,2383.7099609375,2401.22998046875,2339.889892578125,2398.239990234375,0,2398.239990234375
2022-11-07,2413.169921875,2457.77001953125,2386.64990234375,2450.6201171875,0,2450.6201171875
2022-11-08,2501.2099609375,2535.550048828125,2454.239990234375,2503.389892578125,0,2503.389892578125
2022-11-09,2466.0,2472.610107421875,2423.9599609375,2424.820068359375,0,2424.820068359375
2022-11-10,2568.219970703125,2675.830078125,2539.72998046875,2672.5,0,2672.5
2022-11-11,2677.590087890625,2769.43994140625,2655.18994140625,2754.89990234375,0,2754.89990234375
2022-11-14,2742.159912109375,2779.489990234375,2725.77001953125,2728.050048828125,0,2728.050048828125
2022-11-15,2833.47998046875,2848.679931640625,2771.7099609375,2810.610107421875,0,2810.610107421875
2022-11-16,2735.4599609375,2747.840087890625,2677.320068359375,2690.820068359375,0,2690.820068359375
2022-11-17,2633.85009765625,2728.0,2633.85009765625,2719.10009765625,0,2719.10009765625
2022-11-18,2759.840087890625,2760.0,2693.3701171875,2724.030029296875,0,2724.030029296875
2022-11-21,2684.280029296875,2696.699951171875,2669.35009765625,2675.830078125,0,2675.830078125
2022-11-22,2702.030029296875,2757.7099609375,2677.31005859375,2756.820068359375,0,2756.820068359375
2022-11-23,2756.64990234375,2814.8701171875,2756.360107421875,2786.419921875,0,2786.419921875
2022-11-25,2766.60009765625,2780.5,2751.27001953125,2751.27001953125,0,2751.27001953125
2022-11-28,2714.360107421875,2744.639892578125,2664.570068359375,2678.780029296875,0,2678.780029296875
2022-11-29,2685.030029296875,2704.699951171875,2656.6298828125,2670.64990234375,0,2670.64990234375
2022-11-30,2678.56005859375,2827.699951171875,2655.06005859375,2826.85009765625,0,2826.85009765625
2022-12-01,2833.449951171875,2841.860107421875,2770.97998046875,2804.699951171875,0,2804.699951171875
2022-12-02,2729.75,2777.489990234375,2723.35009765625,2771.239990234375,0,2771.239990234375
2022-12-05,2756.409912109375,2777.239990234375,2713.10009765625,2738.050048828125,0,2738.050048828125
2022-12-06,2732.860107421875,2736.56005859375,2650.60009765625,2673.530029296875,0,2673.530029296875
2022-12-07,2645.469970703125,2689.0,2645.469970703125,2673.25,0,2673.25
2022-12-08,2684.93994140625,2749.1201171875,2668.27001953125,2744.72998046875,0,2744.72998046875
2022-12-09,2735.090087890625,2771.8798828125,2715.919921875,2721.02001953125,0,2721.02001953125
2022-12-12,2710.10009765625,2779.47998046875,2699.47998046875,2779.2099609375,0,2779.2099609375
2022-12-13,2899.0,2913.1201171875,2788.93994140625,2821.530029296875,0,2821.530029296875
2022-12-14,2818.6298828125,2849.43994140625,2751.239990234375,2777.27001953125,0,2777.27001953125
2022-12-15,2728.68994140625,2731.909912109375,2657.780029296875,2661.409912109375,0,2661.409912109375
2022-12-16,2646.280029296875,2670.110107421875,2612.43994140625,2636.10009765625,0,2636.10009765625
2022-12-19,2634.510009765625,2638.3701171875,2576.3701171875,2599.860107421875,0,2599.860107421875
2022-12-20,2568.2900390625,2607.8701171875,2565.510009765625,2583.639892578125,0,2583.639892578125
2022-12-21,2601.7900390625,2652.18994140625,2600.239990234375,2644.5,0,2644.5
2022-12-22,2589.10009765625,2589.10009765625,2482.449951171875,2533.330078125,0,2533.330078125
2022-12-23,2513.389892578125,2536.820068359375,2490.760009765625,2535.489990234375,0,2535.489990234375
2022-12-27,2515.820068359375,2518.840087890625,2482.239990234375,2490.169921875,0,2490.169921875
2022-12-28,2474.639892578125,2504.43994140625,2445.199951171875,2453.489990234375,0,2453.489990234375
2022-12-29,2493.510009765625,2543.22998046875,2485.02001953125,2534.949951171875,0,2534.949951171875
2022-12-30,2492.72998046875,2533.97998046875,2479.02001953125,2532.110107421875,0,2532.110107421875
2023-01-03,2574.679931640625,2574.679931640625,2489.280029296875,2500.989990234375,0,2500.989990234375
2023-01-04,2552.35009765625,2582.27001953125,2523.389892578125,2569.4599609375,0,2569.4599609375
2023-01-05,2538.4599609375,2556.300048828125,2517.14990234375,2518.52001953125,0,2518.52001953125
2023-01-06,2553.39990234375,2649.3798828125,2519.179931640625,2636.10009765625,0,2636.10009765625
2023-01-09,2683.1298828125,2745.85009765625,2667.840087890625,2686.75,0,2686.75
2023-01-10,2674.530029296875,2722.10009765625,2663.39990234375,2721.2900390625,0,2721.2900390625
2023-01-11,2720.840087890625,2756.489990234375,2700.300048828125,2755.360107421875,0,2755.360107421875
2023-01-12,2770.010009765625,2807.669921875,2714.75,2789.64990234375,0,2789.64990234375
2023-01-13,2763.010009765625,2802.830078125,2753.909912109375,2800.659912109375,0,2800.659912109375
2023-01-17,2791.3701171875,2830.860107421875,2780.5,2807.47998046875,0,2807.47998046875
2023-01-18,2837.419921875,2854.489990234375,2788.35009765625,2789.469970703125,0,2789.469970703125
2023-01-19,2762.860107421875,2763.7900390625,2704.2900390625,2710.43994140625,0,2710.43994140625
2023-01-20,2734.219970703125,2795.64990234375,2710.169921875,2794.68994140625,0,2794.68994140625
2023-01-23,2822.139892578125,2943.7099609375,2818.43994140625,2934.830078125,0,2934.830078125
2023-01-24,2900.39990234375,2936.68994140625,2897.449951171875,2913.739990234375,0,2913.739990234375
2023-01-25,2859.56005859375,2923.1201171875,2840.06005859375,2918.989990234375,0,2918.989990234375
2023-01-26,2954.39990234375,2969.030029296875,2905.300048828125,2966.60009765625,0,2966.60009765625
2023-01-27,2906.949951171875,2971.050048828125,2905.77001953125,2945.27001953125,0,2945.27001953125
2023-01-30,2903.60009765625,2920.110107421875,2865.02001953125,2866.68994140625,0,2866.68994140625
2023-01-31,2859.9599609375,2922.72998046875,2859.179931640625,2921.919921875,0,2921.919921875
2023-02-01,2935.929931640625,3103.510009765625,2935.929931640625,3073.469970703125,0,3073.469970703125
2023-02-02,3103.610107421875,3168.699951171875,3088.169921875,3141.840087890625,0,3141.840087890625
2023-02-03,3069.8798828125,3151.85009765625,3064.679931640625,3082.110107421875,0,3082.110107421875
2023-02-06,3027.5,3075.800048828125,3018.780029296875,3029.739990234375,0,3029.739990234375
2023-02-07,3042.860107421875,3138.389892578125,3033.0400390625,3124.14990234375,0,3124.14990234375
2023-02-08,3106.2099609375,3128.5400390625,3049.969970703125,3055.6298828125,0,3055.6298828125
2023-02-09,3112.7099609375,3140.81005859375,3039.010009765625,3059.6201171875,0,3059.6201171875
2023-02-10,3025.10009765625,3033.68994140625,2979.739990234375,3011.14990234375,0,3011.14990234375
2023-02-13,3022.780029296875,3066.10009765625,3001.27001953125,3057.320068359375,0,3057.320068359375
2023-02-14,3024.159912109375,3131.3701171875,3013.25,3121.6298828125,0,3121.6298828125
2023-02-15,3092.719970703125,3134.489990234375,3063.22998046875,3133.070068359375,0,3133.070068359375
2023-02-16,3077.800048828125,3108.550048828125,3051.25,3055.239990234375,0,3055.239990234375
2023-02-17,3032.800048828125,3042.429931640625,2980.139892578125,3005.8701171875,0,3005.8701171875
2023-02-21,2961.1201171875,2992.0,2901.7099609375,2906.260009765625,0,2906.260009765625
2023-02-22,2910.840087890625,2935.929931640625,2875.56005859375,2892.389892578125,0,2892.389892578125
2023-02-23,3002.68994140625,3002.969970703125,2931.25,2988.81005859375,0,2988.81005859375
2023-02-24,2936.89990234375,2950.419921875,2913.14990234375,2935.110107421875,0,2935.110107421875
2023-02-27,2983.389892578125,2986.760009765625,2949.7099609375,2951.2099609375,0,2951.2099609375
2023-02-28,2945.8798828125,2998.010009765625,2937.0,2958.389892578125,0,2958.389892578125
2023-03-01,2967.409912109375,2993.169921875,2945.27001953125,2955.830078125,0,2955.830078125
2023-03-02,2909.75,2996.590087890625,2892.219970703125,2984.110107421875,0,2984.110107421875
2023-03-03,2982.56005859375,3031.909912109375,2961.840087890625,3028.340087890625,0,3028.340087890625
2023-03-06,3036.580078125,3064.31005859375,2988.75,2994.590087890625,0,2994.590087890625
2023-03-07,2996.85009765625,3011.070068359375,2950.81005859375,2962.419921875,0,2962.419921875
2023-03-08,2981.800048828125,3044.2099609375,2979.419921875,3041.389892578125,0,3041.389892578125
2023-03-09,3037.580078125,3083.679931640625,2976.35009765625,2980.2099609375,0,2980.2099609375
2023-03-10,2995.89990234375,3003.570068359375,2909.52001953125,2923.929931640625,0,2923.929931640625
2023-03-13,2883.8798828125,2957.719970703125,2861.449951171875,2921.7099609375,0,2921.7099609375
2023-03-14,2977.590087890625,3026.929931640625,2960.570068359375,3010.14990234375,0,3010.14990234375
2023-03-15,2968.469970703125,2985.489990234375,2915.22998046875,2977.389892578125,0,2977.389892578125
2023-03-16,2963.260009765625,3102.010009765625,2955.080078125,3098.070068359375,0,3098.070068359375
2023-03-17,3104.760009765625,3127.419921875,3064.0,3083.52001953125,0,3083.52001953125
2023-03-20,3083.93994140625,3123.1201171875,3060.340087890625,3114.7099609375,0,3114.7099609375
2023-03-21,3137.300048828125,3169.860107421875,3071.2099609375,3116.889892578125,0,3116.889892578125
2023-03-22,3118.97998046875,3201.60009765625,3089.860107421875,3091.7099609375,0,3091.7099609375
2023-03-23,3146.2099609375,3216.320068359375,3119.030029296875,3174.360107421875,0,3174.360107421875
2023-03-24,3150.93994140625,3154.360107421875,3089.969970703125,3121.260009765625,0,3121.260009765625
2023-03-27,3129.39990234375,3141.830078125,3075.780029296875,3083.580078125,0,3083.580078125
2023-03-28,3076.989990234375,3076.989990234375,3015.800048828125,3057.27001953125,0,3057.27001953125
2023-03-29,3109.56005859375,3176.85009765625,3105.360107421875,3157.110107421875,0,3157.110107421875
2023-03-30,3198.169921875,3230.080078125,3186.31005859375,3208.260009765625,0,3208.260009765625
2023-03-31,3182.719970703125,3233.93994140625,3178.389892578125,3230.860107421875,0,3230.860107421875
2023-04-03,3209.669921875,3222.340087890625,3162.409912109375,3200.429931640625,0,3200.429931640625
2023-04-04,3206.97998046875,3209.31005859375,3126.330078125,3142.5,0,3142.5
2023-04-05,3107.080078125,3111.800048828125,3055.39990234375,3085.97998046875,0,3085.97998046875
2023-04-06,3055.169921875,3093.820068359375,3034.820068359375,3071.77001953125,0,3071.77001953125
2023-04-10,3047.919921875,3127.89990234375,3042.35009765625,3126.969970703125,0,3126.969970703125
2023-04-11,3145.860107421875,3146.0,3104.3798828125,3109.419921875,0,3109.419921875
2023-04-12,3133.860107421875,3140.719970703125,3049.8701171875,3052.52001953125,0,3052.52001953125
2023-04-13,3055.550048828125,3092.14990234375,3036.030029296875,3074.93994140625,0,3074.93994140625
2023-04-14,3070.8798828125,3107.25,3036.9599609375,3070.449951171875,0,3070.449951171875
2023-04-17,3033.3701171875,3067.889892578125,3025.830078125,3066.679931640625,0,3066.679931640625
2023-04-18,3097.89990234375,3116.360107421875,3054.280029296875,3077.719970703125,0,3077.719970703125
2023-04-19,3036.030029296875,3053.27001953125,3026.840087890625,3046.3798828125,0,3046.3798828125
2023-04-20,3015.77001953125,3090.8798828125,3015.77001953125,3046.280029296875,0,3046.280029296875
2023-04-21,3026.7900390625,3031.9599609375,2995.909912109375,3021.43994140625,0,3021.43994140625
2023-04-24,3017.919921875,3031.860107421875,2987.919921875,3007.510009765625,0,3007.510009765625
2023-04-25,2987.219970703125,2987.570068359375,2905.93994140625,2906.2900390625,0,2906.2900390625
2023-04-26,2922.989990234375,2952.080078125,2908.409912109375,2922.989990234375,0,2922.989990234375
2023-04-27,2921.89990234375,2944.9599609375,2867.510009765625,2941.590087890625,0,2941.590087890625
2023-04-28,2958.169921875,2995.330078125,2945.3798828125,2994.969970703125,0,2994.969970703125
2023-05-01,3007.22998046875,3026.949951171875,2997.169921875,3019.090087890625,0,3019.090087890625
2023-05-02,3020.18994140625,3034.18994140625,2969.080078125,2996.860107421875,0,2996.860107421875
2023-05-03,2980.64990234375,3009.070068359375,2956.739990234375,2957.3701171875,0,2957.3701171875
2023-05-04,2932.550048828125,2971.89990234375,2913.110107421875,2941.6298828125,0,2941.6298828125
2023-05-05,2942.280029296875,3019.3701171875,2930.639892578125,3007.68994140625,0,3007.68994140625
2023-05-08,3009.840087890625,3025.989990234375,2979.85009765625,3024.409912109375,0,3024.409912109375
2023-05-09,2983.199951171875,2983.679931640625,2960.010009765625,2967.840087890625,0,2967.840087890625
2023-05-10,3003.6201171875,3019.4599609375,2968.409912109375,2997.510009765625,0,2997.510009765625
2023-05-11,3000.3701171875,3005.0,2950.860107421875,2978.719970703125,0,2978.719970703125
2023-05-12,2988.580078125,2999.550048828125,2944.070068359375,2972.85009765625,0,2972.85009765625
2023-05-15,2979.510009765625,3052.909912109375,2971.760009765625,3052.639892578125,0,3052.639892578125
2023-05-16,3044.43994140625,3083.280029296875,3044.030029296875,3048.7099609375,0,3048.7099609375
2023-05-17,3077.550048828125,3135.300048828125,3055.969970703125,3124.679931640625,0,3124.679931640625
2023-05-18,3139.72998046875,3229.6298828125,3136.760009765625,3223.489990234375,0,3223.489990234375
2023-05-19,3214.97998046875,3217.929931640625,3186.35009765625,3203.489990234375,0,3203.489990234375
2023-05-22,3180.570068359375,3223.530029296875,3173.8701171875,3215.0400390625,0,3215.0400390625
2023-05-23,3196.75,3216.989990234375,3171.93994140625,3177.43994140625,0,3177.43994140625
2023-05-24,3111.550048828125,3135.0400390625,3091.2900390625,3124.090087890625,0,3124.090087890625
2023-05-25,3281.389892578125,3347.3701171875,3238.219970703125,3336.719970703125,0,3336.719970703125
2023-05-26,3387.429931640625,3563.330078125,3386.340087890625,3545.669921875,0,3545.669921875
2023-05-30,3628.469970703125,3643.93994140625,3537.64990234375,3549.389892578125,0,3549.389892578125
2023-05-31,3484.330078125,3531.389892578125,3451.8701171875,3453.179931640625,0,3453.179931640625
2023-06-01,3469.699951171875,3537.820068359375,3437.889892578125,3506.739990234375,0,3506.739990234375
2023-06-02,3537.72998046875,3546.419921875,3478.030029296875,3501.39990234375,0,3501.39990234375
2023-06-05,3488.590087890625,3489.090087890625,3430.280029296875,3444.1201171875,0,3444.1201171875
2023-06-06,3426.889892578125,3504.419921875,3417.510009765625,3488.340087890625,0,3488.340087890625
2023-06-07,3512.64990234375,3557.0,3469.719970703125,3477.179931640625,0,3477.179931640625
2023-06-08,3484.10009765625,3521.360107421875,3469.449951171875,3514.320068359375,0,3514.320068359375
2023-06-09,3559.3798828125,3580.429931640625,3508.719970703125,3524.969970703125,0,3524.969970703125
2023-06-12,3567.820068359375,3644.860107421875,3565.97998046875,3641.659912109375,0,3641.659912109375
2023-06-13,3694.81005859375,3711.81005859375,3646.360107421875,3683.659912109375,0,3683.659912109375
2023-06-14,3670.330078125,3740.699951171875,3653.75,3739.75,0,3739.75
2023-06-15,3698.56005859375,3736.5,3684.3701171875,3708.06005859375,0,3708.06005859375
2023-06-16,3738.68994140625,3743.72998046875,3671.27001953125,3673.139892578125,0,3673.139892578125
2023-06-20,3666.2099609375,3693.409912109375,3616.050048828125,3647.56005859375,0,3647.56005859375
2023-06-21,3624.1201171875,3636.909912109375,3548.389892578125,3549.72998046875,0,3549.72998046875
2023-06-22,3525.52001953125,3580.659912109375,3523.780029296875,3569.8701171875,0,3569.8701171875
2023-06-23,3508.010009765625,3526.969970703125,3489.1298828125,3506.7099609375,0,3506.7099609375
2023-06-26,3527.64990234375,3582.260009765625,3515.510009765625,3515.77001953125,0,3515.77001953125
2023-06-27,3527.25,3647.010009765625,3517.52001953125,3642.409912109375,0,3642.409912109375
2023-06-28,3588.909912109375,3644.9599609375,3580.830078125,3609.47998046875,0,3609.47998046875
2023-06-29,3626.989990234375,3627.25,3583.489990234375,3614.179931640625,0,3614.179931640625
2023-06-30,3654.739990234375,3685.760009765625,3644.030029296875,3673.06005859375,0,3673.06005859375
2023-07-03,3691.280029296875,3713.909912109375,3663.449951171875,3703.6201171875,0,3703.6201171875
2023-07-05,3672.389892578125,3683.719970703125,3622.10009765625,3622.320068359375,0,3622.320068359375
2023-07-06,3559.35009765625,3581.6298828125,3532.68994140625,3577.489990234375,0,3577.489990234375
2023-07-07,3583.56005859375,3633.7900390625,3573.340087890625,3577.72998046875,0,3577.72998046875
2023-07-10,3587.050048828125,3655.909912109375,3586.409912109375,3651.60009765625,0,3651.60009765625
2023-07-11,3665.8701171875,3669.43994140625,3599.2099609375,3653.530029296875,0,3653.530029296875
2023-07-12,3704.719970703125,3727.449951171875,3684.8798828125,3721.469970703125,0,3721.469970703125
2023-07-13,3755.820068359375,3803.199951171875,3746.8798828125,3797.1298828125,0,3797.1298828125
2023-07-14,3798.530029296875,3828.159912109375,3735.4599609375,3750.409912109375,0,3750.409912109375
2023-07-17,3756.360107421875,3855.47998046875,3729.06005859375,3837.31005859375,0,3837.31005859375
2023-07-18,3821.080078125,3854.570068359375,3790.300048828125,3842.360107421875,0,3842.360107421875
2023-07-19,3849.10009765625,3849.7900390625,3792.110107421875,3801.659912109375,0,3801.659912109375
2023-07-20,3727.469970703125,3742.949951171875,3647.9599609375,3663.85009765625,0,3663.85009765625
2023-07-21,3702.68994140625,3730.340087890625,3678.840087890625,3698.85009765625,0,3698.85009765625
2023-07-24,3702.409912109375,3723.090087890625,3679.7099609375,3692.320068359375,0,3692.320068359375
2023-07-25,3717.97998046875,3774.300048828125,3717.97998046875,3755.27001953125,0,3755.27001953125
2023-07-26,3702.760009765625,3730.409912109375,3662.0,3699.3701171875,0,3699.3701171875
2023-07-27,3795.050048828125,3845.02001953125,3746.60009765625,3768.27001953125,0,3768.27001953125
2023-07-28,3840.110107421875,3862.25,3803.7900390625,3851.760009765625,0,3851.760009765625
2023-07-31,3867.639892578125,3875.169921875,3843.050048828125,3861.6298828125,0,3861.6298828125
2023-08-01,3825.3798828125,3866.85009765625,3818.06005859375,3858.2099609375,0,3858.2099609375
2023-08-02,3809.31005859375,3809.75,3691.3701171875,3711.60009765625,0,3711.60009765625
2023-08-03,3665.530029296875,3731.050048828125,3658.429931640625,3708.080078125,0,3708.080078125
2023-08-04,3689.830078125,3751.330078125,3660.300048828125,3699.199951171875,0,3699.199951171875
2023-08-07,3730.93994140625,3740.409912109375,3705.02001953125,3739.409912109375,0,3739.409912109375
2023-08-08,3673.43994140625,3684.97998046875,3631.81005859375,3679.419921875,0,3679.419921875
2023-08-09,3677.419921875,3678.75,3606.090087890625,3610.47998046875,0,3610.47998046875
2023-08-10,3634.64990234375,3680.260009765625,3574.9599609375,3597.02001953125,0,3597.02001953125
2023-08-11,3545.669921875,3554.81005859375,3504.639892578125,3514.550048828125,0,3514.550048828125
2023-08-14,3492.1201171875,3616.0,3488.550048828125,3615.449951171875,0,3615.449951171875
2023-08-15,3600.610107421875,3607.969970703125,3552.1201171875,3553.9599609375,0,3553.9599609375
2023-08-16,3552.3798828125,3552.389892578125,3478.570068359375,3480.080078125,0,3480.080078125
2023-08-17,3492.7900390625,3492.7900390625,3437.8701171875,3446.35009765625,0,3446.35009765625
2023-08-18,3411.469970703125,3475.860107421875,3405.35009765625,3462.739990234375,0,3462.739990234375
2023-08-21,3481.22998046875,3565.760009765625,3475.580078125,3560.739990234375,0,3560.739990234375
2023-08-22,3606.280029296875,3610.14990234375,3516.75,3527.68994140625,0,3527.68994140625
2023-08-23,3508.070068359375,3614.080078125,3507.0400390625,3602.010009765625,0,3602.010009765625
2023-08-24,3663.949951171875,3663.949951171875,3474.25,3481.300048828125,0,3481.300048828125
2023-08-25,3476.300048828125,3521.340087890625,3425.7900390625,3495.64990234375,0,3495.64990234375
2023-08-28,3528.409912109375,3546.760009765625,3503.2900390625,3537.8701171875,0,3537.8701171875
2023-08-29,3518.340087890625,3640.429931640625,3515.840087890625,3629.570068359375,0,3629.570068359375
2023-08-30,3615.1201171875,3658.56005859375,3593.47998046875,3643.919921875,0,3643.919921875
2023-08-31,3637.050048828125,3690.300048828125,3636.530029296875,3670.929931640625,0,3670.929931640625
2023-09-01,3694.72998046875,3705.580078125,3658.2900390625,3682.840087890625,0,3682.840087890625
2023-09-05,3669.659912109375,3711.550048828125,3651.93994140625,3683.7900390625,0,3683.7900390625
2023-09-06,3673.68994140625,3693.919921875,3615.419921875,3654.4599609375,0,3654.4599609375
2023-09-07,3569.97998046875,3591.820068359375,3536.56005859375,3582.110107421875,0,3582.110107421875
2023-09-08,3575.81005859375,3601.47998046875,3552.239990234375,3565.989990234375,0,3565.989990234375
2023-09-11,3605.6298828125,3607.580078125,3521.669921875,3569.22998046875,0,3569.22998046875
2023-09-12,3539.550048828125,3599.320068359375,3536.199951171875,3541.090087890625,0,3541.090087890625
2023-09-13,3536.739990234375,3595.030029296875,3536.739990234375,3560.4599609375,0,3560.4599609375
2023-09-14,3594.570068359375,3598.14990234375,3549.1298828125,3584.22998046875,0,3584.22998046875
2023-09-15,3555.570068359375,3560.889892578125,3461.159912109375,3476.389892578125,0,3476.389892578125
2023-09-18,3446.800048828125,3504.030029296875,3446.219970703125,3492.469970703125,0,3492.469970703125
2023-09-19,3475.530029296875,3482.530029296875,3441.909912109375,3459.02001953125,0,3459.02001953125
2023-09-20,3471.739990234375,3485.719970703125,3397.969970703125,3398.81005859375,0,3398.81005859375
2023-09-21,3356.159912109375,3381.550048828125,3337.860107421875,3338.85009765625,0,3338.85009765625
2023-09-22,3369.35009765625,3398.43994140625,3353.9599609375,3365.2900390625,0,3365.2900390625
2023-09-25,3349.469970703125,3390.52001953125,3337.35009765625,3389.4599609375,0,3389.4599609375
2023-09-26,3362.179931640625,3370.050048828125,3314.5,3329.6201171875,0,3329.6201171875
2023-09-27,3356.739990234375,3385.6201171875,3310.14990234375,3361.409912109375,0,3361.409912109375
2023-09-28,3351.919921875,3457.4599609375,3343.580078125,3420.989990234375,0,3420.989990234375
2023-09-29,3474.419921875,3481.7900390625,3421.5400390625,3434.2900390625,0,3434.2900390625
2023-10-02,3440.1201171875,3474.989990234375,3408.260009765625,3448.85009765625,0,3448.85009765625
2023-10-03,3424.06005859375,3464.739990234375,3355.409912109375,3376.580078125,0,3376.580078125
2023-10-04,3397.739990234375,3432.429931640625,3370.679931640625,3424.919921875,0,3424.919921875
2023-10-05,3425.739990234375,3432.97998046875,3376.860107421875,3406.97998046875,0,3406.97998046875
2023-10-06,3392.77001953125,3491.989990234375,3365.89990234375,3475.2099609375,0,3475.2099609375
2023-10-09,3441.93994140625,3475.389892578125,3414.300048828125,3467.35009765625,0,3467.35009765625
2023-10-10,3481.489990234375,3543.89990234375,3466.010009765625,3512.070068359375,0,3512.070068359375
2023-10-11,3526.659912109375,3544.280029296875,3497.8798828125,3537.830078125,0,3537.830078125
2023-10-12,3549.949951171875,3596.780029296875,3515.5,3548.6201171875,0,3548.6201171875
2023-10-13,3556.429931640625,3557.22998046875,3446.760009765625,3452.969970703125,0,3452.969970703125
2023-10-16,3462.010009765625,3512.989990234375,3459.679931640625,3502.510009765625,0,3502.510009765625
2023-10-17,3429.739990234375,3500.179931640625,3393.489990234375,3474.659912109375,0,3474.659912109375
2023-10-18,3414.830078125,3443.659912109375,3397.550048828125,3413.449951171875,0,3413.449951171875
2023-10-19,3444.679931640625,3449.030029296875,3356.360107421875,3367.77001953125,0,3367.77001953125
2023-10-20,3364.320068359375,3390.97998046875,3312.25,3316.139892578125,0,3316.139892578125
2023-10-23,3300.3701171875,3356.949951171875,3264.760009765625,3298.5400390625,0,3298.5400390625
2023-10-24,3316.3798828125,3349.1298828125,3303.469970703125,3343.93994140625,0,3343.93994140625
2023-10-25,3305.39990234375,3309.320068359375,3190.760009765625,3205.840087890625,0,3205.840087890625
2023-10-26,3217.6201171875,3254.320068359375,3173.550048828125,3188.419921875,0,3188.419921875
2023-10-27,3238.080078125,3258.419921875,3213.050048828125,3227.090087890625,0,3227.090087890625
2023-10-30,3204.85009765625,3225.090087890625,3152.52001953125,3185.179931640625,0,3185.179931640625
2023-10-31,3183.6298828125,3223.3701171875,3151.0,3215.889892578125,0,3215.889892578125
2023-11-01,3224.919921875,3293.06005859375,3218.239990234375,3290.949951171875,0,3290.949951171875
2023-11-02,3355.800048828125,3388.8798828125,3320.570068359375,3368.5400390625,0,3368.5400390625
2023-11-03,3405.989990234375,3477.449951171875,3398.77001953125,3454.570068359375,0,3454.570068359375
2023-11-06,3459.449951171875,3467.43994140625,3413.320068359375,3444.889892578125,0,3444.889892578125
2023-11-07,3445.68994140625,3489.75,3439.1298828125,3471.4599609375,0,3471.4599609375
2023-11-08,3473.8701171875,3491.9599609375,3450.590087890625,3472.669921875,0,3472.669921875
2023-11-09,3499.659912109375,3534.43994140625,3448.050048828125,3452.340087890625,0,3452.340087890625
2023-11-10,3496.739990234375,3600.39990234375,3487.169921875,3591.739990234375,0,3591.739990234375
2023-11-13,3562.5,3568.64990234375,3535.1298828125,3556.75,0,3556.75
2023-11-14,3653.360107421875,3696.06005859375,3639.75,3685.570068359375,0,3685.570068359375
2023-11-15,3710.139892578125,3739.340087890625,3687.360107421875,3712.090087890625,0,3712.090087890625
2023-11-16,3691.25,3733.47998046875,3689.72998046875,3724.10009765625,0,3724.10009765625
2023-11-17,3707.090087890625,3754.669921875,3707.090087890625,3748.64990234375,0,3748.64990234375
2023-11-20,3747.52001953125,3817.830078125,3747.2900390625,3805.81005859375,0,3805.81005859375
2023-11-21,3772.260009765625,3774.530029296875,3714.760009765625,3732.7900390625,0,3732.7900390625
2023-11-22,3762.659912109375,3804.89990234375,3736.300048828125,3744.9599609375,0,3744.9599609375
2023-11-24,3739.590087890625,3750.3798828125,3734.18994140625,3747.929931640625,0,3747.929931640625
2023-11-27,3734.530029296875,3771.679931640625,3723.010009765625,3739.31005859375,0,3739.31005859375
2023-11-28,3713.260009765625,3735.610107421875,3688.6201171875,3718.35009765625,0,3718.35009765625
2023-11-29,3769.6201171875,3809.7099609375,3747.510009765625,3753.360107421875,0,3753.360107421875
2023-11-30,3760.39990234375,3760.679931640625,3695.0,3724.580078125,0,3724.580078125
2023-12-01,3696.489990234375,3744.72998046875,3675.2900390625,3738.27001953125,0,3738.27001953125
2023-12-04,3699.6298828125,3701.68994140625,3638.72998046875,3693.43994140625,0,3693.43994140625
2023-12-05,3657.530029296875,3680.5,3641.929931640625,3672.39990234375,0,3672.39990234375
2023-12-06,3726.18994140625,3727.429931640625,3642.070068359375,3645.820068359375,0,3645.820068359375
2023-12-07,3674.47998046875,3756.840087890625,3669.389892578125,3747.5400390625,0,3747.5400390625
2023-12-08,3745.02001953125,3791.60009765625,3740.550048828125,3774.169921875,0,3774.169921875
2023-12-11,3812.5400390625,3917.43994140625,3809.31005859375,3902.389892578125,0,3902.389892578125
2023-12-12,3882.510009765625,3931.010009765625,3880.81005859375,3930.179931640625,0,3930.179931640625
2023-12-13,3932.22998046875,4011.719970703125,3917.969970703125,3990.949951171875,0,3990.949951171875
2023-12-14,4034.43994140625,4113.9501953125,4034.43994140625,4097.47021484375,0,4097.47021484375
2023-12-15,4121.22021484375,4161.919921875,4107.0,4117.0,0,4117.0
2023-12-18,4114.10986328125,4122.3701171875,4069.530029296875,4103.7900390625,0,4103.7900390625
2023-12-19,4101.72998046875,4130.8798828125,4101.72998046875,4125.56005859375,0,4125.56005859375
2023-12-20,4093.89990234375,4117.58984375,4006.68994140625,4007.659912109375,0,4007.659912109375
2023-12-21,4094.2900390625,4124.509765625,4073.840087890625,4118.58984375,0,4118.58984375
2023-12-22,4134.580078125,4153.25,4104.68994140625,4132.85009765625,0,4132.85009765625
2023-12-26,4155.72998046875,4222.31982421875,4155.2001953125,4207.4501953125,0,4207.4501953125
2023-12-27,4222.240234375,4230.93017578125,4194.9599609375,4214.58984375,0,4214.58984375
2023-12-28,4228.47021484375,4233.72998046875,4205.68017578125,4208.68017578125,0,4208.68017578125
2023-12-29,4205.10986328125,4215.740234375,4155.33984375,4175.47021484375,0,4175.47021484375
2024-01-02,4100.169921875,4105.759765625,3990.719970703125,4023.0400390625,0,4023.0400390625
2024-01-03,3938.949951171875,3976.75,3926.860107421875,3941.2099609375,0,3941.2099609375
2024-01-04,3876.969970703125,3947.27001953125,3875.179931640625,3908.85009765625,0,3908.85009765625
2024-01-05,3914.169921875,3965.909912109375,3908.719970703125,3933.489990234375,0,3933.489990234375
2024-01-08,3956.159912109375,4071.6201171875,3956.050048828125,4062.47998046875,0,4062.47998046875
2024-01-09,4023.510009765625,4094.780029296875,4015.449951171875,4064.64990234375,0,4064.64990234375
2024-01-10,4065.77001953125,4066.659912109375,4000.39990234375,4048.840087890625,0,4048.840087890625
2024-01-11,4057.159912109375,4089.070068359375,3987.590087890625,4067.89990234375,0,4067.89990234375
2024-01-12,4073.39990234375,4089.330078125,4031.010009765625,4052.429931640625,0,4052.429931640625
2024-01-16,4050.0400390625,4132.990234375,4035.919921875,4105.93994140625,0,4105.93994140625
2024-01-17,4065.1298828125,4075.2099609375,4001.35009765625,4069.949951171875,0,4069.949951171875
2024-01-18,4194.509765625,4213.02978515625,4139.7998046875,4206.52001953125,0,4206.52001953125
2024-01-19,4258.2998046875,4380.7900390625,4240.81005859375,4375.64990234375,0,4375.64990234375
2024-01-22,4410.06005859375,4439.58984375,4347.2099609375,4386.60009765625,0,4386.60009765625
2024-01-23,4384.02001953125,4419.2001953125,4347.89990234375,4415.259765625,0,4415.259765625
2024-01-24,4475.5400390625,4541.75,4435.56005859375,4483.330078125,0,4483.330078125
2024-01-25,4562.2099609375,4566.56005859375,4450.0400390625,4472.259765625,0,4472.259765625
2024-01-26,4366.919921875,4405.35986328125,4330.9599609375,4342.10009765625,0,4342.10009765625
2024-01-29,4354.990234375,4388.35009765625,4323.56005859375,4388.27001953125,0,4388.27001953125
2024-01-30,4363.56005859375,4384.080078125,4301.85986328125,4319.990234375,0,4319.990234375
2024-01-31,4239.8701171875,4334.81005859375,4220.9501953125,4260.919921875,0,4260.919921875
2024-02-01,4270.60986328125,4291.330078125,4226.580078125,4280.47998046875,0,4280.47998046875
2024-02-02,4273.06005859375,4346.02978515625,4270.83984375,4336.72998046875,0,4336.72998046875
2024-02-05,4370.759765625,4407.0,4320.1201171875,4388.10009765625,0,4388.10009765625
2024-02-06,4388.75,4396.4501953125,4291.8798828125,4338.27001953125,0,4338.27001953125
2024-02-07,4364.31005859375,4412.60986328125,4329.9501953125,4408.72998046875,0,4408.72998046875
2024-02-08,4424.990234375,4510.2001953125,4417.830078125,4478.009765625,0,4478.009765625
2024-02-09,4505.81982421875,4574.93017578125,4479.06005859375,4567.2998046875,0,4567.2998046875
2024-02-12,4566.18017578125,4644.0400390625,4543.0400390625,4560.0400390625,0,4560.0400390625
2024-02-13,4412.93994140625,4514.990234375,4408.4599609375,4468.18017578125,0,4468.18017578125
2024-02-14,4533.35009765625,4568.06982421875,4503.330078125,4565.41015625,0,4565.41015625
2024-02-15,4591.64990234375,4599.91015625,4540.08984375,4558.10009765625,0,4558.10009765625
2024-02-16,4585.31005859375,4624.490234375,4514.97998046875,4527.68017578125,0,4527.68017578125
2024-02-20,4489.8798828125,4507.52978515625,4389.77978515625,4456.8701171875,0,4456.8701171875
2024-02-21,4402.9501953125,4446.83984375,4383.91015625,4446.35986328125,0,4446.35986328125
2024-02-22,4632.6298828125,4687.259765625,4604.2001953125,4667.3701171875,0,4667.3701171875
2024-02-23,4688.60986328125,4709.52001953125,4592.97021484375,4615.02978515625,0,4615.02978515625
2024-02-26,4658.91015625,4683.91015625,4634.81982421875,4663.47021484375,0,4663.47021484375
2024-02-27,4680.18017578125,4697.16015625,4651.39990234375,4654.89013671875,0,4654.89013671875
2024-02-28,4602.10986328125,4627.169921875,4583.81982421875,4602.60009765625,0,4602.60009765625
2024-02-29,4663.89013671875,4737.06982421875,4645.47021484375,4726.919921875,0,4726.919921875
2024-03-01,4780.990234375,4950.259765625,4780.990234375,4929.580078125,0,4929.580078125
2024-03-04,4973.52001953125,5037.56982421875,4956.14990234375,4981.97021484375,0,4981.97021484375
2024-03-05,4921.66015625,4953.9599609375,4829.35986328125,4879.830078125,0,4879.830078125
2024-03-06,4976.6201171875,5051.990234375,4947.0498046875,4997.93017578125,0,4997.93017578125
2024-03-07,5063.5,5187.60009765625,5062.72998046875,5165.830078125,0,5165.830078125
2024-03-08,5185.330078125,5217.830078125,4957.16015625,4957.77978515625,0,4957.77978515625
2024-03-11,4888.3701171875,4926.3701171875,4835.8701171875,4890.2001953125,0,4890.2001953125
2024-03-12,4946.77978515625,4993.0,4868.419921875,4992.509765625,0,4992.509765625
2024-03-13,4926.740234375,4932.1201171875,4841.7001953125,4868.9501953125,0,4868.9501953125
2024-03-14,4859.740234375,4880.0400390625,4741.58984375,4783.64990234375,0,4783.64990234375
2024-03-15,4745.72021484375,4808.68017578125,4719.72021484375,4757.7099609375,0,4757.7099609375
2024-03-18,4834.080078125,4856.39990234375,4751.39013671875,4757.60009765625,0,4757.60009765625
2024-03-19,4683.72998046875,4734.490234375,4620.52001953125,4712.81005859375,0,4712.81005859375
2024-03-20,4718.22998046875,4798.33984375,4682.490234375,4788.18017578125,0,4788.18017578125
2024-03-21,4949.14990234375,4983.4599609375,4890.47998046875,4897.8798828125,0,4897.8798828125
2024-03-22,4876.009765625,4945.64013671875,4868.9501953125,4908.259765625,0,4908.259765625
2024-03-25,4838.31005859375,4937.35009765625,4836.43994140625,4891.490234375,0,4891.490234375
2024-03-26,4920.2099609375,4943.25,4849.81005859375,4851.8798828125,0,4851.8798828125
2024-03-27,4902.27978515625,4903.18017578125,4815.06005859375,4899.9501953125,0,4899.9501953125
2024-03-28,4892.4501953125,4926.759765625,4887.08984375,4905.2099609375,0,4905.2099609375
2024-04-01,4921.52978515625,5030.52001953125,4919.97021484375,4962.10009765625,0,4962.10009765625
2024-04-02,4883.56005859375,4898.1201171875,4834.22021484375,4886.93994140625,0,4886.93994140625
2024-04-03,4838.080078125,4938.330078125,4831.52978515625,4903.5,0,4903.5
2024-04-04,4973.33984375,4984.91015625,4750.990234375,4756.06982421875,0,4756.06982421875
2024-04-05,4784.18994140625,4847.509765625,4751.009765625,4819.1298828125,0,4819.1298828125
2024-04-08,4848.669921875,4868.85986328125,4808.77001953125,4825.39013671875,0,4825.39013671875
2024-04-09,4869.39013671875,4890.919921875,4785.6201171875,4870.81005859375,0,4870.81005859375
2024-04-10,4789.93017578125,4847.52001953125,4761.10986328125,4790.35009765625,0,4790.35009765625
2024-04-11,4816.10986328125,4911.5400390625,4784.39013671875,4906.3701171875,0,4906.3701171875
2024-04-12,4810.66015625,4819.7900390625,4735.490234375,4745.0498046875,0,4745.0498046875
2024-04-15,4804.240234375,4827.89013671875,4658.93994140625,4679.10009765625,0,4679.10009765625
2024-04-16,4682.81982421875,4744.22998046875,4670.3798828125,4720.52978515625,0,4720.52978515625
2024-04-17,4725.759765625,4733.419921875,4561.56005859375,4567.31005859375,0,4567.31005859375
2024-04-18,4541.47998046875,4567.6298828125,4474.8701171875,4491.7099609375,0,4491.7099609375
2024-04-19,4444.91015625,4480.06982421875,4288.0,4306.8701171875,0,4306.8701171875
2024-04-22,4351.22998046875,4411.58984375,4299.72021484375,4381.919921875,0,4381.919921875
2024-04-23,4415.6201171875,4500.33984375,4407.18017578125,4478.7998046875,0,4478.7998046875
2024-04-24,4608.0498046875,4616.89013671875,4490.52978515625,4526.2001953125,0,4526.2001953125
2024-04-25,4515.85986328125,4645.56005859375,4492.93994140625,4615.0400390625,0,4615.0400390625
2024-04-26,4619.81982421875,4756.91015625,4616.419921875,4735.2900390625,0,4735.2900390625
2024-04-29,4735.3701171875,4772.080078125,4690.81982421875,4765.7900390625,0,4765.7900390625
2024-04-30,4756.75,4803.0498046875,4671.77978515625,4673.2998046875,0,4673.2998046875
2024-05-01,4588.43017578125,4659.97998046875,4482.1201171875,4507.68017578125,0,4507.68017578125
2024-05-02,4586.580078125,4620.68017578125,4498.490234375,4605.35009765625,0,4605.35009765625
2024-05-03,4695.97998046875,4740.4599609375,4675.68994140625,4716.18994140625,0,4716.18994140625
2024-05-06,4749.89013671875,4820.4599609375,4739.35009765625,4820.4501953125,0,4820.4501953125
2024-05-07,4825.68994140625,4840.60009765625,4783.85009765625,4784.8798828125,0,4784.8798828125
2024-05-08,4741.72021484375,4794.33984375,4737.27978515625,4790.3798828125,0,4790.3798828125
2024-05-09,4786.5,4789.43994140625,4737.490234375,4759.77001953125,0,4759.77001953125
2024-05-10,4814.8701171875,4857.83984375,4787.759765625,4808.02978515625,0,4808.02978515625
2024-05-13,4828.58984375,4846.81005859375,4811.0,4823.08984375,0,4823.08984375
2024-05-14,4817.39013671875,4908.52001953125,4811.81982421875,4903.93017578125,0,4903.93017578125
2024-05-15,4946.22021484375,5046.27001953125,4930.68994140625,5045.080078125,0,5045.080078125
2024-05-16,5045.02001953125,5084.56982421875,5017.2998046875,5017.5400390625,0,5017.5400390625
2024-05-17,5048.93017578125,5056.0400390625,4947.169921875,4983.02001953125,0,4983.02001953125
2024-05-20,5002.0498046875,5119.16015625,4999.41015625,5090.35009765625,0,5090.35009765625
2024-05-21,5031.0,5080.91015625,5020.58984375,5074.39990234375,0,5074.39990234375
2024-05-22,5114.97998046875,5140.830078125,5074.3701171875,5126.81005859375,0,5126.81005859375
2024-05-23,5243.7001953125,5255.64013671875,5081.990234375,5125.97998046875,0,5125.97998046875
2024-05-24,5167.0,5232.31982421875,5149.31005859375,5220.919921875,0,5220.919921875
2024-05-28,5286.02001953125,5343.68017578125,5235.89013671875,5317.8701171875,0,5317.8701171875
2024-05-29,5234.39013671875,5249.68994140625,5206.93017578125,5219.31982421875,0,5219.31982421875
2024-05-30,5208.7998046875,5228.18017578125,5145.8701171875,5173.259765625,0,5173.259765625
2024-05-31,5180.5498046875,5204.4599609375,4988.0498046875,5123.35986328125,0,5123.35986328125
2024-06-03,5215.08984375,5215.08984375,5059.91015625,5152.509765625,0,5152.509765625
2024-06-04,5144.5400390625,5148.9501953125,5074.3798828125,5116.27001953125,0,5116.27001953125
2024-06-05,5208.080078125,5348.91015625,5193.72998046875,5347.43994140625,0,5347.43994140625
2024-06-06,5343.97998046875,5353.47998046875,5260.56005859375,5301.68017578125,0,5301.68017578125
2024-06-07,5288.14990234375,5322.1201171875,5254.89990234375,5287.240234375,0,5287.240234375
2024-06-10,5243.72021484375,5379.490234375,5238.83984375,5362.39990234375,0,5362.39990234375
2024-06-11,5343.2998046875,5374.2099609375,5287.0498046875,5365.3798828125,0,5365.3798828125
2024-06-12,5456.16015625,5543.580078125,5452.85009765625,5520.8701171875,0,5520.8701171875
2024-06-13,5590.580078125,5624.009765625,5527.22998046875,5602.419921875,0,5602.419921875
2024-06-14,5558.64013671875,5613.31982421875,5540.9501953125,5598.31005859375,0,5598.31005859375
2024-06-17,5639.9599609375,5699.2099609375,5571.419921875,5688.10009765625,0,5688.10009765625
2024-06-18,5705.490234375,5792.85986328125,5695.97998046875,5765.1201171875,0,5765.1201171875
2024-06-20,5787.9501953125,5789.6298828125,5577.56005859375,5610.009765625,0,5610.009765625
2024-06-21,5538.14990234375,5613.47021484375,5482.4501953125,5538.5400390625,0,5538.5400390625
2024-06-24,5485.18017578125,5519.39990234375,5369.56005859375,5371.52001953125,0,5371.52001953125
2024-06-25,5413.0498046875,5470.27001953125,5361.81005859375,5467.66015625,0,5467.66015625
2024-06-26,5469.64990234375,5499.41015625,5389.47998046875,5452.31982421875,0,5452.31982421875
2024-06-27,5435.330078125,5477.509765625,5389.27001953125,5421.08984375,0,5421.08984375
2024-06-28,5454.3701171875,5583.1298828125,5431.27001953125,5472.259765625,0,5472.259765625
2024-07-01,5472.0,5481.64013671875,5371.10986328125,5477.14990234375,0,5477.14990234375
2024-07-02,5443.2900390625,5546.0400390625,5442.0498046875,5544.990234375,0,5544.990234375
2024-07-03,5555.5400390625,5673.6298828125,5537.0,5651.72021484375,0,5651.72021484375
2024-07-05,5684.0400390625,5703.52978515625,5625.47021484375,5656.31005859375,0,5656.31005859375
2024-07-08,5701.2998046875,5772.5,5700.91015625,5765.2099609375,0,5765.2099609375
2024-07-09,5798.6201171875,5826.16015625,5713.93994140625,5765.2001953125,0,5765.2001953125
2024-07-10,5818.35009765625,5913.9501953125,5799.43017578125,5904.5400390625,0,5904.5400390625
2024-07-11,5929.990234375,5931.830078125,5682.10986328125,5699.66015625,0,5699.66015625
2024-07-12,5727.009765625,5871.0,5705.8798828125,5775.18994140625,0,5775.18994140625
2024-07-15,5802.58984375,5854.1201171875,5743.759765625,5777.7099609375,0,5777.7099609375
2024-07-16,5797.56982421875,5812.7001953125,5714.72998046875,5804.02978515625,0,5804.02978515625
2024-07-17,5596.02978515625,5636.10009765625,5402.93017578125,5408.7099609375,0,5408.7099609375
2024-07-18,5499.7998046875,5511.47998046875,5341.31982421875,5436.419921875,0,5436.419921875
2024-07-19,5424.52001953125,5429.2099609375,5261.64990234375,5267.16015625,0,5267.16015625
2024-07-22,5382.490234375,5481.97021484375,5344.27001953125,5477.830078125,0,5477.830078125
2024-07-23,5407.60986328125,5453.60009765625,5385.9501953125,5397.89990234375,0,5397.89990234375
2024-07-24,5320.10009765625,5330.91015625,5098.43017578125,5105.64990234375,0,5105.64990234375
2024-07-25,5052.2998046875,5168.08984375,4906.72998046875,5005.35986328125,0,5005.35986328125
2024-07-26,5110.6298828125,5147.93994140625,5056.2099609375,5103.1298828125,0,5103.1298828125
2024-07-29,5156.0,5226.3798828125,5074.2998046875,5087.6201171875,0,5087.6201171875
2024-07-30,5108.009765625,5119.35009765625,4874.60986328125,4890.14990234375,0,4890.14990234375
2024-07-31,5127.6201171875,5240.580078125,5088.43994140625,5233.18017578125,0,5233.18017578125
2024-08-01,5143.83984375,5201.2900390625,4801.0498046875,4859.58984375,0,4859.58984375
2024-08-02,4644.4599609375,4698.8798828125,4540.68017578125,4607.759765625,0,4607.759765625
2024-08-05,4330.259765625,4635.1298828125,4290.35009765625,4519.4501953125,0,4519.4501953125
2024-08-06,4558.7001953125,4683.06005859375,4493.669921875,4567.56982421875,0,4567.56982421875
2024-08-07,4709.6201171875,4738.93994140625,4418.56982421875,4426.27001953125,0,4426.27001953125
2024-08-08,4552.16015625,4736.72021484375,4472.35009765625,4730.009765625,0,4730.009765625
2024-08-09,4702.97021484375,4746.27001953125,4643.85009765625,4709.4501953125,0,4709.4501953125
2024-08-12,4729.27001953125,4800.169921875,4690.2099609375,4743.81982421875,0,4743.81982421875
2024-08-13,4807.68017578125,4945.7900390625,4788.27978515625,4942.31005859375,0,4942.31005859375
2024-08-14,4981.77978515625,5000.10986328125,4852.35986328125,4933.35009765625,0,4933.35009765625
2024-08-15,5035.580078125,5190.169921875,5022.02978515625,5173.3798828125,0,5173.3798828125
2024-08-16,5108.72021484375,5186.1201171875,5100.14013671875,5170.25,0,5170.25
2024-08-19,5159.5400390625,5266.97998046875,5096.35009765625,5266.56982421875,0,5266.56982421875
2024-08-20,5237.2900390625,5273.27001953125,5159.10009765625,5196.2998046875,0,5196.2998046875
2024-08-21,5232.2998046875,5288.5400390625,5205.08984375,5267.93017578125,0,5267.93017578125
2024-08-22,5303.830078125,5315.72021484375,5072.43017578125,5086.89990234375,0,5086.89990234375
2024-08-23,5163.06005859375,5259.27978515625,5149.009765625,5228.64990234375,0,5228.64990234375
2024-08-26,5199.02001953125,5229.10009765625,5079.97021484375,5097.35009765625,0,5097.35009765625
2024-08-27,5063.47021484375,5171.10009765625,5018.830078125,5153.6298828125,0,5153.6298828125
2024-08-28,5138.60009765625,5163.7099609375,5005.5,5059.56005859375,0,5059.56005859375
2024-08-29,5068.7099609375,5157.68994140625,5010.0498046875,5029.25,0,5029.25
2024-08-30,5154.56982421875,5176.830078125,5075.3798828125,5158.81982421875,0,5158.81982421875
2024-09-03,5058.7099609375,5058.7099609375,4735.89990234375,4759.0,0,4759.0
2024-09-04,4707.02001953125,4844.259765625,4695.169921875,4770.85009765625,0,4770.85009765625
2024-09-05,4708.58984375,4821.64013671875,4698.0498046875,4742.419921875,0,4742.419921875
2024-09-06,4698.77978515625,4701.08984375,4507.68017578125,4528.22021484375,0,4528.22021484375
2024-09-09,4598.27978515625,4636.6201171875,4547.18017578125,4625.77978515625,0,4625.77978515625
2024-09-10,4624.990234375,4684.58984375,4561.93017578125,4680.669921875,0,4680.669921875
2024-09-11,4712.1298828125,4918.919921875,4616.58984375,4910.169921875,0,4910.169921875
2024-09-12,4878.18017578125,4944.3798828125,4824.2900390625,4898.43994140625,0,4898.43994140625
2024-09-13,4940.22021484375,4991.33984375,4929.5498046875,4980.490234375,0,4980.490234375
2024-09-16,4905.68994140625,4935.77978515625,4850.35986328125,4910.43994140625,0,4910.43994140625
2024-09-17,4971.39013671875,4980.85986328125,4874.33984375,4912.10009765625,0,4912.10009765625
2024-09-18,4935.4501953125,5006.43017578125,4854.8701171875,4859.2900390625,0,4859.2900390625
2024-09-19,5049.77978515625,5135.89013671875,5005.02001953125,5066.64990234375,0,5066.64990234375
2024-09-20,5016.39990234375,5034.580078125,4928.85009765625,5000.06005859375,0,5000.06005859375
2024-09-23,5027.3798828125,5043.97021484375,4984.68017578125,5025.81005859375,0,5025.81005859375
2024-09-24,5071.47998046875,5119.7900390625,5009.7001953125,5091.77978515625,0,5091.77978515625
2024-09-25,5078.25,5167.83984375,5078.25,5132.52001953125,0,5132.52001953125
2024-09-26,5352.35009765625,5355.97021484375,5182.509765625,5310.5,0,5310.5
2024-09-27,5318.0400390625,5318.06005859375,5190.72021484375,5217.22998046875,0,5217.22998046875
2024-09-30,5154.47021484375,5201.830078125,5101.85986328125,5173.06005859375,0,5173.06005859375
2024-10-01,5178.47998046875,5188.39990234375,4987.669921875,5024.93994140625,0,5024.93994140625
2024-10-02,5031.93994140625,5151.02978515625,5008.10986328125,5099.2001953125,0,5099.2001953125
2024-10-03,5071.5400390625,5188.97998046875,5070.58984375,5125.2099609375,0,5125.2099609375
2024-10-04,5237.0400390625,5237.0400390625,5141.1201171875,5206.83984375,0,5206.83984375
2024-10-07,5169.5,5243.3701171875,5162.72021484375,5196.7998046875,0,5196.7998046875
2024-10-08,5208.830078125,5282.56005859375,5177.27001953125,5266.10009765625,0,5266.10009765625
2024-10-09,5267.64990234375,5327.2001953125,5219.52001953125,5321.89990234375,0,5321.89990234375
2024-10-10,5252.669921875,5322.06005859375,5224.52978515625,5293.93994140625,0,5293.93994140625
2024-10-11,5261.419921875,5351.7099609375,5261.22998046875,5335.93994140625,0,5335.93994140625
2024-10-14,5377.8798828125,5445.080078125,5376.16015625,5432.2099609375,0,5432.2099609375
2024-10-15,5421.7099609375,5441.9599609375,5112.27978515625,5145.2099609375,0,5145.2099609375
2024-10-16,5193.06005859375,5206.740234375,5125.9501953125,5155.85986328125,0,5155.85986328125
2024-10-17,5292.72021484375,5302.18017578125,5204.2998046875,5204.81005859375,0,5204.81005859375
2024-10-18,5238.259765625,5244.1298828125,5190.22021484375,5208.6201171875,0,5208.6201171875
2024-10-21,5195.18017578125,5222.93017578125,5145.1298828125,5215.2099609375,0,5215.2099609375
2024-10-22,5182.2998046875,5207.72021484375,5152.02001953125,5190.7099609375,0,5190.7099609375
2024-10-23,5174.83984375,5190.64990234375,5061.39990234375,5131.3701171875,0,5131.3701171875
2024-10-24,5170.27001953125,5175.0,5116.41015625,5157.60986328125,0,5157.60986328125
2024-10-25,5212.3798828125,5287.77001953125,5210.7998046875,5212.830078125,0,5212.830078125
2024-10-28,5199.58984375,5246.8798828125,5190.02001953125,5211.669921875,0,5211.669921875
2024-10-29,5211.1201171875,5358.0400390625,5187.81005859375,5332.169921875,0,5332.169921875
2024-10-30,5192.64013671875,5228.52978515625,5151.85009765625,5153.490234375,0,5153.490234375
2024-10-31,5085.56005859375,5085.56005859375,4911.60986328125,4946.75,0,4946.75
2024-11-01,4984.990234375,5054.06005859375,4975.72998046875,5001.43017578125,0,5001.43017578125
2024-11-04,4996.9599609375,5051.77001953125,4960.64013671875,4974.0,0,4974.0
2024-11-05,4999.3798828125,5059.259765625,4999.16015625,5057.830078125,0,5057.830078125
2024-11-06,5163.580078125,5233.75,5118.72998046875,5215.56982421875,0,5215.56982421875
2024-11-07,5294.64990234375,5337.91015625,5280.31005859375,5333.990234375,0,5333.990234375
2024-11-08,5311.85986328125,5333.2900390625,5262.02978515625,5290.52001953125,0,5290.52001953125
2024-11-11,5240.6298828125,5242.6298828125,5097.7900390625,5156.39013671875,0,5156.39013671875
2024-11-12,5145.68017578125,5153.33984375,5043.77001953125,5108.64013671875,0,5108.64013671875
2024-11-13,5077.27978515625,5086.419921875,4999.64990234375,5006.2900390625,0,5006.2900390625
2024-11-14,5062.7998046875,5075.81982421875,4992.5400390625,5004.58984375,0,5004.58984375
2024-11-15,4914.080078125,4936.18994140625,4816.52978515625,4833.58984375,0,4833.58984375
2024-11-18,4833.4599609375,4896.77001953125,4806.0,4888.77001953125,0,4888.77001953125
2024-11-19,4874.18017578125,4925.06005859375,4860.72998046875,4919.16015625,0,4919.16015625
2024-11-20,4902.41015625,4902.83984375,4813.2998046875,4884.25,0,4884.25
2024-11-21,4949.39013671875,4989.91015625,4842.16015625,4963.0498046875,0,4963.0498046875
2024-11-22,4956.2998046875,4973.6298828125,4921.56005859375,4955.7998046875,0,4955.7998046875
2024-11-25,5001.14990234375,5031.240234375,4955.10986328125,4987.919921875,0,4987.919921875
2024-11-26,5027.72021484375,5036.27978515625,4892.0498046875,4927.56005859375,0,4927.56005859375
2024-11-27,4897.35009765625,4899.47998046875,4770.2998046875,4853.009765625,0,4853.009765625
2024-11-29,4894.97021484375,4975.60986328125,4887.85986328125,4926.56005859375,0,4926.56005859375
2024-12-02,4957.02001953125,5084.31005859375,4956.41015625,5055.31982421875,0,5055.31982421875
2024-12-03,5027.740234375,5059.83984375,5014.81982421875,5035.85986328125,0,5035.85986328125
2024-12-04,5140.77001953125,5143.8798828125,5076.259765625,5121.77978515625,0,5121.77978515625
2024-12-05,5104.2001953125,5114.16015625,5015.169921875,5026.3701171875,0,5026.3701171875
2024-12-06,5029.60986328125,5073.10009765625,5018.97021484375,5061.2998046875,0,5061.2998046875
2024-12-09,5023.7099609375,5085.47998046875,4998.56982421875,5018.83984375,0,5018.83984375
2024-12-10,5032.64990234375,5032.669921875,4863.39990234375,4894.7001953125,0,4894.7001953125
2024-12-11,4968.83984375,5055.25,4940.06005859375,5027.7998046875,0,5027.7998046875
2024-12-12,4979.080078125,5005.81005859375,4946.64990234375,4982.18994140625,0,4982.18994140625
2024-12-13,5126.60009765625,5184.83984375,5070.759765625,5149.77978515625,0,5149.77978515625
2024-12-16,5175.85009765625,5280.7900390625,5135.18994140625,5256.06005859375,0,5256.06005859375
2024-12-17,5193.02978515625,5213.22998046875,5135.669921875,5169.7900390625,0,5169.7900390625
2024-12-18,5207.2001953125,5247.7001953125,4935.5400390625,4970.97998046875,0,4970.97998046875
2024-12-19,4984.009765625,4996.919921875,4881.580078125,4893.47021484375,0,4893.47021484375
2024-12-20,4862.4599609375,5032.97998046875,4853.2001953125,4964.91015625,0,4964.91015625
2024-12-23,5013.75,5124.18994140625,5013.75,5118.75,0,5118.75
2024-12-24,5151.02001953125,5173.7998046875,5123.31982421875,5173.56005859375,0,5173.56005859375
2024-12-26,5140.6201171875,5207.3701171875,5128.759765625,5175.31005859375,0,5175.31005859375
2024-12-27,5149.5498046875,5153.7900390625,5058.81005859375,5122.97021484375,0,5122.97021484375
2024-12-30,5032.4501953125,5075.60986328125,4988.5498046875,5026.509765625,0,5026.509765625
2024-12-31,5041.080078125,5059.5,4962.419921875,4979.93017578125,0,4979.93017578125
2025-01-02,5024.580078125,5094.14013671875,4976.2900390625,5021.5,0,5021.5
2025-01-03,5061.52001953125,5173.39013671875,5059.81005859375,5163.64990234375,0,5163.64990234375
2025-01-06,5284.509765625,5381.0400390625,5283.39990234375,5310.14013671875,0,5310.14013671875
2025-01-07,5368.43017578125,5370.830078125,5186.1298828125,5212.25,0,5212.25
2025-01-08,5204.18994140625,5207.0400390625,5104.64013671875,5162.35009765625,0,5162.35009765625
2025-01-10,5089.9501953125,5091.4599609375,5001.27001953125,5037.47021484375,0,5037.47021484375
2025-01-13,4945.97021484375,5026.47021484375,4929.93017578125,5020.0400390625,0,5020.0400390625
2025-01-14,5064.93994140625,5097.4501953125,4987.43994140625,5045.9501953125,0,5045.9501953125
2025-01-15,5128.22021484375,5179.330078125,5107.2001953125,5153.669921875,0,5153.669921875
2025-01-16,5246.7998046875,5262.009765625,5161.919921875,5162.9599609375,0,5162.9599609375
2025-01-17,5289.60986328125,5319.68017578125,5252.35986328125,5309.740234375,0,5309.740234375
2025-01-21,5356.91015625,5425.330078125,5307.52001953125,5378.5,0,5378.5
2025-01-22,5436.77001953125,5525.14990234375,5433.7998046875,5469.2900390625,0,5469.2900390625
2025-01-23,5367.52001953125,5444.740234375,5350.85009765625,5444.68994140625,0,5444.68994140625
2025-01-24,5447.2900390625,5449.81005859375,5320.60986328125,5341.93994140625,0,5341.93994140625
2025-01-27,5007.83984375,5045.43017578125,4785.43017578125,4853.240234375,0,4853.240234375
2025-01-28,4896.25,4928.18994140625,4776.81982421875,4907.02978515625,0,4907.02978515625
2025-01-29,4949.43017578125,4964.669921875,4862.31982421875,4918.10009765625,0,4918.10009765625
2025-01-30,4996.5498046875,5054.43017578125,4959.7001953125,5030.52978515625,0,5030.52978515625
2025-01-31,5058.47021484375,5161.93017578125,5000.18994140625,5015.85009765625,0,5015.85009765625
2025-02-03,4866.4501953125,4983.18994140625,4848.72021484375,4924.81005859375,0,4924.81005859375
2025-02-04,4917.6298828125,4999.68994140625,4907.4501953125,4976.58984375,0,4976.58984375
2025-02-05,4988.06005859375,5102.39990234375,4945.66015625,5091.5,0,5091.5
2025-02-06,5062.2900390625,5106.490234375,5041.85986328125,5092.58984375,0,5092.58984375
2025-02-07,5115.4501953125,5129.64013671875,4978.56982421875,5009.33984375,0,5009.33984375
2025-02-10,5058.0,5097.3701171875,5056.0400390625,5082.669921875,0,5082.669921875
2025-02-11,5043.1201171875,5110.4501953125,5042.5400390625,5079.97021484375,0,5079.97021484375
2025-02-12,5003.2001953125,5093.10009765625,4992.52001953125,5090.7900390625,0,5090.7900390625
2025-02-13,5087.68017578125,5158.490234375,5086.33984375,5156.39013671875,0,5156.39013671875
2025-02-14,5149.169921875,5176.330078125,5132.93017578125,5160.93994140625,0,5160.93994140625
2025-02-18,5209.97998046875,5259.18017578125,5168.490234375,5247.85986328125,0,5247.85986328125
2025-02-19,5246.4501953125,5331.9599609375,5223.1201171875,5309.68994140625,0,5309.68994140625
2025-02-20,5336.9501953125,5366.31982421875,5254.64013671875,5310.6298828125,0,5310.6298828125
2025-02-21,5318.47998046875,5321.2001953125,5120.02978515625,5136.58984375,0,5136.58984375
2025-02-24,5155.3701171875,5167.43994140625,4999.580078125,5003.5400390625,0,5003.5400390625
2025-02-25,4993.5498046875,5009.18994140625,4876.41015625,4888.8798828125,0,4888.8798828125
2025-02-26,4959.97021484375,5032.64013671875,4935.330078125,4990.81982421875,0,4990.81982421875
2025-02-27,5032.8798828125,5041.14990234375,4684.77978515625,4686.75,0,4686.75
2025-02-28,4684.22021484375,4795.89013671875,4634.9501953125,4766.75,0,4766.75
2025-03-03,4817.669921875,4827.56982421875,4533.759765625,4575.3701171875,0,4575.3701171875
2025-03-04,4564.75,4726.83984375,4469.68994140625,4604.509765625,0,4604.509765625
2025-03-05,4646.81982421875,4714.52978515625,4565.89013671875,4700.7900390625,0,4700.7900390625
2025-03-06,4519.10986328125,4623.0,4474.85986328125,4487.85009765625,0,4487.85009765625
2025-03-07,4533.35986328125,4642.56982421875,4455.759765625,4629.58984375,0,4629.58984375
2025-03-10,4508.64013671875,4548.72998046875,4343.25,4405.08984375,0,4405.08984375
2025-03-11,4418.1298828125,4470.330078125,4300.490234375,4374.06982421875,0,4374.06982421875
2025-03-12,4488.06005859375,4537.14013671875,4436.72021484375,4481.02001953125,0,4481.02001953125
2025-03-13,4485.830078125,4548.5400390625,4413.68017578125,4453.240234375,0,4453.240234375
2025-03-14,4542.7099609375,4608.68994140625,4534.7099609375,4598.7900390625,0,4598.7900390625
2025-03-17,4587.10986328125,4703.77001953125,4587.0498046875,4663.97021484375,0,4663.97021484375
2025-03-18,4618.0400390625,4628.64990234375,4562.0400390625,4589.02978515625,0,4589.02978515625
2025-03-19,4598.919921875,4709.3798828125,4558.58984375,4634.52978515625,0,4634.52978515625
2025-03-20,4579.06005859375,4648.4599609375,4575.4501953125,4601.3701171875,0,4601.3701171875
2025-03-21,4514.39990234375,4570.41015625,4484.47998046875,4557.9501953125,0,4557.9501953125
2025-03-24,4662.89990234375,4722.47998046875,4657.330078125,4694.22021484375,0,4694.22021484375
2025-03-25,4679.8798828125,4693.2001953125,4648.7998046875,4661.33984375,0,4661.33984375
2025-03-26,4639.919921875,4649.5400390625,4467.7099609375,4508.740234375,0,4508.740234375
2025-03-27,4452.52001953125,4476.3701171875,4394.7998046875,4415.25,0,4415.25
2025-03-28,4387.83984375,4411.66015625,4259.93017578125,4284.91015625,0,4284.91015625
2025-03-31,4193.5,4277.18994140625,4129.60986328125,4270.43017578125,0,4270.43017578125
2025-04-01,4253.5498046875,4285.9599609375,4179.4501953125,4282.4599609375,0,4282.4599609375
2025-04-02,4216.240234375,4374.509765625,4206.66015625,4320.75,0,4320.75
2025-04-03,4115.1298828125,4131.81982421875,3889.6201171875,3893.68994140625,0,3893.68994140625
2025-04-04,3760.14990234375,3778.780029296875,3529.60009765625,3597.659912109375,0,3597.659912109375
2025-04-07,3460.449951171875,3896.070068359375,3388.6201171875,3694.949951171875,0,3694.949951171875
2025-04-08,3863.699951171875,3902.530029296875,3484.27001953125,3562.93994140625,0,3562.93994140625
2025-04-09,3609.169921875,4265.02001953125,3572.47998046875,4230.4501953125,0,4230.4501953125
2025-04-10,4020.1298828125,4036.8701171875,3757.52001953125,3893.300048828125,0,3893.300048828125
2025-04-11,3881.22998046875,4000.3798828125,3822.280029296875,3990.89990234375,0,3990.89990234375
2025-04-14,4094.639892578125,4098.43994140625,3944.89990234375,4003.219970703125,0,4003.219970703125
2025-04-15,4019.780029296875,4074.93994140625,4000.929931640625,4021.889892578125,0,4021.889892578125
2025-04-16,3836.89990234375,3905.860107421875,3733.989990234375,3857.169921875,0,3857.169921875
2025-04-17,3886.840087890625,3887.989990234375,3796.530029296875,3832.469970703125,0,3832.469970703125
2025-04-21,3761.860107421875,3765.080078125,3681.14990234375,3751.909912109375,0,3751.909912109375
2025-04-22,3787.52001953125,3858.35009765625,3776.969970703125,3832.050048828125,0,3832.050048828125
2025-04-23,4035.010009765625,4070.8701171875,3963.820068359375,3983.919921875,0,3983.919921875
2025-04-24,4071.3798828125,4212.39013671875,4054.669921875,4208.18994140625,0,4208.18994140625
2025-04-25,4167.10986328125,4279.56005859375,4152.740234375,4251.60986328125,0,4251.60986328125
2025-04-28,4227.330078125,4264.60009765625,4144.60009765625,4235.6201171875,0,4235.6201171875
2025-04-29,4184.47021484375,4241.3798828125,4172.7998046875,4196.75,0,4196.75
2025-04-30,4085.239990234375,4238.02978515625,4066.800048828125,4230.08984375,0,4230.08984375
2025-05-01,4288.02001953125,4332.06005859375,4243.080078125,4247.66015625,0,4247.66015625
2025-05-02,4363.4501953125,4430.9501953125,4352.58984375,4397.0498046875,0,4397.0498046875
2025-05-05,4351.35986328125,4399.56005859375,4348.72998046875,4356.18017578125,0,4356.18017578125
2025-05-06,4281.06982421875,4346.31005859375,4252.669921875,4311.2001953125,0,4311.2001953125
2025-05-07,4304.35009765625,4400.240234375,4268.93017578125,4386.35986328125,0,4386.35986328125
2025-05-08,4444.169921875,4494.8701171875,4392.9599609375,4430.43994140625,0,4430.43994140625
2025-05-09,4509.31982421875,4515.759765625,4433.259765625,4466.5,0,4466.5
2025-05-12,4769.75,4807.0,4708.14990234375,4780.93017578125,0,4780.93017578125
2025-05-13,4799.56005859375,4952.89990234375,4798.0400390625,4931.35009765625,0,4931.35009765625
2025-05-14,4968.9501953125,4996.10009765625,4918.8701171875,4960.72998046875,0,4960.72998046875
2025-05-15,4909.68994140625,4968.7001953125,4873.5400390625,4932.4501953125,0,4932.4501953125
2025-05-16,4927.68017578125,4927.81982421875,4868.75,4922.18994140625,0,4922.18994140625
2025-05-19,4812.77978515625,4907.47021484375,4810.4599609375,4897.7099609375,0,4897.7099609375
2025-05-20,4854.7998046875,4892.64990234375,4841.830078125,4890.77978515625,0,4890.77978515625
2025-05-21,4857.06982421875,4949.27001953125,4775.14990234375,4802.7099609375,0,4802.7099609375
2025-05-22,4798.68017578125,4846.81982421875,4772.5400390625,4775.47021484375,0,4775.47021484375
2025-05-23,4659.72021484375,4728.3798828125,4647.31982421875,4702.3798828125,0,4702.3798828125
2025-05-27,4795.0400390625,4878.77001953125,4767.77978515625,4861.08984375,0,4861.08984375
2025-05-28,4868.56005859375,4889.169921875,4825.68994140625,4834.419921875,0,4834.419921875
2025-05-29,4956.240234375,4956.240234375,4832.35009765625,4860.47998046875,0,4860.47998046875
2025-05-30,4828.25,4828.25,4673.41015625,4758.06005859375,0,4758.06005859375
2025-06-02,4762.64990234375,4848.2900390625,4759.02001953125,4832.7900390625,0,4832.7900390625
2025-06-03,4836.259765625,4970.39990234375,4815.27978515625,4964.41015625,0,4964.41015625
2025-06-04,5004.330078125,5049.56005859375,4959.5498046875,5033.35009765625,0,5033.35009765625
2025-06-05,5079.39990234375,5112.16015625,4980.18994140625,5010.919921875,0,5010.919921875
2025-06-06,5066.18017578125,5101.5498046875,5034.77978515625,5038.06005859375,0,5038.06005859375
2025-06-09,5083.75,5185.89990234375,5083.27978515625,5136.66015625,0,5136.66015625
2025-06-10,5169.2001953125,5253.009765625,5149.830078125,5242.5,0,5242.5
2025-06-11,5270.02001953125,5302.64013671875,5186.85009765625,5232.52978515625,0,5232.52978515625
2025-06-12,5201.2099609375,5269.5,5200.91015625,5249.14990234375,0,5249.14990234375
2025-06-13,5140.89990234375,5193.85986328125,5101.02978515625,5112.240234375,0,5112.240234375
2025-06-16,5178.41015625,5293.169921875,5178.35009765625,5267.2998046875,0,5267.2998046875
2025-06-17,5243.39013671875,5311.759765625,5222.3798828125,5223.64990234375,0,5223.64990234375
2025-06-18,5248.27001953125,5305.240234375,5219.6298828125,5251.02001953125,0,5251.02001953125
2025-06-20,5296.14013671875,5304.580078125,5143.64990234375,5211.47998046875,0,5211.47998046875
2025-06-23,5209.27001953125,5267.419921875,5140.3798828125,5244.2998046875,0,5244.2998046875
2025-06-24,5335.27001953125,5444.39013671875,5335.27001953125,5441.8701171875,0,5441.8701171875
2025-06-25,5461.14990234375,5494.77978515625,5443.39990234375,5493.2998046875,0,5493.2998046875
2025-06-26,5530.4599609375,5553.2900390625,5495.22021484375,5541.4599609375,0,5541.4599609375
2025-06-27,5549.4599609375,5588.52001953125,5488.68017578125,5544.990234375,0,5544.990234375
2025-06-30,5564.169921875,5571.39013671875,5520.27978515625,5546.5400390625,0,5546.5400390625
2025-07-01,5512.10986328125,5543.93017578125,5429.16015625,5507.5,0,5507.5
2025-07-02,5503.259765625,5627.64013671875,5490.56005859375,5611.0498046875,0,5611.0498046875
2025-07-03,5633.08984375,5668.14013671875,5630.240234375,5647.1201171875,0,5647.1201171875
2025-07-07,5596.47021484375,5613.919921875,5519.47998046875,5541.2001953125,0,5541.2001953125
2025-07-08,5591.43994140625,5676.68017578125,5572.8798828125,5641.22021484375,0,5641.22021484375
2025-07-09,5665.8701171875,5722.3798828125,5618.97021484375,5665.990234375,0,5665.990234375
2025-07-10,5712.2998046875,5724.0498046875,5657.89013671875,5708.27978515625,0,5708.27978515625
2025-07-11,5677.919921875,5718.75,5659.08984375,5696.2900390625,0,5696.2900390625
2025-07-14,5651.77978515625,5671.2001953125,5568.490234375,5646.72021484375,0,5646.72021484375
2025-07-15,5778.02978515625,5791.81005859375,5714.35009765625,5718.60986328125,0,5718.60986328125
2025-07-16,5659.2998046875,5698.14013671875,5560.06982421875,5696.2099609375,0,5696.2099609375
2025-07-17,5696.7900390625,5755.080078125,5670.14990234375,5737.64013671875,0,5737.64013671875
2025-07-18,5754.89013671875,5776.31005859375,5695.0498046875,5732.6201171875,0,5732.6201171875
2025-07-21,5754.740234375,5808.60009765625,5737.81982421875,5739.419921875,0,5739.419921875
2025-07-22,5717.72021484375,5721.02001953125,5580.2998046875,5638.7099609375,0,5638.7099609375
2025-07-23,5613.68994140625,5642.14990234375,5564.60986328125,5637.7900390625,0,5637.7900390625
2025-07-24,5645.33984375,5657.580078125,5595.240234375,5644.3701171875,0,5644.3701171875
2025-07-25,5601.52001953125,5650.16015625,5589.97998046875,5645.85986328125,0,5645.85986328125
2025-07-28,5704.89013671875,5738.919921875,5695.93017578125,5737.10009765625,0,5737.10009765625
2025-07-29,5784.02978515625,5819.8701171875,5706.02978515625,5739.7900390625,0,5739.7900390625
2025-07-30,5788.83984375,5820.5400390625,5738.64990234375,5787.31982421875,0,5787.31982421875
2025-07-31,5721.580078125,5730.419921875,5558.10986328125,5607.919921875,0,5607.919921875
2025-08-01,5501.91015625,5583.43017578125,5418.31982421875,5527.60986328125,0,5527.60986328125
2025-08-04,5575.830078125,5624.85986328125,5550.1201171875,5624.41015625,0,5624.41015625
2025-08-05,5633.06005859375,5651.0,5501.43017578125,5561.68994140625,0,5561.68994140625
2025-08-06,5525.58984375,5561.43994140625,5474.509765625,5550.2998046875,0,5550.2998046875
2025-08-07,5675.1201171875,5701.509765625,5588.3701171875,5633.7001953125,0,5633.7001953125
2025-08-08,5629.47021484375,5682.10009765625,5616.990234375,5678.02001953125,0,5678.02001953125
2025-08-11,5722.080078125,5763.31982421875,5660.22998046875,5670.3701171875,0,5670.3701171875
2025-08-12,5710.10986328125,5842.52001953125,5682.5400390625,5840.08984375,0,5840.08984375
2025-08-13,5875.4501953125,5907.9599609375,5835.60986328125,5892.60986328125,0,5892.60986328125
2025-08-14,5828.06982421875,5904.60009765625,5787.2099609375,5885.490234375,0,5885.490234375
2025-08-15,5830.18017578125,5832.6298828125,5737.02978515625,5752.740234375,0,5752.740234375
2025-08-18,5742.490234375,5781.0,5738.5498046875,5776.31005859375,0,5776.31005859375
2025-08-19,5777.66015625,5797.9599609375,5664.93017578125,5671.509765625,0,5671.509765625
2025-08-20,5642.89990234375,5644.31005859375,5480.0498046875,5630.81982421875,0,5630.81982421875
2025-08-21,5607.6201171875,5643.4501953125,5574.259765625,5603.259765625,0,5603.259765625
2025-08-22,5612.31982421875,5818.22998046875,5598.8798828125,5754.4599609375,0,5754.4599609375
2025-08-25,5758.77001953125,5784.60009765625,5724.31982421875,5756.2998046875,0,5756.2998046875
2025-08-26,5780.14013671875,5824.06982421875,5777.5498046875,5807.919921875,0,5807.919921875
2025-08-27,5789.72021484375,5831.509765625,5766.77001953125,5824.60986328125,0,5824.60986328125
2025-08-28,5859.18017578125,5889.06005859375,5808.93994140625,5853.0498046875,0,5853.0498046875
2025-08-29,5757.97021484375,5758.7001953125,5646.169921875,5668.93994140625,0,5668.93994140625
2025-09-02,5509.41015625,5609.41015625,5503.1201171875,5605.4599609375,0,5605.4599609375
2025-09-03,5619.10009765625,5624.759765625,5538.2001953125,5592.81982421875,0,5592.81982421875
2025-09-04,5566.68994140625,5672.6201171875,5545.60009765625,5667.85986328125,0,5667.85986328125
2025-09-05,5775.41015625,5792.97021484375,5687.14013671875,5761.39990234375,0,5761.39990234375
2025-09-08,5804.02978515625,5835.77001953125,5786.33984375,5809.60986328125,0,5809.60986328125
2025-09-09,5825.0400390625,5830.16015625,5776.009765625,5819.830078125,0,5819.830078125
2025-09-10,5921.9501953125,5977.60986328125,5911.509765625,5958.08984375,0,5958.08984375
2025-09-11,6008.39013671875,6033.52978515625,5987.52978515625,5995.39013671875,0,5995.39013671875
2025-09-12,6018.3798828125,6021.759765625,5974.58984375,6001.740234375,0,6001.740234375
2025-09-15,5993.8798828125,6062.2900390625,5979.990234375,6059.830078125,0,6059.830078125
2025-09-16,6085.97021484375,6098.1201171875,6034.41015625,6079.22021484375,0,6079.22021484375
2025-09-17,6067.009765625,6109.080078125,5980.240234375,6060.22021484375,0,6060.22021484375
2025-09-18,6220.009765625,6311.58984375,6201.0498046875,6278.16015625,0,6278.16015625
2025-09-19,6248.39013671875,6249.080078125,6184.66015625,6232.25,0,6232.25
2025-09-22,6247.830078125,6347.60009765625,6246.7099609375,6330.1201171875,0,6330.1201171875
2025-09-23,6336.52978515625,6374.6201171875,6274.5400390625,6308.2099609375,0,6308.2099609375
2025-09-24,6282.18017578125,6313.919921875,6216.3701171875,6297.0,0,6297.0
2025-09-25,6176.580078125,6298.7001953125,6125.009765625,6284.669921875,0,6284.669921875
2025-09-26,6279.64013671875,6313.0400390625,6229.72021484375,6305.0498046875,0,6305.0498046875
2025-09-29,6380.02001953125,6408.259765625,6313.7099609375,6315.10986328125,0,6315.10986328125
2025-09-30,6322.56982421875,6374.06005859375,6289.4501953125,6369.81982421875,0,6369.81982421875
2025-10-01,6321.7998046875,6507.02978515625,6317.7900390625,6500.27978515625,0,6500.27978515625
2025-10-02,6633.3701171875,6643.7099609375,6573.10009765625,6626.3798828125,0,6626.3798828125
2025-10-03,6655.06982421875,6683.43994140625,6547.39990234375,6583.740234375,0,6583.740234375
2025-10-06,6852.72021484375,6881.91015625,6773.259765625,6774.06005859375,0,6774.06005859375
2025-10-07,6837.669921875,6847.509765625,6622.6298828125,6634.759765625,0,6634.759765625
2025-10-08,6625.2900390625,6867.08984375,6624.06982421875,6860.2001953125,0,6860.2001953125
2025-10-09,6845.39013671875,6869.080078125,6776.830078125,6840.2001953125,0,6840.2001953125
2025-10-10,6853.43017578125,6867.85986328125,6403.240234375,6407.60009765625,0,6407.60009765625
2025-10-13,6662.89013671875,6742.3701171875,6612.8798828125,6723.47021484375,0,6723.47021484375
2025-10-14,6582.330078125,6706.4501953125,6532.740234375,6570.330078125,0,6570.330078125
2025-10-15,6723.009765625,6780.72998046875,6632.14013671875,6767.06005859375,0,6767.06005859375
2025-10-16,6848.22021484375,6880.56982421875,6727.9599609375,6800.02001953125,0,6800.02001953125
2025-10-17,6742.02978515625,6812.27978515625,6673.580078125,6777.97998046875,0,6777.97998046875
2025-10-20,6858.6298828125,6935.64990234375,6855.18017578125,6885.02978515625,0,6885.02978515625
2025-10-21,6864.240234375,6875.72998046875,6793.1201171875,6839.27001953125,0,6839.27001953125
2025-10-22,6764.43994140625,6819.83984375,6547.3701171875,6677.56982421875,0,6677.56982421875
2025-10-23,6648.330078125,6861.4599609375,6648.330078125,6847.39013671875,0,6847.39013671875
2025-10-24,6970.16015625,7021.3798828125,6961.16015625,6976.93994140625,0,6976.93994140625
2025-10-27,7103.56005859375,7175.52978515625,7083.10009765625,7167.97998046875,0,7167.97998046875
2025-10-28,7158.16015625,7223.77001953125,7136.3798828125,7194.7099609375,0,7194.7099609375
2025-10-29,7342.5400390625,7392.64013671875,7257.81982421875,7327.93017578125,0,7327.93017578125
2025-10-30,7283.08984375,7351.0498046875,7213.39990234375,7216.0,0,7216.0
2025-10-31,7284.330078125,7345.91015625,7171.740234375,7228.66015625,0,7228.66015625
2025-11-03,7342.7998046875,7353.6298828125,7248.68994140625,7270.97021484375,0,7270.97021484375
2025-11-04,7074.4501953125,7190.58984375,6972.3701171875,6979.56982421875,0,6979.56982421875
2025-11-05,7024.27978515625,7277.81982421875,7022.9501953125,7190.27001953125,0,7190.27001953125
2025-11-06,7195.22998046875,7226.06005859375,6974.1201171875,7018.39013671875,0,7018.39013671875
2025-11-07,6917.75,6949.14990234375,6688.83984375,6947.35986328125,0,6947.35986328125
2025-11-10,7136.66015625,7178.35009765625,7066.47998046875,7156.9501953125,0,7156.9501953125
2025-11-11,7077.3798828125,7099.81005859375,6965.759765625,6979.7001953125,0,6979.7001953125
2025-11-12,7112.16015625,7130.5498046875,7035.27001953125,7082.1298828125,0,7082.1298828125
2025-11-13,7003.169921875,7008.43994140625,6750.1201171875,6818.740234375,0,6818.740234375
2025-11-14,6634.93994140625,6911.919921875,6587.83984375,6811.2001953125,0,6811.2001953125
2025-11-17,6756.56005859375,6886.6298828125,6631.31982421875,6705.740234375,0,6705.740234375
2025-11-18,6622.009765625,6651.58984375,6479.68017578125,6551.02978515625,0,6551.02978515625
2025-11-19,6577.27978515625,6751.81982421875,6552.97021484375,6670.02978515625,0,6670.02978515625
2025-11-20,6863.1201171875,6882.990234375,6327.7900390625,6352.06982421875,0,6352.06982421875
2025-11-21,6351.0498046875,6505.8798828125,6160.0498046875,6406.43017578125,0,6406.43017578125
2025-11-24,6494.85986328125,6733.02978515625,6475.39013671875,6703.2001953125,0,6703.2001953125
2025-11-25,6617.14013671875,6730.9599609375,6457.2998046875,6714.18017578125,0,6714.18017578125
2025-11-26,6801.5498046875,6958.93017578125,6790.27978515625,6899.4599609375,0,6899.4599609375
2025-11-28,6926.91015625,7028.14013671875,6907.7998046875,7025.14990234375,0,7025.14990234375
2025-12-01,6945.2001953125,7081.1201171875,6920.669921875,7020.52978515625,0,7020.52978515625
2025-12-02,7098.60986328125,7211.14013671875,7057.31005859375,7149.47021484375,0,7149.47021484375
2025-12-03,7164.81982421875,7284.35986328125,7099.81005859375,7280.509765625,0,7280.509765625
2025-12-04,7238.72998046875,7267.35986328125,7180.77978515625,7215.97021484375,0,7215.97021484375
2025-12-05,7303.06005859375,7377.2998046875,7282.2900390625,7294.83984375,0,7294.83984375
2025-12-08,7358.16015625,7410.5,7302.7001953125,7375.22021484375,0,7375.22021484375
2025-12-09,7325.830078125,7386.4501953125,7299.9599609375,7372.509765625,0,7372.509765625
2025-12-10,7369.72998046875,7490.27978515625,7333.4599609375,7467.490234375,0,7467.490234375
2025-12-11,7353.080078125,7419.6201171875,7208.22998046875,7411.47998046875,0,7411.47998046875
2025-12-12,7297.85009765625,7331.3798828125,7003.39990234375,7033.56982421875,0,7033.56982421875
2025-12-15,7096.27001953125,7125.9599609375,6971.39990234375,6990.41015625,0,6990.41015625
2025-12-16,6977.89990234375,7019.10986328125,6888.6201171875,6958.43994140625,0,6958.43994140625
2025-12-17,6993.10009765625,7005.080078125,6680.68017578125,6695.31005859375,0,6695.31005859375
2025-12-18,6938.919921875,6970.18994140625,6831.72998046875,6863.6298828125,0,6863.6298828125
2025-12-19,6942.4599609375,7095.009765625,6942.4599609375,7067.8701171875,0,7067.8701171875
2025-12-22,7204.02001953125,7206.39013671875,7120.0400390625,7145.56982421875,0,7145.56982421875
2025-12-23,7118.39013671875,7186.39013671875,7091.4599609375,7184.5400390625,0,7184.5400390625
2025-12-24,7191.72021484375,7212.5498046875,7173.27001953125,7204.3701171875,0,7204.3701171875
2025-12-26,7229.66015625,7233.06005859375,7188.580078125,7207.64013671875,0,7207.64013671875
2025-12-29,7116.14990234375,7205.22021484375,7098.77001953125,7178.27001953125,0,7178.27001953125
2025-12-30,7206.0498046875,7229.759765625,7167.02001953125,7169.10009765625,0,7169.10009765625
2025-12-31,7184.85009765625,7193.5,7082.64990234375,7083.1298828125,0,7083.1298828125
2026-01-02,7288.669921875,7418.25,7286.33984375,7367.47021484375,0,7367.47021484375
2026-01-05,7570.43994140625,7577.27978515625,7415.7001953125,7446.4501953125,0,7446.4501953125
2026-01-06,7542.60986328125,7665.77001953125,7521.9501953125,7650.93017578125,0,7650.93017578125
2026-01-07,7554.77978515625,7601.06005859375,7512.85986328125,7574.8701171875,0,7574.8701171875
2026-01-08,7543.25,7548.31005859375,7372.7900390625,7436.10009765625,0,7436.10009765625
2026-01-09,7471.330078125,7678.89013671875,7467.830078125,7638.77978515625,0,7638.77978515625
2026-01-12,7574.240234375,7703.14013671875,7568.06982421875,7674.83984375,0,7674.83984375
2026-01-13,7725.080078125,7825.8798828125,7715.8798828125,7747.990234375,0,7747.990234375
2026-01-14,7688.5,7707.3798828125,7598.509765625,7701.47021484375,0,7701.47021484375
2026-01-15,7960.9599609375,7998.1201171875,7833.9501953125,7837.2998046875,0,7837.2998046875
2026-01-16,7972.8701171875,8008.4599609375,7885.91015625,7927.41015625,0,7927.41015625
2026-01-20,7807.89013671875,7931.93017578125,7767.47998046875,7794.18994140625,0,7794.18994140625
2026-01-21,7909.56982421875,8113.66015625,7869.72021484375,8042.06982421875,0,8042.06982421875
2026-01-22,8186.97021484375,8188.16015625,8032.39990234375,8055.169921875,0,8055.169921875
2026-01-23,8024.2099609375,8032.18994140625,7905.14013671875,7957.93017578125,0,7957.93017578125
2026-01-26,7917.22998046875,7982.93017578125,7881.43994140625,7927.0400390625,0,7927.0400390625
2026-01-27,8030.39990234375,8157.35009765625,8009.509765625,8117.18017578125,0,8117.18017578125
2026-01-28,8287.4599609375,8341.83984375,8227.509765625,8306.740234375,0,8306.740234375
2026-01-29,8340.0400390625,8386.98046875,8020.93994140625,8320.3896484375,0,8320.3896484375
2026-01-30,8206.3203125,8309.9599609375,7947.89990234375,7998.47021484375,0,7998.47021484375
2026-02-02,7955.1201171875,8215.400390625,7954.740234375,8134.490234375,0,8134.490234375
2026-02-03,8203.0302734375,8239.6396484375,7796.4599609375,7966.330078125,0,7966.330078125
2026-02-04,7863.1298828125,7955.5,7461.740234375,7619.16015625,0,7619.16015625
2026-02-05,7531.919921875,7727.2900390625,7473.85009765625,7614.64013671875,0,7614.64013671875
2026-02-06,7762.10986328125,8071.490234375,7752.5400390625,8048.6201171875,0,8048.6201171875
2026-02-09,7991.18017578125,8209.6201171875,7948.52978515625,8162.580078125,0,8162.580078125
2026-02-10,8191.60986328125,8197.919921875,8051.91015625,8107.1298828125,0,8107.1298828125
2026-02-11,8263.1796875,8345.6904296875,8100.580078125,8291.8603515625,0,8291.8603515625
2026-02-12,8358.080078125,8400.01953125,8079.7900390625,8084.7001953125,0,8084.7001953125
2026-02-13,8090.330078125,8209.3095703125,8010.259765625,8137.85986328125,0,8137.85986328125
2026-02-17,8021.990234375,8210.51953125,7926.97998046875,8136.0498046875,0,8136.0498046875
2026-02-18,8170.27978515625,8303.3203125,8137.5,8214.349609375,0,8214.349609375
2026-02-19,8133.240234375,8182.39990234375,8076.759765625,8173.2998046875,0,8173.2998046875
2026-02-20,8109.0400390625,8308.26953125,8106.0400390625,8260.419921875,0,8260.419921875
2026-02-23,8248.4404296875,8291.3896484375,8124.27978515625,8213.4599609375,0,8213.4599609375
2026-02-24,8314.740234375,8387.6298828125,8225.7197265625,8332.33984375,0,8332.33984375
2026-02-25,8442.849609375,8498.099609375,8418.509765625,8467.4296875,0,8467.4296875
2026-02-26,8402.98046875,8422.150390625,8062.10986328125,8197.259765625,0,8197.259765625
2026-02-27,8036.83984375,8139.990234375,8009.25,8098.3701171875,0,8098.3701171875
2026-03-02,7919.8701171875,8144.2998046875,7908.759765625,8137.35986328125,0,8137.35986328125
2026-03-03,7806.2998046875,7855.919921875,7673.080078125,7764.8798828125,0,7764.8798828125
2026-03-04,7891.27978515625,7959.85009765625,7807.259765625,7914.47998046875,0,7914.47998046875
2026-03-05,7875.93994140625,7965.31005859375,7660.7001953125,7821.759765625,0,7821.759765625
2026-03-06,7627.68017578125,7776.72021484375,7466.47021484375,7514.740234375,0,7514.740234375
2026-03-09,7388.330078125,7826.490234375,7363.169921875,7810.39990234375,0,7810.39990234375
2026-03-10,7846.52978515625,8017.06005859375,7831.10986328125,7865.1201171875,0,7865.1201171875
2026-03-11,7918.27978515625,8002.93994140625,7881.169921875,7914.56982421875,0,7914.56982421875
2026-03-12,7771.490234375,7805.25,7612.8701171875,7643.169921875,0,7643.169921875
2026-03-13,7744.009765625,7818.990234375,7617.97998046875,7646.64013671875,0,7646.64013671875
2026-03-16,7846.2900390625,7896.77001953125,7762.06005859375,7796.240234375,0,7796.240234375
2026-03-17,7828.77001953125,7866.58984375,7763.8701171875,7836.830078125,0,7836.830078125
2026-03-18,7883.1298828125,7913.7001953125,7794.259765625,7795.1298828125,0,7795.1298828125
2026-03-19,7561.7998046875,7913.35009765625,7548.5,7863.2998046875,0,7863.2998046875
2026-03-20,7862.66015625,7880.81005859375,7572.080078125,7670.60986328125,0,7670.60986328125
2026-03-23,7825.83984375,7958.0,7734.419921875,7773.1298828125,0,7773.1298828125
2026-03-24,7732.77978515625,7924.41015625,7709.47998046875,7872.7099609375,0,7872.7099609375
2026-03-25,7935.72998046875,8025.64990234375,7896.240234375,7967.75,0,7967.75
2026-03-26,7823.77001953125,7831.759765625,7582.85986328125,7585.8701171875,0,7585.8701171875
2026-03-27,7545.419921875,7611.60009765625,7427.10009765625,7457.669921875,0,7457.669921875
2026-03-30,7517.47021484375,7546.68017578125,7084.1298828125,7142.330078125,0,7142.330078125
2026-03-31,7277.8798828125,7591.330078125,7274.14990234375,7588.2001953125,0,7588.2001953125
2026-04-01,7680.60986328125,7893.75,7677.5400390625,7802.31005859375,0,7802.31005859375
2026-04-02,7544.93017578125,7843.740234375,7505.97021484375,7833.39013671875,0,7833.39013671875
2026-04-06,7917.85986328125,7963.64990234375,7821.77978515625,7916.10986328125,0,7916.10986328125
2026-04-07,7915.169921875,8006.33984375,7790.06982421875,8003.8701171875,0,8003.8701171875
2026-04-08,8497.9296875,8526.3896484375,8320.919921875,8510.919921875,0,8510.919921875
2026-04-09,8561.1796875,8699.5,8543.5595703125,8689.5302734375,0,8689.5302734375
2026-04-10,8812.2197265625,8962.9501953125,8795.580078125,8889.830078125,0,8889.830078125
2026-04-13,8873.3095703125,9044.7900390625,8837.9599609375,9039.51953125,0,9039.51953125
2026-04-14,9133.2900390625,9225.4599609375,9042.150390625,9224.1201171875,0,9224.1201171875
2026-04-15,9189.23046875,9249.9599609375,9035.1103515625,9239.2900390625,0,9239.2900390625
2026-04-16,9215.9296875,9356.16015625,9144.98046875,9329.349609375,0,9329.349609375
2026-04-17,9477.8896484375,9556.419921875,9419.1298828125,9555.8798828125,0,9555.8798828125
2026-04-20,9604.900390625,9612.08984375,9462.9404296875,9599.2099609375,0,9599.2099609375
2026-04-21,9676.7802734375,9721.400390625,9569.7001953125,9647.2099609375,0,9647.2099609375
2026-04-22,9817.099609375,9914.080078125,9698.9501953125,9909.26953125,0,9909.26953125
2026-04-23,9984.73046875,10206.1796875,9923.4296875,10078.5703125,0,10078.5703125
2026-04-24,10463.8095703125,10564.009765625,10270.9599609375,10513.66015625,0,10513.66015625
2026-04-27,10533.3203125,10536.8603515625,10251.73046875,10408.0400390625,0,10408.0400390625
2026-04-28,9979.169921875,10184.990234375,9865.3798828125,10035.580078125,0,10035.580078125
2026-04-29,10192.330078125,10272.9501953125,10113.2099609375,10271.2998046875,0,10271.2998046875
2026-04-30,10387.83984375,10516.3896484375,10229.8896484375,10503.7001953125,0,10503.7001953125
2026-05-01,10388.8203125,10624.2099609375,10364.400390625,10595.33984375,0,10595.33984375
2026-05-04,10656.0703125,10690.4697265625,10430.2099609375,10534.66015625,0,10534.66015625
2026-05-05,10759.2099609375,11058.16015625,10718.490234375,10980.580078125,0,10980.580078125
2026-05-06,11243.830078125,11477.3798828125,11062.9501953125,11472.75,0,11472.75
2026-05-07,11332.1904296875,11404.3701171875,11075.1298828125,11160.990234375,0,11160.990234375
2026-05-08,11408.005859375,11622.9453125,11388.4208984375,11609.7197265625,0,11609.7197265625
