name,ticker,recipe,params,split,rows,accuracy,balanced_accuracy,f1_macro,f1_weighted,log_loss,pred_down_share,pred_up_share,min_predicted_class_share,passed_prediction_balance,roc_auc,cm_down_down,cm_down_up,cm_up_down,cm_up_up,precision_down,recall_down,precision_up,recall_up,mean_future_5d_return_pred_down,mean_future_5d_return_pred_up,long_short_spread_pred_up_minus_down
nvidia,NVDA,technical_only,baseline_depth3,validation,161,0.39751552795031053,0.4043956043956044,0.39751552795031053,0.39751552795031053,0.901796261145784,0.5652173913043478,0.43478260869565216,0.43478260869565216,True,0.3965463108320251,32,38,59,32,0.3516483516483517,0.45714285714285713,0.45714285714285713,0.3516483516483517,0.04144753392857678,0.013913316021240761,-0.02753421790733602
nvidia,NVDA,technical_only,shallow_regularized,validation,161,0.37888198757763975,0.3912087912087912,0.3777056277056277,0.37417654808959155,0.8427201078701967,0.6086956521739131,0.391304347826087,0.391304347826087,True,0.3945054945054945,34,36,64,27,0.3469387755102041,0.4857142857142857,0.42857142857142855,0.2967032967032967,0.04420860813826307,0.006558954149802535,-0.037649653988460534
nvidia,NVDA,technical_only,depth3_regularized,validation,161,0.39751552795031053,0.40934065934065933,0.3966776125169017,0.3937449084999706,0.9117398056884252,0.6024844720496895,0.39751552795031053,0.39751552795031053,True,0.3832025117739403,35,35,62,29,0.36082474226804123,0.5,0.453125,0.31868131868131866,0.04225212945385354,0.010112517999430429,-0.03213961145442311
nvidia,NVDA,technical_only,depth4_slow,validation,161,0.39751552795031053,0.40274725274725276,0.39742254118918086,0.39839890218104285,0.9318425275387614,0.5527950310559007,0.4472049689440994,0.4472049689440994,True,0.38728414442700154,31,39,58,33,0.34831460674157305,0.44285714285714284,0.4583333333333333,0.3626373626373626,0.04436480560519846,0.011072083473953843,-0.033292722131244616
nvidia,NVDA,technical_only,depth2_fast,validation,161,0.36645962732919257,0.3769230769230769,0.3658480074142725,0.36327920377160816,0.8782775068927587,0.5962732919254659,0.40372670807453415,0.40372670807453415,True,0.38477237048665613,32,38,64,27,0.3333333333333333,0.45714285714285713,0.4153846153846154,0.2967032967032967,0.0460205524089752,0.005041302734241859,-0.04097924967473334
nvidia,NVDA,technical_only,depth3_conservative,validation,161,0.36024844720496896,0.3664835164835165,0.36024844720496896,0.36024844720496896,0.8831729999245316,0.5652173913043478,0.43478260869565216,0.43478260869565216,True,0.38775510204081637,29,41,62,29,0.31868131868131866,0.4142857142857143,0.4142857142857143,0.31868131868131866,0.047943604842961396,0.0054684238325407595,-0.04247518101042064
nvidia,NVDA,technical_only,baseline_depth3_unweighted,validation,161,0.39751552795031053,0.4043956043956044,0.39751552795031053,0.39751552795031053,0.901796261145784,0.5652173913043478,0.43478260869565216,0.43478260869565216,True,0.3965463108320251,32,38,59,32,0.3516483516483517,0.45714285714285713,0.45714285714285713,0.3516483516483517,0.04144753392857678,0.013913316021240761,-0.02753421790733602
nvidia,NVDA,technical_only,depth2_fast_unweighted,validation,161,0.36645962732919257,0.3769230769230769,0.3658480074142725,0.36327920377160816,0.8782775068927587,0.5962732919254659,0.40372670807453415,0.40372670807453415,True,0.38477237048665613,32,38,64,27,0.3333333333333333,0.45714285714285713,0.4153846153846154,0.2967032967032967,0.0460205524089752,0.005041302734241859,-0.04097924967473334
nvidia,NVDA,technical_only,depth3_regularized_unweighted,validation,161,0.39751552795031053,0.40934065934065933,0.3966776125169017,0.3937449084999706,0.9117398056884252,0.6024844720496895,0.39751552795031053,0.39751552795031053,True,0.3832025117739403,35,35,62,29,0.36082474226804123,0.5,0.453125,0.31868131868131866,0.04225212945385354,0.010112517999430429,-0.03213961145442311
nvidia,NVDA,technical_only,depth4_slow_unweighted,validation,161,0.39751552795031053,0.40274725274725276,0.39742254118918086,0.39839890218104285,0.9318425275387614,0.5527950310559007,0.4472049689440994,0.4472049689440994,True,0.38728414442700154,31,39,58,33,0.34831460674157305,0.44285714285714284,0.4583333333333333,0.3626373626373626,0.04436480560519846,0.011072083473953843,-0.033292722131244616
nvidia,NVDA,technical_only,baseline_depth3,test,186,0.46774193548387094,0.47756410256410253,0.46760343481654953,0.46898844148976354,0.8494161170452891,0.5645161290322581,0.43548387096774194,0.43548387096774194,True,0.47602089268755937,42,36,63,45,0.4,0.5384615384615384,0.5555555555555556,0.4166666666666667,0.02818847153926389,0.02732348334937771,-0.0008649881898861803
nvidia,NVDA,technical_only,baseline_depth3,recent_regime,193,0.5233160621761658,0.5227175080558539,0.5222772277227723,0.5226235058739035,0.8702150260062426,0.46113989637305697,0.538860103626943,0.46113989637305697,True,0.5178302900107411,46,49,43,55,0.5168539325842697,0.4842105263157895,0.5288461538461539,0.5612244897959183,0.0034170645653318994,0.011348291306753511,0.007931226741421611
nvidia,NVDA,technical_core,baseline_depth3,validation,161,0.5217391304347826,0.5472527472527473,0.5142431722894871,0.5063724162369267,0.8467759098902683,0.6894409937888198,0.3105590062111801,0.3105590062111801,True,0.5653061224489796,52,18,59,32,0.46846846846846846,0.7428571428571429,0.64,0.3516483516483517,0.026988568200533313,0.03499853277456284,0.00800996457402953
nvidia,NVDA,technical_core,shallow_regularized,validation,161,0.4472049689440994,0.5010989010989011,0.37112135176651306,0.3425899953249182,0.844857418783,0.9130434782608695,0.08695652173913043,0.08695652173913043,False,0.5949764521193093,64,6,83,8,0.43537414965986393,0.9142857142857143,0.5714285714285714,0.08791208791208792,0.028602351992894553,0.03865085471656007,0.010048502723665514
nvidia,NVDA,technical_core,depth3_regularized,validation,161,0.42857142857142855,0.4813186813186813,0.3530747728860936,0.32424877707896577,0.912393292251368,0.906832298136646,0.09316770186335403,0.09316770186335403,False,0.576923076923077,62,8,84,7,0.4246575342465753,0.8857142857142857,0.4666666666666667,0.07692307692307693,0.032059862377339716,0.004327853459716113,-0.027732008917623605
nvidia,NVDA,technical_core,depth4_slow,validation,161,0.40993788819875776,0.4582417582417583,0.3469535886597498,0.32050018285336646,0.9528052384905513,0.8757763975155279,0.12422360248447205,0.12422360248447205,True,0.5470957613814756,58,12,83,8,0.41134751773049644,0.8285714285714286,0.4,0.08791208791208792,0.03391488776011517,-0.001817073259444945,-0.03573196101956012
nvidia,NVDA,technical_core,depth2_fast,validation,161,0.5279503105590062,0.5626373626373626,0.509775641025641,0.49746376811594206,0.8091520979590152,0.7577639751552795,0.2422360248447205,0.2422360248447205,True,0.618524332810047,58,12,64,27,0.47540983606557374,0.8285714285714286,0.6923076923076923,0.2967032967032967,0.02621621835853201,0.039673822288370124,0.013457603929838115
nvidia,NVDA,technical_core,depth3_conservative,validation,161,0.4472049689440994,0.4928571428571429,0.39806763285024155,0.37563537072043685,0.9015002410437414,0.8509316770186336,0.14906832298136646,0.14906832298136646,True,0.4948194662480377,59,11,78,13,0.4306569343065693,0.8428571428571429,0.5416666666666666,0.14285714285714285,0.033387209154190786,0.007150418952633416,-0.02623679020155737
nvidia,NVDA,technical_core,baseline_depth3_unweighted,validation,161,0.5217391304347826,0.5472527472527473,0.5142431722894871,0.5063724162369267,0.8467759098902683,0.6894409937888198,0.3105590062111801,0.3105590062111801,True,0.5653061224489796,52,18,59,32,0.46846846846846846,0.7428571428571429,0.64,0.3516483516483517,0.026988568200533313,0.03499853277456284,0.00800996457402953
nvidia,NVDA,technical_core,depth2_fast_unweighted,validation,161,0.5279503105590062,0.5626373626373626,0.509775641025641,0.49746376811594206,0.8091520979590152,0.7577639751552795,0.2422360248447205,0.2422360248447205,True,0.618524332810047,58,12,64,27,0.47540983606557374,0.8285714285714286,0.6923076923076923,0.2967032967032967,0.02621621835853201,0.039673822288370124,0.013457603929838115
nvidia,NVDA,technical_core,depth3_regularized_unweighted,validation,161,0.42857142857142855,0.4813186813186813,0.3530747728860936,0.32424877707896577,0.912393292251368,0.906832298136646,0.09316770186335403,0.09316770186335403,False,0.576923076923077,62,8,84,7,0.4246575342465753,0.8857142857142857,0.4666666666666667,0.07692307692307693,0.032059862377339716,0.004327853459716113,-0.027732008917623605
nvidia,NVDA,technical_core,depth4_slow_unweighted,validation,161,0.40993788819875776,0.4582417582417583,0.3469535886597498,0.32050018285336646,0.9528052384905513,0.8757763975155279,0.12422360248447205,0.12422360248447205,True,0.5470957613814756,58,12,83,8,0.41134751773049644,0.8285714285714286,0.4,0.08791208791208792,0.03391488776011517,-0.001817073259444945,-0.03573196101956012
nvidia,NVDA,technical_core,baseline_depth3,test,186,0.44086021505376344,0.5185185185185185,0.3357142857142857,0.2930875576036866,0.9913818832474491,0.978494623655914,0.021505376344086023,0.021505376344086023,False,0.5924738841405509,78,0,104,4,0.42857142857142855,1.0,1.0,0.037037037037037035,0.02615320766466093,0.10327696698850322,0.07712375932384229
nvidia,NVDA,technical_core,baseline_depth3,recent_regime,193,0.5284974093264249,0.534264232008593,0.45707749853163937,0.4540166452118628,0.8451409146832706,0.8704663212435233,0.12953367875647667,0.12953367875647667,True,0.5083780880773362,86,9,82,16,0.5119047619047619,0.9052631578947369,0.64,0.16326530612244897,0.004488595814865103,0.02921027781278267,0.024721681997917567
nvidia,NVDA,technical_rates,baseline_depth3,validation,161,0.453416149068323,0.5032967032967033,0.39245283018867927,0.36735028712059065,1.2643994155996743,0.8819875776397516,0.11801242236024845,0.11801242236024845,True,0.4530612244897959,62,8,80,11,0.43661971830985913,0.8857142857142857,0.5789473684210527,0.12087912087912088,0.029773777516980182,0.027251647451376555,-0.0025221300656036276
nvidia,NVDA,technical_rates,shallow_regularized,validation,161,0.453416149068323,0.5131868131868131,0.35459183673469385,0.3216503992901508,1.027267427172806,0.9565217391304348,0.043478260869565216,0.043478260869565216,False,0.5117739403453689,68,2,86,5,0.44155844155844154,0.9714285714285714,0.7142857142857143,0.054945054945054944,0.028490903829713584,0.051151217030206926,0.022660313200493342
nvidia,NVDA,technical_rates,depth3_regularized,validation,161,0.453416149068323,0.5164835164835165,0.3389324374766704,0.3030494830971972,1.123208854875344,0.9813664596273292,0.018633540372670808,0.018633540372670808,False,0.46781789638932497,70,0,88,3,0.4430379746835443,1.0,1.0,0.03296703296703297,0.028694290165627936,0.07065328760604196,0.04195899744041402
nvidia,NVDA,technical_rates,depth4_slow,validation,161,0.42857142857142855,0.4796703296703297,0.35912080304603666,0.3316026306680512,1.1459787938848265,0.8944099378881988,0.10559006211180125,0.10559006211180125,True,0.45164835164835165,61,9,83,8,0.4236111111111111,0.8714285714285714,0.47058823529411764,0.08791208791208792,0.03283146963217264,0.001054475409087042,-0.0317769942230856
nvidia,NVDA,technical_rates,depth2_fast,validation,161,0.484472049689441,0.5340659340659341,0.42944366167114983,0.4063317387034675,1.3113716409697704,0.8757763975155279,0.12422360248447205,0.12422360248447205,True,0.4665620094191522,64,6,77,14,0.45390070921985815,0.9142857142857143,0.7,0.15384615384615385,0.026926340685249975,0.04745218361835468,0.020525842933104707
nvidia,NVDA,technical_rates,depth3_conservative,validation,161,0.43478260869565216,0.49835164835164836,0.31206273184016525,0.2741639463406767,1.0603744202890004,0.9875776397515528,0.012422360248447204,0.012422360248447204,False,0.5125588697017269,69,1,90,1,0.4339622641509434,0.9857142857142858,0.5,0.01098901098901099,0.02922565539781952,0.049389250367018245,0.020163594969198725
nvidia,NVDA,technical_rates,baseline_depth3_unweighted,validation,161,0.453416149068323,0.5032967032967033,0.39245283018867927,0.36735028712059065,1.2643994155996743,0.8819875776397516,0.11801242236024845,0.11801242236024845,True,0.4530612244897959,62,8,80,11,0.43661971830985913,0.8857142857142857,0.5789473684210527,0.12087912087912088,0.029773777516980182,0.027251647451376555,-0.0025221300656036276
nvidia,NVDA,technical_rates,depth2_fast_unweighted,validation,161,0.484472049689441,0.5340659340659341,0.42944366167114983,0.4063317387034675,1.3113716409697704,0.8757763975155279,0.12422360248447205,0.12422360248447205,True,0.4665620094191522,64,6,77,14,0.45390070921985815,0.9142857142857143,0.7,0.15384615384615385,0.026926340685249975,0.04745218361835468,0.020525842933104707
nvidia,NVDA,technical_rates,depth3_regularized_unweighted,validation,161,0.453416149068323,0.5164835164835165,0.3389324374766704,0.3030494830971972,1.123208854875344,0.9813664596273292,0.018633540372670808,0.018633540372670808,False,0.46781789638932497,70,0,88,3,0.4430379746835443,1.0,1.0,0.03296703296703297,0.028694290165627936,0.07065328760604196,0.04195899744041402
nvidia,NVDA,technical_rates,depth4_slow_unweighted,validation,161,0.42857142857142855,0.4796703296703297,0.35912080304603666,0.3316026306680512,1.1459787938848265,0.8944099378881988,0.10559006211180125,0.10559006211180125,True,0.45164835164835165,61,9,83,8,0.4236111111111111,0.8714285714285714,0.47058823529411764,0.08791208791208792,0.03283146963217264,0.001054475409087042,-0.0317769942230856
nvidia,NVDA,technical_rates,depth2_fast,test,186,0.42473118279569894,0.5046296296296297,0.3057522586946663,0.25939683372023803,1.16518471702967,0.9946236559139785,0.005376344086021506,0.005376344086021506,False,0.5244539411206078,78,0,107,1,0.42162162162162165,1.0,1.0,0.009259259259259259,0.027143857600241267,0.1513780068776691,0.12423414927742785
nvidia,NVDA,technical_rates,depth2_fast,recent_regime,193,0.5284974093264249,0.5355531686358754,0.4116839178642013,0.40760902862714693,0.8382921377769313,0.9533678756476683,0.046632124352331605,0.046632124352331605,False,0.5204081632653061,94,1,90,8,0.5108695652173914,0.9894736842105263,0.8888888888888888,0.08163265306122448,0.0042511935743573875,0.07801349161501608,0.0737622980406587
nvidia,NVDA,technical_dollar,baseline_depth3,validation,161,0.43478260869565216,0.48021978021978023,0.3845410628019324,0.3616047048939299,0.9305167099699209,0.8509316770186336,0.14906832298136646,0.14906832298136646,True,0.5930926216640503,58,12,79,12,0.4233576642335766,0.8285714285714286,0.5,0.13186813186813187,0.03149788724578034,0.017935298179809732,-0.01356258906597061
nvidia,NVDA,technical_dollar,shallow_regularized,validation,161,0.43478260869565216,0.48516483516483516,0.36895378386527117,0.34236906614530954,0.8516257778887932,0.8881987577639752,0.11180124223602485,0.11180124223602485,True,0.5835164835164836,61,9,82,9,0.42657342657342656,0.8714285714285714,0.5,0.0989010989010989,0.03169752319772977,0.011828438428443484,-0.019869084769286283
nvidia,NVDA,technical_dollar,depth3_regularized,validation,161,0.4161490683229814,0.46703296703296704,0.34518864659051574,0.31707225307387843,0.9256156153466485,0.8944099378881988,0.10559006211180125,0.10559006211180125,True,0.5452119309262167,60,10,84,7,0.4166666666666667,0.8571428571428571,0.4117647058823529,0.07692307692307693,0.03409991001197463,-0.009689960749235612,-0.04378987076121024
nvidia,NVDA,technical_dollar,depth4_slow,validation,161,0.453416149068323,0.49835164835164836,0.40709742216270506,0.38548201627341666,0.931324664269792,0.84472049689441,0.15527950310559005,0.15527950310559005,True,0.5274725274725275,59,11,77,14,0.4338235294117647,0.8428571428571429,0.56,0.15384615384615385,0.03049370047355975,0.023940577783328556,-0.006553122690231193
nvidia,NVDA,technical_dollar,depth2_fast,validation,161,0.422360248447205,0.4725274725274725,0.3550846362579145,0.3279156390276241,0.9289329459066131,0.8881987577639752,0.11180124223602485,0.11180124223602485,True,0.5965463108320251,60,10,83,8,0.4195804195804196,0.8571428571428571,0.4444444444444444,0.08791208791208792,0.03245073390788362,0.005844597786665694,-0.026606136121217924
nvidia,NVDA,technical_dollar,depth3_conservative,validation,161,0.39751552795031053,0.4423076923076923,0.34396135265700484,0.3195127074144088,0.8818570147594627,0.8509316770186336,0.14906832298136646,0.14906832298136646,True,0.5003139717425432,55,15,82,9,0.40145985401459855,0.7857142857142857,0.375,0.0989010989010989,0.03799247370485726,-0.019137966190754387,-0.057130439895611645
nvidia,NVDA,technical_dollar,baseline_depth3_unweighted,validation,161,0.43478260869565216,0.48021978021978023,0.3845410628019324,0.3616047048939299,0.9305167099699209,0.8509316770186336,0.14906832298136646,0.14906832298136646,True,0.5930926216640503,58,12,79,12,0.4233576642335766,0.8285714285714286,0.5,0.13186813186813187,0.03149788724578034,0.017935298179809732,-0.01356258906597061
nvidia,NVDA,technical_dollar,depth2_fast_unweighted,validation,161,0.422360248447205,0.4725274725274725,0.3550846362579145,0.3279156390276241,0.9289329459066131,0.8881987577639752,0.11180124223602485,0.11180124223602485,True,0.5965463108320251,60,10,83,8,0.4195804195804196,0.8571428571428571,0.4444444444444444,0.08791208791208792,0.03245073390788362,0.005844597786665694,-0.026606136121217924
nvidia,NVDA,technical_dollar,depth3_regularized_unweighted,validation,161,0.4161490683229814,0.46703296703296704,0.34518864659051574,0.31707225307387843,0.9256156153466485,0.8944099378881988,0.10559006211180125,0.10559006211180125,True,0.5452119309262167,60,10,84,7,0.4166666666666667,0.8571428571428571,0.4117647058823529,0.07692307692307693,0.03409991001197463,-0.009689960749235612,-0.04378987076121024
nvidia,NVDA,technical_dollar,depth4_slow_unweighted,validation,161,0.453416149068323,0.49835164835164836,0.40709742216270506,0.38548201627341666,0.931324664269792,0.84472049689441,0.15527950310559005,0.15527950310559005,True,0.5274725274725275,59,11,77,14,0.4338235294117647,0.8428571428571429,0.56,0.15384615384615385,0.03049370047355975,0.023940577783328556,-0.006553122690231193
nvidia,NVDA,technical_dollar,depth4_slow,test,186,0.41935483870967744,0.4964387464387464,0.3101648351648352,0.2658986175115207,1.028860015168888,0.978494623655914,0.021505376344086023,0.021505376344086023,False,0.5352564102564102,76,2,106,2,0.4175824175824176,0.9743589743589743,0.5,0.018518518518518517,0.02739523687571754,0.04676463788542782,0.01936940100971028
nvidia,NVDA,technical_dollar,depth4_slow,recent_regime,193,0.5129533678756477,0.5197636949516649,0.402437417654809,0.3984428652371883,0.9291801266378742,0.9378238341968912,0.06217616580310881,0.06217616580310881,False,0.47690655209452204,91,4,90,8,0.5027624309392266,0.9578947368421052,0.6666666666666666,0.08163265306122448,0.005210071023112645,0.04510984891945962,0.03989977789634697
nvidia,NVDA,technical_semi_etf,baseline_depth3,validation,161,0.4720496894409938,0.5164835164835164,0.42943506358140504,0.4090962648756923,0.8918129385502548,0.8385093167701864,0.16149068322981366,0.16149068322981366,True,0.6175824175824176,60,10,75,16,0.4444444444444444,0.8571428571428571,0.6153846153846154,0.17582417582417584,0.026053862332754373,0.047245626694826896,0.021191764362072523
nvidia,NVDA,technical_semi_etf,shallow_regularized,validation,161,0.453416149068323,0.5082417582417582,0.3750882145377558,0.34623055444754686,0.8092497809818614,0.9192546583850931,0.08074534161490683,0.08074534161490683,False,0.6120879120879121,65,5,83,8,0.4391891891891892,0.9285714285714286,0.6153846153846154,0.08791208791208792,0.027169369430147607,0.05573777179426875,0.028568402364121146
nvidia,NVDA,technical_semi_etf,depth3_regularized,validation,161,0.4161490683229814,0.4703296703296703,0.33248059280169373,0.30165536497806145,0.9197435387634971,0.9192546583850931,0.08074534161490683,0.08074534161490683,False,0.5616954474097332,62,8,86,5,0.4189189189189189,0.8857142857142857,0.38461538461538464,0.054945054945054944,0.031963624023712126,0.001157027190611175,-0.03080659683310095
nvidia,NVDA,technical_semi_etf,depth4_slow,validation,161,0.453416149068323,0.5,0.4024966261808367,0.3797453499970662,0.9471188735261682,0.8571428571428571,0.14285714285714285,0.14285714285714285,True,0.5433281004709576,60,10,78,13,0.43478260869565216,0.8571428571428571,0.5652173913043478,0.14285714285714285,0.03058133496430091,0.022844934083209322,-0.0077364008810915895
nvidia,NVDA,technical_semi_etf,depth2_fast,validation,161,0.5652173913043478,0.5824175824175825,0.5638544891640866,0.560674384170144,0.7553449508308284,0.6211180124223602,0.37888198757763975,0.37888198757763975,True,0.5941915227629512,50,20,50,41,0.5,0.7142857142857143,0.6721311475409836,0.45054945054945056,0.022701129206053727,0.04058270144888471,0.017881572242830986
nvidia,NVDA,technical_semi_etf,depth3_conservative,validation,161,0.422360248447205,0.47087912087912087,0.3607019341616498,0.33480544216171665,0.9189017146515054,0.8757763975155279,0.12422360248447205,0.12422360248447205,True,0.5075353218210361,59,11,82,9,0.41843971631205673,0.8428571428571429,0.45,0.0989010989010989,0.03355429587598967,0.0007250995236398473,-0.03282919635234982
nvidia,NVDA,technical_semi_etf,baseline_depth3_unweighted,validation,161,0.4720496894409938,0.5164835164835164,0.42943506358140504,0.4090962648756923,0.8918129385502548,0.8385093167701864,0.16149068322981366,0.16149068322981366,True,0.6175824175824176,60,10,75,16,0.4444444444444444,0.8571428571428571,0.6153846153846154,0.17582417582417584,0.026053862332754373,0.047245626694826896,0.021191764362072523
nvidia,NVDA,technical_semi_etf,depth2_fast_unweighted,validation,161,0.5652173913043478,0.5824175824175825,0.5638544891640866,0.560674384170144,0.7553449508308284,0.6211180124223602,0.37888198757763975,0.37888198757763975,True,0.5941915227629512,50,20,50,41,0.5,0.7142857142857143,0.6721311475409836,0.45054945054945056,0.022701129206053727,0.04058270144888471,0.017881572242830986
nvidia,NVDA,technical_semi_etf,depth3_regularized_unweighted,validation,161,0.4161490683229814,0.4703296703296703,0.33248059280169373,0.30165536497806145,0.9197435387634971,0.9192546583850931,0.08074534161490683,0.08074534161490683,False,0.5616954474097332,62,8,86,5,0.4189189189189189,0.8857142857142857,0.38461538461538464,0.054945054945054944,0.031963624023712126,0.001157027190611175,-0.03080659683310095
nvidia,NVDA,technical_semi_etf,depth4_slow_unweighted,validation,161,0.453416149068323,0.5,0.4024966261808367,0.3797453499970662,0.9471188735261682,0.8571428571428571,0.14285714285714285,0.14285714285714285,True,0.5433281004709576,60,10,78,13,0.43478260869565216,0.8571428571428571,0.5652173913043478,0.14285714285714285,0.03058133496430091,0.022844934083209322,-0.0077364008810915895
nvidia,NVDA,technical_semi_etf,depth2_fast,test,186,0.42473118279569894,0.5046296296296297,0.3057522586946663,0.25939683372023803,1.0504836753293252,0.9946236559139785,0.005376344086021506,0.005376344086021506,False,0.5711063627730294,78,0,107,1,0.42162162162162165,1.0,1.0,0.009259259259259259,0.02691448179319241,0.1938125311817067,0.16689804938851427
nvidia,NVDA,technical_semi_etf,depth2_fast,recent_regime,193,0.5025906735751295,0.5098818474758324,0.3682487725040916,0.36372039381630383,0.9243713777682098,0.9689119170984456,0.031088082901554404,0.031088082901554404,False,0.4817400644468314,93,2,94,4,0.49732620320855614,0.9789473684210527,0.6666666666666666,0.04081632653061224,0.005990883670124544,0.06067429931726903,0.05468341564714449
nvidia,NVDA,technical_monthly_industry,baseline_depth3,validation,161,0.5031055900621118,0.5439560439560439,0.4721311475409836,0.45545260156806844,0.8783338698954968,0.8074534161490683,0.19254658385093168,0.19254658385093168,True,0.5915227629513343,60,10,70,21,0.46153846153846156,0.8571428571428571,0.6774193548387096,0.23076923076923078,0.025367803050408626,0.04670462298174899,0.021336819931340362
nvidia,NVDA,technical_monthly_industry,shallow_regularized,validation,161,0.4782608695652174,0.5335164835164835,0.40349329569513054,0.3759473474272038,0.8235754418158754,0.9192546583850931,0.08074534161490683,0.08074534161490683,False,0.6288854003139718,67,3,81,10,0.4527027027027027,0.9571428571428572,0.7692307692307693,0.10989010989010989,0.026149654175416814,0.06734683777120397,0.041197183595787154
nvidia,NVDA,technical_monthly_industry,depth3_regularized,validation,161,0.45962732919254656,0.5104395604395604,0.3966920790799845,0.3712759203806805,0.9016110865548093,0.8881987577639752,0.11180124223602485,0.11180124223602485,True,0.6235478806907379,63,7,80,11,0.4405594405594406,0.9,0.6111111111111112,0.12087912087912088,0.029142299018710946,0.032128274961759705,0.002985975943048759
nvidia,NVDA,technical_monthly_industry,depth4_slow,validation,161,0.484472049689441,0.5258241758241758,0.4505571316968875,0.43275179975079686,0.8699485544788215,0.8136645962732919,0.18633540372670807,0.18633540372670807,True,0.5971742543171115,59,11,72,19,0.45038167938931295,0.8428571428571429,0.6333333333333333,0.2087912087912088,0.027389743457398506,0.03858671053560452,0.011196967078206017
nvidia,NVDA,technical_monthly_industry,depth2_fast,validation,161,0.4720496894409938,0.5263736263736264,0.39938556067588327,0.37213651238896683,0.8871425033505229,0.9130434782608695,0.08695652173913043,0.08695652173913043,False,0.6309262166405024,66,4,81,10,0.4489795918367347,0.9428571428571428,0.7142857142857143,0.10989010989010989,0.02872053694726023,0.03740991269572041,0.008689375748460178
nvidia,NVDA,technical_monthly_industry,depth3_conservative,validation,161,0.4472049689440994,0.49945054945054945,0.3771354053466638,0.3498861306143277,0.8919623619097055,0.9006211180124224,0.09937888198757763,0.09937888198757763,False,0.5816326530612246,63,7,82,9,0.43448275862068964,0.9,0.5625,0.0989010989010989,0.030359409166727025,0.021471461238245088,-0.008887947928481937
nvidia,NVDA,technical_monthly_industry,baseline_depth3_unweighted,validation,161,0.5031055900621118,0.5439560439560439,0.4721311475409836,0.45545260156806844,0.8783338698954968,0.8074534161490683,0.19254658385093168,0.19254658385093168,True,0.5915227629513343,60,10,70,21,0.46153846153846156,0.8571428571428571,0.6774193548387096,0.23076923076923078,0.025367803050408626,0.04670462298174899,0.021336819931340362
nvidia,NVDA,technical_monthly_industry,depth2_fast_unweighted,validation,161,0.4720496894409938,0.5263736263736264,0.39938556067588327,0.37213651238896683,0.8871425033505229,0.9130434782608695,0.08695652173913043,0.08695652173913043,False,0.6309262166405024,66,4,81,10,0.4489795918367347,0.9428571428571428,0.7142857142857143,0.10989010989010989,0.02872053694726023,0.03740991269572041,0.008689375748460178
nvidia,NVDA,technical_monthly_industry,depth3_regularized_unweighted,validation,161,0.45962732919254656,0.5104395604395604,0.3966920790799845,0.3712759203806805,0.9016110865548093,0.8881987577639752,0.11180124223602485,0.11180124223602485,True,0.6235478806907379,63,7,80,11,0.4405594405594406,0.9,0.6111111111111112,0.12087912087912088,0.029142299018710946,0.032128274961759705,0.002985975943048759
nvidia,NVDA,technical_monthly_industry,depth4_slow_unweighted,validation,161,0.484472049689441,0.5258241758241758,0.4505571316968875,0.43275179975079686,0.8699485544788215,0.8136645962732919,0.18633540372670807,0.18633540372670807,True,0.5971742543171115,59,11,72,19,0.45038167938931295,0.8428571428571429,0.6333333333333333,0.2087912087912088,0.027389743457398506,0.03858671053560452,0.011196967078206017
nvidia,NVDA,technical_monthly_industry,baseline_depth3,test,186,0.42473118279569894,0.5046296296296297,0.3057522586946663,0.25939683372023803,1.532982787052894,0.9946236559139785,0.005376344086021506,0.005376344086021506,False,0.5283713200379867,78,0,107,1,0.42162162162162165,1.0,1.0,0.009259259259259259,0.02691448179319241,0.1938125311817067,0.16689804938851427
nvidia,NVDA,technical_monthly_industry,baseline_depth3,recent_regime,193,0.49222797927461137,0.5,0.3298611111111111,0.32473373632700053,1.2274160319479377,1.0,0.0,0.0,False,0.5344790547798065,95,0,98,0,0.49222797927461137,1.0,0.0,0.0,0.00769088622910313,,
nvidia,NVDA,technical_domestic_alpha,baseline_depth3,validation,161,0.5217391304347826,0.5472527472527473,0.5142431722894871,0.5063724162369267,0.8467759098902683,0.6894409937888198,0.3105590062111801,0.3105590062111801,True,0.5653061224489796,52,18,59,32,0.46846846846846846,0.7428571428571429,0.64,0.3516483516483517,0.026988568200533313,0.03499853277456284,0.00800996457402953
nvidia,NVDA,technical_domestic_alpha,shallow_regularized,validation,161,0.4472049689440994,0.5010989010989011,0.37112135176651306,0.3425899953249182,0.844857418783,0.9130434782608695,0.08695652173913043,0.08695652173913043,False,0.5949764521193093,64,6,83,8,0.43537414965986393,0.9142857142857143,0.5714285714285714,0.08791208791208792,0.028602351992894553,0.03865085471656007,0.010048502723665514
nvidia,NVDA,technical_domestic_alpha,depth3_regularized,validation,161,0.42857142857142855,0.4813186813186813,0.3530747728860936,0.32424877707896577,0.912393292251368,0.906832298136646,0.09316770186335403,0.09316770186335403,False,0.576923076923077,62,8,84,7,0.4246575342465753,0.8857142857142857,0.4666666666666667,0.07692307692307693,0.032059862377339716,0.004327853459716113,-0.027732008917623605
nvidia,NVDA,technical_domestic_alpha,depth4_slow,validation,161,0.40993788819875776,0.4582417582417583,0.3469535886597498,0.32050018285336646,0.9528052384905513,0.8757763975155279,0.12422360248447205,0.12422360248447205,True,0.5470957613814756,58,12,83,8,0.41134751773049644,0.8285714285714286,0.4,0.08791208791208792,0.03391488776011517,-0.001817073259444945,-0.03573196101956012
nvidia,NVDA,technical_domestic_alpha,depth2_fast,validation,161,0.5279503105590062,0.5626373626373626,0.509775641025641,0.49746376811594206,0.8091520979590152,0.7577639751552795,0.2422360248447205,0.2422360248447205,True,0.618524332810047,58,12,64,27,0.47540983606557374,0.8285714285714286,0.6923076923076923,0.2967032967032967,0.02621621835853201,0.039673822288370124,0.013457603929838115
nvidia,NVDA,technical_domestic_alpha,depth3_conservative,validation,161,0.4472049689440994,0.4928571428571429,0.39806763285024155,0.37563537072043685,0.9015002410437414,0.8509316770186336,0.14906832298136646,0.14906832298136646,True,0.4948194662480377,59,11,78,13,0.4306569343065693,0.8428571428571429,0.5416666666666666,0.14285714285714285,0.033387209154190786,0.007150418952633416,-0.02623679020155737
nvidia,NVDA,technical_domestic_alpha,baseline_depth3_unweighted,validation,161,0.5217391304347826,0.5472527472527473,0.5142431722894871,0.5063724162369267,0.8467759098902683,0.6894409937888198,0.3105590062111801,0.3105590062111801,True,0.5653061224489796,52,18,59,32,0.46846846846846846,0.7428571428571429,0.64,0.3516483516483517,0.026988568200533313,0.03499853277456284,0.00800996457402953
nvidia,NVDA,technical_domestic_alpha,depth2_fast_unweighted,validation,161,0.5279503105590062,0.5626373626373626,0.509775641025641,0.49746376811594206,0.8091520979590152,0.7577639751552795,0.2422360248447205,0.2422360248447205,True,0.618524332810047,58,12,64,27,0.47540983606557374,0.8285714285714286,0.6923076923076923,0.2967032967032967,0.02621621835853201,0.039673822288370124,0.013457603929838115
nvidia,NVDA,technical_domestic_alpha,depth3_regularized_unweighted,validation,161,0.42857142857142855,0.4813186813186813,0.3530747728860936,0.32424877707896577,0.912393292251368,0.906832298136646,0.09316770186335403,0.09316770186335403,False,0.576923076923077,62,8,84,7,0.4246575342465753,0.8857142857142857,0.4666666666666667,0.07692307692307693,0.032059862377339716,0.004327853459716113,-0.027732008917623605
nvidia,NVDA,technical_domestic_alpha,depth4_slow_unweighted,validation,161,0.40993788819875776,0.4582417582417583,0.3469535886597498,0.32050018285336646,0.9528052384905513,0.8757763975155279,0.12422360248447205,0.12422360248447205,True,0.5470957613814756,58,12,83,8,0.41134751773049644,0.8285714285714286,0.4,0.08791208791208792,0.03391488776011517,-0.001817073259444945,-0.03573196101956012
nvidia,NVDA,technical_domestic_alpha,baseline_depth3,test,186,0.44086021505376344,0.5185185185185185,0.3357142857142857,0.2930875576036866,0.9913818832474491,0.978494623655914,0.021505376344086023,0.021505376344086023,False,0.5924738841405509,78,0,104,4,0.42857142857142855,1.0,1.0,0.037037037037037035,0.02615320766466093,0.10327696698850322,0.07712375932384229
nvidia,NVDA,technical_domestic_alpha,baseline_depth3,recent_regime,193,0.5284974093264249,0.534264232008593,0.45707749853163937,0.4540166452118628,0.8451409146832706,0.8704663212435233,0.12953367875647667,0.12953367875647667,True,0.5083780880773362,86,9,82,16,0.5119047619047619,0.9052631578947369,0.64,0.16326530612244897,0.004488595814865103,0.02921027781278267,0.024721681997917567
nvidia,NVDA,technical_rates_dollar,baseline_depth3,validation,161,0.5031055900621118,0.5472527472527472,0.4649385177799933,0.4462987848050053,1.311048509059171,0.8322981366459627,0.16770186335403728,0.16770186335403728,True,0.45463108320251183,62,8,72,19,0.4626865671641791,0.8857142857142857,0.7037037037037037,0.2087912087912088,0.02741341823782247,0.039713320930338136,0.012299902692515668
nvidia,NVDA,technical_rates_dollar,shallow_regularized,validation,161,0.45962732919254656,0.5170329670329671,0.37247435150754893,0.3419708093177998,1.103762914746666,0.937888198757764,0.062111801242236024,0.062111801242236024,False,0.4816326530612245,67,3,84,7,0.44370860927152317,0.9571428571428572,0.7,0.07692307692307693,0.028479875250372808,0.04451965461810461,0.0160397793677318
nvidia,NVDA,technical_rates_dollar,depth3_regularized,validation,161,0.42857142857142855,0.4912087912087912,0.30888391190742814,0.2713699141470698,1.1728848340217262,0.9813664596273292,0.018633540372670808,0.018633540372670808,False,0.44583987441130296,68,2,90,1,0.43037974683544306,0.9714285714285714,0.3333333333333333,0.01098901098901099,0.030969639061351414,-0.04918175423539443,-0.08015139329674584
nvidia,NVDA,technical_rates_dollar,depth4_slow,validation,161,0.42857142857142855,0.4928571428571429,0.3,0.2608695652173913,1.2438209316850384,0.9937888198757764,0.006211180124223602,0.006211180124223602,False,0.45353218210361074,69,1,91,0,0.43125,0.9857142857142858,0.0,0.0,0.03007303839729389,-0.0660284345796822,-0.09610147297697609
nvidia,NVDA,technical_rates_dollar,depth2_fast,validation,161,0.4906832298136646,0.5445054945054946,0.4233927323549965,0.3976999969616869,1.419320514089604,0.906832298136646,0.09316770186335403,0.09316770186335403,False,0.4712715855572998,67,3,79,12,0.4589041095890411,0.9571428571428572,0.8,0.13186813186813187,0.02659849693330652,0.05748514378163918,0.030886646848332658
nvidia,NVDA,technical_rates_dollar,depth3_conservative,validation,161,0.4409937888198758,0.5038461538461538,0.32390817469204924,0.28720969862213347,1.1272972534373613,0.9813664596273292,0.018633540372670808,0.018633540372670808,False,0.485243328100471,69,1,89,2,0.43670886075949367,0.9857142857142858,0.6666666666666666,0.02197802197802198,0.029129154982799294,0.04775040723501706,0.01862125225221777
nvidia,NVDA,technical_rates_dollar,baseline_depth3_unweighted,validation,161,0.5031055900621118,0.5472527472527472,0.4649385177799933,0.4462987848050053,1.311048509059171,0.8322981366459627,0.16770186335403728,0.16770186335403728,True,0.45463108320251183,62,8,72,19,0.4626865671641791,0.8857142857142857,0.7037037037037037,0.2087912087912088,0.02741341823782247,0.039713320930338136,0.012299902692515668
nvidia,NVDA,technical_rates_dollar,depth2_fast_unweighted,validation,161,0.4906832298136646,0.5445054945054946,0.4233927323549965,0.3976999969616869,1.419320514089604,0.906832298136646,0.09316770186335403,0.09316770186335403,False,0.4712715855572998,67,3,79,12,0.4589041095890411,0.9571428571428572,0.8,0.13186813186813187,0.02659849693330652,0.05748514378163918,0.030886646848332658
nvidia,NVDA,technical_rates_dollar,depth3_regularized_unweighted,validation,161,0.42857142857142855,0.4912087912087912,0.30888391190742814,0.2713699141470698,1.1728848340217262,0.9813664596273292,0.018633540372670808,0.018633540372670808,False,0.44583987441130296,68,2,90,1,0.43037974683544306,0.9714285714285714,0.3333333333333333,0.01098901098901099,0.030969639061351414,-0.04918175423539443,-0.08015139329674584
nvidia,NVDA,technical_rates_dollar,depth4_slow_unweighted,validation,161,0.42857142857142855,0.4928571428571429,0.3,0.2608695652173913,1.2438209316850384,0.9937888198757764,0.006211180124223602,0.006211180124223602,False,0.45353218210361074,69,1,91,0,0.43125,0.9857142857142858,0.0,0.0,0.03007303839729389,-0.0660284345796822,-0.09610147297697609
nvidia,NVDA,technical_rates_dollar,baseline_depth3,test,186,0.43548387096774194,0.5032051282051282,0.36232735821334117,0.32749092356838844,1.0402288471479129,0.9193548387096774,0.08064516129032258,0.08064516129032258,False,0.5339506172839507,72,6,99,9,0.42105263157894735,0.9230769230769231,0.6,0.08333333333333333,0.02634844686762325,0.04449381657058183,0.01814536970295858
nvidia,NVDA,technical_rates_dollar,baseline_depth3,recent_regime,193,0.48186528497409326,0.4878625134264232,0.39536340852130325,0.3918085368862571,0.8109998636600857,0.8860103626943006,0.11398963730569948,0.11398963730569948,True,0.5060150375939849,83,12,88,10,0.4853801169590643,0.8736842105263158,0.45454545454545453,0.10204081632653061,0.009772370360149012,-0.008487922244026218,-0.018260292604175228
nvidia,NVDA,technical_rates_semi_etf,baseline_depth3,validation,161,0.4968944099378882,0.5434065934065935,0.4521739130434783,0.431758034026465,1.2623363914901948,0.8509316770186336,0.14906832298136646,0.14906832298136646,True,0.49450549450549447,63,7,74,17,0.45985401459854014,0.9,0.7083333333333334,0.18681318681318682,0.028204672004512793,0.03673406851537865,0.008529396510865858
nvidia,NVDA,technical_rates_semi_etf,shallow_regularized,validation,161,0.453416149068323,0.5148351648351649,0.346976401179941,0.31258817493907914,1.0581008497691369,0.968944099378882,0.031055900621118012,0.031055900621118012,False,0.5004709576138149,69,1,87,4,0.4423076923076923,0.9857142857142858,0.8,0.04395604395604396,0.02803586506556641,0.0744125517517961,0.0463766866862297
nvidia,NVDA,technical_rates_semi_etf,depth3_regularized,validation,161,0.43478260869565216,0.49835164835164836,0.31206273184016525,0.2741639463406767,1.090927634573929,0.9875776397515528,0.012422360248447204,0.012422360248447204,False,0.4609105180533752,69,1,90,1,0.4339622641509434,0.9857142857142858,0.5,0.01098901098901099,0.03002452534482789,-0.0141209104201473,-0.04414543576497519
nvidia,NVDA,technical_rates_semi_etf,depth4_slow,validation,161,0.40372670807453415,0.4593406593406593,0.31122994652406416,0.2783073703789816,1.1624503075369244,0.9316770186335404,0.06832298136645963,0.06832298136645963,False,0.4370486656200942,62,8,88,3,0.41333333333333333,0.8857142857142857,0.2727272727272727,0.03296703296703297,0.03364479122280459,-0.027369179493940746,-0.06101397071674533
nvidia,NVDA,technical_rates_semi_etf,depth2_fast,validation,161,0.4782608695652174,0.5269230769230769,0.425,0.40217391304347827,1.304476373226963,0.8695652173913043,0.13043478260869565,0.13043478260869565,True,0.48838304552590267,63,7,77,14,0.45,0.9,0.6666666666666666,0.15384615384615385,0.027607199543035386,0.041935703474399316,0.01432850393136393
nvidia,NVDA,technical_rates_semi_etf,depth3_conservative,validation,161,0.43478260869565216,0.49835164835164836,0.31206273184016525,0.2741639463406767,1.1104377524845677,0.9875776397515528,0.012422360248447204,0.012422360248447204,False,0.4811616954474097,69,1,90,1,0.4339622641509434,0.9857142857142858,0.5,0.01098901098901099,0.02922565539781952,0.049389250367018245,0.020163594969198725
nvidia,NVDA,technical_rates_semi_etf,baseline_depth3_unweighted,validation,161,0.4968944099378882,0.5434065934065935,0.4521739130434783,0.431758034026465,1.2623363914901948,0.8509316770186336,0.14906832298136646,0.14906832298136646,True,0.49450549450549447,63,7,74,17,0.45985401459854014,0.9,0.7083333333333334,0.18681318681318682,0.028204672004512793,0.03673406851537865,0.008529396510865858
nvidia,NVDA,technical_rates_semi_etf,depth2_fast_unweighted,validation,161,0.4782608695652174,0.5269230769230769,0.425,0.40217391304347827,1.304476373226963,0.8695652173913043,0.13043478260869565,0.13043478260869565,True,0.48838304552590267,63,7,77,14,0.45,0.9,0.6666666666666666,0.15384615384615385,0.027607199543035386,0.041935703474399316,0.01432850393136393
nvidia,NVDA,technical_rates_semi_etf,depth3_regularized_unweighted,validation,161,0.43478260869565216,0.49835164835164836,0.31206273184016525,0.2741639463406767,1.090927634573929,0.9875776397515528,0.012422360248447204,0.012422360248447204,False,0.4609105180533752,69,1,90,1,0.4339622641509434,0.9857142857142858,0.5,0.01098901098901099,0.03002452534482789,-0.0141209104201473,-0.04414543576497519
nvidia,NVDA,technical_rates_semi_etf,depth4_slow_unweighted,validation,161,0.40372670807453415,0.4593406593406593,0.31122994652406416,0.2783073703789816,1.1624503075369244,0.9316770186335404,0.06832298136645963,0.06832298136645963,False,0.4370486656200942,62,8,88,3,0.41333333333333333,0.8857142857142857,0.2727272727272727,0.03296703296703297,0.03364479122280459,-0.027369179493940746,-0.06101397071674533
nvidia,NVDA,technical_rates_semi_etf,baseline_depth3,test,186,0.41935483870967744,0.4964387464387464,0.3101648351648352,0.2658986175115207,1.1113365212735002,0.978494623655914,0.021505376344086023,0.021505376344086023,False,0.5489078822412157,76,2,106,2,0.4175824175824176,0.9743589743589743,0.5,0.018518518518518517,0.02716633115775308,0.057179848052810574,0.030013516895057494
nvidia,NVDA,technical_rates_semi_etf,baseline_depth3,recent_regime,193,0.5129533678756477,0.5200859291084855,0.3887466307277628,0.3844636397916288,0.8285078070289609,0.9585492227979274,0.04145077720207254,0.04145077720207254,False,0.5472610096670247,93,2,92,6,0.5027027027027027,0.9789473684210527,0.75,0.061224489795918366,0.005143212524789289,0.06660584064136071,0.061462628116571424
nvidia,NVDA,technical_dollar_semi_etf,baseline_depth3,validation,161,0.40372670807453415,0.4576923076923077,0.3182780522230063,0.28679696848823294,0.9983261166108459,0.9192546583850931,0.08074534161490683,0.08074534161490683,False,0.5599686028257458,61,9,87,4,0.41216216216216217,0.8714285714285714,0.3076923076923077,0.04395604395604396,0.03332065280929409,-0.014292223599091202,-0.04761287640838529
nvidia,NVDA,technical_dollar_semi_etf,shallow_regularized,validation,161,0.4161490683229814,0.4752747252747253,0.3105867346938776,0.27539929015084297,0.9115008878749049,0.9565217391304348,0.043478260869565216,0.043478260869565216,False,0.5905808477237049,65,5,89,2,0.42207792207792205,0.9285714285714286,0.2857142857142857,0.02197802197802198,0.030967335162218085,-0.0033302722848921767,-0.03429760744711026
nvidia,NVDA,technical_dollar_semi_etf,depth3_regularized,validation,161,0.40993788819875776,0.4664835164835165,0.31477084360019714,0.2814623779907009,0.9578788264528755,0.937888198757764,0.062111801242236024,0.062111801242236024,False,0.5400313971742543,63,7,88,3,0.41721854304635764,0.9,0.3,0.03296703296703297,0.03221037761495364,-0.01181093108706598,-0.04402130870201962
nvidia,NVDA,technical_dollar_semi_etf,depth4_slow,validation,161,0.4472049689440994,0.49615384615384617,0.3881986251654498,0.363415960778417,0.981597183981039,0.8757763975155279,0.12422360248447205,0.12422360248447205,True,0.5464678178963893,61,9,80,11,0.4326241134751773,0.8714285714285714,0.55,0.12087912087912088,0.028043774294648847,0.03957427667209263,0.011530502377443783
nvidia,NVDA,technical_dollar_semi_etf,depth2_fast,validation,161,0.40993788819875776,0.4565934065934066,0.35237329042638776,0.32718877890097586,0.8951143825582045,0.8633540372670807,0.13664596273291926,0.13664596273291926,True,0.5770800627943484,57,13,82,9,0.41007194244604317,0.8142857142857143,0.4090909090909091,0.0989010989010989,0.03397927015587392,0.0010245071509484172,-0.0329547630049255
nvidia,NVDA,technical_dollar_semi_etf,depth3_conservative,validation,161,0.40372670807453415,0.44945054945054946,0.3481781376518218,0.3233585636331632,0.9062499834224926,0.8571428571428571,0.14285714285714285,0.14285714285714285,True,0.494662480376766,56,14,82,9,0.4057971014492754,0.8,0.391304347826087,0.0989010989010989,0.03700578522362343,-0.01570176747272582,-0.05270755269634925
nvidia,NVDA,technical_dollar_semi_etf,baseline_depth3_unweighted,validation,161,0.40372670807453415,0.4576923076923077,0.3182780522230063,0.28679696848823294,0.9983261166108459,0.9192546583850931,0.08074534161490683,0.08074534161490683,False,0.5599686028257458,61,9,87,4,0.41216216216216217,0.8714285714285714,0.3076923076923077,0.04395604395604396,0.03332065280929409,-0.014292223599091202,-0.04761287640838529
nvidia,NVDA,technical_dollar_semi_etf,depth2_fast_unweighted,validation,161,0.40993788819875776,0.4565934065934066,0.35237329042638776,0.32718877890097586,0.8951143825582045,0.8633540372670807,0.13664596273291926,0.13664596273291926,True,0.5770800627943484,57,13,82,9,0.41007194244604317,0.8142857142857143,0.4090909090909091,0.0989010989010989,0.03397927015587392,0.0010245071509484172,-0.0329547630049255
nvidia,NVDA,technical_dollar_semi_etf,depth3_regularized_unweighted,validation,161,0.40993788819875776,0.4664835164835165,0.31477084360019714,0.2814623779907009,0.9578788264528755,0.937888198757764,0.062111801242236024,0.062111801242236024,False,0.5400313971742543,63,7,88,3,0.41721854304635764,0.9,0.3,0.03296703296703297,0.03221037761495364,-0.01181093108706598,-0.04402130870201962
nvidia,NVDA,technical_dollar_semi_etf,depth4_slow_unweighted,validation,161,0.4472049689440994,0.49615384615384617,0.3881986251654498,0.363415960778417,0.981597183981039,0.8757763975155279,0.12422360248447205,0.12422360248447205,True,0.5464678178963893,61,9,80,11,0.4326241134751773,0.8714285714285714,0.55,0.12087912087912088,0.028043774294648847,0.03957427667209263,0.011530502377443783
nvidia,NVDA,technical_dollar_semi_etf,depth4_slow,test,186,0.41935483870967744,0.4964387464387464,0.3101648351648352,0.2658986175115207,1.0710701218353451,0.978494623655914,0.021505376344086023,0.021505376344086023,False,0.5655270655270654,76,2,106,2,0.4175824175824176,0.9743589743589743,0.5,0.018518518518518517,0.02739523687571754,0.04676463788542782,0.01936940100971028
nvidia,NVDA,technical_dollar_semi_etf,depth4_slow,recent_regime,193,0.5284974093264249,0.5355531686358754,0.4116839178642013,0.40760902862714693,0.9412296290272013,0.9533678756476683,0.046632124352331605,0.046632124352331605,False,0.4677765843179377,94,1,90,8,0.5108695652173914,0.9894736842105263,0.8888888888888888,0.08163265306122448,0.0040296764793880165,0.08254228555661212,0.07851260907722411
nvidia,NVDA,technical_alpha_semi_etf,baseline_depth3,validation,161,0.4720496894409938,0.5164835164835164,0.42943506358140504,0.4090962648756923,0.8918129385502548,0.8385093167701864,0.16149068322981366,0.16149068322981366,True,0.6175824175824176,60,10,75,16,0.4444444444444444,0.8571428571428571,0.6153846153846154,0.17582417582417584,0.026053862332754373,0.047245626694826896,0.021191764362072523
nvidia,NVDA,technical_alpha_semi_etf,shallow_regularized,validation,161,0.453416149068323,0.5082417582417582,0.3750882145377558,0.34623055444754686,0.8092497809818614,0.9192546583850931,0.08074534161490683,0.08074534161490683,False,0.6120879120879121,65,5,83,8,0.4391891891891892,0.9285714285714286,0.6153846153846154,0.08791208791208792,0.027169369430147607,0.05573777179426875,0.028568402364121146
nvidia,NVDA,technical_alpha_semi_etf,depth3_regularized,validation,161,0.4161490683229814,0.4703296703296703,0.33248059280169373,0.30165536497806145,0.9197435387634971,0.9192546583850931,0.08074534161490683,0.08074534161490683,False,0.5616954474097332,62,8,86,5,0.4189189189189189,0.8857142857142857,0.38461538461538464,0.054945054945054944,0.031963624023712126,0.001157027190611175,-0.03080659683310095
nvidia,NVDA,technical_alpha_semi_etf,depth4_slow,validation,161,0.453416149068323,0.5,0.4024966261808367,0.3797453499970662,0.9471188735261682,0.8571428571428571,0.14285714285714285,0.14285714285714285,True,0.5433281004709576,60,10,78,13,0.43478260869565216,0.8571428571428571,0.5652173913043478,0.14285714285714285,0.03058133496430091,0.022844934083209322,-0.0077364008810915895
nvidia,NVDA,technical_alpha_semi_etf,depth2_fast,validation,161,0.5652173913043478,0.5824175824175825,0.5638544891640866,0.560674384170144,0.7553449508308284,0.6211180124223602,0.37888198757763975,0.37888198757763975,True,0.5941915227629512,50,20,50,41,0.5,0.7142857142857143,0.6721311475409836,0.45054945054945056,0.022701129206053727,0.04058270144888471,0.017881572242830986
nvidia,NVDA,technical_alpha_semi_etf,depth3_conservative,validation,161,0.422360248447205,0.47087912087912087,0.3607019341616498,0.33480544216171665,0.9189017146515054,0.8757763975155279,0.12422360248447205,0.12422360248447205,True,0.5075353218210361,59,11,82,9,0.41843971631205673,0.8428571428571429,0.45,0.0989010989010989,0.03355429587598967,0.0007250995236398473,-0.03282919635234982
nvidia,NVDA,technical_alpha_semi_etf,baseline_depth3_unweighted,validation,161,0.4720496894409938,0.5164835164835164,0.42943506358140504,0.4090962648756923,0.8918129385502548,0.8385093167701864,0.16149068322981366,0.16149068322981366,True,0.6175824175824176,60,10,75,16,0.4444444444444444,0.8571428571428571,0.6153846153846154,0.17582417582417584,0.026053862332754373,0.047245626694826896,0.021191764362072523
nvidia,NVDA,technical_alpha_semi_etf,depth2_fast_unweighted,validation,161,0.5652173913043478,0.5824175824175825,0.5638544891640866,0.560674384170144,0.7553449508308284,0.6211180124223602,0.37888198757763975,0.37888198757763975,True,0.5941915227629512,50,20,50,41,0.5,0.7142857142857143,0.6721311475409836,0.45054945054945056,0.022701129206053727,0.04058270144888471,0.017881572242830986
nvidia,NVDA,technical_alpha_semi_etf,depth3_regularized_unweighted,validation,161,0.4161490683229814,0.4703296703296703,0.33248059280169373,0.30165536497806145,0.9197435387634971,0.9192546583850931,0.08074534161490683,0.08074534161490683,False,0.5616954474097332,62,8,86,5,0.4189189189189189,0.8857142857142857,0.38461538461538464,0.054945054945054944,0.031963624023712126,0.001157027190611175,-0.03080659683310095
nvidia,NVDA,technical_alpha_semi_etf,depth4_slow_unweighted,validation,161,0.453416149068323,0.5,0.4024966261808367,0.3797453499970662,0.9471188735261682,0.8571428571428571,0.14285714285714285,0.14285714285714285,True,0.5433281004709576,60,10,78,13,0.43478260869565216,0.8571428571428571,0.5652173913043478,0.14285714285714285,0.03058133496430091,0.022844934083209322,-0.0077364008810915895
nvidia,NVDA,technical_alpha_semi_etf,depth2_fast,test,186,0.42473118279569894,0.5046296296296297,0.3057522586946663,0.25939683372023803,1.0504836753293252,0.9946236559139785,0.005376344086021506,0.005376344086021506,False,0.5711063627730294,78,0,107,1,0.42162162162162165,1.0,1.0,0.009259259259259259,0.02691448179319241,0.1938125311817067,0.16689804938851427
nvidia,NVDA,technical_alpha_semi_etf,depth2_fast,recent_regime,193,0.5025906735751295,0.5098818474758324,0.3682487725040916,0.36372039381630383,0.9243713777682098,0.9689119170984456,0.031088082901554404,0.031088082901554404,False,0.4817400644468314,93,2,94,4,0.49732620320855614,0.9789473684210527,0.6666666666666666,0.04081632653061224,0.005990883670124544,0.06067429931726903,0.05468341564714449
nvidia,NVDA,technical_alpha_rates,baseline_depth3,validation,161,0.453416149068323,0.5032967032967033,0.39245283018867927,0.36735028712059065,1.2643994155996743,0.8819875776397516,0.11801242236024845,0.11801242236024845,True,0.4530612244897959,62,8,80,11,0.43661971830985913,0.8857142857142857,0.5789473684210527,0.12087912087912088,0.029773777516980182,0.027251647451376555,-0.0025221300656036276
nvidia,NVDA,technical_alpha_rates,shallow_regularized,validation,161,0.453416149068323,0.5131868131868131,0.35459183673469385,0.3216503992901508,1.027267427172806,0.9565217391304348,0.043478260869565216,0.043478260869565216,False,0.5117739403453689,68,2,86,5,0.44155844155844154,0.9714285714285714,0.7142857142857143,0.054945054945054944,0.028490903829713584,0.051151217030206926,0.022660313200493342
nvidia,NVDA,technical_alpha_rates,depth3_regularized,validation,161,0.453416149068323,0.5164835164835165,0.3389324374766704,0.3030494830971972,1.123208854875344,0.9813664596273292,0.018633540372670808,0.018633540372670808,False,0.46781789638932497,70,0,88,3,0.4430379746835443,1.0,1.0,0.03296703296703297,0.028694290165627936,0.07065328760604196,0.04195899744041402
nvidia,NVDA,technical_alpha_rates,depth4_slow,validation,161,0.42857142857142855,0.4796703296703297,0.35912080304603666,0.3316026306680512,1.1459787938848265,0.8944099378881988,0.10559006211180125,0.10559006211180125,True,0.45164835164835165,61,9,83,8,0.4236111111111111,0.8714285714285714,0.47058823529411764,0.08791208791208792,0.03283146963217264,0.001054475409087042,-0.0317769942230856
nvidia,NVDA,technical_alpha_rates,depth2_fast,validation,161,0.484472049689441,0.5340659340659341,0.42944366167114983,0.4063317387034675,1.3113716409697704,0.8757763975155279,0.12422360248447205,0.12422360248447205,True,0.4665620094191522,64,6,77,14,0.45390070921985815,0.9142857142857143,0.7,0.15384615384615385,0.026926340685249975,0.04745218361835468,0.020525842933104707
nvidia,NVDA,technical_alpha_rates,depth3_conservative,validation,161,0.43478260869565216,0.49835164835164836,0.31206273184016525,0.2741639463406767,1.0603744202890004,0.9875776397515528,0.012422360248447204,0.012422360248447204,False,0.5125588697017269,69,1,90,1,0.4339622641509434,0.9857142857142858,0.5,0.01098901098901099,0.02922565539781952,0.049389250367018245,0.020163594969198725
nvidia,NVDA,technical_alpha_rates,baseline_depth3_unweighted,validation,161,0.453416149068323,0.5032967032967033,0.39245283018867927,0.36735028712059065,1.2643994155996743,0.8819875776397516,0.11801242236024845,0.11801242236024845,True,0.4530612244897959,62,8,80,11,0.43661971830985913,0.8857142857142857,0.5789473684210527,0.12087912087912088,0.029773777516980182,0.027251647451376555,-0.0025221300656036276
nvidia,NVDA,technical_alpha_rates,depth2_fast_unweighted,validation,161,0.484472049689441,0.5340659340659341,0.42944366167114983,0.4063317387034675,1.3113716409697704,0.8757763975155279,0.12422360248447205,0.12422360248447205,True,0.4665620094191522,64,6,77,14,0.45390070921985815,0.9142857142857143,0.7,0.15384615384615385,0.026926340685249975,0.04745218361835468,0.020525842933104707
nvidia,NVDA,technical_alpha_rates,depth3_regularized_unweighted,validation,161,0.453416149068323,0.5164835164835165,0.3389324374766704,0.3030494830971972,1.123208854875344,0.9813664596273292,0.018633540372670808,0.018633540372670808,False,0.46781789638932497,70,0,88,3,0.4430379746835443,1.0,1.0,0.03296703296703297,0.028694290165627936,0.07065328760604196,0.04195899744041402
nvidia,NVDA,technical_alpha_rates,depth4_slow_unweighted,validation,161,0.42857142857142855,0.4796703296703297,0.35912080304603666,0.3316026306680512,1.1459787938848265,0.8944099378881988,0.10559006211180125,0.10559006211180125,True,0.45164835164835165,61,9,83,8,0.4236111111111111,0.8714285714285714,0.47058823529411764,0.08791208791208792,0.03283146963217264,0.001054475409087042,-0.0317769942230856
nvidia,NVDA,technical_alpha_rates,depth2_fast,test,186,0.42473118279569894,0.5046296296296297,0.3057522586946663,0.25939683372023803,1.16518471702967,0.9946236559139785,0.005376344086021506,0.005376344086021506,False,0.5244539411206078,78,0,107,1,0.42162162162162165,1.0,1.0,0.009259259259259259,0.027143857600241267,0.1513780068776691,0.12423414927742785
nvidia,NVDA,technical_alpha_rates,depth2_fast,recent_regime,193,0.5284974093264249,0.5355531686358754,0.4116839178642013,0.40760902862714693,0.8382921377769313,0.9533678756476683,0.046632124352331605,0.046632124352331605,False,0.5204081632653061,94,1,90,8,0.5108695652173914,0.9894736842105263,0.8888888888888888,0.08163265306122448,0.0042511935743573875,0.07801349161501608,0.0737622980406587
nvidia,NVDA,technical_daily_extended,baseline_depth3,validation,161,0.4782608695652174,0.5351648351648352,0.39732620320855616,0.3685189490816089,1.3484570725554723,0.9316770186335404,0.06832298136645963,0.06832298136645963,False,0.48273155416012553,68,2,82,9,0.4533333333333333,0.9714285714285714,0.8181818181818182,0.0989010989010989,0.026163464614813944,0.0746489106150226,0.048485446000208654
nvidia,NVDA,technical_daily_extended,shallow_regularized,validation,161,0.453416149068323,0.5164835164835165,0.3389324374766704,0.3030494830971972,1.1102063371889919,0.9813664596273292,0.018633540372670808,0.018633540372670808,False,0.4861852433281005,70,0,88,3,0.4430379746835443,1.0,1.0,0.03296703296703297,0.028196574354441853,0.09686632032850913,0.06866974597406728
nvidia,NVDA,technical_daily_extended,depth3_regularized,validation,161,0.43478260869565216,0.5,0.30303030303030304,0.26350461133069825,1.221624334677176,1.0,0.0,0.0,False,0.4453689167974882,70,0,91,0,0.43478260869565216,1.0,0.0,0.0,0.029476134838430687,,
nvidia,NVDA,technical_daily_extended,depth4_slow,validation,161,0.4161490683229814,0.4752747252747253,0.3105867346938776,0.27539929015084297,1.28682574536328,0.9565217391304348,0.043478260869565216,0.043478260869565216,False,0.44034536891679754,65,5,89,2,0.42207792207792205,0.9285714285714286,0.2857142857142857,0.02197802197802198,0.0323472759018975,-0.033688968557839254,-0.06603624445973676
nvidia,NVDA,technical_daily_extended,depth2_fast,validation,161,0.4968944099378882,0.554945054945055,0.4157519824380628,0.387352132813124,1.3058660105050786,0.937888198757764,0.062111801242236024,0.062111801242236024,False,0.47708006279434856,70,0,81,10,0.46357615894039733,1.0,1.0,0.10989010989010989,0.025543341307234086,0.08886131715949935,0.06331797585226527
nvidia,NVDA,technical_daily_extended,depth3_conservative,validation,161,0.43478260869565216,0.49835164835164836,0.31206273184016525,0.2741639463406767,1.1371166032585314,0.9875776397515528,0.012422360248447204,0.012422360248447204,False,0.501883830455259,69,1,90,1,0.4339622641509434,0.9857142857142858,0.5,0.01098901098901099,0.02922565539781952,0.049389250367018245,0.020163594969198725
nvidia,NVDA,technical_daily_extended,baseline_depth3_unweighted,validation,161,0.4782608695652174,0.5351648351648352,0.39732620320855616,0.3685189490816089,1.3484570725554723,0.9316770186335404,0.06832298136645963,0.06832298136645963,False,0.48273155416012553,68,2,82,9,0.4533333333333333,0.9714285714285714,0.8181818181818182,0.0989010989010989,0.026163464614813944,0.0746489106150226,0.048485446000208654
nvidia,NVDA,technical_daily_extended,depth2_fast_unweighted,validation,161,0.4968944099378882,0.554945054945055,0.4157519824380628,0.387352132813124,1.3058660105050786,0.937888198757764,0.062111801242236024,0.062111801242236024,False,0.47708006279434856,70,0,81,10,0.46357615894039733,1.0,1.0,0.10989010989010989,0.025543341307234086,0.08886131715949935,0.06331797585226527
nvidia,NVDA,technical_daily_extended,depth3_regularized_unweighted,validation,161,0.43478260869565216,0.5,0.30303030303030304,0.26350461133069825,1.221624334677176,1.0,0.0,0.0,False,0.4453689167974882,70,0,91,0,0.43478260869565216,1.0,0.0,0.0,0.029476134838430687,,
nvidia,NVDA,technical_daily_extended,depth4_slow_unweighted,validation,161,0.4161490683229814,0.4752747252747253,0.3105867346938776,0.27539929015084297,1.28682574536328,0.9565217391304348,0.043478260869565216,0.043478260869565216,False,0.44034536891679754,65,5,89,2,0.42207792207792205,0.9285714285714286,0.2857142857142857,0.02197802197802198,0.0323472759018975,-0.033688968557839254,-0.06603624445973676
nvidia,NVDA,technical_daily_extended,depth2_fast,test,186,0.42473118279569894,0.5046296296296297,0.3057522586946663,0.25939683372023803,1.4167739550772254,0.9946236559139785,0.005376344086021506,0.005376344086021506,False,0.4610636277302944,78,0,107,1,0.42162162162162165,1.0,1.0,0.009259259259259259,0.02691448179319241,0.1938125311817067,0.16689804938851427
nvidia,NVDA,technical_daily_extended,depth2_fast,recent_regime,193,0.49740932642487046,0.504779806659506,0.3577481217194415,0.35309274822926057,0.9633297429508788,0.9740932642487047,0.025906735751295335,0.025906735751295335,False,0.49581095596133185,93,2,95,3,0.4946808510638298,0.9789473684210527,0.6,0.030612244897959183,0.006660367586761162,0.046438387181161125,0.039778019594399965
nvidia,NVDA,technical_all_guarded,baseline_depth3,validation,161,0.4906832298136646,0.5461538461538461,0.41769583627381796,0.3908057439170323,1.18562043613014,0.9192546583850931,0.08074534161490683,0.08074534161490683,False,0.5040816326530613,68,2,80,11,0.4594594594594595,0.9714285714285714,0.8461538461538461,0.12087912087912088,0.026371475272009684,0.06482148990230051,0.038450014630290824
nvidia,NVDA,technical_all_guarded,shallow_regularized,validation,161,0.4720496894409938,0.5296703296703297,0.38690022848438693,0.3570979171495745,0.9581710937959725,0.937888198757764,0.062111801242236024,0.062111801242236024,False,0.5010989010989011,68,2,83,8,0.4503311258278146,0.9714285714285714,0.8,0.08791208791208792,0.027212780151212992,0.06365279061541783,0.036440010464204836
nvidia,NVDA,technical_all_guarded,depth3_regularized,validation,161,0.4161490683229814,0.4785714285714286,0.29385964912280704,0.2555301296720061,1.1068219247795417,0.9813664596273292,0.018633540372670808,0.018633540372670808,False,0.4788069073783359,67,3,91,0,0.4240506329113924,0.9571428571428572,0.0,0.0,0.03156054104487177,-0.0803025920341333,-0.11186313307900507
nvidia,NVDA,technical_all_guarded,depth4_slow,validation,161,0.42857142857142855,0.4879120879120879,0.3252551020408163,0.29081632653061223,1.195274896673629,0.9565217391304348,0.043478260869565216,0.043478260869565216,False,0.49654631083202516,66,4,88,3,0.42857142857142855,0.9428571428571428,0.42857142857142855,0.03296703296703297,0.031158518942372315,-0.0075363154482851425,-0.038694834390657455
nvidia,NVDA,technical_all_guarded,depth2_fast,validation,161,0.4782608695652174,0.5285714285714286,0.42006861063464834,0.3961070922514729,1.1833605846388815,0.8819875776397516,0.11801242236024845,0.11801242236024845,True,0.4915227629513344,64,6,78,13,0.4507042253521127,0.9142857142857143,0.6842105263157895,0.14285714285714285,0.027981406041058133,0.040647265850372906,0.012665859809314773
nvidia,NVDA,technical_all_guarded,depth3_conservative,validation,161,0.43478260869565216,0.4934065934065934,0.3363681659645785,0.30303424181373106,1.0132453138958912,0.9503105590062112,0.049689440993788817,0.049689440993788817,False,0.5395604395604395,66,4,87,4,0.43137254901960786,0.9428571428571428,0.5,0.04395604395604396,0.030587591474721593,0.00821952666936701,-0.02236806480535458
nvidia,NVDA,technical_all_guarded,baseline_depth3_unweighted,validation,161,0.4906832298136646,0.5461538461538461,0.41769583627381796,0.3908057439170323,1.18562043613014,0.9192546583850931,0.08074534161490683,0.08074534161490683,False,0.5040816326530613,68,2,80,11,0.4594594594594595,0.9714285714285714,0.8461538461538461,0.12087912087912088,0.026371475272009684,0.06482148990230051,0.038450014630290824
nvidia,NVDA,technical_all_guarded,depth2_fast_unweighted,validation,161,0.4782608695652174,0.5285714285714286,0.42006861063464834,0.3961070922514729,1.1833605846388815,0.8819875776397516,0.11801242236024845,0.11801242236024845,True,0.4915227629513344,64,6,78,13,0.4507042253521127,0.9142857142857143,0.6842105263157895,0.14285714285714285,0.027981406041058133,0.040647265850372906,0.012665859809314773
nvidia,NVDA,technical_all_guarded,depth3_regularized_unweighted,validation,161,0.4161490683229814,0.4785714285714286,0.29385964912280704,0.2555301296720061,1.1068219247795417,0.9813664596273292,0.018633540372670808,0.018633540372670808,False,0.4788069073783359,67,3,91,0,0.4240506329113924,0.9571428571428572,0.0,0.0,0.03156054104487177,-0.0803025920341333,-0.11186313307900507
nvidia,NVDA,technical_all_guarded,depth4_slow_unweighted,validation,161,0.42857142857142855,0.4879120879120879,0.3252551020408163,0.29081632653061223,1.195274896673629,0.9565217391304348,0.043478260869565216,0.043478260869565216,False,0.49654631083202516,66,4,88,3,0.42857142857142855,0.9428571428571428,0.42857142857142855,0.03296703296703297,0.031158518942372315,-0.0075363154482851425,-0.038694834390657455
nvidia,NVDA,technical_all_guarded,depth2_fast,test,186,0.43010752688172044,0.5092592592592593,0.3158917418459403,0.2708065635423429,1.5428247381452302,0.989247311827957,0.010752688172043012,0.010752688172043012,False,0.46949192782526117,78,0,106,2,0.42391304347826086,1.0,1.0,0.018518518518518517,0.026238049591646342,0.17259526902968791,0.14635721943804159
nvidia,NVDA,technical_all_guarded,depth2_fast,recent_regime,193,0.5025906735751295,0.5100429645542427,0.3603976801988401,0.35570999909852286,0.9979300476644967,0.9792746113989638,0.02072538860103627,0.02072538860103627,False,0.46863587540279267,94,1,95,3,0.4973544973544973,0.9894736842105263,0.75,0.030612244897959183,0.00631806732097773,0.0725565796380283,0.06623851231705058
samsung_electronics,005930,technical_only,baseline_depth3,validation,133,0.45112781954887216,0.4626984126984127,0.4293187562452242,0.4234470853557805,0.9397096938794443,0.7218045112781954,0.2781954887218045,0.2781954887218045,True,0.46077097505668935,43,20,53,17,0.4479166666666667,0.6825396825396826,0.4594594594594595,0.24285714285714285,0.007996965047648146,0.004112901920274032,-0.003884063127374114
samsung_electronics,005930,technical_only,shallow_regularized,validation,133,0.48120300751879697,0.4952380952380952,0.44932493249324934,0.44235160358141085,0.8230146566782084,0.7669172932330827,0.23308270676691728,0.23308270676691728,True,0.48820861678004535,48,15,54,16,0.47058823529411764,0.7619047619047619,0.5161290322580645,0.22857142857142856,0.005592269460270609,0.011273371957314803,0.0056811024970441935
samsung_electronics,005930,technical_only,depth3_regularized,validation,133,0.5037593984962406,0.5174603174603174,0.47525107604017214,0.46881371290493096,0.893332350760098,0.7593984962406015,0.24060150375939848,0.24060150375939848,True,0.4832199546485261,49,14,52,18,0.48514851485148514,0.7777777777777778,0.5625,0.2571428571428571,0.005079375807244943,0.01271465809664443,0.007635282289399487
samsung_electronics,005930,technical_only,depth4_slow,validation,133,0.47368421052631576,0.4865079365079365,0.4474121557454891,0.44107062528115154,0.9524971399415078,0.7443609022556391,0.2556390977443609,0.2556390977443609,True,0.4566893424036282,46,17,53,17,0.46464646464646464,0.7301587301587301,0.5,0.24285714285714285,0.006479818671665645,0.008187763739101829,0.001707945067436184
samsung_electronics,005930,technical_only,depth2_fast,validation,133,0.47368421052631576,0.48492063492063486,0.45440693858415376,0.4490093024403484,0.8894011243178369,0.7142857142857143,0.2857142857142857,0.2857142857142857,True,0.45351473922902497,44,19,51,19,0.4631578947368421,0.6984126984126984,0.5,0.2714285714285714,0.006165852744919704,0.00879289486465761,0.002627042119737906
samsung_electronics,005930,technical_only,depth3_conservative,validation,133,0.49624060150375937,0.5103174603174603,0.46528652865286535,0.4585153252167323,0.8587309550538007,0.7669172932330827,0.23308270676691728,0.23308270676691728,True,0.4832199546485261,49,14,53,17,0.4803921568627451,0.7777777777777778,0.5483870967741935,0.24285714285714285,0.005276273017936487,0.012313102186930304,0.007036829168993817
samsung_electronics,005930,technical_only,baseline_depth3_unweighted,validation,133,0.47368421052631576,0.48492063492063486,0.45440693858415376,0.4490093024403484,0.947346288685741,0.7142857142857143,0.2857142857142857,0.2857142857142857,True,0.43900226757369615,44,19,51,19,0.4631578947368421,0.6984126984126984,0.5,0.2714285714285714,0.006305547157307296,0.008443658833688628,0.002138111676381332
samsung_electronics,005930,technical_only,depth2_fast_unweighted,validation,133,0.44360902255639095,0.45555555555555555,0.4196933962264151,0.4134930486593843,0.880179409475003,0.7293233082706767,0.2706766917293233,0.2706766917293233,True,0.4519274376417234,43,20,54,16,0.44329896907216493,0.6825396825396826,0.4444444444444444,0.22857142857142856,0.007157270982583906,0.006267520286492286,-0.00088975069609162
samsung_electronics,005930,technical_only,depth3_regularized_unweighted,validation,133,0.47368421052631576,0.4873015873015873,0.4434481109516977,0.43662060459613883,0.8992575328982483,0.7593984962406015,0.24060150375939848,0.24060150375939848,True,0.46825396825396826,47,16,54,16,0.46534653465346537,0.746031746031746,0.5,0.22857142857142856,0.006013178797588686,0.009767342408371994,0.003754163610783308
samsung_electronics,005930,technical_only,depth4_slow_unweighted,validation,133,0.46616541353383456,0.4793650793650793,0.4375483947822979,0.4308710904069393,0.9401277555956766,0.7518796992481203,0.24812030075187969,0.24812030075187969,True,0.46145124716553293,46,17,54,16,0.46,0.7301587301587301,0.48484848484848486,0.22857142857142856,0.006802878330163229,0.00726055098812237,0.0004576726579591404
samsung_electronics,005930,technical_only,depth3_regularized,test,176,0.4715909090909091,0.4907894736842105,0.46869218034862203,0.4633406811320922,0.9207221486936642,0.35795454545454547,0.6420454545454546,0.35795454545454547,True,0.48815789473684207,35,65,28,48,0.5555555555555556,0.35,0.4247787610619469,0.631578947368421,-0.005492239900922636,-0.007984678899703506,-0.00249243899878087
samsung_electronics,005930,technical_only,depth3_regularized,recent_regime,251,0.5099601593625498,0.5257518796992481,0.4958440158727566,0.5291177826701261,0.8058813411461503,0.5298804780876494,0.4701195219123506,0.4701195219123506,True,0.5157894736842106,43,33,90,85,0.3233082706766917,0.5657894736842105,0.7203389830508474,0.4857142857142857,0.026358172343956314,0.0454478553454118,0.019089683001455485
samsung_electronics,005930,technical_core,baseline_depth3,validation,133,0.5112781954887218,0.5357142857142857,0.39650959860383944,0.3826582162211813,1.4144244380432949,0.9624060150375939,0.03759398496240601,0.03759398496240601,False,0.5621315192743764,63,0,65,5,0.4921875,1.0,1.0,0.07142857142857142,0.00446270987111794,0.06973183042425293,0.065269120553135
samsung_electronics,005930,technical_core,shallow_regularized,validation,133,0.5112781954887218,0.5341269841269841,0.4148108034928586,0.40230577119709854,1.1636076367539308,0.9323308270676691,0.06766917293233082,0.06766917293233082,False,0.5530612244897959,61,2,63,7,0.49193548387096775,0.9682539682539683,0.7777777777777778,0.1,0.004522779196276759,0.03989571058733812,0.03537293139106136
samsung_electronics,005930,technical_core,depth3_regularized,validation,133,0.48872180451127817,0.5134920634920634,0.3634572072072072,0.34859530583214793,1.264862003371571,0.9699248120300752,0.03007518796992481,0.03007518796992481,False,0.5646258503401361,62,1,67,3,0.4806201550387597,0.9841269841269841,0.75,0.04285714285714286,0.0058609704230936765,0.04095520776131922,0.035094237338225545
samsung_electronics,005930,technical_core,depth4_slow,validation,133,0.49624060150375937,0.5206349206349206,0.3779406631762653,0.3636630844126022,1.2750558748512595,0.9624060150375939,0.03759398496240601,0.03759398496240601,False,0.5693877551020409,62,1,66,4,0.484375,0.9841269841269841,0.8,0.05714285714285714,0.005174777272542114,0.0515029049477941,0.04632812767525199
samsung_electronics,005930,technical_core,depth2_fast,validation,133,0.49624060150375937,0.5206349206349206,0.3779406631762653,0.3636630844126022,1.4694965135730964,0.9624060150375939,0.03759398496240601,0.03759398496240601,False,0.5619047619047618,62,1,66,4,0.484375,0.9841269841269841,0.8,0.05714285714285714,0.004880718810935799,0.05903080156491578,0.054150082753979985
samsung_electronics,005930,technical_core,depth3_conservative,validation,133,0.518796992481203,0.5412698412698412,0.42795698924731185,0.4159592529711375,1.0970929982575315,0.924812030075188,0.07518796992481203,0.07518796992481203,False,0.5836734693877552,61,2,62,8,0.4959349593495935,0.9682539682539683,0.8,0.11428571428571428,0.004173037697006185,0.04066023788926004,0.036487200192253856
samsung_electronics,005930,technical_core,baseline_depth3_unweighted,validation,133,0.48120300751879697,0.5063492063492063,0.34864078359003475,0.3331751907983458,1.4536004097283706,0.9774436090225563,0.022556390977443608,0.022556390977443608,False,0.5532879818594104,62,1,68,2,0.47692307692307695,0.9841269841269841,0.6666666666666666,0.02857142857142857,0.006061247117957964,0.04397463009660857,0.03791338297865061
samsung_electronics,005930,technical_core,depth2_fast_unweighted,validation,133,0.49624060150375937,0.5198412698412699,0.38768638768638763,0.3741171109592162,1.4366069744983816,0.9473684210526315,0.05263157894736842,0.05263157894736842,False,0.544671201814059,61,2,65,5,0.48412698412698413,0.9682539682539683,0.7142857142857143,0.07142857142857142,0.0049254078380755245,0.04275494686097787,0.03782953902290234
samsung_electronics,005930,technical_core,depth3_regularized_unweighted,validation,133,0.48120300751879697,0.5055555555555555,0.3593717277486911,0.34466795260402316,1.265480816627442,0.9624060150375939,0.03759398496240601,0.03759398496240601,False,0.5714285714285714,61,2,67,3,0.4765625,0.9682539682539683,0.6,0.04285714285714286,0.005592013395334376,0.040821660204312174,0.0352296468089778
samsung_electronics,005930,technical_core,depth4_slow_unweighted,validation,133,0.48120300751879697,0.5063492063492063,0.34864078359003475,0.3331751907983458,1.3197025475574555,0.9774436090225563,0.022556390977443608,0.022556390977443608,False,0.5689342403628118,62,1,68,2,0.47692307692307695,0.9841269841269841,0.6666666666666666,0.02857142857142857,0.006041026748169315,0.04485084612078336,0.038809819372614046
samsung_electronics,005930,technical_core,depth3_conservative,test,176,0.4147727272727273,0.39815789473684216,0.3960353156754956,0.41054169884754593,0.9461754655292651,0.6079545454545454,0.39204545454545453,0.39204545454545453,True,0.3994736842105263,52,48,55,21,0.48598130841121495,0.52,0.30434782608695654,0.27631578947368424,0.0018594455370478985,-0.020974500027373152,-0.02283394556442105
samsung_electronics,005930,technical_core,depth3_conservative,recent_regime,251,0.3466135458167331,0.5016541353383459,0.3207260726072607,0.2684228104085309,1.044989539821208,0.8924302788844621,0.10756972111553785,0.10756972111553785,True,0.4818045112781954,68,8,156,19,0.30357142857142855,0.8947368421052632,0.7037037037037037,0.10857142857142857,0.03386628357984938,0.04749764187476004,0.013631358294910662
samsung_electronics,005930,technical_rates,baseline_depth3,validation,133,0.47368421052631576,0.5,0.32142857142857145,0.30451127819548873,2.036131340436889,1.0,0.0,0.0,False,0.6090702947845804,63,0,70,0,0.47368421052631576,1.0,0.0,0.0,0.006916436207701963,,
samsung_electronics,005930,technical_rates,shallow_regularized,validation,133,0.47368421052631576,0.5,0.32142857142857145,0.30451127819548873,1.4536085362398194,1.0,0.0,0.0,False,0.5678004535147393,63,0,70,0,0.47368421052631576,1.0,0.0,0.0,0.006916436207701963,,
samsung_electronics,005930,technical_rates,depth3_regularized,validation,133,0.47368421052631576,0.5,0.32142857142857145,0.30451127819548873,1.5191424893487186,1.0,0.0,0.0,False,0.6056689342403627,63,0,70,0,0.47368421052631576,1.0,0.0,0.0,0.006916436207701963,,
samsung_electronics,005930,technical_rates,depth4_slow,validation,133,0.47368421052631576,0.5,0.32142857142857145,0.30451127819548873,1.6309483343066997,1.0,0.0,0.0,False,0.5777777777777778,63,0,70,0,0.47368421052631576,1.0,0.0,0.0,0.006916436207701963,,
samsung_electronics,005930,technical_rates,depth2_fast,validation,133,0.47368421052631576,0.5,0.32142857142857145,0.30451127819548873,2.092231100195018,1.0,0.0,0.0,False,0.5743764172335601,63,0,70,0,0.47368421052631576,1.0,0.0,0.0,0.006916436207701963,,
samsung_electronics,005930,technical_rates,depth3_conservative,validation,133,0.47368421052631576,0.5,0.32142857142857145,0.30451127819548873,1.2957666131623424,1.0,0.0,0.0,False,0.5988662131519275,63,0,70,0,0.47368421052631576,1.0,0.0,0.0,0.006916436207701963,,
samsung_electronics,005930,technical_rates,baseline_depth3_unweighted,validation,133,0.47368421052631576,0.5,0.32142857142857145,0.30451127819548873,2.0250177766178687,1.0,0.0,0.0,False,0.5786848072562358,63,0,70,0,0.47368421052631576,1.0,0.0,0.0,0.006916436207701963,,
samsung_electronics,005930,technical_rates,depth2_fast_unweighted,validation,133,0.47368421052631576,0.5,0.32142857142857145,0.30451127819548873,2.16218084072689,1.0,0.0,0.0,False,0.5775510204081633,63,0,70,0,0.47368421052631576,1.0,0.0,0.0,0.006916436207701963,,
samsung_electronics,005930,technical_rates,depth3_regularized_unweighted,validation,133,0.47368421052631576,0.5,0.32142857142857145,0.30451127819548873,1.5647239092058656,1.0,0.0,0.0,False,0.611111111111111,63,0,70,0,0.47368421052631576,1.0,0.0,0.0,0.006916436207701963,,
samsung_electronics,005930,technical_rates,depth4_slow_unweighted,validation,133,0.47368421052631576,0.5,0.32142857142857145,0.30451127819548873,1.5964475883028684,1.0,0.0,0.0,False,0.582312925170068,63,0,70,0,0.47368421052631576,1.0,0.0,0.0,0.006916436207701963,,
samsung_electronics,005930,technical_rates,depth3_conservative,test,176,0.4772727272727273,0.4373684210526316,0.4032139171458057,0.4318818436465495,0.9644454116479757,0.7840909090909091,0.2159090909090909,0.2159090909090909,True,0.39697368421052626,73,27,65,11,0.5289855072463768,0.73,0.2894736842105263,0.14473684210526316,-0.0031451681450839902,-0.02142754277376399,-0.01828237462868
samsung_electronics,005930,technical_rates,depth3_conservative,recent_regime,251,0.3107569721115538,0.5057142857142857,0.24514558887440244,0.1573681977868621,1.201971522894411,0.9920318725099602,0.00796812749003984,0.00796812749003984,False,0.5208270676691729,76,0,173,2,0.30522088353413657,1.0,1.0,0.011428571428571429,0.03492468045440147,0.08611920967940875,0.051194529225007286
samsung_electronics,005930,technical_dollar,baseline_depth3,validation,133,0.47368421052631576,0.49920634920634915,0.33347651775486825,0.31738711038765294,1.3497384510430028,0.9849624060150376,0.015037593984962405,0.015037593984962405,False,0.5376417233560091,62,1,69,1,0.4732824427480916,0.9841269841269841,0.5,0.014285714285714285,0.006525724435901302,0.03250805726064525,0.025982332824743947
samsung_electronics,005930,technical_dollar,shallow_regularized,validation,133,0.5037593984962406,0.526984126984127,0.4013911620294599,0.38836247738823326,1.1282682508899373,0.9398496240601504,0.06015037593984962,0.06015037593984962,False,0.555328798185941,61,2,64,6,0.488,0.9682539682539683,0.75,0.08571428571428572,0.0047207433041699595,0.04122413782538953,0.03650339452121957
samsung_electronics,005930,technical_dollar,depth3_regularized,validation,133,0.5037593984962406,0.526984126984127,0.4013911620294599,0.38836247738823326,1.1407923449488195,0.9398496240601504,0.06015037593984962,0.06015037593984962,False,0.5335600907029479,61,2,64,6,0.488,0.9682539682539683,0.75,0.08571428571428572,0.0047207433041699595,0.04122413782538953,0.03650339452121957
samsung_electronics,005930,technical_dollar,depth4_slow,validation,133,0.48872180451127817,0.5126984126984127,0.3736842105263158,0.35955678670360114,1.2217038534606666,0.9548872180451128,0.045112781954887216,0.045112781954887216,False,0.5251700680272109,61,2,66,4,0.48031496062992124,0.9682539682539683,0.6666666666666666,0.05714285714285714,0.005910979389633651,0.028198605523481232,0.02228762613384758
samsung_electronics,005930,technical_dollar,depth2_fast,validation,133,0.47368421052631576,0.496031746031746,0.3743279569892473,0.36120543293718166,1.333170192995658,0.924812030075188,0.07518796992481203,0.07518796992481203,False,0.5678004535147392,58,5,65,5,0.4715447154471545,0.9206349206349206,0.5,0.07142857142857142,0.006094946570927456,0.0170207587400284,0.010925812169100945
samsung_electronics,005930,technical_dollar,depth3_conservative,validation,133,0.5112781954887218,0.5341269841269841,0.4148108034928586,0.40230577119709854,1.043916568966979,0.9323308270676691,0.06766917293233082,0.06766917293233082,False,0.5619047619047619,61,2,63,7,0.49193548387096775,0.9682539682539683,0.7777777777777778,0.1,0.004522779196276759,0.03989571058733812,0.03537293139106136
samsung_electronics,005930,technical_dollar,baseline_depth3_unweighted,validation,133,0.48120300751879697,0.5055555555555555,0.3593717277486911,0.34466795260402316,1.3655477328846524,0.9624060150375939,0.03759398496240601,0.03759398496240601,False,0.5328798185941044,61,2,67,3,0.4765625,0.9682539682539683,0.6,0.04285714285714286,0.0061801910754962245,0.02576431159216888,0.019584120516672656
samsung_electronics,005930,technical_dollar,depth2_fast_unweighted,validation,133,0.47368421052631576,0.49682539682539684,0.3651118385160938,0.3512935366238838,1.3655015921196794,0.9398496240601504,0.06015037593984962,0.06015037593984962,False,0.5650793650793651,59,4,66,4,0.472,0.9365079365079365,0.5,0.05714285714285714,0.006013929319951336,0.021018106328805512,0.015004177008854177
samsung_electronics,005930,technical_dollar,depth3_regularized_unweighted,validation,133,0.5037593984962406,0.526984126984127,0.4013911620294599,0.38836247738823326,1.122380756133166,0.9398496240601504,0.06015037593984962,0.06015037593984962,False,0.5308390022675737,61,2,64,6,0.488,0.9682539682539683,0.75,0.08571428571428572,0.0047207433041699595,0.04122413782538953,0.03650339452121957
samsung_electronics,005930,technical_dollar,depth4_slow_unweighted,validation,133,0.48120300751879697,0.5055555555555555,0.3593717277486911,0.34466795260402316,1.1877134873941106,0.9624060150375939,0.03759398496240601,0.03759398496240601,False,0.5399092970521542,61,2,67,3,0.4765625,0.9682539682539683,0.6,0.04285714285714286,0.00608564791968924,0.028184616380827678,0.022098968461138437
samsung_electronics,005930,technical_dollar,depth3_conservative,test,176,0.4659090909090909,0.44789473684210523,0.44520456069751846,0.45981952319980496,0.8927113432116817,0.625,0.375,0.375,True,0.4167105263157895,58,42,52,24,0.5272727272727272,0.58,0.36363636363636365,0.3157894736842105,-0.0027390261458895377,-0.014348287172375351,-0.011609261026485813
samsung_electronics,005930,technical_dollar,depth3_conservative,recent_regime,251,0.3346613545816733,0.5042481203007518,0.2971309757365394,0.2330705015008798,1.0510917497752443,0.9282868525896414,0.07171314741035857,0.07171314741035857,False,0.4774436090225564,71,5,162,13,0.30472103004291845,0.9342105263157895,0.7222222222222222,0.07428571428571429,0.03614329843153574,0.02483862877538627,-0.011304669656149471
samsung_electronics,005930,technical_semi_etf,baseline_depth3,validation,133,0.48120300751879697,0.5071428571428571,0.3371614301191766,0.3208986713805098,1.5205583151333633,0.9924812030075187,0.007518796992481203,0.007518796992481203,False,0.5469387755102041,63,0,69,1,0.4772727272727273,1.0,1.0,0.014285714285714285,0.00628510081850859,0.0902527075812273,0.08396760676271871
samsung_electronics,005930,technical_semi_etf,shallow_regularized,validation,133,0.5112781954887218,0.5349206349206349,0.40596440596440597,0.3928001822738664,1.2316922927881298,0.9473684210526315,0.05263157894736842,0.05263157894736842,False,0.5494331065759638,62,1,64,6,0.49206349206349204,0.9841269841269841,0.8571428571428571,0.08571428571428572,0.004482986666359589,0.05071852795186471,0.046235541285505125
samsung_electronics,005930,technical_semi_etf,depth3_regularized,validation,133,0.5112781954887218,0.5357142857142857,0.39650959860383944,0.3826582162211813,1.286105415599845,0.9624060150375939,0.03759398496240601,0.03759398496240601,False,0.5514739229024943,63,0,65,5,0.4921875,1.0,1.0,0.07142857142857142,0.004445210470027924,0.07017981509215736,0.06573460462212943
samsung_electronics,005930,technical_semi_etf,depth4_slow,validation,133,0.5037593984962406,0.5285714285714286,0.38217905405405406,0.36775426742532,1.3168208425500747,0.9699248120300752,0.03007518796992481,0.03007518796992481,False,0.5492063492063493,63,0,66,4,0.4883720930232558,1.0,1.0,0.05714285714285714,0.004647251277053065,0.08009765022112893,0.07545039894407586
samsung_electronics,005930,technical_semi_etf,depth2_fast,validation,133,0.49624060150375937,0.5198412698412699,0.38768638768638763,0.3741171109592162,1.4624451326820977,0.9473684210526315,0.05263157894736842,0.05263157894736842,False,0.5659863945578231,61,2,65,5,0.48412698412698413,0.9682539682539683,0.7142857142857143,0.07142857142857142,0.0050677991067968635,0.040191904023993766,0.035124104917196905
samsung_electronics,005930,technical_semi_etf,depth3_conservative,validation,133,0.5112781954887218,0.5349206349206349,0.40596440596440597,0.3928001822738664,1.1951047291127854,0.9473684210526315,0.05263157894736842,0.05263157894736842,False,0.5959183673469388,62,1,64,6,0.49206349206349204,0.9841269841269841,0.8571428571428571,0.08571428571428572,0.004482986666359589,0.05071852795186471,0.046235541285505125
samsung_electronics,005930,technical_semi_etf,baseline_depth3_unweighted,validation,133,0.48120300751879697,0.5071428571428571,0.3371614301191766,0.3208986713805098,1.5846513817505854,0.9924812030075187,0.007518796992481203,0.007518796992481203,False,0.5594104308390023,63,0,69,1,0.4772727272727273,1.0,1.0,0.014285714285714285,0.00628510081850859,0.0902527075812273,0.08396760676271871
samsung_electronics,005930,technical_semi_etf,depth2_fast_unweighted,validation,133,0.5037593984962406,0.5277777777777778,0.39210526315789473,0.378393351800554,1.4239106001968613,0.9548872180451128,0.045112781954887216,0.045112781954887216,False,0.5444444444444445,62,1,65,5,0.4881889763779528,0.9841269841269841,0.8333333333333334,0.07142857142857142,0.004687911768012434,0.054086870181130314,0.04939895841311788
samsung_electronics,005930,technical_semi_etf,depth3_regularized_unweighted,validation,133,0.5112781954887218,0.5357142857142857,0.39650959860383944,0.3826582162211813,1.3426948129256622,0.9624060150375939,0.03759398496240601,0.03759398496240601,False,0.5507936507936508,63,0,65,5,0.4921875,1.0,1.0,0.07142857142857142,0.004445210470027924,0.07017981509215736,0.06573460462212943
samsung_electronics,005930,technical_semi_etf,depth4_slow_unweighted,validation,133,0.518796992481203,0.5428571428571428,0.41052631578947363,0.3972299168975069,1.3381425192533267,0.9548872180451128,0.045112781954887216,0.045112781954887216,False,0.5507936507936508,63,0,64,6,0.49606299212598426,1.0,1.0,0.08571428571428572,0.004257625109660042,0.0631946044495893,0.05893697933992926
samsung_electronics,005930,technical_semi_etf,depth4_slow_unweighted,test,176,0.42045454545454547,0.4094736842105263,0.4094736842105263,0.42045454545454547,1.0148062117440149,0.5681818181818182,0.4318181818181818,0.4318181818181818,True,0.40868421052631576,49,51,51,25,0.49,0.49,0.32894736842105265,0.32894736842105265,0.0029524211107628245,-0.020309499217117166,-0.023261920327879992
samsung_electronics,005930,technical_semi_etf,depth4_slow_unweighted,recent_regime,251,0.4541832669322709,0.4373684210526316,0.42769410002496466,0.47625757268835955,0.8641092697730718,0.4820717131474104,0.5179282868525896,0.4820717131474104,True,0.4364661654135338,30,46,91,84,0.24793388429752067,0.39473684210526316,0.6461538461538462,0.48,0.03726297432334421,0.033535876610616404,-0.003727097712727806
samsung_electronics,005930,technical_monthly_industry,baseline_depth3,validation,133,0.5037593984962406,0.5261904761904762,0.4100806451612903,0.3977079796264855,1.400806360788788,0.924812030075188,0.07518796992481203,0.07518796992481203,False,0.5335600907029479,60,3,63,7,0.4878048780487805,0.9523809523809523,0.7,0.1,0.004985900348203983,0.03066202727952712,0.025676126931323137
samsung_electronics,005930,technical_monthly_industry,shallow_regularized,validation,133,0.518796992481203,0.542063492063492,0.4195308237861429,0.40689694777040797,1.1756961529772147,0.9398496240601504,0.06015037593984962,0.06015037593984962,False,0.534467120181406,62,1,63,7,0.496,0.9841269841269841,0.875,0.1,0.004301533072423911,0.047774297696421525,0.043472764623997615
samsung_electronics,005930,technical_monthly_industry,depth3_regularized,validation,133,0.5112781954887218,0.5349206349206349,0.40596440596440597,0.3928001822738664,1.2160812603575517,0.9473684210526315,0.05263157894736842,0.05263157894736842,False,0.5657596371882087,62,1,64,6,0.49206349206349204,0.9841269841269841,0.8571428571428571,0.08571428571428572,0.004482986666359589,0.05071852795186471,0.046235541285505125
samsung_electronics,005930,technical_monthly_industry,depth4_slow,validation,133,0.5037593984962406,0.526984126984127,0.4013911620294599,0.38836247738823326,1.295227199824167,0.9398496240601504,0.06015037593984962,0.06015037593984962,False,0.5621315192743764,61,2,64,6,0.488,0.9682539682539683,0.75,0.08571428571428572,0.004864273703041069,0.03898147534302844,0.03411720163998737
samsung_electronics,005930,technical_monthly_industry,depth2_fast,validation,133,0.49624060150375937,0.5206349206349206,0.3779406631762653,0.3636630844126022,1.3899999705302541,0.9624060150375939,0.03759398496240601,0.03759398496240601,False,0.5272108843537415,62,1,66,4,0.484375,0.9841269841269841,0.8,0.05714285714285714,0.005194540768583116,0.050996959449144466,0.04580241868056135
samsung_electronics,005930,technical_monthly_industry,depth3_conservative,validation,133,0.5112781954887218,0.5349206349206349,0.40596440596440597,0.3928001822738664,1.143146876872604,0.9473684210526315,0.05263157894736842,0.05263157894736842,False,0.5603174603174603,62,1,64,6,0.49206349206349204,0.9841269841269841,0.8571428571428571,0.08571428571428572,0.004482986666359589,0.05071852795186471,0.046235541285505125
samsung_electronics,005930,technical_monthly_industry,baseline_depth3_unweighted,validation,133,0.5037593984962406,0.526984126984127,0.4013911620294599,0.38836247738823326,1.3574186371196815,0.9398496240601504,0.06015037593984962,0.06015037593984962,False,0.5526077097505669,61,2,64,6,0.488,0.9682539682539683,0.75,0.08571428571428572,0.005104413891020405,0.03522928490585131,0.030124871014830905
samsung_electronics,005930,technical_monthly_industry,depth2_fast_unweighted,validation,133,0.46616541353383456,0.4880952380952381,0.3698365031698365,0.356869149851606,1.4072137994509362,0.9172932330827067,0.08270676691729323,0.08270676691729323,False,0.5138321995464853,57,6,65,5,0.4672131147540984,0.9047619047619048,0.45454545454545453,0.07142857142857142,0.00651238101955317,0.011397775567170391,0.004885394547617221
samsung_electronics,005930,technical_monthly_industry,depth3_regularized_unweighted,validation,133,0.5037593984962406,0.5277777777777778,0.39210526315789473,0.378393351800554,1.2315046056612309,0.9548872180451128,0.045112781954887216,0.045112781954887216,False,0.5673469387755102,62,1,65,5,0.4881889763779528,0.9841269841269841,0.8333333333333334,0.07142857142857142,0.004995218455136753,0.04758221197033224,0.04258699351519549
samsung_electronics,005930,technical_monthly_industry,depth4_slow_unweighted,validation,133,0.5037593984962406,0.5277777777777778,0.39210526315789473,0.378393351800554,1.3006924054308506,0.9548872180451128,0.045112781954887216,0.045112781954887216,False,0.5342403628117914,62,1,65,5,0.4881889763779528,0.9841269841269841,0.8333333333333334,0.07142857142857142,0.004995218455136753,0.04758221197033224,0.04258699351519549
samsung_electronics,005930,technical_monthly_industry,shallow_regularized,test,176,0.5852272727272727,0.5213157894736842,0.41469636918591407,0.4577778606068889,1.0498375647347737,0.9715909090909091,0.028409090909090908,0.028409090909090908,False,0.43118421052631584,99,1,72,4,0.5789473684210527,0.99,0.8,0.05263157894736842,-0.008090153124518723,0.02702727097361584,0.035117424098134564
samsung_electronics,005930,technical_monthly_industry,shallow_regularized,recent_regime,251,0.4900398406374502,0.5375187969924813,0.48572160327826863,0.5043087988677892,0.8437072573919593,0.6055776892430279,0.3944223107569721,0.3944223107569721,True,0.5808270676691729,50,26,102,73,0.32894736842105265,0.6578947368421053,0.7373737373737373,0.41714285714285715,0.028516301764289372,0.04579804024578583,0.017281738481496455
samsung_electronics,005930,technical_domestic_alpha,baseline_depth3,validation,133,0.48120300751879697,0.5055555555555555,0.3593717277486911,0.34466795260402316,1.4485384189690143,0.9624060150375939,0.03759398496240601,0.03759398496240601,False,0.5113378684807256,61,2,67,3,0.4765625,0.9682539682539683,0.6,0.04285714285714286,0.005761299410622401,0.03648793821293876,0.03072663880231636
samsung_electronics,005930,technical_domestic_alpha,shallow_regularized,validation,133,0.5037593984962406,0.526984126984127,0.4013911620294599,0.38836247738823326,1.167973792921036,0.9398496240601504,0.06015037593984962,0.06015037593984962,False,0.5181405895691611,61,2,64,6,0.488,0.9682539682539683,0.75,0.08571428571428572,0.004739495681944152,0.040931131922667764,0.036191636240723614
samsung_electronics,005930,technical_domestic_alpha,depth3_regularized,validation,133,0.5037593984962406,0.526984126984127,0.4013911620294599,0.38836247738823326,1.279515290887775,0.9398496240601504,0.06015037593984962,0.06015037593984962,False,0.5151927437641723,61,2,64,6,0.488,0.9682539682539683,0.75,0.08571428571428572,0.004940848074641435,0.037785000786772716,0.03284415271213128
samsung_electronics,005930,technical_domestic_alpha,depth4_slow,validation,133,0.49624060150375937,0.5198412698412699,0.38768638768638763,0.3741171109592162,1.2834301516762179,0.9473684210526315,0.05263157894736842,0.05263157894736842,False,0.517233560090703,61,2,65,5,0.48412698412698413,0.9682539682539683,0.7142857142857143,0.07142857142857142,0.00598421767459161,0.023696369803688312,0.0177121521290967
samsung_electronics,005930,technical_domestic_alpha,depth2_fast,validation,133,0.49624060150375937,0.5206349206349206,0.3779406631762653,0.3636630844126022,1.335197805546154,0.9624060150375939,0.03759398496240601,0.03759398496240601,False,0.5267573696145125,62,1,66,4,0.484375,0.9841269841269841,0.8,0.05714285714285714,0.004880718810935799,0.05903080156491578,0.054150082753979985
samsung_electronics,005930,technical_domestic_alpha,depth3_conservative,validation,133,0.5112781954887218,0.5341269841269841,0.4148108034928586,0.40230577119709854,1.137331443934823,0.9323308270676691,0.06766917293233082,0.06766917293233082,False,0.5414965986394559,61,2,63,7,0.49193548387096775,0.9682539682539683,0.7777777777777778,0.1,0.0046763272759892,0.037780159266855594,0.033103831990866396
samsung_electronics,005930,technical_domestic_alpha,baseline_depth3_unweighted,validation,133,0.48872180451127817,0.5126984126984127,0.3736842105263158,0.35955678670360114,1.4236362958938424,0.9548872180451128,0.045112781954887216,0.045112781954887216,False,0.5133786848072563,61,2,66,4,0.48031496062992124,0.9682539682539683,0.6666666666666666,0.05714285714285714,0.00558407695529857,0.0351180403835738,0.02953396342827523
samsung_electronics,005930,technical_domestic_alpha,depth2_fast_unweighted,validation,133,0.49624060150375937,0.5206349206349206,0.3779406631762653,0.3636630844126022,1.3404287037428144,0.9624060150375939,0.03759398496240601,0.03759398496240601,False,0.5356009070294785,62,1,66,4,0.484375,0.9841269841269841,0.8,0.05714285714285714,0.004880718810935799,0.05903080156491578,0.054150082753979985
samsung_electronics,005930,technical_domestic_alpha,depth3_regularized_unweighted,validation,133,0.5112781954887218,0.5349206349206349,0.40596440596440597,0.3928001822738664,1.2644971133033327,0.9473684210526315,0.05263157894736842,0.05263157894736842,False,0.5265306122448979,62,1,64,6,0.49206349206349204,0.9841269841269841,0.8571428571428571,0.08571428571428572,0.004558953304852015,0.049351128459001026,0.04479217515414901
samsung_electronics,005930,technical_domestic_alpha,depth4_slow_unweighted,validation,133,0.48872180451127817,0.5126984126984127,0.3736842105263158,0.35955678670360114,1.3185566299188969,0.9548872180451128,0.045112781954887216,0.045112781954887216,False,0.5206349206349207,61,2,66,4,0.48031496062992124,0.9682539682539683,0.6666666666666666,0.05714285714285714,0.005831244060683463,0.029886336652926882,0.02405509259224342
samsung_electronics,005930,technical_domestic_alpha,depth3_conservative,test,176,0.4375,0.4118421052631579,0.40179215161190646,0.42172211350293537,0.9541234058739992,0.6761363636363636,0.32386363636363635,0.32386363636363635,True,0.3907894736842105,60,40,59,17,0.5042016806722689,0.6,0.2982456140350877,0.2236842105263158,-7.413530278610388e-05,-0.0217448724279487,-0.021670737125162595
samsung_electronics,005930,technical_domestic_alpha,depth3_conservative,recent_regime,251,0.33067729083665337,0.4976691729323308,0.2942830365510778,0.23107196331823596,1.042397638151356,0.9243027888446215,0.07569721115537849,0.07569721115537849,False,0.4922556390977444,70,6,162,13,0.3017241379310345,0.9210526315789473,0.6842105263157895,0.07428571428571429,0.03560392710228512,0.03201961919866503,-0.0035843079036200903
samsung_electronics,005930,technical_rates_dollar,baseline_depth3,validation,133,0.47368421052631576,0.5,0.32142857142857145,0.30451127819548873,1.8847984938645843,1.0,0.0,0.0,False,0.573015873015873,63,0,70,0,0.47368421052631576,1.0,0.0,0.0,0.006916436207701963,,
samsung_electronics,005930,technical_rates_dollar,shallow_regularized,validation,133,0.47368421052631576,0.5,0.32142857142857145,0.30451127819548873,1.4429514484759816,1.0,0.0,0.0,False,0.600453514739229,63,0,70,0,0.47368421052631576,1.0,0.0,0.0,0.006916436207701963,,
samsung_electronics,005930,technical_rates_dollar,depth3_regularized,validation,133,0.47368421052631576,0.5,0.32142857142857145,0.30451127819548873,1.4413826896788153,1.0,0.0,0.0,False,0.6165532879818594,63,0,70,0,0.47368421052631576,1.0,0.0,0.0,0.006916436207701963,,
samsung_electronics,005930,technical_rates_dollar,depth4_slow,validation,133,0.47368421052631576,0.5,0.32142857142857145,0.30451127819548873,1.628028179838384,1.0,0.0,0.0,False,0.5777777777777778,63,0,70,0,0.47368421052631576,1.0,0.0,0.0,0.006916436207701963,,
samsung_electronics,005930,technical_rates_dollar,depth2_fast,validation,133,0.47368421052631576,0.5,0.32142857142857145,0.30451127819548873,1.9018178791234073,1.0,0.0,0.0,False,0.5818594104308389,63,0,70,0,0.47368421052631576,1.0,0.0,0.0,0.006916436207701963,,
samsung_electronics,005930,technical_rates_dollar,depth3_conservative,validation,133,0.47368421052631576,0.5,0.32142857142857145,0.30451127819548873,1.3103120040689902,1.0,0.0,0.0,False,0.6256235827664399,63,0,70,0,0.47368421052631576,1.0,0.0,0.0,0.006916436207701963,,
samsung_electronics,005930,technical_rates_dollar,baseline_depth3_unweighted,validation,133,0.47368421052631576,0.5,0.32142857142857145,0.30451127819548873,1.9551812233405876,1.0,0.0,0.0,False,0.571201814058957,63,0,70,0,0.47368421052631576,1.0,0.0,0.0,0.006916436207701963,,
samsung_electronics,005930,technical_rates_dollar,depth2_fast_unweighted,validation,133,0.47368421052631576,0.5,0.32142857142857145,0.30451127819548873,1.9201726990972539,1.0,0.0,0.0,False,0.5761904761904763,63,0,70,0,0.47368421052631576,1.0,0.0,0.0,0.006916436207701963,,
samsung_electronics,005930,technical_rates_dollar,depth3_regularized_unweighted,validation,133,0.47368421052631576,0.5,0.32142857142857145,0.30451127819548873,1.4904439344054445,1.0,0.0,0.0,False,0.6054421768707483,63,0,70,0,0.47368421052631576,1.0,0.0,0.0,0.006916436207701963,,
samsung_electronics,005930,technical_rates_dollar,depth4_slow_unweighted,validation,133,0.47368421052631576,0.5,0.32142857142857145,0.30451127819548873,1.6236560021593598,1.0,0.0,0.0,False,0.5727891156462586,63,0,70,0,0.47368421052631576,1.0,0.0,0.0,0.006916436207701963,,
samsung_electronics,005930,technical_rates_dollar,depth3_conservative,test,176,0.5170454545454546,0.46921052631578947,0.41669590985300425,0.4496875409847687,0.9891348006023002,0.8465909090909091,0.1534090909090909,0.1534090909090909,True,0.4080263157894737,82,18,67,9,0.5503355704697986,0.82,0.3333333333333333,0.11842105263157894,-0.0047215660877883816,-0.02017653638311679,-0.01545497029532841
samsung_electronics,005930,technical_rates_dollar,depth3_conservative,recent_regime,251,0.30278884462151395,0.5,0.2324159021406728,0.1407458849616823,1.449394830322946,1.0,0.0,0.0,False,0.484812030075188,76,0,175,0,0.30278884462151395,1.0,0.0,0.0,0.03533260499005889,,
samsung_electronics,005930,technical_rates_semi_etf,baseline_depth3,validation,133,0.47368421052631576,0.5,0.32142857142857145,0.30451127819548873,2.106925897485729,1.0,0.0,0.0,False,0.5984126984126984,63,0,70,0,0.47368421052631576,1.0,0.0,0.0,0.006916436207701963,,
samsung_electronics,005930,technical_rates_semi_etf,shallow_regularized,validation,133,0.47368421052631576,0.5,0.32142857142857145,0.30451127819548873,1.6217103681962546,1.0,0.0,0.0,False,0.5707482993197278,63,0,70,0,0.47368421052631576,1.0,0.0,0.0,0.006916436207701963,,
samsung_electronics,005930,technical_rates_semi_etf,depth3_regularized,validation,133,0.47368421052631576,0.5,0.32142857142857145,0.30451127819548873,1.5876550920041828,1.0,0.0,0.0,False,0.6188208616780045,63,0,70,0,0.47368421052631576,1.0,0.0,0.0,0.006916436207701963,,
samsung_electronics,005930,technical_rates_semi_etf,depth4_slow,validation,133,0.47368421052631576,0.5,0.32142857142857145,0.30451127819548873,1.6907617839100755,1.0,0.0,0.0,False,0.6092970521541949,63,0,70,0,0.47368421052631576,1.0,0.0,0.0,0.006916436207701963,,
samsung_electronics,005930,technical_rates_semi_etf,depth2_fast,validation,133,0.47368421052631576,0.5,0.32142857142857145,0.30451127819548873,2.105647346307808,1.0,0.0,0.0,False,0.6276643990929706,63,0,70,0,0.47368421052631576,1.0,0.0,0.0,0.006916436207701963,,
samsung_electronics,005930,technical_rates_semi_etf,depth3_conservative,validation,133,0.47368421052631576,0.5,0.32142857142857145,0.30451127819548873,1.369326233751448,1.0,0.0,0.0,False,0.6179138321995464,63,0,70,0,0.47368421052631576,1.0,0.0,0.0,0.006916436207701963,,
samsung_electronics,005930,technical_rates_semi_etf,baseline_depth3_unweighted,validation,133,0.47368421052631576,0.5,0.32142857142857145,0.30451127819548873,2.05431563248996,1.0,0.0,0.0,False,0.5934240362811791,63,0,70,0,0.47368421052631576,1.0,0.0,0.0,0.006916436207701963,,
samsung_electronics,005930,technical_rates_semi_etf,depth2_fast_unweighted,validation,133,0.47368421052631576,0.5,0.32142857142857145,0.30451127819548873,2.10095566685591,1.0,0.0,0.0,False,0.6315192743764172,63,0,70,0,0.47368421052631576,1.0,0.0,0.0,0.006916436207701963,,
samsung_electronics,005930,technical_rates_semi_etf,depth3_regularized_unweighted,validation,133,0.47368421052631576,0.5,0.32142857142857145,0.30451127819548873,1.6178010616432617,1.0,0.0,0.0,False,0.6136054421768707,63,0,70,0,0.47368421052631576,1.0,0.0,0.0,0.006916436207701963,,
samsung_electronics,005930,technical_rates_semi_etf,depth4_slow_unweighted,validation,133,0.47368421052631576,0.5,0.32142857142857145,0.30451127819548873,1.5652816132174983,1.0,0.0,0.0,False,0.6195011337868481,63,0,70,0,0.47368421052631576,1.0,0.0,0.0,0.006916436207701963,,
samsung_electronics,005930,technical_rates_semi_etf,depth3_conservative,test,176,0.5284090909090909,0.47605263157894734,0.40941985041439255,0.44556848043809844,0.9809829965579365,0.8806818181818182,0.11931818181818182,0.11931818181818182,True,0.4068421052631579,86,14,69,7,0.5548387096774193,0.86,0.3333333333333333,0.09210526315789473,-0.005911325868310173,-0.015810681896978356,-0.009899356028668184
samsung_electronics,005930,technical_rates_semi_etf,depth3_conservative,recent_regime,251,0.30677290836653387,0.5028571428571429,0.23881065253764638,0.14910047484351496,1.360839214885508,0.9960159362549801,0.00398406374501992,0.00398406374501992,False,0.5273684210526315,76,0,174,1,0.304,1.0,1.0,0.005714285714285714,0.03513541400924092,0.0846303501945524,0.04949493618531148
samsung_electronics,005930,technical_dollar_semi_etf,baseline_depth3,validation,133,0.46616541353383456,0.49047619047619045,0.34080279232111693,0.32567282079544413,1.402351764225337,0.9624060150375939,0.03759398496240601,0.03759398496240601,False,0.5453514739229025,60,3,68,2,0.46875,0.9523809523809523,0.4,0.02857142857142857,0.006987024660674346,0.005109371811608959,-0.0018776528490653862
samsung_electronics,005930,technical_dollar_semi_etf,shallow_regularized,validation,133,0.5112781954887218,0.5349206349206349,0.40596440596440597,0.3928001822738664,1.2057426580977428,0.9473684210526315,0.05263157894736842,0.05263157894736842,False,0.5414965986394558,62,1,64,6,0.49206349206349204,0.9841269841269841,0.8571428571428571,0.08571428571428572,0.004482986666359589,0.05071852795186471,0.046235541285505125
samsung_electronics,005930,technical_dollar_semi_etf,depth3_regularized,validation,133,0.5112781954887218,0.5349206349206349,0.40596440596440597,0.3928001822738664,1.1988324489348157,0.9473684210526315,0.05263157894736842,0.05263157894736842,False,0.5621315192743764,62,1,64,6,0.49206349206349204,0.9841269841269841,0.8571428571428571,0.08571428571428572,0.004482986666359589,0.05071852795186471,0.046235541285505125
samsung_electronics,005930,technical_dollar_semi_etf,depth4_slow,validation,133,0.49624060150375937,0.5198412698412699,0.38768638768638763,0.3741171109592162,1.2524815463527943,0.9473684210526315,0.05263157894736842,0.05263157894736842,False,0.5473922902494331,61,2,65,5,0.48412698412698413,0.9682539682539683,0.7142857142857143,0.07142857142857142,0.005377544735882486,0.034616482700452554,0.02923893796457007
samsung_electronics,005930,technical_dollar_semi_etf,depth2_fast,validation,133,0.48872180451127817,0.5126984126984127,0.3736842105263158,0.35955678670360114,1.3937205369714347,0.9548872180451128,0.045112781954887216,0.045112781954887216,False,0.5480725623582766,61,2,66,4,0.48031496062992124,0.9682539682539683,0.6666666666666666,0.05714285714285714,0.00557542607320838,0.03530115072114947,0.02972572464794109
samsung_electronics,005930,technical_dollar_semi_etf,depth3_conservative,validation,133,0.5112781954887218,0.5349206349206349,0.40596440596440597,0.3928001822738664,1.1409174517775276,0.9473684210526315,0.05263157894736842,0.05263157894736842,False,0.5551020408163265,62,1,64,6,0.49206349206349204,0.9841269841269841,0.8571428571428571,0.08571428571428572,0.004482986666359589,0.05071852795186471,0.046235541285505125
samsung_electronics,005930,technical_dollar_semi_etf,baseline_depth3_unweighted,validation,133,0.48872180451127817,0.5126984126984127,0.3736842105263158,0.35955678670360114,1.466355865953876,0.9548872180451128,0.045112781954887216,0.045112781954887216,False,0.5333333333333333,61,2,66,4,0.48031496062992124,0.9682539682539683,0.6666666666666666,0.05714285714285714,0.006072947483581786,0.024770280868245717,0.01869733338466393
samsung_electronics,005930,technical_dollar_semi_etf,depth2_fast_unweighted,validation,133,0.48872180451127817,0.5126984126984127,0.3736842105263158,0.35955678670360114,1.3520880267475561,0.9548872180451128,0.045112781954887216,0.045112781954887216,False,0.564172335600907,61,2,66,4,0.48031496062992124,0.9682539682539683,0.6666666666666666,0.05714285714285714,0.00557542607320838,0.03530115072114947,0.02972572464794109
samsung_electronics,005930,technical_dollar_semi_etf,depth3_regularized_unweighted,validation,133,0.49624060150375937,0.5206349206349206,0.3779406631762653,0.3636630844126022,1.251801787715349,0.9624060150375939,0.03759398496240601,0.03759398496240601,False,0.5480725623582767,62,1,66,4,0.484375,0.9841269841269841,0.8,0.05714285714285714,0.005688175292937979,0.03835991562565996,0.03267174033272199
samsung_electronics,005930,technical_dollar_semi_etf,depth4_slow_unweighted,validation,133,0.5037593984962406,0.526984126984127,0.4013911620294599,0.38836247738823326,1.2851737453876184,0.9398496240601504,0.06015037593984962,0.06015037593984962,False,0.5578231292517007,61,2,64,6,0.488,0.9682539682539683,0.75,0.08571428571428572,0.004864273703041069,0.03898147534302844,0.03411720163998737
samsung_electronics,005930,technical_dollar_semi_etf,depth3_conservative,test,176,0.48863636363636365,0.46,0.44754464285714285,0.4680905032467532,0.8994394990681106,0.7045454545454546,0.29545454545454547,0.29545454545454547,True,0.4152631578947368,67,33,57,19,0.5403225806451613,0.67,0.36538461538461536,0.25,-0.0038792935590679493,-0.014754758232696088,-0.010875464673628139
samsung_electronics,005930,technical_dollar_semi_etf,depth3_conservative,recent_regime,251,0.3147410358565737,0.49740601503759396,0.26216844407984685,0.18448655473811618,1.1011105316979397,0.9641434262948207,0.035856573705179286,0.035856573705179286,False,0.4820300751879699,73,3,169,6,0.30165289256198347,0.9605263157894737,0.6666666666666666,0.03428571428571429,0.035439511741913704,0.03245800121796278,-0.002981510523950924
samsung_electronics,005930,technical_alpha_semi_etf,baseline_depth3,validation,133,0.48872180451127817,0.5134920634920634,0.3634572072072072,0.34859530583214793,1.514003768438251,0.9699248120300752,0.03007518796992481,0.03007518796992481,False,0.5317460317460317,62,1,67,3,0.4806201550387597,0.9841269841269841,0.75,0.04285714285714286,0.005521005670540546,0.05191907103115765,0.04639806536061711
samsung_electronics,005930,technical_alpha_semi_etf,shallow_regularized,validation,133,0.5037593984962406,0.526984126984127,0.4013911620294599,0.38836247738823326,1.2310672472767323,0.9398496240601504,0.06015037593984962,0.06015037593984962,False,0.5151927437641723,61,2,64,6,0.488,0.9682539682539683,0.75,0.08571428571428572,0.004864273703041069,0.03898147534302844,0.03411720163998737
samsung_electronics,005930,technical_alpha_semi_etf,depth3_regularized,validation,133,0.5037593984962406,0.5277777777777778,0.39210526315789473,0.378393351800554,1.3465637625018192,0.9548872180451128,0.045112781954887216,0.045112781954887216,False,0.49931972789115653,62,1,65,5,0.4881889763779528,0.9841269841269841,0.8333333333333334,0.07142857142857142,0.004670274576362655,0.05446019073771733,0.049789916161354676
samsung_electronics,005930,technical_alpha_semi_etf,depth4_slow,validation,133,0.49624060150375937,0.5206349206349206,0.3779406631762653,0.3636630844126022,1.375093736557618,0.9624060150375939,0.03759398496240601,0.03759398496240601,False,0.5394557823129252,62,1,66,4,0.484375,0.9841269841269841,0.8,0.05714285714285714,0.00551451974043823,0.04280549776965354,0.03729097802921531
samsung_electronics,005930,technical_alpha_semi_etf,depth2_fast,validation,133,0.5037593984962406,0.5285714285714286,0.38217905405405406,0.36775426742532,1.4865104193022562,0.9699248120300752,0.03007518796992481,0.03007518796992481,False,0.5333333333333334,63,0,66,4,0.4883720930232558,1.0,1.0,0.05714285714285714,0.004647251277053065,0.08009765022112893,0.07545039894407586
samsung_electronics,005930,technical_alpha_semi_etf,depth3_conservative,validation,133,0.518796992481203,0.542063492063492,0.4195308237861429,0.40689694777040797,1.2032291249220008,0.9398496240601504,0.06015037593984962,0.06015037593984962,False,0.5290249433106576,62,1,63,7,0.496,0.9841269841269841,0.875,0.1,0.004437023913301793,0.045657253307704634,0.04122022939440284
samsung_electronics,005930,technical_alpha_semi_etf,baseline_depth3_unweighted,validation,133,0.48872180451127817,0.5142857142857142,0.3525200458190149,0.3368903358051486,1.4810907850553177,0.9849624060150376,0.015037593984962405,0.015037593984962405,False,0.5267573696145125,63,0,68,2,0.48091603053435117,1.0,1.0,0.02857142857142857,0.005822332307439684,0.07858024167488126,0.07275790936744157
samsung_electronics,005930,technical_alpha_semi_etf,depth2_fast_unweighted,validation,133,0.5037593984962406,0.5285714285714286,0.38217905405405406,0.36775426742532,1.5146579744401323,0.9699248120300752,0.03007518796992481,0.03007518796992481,False,0.5306122448979592,63,0,66,4,0.4883720930232558,1.0,1.0,0.05714285714285714,0.004647251277053065,0.08009765022112893,0.07545039894407586
samsung_electronics,005930,technical_alpha_semi_etf,depth3_regularized_unweighted,validation,133,0.49624060150375937,0.5214285714285715,0.36752076087728014,0.3525034461375242,1.323802081458357,0.9774436090225563,0.022556390977443608,0.022556390977443608,False,0.5308390022675737,63,0,67,3,0.4846153846153846,1.0,1.0,0.04285714285714286,0.005332223911027223,0.07556563573027403,0.0702334118192468
samsung_electronics,005930,technical_alpha_semi_etf,depth4_slow_unweighted,validation,133,0.49624060150375937,0.5206349206349206,0.3779406631762653,0.3636630844126022,1.3604089370703545,0.9624060150375939,0.03759398496240601,0.03759398496240601,False,0.5047619047619047,62,1,66,4,0.484375,0.9841269841269841,0.8,0.05714285714285714,0.00551451974043823,0.04280549776965354,0.03729097802921531
samsung_electronics,005930,technical_alpha_semi_etf,depth3_conservative,test,176,0.4090909090909091,0.38842105263157894,0.38328840970350403,0.40049007596177405,0.9565536758352841,0.6363636363636364,0.36363636363636365,0.36363636363636365,True,0.3906578947368421,54,46,58,18,0.48214285714285715,0.54,0.28125,0.23684210526315788,0.0031380864421440583,-0.024996023608511827,-0.028134110050655886
samsung_electronics,005930,technical_alpha_semi_etf,depth3_conservative,recent_regime,251,0.35856573705179284,0.5139473684210527,0.33421750663129973,0.28399928138903274,0.9979266680488617,0.8884462151394422,0.11155378486055777,0.11155378486055777,True,0.5122556390977443,69,7,154,21,0.3094170403587444,0.9078947368421053,0.75,0.12,0.033628436499089476,0.04890508975742246,0.015276653258332981
samsung_electronics,005930,technical_alpha_rates,baseline_depth3,validation,133,0.47368421052631576,0.5,0.32142857142857145,0.30451127819548873,1.9725458996535492,1.0,0.0,0.0,False,0.5727891156462586,63,0,70,0,0.47368421052631576,1.0,0.0,0.0,0.006916436207701963,,
samsung_electronics,005930,technical_alpha_rates,shallow_regularized,validation,133,0.47368421052631576,0.5,0.32142857142857145,0.30451127819548873,1.4164710343326197,1.0,0.0,0.0,False,0.5641723356009071,63,0,70,0,0.47368421052631576,1.0,0.0,0.0,0.006916436207701963,,
samsung_electronics,005930,technical_alpha_rates,depth3_regularized,validation,133,0.47368421052631576,0.5,0.32142857142857145,0.30451127819548873,1.5354576029680362,1.0,0.0,0.0,False,0.572108843537415,63,0,70,0,0.47368421052631576,1.0,0.0,0.0,0.006916436207701963,,
samsung_electronics,005930,technical_alpha_rates,depth4_slow,validation,133,0.47368421052631576,0.5,0.32142857142857145,0.30451127819548873,1.5991713635888043,1.0,0.0,0.0,False,0.5977324263038549,63,0,70,0,0.47368421052631576,1.0,0.0,0.0,0.006916436207701963,,
samsung_electronics,005930,technical_alpha_rates,depth2_fast,validation,133,0.47368421052631576,0.5,0.32142857142857145,0.30451127819548873,1.9258510687517887,1.0,0.0,0.0,False,0.5931972789115647,63,0,70,0,0.47368421052631576,1.0,0.0,0.0,0.006916436207701963,,
samsung_electronics,005930,technical_alpha_rates,depth3_conservative,validation,133,0.48120300751879697,0.5071428571428571,0.3371614301191766,0.3208986713805098,1.3142359098862841,0.9924812030075187,0.007518796992481203,0.007518796992481203,False,0.6029478458049887,63,0,69,1,0.4772727272727273,1.0,1.0,0.014285714285714285,0.006442042361994708,0.0695364238410596,0.06309438147906489
samsung_electronics,005930,technical_alpha_rates,baseline_depth3_unweighted,validation,133,0.47368421052631576,0.5,0.32142857142857145,0.30451127819548873,1.8684119118147222,1.0,0.0,0.0,False,0.5526077097505668,63,0,70,0,0.47368421052631576,1.0,0.0,0.0,0.006916436207701963,,
samsung_electronics,005930,technical_alpha_rates,depth2_fast_unweighted,validation,133,0.47368421052631576,0.5,0.32142857142857145,0.30451127819548873,2.0113287761369336,1.0,0.0,0.0,False,0.5761904761904761,63,0,70,0,0.47368421052631576,1.0,0.0,0.0,0.006916436207701963,,
samsung_electronics,005930,technical_alpha_rates,depth3_regularized_unweighted,validation,133,0.47368421052631576,0.5,0.32142857142857145,0.30451127819548873,1.5440668229457235,1.0,0.0,0.0,False,0.5800453514739229,63,0,70,0,0.47368421052631576,1.0,0.0,0.0,0.006916436207701963,,
samsung_electronics,005930,technical_alpha_rates,depth4_slow_unweighted,validation,133,0.47368421052631576,0.5,0.32142857142857145,0.30451127819548873,1.557551929048636,1.0,0.0,0.0,False,0.564625850340136,63,0,70,0,0.47368421052631576,1.0,0.0,0.0,0.006916436207701963,,
samsung_electronics,005930,technical_alpha_rates,depth3_conservative,test,176,0.5397727272727273,0.4892105263157895,0.43083003952569165,0.4647862019403521,0.9807312085246345,0.8693181818181818,0.13068181818181818,0.13068181818181818,True,0.3852631578947368,86,14,67,9,0.5620915032679739,0.86,0.391304347826087,0.11842105263157894,-0.0066078398967072335,-0.01031653587949633,-0.0037086959827890963
samsung_electronics,005930,technical_alpha_rates,depth3_conservative,recent_regime,251,0.30278884462151395,0.5,0.2324159021406728,0.1407458849616823,1.2956784537125774,1.0,0.0,0.0,False,0.5577443609022557,76,0,175,0,0.30278884462151395,1.0,0.0,0.0,0.03533260499005889,,
samsung_electronics,005930,technical_daily_extended,baseline_depth3,validation,133,0.47368421052631576,0.5,0.32142857142857145,0.30451127819548873,2.014862515648503,1.0,0.0,0.0,False,0.5666666666666667,63,0,70,0,0.47368421052631576,1.0,0.0,0.0,0.006916436207701963,,
samsung_electronics,005930,technical_daily_extended,shallow_regularized,validation,133,0.47368421052631576,0.5,0.32142857142857145,0.30451127819548873,1.5630782371307133,1.0,0.0,0.0,False,0.609297052154195,63,0,70,0,0.47368421052631576,1.0,0.0,0.0,0.006916436207701963,,
samsung_electronics,005930,technical_daily_extended,depth3_regularized,validation,133,0.47368421052631576,0.5,0.32142857142857145,0.30451127819548873,1.5099225461087697,1.0,0.0,0.0,False,0.6231292517006802,63,0,70,0,0.47368421052631576,1.0,0.0,0.0,0.006916436207701963,,
samsung_electronics,005930,technical_daily_extended,depth4_slow,validation,133,0.47368421052631576,0.5,0.32142857142857145,0.30451127819548873,1.6048177046338563,1.0,0.0,0.0,False,0.5532879818594105,63,0,70,0,0.47368421052631576,1.0,0.0,0.0,0.006916436207701963,,
samsung_electronics,005930,technical_daily_extended,depth2_fast,validation,133,0.47368421052631576,0.5,0.32142857142857145,0.30451127819548873,1.9812954461504209,1.0,0.0,0.0,False,0.6140589569160998,63,0,70,0,0.47368421052631576,1.0,0.0,0.0,0.006916436207701963,,
samsung_electronics,005930,technical_daily_extended,depth3_conservative,validation,133,0.48120300751879697,0.5071428571428571,0.3371614301191766,0.3208986713805098,1.3362444504356477,0.9924812030075187,0.007518796992481203,0.007518796992481203,False,0.6,63,0,69,1,0.4772727272727273,1.0,1.0,0.014285714285714285,0.00628510081850859,0.0902527075812273,0.08396760676271871
samsung_electronics,005930,technical_daily_extended,baseline_depth3_unweighted,validation,133,0.47368421052631576,0.5,0.32142857142857145,0.30451127819548873,1.9854454325065178,1.0,0.0,0.0,False,0.5489795918367347,63,0,70,0,0.47368421052631576,1.0,0.0,0.0,0.006916436207701963,,
samsung_electronics,005930,technical_daily_extended,depth2_fast_unweighted,validation,133,0.47368421052631576,0.5,0.32142857142857145,0.30451127819548873,2.035385877318435,1.0,0.0,0.0,False,0.5938775510204082,63,0,70,0,0.47368421052631576,1.0,0.0,0.0,0.006916436207701963,,
samsung_electronics,005930,technical_daily_extended,depth3_regularized_unweighted,validation,133,0.47368421052631576,0.5,0.32142857142857145,0.30451127819548873,1.559930855003599,1.0,0.0,0.0,False,0.6138321995464853,63,0,70,0,0.47368421052631576,1.0,0.0,0.0,0.006916436207701963,,
samsung_electronics,005930,technical_daily_extended,depth4_slow_unweighted,validation,133,0.47368421052631576,0.5,0.32142857142857145,0.30451127819548873,1.6379749141283713,1.0,0.0,0.0,False,0.6095238095238096,63,0,70,0,0.47368421052631576,1.0,0.0,0.0,0.006916436207701963,,
samsung_electronics,005930,technical_daily_extended,depth3_conservative,test,176,0.5284090909090909,0.4792105263157895,0.4237702654727624,0.4572546896123875,0.9629331723431772,0.8579545454545454,0.14204545454545456,0.14204545454545456,True,0.4118421052631579,84,16,67,9,0.5562913907284768,0.84,0.36,0.11842105263157894,-0.005110247857995765,-0.019065296114690468,-0.013955048256694703
samsung_electronics,005930,technical_daily_extended,depth3_conservative,recent_regime,251,0.30278884462151395,0.5,0.2324159021406728,0.1407458849616823,1.3543845233943566,1.0,0.0,0.0,False,0.5054887218045112,76,0,175,0,0.30278884462151395,1.0,0.0,0.0,0.03533260499005889,,
samsung_electronics,005930,technical_all_guarded,baseline_depth3,validation,133,0.47368421052631576,0.5,0.32142857142857145,0.30451127819548873,1.802785845234641,1.0,0.0,0.0,False,0.5247165532879818,63,0,70,0,0.47368421052631576,1.0,0.0,0.0,0.006916436207701963,,
samsung_electronics,005930,technical_all_guarded,shallow_regularized,validation,133,0.48120300751879697,0.5071428571428571,0.3371614301191766,0.3208986713805098,1.4253274111874086,0.9924812030075187,0.007518796992481203,0.007518796992481203,False,0.5514739229024943,63,0,69,1,0.4772727272727273,1.0,1.0,0.014285714285714285,0.006461956362544136,0.0669077757685352,0.06044581940599106
samsung_electronics,005930,technical_all_guarded,depth3_regularized,validation,133,0.47368421052631576,0.5,0.32142857142857145,0.30451127819548873,1.4590771363026824,1.0,0.0,0.0,False,0.5922902494331065,63,0,70,0,0.47368421052631576,1.0,0.0,0.0,0.006916436207701963,,
samsung_electronics,005930,technical_all_guarded,depth4_slow,validation,133,0.47368421052631576,0.5,0.32142857142857145,0.30451127819548873,1.5752693929402712,1.0,0.0,0.0,False,0.6115646258503402,63,0,70,0,0.47368421052631576,1.0,0.0,0.0,0.006916436207701963,,
samsung_electronics,005930,technical_all_guarded,depth2_fast,validation,133,0.47368421052631576,0.5,0.32142857142857145,0.30451127819548873,1.7930583179696364,1.0,0.0,0.0,False,0.5650793650793651,63,0,70,0,0.47368421052631576,1.0,0.0,0.0,0.006916436207701963,,
samsung_electronics,005930,technical_all_guarded,depth3_conservative,validation,133,0.49624060150375937,0.5214285714285715,0.36752076087728014,0.3525034461375242,1.357612303902647,0.9774436090225563,0.022556390977443608,0.022556390977443608,False,0.5997732426303855,63,0,67,3,0.4846153846153846,1.0,1.0,0.04285714285714286,0.005649669084906535,0.061809678195503835,0.0561600091105973
samsung_electronics,005930,technical_all_guarded,baseline_depth3_unweighted,validation,133,0.47368421052631576,0.5,0.32142857142857145,0.30451127819548873,1.7854719513297475,1.0,0.0,0.0,False,0.5319727891156463,63,0,70,0,0.47368421052631576,1.0,0.0,0.0,0.006916436207701963,,
samsung_electronics,005930,technical_all_guarded,depth2_fast_unweighted,validation,133,0.48120300751879697,0.5071428571428571,0.3371614301191766,0.3208986713805098,1.6864893550244013,0.9924812030075187,0.007518796992481203,0.007518796992481203,False,0.5848072562358276,63,0,69,1,0.4772727272727273,1.0,1.0,0.014285714285714285,0.006461956362544136,0.0669077757685352,0.06044581940599106
samsung_electronics,005930,technical_all_guarded,depth3_regularized_unweighted,validation,133,0.47368421052631576,0.5,0.32142857142857145,0.30451127819548873,1.4619034296691096,1.0,0.0,0.0,False,0.5800453514739229,63,0,70,0,0.47368421052631576,1.0,0.0,0.0,0.006916436207701963,,
samsung_electronics,005930,technical_all_guarded,depth4_slow_unweighted,validation,133,0.47368421052631576,0.5,0.32142857142857145,0.30451127819548873,1.597712368576028,1.0,0.0,0.0,False,0.556235827664399,63,0,70,0,0.47368421052631576,1.0,0.0,0.0,0.006916436207701963,,
samsung_electronics,005930,technical_all_guarded,depth3_conservative,test,176,0.5738636363636364,0.506578947368421,0.37662337662337664,0.42443919716646994,1.0792672043571019,0.9943181818181818,0.005681818181818182,0.005681818181818182,False,0.39223684210526316,100,0,75,1,0.5714285714285714,1.0,1.0,0.013157894736842105,-0.007321192984184273,0.0329289428076255,0.04025013579180977
samsung_electronics,005930,technical_all_guarded,depth3_conservative,recent_regime,251,0.3545816733067729,0.5296992481203008,0.31683467741935484,0.25349649787944994,0.9990756855606611,0.9322709163346613,0.06772908366533864,0.06772908366533864,False,0.6145112781954887,74,2,160,15,0.3162393162393162,0.9736842105263158,0.8823529411764706,0.08571428571428572,0.0335138157944932,0.06036770332902187,0.026853887534528664
sk_hynix,000660,technical_only,baseline_depth3,validation,146,0.5547945205479452,0.5453241537578887,0.5453892215568863,0.5543466491674186,0.7435440986707782,0.4246575342465753,0.5753424657534246,0.4246575342465753,True,0.576592082616179,30,33,32,51,0.4838709677419355,0.47619047619047616,0.6071428571428571,0.6144578313253012,0.01261004974750004,0.022961506110435233,0.010351456362935194
sk_hynix,000660,technical_only,shallow_regularized,validation,146,0.6027397260273972,0.6008797093134443,0.5990530303030303,0.6043197384806973,0.7103041989995432,0.4726027397260274,0.5273972602739726,0.4726027397260274,True,0.5742971887550201,37,26,32,51,0.5362318840579711,0.5873015873015873,0.6623376623376623,0.6144578313253012,0.009145819933449987,0.027006857431344327,0.01786103749789434
sk_hynix,000660,technical_only,depth3_regularized,validation,146,0.5753424657534246,0.5710460891183783,0.5701804368471035,0.5766329729800049,0.7280834080355751,0.4589041095890411,0.541095890410959,0.4589041095890411,True,0.5783132530120482,34,29,33,50,0.5074626865671642,0.5396825396825397,0.6329113924050633,0.6024096385542169,0.010425470838102139,0.02546940571479391,0.01504393487669177
sk_hynix,000660,technical_only,depth4_slow,validation,146,0.5821917808219178,0.5770701855039204,0.5764493270556903,0.5832051550159579,0.7345280823845816,0.4520547945205479,0.547945205479452,0.4520547945205479,True,0.5876840696117805,34,29,32,51,0.5151515151515151,0.5396825396825397,0.6375,0.6144578313253012,0.010188101851428202,0.025477185942841263,0.01528908409141306
sk_hynix,000660,technical_only,depth2_fast,validation,146,0.5753424657534246,0.5710460891183783,0.5701804368471035,0.5766329729800049,0.7229621902992525,0.4589041095890411,0.541095890410959,0.4589041095890411,True,0.5731497418244406,34,29,33,50,0.5074626865671642,0.5396825396825397,0.6329113924050633,0.6024096385542169,0.0110298269954827,0.024956850492711662,0.013927023497228963
sk_hynix,000660,technical_only,depth3_conservative,validation,146,0.5616438356164384,0.5570854847963282,0.556315289648623,0.5629759721083921,0.7227876516737383,0.4589041095890411,0.541095890410959,0.4589041095890411,True,0.5502008032128514,33,30,34,49,0.4925373134328358,0.5238095238095238,0.620253164556962,0.5903614457831325,0.01202272953165931,0.024114768594941625,0.012092039063282316
sk_hynix,000660,technical_only,baseline_depth3_unweighted,validation,146,0.5547945205479452,0.5453241537578887,0.5453892215568863,0.5543466491674186,0.7435440986707782,0.4246575342465753,0.5753424657534246,0.4246575342465753,True,0.576592082616179,30,33,32,51,0.4838709677419355,0.47619047619047616,0.6071428571428571,0.6144578313253012,0.01261004974750004,0.022961506110435233,0.010351456362935194
sk_hynix,000660,technical_only,depth2_fast_unweighted,validation,146,0.5753424657534246,0.5710460891183783,0.5701804368471035,0.5766329729800049,0.7229621902992525,0.4589041095890411,0.541095890410959,0.4589041095890411,True,0.5731497418244406,34,29,33,50,0.5074626865671642,0.5396825396825397,0.6329113924050633,0.6024096385542169,0.0110298269954827,0.024956850492711662,0.013927023497228963
sk_hynix,000660,technical_only,depth3_regularized_unweighted,validation,146,0.5753424657534246,0.5710460891183783,0.5701804368471035,0.5766329729800049,0.7280834080355751,0.4589041095890411,0.541095890410959,0.4589041095890411,True,0.5783132530120482,34,29,33,50,0.5074626865671642,0.5396825396825397,0.6329113924050633,0.6024096385542169,0.010425470838102139,0.02546940571479391,0.01504393487669177
sk_hynix,000660,technical_only,depth4_slow_unweighted,validation,146,0.5821917808219178,0.5770701855039204,0.5764493270556903,0.5832051550159579,0.7345280823845816,0.4520547945205479,0.547945205479452,0.4520547945205479,True,0.5876840696117805,34,29,32,51,0.5151515151515151,0.5396825396825397,0.6375,0.6144578313253012,0.010188101851428202,0.025477185942841263,0.01528908409141306
sk_hynix,000660,technical_only,shallow_regularized,test,177,0.5084745762711864,0.4888235294117647,0.4872640095894516,0.5031719346007527,0.7375883202259912,0.3728813559322034,0.6271186440677966,0.3728813559322034,True,0.5228758169934641,27,48,39,63,0.4090909090909091,0.36,0.5675675675675675,0.6176470588235294,0.012624787740651086,0.010943065556591912,-0.0016817221840591742
sk_hynix,000660,technical_only,shallow_regularized,recent_regime,258,0.5155038759689923,0.482051282051282,0.4758057962062968,0.5328368403724226,0.7327044257953397,0.42248062015503873,0.5775193798449613,0.42248062015503873,True,0.46645299145299146,31,47,78,102,0.28440366972477066,0.3974358974358974,0.6845637583892618,0.5666666666666667,0.05291936291425575,0.04711033463397185,-0.005809028280283901
sk_hynix,000660,technical_core,baseline_depth3,validation,146,0.4520547945205479,0.5180722891566265,0.34070896364867914,0.30359368669138953,1.720979724622134,0.9794520547945206,0.02054794520547945,0.02054794520547945,False,0.5459934978007267,63,0,80,3,0.4405594405594406,1.0,1.0,0.03614457831325301,0.016906148909684917,0.09767010117887305,0.08076395226918813
sk_hynix,000660,technical_core,shallow_regularized,validation,146,0.4589041095890411,0.5240963855421686,0.3532940846649846,0.31749407621615183,1.2665780674179679,0.9726027397260274,0.0273972602739726,0.0273972602739726,False,0.5165423599158538,63,0,79,4,0.44366197183098594,1.0,1.0,0.04819277108433735,0.016067013280948724,0.10726842793171093,0.0912014146507622
sk_hynix,000660,technical_core,depth3_regularized,validation,146,0.4657534246575342,0.5301204819277109,0.36564171122994654,0.3311204307376749,1.3125486757948688,0.9657534246575342,0.03424657534246575,0.03424657534246575,False,0.5406387454580226,63,0,78,5,0.44680851063829785,1.0,1.0,0.060240963855421686,0.015415006282941266,0.10741474234536877,0.0919997360624275
sk_hynix,000660,technical_core,depth4_slow,validation,146,0.4657534246575342,0.5301204819277109,0.36564171122994654,0.3311204307376749,1.398230911698553,0.9657534246575342,0.03424657534246575,0.03424657534246575,False,0.570281124497992,63,0,78,5,0.44680851063829785,1.0,1.0,0.060240963855421686,0.015321118501890791,0.11006237777099215,0.09474125926910136
sk_hynix,000660,technical_core,depth2_fast,validation,146,0.4452054794520548,0.5120481927710844,0.32787723785166245,0.2894089619171075,1.6143437893659742,0.9863013698630136,0.0136986301369863,0.0136986301369863,False,0.5153949129852744,63,0,81,2,0.4375,1.0,1.0,0.024096385542168676,0.016877404828135024,0.14012165118505931,0.1232442463569243
sk_hynix,000660,technical_core,depth3_conservative,validation,146,0.4726027397260274,0.5342321667622872,0.385380788365863,0.35366371514398504,1.160322273757913,0.9452054794520548,0.0547945205479452,0.0547945205479452,False,0.561675272518646,62,1,76,7,0.4492753623188406,0.9841269841269841,0.875,0.08433734939759036,0.015053858409832371,0.07914464213308686,0.0640907837232545
sk_hynix,000660,technical_core,baseline_depth3_unweighted,validation,146,0.4520547945205479,0.5180722891566265,0.34070896364867914,0.30359368669138953,1.720979724622134,0.9794520547945206,0.02054794520547945,0.02054794520547945,False,0.5459934978007267,63,0,80,3,0.4405594405594406,1.0,1.0,0.03614457831325301,0.016906148909684917,0.09767010117887305,0.08076395226918813
sk_hynix,000660,technical_core,depth2_fast_unweighted,validation,146,0.4452054794520548,0.5120481927710844,0.32787723785166245,0.2894089619171075,1.6143437893659742,0.9863013698630136,0.0136986301369863,0.0136986301369863,False,0.5153949129852744,63,0,81,2,0.4375,1.0,1.0,0.024096385542168676,0.016877404828135024,0.14012165118505931,0.1232442463569243
sk_hynix,000660,technical_core,depth3_regularized_unweighted,validation,146,0.4657534246575342,0.5301204819277109,0.36564171122994654,0.3311204307376749,1.3125486757948688,0.9657534246575342,0.03424657534246575,0.03424657534246575,False,0.5406387454580226,63,0,78,5,0.44680851063829785,1.0,1.0,0.060240963855421686,0.015415006282941266,0.10741474234536877,0.0919997360624275
sk_hynix,000660,technical_core,depth4_slow_unweighted,validation,146,0.4657534246575342,0.5301204819277109,0.36564171122994654,0.3311204307376749,1.398230911698553,0.9657534246575342,0.03424657534246575,0.03424657534246575,False,0.570281124497992,63,0,78,5,0.44680851063829785,1.0,1.0,0.060240963855421686,0.015321118501890791,0.11006237777099215,0.09474125926910136
sk_hynix,000660,technical_core,depth3_conservative,test,177,0.4632768361581921,0.4831372549019608,0.46155816708828334,0.4569177605995296,0.8266013045211801,0.632768361581921,0.3672316384180791,0.3672316384180791,True,0.49973856209150325,46,29,66,36,0.4107142857142857,0.6133333333333333,0.5538461538461539,0.35294117647058826,0.014024987628855788,0.007340271588197317,-0.006684716040658471
sk_hynix,000660,technical_core,depth3_conservative,recent_regime,258,0.3798449612403101,0.5047008547008547,0.3713450292397661,0.34244526043791645,0.9152350921810245,0.813953488372093,0.18604651162790697,0.18604651162790697,True,0.48418803418803424,64,14,146,34,0.3047619047619048,0.8205128205128205,0.7083333333333334,0.18888888888888888,0.05231114314705546,0.03754813244237574,-0.014763010704679724
sk_hynix,000660,technical_rates,baseline_depth3,validation,146,0.4794520547945205,0.5421686746987951,0.38965896589658966,0.3575900055759001,1.8362964455386637,0.952054794520548,0.04794520547945205,0.04794520547945205,False,0.5016255498183209,63,0,76,7,0.45323741007194246,1.0,1.0,0.08433734939759036,0.014690579787622182,0.09551414387743984,0.08082356408981765
sk_hynix,000660,technical_rates,shallow_regularized,validation,146,0.4657534246575342,0.5301204819277109,0.36564171122994654,0.3311204307376749,1.4384076457876702,0.9657534246575342,0.03424657534246575,0.03424657534246575,False,0.5251482118951999,63,0,78,5,0.44680851063829785,1.0,1.0,0.060240963855421686,0.015812537829408984,0.09620435273497911,0.08039181490557012
sk_hynix,000660,technical_rates,depth3_regularized,validation,146,0.4726027397260274,0.536144578313253,0.37776055792328556,0.34448259939600767,1.4448326848089903,0.958904109589041,0.0410958904109589,0.0410958904109589,False,0.5356664754255116,63,0,77,6,0.45,1.0,1.0,0.07228915662650602,0.015154055956761904,0.09817029394581595,0.08301623798905404
sk_hynix,000660,technical_rates,depth4_slow,validation,146,0.4657534246575342,0.5301204819277109,0.36564171122994654,0.3311204307376749,1.610515336222994,0.9657534246575342,0.03424657534246575,0.03424657534246575,False,0.5461847389558233,63,0,78,5,0.44680851063829785,1.0,1.0,0.060240963855421686,0.01571047389755782,0.099082555613182,0.08337208171562417
sk_hynix,000660,technical_rates,depth2_fast,validation,146,0.4657534246575342,0.5301204819277109,0.36564171122994654,0.3311204307376749,1.8645077283685136,0.9657534246575342,0.03424657534246575,0.03424657534246575,False,0.525530694205393,63,0,78,5,0.44680851063829785,1.0,1.0,0.060240963855421686,0.015812537829408984,0.09620435273497911,0.08039181490557012
sk_hynix,000660,technical_rates,depth3_conservative,validation,146,0.4863013698630137,0.5481927710843374,0.40134492373298347,0.3704516705947906,1.2570340880982411,0.9452054794520548,0.0547945205479452,0.0547945205479452,False,0.5224708357238478,63,0,75,8,0.45652173913043476,1.0,1.0,0.0963855421686747,0.014014424568691907,0.09707487589275987,0.08306045132406796
sk_hynix,000660,technical_rates,baseline_depth3_unweighted,validation,146,0.4794520547945205,0.5421686746987951,0.38965896589658966,0.3575900055759001,1.8362964455386637,0.952054794520548,0.04794520547945205,0.04794520547945205,False,0.5016255498183209,63,0,76,7,0.45323741007194246,1.0,1.0,0.08433734939759036,0.014690579787622182,0.09551414387743984,0.08082356408981765
sk_hynix,000660,technical_rates,depth2_fast_unweighted,validation,146,0.4657534246575342,0.5301204819277109,0.36564171122994654,0.3311204307376749,1.8645077283685136,0.9657534246575342,0.03424657534246575,0.03424657534246575,False,0.525530694205393,63,0,78,5,0.44680851063829785,1.0,1.0,0.060240963855421686,0.015812537829408984,0.09620435273497911,0.08039181490557012
sk_hynix,000660,technical_rates,depth3_regularized_unweighted,validation,146,0.4726027397260274,0.536144578313253,0.37776055792328556,0.34448259939600767,1.4448326848089903,0.958904109589041,0.0410958904109589,0.0410958904109589,False,0.5356664754255116,63,0,77,6,0.45,1.0,1.0,0.07228915662650602,0.015154055956761904,0.09817029394581595,0.08301623798905404
sk_hynix,000660,technical_rates,depth4_slow_unweighted,validation,146,0.4657534246575342,0.5301204819277109,0.36564171122994654,0.3311204307376749,1.610515336222994,0.9657534246575342,0.03424657534246575,0.03424657534246575,False,0.5461847389558233,63,0,78,5,0.44680851063829785,1.0,1.0,0.060240963855421686,0.01571047389755782,0.099082555613182,0.08337208171562417
sk_hynix,000660,technical_rates,depth3_conservative,test,177,0.4632768361581921,0.49549019607843137,0.4532240756999317,0.4419147201843888,0.9775724379550673,0.711864406779661,0.288135593220339,0.288135593220339,True,0.4933333333333333,53,22,73,29,0.42063492063492064,0.7066666666666667,0.5686274509803921,0.28431372549019607,0.011693501079453186,0.01126539473830534,-0.00042810634114784536
sk_hynix,000660,technical_rates,depth3_conservative,recent_regime,258,0.41472868217054265,0.5623931623931624,0.4010423873437572,0.3652474624121645,1.0959656116094518,0.8488372093023255,0.1511627906976744,0.1511627906976744,True,0.5395299145299145,73,5,146,34,0.3333333333333333,0.9358974358974359,0.8717948717948718,0.18888888888888888,0.04537123458436985,0.07311153959329965,0.0277403050089298
sk_hynix,000660,technical_dollar,baseline_depth3,validation,146,0.4657534246575342,0.5301204819277109,0.36564171122994654,0.3311204307376749,1.571839234730423,0.9657534246575342,0.03424657534246575,0.03424657534246575,False,0.5637789252247084,63,0,78,5,0.44680851063829785,1.0,1.0,0.060240963855421686,0.015321118501890791,0.11006237777099215,0.09474125926910136
sk_hynix,000660,technical_dollar,shallow_regularized,validation,146,0.4589041095890411,0.5240963855421686,0.3532940846649846,0.31749407621615183,1.268309464596672,0.9726027397260274,0.0273972602739726,0.0273972602739726,False,0.555364314400459,63,0,79,4,0.44366197183098594,1.0,1.0,0.04819277108433735,0.016067013280948724,0.10726842793171093,0.0912014146507622
sk_hynix,000660,technical_dollar,depth3_regularized,validation,146,0.4520547945205479,0.5123350545037292,0.3652173913043478,0.33305539011316254,1.2571462245513558,0.9383561643835616,0.06164383561643835,0.06164383561643835,False,0.5760183591508892,60,3,77,6,0.43795620437956206,0.9523809523809523,0.6666666666666666,0.07228915662650602,0.016084499064897742,0.05633480285895235,0.04025030379405461
sk_hynix,000660,technical_dollar,depth4_slow,validation,146,0.4794520547945205,0.5421686746987951,0.38965896589658966,0.3575900055759001,1.3996227108590311,0.952054794520548,0.04794520547945205,0.04794520547945205,False,0.576592082616179,63,0,76,7,0.45323741007194246,1.0,1.0,0.08433734939759036,0.01439086084042122,0.10146570582900181,0.08707484498858059
sk_hynix,000660,technical_dollar,depth2_fast,validation,146,0.4383561643835616,0.5060240963855421,0.3147893772893773,0.27492912338802744,1.6657283817184116,0.9931506849315068,0.00684931506849315,0.00684931506849315,False,0.534136546184739,63,0,82,1,0.43448275862068964,1.0,1.0,0.012048192771084338,0.017699377265114953,0.1441798941798941,0.12648051691477916
sk_hynix,000660,technical_dollar,depth3_conservative,validation,146,0.4520547945205479,0.5104226429527634,0.37244788308618093,0.341829840226809,1.2441324336365565,0.9246575342465754,0.07534246575342465,0.07534246575342465,False,0.5687511952572193,59,4,76,7,0.43703703703703706,0.9365079365079365,0.6363636363636364,0.08433734939759036,0.01659509627675773,0.0427501454781153,0.02615504920135757
sk_hynix,000660,technical_dollar,baseline_depth3_unweighted,validation,146,0.4657534246575342,0.5301204819277109,0.36564171122994654,0.3311204307376749,1.571839234730423,0.9657534246575342,0.03424657534246575,0.03424657534246575,False,0.5637789252247084,63,0,78,5,0.44680851063829785,1.0,1.0,0.060240963855421686,0.015321118501890791,0.11006237777099215,0.09474125926910136
sk_hynix,000660,technical_dollar,depth2_fast_unweighted,validation,146,0.4383561643835616,0.5060240963855421,0.3147893772893773,0.27492912338802744,1.6657283817184116,0.9931506849315068,0.00684931506849315,0.00684931506849315,False,0.534136546184739,63,0,82,1,0.43448275862068964,1.0,1.0,0.012048192771084338,0.017699377265114953,0.1441798941798941,0.12648051691477916
sk_hynix,000660,technical_dollar,depth3_regularized_unweighted,validation,146,0.4520547945205479,0.5123350545037292,0.3652173913043478,0.33305539011316254,1.2571462245513558,0.9383561643835616,0.06164383561643835,0.06164383561643835,False,0.5760183591508892,60,3,77,6,0.43795620437956206,0.9523809523809523,0.6666666666666666,0.07228915662650602,0.016084499064897742,0.05633480285895235,0.04025030379405461
sk_hynix,000660,technical_dollar,depth4_slow_unweighted,validation,146,0.4794520547945205,0.5421686746987951,0.38965896589658966,0.3575900055759001,1.3996227108590311,0.952054794520548,0.04794520547945205,0.04794520547945205,False,0.576592082616179,63,0,76,7,0.45323741007194246,1.0,1.0,0.08433734939759036,0.01439086084042122,0.10146570582900181,0.08707484498858059
sk_hynix,000660,technical_dollar,depth4_slow,test,177,0.423728813559322,0.44176470588235295,0.42223502304147464,0.4177536514879324,0.9226395595887337,0.6271186440677966,0.3728813559322034,0.3728813559322034,True,0.4939869281045751,42,33,69,33,0.3783783783783784,0.56,0.5,0.3235294117647059,0.020459989534390988,-0.003380948040192817,-0.023840937574583804
sk_hynix,000660,technical_dollar,depth4_slow,recent_regime,258,0.4108527131782946,0.49786324786324787,0.41053391053391053,0.40511426557938185,0.9230249726876559,0.7209302325581395,0.27906976744186046,0.27906976744186046,True,0.4886039886039886,56,22,130,50,0.3010752688172043,0.717948717948718,0.6944444444444444,0.2777777777777778,0.05624656099850738,0.032302639894351504,-0.02394392110415588
sk_hynix,000660,technical_semi_etf,baseline_depth3,validation,146,0.4657534246575342,0.5301204819277109,0.36564171122994654,0.3311204307376749,1.5004296735834357,0.9657534246575342,0.03424657534246575,0.03424657534246575,False,0.5375788869764774,63,0,78,5,0.44680851063829785,1.0,1.0,0.060240963855421686,0.015321118501890791,0.11006237777099215,0.09474125926910136
sk_hynix,000660,technical_semi_etf,shallow_regularized,validation,146,0.4657534246575342,0.5301204819277109,0.36564171122994654,0.3311204307376749,1.2154107973010397,0.9657534246575342,0.03424657534246575,0.03424657534246575,False,0.5312679288582902,63,0,78,5,0.44680851063829785,1.0,1.0,0.060240963855421686,0.015812537829408984,0.09620435273497911,0.08039181490557012
sk_hynix,000660,technical_semi_etf,depth3_regularized,validation,146,0.4863013698630137,0.5481927710843374,0.40134492373298347,0.3704516705947906,1.2660896069439926,0.9452054794520548,0.0547945205479452,0.0547945205479452,False,0.5771658060814687,63,0,75,8,0.45652173913043476,1.0,1.0,0.0963855421686747,0.014110099770411649,0.09542447866309435,0.0813143788926827
sk_hynix,000660,technical_semi_etf,depth4_slow,validation,146,0.4863013698630137,0.5481927710843374,0.40134492373298347,0.3704516705947906,1.3396965476393083,0.9452054794520548,0.0547945205479452,0.0547945205479452,False,0.5578504494167145,63,0,75,8,0.45652173913043476,1.0,1.0,0.0963855421686747,0.014110099770411649,0.09542447866309435,0.0813143788926827
sk_hynix,000660,technical_semi_etf,depth2_fast,validation,146,0.4589041095890411,0.5240963855421686,0.3532940846649846,0.31749407621615183,1.5574502714059613,0.9726027397260274,0.0273972602739726,0.0273972602739726,False,0.5396825396825397,63,0,79,4,0.44366197183098594,1.0,1.0,0.04819277108433735,0.01576095413059422,0.11813352776929575,0.10237257363870153
sk_hynix,000660,technical_semi_etf,depth3_conservative,validation,146,0.4726027397260274,0.5342321667622872,0.385380788365863,0.35366371514398504,1.1518253382130201,0.9452054794520548,0.0547945205479452,0.0547945205479452,False,0.5614840313635495,62,1,76,7,0.4492753623188406,0.9841269841269841,0.875,0.08433734939759036,0.015053858409832371,0.07914464213308686,0.0640907837232545
sk_hynix,000660,technical_semi_etf,baseline_depth3_unweighted,validation,146,0.4657534246575342,0.5301204819277109,0.36564171122994654,0.3311204307376749,1.5004296735834357,0.9657534246575342,0.03424657534246575,0.03424657534246575,False,0.5375788869764774,63,0,78,5,0.44680851063829785,1.0,1.0,0.060240963855421686,0.015321118501890791,0.11006237777099215,0.09474125926910136
sk_hynix,000660,technical_semi_etf,depth2_fast_unweighted,validation,146,0.4589041095890411,0.5240963855421686,0.3532940846649846,0.31749407621615183,1.5574502714059613,0.9726027397260274,0.0273972602739726,0.0273972602739726,False,0.5396825396825397,63,0,79,4,0.44366197183098594,1.0,1.0,0.04819277108433735,0.01576095413059422,0.11813352776929575,0.10237257363870153
sk_hynix,000660,technical_semi_etf,depth3_regularized_unweighted,validation,146,0.4863013698630137,0.5481927710843374,0.40134492373298347,0.3704516705947906,1.2660896069439926,0.9452054794520548,0.0547945205479452,0.0547945205479452,False,0.5771658060814687,63,0,75,8,0.45652173913043476,1.0,1.0,0.0963855421686747,0.014110099770411649,0.09542447866309435,0.0813143788926827
sk_hynix,000660,technical_semi_etf,depth4_slow_unweighted,validation,146,0.4863013698630137,0.5481927710843374,0.40134492373298347,0.3704516705947906,1.3396965476393083,0.9452054794520548,0.0547945205479452,0.0547945205479452,False,0.5578504494167145,63,0,75,8,0.45652173913043476,1.0,1.0,0.0963855421686747,0.014110099770411649,0.09542447866309435,0.0813143788926827
sk_hynix,000660,technical_semi_etf,depth3_regularized,test,177,0.4350282485875706,0.44450980392156864,0.43501021450459654,0.4354971347448971,0.8509697516005204,0.5706214689265536,0.4293785310734463,0.4293785310734463,True,0.5041830065359477,38,37,63,39,0.37623762376237624,0.5066666666666667,0.5131578947368421,0.38235294117647056,0.020320811370500822,-5.9022115209331975e-05,-0.020379833485710153
sk_hynix,000660,technical_semi_etf,depth3_regularized,recent_regime,258,0.4573643410852713,0.5057692307692307,0.45408379179009734,0.4708145931954847,0.8182111725163872,0.6201550387596899,0.3798449612403101,0.3798449612403101,True,0.47635327635327634,49,29,111,69,0.30625,0.6282051282051282,0.7040816326530612,0.38333333333333336,0.05812034932461424,0.03559586251201433,-0.022524486812599907
sk_hynix,000660,technical_monthly_industry,baseline_depth3,validation,146,0.4726027397260274,0.536144578313253,0.37776055792328556,0.34448259939600767,1.4241306234641238,0.958904109589041,0.0410958904109589,0.0410958904109589,False,0.49818320902658253,63,0,77,6,0.45,1.0,1.0,0.07228915662650602,0.014956704588768108,0.1027751591990045,0.0878184546102364
sk_hynix,000660,technical_monthly_industry,shallow_regularized,validation,146,0.4726027397260274,0.536144578313253,0.37776055792328556,0.34448259939600767,1.110766631425924,0.958904109589041,0.0410958904109589,0.0410958904109589,False,0.5173073245362402,63,0,77,6,0.45,1.0,1.0,0.07228915662650602,0.015154055956761904,0.09817029394581595,0.08301623798905404
sk_hynix,000660,technical_monthly_industry,depth3_regularized,validation,146,0.4657534246575342,0.5224708357238478,0.3947704081632653,0.36637720156555775,1.2458304717672288,0.910958904109589,0.08904109589041095,0.08904109589041095,False,0.5226620768789444,59,4,74,9,0.44360902255639095,0.9365079365079365,0.6923076923076923,0.10843373493975904,0.01611061147164212,0.043682943991781534,0.027572332520139412
sk_hynix,000660,technical_monthly_industry,depth4_slow,validation,146,0.4794520547945205,0.5364314400458978,0.41028911564625853,0.3826239399869537,1.3241326789110661,0.910958904109589,0.08904109589041095,0.08904109589041095,False,0.5410212277682157,60,3,73,10,0.45112781954887216,0.9523809523809523,0.7692307692307693,0.12048192771084337,0.015286849992002697,0.05211065759116951,0.03682380759916681
sk_hynix,000660,technical_monthly_industry,depth2_fast,validation,146,0.4589041095890411,0.5240963855421686,0.3532940846649846,0.31749407621615183,1.452912219003592,0.9726027397260274,0.0273972602739726,0.0273972602739726,False,0.48364888123924277,63,0,79,4,0.44366197183098594,1.0,1.0,0.04819277108433735,0.016067013280948724,0.10726842793171093,0.0912014146507622
sk_hynix,000660,technical_monthly_industry,depth3_conservative,validation,146,0.4726027397260274,0.5246701090074584,0.41724120055984654,0.392636072041544,1.0962614919236109,0.8767123287671232,0.1232876712328767,0.1232876712328767,True,0.4951233505450373,57,6,71,12,0.4453125,0.9047619047619048,0.6666666666666666,0.14457831325301204,0.016263357481307635,0.03493776888967695,0.018674411408369316
sk_hynix,000660,technical_monthly_industry,baseline_depth3_unweighted,validation,146,0.4726027397260274,0.536144578313253,0.37776055792328556,0.34448259939600767,1.4241306234641238,0.958904109589041,0.0410958904109589,0.0410958904109589,False,0.49818320902658253,63,0,77,6,0.45,1.0,1.0,0.07228915662650602,0.014956704588768108,0.1027751591990045,0.0878184546102364
sk_hynix,000660,technical_monthly_industry,depth2_fast_unweighted,validation,146,0.4589041095890411,0.5240963855421686,0.3532940846649846,0.31749407621615183,1.452912219003592,0.9726027397260274,0.0273972602739726,0.0273972602739726,False,0.48364888123924277,63,0,79,4,0.44366197183098594,1.0,1.0,0.04819277108433735,0.016067013280948724,0.10726842793171093,0.0912014146507622
sk_hynix,000660,technical_monthly_industry,depth3_regularized_unweighted,validation,146,0.4657534246575342,0.5224708357238478,0.3947704081632653,0.36637720156555775,1.2458304717672288,0.910958904109589,0.08904109589041095,0.08904109589041095,False,0.5226620768789444,59,4,74,9,0.44360902255639095,0.9365079365079365,0.6923076923076923,0.10843373493975904,0.01611061147164212,0.043682943991781534,0.027572332520139412
sk_hynix,000660,technical_monthly_industry,depth4_slow_unweighted,validation,146,0.4794520547945205,0.5364314400458978,0.41028911564625853,0.3826239399869537,1.3241326789110661,0.910958904109589,0.08904109589041095,0.08904109589041095,False,0.5410212277682157,60,3,73,10,0.45112781954887216,0.9523809523809523,0.7692307692307693,0.12048192771084337,0.015286849992002697,0.05211065759116951,0.03682380759916681
sk_hynix,000660,technical_monthly_industry,depth3_conservative,test,177,0.4745762711864407,0.501764705882353,0.4690856313497823,0.46084967159479473,0.9531188549322248,0.6779661016949152,0.3220338983050847,0.3220338983050847,True,0.4725490196078431,51,24,69,33,0.425,0.68,0.5789473684210527,0.3235294117647059,0.010392385957673092,0.014049648293752678,0.0036572623360795857
sk_hynix,000660,technical_monthly_industry,depth3_conservative,recent_regime,258,0.44573643410852715,0.5047008547008547,0.44432562692973865,0.4553950371017711,0.854387845693817,0.6472868217054264,0.35271317829457366,0.35271317829457366,True,0.476994301994302,51,27,116,64,0.30538922155688625,0.6538461538461539,0.7032967032967034,0.35555555555555557,0.05275669986092031,0.0437063905641977,-0.009050309296722611
sk_hynix,000660,technical_domestic_alpha,baseline_depth3,validation,146,0.4657534246575342,0.5301204819277109,0.36564171122994654,0.3311204307376749,1.5920023079798729,0.9657534246575342,0.03424657534246575,0.03424657534246575,False,0.535475234270415,63,0,78,5,0.44680851063829785,1.0,1.0,0.060240963855421686,0.015598195827832936,0.10224879717942362,0.08665060135159068
sk_hynix,000660,technical_domestic_alpha,shallow_regularized,validation,146,0.4589041095890411,0.5240963855421686,0.3532940846649846,0.31749407621615183,1.2119308472213792,0.9726027397260274,0.0273972602739726,0.0273972602739726,False,0.5213233887932683,63,0,79,4,0.44366197183098594,1.0,1.0,0.04819277108433735,0.015988720023263323,0.11004783857954265,0.09405911855627933
sk_hynix,000660,technical_domestic_alpha,depth3_regularized,validation,146,0.4726027397260274,0.536144578313253,0.37776055792328556,0.34448259939600767,1.3123326523410817,0.958904109589041,0.0410958904109589,0.0410958904109589,False,0.5125262956588258,63,0,77,6,0.45,1.0,1.0,0.07228915662650602,0.015154055956761904,0.09817029394581595,0.08301623798905404
sk_hynix,000660,technical_domestic_alpha,depth4_slow,validation,146,0.4726027397260274,0.536144578313253,0.37776055792328556,0.34448259939600767,1.4073595185651844,0.958904109589041,0.0410958904109589,0.0410958904109589,False,0.5387263339070567,63,0,77,6,0.45,1.0,1.0,0.07228915662650602,0.015154055956761904,0.09817029394581595,0.08301623798905404
sk_hynix,000660,technical_domestic_alpha,depth2_fast,validation,146,0.4383561643835616,0.5060240963855421,0.3147893772893773,0.27492912338802744,1.5509102384376392,0.9931506849315068,0.00684931506849315,0.00684931506849315,False,0.5278255880665519,63,0,82,1,0.43448275862068964,1.0,1.0,0.012048192771084338,0.01775535303056095,0.1360634081902245,0.11830805515966356
sk_hynix,000660,technical_domestic_alpha,depth3_conservative,validation,146,0.4657534246575342,0.5243832472748136,0.38813668600902645,0.35828409422113877,1.1117754997100482,0.9246575342465754,0.07534246575342465,0.07534246575342465,False,0.552686938229107,60,3,75,8,0.4444444444444444,0.9523809523809523,0.7272727272727273,0.0963855421686747,0.016274105323364402,0.046689579906124386,0.030415474582759984
sk_hynix,000660,technical_domestic_alpha,baseline_depth3_unweighted,validation,146,0.4657534246575342,0.5301204819277109,0.36564171122994654,0.3311204307376749,1.5920023079798729,0.9657534246575342,0.03424657534246575,0.03424657534246575,False,0.535475234270415,63,0,78,5,0.44680851063829785,1.0,1.0,0.060240963855421686,0.015598195827832936,0.10224879717942362,0.08665060135159068
sk_hynix,000660,technical_domestic_alpha,depth2_fast_unweighted,validation,146,0.4383561643835616,0.5060240963855421,0.3147893772893773,0.27492912338802744,1.5509102384376392,0.9931506849315068,0.00684931506849315,0.00684931506849315,False,0.5278255880665519,63,0,82,1,0.43448275862068964,1.0,1.0,0.012048192771084338,0.01775535303056095,0.1360634081902245,0.11830805515966356
sk_hynix,000660,technical_domestic_alpha,depth3_regularized_unweighted,validation,146,0.4726027397260274,0.536144578313253,0.37776055792328556,0.34448259939600767,1.3123326523410817,0.958904109589041,0.0410958904109589,0.0410958904109589,False,0.5125262956588258,63,0,77,6,0.45,1.0,1.0,0.07228915662650602,0.015154055956761904,0.09817029394581595,0.08301623798905404
sk_hynix,000660,technical_domestic_alpha,depth4_slow_unweighted,validation,146,0.4726027397260274,0.536144578313253,0.37776055792328556,0.34448259939600767,1.4073595185651844,0.958904109589041,0.0410958904109589,0.0410958904109589,False,0.5387263339070567,63,0,77,6,0.45,1.0,1.0,0.07228915662650602,0.015154055956761904,0.09817029394581595,0.08301623798905404
sk_hynix,000660,technical_domestic_alpha,depth3_conservative,test,177,0.4576271186440678,0.4835294117647059,0.45257731958762887,0.44455705049799055,0.8646298000115114,0.672316384180791,0.327683615819209,0.327683615819209,True,0.490718954248366,49,26,70,32,0.4117647058823529,0.6533333333333333,0.5517241379310345,0.3137254901960784,0.014108653354151866,0.006361836526217275,-0.007746816827934592
sk_hynix,000660,technical_domestic_alpha,depth3_conservative,recent_regime,258,0.38372093023255816,0.5256410256410257,0.3693095336930953,0.3316181888975772,0.9926923579434211,0.8488372093023255,0.1511627906976744,0.1511627906976744,True,0.5032051282051282,69,9,150,30,0.3150684931506849,0.8846153846153846,0.7692307692307693,0.16666666666666666,0.04975493989993012,0.04849534820592269,-0.0012595916940074323
sk_hynix,000660,technical_rates_dollar,baseline_depth3,validation,146,0.4657534246575342,0.5301204819277109,0.36564171122994654,0.3311204307376749,1.9932167529487097,0.9657534246575342,0.03424657534246575,0.03424657534246575,False,0.5096576783323772,63,0,78,5,0.44680851063829785,1.0,1.0,0.060240963855421686,0.015321118501890791,0.11006237777099215,0.09474125926910136
sk_hynix,000660,technical_rates_dollar,shallow_regularized,validation,146,0.4726027397260274,0.536144578313253,0.37776055792328556,0.34448259939600767,1.505132259939697,0.958904109589041,0.0410958904109589,0.0410958904109589,False,0.5312679288582903,63,0,77,6,0.45,1.0,1.0,0.07228915662650602,0.015154055956761904,0.09817029394581595,0.08301623798905404
sk_hynix,000660,technical_rates_dollar,depth3_regularized,validation,146,0.4657534246575342,0.5301204819277109,0.36564171122994654,0.3311204307376749,1.5569618262081772,0.9657534246575342,0.03424657534246575,0.03424657534246575,False,0.5350927519602219,63,0,78,5,0.44680851063829785,1.0,1.0,0.060240963855421686,0.015415006282941266,0.10741474234536877,0.0919997360624275
sk_hynix,000660,technical_rates_dollar,depth4_slow,validation,146,0.4863013698630137,0.5481927710843374,0.40134492373298347,0.3704516705947906,1.6769526783997093,0.9452054794520548,0.0547945205479452,0.0547945205479452,False,0.5475234270414993,63,0,75,8,0.45652173913043476,1.0,1.0,0.0963855421686747,0.01466624030661431,0.08583105441359842,0.07116481410698411
sk_hynix,000660,technical_rates_dollar,depth2_fast,validation,146,0.4520547945205479,0.5180722891566265,0.34070896364867914,0.30359368669138953,1.942583285915435,0.9794520547945206,0.02054794520547945,0.02054794520547945,False,0.521514629948365,63,0,80,3,0.4405594405594406,1.0,1.0,0.03614457831325301,0.016498557088618856,0.11709864464968867,0.1006000875610698
sk_hynix,000660,technical_rates_dollar,depth3_conservative,validation,146,0.4657534246575342,0.5262956588257793,0.38108695652173913,0.3497290053603335,1.3265214844916793,0.9383561643835616,0.06164383561643835,0.06164383561643835,False,0.5303117230828074,61,2,76,7,0.44525547445255476,0.9682539682539683,0.7777777777777778,0.08433734939759036,0.015385854607053747,0.06696972405057763,0.05158386944352389
sk_hynix,000660,technical_rates_dollar,baseline_depth3_unweighted,validation,146,0.4657534246575342,0.5301204819277109,0.36564171122994654,0.3311204307376749,1.9932167529487097,0.9657534246575342,0.03424657534246575,0.03424657534246575,False,0.5096576783323772,63,0,78,5,0.44680851063829785,1.0,1.0,0.060240963855421686,0.015321118501890791,0.11006237777099215,0.09474125926910136
sk_hynix,000660,technical_rates_dollar,depth2_fast_unweighted,validation,146,0.4520547945205479,0.5180722891566265,0.34070896364867914,0.30359368669138953,1.942583285915435,0.9794520547945206,0.02054794520547945,0.02054794520547945,False,0.521514629948365,63,0,80,3,0.4405594405594406,1.0,1.0,0.03614457831325301,0.016498557088618856,0.11709864464968867,0.1006000875610698
sk_hynix,000660,technical_rates_dollar,depth3_regularized_unweighted,validation,146,0.4657534246575342,0.5301204819277109,0.36564171122994654,0.3311204307376749,1.5569618262081772,0.9657534246575342,0.03424657534246575,0.03424657534246575,False,0.5350927519602219,63,0,78,5,0.44680851063829785,1.0,1.0,0.060240963855421686,0.015415006282941266,0.10741474234536877,0.0919997360624275
sk_hynix,000660,technical_rates_dollar,depth4_slow_unweighted,validation,146,0.4863013698630137,0.5481927710843374,0.40134492373298347,0.3704516705947906,1.6769526783997093,0.9452054794520548,0.0547945205479452,0.0547945205479452,False,0.5475234270414993,63,0,75,8,0.45652173913043476,1.0,1.0,0.0963855421686747,0.01466624030661431,0.08583105441359842,0.07116481410698411
sk_hynix,000660,technical_rates_dollar,depth4_slow,test,177,0.480225988700565,0.5419607843137255,0.42008547008547004,0.39159785600463565,1.2920492284090626,0.8983050847457628,0.1016949152542373,0.1016949152542373,True,0.5130718954248366,71,4,88,14,0.44654088050314467,0.9466666666666667,0.7777777777777778,0.13725490196078433,0.0059396025950670325,0.06130663639161197,0.05536703379654494
sk_hynix,000660,technical_rates_dollar,depth4_slow,recent_regime,258,0.40310077519379844,0.5685897435897436,0.3798076923076923,0.33228980322003576,1.4315037064519673,0.8914728682170543,0.10852713178294573,0.10852713178294573,True,0.5045584045584045,77,1,153,27,0.3347826086956522,0.9871794871794872,0.9642857142857143,0.15,0.04622195783971569,0.07702143267789555,0.03079947483817986
sk_hynix,000660,technical_rates_semi_etf,baseline_depth3,validation,146,0.4726027397260274,0.536144578313253,0.37776055792328556,0.34448259939600767,1.798140228169465,0.958904109589041,0.0410958904109589,0.0410958904109589,False,0.48995983935742976,63,0,77,6,0.45,1.0,1.0,0.07228915662650602,0.014956704588768108,0.1027751591990045,0.0878184546102364
sk_hynix,000660,technical_rates_semi_etf,shallow_regularized,validation,146,0.4726027397260274,0.536144578313253,0.37776055792328556,0.34448259939600767,1.4430472242267258,0.958904109589041,0.0410958904109589,0.0410958904109589,False,0.5343277873398355,63,0,77,6,0.45,1.0,1.0,0.07228915662650602,0.015154055956761904,0.09817029394581595,0.08301623798905404
sk_hynix,000660,technical_rates_semi_etf,depth3_regularized,validation,146,0.4794520547945205,0.5421686746987951,0.38965896589658966,0.3575900055759001,1.4682989321631201,0.952054794520548,0.04794520547945205,0.04794520547945205,False,0.5496270797475616,63,0,76,7,0.45323741007194246,1.0,1.0,0.08433734939759036,0.014785818471997125,0.09362297571628028,0.07883715724428315
sk_hynix,000660,technical_rates_semi_etf,depth4_slow,validation,146,0.4657534246575342,0.5301204819277109,0.36564171122994654,0.3311204307376749,1.6327119689753007,0.9657534246575342,0.03424657534246575,0.03424657534246575,False,0.5240007649646203,63,0,78,5,0.44680851063829785,1.0,1.0,0.060240963855421686,0.015415006282941266,0.10741474234536877,0.0919997360624275
sk_hynix,000660,technical_rates_semi_etf,depth2_fast,validation,146,0.4589041095890411,0.5240963855421686,0.3532940846649846,0.31749407621615183,1.8614656996081744,0.9726027397260274,0.0273972602739726,0.0273972602739726,False,0.4798240581373111,63,0,79,4,0.44366197183098594,1.0,1.0,0.04819277108433735,0.016067013280948724,0.10726842793171093,0.0912014146507622
sk_hynix,000660,technical_rates_semi_etf,depth3_conservative,validation,146,0.4520547945205479,0.5104226429527634,0.37244788308618093,0.341829840226809,1.2705999640945225,0.9246575342465754,0.07534246575342465,0.07534246575342465,False,0.5054503729202524,59,4,76,7,0.43703703703703706,0.9365079365079365,0.6363636363636364,0.08433734939759036,0.01619413955476199,0.04767097797533575,0.03147683842057376
sk_hynix,000660,technical_rates_semi_etf,baseline_depth3_unweighted,validation,146,0.4726027397260274,0.536144578313253,0.37776055792328556,0.34448259939600767,1.798140228169465,0.958904109589041,0.0410958904109589,0.0410958904109589,False,0.48995983935742976,63,0,77,6,0.45,1.0,1.0,0.07228915662650602,0.014956704588768108,0.1027751591990045,0.0878184546102364
sk_hynix,000660,technical_rates_semi_etf,depth2_fast_unweighted,validation,146,0.4589041095890411,0.5240963855421686,0.3532940846649846,0.31749407621615183,1.8614656996081744,0.9726027397260274,0.0273972602739726,0.0273972602739726,False,0.4798240581373111,63,0,79,4,0.44366197183098594,1.0,1.0,0.04819277108433735,0.016067013280948724,0.10726842793171093,0.0912014146507622
sk_hynix,000660,technical_rates_semi_etf,depth3_regularized_unweighted,validation,146,0.4794520547945205,0.5421686746987951,0.38965896589658966,0.3575900055759001,1.4682989321631201,0.952054794520548,0.04794520547945205,0.04794520547945205,False,0.5496270797475616,63,0,76,7,0.45323741007194246,1.0,1.0,0.08433734939759036,0.014785818471997125,0.09362297571628028,0.07883715724428315
sk_hynix,000660,technical_rates_semi_etf,depth4_slow_unweighted,validation,146,0.4657534246575342,0.5301204819277109,0.36564171122994654,0.3311204307376749,1.6327119689753007,0.9657534246575342,0.03424657534246575,0.03424657534246575,False,0.5240007649646203,63,0,78,5,0.44680851063829785,1.0,1.0,0.060240963855421686,0.015415006282941266,0.10741474234536877,0.0919997360624275
sk_hynix,000660,technical_rates_semi_etf,depth3_regularized,test,177,0.4519774011299435,0.49098039215686273,0.43345982511136777,0.41783562034569444,1.0801273896554178,0.7570621468926554,0.24293785310734464,0.24293785310734464,True,0.5245751633986928,56,19,78,24,0.417910447761194,0.7466666666666667,0.5581395348837209,0.23529411764705882,0.01305437859833977,0.00694487291830569,-0.006109505680034081
sk_hynix,000660,technical_rates_semi_etf,depth3_regularized,recent_regime,258,0.4263565891472868,0.5743589743589743,0.41363636363636364,0.37949260042283295,1.0717626065813957,0.8449612403100775,0.15503875968992248,0.15503875968992248,True,0.5467236467236467,74,4,144,36,0.3394495412844037,0.9487179487179487,0.9,0.2,0.044953873588587115,0.07469264939509225,0.029738775806505136
sk_hynix,000660,technical_dollar_semi_etf,baseline_depth3,validation,146,0.4657534246575342,0.5301204819277109,0.36564171122994654,0.3311204307376749,1.6141569104539482,0.9657534246575342,0.03424657534246575,0.03424657534246575,False,0.5450372920252439,63,0,78,5,0.44680851063829785,1.0,1.0,0.060240963855421686,0.015321118501890791,0.11006237777099215,0.09474125926910136
sk_hynix,000660,technical_dollar_semi_etf,shallow_regularized,validation,146,0.4726027397260274,0.536144578313253,0.37776055792328556,0.34448259939600767,1.2808077891749086,0.958904109589041,0.0410958904109589,0.0410958904109589,False,0.5530694205393001,63,0,77,6,0.45,1.0,1.0,0.07228915662650602,0.015154055956761904,0.09817029394581595,0.08301623798905404
sk_hynix,000660,technical_dollar_semi_etf,depth3_regularized,validation,146,0.4589041095890411,0.5240963855421686,0.3532940846649846,0.31749407621615183,1.3751468994508997,0.9726027397260274,0.0273972602739726,0.0273972602739726,False,0.5909351692484224,63,0,79,4,0.44366197183098594,1.0,1.0,0.04819277108433735,0.016067013280948724,0.10726842793171093,0.0912014146507622
sk_hynix,000660,technical_dollar_semi_etf,depth4_slow,validation,146,0.4794520547945205,0.5421686746987951,0.38965896589658966,0.3575900055759001,1.3549589432402926,0.952054794520548,0.04794520547945205,0.04794520547945205,False,0.5737234652897304,63,0,76,7,0.45323741007194246,1.0,1.0,0.08433734939759036,0.01439086084042122,0.10146570582900181,0.08707484498858059
sk_hynix,000660,technical_dollar_semi_etf,depth2_fast,validation,146,0.4589041095890411,0.5240963855421686,0.3532940846649846,0.31749407621615183,1.646077138633164,0.9726027397260274,0.0273972602739726,0.0273972602739726,False,0.5262956588257794,63,0,79,4,0.44366197183098594,1.0,1.0,0.04819277108433735,0.01576095413059422,0.11813352776929575,0.10237257363870153
sk_hynix,000660,technical_dollar_semi_etf,depth3_conservative,validation,146,0.4589041095890411,0.5183591508892713,0.37677635489274325,0.34578474934697045,1.1993396738290185,0.9315068493150684,0.0684931506849315,0.0684931506849315,False,0.5649263721552877,60,3,76,7,0.4411764705882353,0.9523809523809523,0.7,0.08433734939759036,0.015820796470168673,0.05589612776786231,0.04007533129769364
sk_hynix,000660,technical_dollar_semi_etf,baseline_depth3_unweighted,validation,146,0.4657534246575342,0.5301204819277109,0.36564171122994654,0.3311204307376749,1.6141569104539482,0.9657534246575342,0.03424657534246575,0.03424657534246575,False,0.5450372920252439,63,0,78,5,0.44680851063829785,1.0,1.0,0.060240963855421686,0.015321118501890791,0.11006237777099215,0.09474125926910136
sk_hynix,000660,technical_dollar_semi_etf,depth2_fast_unweighted,validation,146,0.4589041095890411,0.5240963855421686,0.3532940846649846,0.31749407621615183,1.646077138633164,0.9726027397260274,0.0273972602739726,0.0273972602739726,False,0.5262956588257794,63,0,79,4,0.44366197183098594,1.0,1.0,0.04819277108433735,0.01576095413059422,0.11813352776929575,0.10237257363870153
sk_hynix,000660,technical_dollar_semi_etf,depth3_regularized_unweighted,validation,146,0.4589041095890411,0.5240963855421686,0.3532940846649846,0.31749407621615183,1.3751468994508997,0.9726027397260274,0.0273972602739726,0.0273972602739726,False,0.5909351692484224,63,0,79,4,0.44366197183098594,1.0,1.0,0.04819277108433735,0.016067013280948724,0.10726842793171093,0.0912014146507622
sk_hynix,000660,technical_dollar_semi_etf,depth4_slow_unweighted,validation,146,0.4794520547945205,0.5421686746987951,0.38965896589658966,0.3575900055759001,1.3549589432402926,0.952054794520548,0.04794520547945205,0.04794520547945205,False,0.5737234652897304,63,0,76,7,0.45323741007194246,1.0,1.0,0.08433734939759036,0.01439086084042122,0.10146570582900181,0.08707484498858059
sk_hynix,000660,technical_dollar_semi_etf,depth4_slow,test,177,0.4463276836158192,0.456078431372549,0.44631001021450456,0.44678719204999906,0.866423579671797,0.5706214689265536,0.4293785310734463,0.4293785310734463,True,0.4903267973856209,39,36,62,40,0.38613861386138615,0.52,0.5263157894736842,0.39215686274509803,0.01945712564269441,0.0010887707599018207,-0.01836835488279259
sk_hynix,000660,technical_dollar_semi_etf,depth4_slow,recent_regime,258,0.4689922480620155,0.5032051282051282,0.4621974042572615,0.48609651005329274,0.8231900042428605,0.5852713178294574,0.41472868217054265,0.41472868217054265,True,0.4735042735042735,46,32,105,75,0.304635761589404,0.5897435897435898,0.7009345794392523,0.4166666666666667,0.05799654468728391,0.037665160470428144,-0.020331384216855763
sk_hynix,000660,technical_alpha_semi_etf,baseline_depth3,validation,146,0.4726027397260274,0.536144578313253,0.37776055792328556,0.34448259939600767,1.5415473519269178,0.958904109589041,0.0410958904109589,0.0410958904109589,False,0.5280168292216485,63,0,77,6,0.45,1.0,1.0,0.07228915662650602,0.015154055956761904,0.09817029394581595,0.08301623798905404
sk_hynix,000660,technical_alpha_semi_etf,shallow_regularized,validation,146,0.4657534246575342,0.5301204819277109,0.36564171122994654,0.3311204307376749,1.1908822727832307,0.9657534246575342,0.03424657534246575,0.03424657534246575,False,0.520558424172882,63,0,78,5,0.44680851063829785,1.0,1.0,0.060240963855421686,0.015598195827832936,0.10224879717942362,0.08665060135159068
sk_hynix,000660,technical_alpha_semi_etf,depth3_regularized,validation,146,0.4657534246575342,0.528208070376745,0.3735973597359736,0.34068447940684476,1.2650952892626455,0.952054794520548,0.04794520547945205,0.04794520547945205,False,0.5123350545037292,62,1,77,6,0.4460431654676259,0.9841269841269841,0.8571428571428571,0.07228915662650602,0.01581777437183442,0.0731312799909397,0.05731350561910528
sk_hynix,000660,technical_alpha_semi_etf,depth4_slow,validation,146,0.4794520547945205,0.5421686746987951,0.38965896589658966,0.3575900055759001,1.3691481850224436,0.952054794520548,0.04794520547945205,0.04794520547945205,False,0.5064065786957352,63,0,76,7,0.45323741007194246,1.0,1.0,0.08433734939759036,0.014880805362913125,0.0917368074538054,0.07685600209089227
sk_hynix,000660,technical_alpha_semi_etf,depth2_fast,validation,146,0.4383561643835616,0.5060240963855421,0.3147893772893773,0.27492912338802744,1.5280869112951134,0.9931506849315068,0.00684931506849315,0.00684931506849315,False,0.5238095238095238,63,0,82,1,0.43448275862068964,1.0,1.0,0.012048192771084338,0.01775535303056095,0.1360634081902245,0.11830805515966356
sk_hynix,000660,technical_alpha_semi_etf,depth3_conservative,validation,146,0.4794520547945205,0.5402562631478294,0.39695652173913043,0.3664026206075045,1.1263602874973686,0.9383561643835616,0.06164383561643835,0.06164383561643835,False,0.5498183209026581,62,1,75,8,0.45255474452554745,0.9841269841269841,0.8888888888888888,0.0963855421686747,0.015204219602471801,0.06973461245365839,0.05453039285118659
sk_hynix,000660,technical_alpha_semi_etf,baseline_depth3_unweighted,validation,146,0.4726027397260274,0.536144578313253,0.37776055792328556,0.34448259939600767,1.5415473519269178,0.958904109589041,0.0410958904109589,0.0410958904109589,False,0.5280168292216485,63,0,77,6,0.45,1.0,1.0,0.07228915662650602,0.015154055956761904,0.09817029394581595,0.08301623798905404
sk_hynix,000660,technical_alpha_semi_etf,depth2_fast_unweighted,validation,146,0.4383561643835616,0.5060240963855421,0.3147893772893773,0.27492912338802744,1.5280869112951134,0.9931506849315068,0.00684931506849315,0.00684931506849315,False,0.5238095238095238,63,0,82,1,0.43448275862068964,1.0,1.0,0.012048192771084338,0.01775535303056095,0.1360634081902245,0.11830805515966356
sk_hynix,000660,technical_alpha_semi_etf,depth3_regularized_unweighted,validation,146,0.4657534246575342,0.528208070376745,0.3735973597359736,0.34068447940684476,1.2650952892626455,0.952054794520548,0.04794520547945205,0.04794520547945205,False,0.5123350545037292,62,1,77,6,0.4460431654676259,0.9841269841269841,0.8571428571428571,0.07228915662650602,0.01581777437183442,0.0731312799909397,0.05731350561910528
sk_hynix,000660,technical_alpha_semi_etf,depth4_slow_unweighted,validation,146,0.4794520547945205,0.5421686746987951,0.38965896589658966,0.3575900055759001,1.3691481850224436,0.952054794520548,0.04794520547945205,0.04794520547945205,False,0.5064065786957352,63,0,76,7,0.45323741007194246,1.0,1.0,0.08433734939759036,0.014880805362913125,0.0917368074538054,0.07685600209089227
sk_hynix,000660,technical_alpha_semi_etf,depth3_conservative,test,177,0.4745762711864407,0.4947058823529412,0.4728937846232668,0.4683510709026975,0.816513144002839,0.632768361581921,0.3672316384180791,0.3672316384180791,True,0.4963398692810458,47,28,65,37,0.41964285714285715,0.6266666666666667,0.5692307692307692,0.3627450980392157,0.012362598679576292,0.010204695623878908,-0.0021579030556973834
sk_hynix,000660,technical_alpha_semi_etf,depth3_conservative,recent_regime,258,0.39147286821705424,0.5202991452991453,0.3825587244485771,0.35322831592003906,0.923093084383823,0.8178294573643411,0.1821705426356589,0.1821705426356589,True,0.5009259259259259,66,12,145,35,0.3127962085308057,0.8461538461538461,0.7446808510638298,0.19444444444444445,0.05073271812513597,0.04432014667472326,-0.006412571450412706
sk_hynix,000660,technical_alpha_rates,baseline_depth3,validation,146,0.4520547945205479,0.5180722891566265,0.34070896364867914,0.30359368669138953,1.7895977644690686,0.9794520547945206,0.02054794520547945,0.02054794520547945,False,0.5008605851979346,63,0,80,3,0.4405594405594406,1.0,1.0,0.03614457831325301,0.01645152809422144,0.11934036004929877,0.10288883195507732
sk_hynix,000660,technical_alpha_rates,shallow_regularized,validation,146,0.4657534246575342,0.5301204819277109,0.36564171122994654,0.3311204307376749,1.3832806885296127,0.9657534246575342,0.03424657534246575,0.03424657534246575,False,0.5148211895199847,63,0,78,5,0.44680851063829785,1.0,1.0,0.060240963855421686,0.015598195827832936,0.10224879717942362,0.08665060135159068
sk_hynix,000660,technical_alpha_rates,depth3_regularized,validation,146,0.4726027397260274,0.536144578313253,0.37776055792328556,0.34448259939600767,1.4301648915668292,0.958904109589041,0.0410958904109589,0.0410958904109589,False,0.521514629948365,63,0,77,6,0.45,1.0,1.0,0.07228915662650602,0.015154055956761904,0.09817029394581595,0.08301623798905404
sk_hynix,000660,technical_alpha_rates,depth4_slow,validation,146,0.4794520547945205,0.5421686746987951,0.38965896589658966,0.3575900055759001,1.5815618718295559,0.952054794520548,0.04794520547945205,0.04794520547945205,False,0.5415949512335054,63,0,76,7,0.45323741007194246,1.0,1.0,0.08433734939759036,0.014785818471997125,0.09362297571628028,0.07883715724428315
sk_hynix,000660,technical_alpha_rates,depth2_fast,validation,146,0.4657534246575342,0.5301204819277109,0.36564171122994654,0.3311204307376749,1.85846781058196,0.9657534246575342,0.03424657534246575,0.03424657534246575,False,0.4939759036144578,63,0,78,5,0.44680851063829785,1.0,1.0,0.060240963855421686,0.015598195827832936,0.10224879717942362,0.08665060135159068
sk_hynix,000660,technical_alpha_rates,depth3_conservative,validation,146,0.4863013698630137,0.5481927710843374,0.40134492373298347,0.3704516705947906,1.2592200685941282,0.9452054794520548,0.0547945205479452,0.0547945205479452,False,0.5041116848345764,63,0,75,8,0.45652173913043476,1.0,1.0,0.0963855421686747,0.014669584253915938,0.08577337132264537,0.07110378706872943
sk_hynix,000660,technical_alpha_rates,baseline_depth3_unweighted,validation,146,0.4520547945205479,0.5180722891566265,0.34070896364867914,0.30359368669138953,1.7895977644690686,0.9794520547945206,0.02054794520547945,0.02054794520547945,False,0.5008605851979346,63,0,80,3,0.4405594405594406,1.0,1.0,0.03614457831325301,0.01645152809422144,0.11934036004929877,0.10288883195507732
sk_hynix,000660,technical_alpha_rates,depth2_fast_unweighted,validation,146,0.4657534246575342,0.5301204819277109,0.36564171122994654,0.3311204307376749,1.85846781058196,0.9657534246575342,0.03424657534246575,0.03424657534246575,False,0.4939759036144578,63,0,78,5,0.44680851063829785,1.0,1.0,0.060240963855421686,0.015598195827832936,0.10224879717942362,0.08665060135159068
sk_hynix,000660,technical_alpha_rates,depth3_regularized_unweighted,validation,146,0.4726027397260274,0.536144578313253,0.37776055792328556,0.34448259939600767,1.4301648915668292,0.958904109589041,0.0410958904109589,0.0410958904109589,False,0.521514629948365,63,0,77,6,0.45,1.0,1.0,0.07228915662650602,0.015154055956761904,0.09817029394581595,0.08301623798905404
sk_hynix,000660,technical_alpha_rates,depth4_slow_unweighted,validation,146,0.4794520547945205,0.5421686746987951,0.38965896589658966,0.3575900055759001,1.5815618718295559,0.952054794520548,0.04794520547945205,0.04794520547945205,False,0.5415949512335054,63,0,76,7,0.45323741007194246,1.0,1.0,0.08433734939759036,0.014785818471997125,0.09362297571628028,0.07883715724428315
sk_hynix,000660,technical_alpha_rates,depth3_conservative,test,177,0.4745762711864407,0.5229411764705882,0.44322678843226787,0.42307354951887105,1.0001983277947069,0.8135593220338984,0.1864406779661017,0.1864406779661017,True,0.5078431372549019,63,12,81,21,0.4375,0.84,0.6363636363636364,0.20588235294117646,0.008838581890793864,0.02348971137546537,0.014651129484671507
sk_hynix,000660,technical_alpha_rates,depth3_conservative,recent_regime,258,0.38372093023255816,0.5474358974358975,0.358660475587449,0.3085395662972307,1.1906401588367796,0.8953488372093024,0.10465116279069768,0.10465116279069768,True,0.5448717948717949,75,3,156,24,0.3246753246753247,0.9615384615384616,0.8888888888888888,0.13333333333333333,0.04853122818631375,0.05840506322508168,0.00987383503876793
sk_hynix,000660,technical_daily_extended,baseline_depth3,validation,146,0.4589041095890411,0.5240963855421686,0.3532940846649846,0.31749407621615183,2.0874646244163757,0.9726027397260274,0.0273972602739726,0.0273972602739726,False,0.47198317077835156,63,0,79,4,0.44366197183098594,1.0,1.0,0.04819277108433735,0.016067013280948724,0.10726842793171093,0.0912014146507622
sk_hynix,000660,technical_daily_extended,shallow_regularized,validation,146,0.4726027397260274,0.536144578313253,0.37776055792328556,0.34448259939600767,1.543189095069991,0.958904109589041,0.0410958904109589,0.0410958904109589,False,0.5381526104417671,63,0,77,6,0.45,1.0,1.0,0.07228915662650602,0.015154055956761904,0.09817029394581595,0.08301623798905404
sk_hynix,000660,technical_daily_extended,depth3_regularized,validation,146,0.4726027397260274,0.536144578313253,0.37776055792328556,0.34448259939600767,1.5483870735966971,0.958904109589041,0.0410958904109589,0.0410958904109589,False,0.545419774335437,63,0,77,6,0.45,1.0,1.0,0.07228915662650602,0.015154055956761904,0.09817029394581595,0.08301623798905404
sk_hynix,000660,technical_daily_extended,depth4_slow,validation,146,0.4726027397260274,0.536144578313253,0.37776055792328556,0.34448259939600767,1.67019003233748,0.958904109589041,0.0410958904109589,0.0410958904109589,False,0.5496270797475618,63,0,77,6,0.45,1.0,1.0,0.07228915662650602,0.014956704588768108,0.1027751591990045,0.0878184546102364
sk_hynix,000660,technical_daily_extended,depth2_fast,validation,146,0.4589041095890411,0.5240963855421686,0.3532940846649846,0.31749407621615183,2.0399682647122166,0.9726027397260274,0.0273972602739726,0.0273972602739726,False,0.5085102314017977,63,0,79,4,0.44366197183098594,1.0,1.0,0.04819277108433735,0.016067013280948724,0.10726842793171093,0.0912014146507622
sk_hynix,000660,technical_daily_extended,depth3_conservative,validation,146,0.4657534246575342,0.5262956588257793,0.38108695652173913,0.3497290053603335,1.337739412688566,0.9383561643835616,0.06164383561643835,0.06164383561643835,False,0.5415949512335055,61,2,76,7,0.44525547445255476,0.9682539682539683,0.7777777777777778,0.08433734939759036,0.015185052903405766,0.07002637220610801,0.054841319302702245
sk_hynix,000660,technical_daily_extended,baseline_depth3_unweighted,validation,146,0.4589041095890411,0.5240963855421686,0.3532940846649846,0.31749407621615183,2.0874646244163757,0.9726027397260274,0.0273972602739726,0.0273972602739726,False,0.47198317077835156,63,0,79,4,0.44366197183098594,1.0,1.0,0.04819277108433735,0.016067013280948724,0.10726842793171093,0.0912014146507622
sk_hynix,000660,technical_daily_extended,depth2_fast_unweighted,validation,146,0.4589041095890411,0.5240963855421686,0.3532940846649846,0.31749407621615183,2.0399682647122166,0.9726027397260274,0.0273972602739726,0.0273972602739726,False,0.5085102314017977,63,0,79,4,0.44366197183098594,1.0,1.0,0.04819277108433735,0.016067013280948724,0.10726842793171093,0.0912014146507622
sk_hynix,000660,technical_daily_extended,depth3_regularized_unweighted,validation,146,0.4726027397260274,0.536144578313253,0.37776055792328556,0.34448259939600767,1.5483870735966971,0.958904109589041,0.0410958904109589,0.0410958904109589,False,0.545419774335437,63,0,77,6,0.45,1.0,1.0,0.07228915662650602,0.015154055956761904,0.09817029394581595,0.08301623798905404
sk_hynix,000660,technical_daily_extended,depth4_slow_unweighted,validation,146,0.4726027397260274,0.536144578313253,0.37776055792328556,0.34448259939600767,1.67019003233748,0.958904109589041,0.0410958904109589,0.0410958904109589,False,0.5496270797475618,63,0,77,6,0.45,1.0,1.0,0.07228915662650602,0.014956704588768108,0.1027751591990045,0.0878184546102364
sk_hynix,000660,technical_daily_extended,depth3_conservative,test,177,0.4406779661016949,0.4758823529411765,0.4263218202651825,0.4124783939228313,1.04866259472958,0.7344632768361582,0.2655367231638418,0.2655367231638418,True,0.4939869281045752,53,22,77,25,0.4076923076923077,0.7066666666666667,0.5319148936170213,0.24509803921568626,0.013209707227783795,0.007035198469208094,-0.006174508758575701
sk_hynix,000660,technical_daily_extended,depth3_conservative,recent_regime,258,0.40310077519379844,0.5613247863247863,0.38350297914597814,0.3400469966051592,1.1760334142606874,0.875968992248062,0.12403100775193798,0.12403100775193798,True,0.5324786324786325,75,3,151,29,0.33185840707964603,0.9615384615384616,0.90625,0.16111111111111112,0.04593262479215568,0.07521491297151559,0.029282288179359905
sk_hynix,000660,technical_all_guarded,baseline_depth3,validation,146,0.4794520547945205,0.5421686746987951,0.38965896589658966,0.3575900055759001,1.7782424943703792,0.952054794520548,0.04794520547945205,0.04794520547945205,False,0.49531459170013387,63,0,76,7,0.45323741007194246,1.0,1.0,0.08433734939759036,0.01504130714661486,0.08854970060601382,0.07350839345939895
sk_hynix,000660,technical_all_guarded,shallow_regularized,validation,146,0.4657534246575342,0.5301204819277109,0.36564171122994654,0.3311204307376749,1.4139066665429876,0.9657534246575342,0.03424657534246575,0.03424657534246575,False,0.5087014725568944,63,0,78,5,0.44680851063829785,1.0,1.0,0.060240963855421686,0.015598195827832936,0.10224879717942362,0.08665060135159068
sk_hynix,000660,technical_all_guarded,depth3_regularized,validation,146,0.4726027397260274,0.536144578313253,0.37776055792328556,0.34448259939600767,1.4846108118830768,0.958904109589041,0.0410958904109589,0.0410958904109589,False,0.49263721552878187,63,0,77,6,0.45,1.0,1.0,0.07228915662650602,0.015154055956761904,0.09817029394581595,0.08301623798905404
sk_hynix,000660,technical_all_guarded,depth4_slow,validation,146,0.4863013698630137,0.5481927710843374,0.40134492373298347,0.3704516705947906,1.5682724893062836,0.9452054794520548,0.0547945205479452,0.0547945205479452,False,0.5387263339070567,63,0,75,8,0.45652173913043476,1.0,1.0,0.0963855421686747,0.014669584253915938,0.08577337132264537,0.07110378706872943
sk_hynix,000660,technical_all_guarded,depth2_fast,validation,146,0.4657534246575342,0.5301204819277109,0.36564171122994654,0.3311204307376749,1.7049516554564952,0.9657534246575342,0.03424657534246575,0.03424657534246575,False,0.4970357620960031,63,0,78,5,0.44680851063829785,1.0,1.0,0.060240963855421686,0.015598195827832936,0.10224879717942362,0.08665060135159068
sk_hynix,000660,technical_all_guarded,depth3_conservative,validation,146,0.4726027397260274,0.536144578313253,0.37776055792328556,0.34448259939600767,1.2887780010499807,0.958904109589041,0.0410958904109589,0.0410958904109589,False,0.4966532797858099,63,0,77,6,0.45,1.0,1.0,0.07228915662650602,0.015154055956761904,0.09817029394581595,0.08301623798905404
sk_hynix,000660,technical_all_guarded,baseline_depth3_unweighted,validation,146,0.4794520547945205,0.5421686746987951,0.38965896589658966,0.3575900055759001,1.7782424943703792,0.952054794520548,0.04794520547945205,0.04794520547945205,False,0.49531459170013387,63,0,76,7,0.45323741007194246,1.0,1.0,0.08433734939759036,0.01504130714661486,0.08854970060601382,0.07350839345939895
sk_hynix,000660,technical_all_guarded,depth2_fast_unweighted,validation,146,0.4657534246575342,0.5301204819277109,0.36564171122994654,0.3311204307376749,1.7049516554564952,0.9657534246575342,0.03424657534246575,0.03424657534246575,False,0.4970357620960031,63,0,78,5,0.44680851063829785,1.0,1.0,0.060240963855421686,0.015598195827832936,0.10224879717942362,0.08665060135159068
sk_hynix,000660,technical_all_guarded,depth3_regularized_unweighted,validation,146,0.4726027397260274,0.536144578313253,0.37776055792328556,0.34448259939600767,1.4846108118830768,0.958904109589041,0.0410958904109589,0.0410958904109589,False,0.49263721552878187,63,0,77,6,0.45,1.0,1.0,0.07228915662650602,0.015154055956761904,0.09817029394581595,0.08301623798905404
sk_hynix,000660,technical_all_guarded,depth4_slow_unweighted,validation,146,0.4863013698630137,0.5481927710843374,0.40134492373298347,0.3704516705947906,1.5682724893062836,0.9452054794520548,0.0547945205479452,0.0547945205479452,False,0.5387263339070567,63,0,75,8,0.45652173913043476,1.0,1.0,0.0963855421686747,0.014669584253915938,0.08577337132264537,0.07110378706872943
sk_hynix,000660,technical_all_guarded,depth4_slow,test,177,0.4858757062146893,0.5433333333333333,0.43731004366812226,0.4120932573458664,1.2999149915335406,0.8700564971751412,0.12994350282485875,0.12994350282485875,True,0.5184313725490197,69,6,85,17,0.44805194805194803,0.92,0.7391304347826086,0.16666666666666666,0.006796406388705239,0.0435334645132203,0.03673705812451506
sk_hynix,000660,technical_all_guarded,depth4_slow,recent_regime,258,0.42248062015503873,0.5497863247863248,0.41608566871724767,0.39192696328559246,1.1526306323518059,0.8023255813953488,0.19767441860465115,0.19767441860465115,True,0.5005698005698005,68,10,139,41,0.3285024154589372,0.8717948717948718,0.803921568627451,0.22777777777777777,0.04833399493621477,0.05455908757488676,0.006225092638671992
