date,Close,UpDown,Comp,Change,Open,High,Low,Volume,Amount,MarCap
2011-01-03,518.05,1,7.36,0.0144,515.71,518.06,514.51,591799174,1825257407407,99446901806331.0
2011-01-04,521.35,1,3.3,0.0064,520.74,522.34,519.29,749812296,2405917734625,99996408870370.0
2011-01-05,523.81,1,2.46,0.0046999999999999,522.16,524.41,519.93,674797379,2461669770875,100973551095242.0
2011-01-06,527.64,1,3.83,0.0073,527.82,529.87,524.44,813991199,3299061893314,101663579213452.0
2011-01-07,530.84,1,3.2,0.0060999999999999,530.75,531.28,529.87,670274820,2478629499081,102278943380380.0
2011-01-10,533.98,1,3.14,0.0059,532.96,534.87,532.09,641263984,2193613148663,102941010183371.0
2011-01-11,533.67,2,-0.31,-0.0006,535.94,536.84,531.23,759473848,2575327265329,102972950414281.0
2011-01-12,535.43,1,1.76,0.0033,536.52,536.84,534.94,835849862,2622758681753,103426796107300.0
2011-01-13,534.27,2,-1.16,-0.0022,538.61,538.86,531.99,738912324,2434332878744,103225581009115.0
2011-01-14,535.2,1,0.93,0.0017,536.05,536.19,533.79,646686403,2424079306410,103544807191798.0
2011-01-17,533.01,2,-2.19,-0.0040999999999999,538.07,538.13,532.16,638472389,2153525513449,103137299811499.0
2011-01-18,529.02,2,-3.99,-0.0075,532.68,534.0,529.0,699446333,2090441774341,102369947236847.0
2011-01-19,532.97,1,3.95,0.0075,532.95,533.61,530.11,664224946,2056691045563,103138251672312.0
2011-01-20,533.36,1,0.39,0.0007,533.58,535.77,533.36,701905475,2120308809241,103262501213529.0
2011-01-21,525.75,2,-7.61,-0.0143,534.55,534.65,525.7,669419755,2246205221633,102027694687169.0
2011-01-24,527.09,1,1.34,0.0025,526.84,527.93,525.2,692266468,2172947892714,102603603003313.0
2011-01-25,522.96,2,-4.13,-0.0078,530.57,530.67,522.2,791344872,2334158717173,101800215164964.0
2011-01-26,524.71,1,1.75,0.0033,524.55,526.21,524.18,606837503,1939420286977,102366713629727.0
2011-01-27,528.63,1,3.92,0.0075,527.65,528.99,527.26,601545022,1991035195053,103064871296531.0
2011-01-28,527.46,2,-1.17,-0.0022,531.38,531.76,526.81,621194239,2242327647626,102958264383425.0
2011-01-31,521.38,2,-6.08,-0.0115,523.01,524.86,521.38,514371242,1962815615164,102115766845244.0
2011-02-01,524.5,1,3.12,0.006,525.1,526.47,523.26,538229637,1845537263191,102532782970064.0
2011-02-07,531.09,1,6.59,0.0126,530.68,532.62,530.68,492869230,1704267005620,103911830335465.0
2011-02-08,531.47,1,0.38,0.0007,534.46,535.2,530.06,585207205,1991735178211,104016403052154.0
2011-02-09,525.74,2,-5.73,-0.0108,533.47,533.79,524.31,724717024,2137147705472,103023548510734.0
2011-02-10,522.7,2,-3.04,-0.0058,526.89,527.56,521.66,728030480,1977690237009,102333623756725.0
2011-02-11,517.73,2,-4.97,-0.0095,525.91,526.64,517.48,836472857,2279260133004,101384649833564.0
2011-02-14,520.35,1,2.62,0.0051,522.37,523.17,517.57,651099198,1969896930215,101927723661784.0
2011-02-15,520.88,1,0.53,0.001,521.26,522.33,519.3,725092954,2209792151232,102066417361142.0
2011-02-16,520.08,2,-0.8,-0.0015,522.1,524.01,519.83,874040148,2646019495427,101904024367395.0
2011-02-17,511.08,2,-9.0,-0.0173,522.67,523.55,508.01,861784852,2483003279581,100139171689460.0
2011-02-18,518.55,1,7.47,0.0146,513.6,518.95,511.92,697827832,1869416993826,101668580307085.0
2011-02-21,520.59,1,2.04,0.0039,521.47,522.23,519.26,666151964,1971735739126,102051174119177.0
2011-02-22,512.06,2,-8.53,-0.0163999999999999,517.89,517.89,508.9,665724478,2007589279232,100389687713518.0
2011-02-23,507.16,2,-4.9,-0.0096,509.69,513.64,505.24,732876522,2177692584092,99478683988451.0
2011-02-24,501.11,2,-6.05,-0.0118999999999999,507.22,509.27,501.04,729024741,2095812536195,98309806787676.0
2011-02-25,509.33,1,8.22,0.0163999999999999,504.96,509.41,502.38,605754071,1827063139672,99927115387198.0
2011-02-28,504.46,2,-4.87,-0.0096,510.83,510.84,503.17,530997714,1810007115434,98999245111538.0
2011-03-02,503.46,2,-1.0,-0.002,502.48,507.9,501.74,537094441,1743529751177,98837997720370.0
2011-03-03,510.94,1,7.48,0.0149,506.99,510.95,506.97,513121656,1791419210958,100377025373146.0
2011-03-04,518.79,1,7.85,0.0154,514.85,518.81,513.59,589615143,1976787999273,101998603015993.0
2011-03-07,518.77,2,-0.02,0.0,520.21,522.64,517.46,519986972,1703777879768,101984054326754.0
2011-03-08,524.99,1,6.22,0.012,520.83,525.13,517.78,583905810,1866341546460,103199943123792.0
2011-03-09,522.7,2,-2.29,-0.0044,528.02,528.39,521.9,687306028,2123074034529,102787666537144.0
2011-03-10,522.17,2,-0.53,-0.001,523.7,523.99,519.29,683495522,2106799646278,102697077714090.0
2011-03-11,518.55,2,-3.62,-0.0069,515.99,520.1,514.71,645272794,1916924755465,102067351926767.0
2011-03-14,502.98,2,-15.57,-0.03,514.42,514.42,496.12,743730121,2337253858763,99022497995614.0
2011-03-15,489.44,2,-13.54,-0.0269,502.86,507.81,469.2,914174401,2912999414524,96411522931728.0
2011-03-16,492.36,1,2.92,0.006,492.03,496.18,486.23,669088319,2323229269713,96978722204739.0
2011-03-17,487.81,2,-4.55,-0.0092,482.95,487.81,482.36,549147242,2138048361680,96095901930052.0
2011-03-18,494.79,1,6.98,0.0143,492.31,495.61,492.28,552138790,1920455578941,97518483024140.0
2011-03-21,506.53,1,11.74,0.0237,499.07,506.55,499.07,613042661,1866266314933,99845034504931.0
2011-03-22,507.8,1,1.27,0.0025,510.6,510.88,507.8,745757386,2166540764766,100895528049146.0
2011-03-23,510.17,1,2.37,0.0046999999999999,510.74,511.45,508.43,716265374,2093295792664,101366294119171.0
2011-03-24,513.7,1,3.53,0.0069,513.15,513.89,512.59,585703051,2114098201543,102058820596905.0
2011-03-25,514.57,1,0.87,0.0017,517.74,517.75,513.62,727362852,2150117385022,102119489631125.0
2011-03-28,512.74,2,-1.83,-0.0036,516.81,517.54,511.75,601583173,1999734832141,101747508237278.0
2011-03-29,514.19,1,1.45,0.0028,514.4,515.19,513.18,619359357,2161465742546,102013031086299.0
2011-03-30,520.21,1,6.02,0.0116999999999999,517.48,521.04,517.46,701580428,2325374641925,102841012831967.0
2011-03-31,525.42,1,5.21,0.01,523.83,525.42,522.98,616878633,2041240695306,103913015058011.0
2011-04-01,532.06,1,6.64,0.0126,528.49,532.25,527.77,656332678,2283701085373,105228908660625.0
2011-04-04,534.9,1,2.84,0.0053,535.61,536.3,533.35,625805485,2018117093184,105835314871792.0
2011-04-05,537.66,1,2.76,0.0052,537.53,538.06,535.89,654432980,2175514353668,106138352312272.0
2011-04-06,533.98,2,-3.68,-0.0068,539.54,539.54,533.96,743375999,2586643711766,105387016008919.0
2011-04-07,534.97,1,0.99,0.0019,536.89,537.62,533.17,734842910,2299951949326,105571037939827.0
2011-04-08,534.2,2,-0.77,-0.0014,537.26,537.44,533.82,667604135,2303904454060,105439281631189.0
2011-04-11,533.11,2,-1.09,-0.002,536.2,537.31,533.08,568786072,2033307545489,105317456848901.0
2011-04-12,525.11,2,-8.0,-0.015,534.55,535.02,525.1,633494439,2045156411027,103784463917000.0
2011-04-13,528.7,1,3.59,0.0068,526.67,528.7,524.88,508656878,1822052675520,104469000223531.0
2011-04-14,531.47,1,2.77,0.0052,530.54,531.9,529.36,665393139,1949332009472,104977163342761.0
2011-04-15,534.58,1,3.11,0.0059,533.67,534.87,532.23,625530161,2146445773946,105602850201965.0
2011-04-18,528.52,2,-6.06,-0.0113,537.71,537.92,528.19,581949736,2352471921568,104460836979883.0
2011-04-19,526.62,2,-1.9,-0.0036,525.74,529.65,524.46,561751912,2091493774505,104341584653510.0
2011-04-20,532.25,1,5.63,0.0107,531.92,532.59,531.16,629079646,2188945326433,105492630656050.0
2011-04-21,529.58,2,-2.67,-0.005,536.6,536.81,529.57,613354458,2309449488550,104960268140646.0
2011-04-22,525.26,2,-4.32,-0.0081999999999999,532.03,532.31,523.8,582738964,1959270720804,104132060039064.0
2011-04-25,528.6,1,3.34,0.0064,528.59,530.04,527.77,484362380,1690296642209,104737640860420.0
2011-04-26,521.68,2,-6.92,-0.0131,530.56,530.63,520.83,628752402,2146717052522,103820147069397.0
2011-04-27,518.39,2,-3.29,-0.0063,525.68,526.19,516.7,604760913,2142246471480,103290772632551.0
2011-04-28,514.67,2,-3.72,-0.0072,522.01,522.48,513.83,502573609,1976866997439,102714174536516.0
2011-04-29,511.0,2,-3.67,-0.0070999999999999,516.41,516.42,507.12,373385584,1664596998000,101988793894056.0
2011-05-02,516.76,1,5.76,0.0113,513.53,516.77,513.48,343886194,1491152458238,103551444047358.0
2011-05-03,512.51,2,-4.25,-0.0081999999999999,516.82,517.44,511.22,372184405,1490507657442,102675004654986.0
2011-05-04,510.53,2,-1.98,-0.0039,514.19,514.6,510.52,317545052,1289444745964,102233310879812.0
2011-05-06,506.42,2,-4.11,-0.0081,508.31,508.69,504.83,325515416,1220817012745,101403644932220.0
2011-05-09,504.37,2,-2.05,-0.004,508.93,509.38,504.35,288633134,1149067150532,100985154767831.0
2011-05-11,505.18,1,0.81,0.0016,507.64,507.96,504.72,386536741,1338261248125,101233820525398.0
2011-05-12,504.46,2,-0.72,-0.0014,502.16,505.77,501.48,356274823,1237174068882,101059466207785.0
2011-05-13,507.28,1,2.82,0.0056,508.05,508.5,505.36,343196891,1351230503737,101625998804286.0
2011-05-16,506.07,2,-1.21,-0.0024,507.4,509.0,506.07,321045592,1098637928073,101417073645402.0
2011-05-17,501.72,2,-4.35,-0.0086,506.17,507.44,501.72,384626510,1258659550729,100575660511662.0
2011-05-18,498.94,2,-2.78,-0.0055,503.46,504.09,498.88,388847039,1345271883310,100055866567941.0
2011-05-19,487.03,2,-11.91,-0.0239,501.21,501.45,487.03,395946171,1469868174637,97651673179893.0
2011-05-20,486.24,2,-0.79,-0.0016,488.5,489.46,483.69,331609445,1345655275271,98572672297363.0
2011-05-23,472.94,2,-13.3,-0.0274,485.76,485.79,472.94,295873476,1172563324503,95907098874007.0
2011-05-24,474.32,1,1.38,0.0029,470.56,474.4,470.21,317537523,1047992569345,96193971836974.0
2011-05-25,471.23,2,-3.09,-0.0065,476.88,480.37,471.23,360000788,1176164994891,95672271319787.0
2011-05-26,479.96,1,8.73,0.0185,475.66,480.19,475.66,376722504,1270042186658,97458525326455.0
2011-05-27,483.22,1,3.26,0.0068,482.42,484.16,481.81,352685469,1227505674893,98152564174650.0
2011-05-30,480.52,2,-2.7,-0.0056,486.77,487.13,480.45,303328859,1048168482245,97615804270116.0
2011-05-31,484.54,1,4.02,0.0084,482.86,484.59,481.31,359052443,1276487842351,98490477229200.0
2011-06-01,483.23,2,-1.31,-0.0027,486.55,486.64,483.03,322333535,1157012975171,98229412829317.0
2011-06-02,477.83,2,-5.4,-0.0112,474.53,480.0,474.09,339860776,1146140438853,97224653522139.0
2011-06-03,476.1,2,-1.73,-0.0036,480.64,482.08,475.95,328042434,1103251861460,96776709618865.0
2011-06-07,472.8,2,-3.3,-0.0069,475.94,477.24,472.45,309690984,1046203872231,96128364922799.0
2011-06-08,469.15,2,-3.65,-0.0077,473.5,474.53,468.05,336664067,1064909272468,95431774875083.0
2011-06-09,473.47,1,4.32,0.0092,470.2,474.39,470.2,323039641,1021230549607,96302274756273.0
2011-06-10,466.91,2,-6.56,-0.0139,477.07,477.43,466.83,334425560,1120477958224,94965701178219.0
2011-06-13,458.15,2,-8.76,-0.0187999999999999,464.84,466.23,455.14,361161947,1125378558241,93379803650187.0
2011-06-14,462.29,1,4.14,0.009,458.85,462.59,458.75,357500217,1088902712514,94371310609495.0
2011-06-15,464.83,1,2.54,0.0055,465.96,466.44,462.71,343282628,1106629115912,94902532222421.0
2011-06-16,460.54,2,-4.29,-0.0092,461.0,463.85,460.31,303187939,991024566299,94034355445693.0
2011-06-17,459.33,2,-1.21,-0.0026,464.96,465.91,455.56,362908492,1329967474914,93841429352747.0
2011-06-20,457.23,2,-2.1,-0.0046,461.99,463.39,457.21,317327462,1158872641650,93404040338115.0
2011-06-21,459.57,1,2.34,0.0051,460.11,461.1,455.48,326649799,1058580497196,93894592203927.0
2011-06-22,463.77,1,4.2,0.0091,463.54,465.14,463.32,375340907,1226068066827,94783385738264.0
2011-06-23,464.62,1,0.85,0.0018,464.35,465.77,464.15,375764065,1132904475626,94949555175507.0
2011-06-24,473.66,1,9.04,0.0195,467.14,473.72,467.14,379600013,1494097396974,96899873544178.0
2011-06-27,475.43,1,1.77,0.0037,473.56,476.03,473.37,350494805,1484654784073,97271444738850.0
2011-06-28,474.65,2,-0.78,-0.0016,480.22,480.36,474.64,427539594,1774021418514,97134340239907.0
2011-06-29,476.57,1,1.92,0.004,478.11,478.33,474.57,380694985,1500529446746,97554613373038.0
2011-06-30,479.55,1,2.98,0.0063,479.3,479.57,477.41,361027818,1404379216885,98204250268466.0
2011-07-01,484.11,1,4.56,0.0095,482.84,484.46,482.78,382026755,1485489210982,99134679891466.0
2011-07-04,489.3,1,5.19,0.0107,488.67,489.49,487.83,397046425,1638901668836,100189508812450.0
2011-07-05,492.37,1,3.07,0.0063,491.35,492.37,490.48,396461441,1646039025526,100836265236489.0
2011-07-06,492.94,1,0.57,0.0012,493.15,493.3,491.1,389037408,1563185506534,101023986838642.0
2011-07-07,495.52,1,2.58,0.0052,494.53,496.1,494.3,414404165,1735803974149,101531268497457.0
2011-07-08,496.82,1,1.3,0.0026,498.31,498.39,496.1,408716543,1893639353469,101884155991349.0
2011-07-11,498.37,1,1.55,0.0031,497.61,499.5,497.53,415933256,1771925522927,102131812104763.0
2011-07-12,490.63,2,-7.74,-0.0155,493.65,494.58,489.98,518273976,2250638447040,100588086317173.0
2011-07-13,494.97,1,4.34,0.0088,493.11,494.97,491.75,458794894,2026905545039,101355767772022.0
2011-07-14,497.18,1,2.21,0.0045,496.36,497.29,494.31,373027640,1604066964018,101811696967579.0
2011-07-15,507.0,1,9.82,0.0197999999999999,498.66,507.01,498.66,433529838,1997122128919,103770365650788.0
2011-07-18,517.93,1,10.93,0.0216,511.13,517.99,509.97,476994461,2254412406523,106006147926617.0
2011-07-19,524.48,1,6.55,0.0126,519.16,524.48,519.14,532612702,2721510762467,107129253781887.0
2011-07-20,526.61,1,2.13,0.0040999999999999,530.43,530.56,526.61,537137107,2640573586769,107608278629636.0
2011-07-21,524.54,2,-2.07,-0.0039,528.59,528.62,524.38,491628337,2290266896569,107301736330889.0
2011-07-22,531.24,1,6.7,0.0128,528.59,531.83,527.65,484603899,2284815015699,108660461431667.0
2011-07-25,529.9,2,-1.34,-0.0025,532.49,534.45,529.89,468851824,2117119487795,108414657159209.0
2011-07-26,535.85,1,5.95,0.0112,532.88,535.86,531.09,505772461,2511415761035,109614860582086.0
2011-07-27,538.12,1,2.27,0.0042,536.88,538.88,536.09,513998552,2645686631395,110087955928422.0
2011-07-28,538.54,1,0.42,0.0008,532.39,539.56,531.75,590529928,2626899414265,110227062958041.0
2011-07-29,536.05,2,-2.49,-0.0046,541.57,543.32,536.05,485611538,2511253504756,109789439394609.0
2011-08-01,544.39,1,8.34,0.0156,541.41,544.41,541.32,404097387,1997800647385,111689592887022.0
2011-08-02,538.06,2,-6.33,-0.0116,543.83,545.06,534.05,506775254,2403122452820,110364795994304.0
2011-08-03,531.91,2,-6.15,-0.0113999999999999,529.12,531.95,523.1,426814266,2330190578122,109283938073287.0
2011-08-04,522.07,2,-9.84,-0.0185,537.41,539.59,522.02,488620611,2591946128668,107338703821654.0
2011-08-05,495.55,2,-26.52,-0.0508,494.3,505.82,481.7,541132286,2967046683450,102449219491796.0
2011-08-08,462.69,2,-32.86,-0.0663,489.22,497.49,441.24,606047356,3174117732855,95790632758780.0
2011-08-09,432.88,2,-29.81,-0.0644,445.7,445.86,404.55,625021563,2742995935252,89668437236642.0
2011-08-10,453.55,1,20.67,0.0476999999999999,456.91,458.57,449.29,526574997,2463283509298,93976958422216.0
2011-08-11,469.24,1,15.69,0.0346,431.55,469.24,430.9,545836976,2572013692096,97229302169748.0
2011-08-12,474.15,1,4.91,0.0105,483.02,490.5,473.38,565087865,2996656714228,98249935331799.0
2011-08-16,496.23,1,22.08,0.0466,491.56,496.27,490.76,478300185,2468752985320,102844555947301.0
2011-08-17,506.44,1,10.21,0.0206,496.77,507.11,496.25,564132553,3152513041161,105049159188532.0
2011-08-18,507.8,1,1.36,0.0027,512.08,515.33,496.51,669630303,3540276236434,105297785739295.0
2011-08-19,474.65,2,-33.15,-0.0653,488.78,495.93,474.62,674147544,3474591943242,98444607504286.0
2011-08-22,465.9,2,-8.75,-0.0184,479.55,483.04,460.13,482936772,2553240400186,96287682164559.0
2011-08-23,479.75,1,13.85,0.0297,474.98,479.77,471.42,533777672,2585108300979,99151811724848.0
2011-08-24,474.29,2,-5.46,-0.0113999999999999,487.95,488.49,474.29,522572081,2466322529494,98052689969058.0
2011-08-25,471.5,2,-2.79,-0.0059,483.25,486.3,469.91,445842384,2169668212332,97501093945206.0
2011-08-26,473.31,1,1.81,0.0038,470.44,475.05,469.26,442776323,1830747175013,97904473635004.0
2011-08-29,483.27,1,9.96,0.021,481.28,483.43,478.49,453878015,1979911153923,100028430010029.0
2011-08-30,488.49,1,5.22,0.0108,489.76,490.21,486.75,550969390,2451130248984,101106602496222.0
2011-08-31,493.44,1,4.95,0.0101,492.2,493.45,488.08,485012687,2265073178834,102155774191801.0
2011-09-01,490.22,2,-3.22,-0.0065,496.81,500.52,488.1,612092368,2633914808943,101493431283718.0
2011-09-02,494.47,1,4.25,0.0087,491.04,494.5,488.25,613494590,2441544767466,102378292799489.0
2011-09-05,480.43,2,-14.04,-0.0283999999999999,489.13,491.98,480.32,601665403,2161087148435,99476021332522.0
2011-09-06,465.35,2,-15.08,-0.0314,473.82,476.39,459.17,644758158,2822937097068,96345844298730.0
2011-09-07,479.17,1,13.82,0.0297,475.08,479.25,473.54,426291063,1933692762125,98987117142298.0
2011-09-08,475.3,2,-3.87,-0.0081,484.91,485.02,472.62,479729687,2099507765738,98185070411158.0
2011-09-09,470.94,2,-4.36,-0.0092,474.24,476.49,468.93,428849569,1666622875385,97341641092227.0
2011-09-14,452.3,2,-18.64,-0.0395999999999999,471.73,471.73,452.27,409223269,1760555897262,93493906664266.0
2011-09-15,454.95,1,2.65,0.0059,464.21,465.98,445.15,484773999,1864698942010,94064587902410.0
2011-09-16,467.84,1,12.89,0.0283,463.98,467.87,461.03,484098131,1983945994845,96728041803669.0
2011-09-19,462.84,2,-5.0,-0.0107,466.69,472.47,462.83,474361644,2085376239853,95691619471012.0
2011-09-20,470.11,1,7.27,0.0157,461.65,470.12,458.74,471037951,2249379977991,97198360865064.0
2011-09-21,477.51,1,7.4,0.0157,473.43,479.68,472.4,491812418,2543301363751,98701599686925.0
2011-09-22,471.41,2,-6.1,-0.0128,469.02,476.01,467.96,512104277,2368511453508,97460302840730.0
2011-09-23,446.51,2,-24.9,-0.0528,454.97,455.91,446.49,553223583,2420774327838,92336807129900.0
2011-09-26,409.55,2,-36.96,-0.0828,453.24,453.78,408.35,670865794,2604653954459,84806742109449.0
2011-09-27,433.41,1,23.86,0.0583,422.18,433.43,422.18,547157786,2092014567426,89788163786214.0
2011-09-28,434.2,1,0.79,0.0018,440.57,444.45,434.2,521088050,2147376763769,89932894041417.0
2011-09-29,443.26,1,9.06,0.0209,431.58,443.26,430.72,486868321,1969976189444,91834337637364.0
2011-09-30,449.66,1,6.4,0.0144,446.75,451.34,445.98,466616114,1953068080731,93200437228336.0
2011-10-04,436.13,2,-13.53,-0.0301,430.3,436.14,423.88,443489784,1921060369147,90409647111674.0
2011-10-05,421.18,2,-14.95,-0.0343,441.76,442.05,421.17,480136124,2079126758279,87370250124926.0
2011-10-06,431.18,1,10.0,0.0237,433.92,437.71,428.93,499209864,2118629411187,89421217914817.0
2011-10-07,442.64,1,11.46,0.0266,440.72,442.85,439.88,492873179,2116260479158,91718145231164.0
2011-10-10,453.91,1,11.27,0.0255,445.82,453.92,445.82,506457801,2206443986300,94030944667363.0
2011-10-11,459.06,1,5.15,0.0113,462.82,463.05,458.79,681997775,2744124625572,95122635669358.0
2011-10-12,467.65,1,8.59,0.0187,461.43,467.68,459.61,618488327,3079861903860,96975317375406.0
2011-10-13,473.56,1,5.91,0.0126,474.13,476.64,473.52,620294340,2880425641329,98245874802756.0
2011-10-14,473.89,1,0.33,0.0007,473.71,473.91,464.88,554833684,3350976062278,98328892365899.0
2011-10-17,485.38,1,11.49,0.0242,480.85,485.55,479.48,593604570,3130217563496,100723248703176.0
2011-10-18,483.43,2,-1.95,-0.004,476.85,486.2,475.0,633757380,3807408757970,100300997555253.0
2011-10-19,488.17,1,4.74,0.0098,490.49,491.43,487.15,648993720,3949453030769,101322207332832.0
2011-10-20,469.98,2,-18.19,-0.0373,491.43,493.57,469.95,707641103,4019984486607,97529389794090.0
2011-10-21,481.22,1,11.24,0.0239,480.21,481.25,471.91,538775433,3496398223281,99964892639934.0
2011-10-24,493.03,1,11.81,0.0245,489.75,493.03,487.69,570368112,3503945875084,102445050236957.0
2011-10-25,492.69,2,-0.34,-0.0007,496.92,497.85,492.24,659556438,3785302783941,102539247049877.0
2011-10-26,497.51,1,4.82,0.0098,488.96,497.51,488.84,532293967,3271741668852,103416140142048.0
2011-10-27,497.04,2,-0.47,-0.0009,502.32,502.83,496.08,604992787,3388689243265,103370018115701.0
2011-10-28,490.59,2,-6.45,-0.013,504.69,504.7,486.7,556402304,3288773411285,102024396182060.0
2011-10-31,490.69,1,0.1,0.0002,492.96,493.71,488.34,508103951,2648687172931,102012795782021.0
2011-11-01,492.36,1,1.67,0.0034,487.21,493.09,487.21,511856612,2773996242273,102110400421149.0
2011-11-02,493.49,1,1.13,0.0023,480.45,493.51,477.87,526151221,2810513731372,102382051361441.0
2011-11-03,487.91,2,-5.58,-0.0113,497.81,497.84,487.9,489926896,2537029320700,101225120340920.0
2011-11-04,502.8,1,14.89,0.0305,497.51,502.8,497.5,562633146,2589312796106,104300939609086.0
2011-11-07,509.77,1,6.97,0.0139,506.44,511.06,505.39,540583869,2801937632129,105759647996446.0
2011-11-08,507.11,2,-2.66,-0.0052,514.12,514.13,507.11,604734019,3353970662135,105361896258926.0
2011-11-09,509.41,1,2.3,0.0045,513.1,514.35,505.34,563667571,3150539377735,105824180999808.0
2011-11-10,488.77,2,-20.64,-0.0405,495.18,495.64,486.09,611607475,3182406676210,101651200521223.0
2011-11-11,500.08,1,11.31,0.0231,498.57,500.09,491.1,580517362,3154282500905,104157943427655.0
2011-11-14,510.09,1,10.01,0.02,508.39,512.03,508.24,562075659,2901093401760,106325933888564.0
2011-11-15,508.33,2,-1.76,-0.0034999999999999,510.33,512.4,505.88,575859352,2875685633664,105972363874590.0
2011-11-16,497.58,2,-10.75,-0.0210999999999999,513.88,514.12,497.57,595042531,3309107187340,103711562564872.0
2011-11-17,506.54,1,8.96,0.018,500.59,506.54,495.39,580654405,2692649835646,105581418474988.0
2011-11-18,503.09,2,-3.45,-0.0068,498.91,503.11,498.67,573618042,2831063376152,104894576223666.0
2011-11-21,498.36,2,-4.73,-0.0093999999999999,504.14,504.96,498.36,621189472,2615313129300,103908886963220.0
2011-11-22,505.69,1,7.33,0.0147,493.25,505.71,492.97,615143152,2815564873247,105431799012756.0
2011-11-23,490.49,2,-15.2,-0.0301,506.93,506.93,488.54,616802415,3051282457869,102627393206691.0
2011-11-24,489.48,2,-1.01,-0.0021,488.14,492.98,485.11,562022098,2543948882928,102619793433076.0
2011-11-25,479.55,2,-9.93,-0.0203,488.9,491.73,475.99,563898626,2743764111599,100609665685426.0
2011-11-28,486.36,1,6.81,0.0141999999999999,485.18,487.1,482.55,429695961,2186129200873,101936883985861.0
2011-11-29,492.73,1,6.37,0.0131,492.14,493.32,489.88,505592037,2340578564721,103284919314520.0
2011-11-30,492.81,1,0.08,0.0002,493.58,496.53,491.16,534766183,2599618542434,103429989110039.0
2011-12-01,496.33,1,3.52,0.0070999999999999,504.26,504.39,496.3,685324284,3455029468371,104289871098168.0
2011-12-02,498.33,1,2.0,0.004,497.46,498.46,495.73,506764647,2913974424102,104734192924960.0
2011-12-05,505.82,1,7.49,0.015,501.99,505.9,500.62,506541174,2546258531609,106584806045546.0
2011-12-06,502.59,2,-3.23,-0.0064,508.06,508.31,501.64,614227496,3431291199365,105887507794312.0
2011-12-07,505.68,1,3.09,0.0060999999999999,506.42,507.25,504.52,532732688,3224779145231,106518398340107.0
2011-12-08,508.65,1,2.97,0.0059,507.6,509.6,503.78,565097792,3247542980470,107146385759013.0
2011-12-09,507.6,2,-1.05,-0.0021,504.93,509.99,503.49,555607601,3125872202323,106945562156323.0
2011-12-12,515.22,1,7.62,0.015,515.06,516.1,512.37,587315829,3078506220462,108563786877125.0
2011-12-13,511.3,2,-3.92,-0.0076,512.62,514.95,508.96,710372350,4223850638792,107625817201118.0
2011-12-14,508.38,2,-2.92,-0.0056999999999999,513.17,514.36,506.89,597698885,3584125169000,107060834177402.0
2011-12-15,497.76,2,-10.62,-0.0209,505.22,507.2,497.76,627612198,3811385313612,104834286967130.0
2011-12-16,504.58,1,6.82,0.0137,503.63,504.89,500.89,567405437,3358825278302,106254861347798.0
2011-12-19,477.61,2,-26.97,-0.0535,505.7,505.97,460.19,820928725,4174907283131,100615548401903.0
2011-12-20,489.61,1,12.0,0.0250999999999999,481.7,489.66,481.69,502914138,2798575426707,103130851276586.0
2011-12-21,500.64,1,11.03,0.0225,500.26,503.13,500.2,622215894,3421036244344,105502607361017.0
2011-12-22,501.54,1,0.9,0.0018,503.04,504.62,501.0,594161537,2940852920617,105768449751289.0
2011-12-23,502.36,1,0.82,0.0016,506.11,506.56,501.3,629760954,2883890335314,106013813816486.0
2011-12-26,501.37,2,-0.99,-0.002,506.38,506.76,499.91,537090623,2352495622322,105887032847612.0
2011-12-27,491.64,2,-9.73,-0.0194,502.76,503.0,487.31,691457442,3098289710565,103865069830125.0
2011-12-28,495.22,1,3.58,0.0073,493.12,495.39,492.79,475702265,2234889514887,104758626127023.0
2011-12-29,500.18,1,4.96,0.01,495.04,500.73,494.87,488729956,2416855690092,105993581051757.0
2012-01-02,506.79,1,6.61,0.0132,504.41,506.83,502.69,433447351,2561959623491,107358104531115.0
2012-01-03,513.83,1,7.04,0.0139,509.98,513.85,509.84,590985020,3725275360462,108854354539142.0
2012-01-04,516.3,1,2.47,0.0048,517.46,519.48,516.2,652087423,3669529621386,109393242663593.0
2012-01-05,521.96,1,5.66,0.011,520.14,524.37,519.11,654304794,3530695736202,110600312049554.0
2012-01-06,518.94,2,-3.02,-0.0058,525.04,525.04,515.09,626018077,3311264100530,109996964207804.0
2012-01-09,520.28,1,1.34,0.0026,519.96,520.38,514.34,617371439,3230579157701,110293206666202.0
2012-01-10,525.74,1,5.46,0.0105,524.34,526.4,524.13,570047721,2963263736075,111480538783427.0
2012-01-11,518.58,2,-7.16,-0.0136,528.44,528.44,518.33,642145623,3189553425881,110022387577113.0
2012-01-12,520.34,1,1.76,0.0034,521.3,521.61,516.73,604512236,2574748620985,110412303325754.0
2012-01-13,523.13,1,2.79,0.0054,522.44,523.69,521.51,508474210,2348273628706,111015984692976.0
2012-01-16,519.85,2,-3.28,-0.0063,519.95,521.81,517.99,476006435,2313072677287,110305183422359.0
2012-01-17,519.58,2,-0.27,-0.0005,522.91,523.54,519.44,570042910,2664347360088,110259490147957.0
2012-01-18,513.2,2,-6.38,-0.0123,522.17,522.36,513.18,623840234,2698815867418,108875700681889.0
2012-01-19,515.7,1,2.5,0.0049,516.93,518.08,515.02,549315198,2648619726546,109400646953658.0
2012-01-20,512.17,2,-3.53,-0.0068,517.65,517.96,510.66,562878815,2793127315921,108943179750163.0
2012-01-25,511.47,2,-0.7,-0.0014,513.12,514.63,510.88,472378182,2403388742911,108810160649614.0
2012-01-26,516.45,1,4.98,0.0097,514.71,516.95,514.37,503494180,2258881475639,109920004443257.0
2012-01-27,515.81,2,-0.64,-0.0012,518.51,518.65,515.81,539396974,2255172748057,109791871513371.0
2012-01-30,510.33,2,-5.48,-0.0106,516.97,516.97,510.33,538780229,2241027593313,108628465297933.0
2012-01-31,513.99,1,3.66,0.0072,512.03,514.3,511.52,689348717,2572639428860,109418280208214.0
2012-02-01,519.25,1,5.26,0.0102,516.45,519.26,515.91,636587649,2477304288488,110315635223134.0
2012-02-02,522.08,1,2.83,0.0055,524.39,524.56,521.14,750594842,3162358094375,110927272933314.0
2012-02-03,522.59,1,0.51,0.001,524.5,524.56,520.98,699621338,2894353700460,111099658760688.0
2012-02-06,517.1,2,-5.49,-0.0105,526.8,526.82,517.09,695000401,3376860600833,109919250009155.0
2012-02-07,519.07,1,1.97,0.0038,518.91,520.38,517.29,670480863,3195744094343,110310473822439.0
2012-02-08,520.95,1,1.88,0.0036,520.72,522.43,519.45,730124283,3662132532084,110711801438779.0
2012-02-09,524.27,1,3.32,0.0064,522.82,524.35,520.83,767493657,3553295488869,111507929504480.0
2012-02-10,528.67,1,4.4,0.0084,527.54,529.18,522.76,762552185,3135754793375,112457775145503.0
2012-02-13,533.19,1,4.52,0.0085,530.85,533.54,528.72,790562939,2908809133046,113453748423320.0
2012-02-14,535.36,1,2.17,0.0040999999999999,535.38,536.33,534.55,790836823,3077669297284,114015806546895.0
2012-02-15,537.86,1,2.5,0.0046999999999999,538.13,538.14,535.91,910751832,3858843874167,114589480925436.0
2012-02-16,535.3,2,-2.56,-0.0048,537.7,540.01,534.91,728177087,3010359604324,114001465007572.0
2012-02-17,540.14,1,4.84,0.009,540.78,541.13,539.65,754466322,3021439899342,114976073051415.0
2012-02-20,540.33,1,0.19,0.0004,543.3,543.4,539.33,882731042,2915835740491,115056172246519.0
2012-02-21,543.06,1,2.73,0.0051,542.89,543.31,540.46,885800092,3075097723666,115746782997580.0
2012-02-22,544.2,1,1.14,0.0021,544.91,545.43,543.25,966816647,2862593039230,115990466187886.0
2012-02-23,541.13,2,-3.07,-0.0056,543.79,543.86,541.13,877298121,2645300890399,115726616963213.0
2012-02-24,544.14,1,3.01,0.0056,544.28,544.34,541.75,827878882,2710590150739,116396299683016.0
2012-02-27,538.34,2,-5.8,-0.0107,545.84,545.86,538.34,677976691,2296032009980,114930474112023.0
2012-02-28,540.35,1,2.01,0.0037,541.3,541.83,539.13,774487323,2469448328851,115362660382024.0
2012-02-29,542.3,1,1.95,0.0036,543.96,544.4,542.24,749244450,2483694869133,115815313115533.0
2012-03-02,543.97,1,1.67,0.0031,545.17,545.47,543.05,677961755,2055731666128,116321317478775.0
2012-03-05,539.74,2,-4.23,-0.0078,546.01,546.15,539.13,625845164,2064483216881,115469294285862.0
2012-03-06,533.62,2,-6.12,-0.0113,540.63,541.4,529.42,909279397,2547809042383,114161974431708.0
2012-03-07,532.48,2,-1.14,-0.0021,525.48,532.98,524.73,829314126,2133250181469,113982523620720.0
2012-03-08,535.76,1,3.28,0.0062,535.97,537.07,535.08,789561257,2353552110499,114708720107721.0
2012-03-09,539.55,1,3.79,0.0070999999999999,539.42,539.71,536.81,888858310,2357950379242,115506841474096.0
2012-03-12,536.11,2,-3.44,-0.0064,541.27,541.33,536.09,771090860,2208966652915,114770019683783.0
2012-03-13,538.46,1,2.35,0.0044,539.0,539.51,537.68,762059594,2285689538119,115297865565529.0
2012-03-14,538.86,1,0.4,0.0007,543.15,543.22,538.86,856066030,2500968073537,115431525677451.0
2012-03-15,538.31,2,-0.55,-0.001,540.13,540.87,537.14,819849043,2432473944300,115554758333008.0
2012-03-16,539.78,1,1.47,0.0027,540.17,540.42,537.51,760812860,2355611528682,115788720229750.0
2012-03-19,539.83,1,0.05,0.0001,541.34,542.49,539.53,810187209,2124055624052,115797999308616.0
2012-03-20,535.55,2,-4.28,-0.0079,541.01,541.64,535.3,787359192,2279957966242,114901416104384.0
2012-03-21,533.93,2,-1.62,-0.003,535.78,537.07,533.74,714870218,2369020332691,114590433311499.0
2012-03-22,527.9,2,-6.03,-0.0113,535.2,535.46,527.9,701619641,2266741699136,113291309492304.0
2012-03-23,527.47,2,-0.43,-0.0008,526.59,528.19,526.27,635629073,2055739609834,113235728780096.0
2012-03-26,523.39,2,-4.08,-0.0077,530.13,530.6,523.39,663657363,2126740994609,112307993290411.0
2012-03-27,521.74,2,-1.65,-0.0032,527.63,527.97,521.54,692070292,2190543513101,111993749995853.0
2012-03-28,519.56,2,-2.18,-0.0042,523.42,524.12,519.56,645886998,1992522364331,111652105773978.0
2012-03-29,514.21,2,-5.35,-0.0103,519.74,520.12,510.2,797953227,2352433481743,110505763443326.0
2012-03-30,519.56,1,5.35,0.0104,515.33,519.96,514.73,665251663,2214954587885,111661802248066.0
2012-04-02,521.8,1,2.24,0.0043,521.87,523.01,521.55,540387716,1791573915169,112177501170431.0
2012-04-03,515.83,2,-5.97,-0.0113999999999999,524.42,524.55,515.63,680494441,2250794569632,110922551049292.0
2012-04-04,502.97,2,-12.86,-0.0249,516.51,516.63,500.51,675647903,2233321733465,108206676926593.0
2012-04-05,503.34,1,0.37,0.0007,499.93,503.76,494.54,643228658,2002803946983,108291131139893.0
2012-04-06,503.41,1,0.07,0.0001,504.29,507.01,502.52,639573754,1865081003022,108300278643782.0
2012-04-09,486.8,2,-16.61,-0.033,501.29,501.32,486.8,599285771,1820223987100,104710952323513.0
2012-04-10,484.77,2,-2.03,-0.0042,486.34,492.11,481.76,652338044,2083610540015,104355351273130.0
2012-04-12,485.71,1,0.94,0.0019,486.41,487.18,482.74,542658732,1593926486442,104642006661090.0
2012-04-13,499.46,1,13.75,0.0283,491.43,499.56,491.43,499130594,1844828033159,107640551230168.0
2012-04-16,501.09,1,1.63,0.0033,496.42,501.35,496.42,500615857,1723088554846,108018072724401.0
2012-04-17,500.38,2,-0.71,-0.0014,502.97,504.15,497.8,539354293,2451203591942,107882783386076.0
2012-04-18,503.63,1,3.25,0.0065,507.02,507.02,503.3,518476621,1944455766414,108581735428248.0
2012-04-19,501.92,2,-1.71,-0.0034,504.1,505.06,500.23,524289470,1953060554777,108187874059087.0
2012-04-20,497.56,2,-4.36,-0.0087,501.13,501.58,496.67,606658962,1785411358430,107266784361762.0
2012-04-23,495.02,2,-2.54,-0.0051,499.42,500.32,494.94,559978740,1874407745487,106712262884031.0
2012-04-24,487.62,2,-7.4,-0.0149,490.21,492.5,486.83,558516421,2231582947320,105119147289704.0
2012-04-25,483.48,2,-4.14,-0.0085,491.13,491.97,483.47,534997487,1841859205440,104250329357714.0
2012-04-26,476.62,2,-6.86,-0.0141999999999999,488.37,489.32,475.27,586790436,1988248924732,102755347223027.0
2012-04-27,479.08,1,2.46,0.0052,479.44,480.45,476.62,502909691,1836183477000,103271501862238.0
2012-04-30,478.89,2,-0.19,-0.0004,482.48,482.84,476.31,560141888,1897434359236,103233289052163.0
2012-05-02,485.54,1,6.65,0.0139,480.82,485.62,480.76,436051718,1649908517270,104711350281781.0
2012-05-03,487.44,1,1.9,0.0039,487.32,488.78,487.09,496714684,1642670834468,105116127242277.0
2012-05-04,490.53,1,3.09,0.0063,488.52,490.54,487.94,445517410,1795753959270,105985122143989.0
2012-05-07,487.01,2,-3.52,-0.0072,485.83,489.02,485.0,372323615,1393522982139,105226992602932.0
2012-05-08,494.6,1,7.59,0.0156,491.45,494.71,491.33,501097953,1779919431381,106888086851772.0
2012-05-09,491.56,2,-3.04,-0.0060999999999999,494.5,495.39,490.26,468202307,1727257823486,106259610865292.0
2012-05-10,494.27,1,2.71,0.0055,492.22,494.59,491.95,490193210,1698354046352,106692817985526.0
2012-05-11,493.66,2,-0.61,-0.0012,497.5,498.59,492.41,497836739,1883471656619,106544259149313.0
2012-05-14,488.53,2,-5.13,-0.0104,495.17,497.17,486.59,500484019,1949833402884,105445383387566.0
2012-05-15,480.5,2,-8.03,-0.0163999999999999,483.63,484.99,473.2,530418798,1911363834274,103714247136912.0
2012-05-16,465.01,2,-15.49,-0.0322,478.74,481.19,465.0,484218460,1644842250750,100359465204378.0
2012-05-17,468.13,1,3.12,0.0067,466.73,469.7,464.12,438315704,1441294113573,101012954276576.0
2012-05-18,448.68,2,-19.45,-0.0415,460.85,460.85,448.14,457459633,1507065284376,96841157910263.0
2012-05-21,448.89,1,0.21,0.0005,452.33,454.42,446.35,387670676,1285908164680,96878439279568.0
2012-05-22,461.45,1,12.56,0.0279999999999999,455.63,461.46,455.63,433498235,1551577570327,99612162667146.0
2012-05-23,455.9,2,-5.55,-0.012,461.83,461.96,455.9,440094290,1382708919620,97992377957179.0
2012-05-24,455.72,2,-0.18,-0.0004,458.39,460.88,454.08,456652108,1375188753822,96380321724034.0
2012-05-25,462.4,1,6.68,0.0147,459.93,463.07,459.37,454064459,1547901262393,97697967571315.0
2012-05-29,470.02,1,7.62,0.0165,464.34,470.52,464.34,409575750,1380017698876,99116577962276.0
2012-05-30,469.62,2,-0.4,-0.0009,473.29,473.35,468.63,517874652,1611285917475,99052794264542.0
2012-05-31,471.94,1,2.32,0.0049,464.6,471.98,463.51,544645250,1559864662470,99446147310546.0
2012-06-01,472.13,1,0.19,0.0004,474.26,476.43,472.13,493192646,1433179760853,99501311548718.0
2012-06-04,450.84,2,-21.29,-0.0451,458.01,460.82,448.94,549328685,1602084323286,94992568713872.0
2012-06-05,456.68,1,5.84,0.013,456.33,458.01,455.29,677895094,1580615884040,96241088022636.0
2012-06-07,466.18,1,9.5,0.0208,466.75,468.56,466.18,591555228,1770245618863,98360202636373.0
2012-06-08,461.99,2,-4.19,-0.009,468.65,469.35,461.97,575408716,1784999948200,97586385465839.0
2012-06-11,469.59,1,7.6,0.0165,467.53,469.6,466.8,582243542,1599733027768,99210259914655.0
2012-06-12,471.97,1,2.38,0.0051,465.63,472.18,465.56,585138461,1753758060053,99696344030393.0
2012-06-13,470.96,2,-1.01,-0.0021,476.82,476.84,470.74,638670141,1778462429355,99436267993496.0
2012-06-14,472.03,1,1.07,0.0023,471.56,473.04,471.33,586076849,1718067775622,100194445729005.0
2012-06-15,467.75,2,-4.28,-0.0091,475.23,475.23,467.75,603251228,1793430441380,99344257824778.0
2012-06-18,475.26,1,7.51,0.0161,475.33,476.05,475.2,533563942,1575257843984,100977889961720.0
2012-06-19,478.36,1,3.1,0.0065,476.55,478.99,476.31,765871110,2156585828776,101659340730830.0
2012-06-20,484.55,1,6.19,0.0129,482.84,484.69,481.96,584304053,1799544317281,102979695219391.0
2012-06-21,485.18,1,0.63,0.0013,486.31,488.38,483.49,623514745,1929749395595,103185153552990.0
2012-06-22,485.19,1,0.01,0.0,479.81,485.2,479.66,635574761,1606041837474,103291486590038.0
2012-06-25,484.44,2,-0.75,-0.0015,488.67,488.81,483.76,604901382,1537689920216,103174982510079.0
2012-06-26,484.34,2,-0.1,-0.0002,482.76,485.39,482.76,633419579,1546864762583,103236022907502.0
2012-06-27,483.03,2,-1.31,-0.0027,487.2,487.2,480.25,678102898,1713366331836,103050305494895.0
2012-06-28,485.91,1,2.88,0.006,486.6,487.45,484.14,717327798,1760284867240,103608846962613.0
2012-06-29,489.16,1,3.25,0.0067,486.69,489.38,485.07,630737147,1706557630256,106033033897328.0
2012-07-02,490.43,1,1.27,0.0026,493.61,493.66,490.43,564841825,1633537897365,106424907529842.0
2012-07-03,493.91,1,3.48,0.0070999999999999,492.76,494.17,492.59,693373620,1849969987980,107195957821300.0
2012-07-04,495.81,1,1.9,0.0038,496.31,496.97,494.95,719739304,1924609936136,107647261570807.0
2012-07-05,497.34,1,1.53,0.0031,497.58,498.22,496.85,687209932,1777682231581,107991329514563.0
2012-07-06,497.21,2,-0.13,-0.0003,499.32,499.43,495.76,697650722,2159498689984,108033027951217.0
2012-07-09,495.23,2,-1.98,-0.004,497.06,498.75,495.23,594981952,1715079578291,107610961387398.0
2012-07-10,492.34,2,-2.89,-0.0058,497.23,497.8,491.23,816754038,2004662126652,107033822122833.0
2012-07-11,491.93,2,-0.41,-0.0008,492.79,494.89,490.56,794556706,2018865938074,106807563241197.0
2012-07-12,486.38,2,-5.55,-0.0113,493.52,493.99,486.25,721365383,2006194073968,105639838275420.0
2012-07-13,484.32,2,-2.06,-0.0042,487.61,487.91,468.75,783147588,2069784002431,105234178477907.0
2012-07-16,483.5,2,-0.82,-0.0017,488.12,488.12,483.5,555353989,1518876262197,105059384823519.0
2012-07-17,480.61,2,-2.89,-0.006,482.95,483.77,480.41,699342603,1722499947319,104422274201704.0
2012-07-18,472.88,2,-7.73,-0.0161,482.83,483.53,472.88,731990192,1819166605872,102680995479803.0
2012-07-19,478.68,1,5.8,0.0123,478.03,479.87,477.95,614849983,1833949887063,104004469928805.0
2012-07-20,481.83,1,3.15,0.0066,481.11,482.72,480.47,623353140,1867958797334,104687395159117.0
2012-07-23,472.24,2,-9.59,-0.0199,480.37,480.37,471.78,621065221,1711039867600,102599892839305.0
2012-07-24,468.28,2,-3.96,-0.0084,470.49,472.06,464.09,577955964,1682991266483,101774901274374.0
2012-07-25,454.72,2,-13.56,-0.0289999999999999,462.7,462.7,454.72,616223042,1666130322305,98914500890893.0
2012-07-26,457.86,1,3.14,0.0069,457.61,459.24,456.05,530856565,1414739799365,99675996429944.0
2012-07-27,464.72,1,6.86,0.015,463.76,465.11,463.29,544059458,1380204307677,101180446806336.0
2012-07-30,465.46,1,0.74,0.0016,468.44,468.85,465.46,393787688,1089217125243,101369293483678.0
2012-07-31,467.61,1,2.15,0.0046,466.38,467.61,465.71,490959072,1300388014384,101852239454429.0
2012-08-01,468.53,1,0.92,0.002,467.87,469.19,467.7,371946094,1085839993499,102067167991700.0
2012-08-02,466.63,2,-1.9,-0.0040999999999999,469.35,470.85,466.03,438759099,1204008668073,101735464605615.0
2012-08-03,465.28,2,-1.35,-0.0029,464.26,465.89,463.44,409761562,1066287205630,101480097140462.0
2012-08-06,469.61,1,4.33,0.0093,470.26,470.57,469.21,438994664,1251539443048,102340487478716.0
2012-08-07,471.6,1,1.99,0.0042,471.0,472.3,470.7,441111059,1297405373099,102818247171509.0
2012-08-08,471.42,2,-0.18,-0.0004,473.78,474.48,471.42,472648699,1366654873036,102823166308337.0
2012-08-09,474.05,1,2.63,0.0056,473.0,474.49,472.71,586242310,1517684776396,103459666135406.0
2012-08-10,475.51,1,1.46,0.0031,475.93,477.4,474.94,513169583,1558611965844,103767738505922.0
2012-08-13,478.4,1,2.89,0.0060999999999999,478.17,479.27,477.36,486194528,1488425164777,104389882434876.0
2012-08-14,480.74,1,2.34,0.0049,480.4,481.29,479.86,521655447,1616068381850,104867110062480.0
2012-08-16,485.32,1,4.58,0.0095,482.22,485.33,481.45,547420737,1771884391511,105869842624617.0
2012-08-17,487.26,1,1.94,0.004,488.12,488.32,485.96,578869551,1895919650033,106299442386022.0
2012-08-20,490.13,1,2.87,0.0059,489.85,490.61,488.44,549873091,1940380726026,106934079935886.0
2012-08-21,491.72,1,1.59,0.0032,491.86,492.72,491.12,575977025,2050466513125,107292552564873.0
2012-08-22,492.89,1,1.17,0.0024,493.09,494.08,489.67,563387021,2104255173845,107550229150069.0
2012-08-23,499.34,1,6.45,0.0131,494.39,499.34,494.31,623447132,2429810824766,108968337719223.0
2012-08-24,497.51,2,-1.83,-0.0037,498.34,500.04,495.23,648532518,2350490335525,108704855191159.0
2012-08-27,493.83,2,-3.68,-0.0074,496.89,497.62,493.62,687432930,2296915526441,107922582689892.0
2012-08-28,499.53,1,5.7,0.0115,495.37,499.53,495.37,679578254,2485998168807,109173290712010.0
2012-08-29,505.32,1,5.79,0.0116,502.32,505.55,501.92,693282711,2669720480791,110555467604898.0
2012-08-30,505.64,1,0.32,0.0006,507.19,507.31,503.78,765304424,2699143609660,110601399976408.0
2012-08-31,508.35,1,2.71,0.0054,506.19,509.35,506.19,696048113,2401229161153,111177029965164.0
2012-09-03,512.45,1,4.1,0.0081,511.62,513.57,509.22,674052967,2540309067379,112054785926703.0
2012-09-04,507.41,2,-5.04,-0.0098,514.05,514.78,506.76,769362531,2980170842428,110956742891984.0
2012-09-05,505.39,2,-2.02,-0.004,509.46,509.79,504.02,632448171,2166202900607,110511022738563.0
2012-09-06,506.72,1,1.33,0.0026,508.3,509.41,506.72,749889311,2342356844642,110834569944782.0
2012-09-07,510.87,1,4.15,0.0081999999999999,512.08,512.08,510.1,689628997,2084880070568,111752664011270.0
2012-09-10,512.11,1,1.24,0.0024,513.28,513.86,511.57,728808615,2284871895264,112023884783048.0
2012-09-11,514.42,1,2.31,0.0045,512.97,514.42,510.69,784277770,2499396173188,112502831175794.0
2012-09-12,517.52,1,3.1,0.006,517.86,518.7,516.77,758312540,2524778675290,113171438110349.0
2012-09-13,520.48,1,2.96,0.0056999999999999,519.71,520.9,518.21,920129513,3034362668070,113806208941183.0
2012-09-14,519.14,2,-1.34,-0.0026,524.96,525.01,517.6,885341057,3209357015656,113519442918133.0
2012-09-17,519.0,2,-0.14,-0.0003,520.43,520.43,516.11,797518016,2547102408359,113385457117176.0
2012-09-18,523.52,1,4.52,0.0087,521.03,523.53,519.92,786517973,2809534332756,114327702745626.0
2012-09-19,528.06,1,4.54,0.0087,525.0,528.22,524.39,797107313,2982620100223,115331467441565.0
2012-09-20,528.06,3,0.0,0.0,529.93,531.61,527.1,797363668,3010462342998,115336366650333.0
2012-09-21,531.49,1,3.43,0.0065,530.72,531.53,524.16,927387972,3405280690464,116084162667154.0
2012-09-24,532.28,1,0.79,0.0015,533.68,534.09,530.48,718128241,3056028179266,116269013671730.0
2012-09-25,522.96,2,-9.32,-0.0175,532.51,532.51,522.95,935680272,3229079599243,114293731328295.0
2012-09-26,520.71,2,-2.25,-0.0043,520.95,526.06,520.19,601260776,2342431102129,113820239968702.0
2012-09-27,518.29,2,-2.42,-0.0046,520.87,522.57,512.62,576991127,2503376670178,113357715546082.0
2012-09-28,523.78,1,5.49,0.0106,521.46,523.94,521.01,504076607,2064403553717,114800998198033.0
2012-10-02,527.56,1,3.78,0.0072,525.92,528.75,525.51,508957068,2207661409847,115620753703563.0
2012-10-04,531.44,1,3.88,0.0074,529.71,531.73,529.18,619393036,2649687393828,116449752731231.0
2012-10-05,535.82,1,4.38,0.0081999999999999,533.97,536.09,533.24,598764437,2800918745844,117433462609303.0
2012-10-08,537.79,1,1.97,0.0037,537.98,538.65,536.59,562107801,3009449524442,117925516179566.0
2012-10-09,540.43,1,2.64,0.0049,539.4,542.67,539.36,680091227,2921704471700,118551697152211.0
2012-10-10,533.86,2,-6.57,-0.0121999999999999,538.25,538.5,533.73,723624266,2978888308585,117188308100111.0
2012-10-11,534.95,1,1.09,0.002,533.18,538.43,530.63,646338778,2797170337774,117419833846523.0
2012-10-12,539.86,1,4.91,0.0092,537.63,539.9,537.15,597100606,2709736469003,118599526179876.0
2012-10-15,529.33,2,-10.53,-0.0195,542.76,543.27,523.07,826691883,3704333803298,116310833818316.0
2012-10-16,530.23,1,0.9,0.0017,532.78,532.9,521.81,677547847,3033018279107,116519996535971.0
2012-10-17,528.22,2,-2.01,-0.0038,532.71,535.53,528.22,593636702,2689922854721,116078680536199.0
2012-10-18,514.16,2,-14.06,-0.0266,530.2,531.0,513.47,583249920,2785802399184,113009385157497.0
2012-10-19,518.81,1,4.65,0.009,514.07,518.81,504.42,491807375,2321127183503,114027765673709.0
2012-10-22,523.0,1,4.19,0.0081,511.84,523.01,511.81,497108900,2063321446201,114963277119172.0
2012-10-23,524.15,1,1.15,0.0022,524.85,527.48,524.15,563712813,2288987561205,115198862536781.0
2012-10-24,524.35,1,0.2,0.0004,518.89,524.35,518.89,513515618,2120010079645,115249248183674.0
2012-10-25,518.25,2,-6.1,-0.0116,526.71,527.9,518.25,536651099,2210112333555,113963237543666.0
2012-10-26,505.5,2,-12.75,-0.0246,520.5,520.52,503.57,474032918,2005184933066,111192646920769.0
2012-10-29,494.88,2,-10.62,-0.021,507.91,509.15,493.87,470850712,1880640781346,108860343199674.0
2012-10-30,502.31,1,7.43,0.015,494.97,502.69,494.94,482422793,1656612904217,110505499902004.0
2012-10-31,508.31,1,6.0,0.0118999999999999,506.22,510.23,506.22,465182898,1763721892419,111850736910552.0
2012-11-01,508.83,1,0.52,0.001,509.92,510.04,505.23,404965142,1829980922941,111211894257990.0
2012-11-02,513.37,1,4.54,0.0089,514.06,514.83,511.58,444738005,1775627455911,112230407723244.0
2012-11-05,515.14,1,1.77,0.0034,513.62,516.84,513.55,389044098,1731104869040,112658724155732.0
2012-11-06,517.53,1,2.39,0.0046,517.62,518.09,516.49,463702976,2138402630907,113406589211032.0
2012-11-07,518.45,1,0.92,0.0018,519.84,519.95,515.81,460762257,1859109379108,113621437476308.0
2012-11-08,519.04,1,0.59,0.0011,512.48,519.04,512.36,463985047,1808794092551,113756683951440.0
2012-11-09,519.9,1,0.86,0.0017,517.56,520.35,511.79,414579185,1676433428032,114016493112693.0
2012-11-12,521.43,1,1.53,0.0029,521.45,522.74,519.21,417032192,1909641416792,114417156613247.0
2012-11-13,513.8,2,-7.63,-0.0146,523.18,523.83,512.5,489554957,2120895093696,112773906042834.0
2012-11-14,503.24,2,-10.56,-0.0206,516.08,516.59,502.91,477077740,2229607935340,110460239169229.0
2012-11-15,493.84,2,-9.4,-0.0187,496.69,500.37,490.46,472774672,1957626977124,108450349884446.0
2012-11-16,482.99,2,-10.85,-0.022,494.04,496.21,480.48,476763680,2262074287313,106096054031695.0
2012-11-19,493.14,1,10.15,0.021,486.12,493.17,486.12,397806559,1639404531734,108348566301878.0
2012-11-20,496.66,1,3.52,0.0070999999999999,499.15,499.87,493.48,436881685,1927336618794,109137398032793.0
2012-11-21,492.19,2,-4.47,-0.009,498.43,500.65,491.88,411309176,1795379425354,108139800214973.0
2012-11-22,497.03,1,4.84,0.0098,496.44,498.66,495.81,474458357,1785906729222,109267345906471.0
2012-11-23,498.82,1,1.79,0.0036,499.39,499.66,493.37,415395409,1740372282998,109706229634476.0
2012-11-26,496.24,2,-2.58,-0.0052,502.01,502.01,496.23,507915949,1798466352485,109171705816627.0
2012-11-27,493.63,2,-2.61,-0.0053,497.88,499.25,492.33,515781575,2195466225828,108660410343429.0
2012-11-28,494.48,1,0.85,0.0017,494.7,494.88,491.84,439005373,1727396410233,108313293635851.0
2012-11-29,496.73,1,2.25,0.0046,497.72,498.41,495.6,450374493,1812710325379,108801740708100.0
2012-11-30,499.37,1,2.64,0.0053,498.99,499.5,498.05,368975909,1700394447877,109340283857143.0
2012-12-03,498.97,2,-0.4,-0.0008,500.92,502.03,498.65,350223719,1625757555135,109276196719105.0
2012-12-04,502.71,1,3.74,0.0075,499.04,502.89,498.78,353742839,1667753000075,110078774425014.0
2012-12-05,496.5,2,-6.21,-0.0124,503.61,504.16,495.5,430561815,2142954807748,108806378454070.0
2012-12-06,488.03,2,-8.47,-0.0171,497.71,498.46,487.11,361832649,2019835106125,106953570184876.0
2012-12-07,489.22,1,1.19,0.0024,490.11,493.45,481.15,365740192,1967088262652,107343464588347.0
2012-12-10,489.59,1,0.37,0.0008,491.47,491.67,487.11,302286681,1469560318097,107435933235225.0
2012-12-11,481.59,2,-8.0,-0.0163,490.49,491.07,481.59,349941844,1615158272748,105788536282794.0
2012-12-12,485.33,1,3.74,0.0078,485.15,485.48,482.58,329806152,1472581397488,106617213163297.0
2012-12-13,490.15,1,4.82,0.0098999999999999,486.52,490.42,486.42,289316690,1341534081093,107676845771415.0
2012-12-14,491.65,1,1.5,0.0031,489.68,493.0,489.68,337429629,1431401196923,107998703831925.0
2012-12-17,485.48,2,-6.17,-0.0125,493.14,493.22,485.48,315004676,1373719532295,106839225813353.0
2012-12-18,483.19,2,-2.29,-0.0046999999999999,487.09,487.68,480.57,325265789,1477869622469,106367208420413.0
2012-12-20,479.21,2,-3.98,-0.0081999999999999,485.29,486.41,479.21,342515001,1510622328365,105465791400604.0
2012-12-21,478.06,2,-1.15,-0.0024,480.41,481.4,475.71,333417962,1517900728248,105774369889063.0
2012-12-24,483.76,1,5.7,0.0118999999999999,479.65,485.37,479.65,297319282,1484343113282,107069114713290.0
2012-12-26,482.76,2,-1.0,-0.0021,486.58,487.6,482.76,327756902,1484459896823,106908585970761.0
2012-12-27,492.08,1,9.32,0.0192999999999999,484.3,492.1,484.3,355609647,1667867237144,108180364997459.0
2012-12-28,496.32,1,4.24,0.0086,493.66,496.32,493.16,329013292,1508580279471,109121943099972.0
2013-01-02,501.61,1,5.29,0.0107,501.75,501.86,499.2,342534320,1515103323536,110301958686225.0
2013-01-03,499.07,2,-2.54,-0.0051,504.64,504.76,498.98,388426728,1748943998713,109764974339037.0
2013-01-04,504.84,1,5.77,0.0116,500.27,504.85,499.44,399804172,1893302164294,111030155652028.0
2013-01-07,508.72,1,3.88,0.0077,507.79,509.03,505.95,416030805,1827428266735,111882578869805.0
2013-01-08,509.01,1,0.29,0.0006,509.22,510.85,508.54,431557601,1765106301866,111987112259284.0
2013-01-09,511.94,1,2.93,0.0058,510.48,513.18,510.48,501716652,1881011291098,112631862340015.0
2013-01-10,514.48,1,2.54,0.005,514.21,514.72,512.03,432196407,1826283646617,113211204213842.0
2013-01-11,515.42,1,0.94,0.0018,516.91,517.37,512.77,441080664,2075626871463,113410663705466.0
2013-01-14,513.44,2,-1.98,-0.0038,516.93,517.11,513.42,443514919,1832744344463,112958090543006.0
2013-01-15,508.02,2,-5.42,-0.0106,514.82,515.2,508.02,496289285,1875119480414,111771731526940.0
2013-01-16,507.68,2,-0.34,-0.0007,509.59,512.05,506.97,483412106,1980874725127,111490951363582.0
2013-01-17,506.35,2,-1.33,-0.0026,510.4,510.67,504.92,525179220,2066067973566,111211262838000.0
2013-01-18,512.24,1,5.89,0.0116,509.85,512.28,508.94,477339923,1698936540843,112573545511146.0
2013-01-21,514.66,1,2.42,0.0046999999999999,514.83,514.97,513.12,514708333,1750803784989,113108904895809.0
2013-01-22,516.59,1,1.93,0.0038,515.71,516.6,513.42,541597947,1972290554476,113534798991142.0
2013-01-23,513.26,2,-3.33,-0.0064,518.19,518.49,513.26,569737850,2091837110021,112823015244320.0
2013-01-24,508.63,2,-4.63,-0.009,514.41,514.41,508.23,547315887,1911248112588,111803782562984.0
2013-01-25,506.83,2,-1.8,-0.0034999999999999,510.98,511.76,500.77,551145513,1851119297422,111463058895958.0
2013-01-28,504.2,2,-2.63,-0.0052,508.09,508.19,504.04,471655223,1525701268608,110885166579271.0
2013-01-29,505.35,1,1.15,0.0023,505.86,506.56,504.81,566850120,1664068517844,111191276755506.0
2013-01-30,502.8,2,-2.55,-0.005,507.29,507.49,502.79,468220775,1789543977688,110895778790802.0
2013-01-31,503.67,1,0.87,0.0017,503.94,505.29,502.49,381675018,1569732877546,111086477814784.0
2013-02-01,503.31,2,-0.36,-0.0007,504.8,505.0,497.66,479257130,1705433241834,111011198403234.0
2013-02-04,501.32,2,-1.99,-0.004,505.96,506.05,501.32,458129859,1609552066742,110535079297179.0
2013-02-05,498.16,2,-3.16,-0.0063,498.6,500.86,495.68,487132539,1604305708765,109992087620365.0
2013-02-06,502.56,1,4.4,0.0088,501.07,503.31,500.78,423870510,1552207441084,110972694183432.0
2013-02-07,501.78,2,-0.78,-0.0016,503.87,504.79,500.96,426034163,1645212273300,111060683293847.0
2013-02-08,504.94,1,3.16,0.0063,502.41,505.07,502.35,337974663,1429921888461,111778602912039.0
2013-02-12,503.72,2,-1.22,-0.0024,507.15,507.48,501.48,427694331,1488863820263,111531969335986.0
2013-02-13,507.99,1,4.27,0.0085,505.97,508.31,505.89,435230444,1689859268195,112784619244116.0
2013-02-14,512.53,1,4.54,0.0089,509.71,512.53,509.63,433338025,1763784020080,113784608605853.0
2013-02-15,514.58,1,2.05,0.004,513.49,515.02,513.18,438339178,1915429619101,114238121636466.0
2013-02-18,518.52,1,3.94,0.0077,516.62,518.53,516.36,477324472,1904237770548,115111175894680.0
2013-02-19,522.49,1,3.97,0.0077,519.41,522.5,519.41,480404933,2211885961587,116136845395888.0
2013-02-20,525.69,1,3.2,0.0060999999999999,524.74,525.99,524.36,481084364,2194672817260,116847521320763.0
2013-02-21,524.44,2,-1.25,-0.0024,525.09,526.94,524.44,511007517,2238268801140,116558556349688.0
2013-02-22,528.36,1,3.92,0.0075,525.85,529.81,525.77,513979836,2219407965509,117432707051132.0
2013-02-25,527.27,2,-1.09,-0.0021,531.3,531.4,527.26,455465476,2101436827026,117196531930368.0
2013-02-26,528.56,1,1.29,0.0024,525.59,529.26,525.43,435553592,1944946280876,117481186822627.0
2013-02-27,533.36,1,4.8,0.0091,531.98,533.43,530.86,463933500,2138235551777,118522095589852.0
2013-02-28,535.87,1,2.51,0.0046999999999999,536.25,536.53,534.59,407868237,2129089096277,119140364532028.0
2013-03-04,537.38,1,1.51,0.0028,538.52,539.85,537.36,372090428,1814883177564,119455507955847.0
2013-03-05,543.96,1,6.58,0.0121999999999999,540.43,544.11,540.43,455089037,2419613133626,121044772057660.0
2013-03-06,544.36,1,0.4,0.0007,547.57,547.61,542.7,486272374,2368132771107,121126890781473.0
2013-03-07,541.3,2,-3.06,-0.0056,545.4,545.42,538.29,509641988,2277866943506,120513062125751.0
2013-03-08,543.1,1,1.8,0.0033,542.79,544.01,539.59,490092507,2133052657511,120913990871266.0
2013-03-11,540.44,2,-2.66,-0.0049,544.28,544.35,532.54,521335738,2461808340356,120319271966222.0
2013-03-12,543.88,1,3.44,0.0064,542.96,546.02,542.96,562435964,2511236218300,121081130511940.0
2013-03-13,549.73,1,5.85,0.0108,545.96,549.78,545.96,541570335,2625019624215,122388488428158.0
2013-03-14,553.58,1,3.85,0.0069999999999999,551.67,553.74,547.4,596481369,2552602170650,123273610618180.0
2013-03-15,554.81,1,1.23,0.0022,556.63,556.63,553.42,569681666,2653867686300,123564020829600.0
2013-03-18,541.09,2,-13.72,-0.0247,554.67,555.68,541.09,508038304,2316861728150,120494269197642.0
2013-03-19,550.01,1,8.92,0.0165,545.06,550.01,545.06,493308307,1965057439530,122488548257815.0
2013-03-20,546.26,2,-3.75,-0.0068,551.67,552.49,543.53,487969594,2217204999578,121724847801439.0
2013-03-21,544.56,2,-1.7,-0.0031,549.66,551.08,544.56,463024714,1981695223333,121514537992911.0
2013-03-22,551.25,1,6.69,0.0123,546.22,551.43,546.1,410613985,1968276974202,123116340454496.0
2013-03-25,549.56,2,-1.69,-0.0031,554.33,554.82,549.17,384026475,1843834507479,122836307769308.0
2013-03-26,549.9,1,0.34,0.0006,550.68,551.84,548.5,384639085,1948085668663,122920014052292.0
2013-03-27,548.72,2,-1.18,-0.0021,552.6,552.63,545.61,443319016,2070495750693,122659767622917.0
2013-03-28,552.64,1,3.92,0.0070999999999999,550.48,553.1,550.48,407422934,1877149987950,123537571806713.0
2013-03-29,555.02,1,2.38,0.0043,555.8,555.87,553.97,404853147,2089856548640,124020587600936.0
2013-04-01,553.97,2,-1.05,-0.0019,557.28,557.28,553.45,401828350,1889787821079,123808531274745.0
2013-04-02,552.83,2,-1.14,-0.0021,555.77,557.51,549.08,503317081,2372390795837,123545583208574.0
2013-04-03,557.96,1,5.13,0.0093,556.32,557.96,553.82,501516857,2426003936007,124727364942628.0
2013-04-04,555.23,2,-2.73,-0.0049,555.63,557.49,539.24,560204751,2823452607921,124124104831224.0
2013-04-05,547.51,2,-7.72,-0.0139,556.92,558.29,543.57,440558446,2425557833414,122387758967786.0
2013-04-08,528.78,2,-18.73,-0.0342,547.18,548.09,528.78,459550706,2352313577590,118098161236530.0
2013-04-09,528.15,2,-0.63,-0.0012,526.04,535.3,517.1,494093212,2298636322592,117986081849927.0
2013-04-10,534.84,1,6.69,0.0127,530.92,534.84,527.75,395903714,1805037995204,119484210043373.0
2013-04-11,544.3,1,9.46,0.0177,540.07,544.53,535.77,440509637,2150864670535,121603370061008.0
2013-04-12,547.19,1,2.89,0.0053,547.65,551.02,546.72,448862773,2375489967185,122252535010515.0
2013-04-15,553.99,1,6.8,0.0124,550.09,554.31,549.64,417343033,2311377738416,123428587201816.0
2013-04-16,558.95,1,4.96,0.009,548.45,558.95,548.33,437505172,2848972581646,124548805727281.0
2013-04-17,558.54,2,-0.41,-0.0007,562.5,563.39,556.65,467392450,3233940610489,124515100174587.0
2013-04-18,551.1,2,-7.44,-0.0133,556.61,558.93,551.1,416509706,2491958239140,122958523370965.0
2013-04-19,541.46,2,-9.64,-0.0175,549.78,551.06,540.16,448176424,2678179039496,121290549005497.0
2013-04-22,547.1,1,5.64,0.0104,540.69,548.23,540.44,434456060,2600927459721,122589583079288.0
2013-04-23,554.37,1,7.27,0.0133,550.23,554.38,549.99,451233139,2509478703210,124235913734380.0
2013-04-24,563.81,1,9.44,0.017,559.01,564.01,558.45,475203362,2716993002200,126377562011764.0
2013-04-25,559.4,2,-4.41,-0.0078,564.64,565.83,559.0,546571667,2958171872797,125251961292540.0
2013-04-26,565.35,1,5.95,0.0106,562.69,565.64,562.06,489817494,2531890328212,126629122527335.0
2013-04-29,568.36,1,3.01,0.0053,567.59,568.92,564.92,442123099,2428630759170,127311370555099.0
2013-04-30,563.87,2,-4.49,-0.0079,570.24,570.28,562.31,505696282,2703601497689,126416356586148.0
2013-05-02,560.48,2,-3.39,-0.006,564.51,565.64,559.75,454128090,2316814367939,125649713179488.0
2013-05-03,565.33,1,4.85,0.0087,563.87,565.33,559.49,479887863,2262916041798,126795402583397.0
2013-05-06,567.13,1,1.8,0.0032,568.82,569.05,567.12,462952455,2084575175403,127255752123067.0
2013-05-07,573.68,1,6.55,0.0115,569.69,573.76,568.73,475869943,2321189324879,128769285850802.0
2013-05-08,576.7,1,3.02,0.0053,576.6,577.5,575.3,466321925,2397655173267,129575604432058.0
2013-05-09,573.35,2,-3.35,-0.0058,579.0,579.33,572.82,470604392,2472651937618,128854530260208.0
2013-05-10,569.7,2,-3.65,-0.0064,574.51,574.51,569.44,445328548,2338600119910,128139133610730.0
2013-05-13,565.72,2,-3.98,-0.0069999999999999,571.76,572.12,565.72,450089467,2264902842463,127303684092964.0
2013-05-14,560.47,2,-5.25,-0.0093,568.04,569.39,554.34,543624133,2810707872108,126502360119020.0
2013-05-15,565.65,1,5.18,0.0092,563.18,565.8,563.01,432745732,2107628683531,127721973505691.0
2013-05-16,566.06,1,0.41,0.0007,568.61,568.62,565.87,456864329,2384617228388,127811278983275.0
2013-05-20,567.32,1,1.26,0.0022,567.82,567.93,565.69,377811376,1925498901624,128107398459042.0
2013-05-21,572.69,1,5.37,0.0095,569.31,572.69,569.31,383528447,2103088478007,129490645737488.0
2013-05-22,574.25,1,1.56,0.0027,575.08,575.22,573.39,450320999,2280396318742,129847044867958.0
2013-05-23,569.34,2,-4.91,-0.0086,574.58,576.45,569.33,503895625,2489740808281,128737563473821.0
2013-05-24,574.06,1,4.72,0.0083,572.26,574.07,569.42,449877339,2145996175603,129814633881684.0
2013-05-27,577.56,1,3.5,0.0060999999999999,575.98,577.78,575.36,409440873,2031709152703,130604346053756.0
2013-05-28,585.76,1,8.2,0.0141999999999999,579.87,585.76,579.6,504961046,2495996528504,132445635606571.0
2013-05-29,585.69,2,-0.07,-0.0001,588.39,588.54,585.69,480766392,2220636406740,132456754923078.0
2013-05-30,581.13,2,-4.56,-0.0078,586.67,587.89,580.24,455452721,2262927566392,131705951236177.0
2013-05-31,577.87,2,-3.26,-0.0056,583.14,583.81,571.61,487624584,2413935790744,131059926239337.0
2013-06-03,569.41,2,-8.46,-0.0146,576.23,578.31,569.4,410528423,1938382408411,129145696014740.0
2013-06-04,561.55,2,-7.86,-0.0138,571.01,571.73,558.75,539188556,2246040113581,127301864800270.0
2013-06-05,549.09,2,-12.46,-0.0222,560.38,560.56,549.09,463804452,1884851401906,124417727623212.0
2013-06-07,535.75,2,-13.34,-0.0243,550.34,551.57,531.03,445954650,2228915077912,121402454201710.0
2013-06-10,547.0,1,11.25,0.021,538.49,547.8,537.94,546085503,1740065581471,123968066496930.0
2013-06-11,547.87,1,0.87,0.0016,547.45,548.02,543.36,743225956,2109303416718,124171168472014.0
2013-06-12,546.2,2,-1.67,-0.003,545.34,550.98,545.25,471016487,1730229678812,123820766050464.0
2013-06-13,540.82,2,-5.38,-0.0098,545.2,547.38,536.0,558006020,1672464168981,122431049921124.0
2013-06-14,536.04,2,-4.78,-0.0088,545.98,546.55,534.31,486145696,1510811779463,121331538868217.0
2013-06-17,524.5,2,-11.54,-0.0215,537.61,539.1,519.41,427795061,1626851156890,118700078367828.0
2013-06-18,534.26,1,9.76,0.0186,526.93,534.27,519.81,394417257,1491149241241,120982071454522.0
2013-06-19,531.41,2,-2.85,-0.0053,536.51,537.19,531.3,396653652,1435388189092,120335950824631.0
2013-06-20,525.59,2,-5.82,-0.011,524.88,531.96,521.02,445114132,1543055208207,119029381067423.0
2013-06-21,520.89,2,-4.7,-0.0089,513.58,520.89,507.3,418344661,1499040221343,117982312989982.0
2013-06-24,508.65,2,-12.24,-0.0235,523.5,523.59,508.65,379863032,1326516839518,115205694749521.0
2013-06-25,480.96,2,-27.69,-0.0544,505.28,508.76,478.68,539034823,2156165666944,109002120585331.0
2013-06-26,493.07,1,12.11,0.0252,490.45,495.02,482.36,382778129,1647149158340,111773908373775.0
2013-06-27,512.25,1,19.18,0.0389,501.06,512.25,501.01,404480956,1652002932002,116128441574394.0
2013-06-28,519.06,1,6.81,0.0133,516.63,519.65,514.63,373687487,1578646172852,117660788818632.0
2013-07-01,527.81,1,8.75,0.0169,522.51,528.68,522.4,323104071,1290657912918,119634539068029.0
2013-07-02,526.92,2,-0.89,-0.0017,531.99,532.38,525.28,345249032,1777058757206,119463030601634.0
2013-07-03,521.31,2,-5.61,-0.0106,528.01,530.94,521.05,383105605,1591133655899,118181373077836.0
2013-07-04,525.22,1,3.91,0.0075,524.48,526.45,517.51,384123154,1654345246247,119055104276828.0
2013-07-05,525.4,1,0.18,0.0003,528.04,529.75,522.77,422875836,1642728614994,119173142706432.0
2013-07-08,515.85,2,-9.55,-0.0182,526.48,528.5,515.85,330969168,1397457398564,117171350888481.0
2013-07-09,519.34,1,3.49,0.0068,519.08,519.93,513.84,425635179,1517420493769,117975123904203.0
2013-07-10,515.64,2,-3.7,-0.0070999999999999,521.41,521.88,515.64,422809827,1544600589547,117172754728137.0
2013-07-11,527.25,1,11.61,0.0225,520.04,527.26,520.04,368638295,1502437762486,119825859771656.0
2013-07-12,532.47,1,5.22,0.0098999999999999,530.37,532.48,528.23,398831560,1507793971702,121004001391924.0
2013-07-15,531.67,2,-0.8,-0.0015,534.23,535.13,529.27,367031558,1638797293931,120808547928169.0
2013-07-16,537.72,1,6.05,0.0113999999999999,533.77,537.72,533.36,339848525,1822653173091,122220651415729.0
2013-07-17,541.82,1,4.1,0.0076,539.08,543.28,537.92,326257833,1910172015449,123340585513808.0
2013-07-18,541.56,2,-0.26,-0.0005,544.02,544.3,541.56,327813737,1665536813786,123318896804603.0
2013-07-19,541.87,1,0.31,0.0006,545.43,546.08,540.32,316478923,1659889983667,122820558121025.0
2013-07-22,541.14,2,-0.73,-0.0013,543.66,544.83,541.14,326042447,1559312345242,122699358550490.0
2013-07-23,541.64,1,0.5,0.0009,542.76,544.13,540.86,307929087,1550355501146,122847040459257.0
2013-07-24,543.6,1,1.96,0.0036,543.44,544.09,541.56,358248239,1667937582582,123454320972303.0
2013-07-25,541.94,2,-1.66,-0.0031,544.75,545.49,541.94,369444932,1719015821314,123086549352812.0
2013-07-26,545.31,1,3.37,0.0062,543.87,545.33,542.51,326520735,1555229626359,123849971871442.0
2013-07-29,540.98,2,-4.33,-0.0079,547.26,547.69,540.98,347424933,1617740873911,122846501313732.0
2013-07-30,546.43,1,5.45,0.0101,542.86,546.43,542.64,366014262,1835291776741,124082817464411.0
2013-07-31,554.31,1,7.88,0.0144,548.72,554.65,547.78,354847096,2058877776083,127786590406291.0
2013-08-01,549.52,2,-4.79,-0.0086,557.68,557.79,549.52,328012936,2276659708088,126789834269602.0
2013-08-02,551.76,1,2.24,0.0040999999999999,553.24,554.65,549.67,336337704,2106549329902,127371112483094.0
2013-08-05,556.6,1,4.84,0.0088,553.68,556.92,553.32,342530942,1960776720135,128465638870705.0
2013-08-06,557.36,1,0.76,0.0014,558.38,558.95,554.98,347130051,2274832775179,128656085044810.0
2013-08-07,554.73,2,-2.63,-0.0046999999999999,556.94,559.14,554.73,352895695,2034915704639,128046705664529.0
2013-08-08,555.3,1,0.57,0.001,556.93,558.01,555.06,341178835,1909275826712,128211034224008.0
2013-08-09,554.93,2,-0.37,-0.0007,556.79,557.1,553.65,349814672,1749677348198,128137957480421.0
2013-08-12,550.25,2,-4.68,-0.0084,555.15,555.46,549.13,376523368,1872837358045,127637435484961.0
2013-08-13,550.85,1,0.6,0.0011,552.06,552.52,548.51,459778401,1964059034491,127783250394044.0
2013-08-14,550.87,1,0.02,0.0,553.6,554.38,550.87,419740482,1881629213951,127806751446893.0
2013-08-16,548.79,2,-2.08,-0.0038,544.77,549.79,544.6,397044402,1634228672958,127341777620428.0
2013-08-19,550.49,1,1.7,0.0031,550.75,551.22,549.35,396154385,1772904625691,127740253325634.0
2013-08-20,537.57,2,-12.92,-0.0235,550.0,551.46,537.56,516316741,2130172806532,124792644539320.0
2013-08-21,530.54,2,-7.03,-0.0131,540.21,540.71,523.93,503870130,2035887414671,123186279309632.0
2013-08-22,517.64,2,-12.9,-0.0243,524.87,525.06,514.64,461318562,1856094489127,120273276597853.0
2013-08-23,529.19,1,11.55,0.0223,523.55,529.38,523.55,321632924,1469246607100,122906844656096.0
2013-08-26,533.73,1,4.54,0.0086,532.43,533.91,532.37,332483471,1462161452872,123954664287325.0
2013-08-27,524.39,2,-9.34,-0.0175,533.5,533.94,523.92,384921800,1804620098497,121852380067190.0
2013-08-28,517.44,2,-6.95,-0.0133,514.59,519.8,511.65,387618979,2283301940338,120265634949464.0
2013-08-29,520.37,1,2.93,0.0056999999999999,520.93,523.19,520.36,301612508,1622813337983,120908794212814.0
2013-08-30,516.74,2,-3.63,-0.0069999999999999,522.11,523.04,515.83,399573373,1964006994575,120078791740251.0
2013-09-02,525.18,1,8.44,0.0163,518.62,525.19,518.62,315982155,1636508662281,122018069655932.0
2013-09-03,525.89,1,0.71,0.0014,527.71,529.2,525.7,343816776,1637613314444,122179424905362.0
2013-09-04,526.16,1,0.27,0.0005,526.95,527.24,525.23,348328931,1535490560037,122210280581443.0
2013-09-05,528.06,1,1.9,0.0036,529.19,529.67,527.98,351632832,1475304796880,122642080476101.0
2013-09-06,523.77,2,-4.29,-0.0081,529.75,530.14,523.03,457621977,1667234249414,121686390167923.0
2013-09-09,521.11,2,-2.66,-0.0051,526.67,526.85,520.22,469202673,1530593944549,121092044611218.0
2013-09-10,523.15,1,2.04,0.0039,523.85,524.23,520.53,317323093,1682479719969,121567986077654.0
2013-09-11,529.34,1,6.19,0.0118,526.38,529.34,526.28,278279333,1615596489207,122991086643038.0
2013-09-12,529.58,1,0.24,0.0005,530.87,532.24,527.66,290178302,1800756183253,123295199670598.0
2013-09-13,530.89,1,1.31,0.0025,530.69,531.76,530.34,247186609,1464173084190,123585131535791.0
2013-09-16,526.2,2,-4.69,-0.0088,528.84,529.4,526.2,245490871,1712063237399,122527201439851.0
2013-09-17,527.11,1,0.91,0.0017,527.54,528.17,525.76,221753735,1225823353392,122733686501406.0
2013-09-23,527.07,2,-0.04,-0.0001,528.91,529.98,526.77,258522686,1481781553937,122731675230304.0
2013-09-24,527.29,1,0.22,0.0004,527.31,528.89,523.84,304123403,1706983635871,122875932675406.0
2013-09-25,527.27,2,-0.02,0.0,528.95,529.56,525.51,284316995,1589795609700,122756117887115.0
2013-09-26,532.83,1,5.56,0.0105,528.59,532.96,528.59,268922829,1658285434947,124048606663221.0
2013-09-27,537.5,1,4.67,0.0088,535.21,537.7,535.04,293662417,1640165187788,125149255523962.0
2013-09-30,534.89,2,-2.61,-0.0049,538.0,538.0,534.49,297046167,1623810288692,124573000223915.0
2013-10-01,530.35,2,-4.54,-0.0085,534.09,536.01,524.86,352732839,1787962853259,123513008109324.0
2013-10-02,532.02,1,1.67,0.0031,534.26,534.83,531.79,288868711,1685600943176,123934778372101.0
2013-10-04,532.01,2,-0.01,0.0,531.68,532.94,527.88,287145050,1693693996457,123932234563700.0
2013-10-07,528.44,2,-3.57,-0.0067,533.79,534.56,528.43,300741567,1595932946391,123134125569349.0
2013-10-08,528.83,1,0.39,0.0007,527.51,528.83,525.07,315893337,1737711802257,123334209140244.0
2013-10-10,529.04,1,0.21,0.0004,528.5,531.45,528.5,304389954,1586861649298,123386609595637.0
2013-10-11,532.6,1,3.56,0.0067,534.33,534.71,532.3,318024127,1690996991537,124260813917017.0
2013-10-14,531.66,2,-0.94,-0.0018,534.58,534.67,531.5,352082830,1826700081894,124073079410155.0
2013-10-15,533.12,1,1.46,0.0027,534.28,535.32,532.5,363013458,1888626273195,124423431322465.0
2013-10-16,525.68,2,-7.44,-0.0139999999999999,534.9,535.49,524.55,411635859,2137932171670,122751082775204.0
2013-10-17,521.52,2,-4.16,-0.0079,530.09,530.15,519.93,347536058,1840972722080,121826611187228.0
2013-10-18,525.69,1,4.17,0.008,522.51,525.69,521.6,294288821,1591063749115,122843829873541.0
2013-10-21,529.34,1,3.65,0.0069,527.97,529.39,526.71,286346978,1567887676872,123688715555738.0
2013-10-22,531.89,1,2.55,0.0048,530.26,531.9,529.4,310883802,1512712507863,124391708171953.0
2013-10-23,525.38,2,-6.51,-0.0121999999999999,533.99,533.99,525.37,338964784,1631554975919,122899746593908.0
2013-10-24,531.03,1,5.65,0.0108,526.21,531.04,524.36,323134927,1550048091043,124198780989721.0
2013-10-25,534.02,1,2.99,0.0056,533.43,534.28,531.8,333907617,1643779811628,124916155508000.0
2013-10-28,534.98,1,0.96,0.0018,536.38,536.77,533.96,331982373,1544894665048,125155330501098.0
2013-10-29,533.91,2,-1.07,-0.002,535.9,536.19,533.47,328172498,1596423945269,125050241354446.0
2013-10-30,537.68,1,3.77,0.0070999999999999,535.98,538.08,535.0,347653562,1655734740741,125923113575332.0
2013-10-31,532.44,2,-5.24,-0.0097,537.71,537.71,532.44,313107919,1704630902318,125207153010520.0
2013-11-01,534.74,1,2.3,0.0043,533.9,534.87,533.41,366453622,1751719075368,125752411798594.0
2013-11-04,533.64,2,-1.1,-0.0021,536.21,536.46,533.63,310687641,1596180528706,125502456015651.0
2013-11-05,528.73,2,-4.91,-0.0092,535.0,535.22,528.24,326605582,1501813455254,124468836557678.0
2013-11-06,525.99,2,-2.74,-0.0052,528.75,529.89,525.89,319358829,1522086665103,123886060760023.0
2013-11-07,520.65,2,-5.34,-0.0102,527.91,527.91,520.21,344483525,1640116900027,122657847970027.0
2013-11-08,515.74,2,-4.91,-0.0093999999999999,517.02,521.06,515.61,311360964,1479150542813,121580027974008.0
2013-11-11,502.94,2,-12.8,-0.0248,517.37,517.92,502.44,364343132,1834825730298,118641113384312.0
2013-11-12,510.73,1,7.79,0.0155,504.13,510.73,504.13,288488237,1378629722844,120439810126089.0
2013-11-13,505.6,2,-5.13,-0.01,511.62,512.83,504.92,298349719,1326542151158,119309731052665.0
2013-11-14,511.75,1,6.15,0.0121999999999999,509.35,511.89,506.85,275823903,1332868665944,120733787775314.0
2013-11-15,512.74,1,0.99,0.0019,514.07,514.67,512.0,313006070,1404336129842,120951772953649.0
2013-11-18,509.54,2,-3.2,-0.0062,515.22,515.22,508.98,290391934,1471097003278,120269951534718.0
2013-11-19,505.5,2,-4.04,-0.0079,509.27,510.67,504.05,300517954,1610454353738,119514036931166.0
2013-11-20,504.16,2,-1.34,-0.0027,506.15,507.09,504.03,237711091,1162316924090,119194626885238.0
2013-11-21,501.05,2,-3.11,-0.0062,504.87,504.89,499.99,244893601,1120269719523,118499337246920.0
2013-11-22,504.06,1,3.01,0.006,503.89,504.86,502.89,265965220,1440209692271,119658207142382.0
2013-11-25,507.76,1,3.7,0.0073,505.78,508.31,505.68,214715356,1081881765575,120523217899250.0
2013-11-26,510.54,1,2.78,0.0055,509.04,510.57,507.15,259414869,1215067380588,121250290864123.0
2013-11-27,511.65,1,1.11,0.0022,511.88,513.64,510.25,286753206,1198369324451,120761719918330.0
2013-11-28,515.52,1,3.87,0.0076,514.41,515.75,513.82,299589572,1428665963963,121679141841971.0
2013-11-29,517.06,1,1.54,0.003,517.61,518.19,514.55,280428459,1313649647270,122120276153252.0
2013-12-02,512.69,2,-4.37,-0.0085,518.09,518.34,512.69,287194036,1267845897824,121112163011729.0
2013-12-03,508.16,2,-4.53,-0.0088,512.22,513.13,507.36,321166333,1414432397703,120184974419054.0
2013-12-04,506.28,2,-1.88,-0.0037,507.53,510.39,504.54,301664464,1376986340373,119830550922372.0
2013-12-05,506.32,1,0.04,0.0001,507.32,508.3,504.7,247183580,1152544632531,119849338009086.0
2013-12-06,506.32,3,0.0,0.0,506.24,508.12,506.2,294729903,1160798133701,119964155428005.0
2013-12-09,502.23,2,-4.09,-0.0081,508.89,509.53,502.22,263247364,1179843871533,119014038157063.0
2013-12-10,497.72,2,-4.51,-0.009,502.89,503.41,495.82,304608961,1376925261860,117967594394484.0
2013-12-11,494.78,2,-2.94,-0.0059,497.27,500.64,494.39,286345020,1179411652712,117289136905128.0
2013-12-12,495.64,1,0.86,0.0017,492.31,496.0,492.29,283534341,1108980931921,117515240173657.0
2013-12-13,494.36,2,-1.28,-0.0026,495.98,496.18,491.07,269031586,1040073664007,117244128579286.0
2013-12-16,488.19,2,-6.17,-0.0125,495.75,496.16,488.19,276802939,1095544739456,115824201047754.0
2013-12-17,486.15,2,-2.04,-0.0042,490.89,491.6,486.15,282713454,1102142450336,115383190943408.0
2013-12-18,485.65,2,-0.5,-0.001,486.83,489.26,483.81,291925423,1240895384574,115245234651085.0
2013-12-19,484.17,2,-1.48,-0.003,489.83,490.22,483.32,275565789,1092055826025,115021520958047.0
2013-12-20,488.41,1,4.24,0.0088,484.77,488.41,483.84,265876079,1036533531447,116741765878432.0
2013-12-23,489.63,1,1.22,0.0025,490.32,490.96,489.4,254498131,969372636262,116975289009667.0
2013-12-24,491.08,1,1.45,0.003,491.53,491.87,490.1,267957603,984187918862,117359616170811.0
2013-12-26,488.87,2,-2.21,-0.0045,492.93,493.01,488.86,276930912,1088062984978,116853672499950.0
2013-12-27,496.77,1,7.9,0.0162,490.02,496.8,489.53,262317655,1010929198145,118529713888343.0
2013-12-30,499.99,1,3.22,0.0065,498.41,500.05,497.54,234608083,992814302215,119292529289220.0
2014-01-02,496.28,2,-3.71,-0.0074,502.41,502.87,496.06,264270717,1134127880690,118438707181838.0
2014-01-03,499.33,1,3.05,0.0060999999999999,496.67,499.33,493.79,295101228,1282346428109,119287876316433.0
2014-01-06,500.62,1,1.29,0.0026,500.86,501.29,498.73,288711479,1247219349584,119614062309386.0
2014-01-07,504.86,1,4.24,0.0085,500.42,505.02,500.42,332452620,1304747282618,120772548636930.0
2014-01-08,509.78,1,4.92,0.0097,507.55,510.6,506.41,368751845,1706753096845,121947092124203.0
2014-01-09,511.6,1,1.82,0.0036,511.0,512.3,510.54,363962311,1536997999454,122428518729247.0
2014-01-10,510.19,2,-1.41,-0.0028,513.68,513.89,507.11,399613463,1556093379863,122150097832123.0
2014-01-13,512.92,1,2.73,0.0054,511.59,513.76,511.59,375911477,1538873111534,122800556019521.0
2014-01-14,512.27,2,-0.65,-0.0013,511.48,514.75,511.41,410676210,1625767484923,122734955508285.0
2014-01-15,515.97,1,3.7,0.0072,515.56,516.28,514.12,414457786,1872382045945,123326157598785.0
2014-01-16,517.83,1,1.86,0.0036,518.5,518.93,517.38,404469992,1829230558626,123787040215865.0
2014-01-17,518.1,1,0.27,0.0005,519.0,519.15,515.44,389352327,1759530501284,123882478828495.0
2014-01-20,519.99,1,1.89,0.0036,519.38,520.55,516.92,357628652,1619973210991,124339098397861.0
2014-01-21,520.99,1,1.0,0.0019,521.26,521.49,519.66,426380707,1963195616202,124627646085406.0
2014-01-22,523.07,1,2.08,0.004,522.61,523.48,521.29,428563271,1904678181560,125121614829241.0
2014-01-23,522.72,2,-0.35,-0.0007,524.91,526.82,522.72,447489905,2084008039915,124996051921174.0
2014-01-24,520.31,2,-2.41,-0.0046,522.25,524.0,516.19,356083930,1910890205236,124518188794611.0
2014-01-27,507.51,2,-12.8,-0.0246,509.12,511.38,507.48,516999349,1700253897833,121534021205475.0
2014-01-28,509.29,1,1.78,0.0034999999999999,508.58,509.71,502.84,453643770,1858882971878,121960564222222.0
2014-01-29,515.2,1,5.91,0.0116,512.13,515.25,512.13,389474823,1670894388410,123381137432187.0
2014-02-03,513.62,2,-1.58,-0.0031,513.03,515.45,511.19,421813606,1519395935044,123063875006298.0
2014-02-04,507.56,2,-6.06,-0.0118,506.64,507.97,505.12,451898864,1666441762534,121741541269680.0
2014-02-05,505.62,2,-1.94,-0.0038,511.12,511.89,505.62,448617887,1697639625511,121301990313721.0
2014-02-06,509.87,1,4.25,0.0084,507.52,510.65,507.52,570169086,1704394286740,122866950497817.0
2014-02-07,514.45,1,4.58,0.009,513.84,514.87,512.72,317537286,1577516379079,124302779008698.0
2014-02-10,518.47,1,4.02,0.0078,517.45,518.48,516.63,309037571,1620475112407,125351454337572.0
2014-02-11,518.9,1,0.43,0.0008,520.12,520.51,517.68,334358486,1757330951847,125503356609364.0
2014-02-12,520.64,1,1.74,0.0034,522.28,522.28,519.96,363288829,1744447021395,125967493140298.0
2014-02-13,521.82,1,1.18,0.0023,521.79,522.47,520.26,335854681,1736798082526,126480890638473.0
2014-02-14,522.58,1,0.76,0.0015,523.9,524.71,522.35,304303635,1663679673009,126731426151030.0
2014-02-17,522.0,2,-0.58,-0.0011,524.25,524.37,521.05,312970492,1655158441886,126553162515022.0
2014-02-18,525.42,1,3.42,0.0066,523.79,525.63,523.17,317030204,1646691001086,127325785046592.0
2014-02-19,529.87,1,4.45,0.0085,527.33,529.91,526.12,302650988,1661036161540,128406329582339.0
2014-02-20,525.69,2,-4.18,-0.0079,530.28,530.35,525.68,319024633,1640475671551,127401936333651.0
2014-02-21,528.51,1,2.82,0.0054,528.48,528.8,527.15,281064070,1441843072123,128122599597574.0
2014-02-24,526.34,2,-2.17,-0.0040999999999999,530.38,530.98,526.34,300678204,1531685172758,127624966217233.0
2014-02-25,528.61,1,2.27,0.0043,529.28,529.37,527.65,300491167,1554537922367,128248574743935.0
2014-02-26,529.23,1,0.62,0.0012,529.59,529.79,528.01,350393338,1749716632327,128408794480170.0
2014-02-27,528.37,2,-0.86,-0.0016,530.5,531.15,528.02,342015459,1741054251402,128295329549516.0
2014-02-28,528.96,1,0.59,0.0011,529.86,529.97,527.51,317973292,1723473924922,128425733164915.0
2014-03-03,529.86,1,0.9,0.0017,529.23,530.62,526.27,309998428,1554716782586,128631309826056.0
2014-03-04,531.54,1,1.68,0.0032,528.18,532.56,528.0,288134642,1761353432308,129061786998822.0
2014-03-05,536.77,1,5.23,0.0098,535.74,536.99,534.59,309499608,1825653736014,130398378368565.0
2014-03-06,540.33,1,3.56,0.0066,538.29,540.4,537.98,333649881,1880548177557,131237658391208.0
2014-03-07,543.76,1,3.43,0.0063,542.54,544.08,542.54,330788794,1901216847851,132085715563571.0
2014-03-10,542.19,2,-1.57,-0.0029,545.63,545.74,541.85,314729468,1835546169962,131679369702265.0
2014-03-11,547.68,1,5.49,0.0101,544.85,547.69,544.85,332093436,1888388819693,133087162667722.0
2014-03-12,539.3,2,-8.38,-0.0153,548.12,548.19,538.79,421126221,2087818895454,131067267186343.0
2014-03-13,547.51,1,8.21,0.0152,542.2,547.52,539.8,446407954,2104605606359,133122487284562.0
2014-03-14,544.27,2,-3.24,-0.0059,542.87,546.51,542.42,406014349,2097613969446,132378603238918.0
2014-03-17,535.82,2,-8.45,-0.0155,545.36,546.31,535.54,373685175,2057299747703,130254473657269.0
2014-03-18,541.15,1,5.33,0.0098999999999999,540.03,541.43,539.12,381923845,1759411341770,131569766714583.0
2014-03-19,542.25,1,1.1,0.002,544.55,545.17,539.88,364064202,1818456607431,131853620427752.0
2014-03-20,541.79,2,-0.46,-0.0008,541.4,542.29,539.15,369116790,1869824333806,131728513159572.0
2014-03-21,546.81,1,5.02,0.0093,545.21,547.18,544.54,398548859,2109351703608,132919034684337.0
2014-03-24,545.6,2,-1.21,-0.0022,549.35,549.43,545.58,372732034,2107575736417,132672362440940.0
2014-03-25,539.05,2,-6.55,-0.012,545.79,545.79,538.41,377418333,2213814301330,131141035472006.0
2014-03-26,544.13,1,5.08,0.0093999999999999,541.65,544.13,540.94,376339730,2136915914958,132297697219548.0
2014-03-27,541.46,2,-2.67,-0.0049,544.32,544.62,540.01,315845633,2001504501620,131585981812974.0
2014-03-28,544.1,1,2.64,0.0049,542.35,544.45,542.34,301073076,1800637551899,132314143754299.0
2014-03-31,541.58,2,-2.52,-0.0046,546.57,547.03,538.78,287619615,1794232932203,131684072946310.0
2014-04-01,549.08,1,7.5,0.0138,544.51,549.08,544.06,330253705,2075706993755,133480632482743.0
2014-04-02,557.65,1,8.57,0.0156,552.24,557.78,552.24,429492352,2499923848768,133681795615762.0
2014-04-03,557.01,2,-0.64,-0.0011,560.2,560.85,556.69,428916289,2654170227392,133469728111388.0
2014-04-04,560.44,1,3.43,0.0062,559.14,560.52,558.05,382409719,2158936755091,134329462926191.0
2014-04-07,554.23,2,-6.21,-0.0111,557.58,559.1,553.67,384349717,2211873949354,132864741879216.0
2014-04-08,554.07,2,-0.16,-0.0003,553.47,555.02,549.89,372970796,2099160381403,132851590094352.0
2014-04-09,552.22,2,-1.85,-0.0033,556.73,556.75,552.17,415121645,2148630931002,132373543090381.0
2014-04-10,555.1,1,2.88,0.0052,556.24,556.45,554.5,385751887,1895635105767,133074806058826.0
2014-04-11,555.87,1,0.77,0.0014,548.5,555.88,548.44,302354350,1858647361734,133240448178295.0
2014-04-14,562.04,1,6.17,0.0111,557.35,562.05,557.32,281989421,1894628576686,134726330262035.0
2014-04-15,562.11,1,0.07,0.0001,565.13,565.18,562.01,361928038,2023027278733,134863415469047.0
2014-04-16,565.96,1,3.85,0.0068,564.45,566.25,562.81,385313308,2292325976885,135652086754185.0
2014-04-17,565.75,2,-0.21,-0.0004,568.8,569.03,565.75,386336533,2461837251847,135615643381050.0
2014-04-18,571.23,1,5.48,0.0097,568.0,571.61,567.77,350594783,2184301530634,137118373018875.0
2014-04-21,569.28,2,-1.95,-0.0034,573.05,573.06,569.28,339208686,1862355114759,136836375538906.0
2014-04-22,570.98,1,1.7,0.003,570.76,571.16,569.38,335429112,2024240667840,137250978371846.0
2014-04-23,565.47,2,-5.51,-0.0097,573.68,573.88,565.47,370974141,2262857111423,135925690307430.0
2014-04-24,561.12,2,-4.35,-0.0077,567.73,567.93,555.07,401551347,2187741867663,134875115877082.0
2014-04-25,556.48,2,-4.64,-0.0083,561.94,562.3,555.5,314134033,1751400776000,133784435776885.0
2014-04-28,556.96,1,0.48,0.0009,555.68,558.56,555.68,282641424,1549153386166,133942528051351.0
2014-04-29,556.97,1,0.01,0.0,559.87,560.55,555.81,337012295,1741919786290,133964547843503.0
2014-04-30,559.34,1,2.37,0.0043,560.04,561.73,559.08,309987182,1683431937245,134555694995135.0
2014-05-02,558.66,2,-0.68,-0.0012,561.68,562.06,558.08,291648800,1673108146125,134253261823550.0
2014-05-07,550.35,2,-8.31,-0.0149,559.09,559.15,550.34,289226269,1612889544835,132227615914755.0
2014-05-08,546.89,2,-3.46,-0.0063,552.0,552.28,543.81,324839126,1816221143508,131401480324641.0
2014-05-09,550.19,1,3.3,0.006,548.94,550.39,547.3,291441098,1752791404036,132250235904170.0
2014-05-12,551.4,1,1.21,0.0022,551.85,551.99,550.52,345012617,1627294706588,132510028869445.0
2014-05-13,557.16,1,5.76,0.0104,554.45,557.44,554.41,334971314,1872723968120,133889054726029.0
2014-05-14,560.3,1,3.14,0.0056,559.15,560.35,557.85,366363835,1940480951558,134665844415488.0
2014-05-15,561.75,1,1.45,0.0026,561.69,562.77,560.62,433224324,2111715382317,135020604526426.0
2014-05-16,557.59,2,-4.16,-0.0074,561.5,561.54,556.62,393240856,1981401280292,134016054624646.0
2014-05-19,546.81,2,-10.78,-0.0192999999999999,559.57,559.62,546.24,387918235,2057867001832,131477734322012.0
2014-05-20,542.96,2,-3.85,-0.0069999999999999,548.09,548.73,538.65,406844754,1983654736063,130590510691848.0
2014-05-21,545.59,1,2.63,0.0048,542.88,547.05,542.72,282140738,1569172361125,131279282626785.0
2014-05-22,546.75,1,1.16,0.0021,548.58,549.15,546.24,314632214,1705095324847,131681500589006.0
2014-05-23,549.7,1,2.95,0.0054,549.1,550.07,548.63,279283763,1580056090150,132322818568153.0
2014-05-26,548.83,2,-0.87,-0.0016,552.35,552.6,548.83,307957069,1794127115841,132158479050977.0
2014-05-27,547.97,2,-0.86,-0.0016,550.66,550.78,543.15,349127085,2156350076430,132262893650525.0
2014-05-28,549.96,1,1.99,0.0036,550.36,550.37,548.54,375913479,2102651465486,132801404155644.0
2014-05-29,549.61,2,-0.35,-0.0006,551.06,551.17,548.91,307093334,2048990577162,132732929898128.0
2014-05-30,546.53,2,-3.08,-0.0056,551.07,551.07,546.31,339721958,2143135924551,132027385633088.0
2014-06-02,535.15,2,-11.38,-0.0208,546.81,546.82,535.07,303747813,1934546739819,129349199960410.0
2014-06-03,531.28,2,-3.87,-0.0072,535.19,535.43,526.65,271350026,1658739844555,128430215305961.0
2014-06-05,523.12,2,-8.16,-0.0154,531.45,531.96,522.06,260961761,1557911740827,126476907253681.0
2014-06-09,524.03,1,0.91,0.0017,525.16,526.67,520.89,231803616,1335789443371,126706747443256.0
2014-06-10,532.64,1,8.61,0.0163999999999999,525.27,532.65,525.27,238614442,1387343038418,128762647796255.0
2014-06-11,533.3,1,0.66,0.0012,533.99,534.32,532.26,235531256,1401764899324,128963369423431.0
2014-06-12,536.14,1,2.84,0.0053,534.39,536.64,533.85,244375328,1341210227463,129667069403280.0
2014-06-13,536.34,1,0.2,0.0004,536.59,536.74,533.98,267533784,1375990970461,129833119668684.0
2014-06-16,536.02,2,-0.32,-0.0006,537.66,537.71,535.43,247375488,1288927760713,129754250494769.0
2014-06-17,537.9,1,1.88,0.0034999999999999,537.32,539.12,537.13,300965225,1408401020122,130218728464690.0
2014-06-18,537.05,2,-0.85,-0.0016,539.4,539.68,537.03,289639041,1353501985593,129985486728261.0
2014-06-19,536.79,2,-0.26,-0.0005,539.14,539.92,535.47,283507773,1509602460011,129944557589868.0
2014-06-20,536.69,2,-0.1,-0.0002,537.79,538.4,535.51,247597983,1428351421111,129921843846405.0
2014-06-23,529.96,2,-6.73,-0.0125,537.9,538.44,529.96,263803222,1547856238300,128297005073267.0
2014-06-24,529.49,2,-0.47,-0.0009,531.14,531.56,524.71,276108828,1586297827461,128145279215983.0
2014-06-25,527.26,2,-2.23,-0.0042,529.8,530.98,527.23,237212438,1428711485754,127576743989318.0
2014-06-26,530.04,1,2.78,0.0053,529.64,531.57,529.64,226098723,1283398706459,128276783699285.0
2014-06-27,531.43,1,1.39,0.0026,531.36,532.27,529.75,223481570,1190334003465,128610797686741.0
2014-06-30,537.06,1,5.63,0.0106,533.77,537.07,533.63,217625620,1221424885705,130010257723896.0
2014-07-01,544.9,1,7.84,0.0146,538.44,544.91,537.75,244174561,1534165375015,131907085378274.0
2014-07-02,549.03,1,4.13,0.0076,547.98,549.18,547.15,269146905,1780873398181,132915394892026.0
2014-07-03,550.68,1,1.65,0.003,549.21,551.01,548.93,280042043,1922455984454,133329514179489.0
2014-07-04,552.9,1,2.22,0.004,553.65,553.75,551.29,348298818,1897077193891,133873953420727.0
2014-07-07,553.15,1,0.25,0.0005,554.56,554.59,550.97,305096477,1816246655255,133950235202182.0
2014-07-08,554.9,1,1.75,0.0032,553.47,555.26,552.34,321586181,2144961612834,134344141131065.0
2014-07-09,555.84,1,0.94,0.0017,554.02,556.44,552.98,309649210,2009295898596,134706953080512.0
2014-07-10,559.32,1,3.48,0.0063,558.52,559.66,557.65,288185239,1993084756615,135568429490365.0
2014-07-11,556.58,2,-2.74,-0.0049,559.36,559.84,556.57,318688570,2323686457662,135025942126754.0
2014-07-14,561.5,1,4.92,0.0088,559.43,561.55,559.43,328157453,2009748262128,136216132433594.0
2014-07-15,559.15,2,-2.35,-0.0042,564.68,565.02,559.15,384660354,2341168658550,135679853779810.0
2014-07-16,555.27,2,-3.88,-0.0069,560.68,560.74,550.58,339893603,2100837753696,134732322478453.0
2014-07-17,558.94,1,3.67,0.0066,557.62,559.16,557.57,329957807,1875646908645,135660054662968.0
2014-07-18,560.26,1,1.32,0.0024,556.55,560.84,556.13,318318589,1870969373680,135992321572415.0
2014-07-21,561.75,1,1.49,0.0027,563.76,563.99,561.42,319000166,1864048104134,136394078891608.0
2014-07-22,564.93,1,3.18,0.0056999999999999,563.24,564.96,562.62,332077527,1876224832893,137178967673096.0
2014-07-23,563.14,2,-1.79,-0.0032,567.35,567.49,563.13,329987529,1897122088641,136752549039143.0
2014-07-24,559.67,2,-3.47,-0.0062,565.25,565.3,559.64,376065841,2039971682238,135979716495924.0
2014-07-25,562.78,1,3.11,0.0056,560.79,562.94,560.65,314005752,1841813614547,136850233073336.0
2014-07-28,552.98,2,-9.8,-0.0174,564.26,564.3,551.93,329149311,1979239883112,134462249507509.0
2014-07-29,541.82,2,-11.16,-0.0202,553.75,554.17,540.22,333912571,2021380069667,131794219757493.0
2014-07-30,541.81,2,-0.01,0.0,543.63,544.02,537.27,312518571,1934967485622,131862225555958.0
2014-07-31,536.32,2,-5.49,-0.0101,541.99,542.08,528.15,339901574,2202718604958,130564518180260.0
2014-08-01,541.09,1,4.77,0.0089,530.2,541.36,529.88,270217603,1671595000047,131572420494018.0
2014-08-04,549.61,1,8.52,0.0157,543.8,549.61,543.45,320874316,1776769420323,133672148710086.0
2014-08-05,547.75,2,-1.86,-0.0034,552.21,552.44,546.57,374818830,2213438604487,133294858106084.0
2014-08-06,548.43,1,0.68,0.0012,548.42,549.77,547.0,335194214,2388847542788,133490683215208.0
2014-08-07,547.11,2,-1.32,-0.0024,550.42,551.96,546.45,335807091,2675263035732,133166701488204.0
2014-08-08,544.24,2,-2.87,-0.0052,547.97,548.6,540.38,311664108,2012995692848,132591799539862.0
2014-08-11,546.3,1,2.06,0.0038,548.48,549.74,546.3,302813850,2032713986306,133091577154572.0
2014-08-12,545.76,2,-0.54,-0.001,548.54,548.93,544.54,317472426,2061073424620,132884628692447.0
2014-08-13,551.73,1,5.97,0.0109,547.64,551.74,547.64,304690062,2303046328911,134301379796177.0
2014-08-14,558.18,1,6.45,0.0116999999999999,554.12,558.27,553.96,299428747,2230705252543,135913164179315.0
2014-08-18,561.1,1,2.92,0.0052,561.35,561.57,559.46,299403690,2161848428562,136600015345442.0
2014-08-19,562.66,1,1.56,0.0028,564.16,564.3,559.03,319076967,2154022201377,136961425868206.0
2014-08-20,561.96,2,-0.7,-0.0012,564.75,565.56,561.96,327840312,2347129249582,136940147869618.0
2014-08-21,562.52,1,0.56,0.001,564.6,565.01,562.52,330045809,2203384446200,137085887747788.0
2014-08-22,566.35,1,3.83,0.0068,565.04,566.69,565.0,368801859,2152941135043,137829470128498.0
2014-08-25,564.4,2,-1.95,-0.0034,568.54,569.64,563.05,368840385,2331595279084,137298935954025.0
2014-08-26,568.24,1,3.84,0.0068,567.5,568.34,565.93,349859841,2317151922912,138252722293844.0
2014-08-27,567.23,2,-1.01,-0.0018,570.33,570.74,565.27,358396198,2509242505656,138397302827463.0
2014-08-28,570.24,1,3.01,0.0053,569.53,570.45,569.13,342136226,2015415530647,139154041034192.0
2014-08-29,570.2,2,-0.04,-0.0001,570.52,571.44,568.46,403409606,2268657020139,139152232193751.0
2014-09-01,566.95,2,-3.25,-0.0056999999999999,572.8,572.85,566.94,395692442,1999233091350,138428315198116.0
2014-09-02,568.74,1,1.79,0.0032,567.48,568.9,565.64,341577762,2058635818035,138805166252081.0
2014-09-03,571.4,1,2.66,0.0046999999999999,570.13,572.41,569.59,397984806,2293098816363,139388299779436.0
2014-09-04,568.9,2,-2.5,-0.0044,573.5,573.81,568.33,381371167,2361069106626,138764972462074.0
2014-09-05,572.37,1,3.47,0.0060999999999999,569.99,572.61,568.5,350100007,2207618449030,139642509436517.0
2014-09-11,573.7,1,1.33,0.0023,574.89,575.65,573.64,339920688,2190461215167,140000818437338.0
2014-09-12,570.65,2,-3.05,-0.0053,575.46,575.82,567.71,331315088,2481177862926,139402677891250.0
2014-09-15,565.77,2,-4.88,-0.0086,571.64,571.64,565.76,335434130,2313728132796,138212739973239.0
2014-09-16,572.36,1,6.59,0.0116,567.06,572.38,567.06,322755786,2321565791615,139807955872098.0
2014-09-17,574.98,1,2.62,0.0046,574.99,575.56,573.1,356768474,2458526111314,140441970839448.0
2014-09-18,576.97,1,1.99,0.0034999999999999,577.65,578.4,576.97,391546500,2400858780550,140902282307103.0
2014-09-19,581.38,1,4.41,0.0076,580.1,581.41,578.67,373851408,2248910782168,142012961262533.0
2014-09-22,577.35,2,-4.03,-0.0069,583.44,583.45,577.35,385300170,2248090344529,141056160245063.0
2014-09-23,575.56,2,-1.79,-0.0031,577.67,578.75,571.61,370407277,2524824854871,140615224100855.0
2014-09-24,580.42,1,4.86,0.0084,576.61,580.51,574.99,369952414,2324195268286,141816389322117.0
2014-09-25,577.48,2,-2.94,-0.0051,583.58,583.66,577.44,433517319,2648591033463,141105733369517.0
2014-09-26,577.66,1,0.18,0.0003,573.91,577.76,573.11,397796817,2266954679862,141367935681102.0
2014-09-29,569.27,2,-8.39,-0.0144999999999999,580.3,580.43,566.61,409351960,2389093669091,139217415281795.0
2014-09-30,573.22,1,3.95,0.0069,571.63,573.54,567.3,387200000,2390184343818,140201802481390.0
2014-10-01,566.99,2,-6.23,-0.0109,575.02,575.35,564.32,388444564,2594823986638,138727618540416.0
2014-10-02,569.84,1,2.85,0.005,564.02,570.01,562.1,332272618,2135873003305,139442973369573.0
2014-10-06,566.27,2,-3.57,-0.0063,573.82,573.93,566.27,357661393,2308610745733,139226850925517.0
2014-10-07,562.82,2,-3.45,-0.0060999999999999,567.7,568.33,561.33,334814098,2066295288671,138427964529427.0
2014-10-08,566.74,1,3.92,0.0069999999999999,560.4,567.19,560.4,305559521,1968396218048,139382595929175.0
2014-10-10,555.95,2,-10.79,-0.019,565.07,565.26,553.87,357244596,2232727130408,136762417177329.0
2014-10-13,534.31,2,-21.64,-0.0389,551.47,551.47,531.46,432180739,2808266230912,131464707880976.0
2014-10-14,544.05,1,9.74,0.0182,531.94,544.53,531.94,372980701,2360727739960,139477794208669.0
2014-10-15,545.51,1,1.46,0.0027,546.95,549.6,542.49,395041787,2245358841231,139829806332213.0
2014-10-16,545.49,2,-0.02,0.0,542.08,546.95,534.54,382113436,2340808442319,139830970260930.0
2014-10-17,547.7,1,2.21,0.0040999999999999,549.7,553.57,543.64,395421072,2640480951365,140491362658455.0
2014-10-20,556.01,1,8.31,0.0152,553.63,556.66,551.56,373857395,2303639700341,142617231525705.0
2014-10-21,557.54,1,1.53,0.0028,558.64,559.27,555.16,417468853,2548702048404,143002163626521.0
2014-10-22,564.52,1,6.98,0.0125,563.81,564.76,561.06,384793568,2656559909060,144786052332931.0
2014-10-23,564.31,2,-0.21,-0.0004,565.69,568.63,561.3,375656526,2479502328747,144725092711333.0
2014-10-24,560.66,2,-3.65,-0.0065,568.33,568.33,560.49,386959123,2490604640730,143799435350053.0
2014-10-27,559.92,2,-0.74,-0.0013,562.93,563.26,558.29,356431486,1991513181234,143647240309228.0
2014-10-28,562.29,1,2.37,0.0042,561.91,562.71,560.69,363046439,2083805377724,144291412231752.0
2014-10-29,561.03,2,-1.26,-0.0022,566.03,566.18,560.93,392328101,2205992268456,144054255193574.0
2014-10-30,557.86,2,-3.17,-0.0056999999999999,561.97,562.36,553.64,394618617,2114828443938,143289676569470.0
2014-10-31,558.7,1,0.84,0.0015,559.85,559.85,557.0,340918336,1972806639122,143530729184209.0
2014-11-03,552.47,2,-6.23,-0.0112,559.71,559.9,552.34,369056688,2031770726358,141969269889797.0
2014-11-04,542.16,2,-10.31,-0.0187,554.63,556.02,540.36,410439622,2369542489220,139325758568055.0
2014-11-05,540.27,2,-1.89,-0.0034999999999999,541.72,545.3,540.09,357466643,2417250434013,139072087563081.0
2014-11-06,531.81,2,-8.46,-0.0157,541.57,542.7,530.42,347409543,2353343411099,137050500717341.0
2014-11-07,539.9,1,8.09,0.0152,532.87,539.91,532.24,341538877,2130717513726,139196688726226.0
2014-11-10,539.22,2,-0.68,-0.0013,542.52,543.16,538.77,360075010,2000418243462,139174656228335.0
2014-11-11,545.13,1,5.91,0.011,541.62,545.14,541.23,368608240,2152897273847,140804214886961.0
2014-11-12,546.46,1,1.33,0.0024,547.98,547.98,546.16,393830394,2250758807975,141150308063443.0
2014-11-13,547.7,1,1.24,0.0023,547.95,548.55,547.07,362084854,1933932775195,141450528423396.0
2014-11-14,541.93,2,-5.77,-0.0105,549.0,549.0,541.87,381116666,1868616303018,139927975694317.0
2014-11-17,531.18,2,-10.75,-0.0197999999999999,543.28,543.35,531.16,343505666,1838192201876,137196896393010.0
2014-11-18,536.2,1,5.02,0.0095,532.42,536.22,532.42,344739280,1856590944618,138535064593161.0
2014-11-19,540.84,1,4.64,0.0087,539.65,541.19,538.62,365162057,1935269701148,139901208321365.0
2014-11-20,539.93,2,-0.91,-0.0017,541.99,542.81,539.14,375322735,1981257649297,139735709680318.0
2014-11-21,543.98,1,4.05,0.0075,542.32,543.98,540.95,390540446,2036704686609,140900205323057.0
2014-11-24,541.93,2,-2.05,-0.0038,547.5,547.73,539.82,354731158,2107908090292,140488313010794.0
2014-11-25,546.34,1,4.41,0.0081,543.47,546.98,543.36,397532954,2820780095718,141589968717843.0
2014-11-26,547.34,1,1.0,0.0018,547.85,548.1,546.58,367259598,1898873265807,141832857504827.0
2014-11-27,545.97,2,-1.37,-0.0025,548.46,549.32,545.46,338402940,1735361332611,141467619035381.0
2014-11-28,545.08,2,-0.89,-0.0016,547.29,548.01,544.51,354875974,1632517197813,141252708534588.0
2014-12-01,539.45,2,-5.63,-0.0103,545.08,545.23,539.13,368382155,1706683337367,139896857000417.0
2014-12-02,541.53,1,2.08,0.0039,538.99,541.55,537.53,359757616,1826563403375,140342358372380.0
2014-12-03,545.02,1,3.49,0.0064,543.24,546.0,542.64,428016359,2033941277425,141455362921717.0
2014-12-04,548.16,1,3.14,0.0058,548.18,549.46,547.2,394092082,2248476101177,142467572584705.0
2014-12-05,550.85,1,2.69,0.0049,549.92,550.92,549.27,480232872,2249780860035,143254345613371.0
2014-12-08,551.4,1,0.55,0.001,553.11,553.11,551.19,432777276,2141511192833,143566140618306.0
2014-12-09,546.57,2,-4.83,-0.0088,551.73,552.38,546.57,513199064,2178098495836,142537112804432.0
2014-12-10,541.96,2,-4.61,-0.0084,547.79,548.21,540.42,452661540,2189382975268,141423745974092.0
2014-12-11,537.21,2,-4.75,-0.0088,540.3,542.6,536.32,477012163,2356052908196,140408038646461.0
2014-12-12,533.67,2,-3.54,-0.0066,539.69,540.13,530.83,596590884,2729367428244,139551559486206.0
2014-12-15,538.09,1,4.42,0.0083,530.58,538.92,530.1,424151154,1945923909578,141002946146639.0
2014-12-16,534.15,2,-3.94,-0.0073,538.1,539.39,533.24,460172247,2360215050601,139917187442960.0
2014-12-17,533.06,2,-1.09,-0.002,536.83,537.17,532.68,456093188,2340471621179,139996702615750.0
2014-12-18,527.52,2,-5.54,-0.0104,536.4,536.63,520.93,515785616,2360670103758,138626507658201.0
2014-12-19,535.51,1,7.99,0.0151,532.05,535.99,530.96,390477012,2000656868259,140644864433863.0
2014-12-22,536.78,1,1.27,0.0024,537.89,538.78,535.12,429662188,1777043878647,140881847864977.0
2014-12-23,534.65,2,-2.13,-0.004,538.95,539.13,534.55,417419660,2343007825299,140534190277878.0
2014-12-24,536.89,1,2.24,0.0042,536.35,538.02,535.78,463602964,2017388820712,141377289495964.0
2014-12-26,535.17,2,-1.72,-0.0032,538.77,539.24,535.17,506926446,2206609268256,141316987130571.0
2014-12-29,539.22,1,4.05,0.0076,537.13,540.03,536.99,384930113,1857151643761,142118069957939.0
2014-12-30,542.97,1,3.75,0.0069999999999999,540.58,543.08,540.28,388705704,1687681837127,143087772098890.0
2015-01-02,553.73,1,10.76,0.0197999999999999,546.01,553.78,546.01,364059782,1921224569222,145919384814286.0
2015-01-05,561.25,1,7.52,0.0136,556.45,561.25,554.07,427453888,2357129972232,147922774276945.0
2015-01-06,558.9,2,-2.35,-0.0042,557.31,562.1,556.39,487561061,2582876006510,147390115744007.0
2015-01-07,561.32,1,2.42,0.0043,559.91,561.95,557.56,494452422,3041388475854,148023446262263.0
2015-01-08,566.43,1,5.11,0.0091,565.19,567.21,563.63,468817833,2614408343025,149349093120553.0
2015-01-09,572.99,1,6.56,0.0116,570.79,573.36,569.62,438637350,2853480783412,151205112022907.0
2015-01-12,574.76,1,1.77,0.0031,574.43,575.57,572.27,453314023,2660020785635,151710003881574.0
2015-01-13,571.0,2,-3.76,-0.0065,576.05,577.85,570.3,553182229,2894920303844,151098296000336.0
2015-01-14,574.17,1,3.17,0.0056,573.3,574.7,571.66,433170297,2473734805732,151906201625180.0
2015-01-15,581.39,1,7.22,0.0126,575.25,581.39,575.06,447942537,2724216239557,153795943516547.0
2015-01-16,577.41,2,-3.98,-0.0068,582.31,582.49,575.7,429674851,2733248029086,152744182119622.0
2015-01-19,577.94,1,0.53,0.0009,583.59,583.59,577.94,441094792,2509254655214,152899386146361.0
2015-01-20,582.27,1,4.33,0.0075,580.14,582.28,576.2,486158616,2882457141608,154195669224182.0
2015-01-21,584.34,1,2.07,0.0036,584.34,586.04,583.64,538202223,3023146974518,154757641947709.0
2015-01-22,578.42,2,-5.92,-0.0101,587.17,587.42,572.68,647447557,3292361823928,153213307588741.0
2015-01-23,589.31,1,10.89,0.0187999999999999,582.77,589.31,580.78,506744888,3033528944526,156085887576818.0
2015-01-26,590.34,1,1.03,0.0017,591.2,591.82,589.0,534748873,2897774667633,156344415710747.0
2015-01-27,587.84,2,-2.5,-0.0042,593.19,593.23,587.7,530981032,3679823562909,155641065874067.0
2015-01-28,594.39,1,6.55,0.0111,587.77,594.4,587.0,470183897,2664291884447,157393559439824.0
2015-01-29,593.12,2,-1.27,-0.0021,594.74,595.42,592.66,467497632,2690842874009,157043501261714.0
2015-01-30,591.58,2,-1.54,-0.0026,596.94,597.28,588.97,452065194,2561743903953,156568030519867.0
2015-02-02,590.27,2,-1.31,-0.0022,591.75,591.75,586.87,422465650,2472993502092,156226108069469.0
2015-02-03,593.31,1,3.04,0.0052,592.35,593.56,587.34,501514771,2868942514583,158080865564106.0
2015-02-04,598.23,1,4.92,0.0083,596.53,598.53,595.9,505360327,2728893074405,159394074715700.0
2015-02-05,600.81,1,2.58,0.0043,600.87,600.88,598.14,554182438,2865104431557,160099961028345.0
2015-02-06,604.13,1,3.32,0.0055,605.86,606.13,603.93,515658308,3049407604307,161085498484662.0
2015-02-09,593.75,2,-10.38,-0.0172,605.88,605.88,592.69,519773546,3299104361253,158270638175759.0
2015-02-10,592.95,2,-0.8,-0.0013,593.91,595.14,585.35,553758588,3034808719965,157828434818476.0
2015-02-11,601.41,1,8.46,0.0143,595.97,602.25,595.97,499704683,2890276942958,160187671517833.0
2015-02-12,602.24,1,0.83,0.0014,604.69,604.69,600.02,516791554,3071793908370,160392894543526.0
2015-02-13,608.07,1,5.83,0.0097,604.76,608.45,603.94,507034658,3354771943393,162100272160754.0
2015-02-16,610.16,1,2.09,0.0034,610.59,613.72,609.29,451939737,3251071181843,162605017229153.0
2015-02-17,609.1,2,-1.06,-0.0017,611.92,611.92,606.46,440243577,3195820917391,162439641393932.0
2015-02-23,615.52,1,6.42,0.0105,613.37,616.35,611.98,426304702,2904873932101,164184237566372.0
2015-02-24,621.31,1,5.79,0.0093999999999999,616.66,621.73,616.27,472885494,2949830371972,165713674954352.0
2015-02-25,616.57,2,-4.74,-0.0076,625.12,625.26,616.57,479930721,2914314496498,164500901575611.0
2015-02-26,617.08,1,0.51,0.0008,618.06,618.37,615.02,487145634,2974400690993,164710644547661.0
2015-02-27,624.56,1,7.48,0.0121,620.65,625.2,620.06,503343340,2946335362732,166686149963361.0
2015-03-02,621.81,2,-2.75,-0.0044,627.61,628.03,621.75,507111822,2855824957402,166018970414103.0
2015-03-03,625.64,1,3.83,0.0062,625.53,626.24,624.29,502375100,2787742977364,167051220060013.0
2015-03-04,630.35,1,4.71,0.0075,627.27,631.32,627.09,528475573,3007145104598,168313606642928.0
2015-03-05,631.43,1,1.08,0.0017,633.07,633.58,629.41,485602656,2827877206266,168638160499830.0
2015-03-06,635.84,1,4.41,0.0069999999999999,634.52,635.87,632.5,551626988,3076185440940,169851800170961.0
2015-03-09,629.26,2,-6.58,-0.0103,636.83,636.83,628.83,503302230,2792596320592,168142305628604.0
2015-03-10,621.99,2,-7.27,-0.0116,632.54,633.52,617.89,571068503,2934639399889,166246023241302.0
2015-03-11,619.61,2,-2.38,-0.0038,617.52,623.24,616.43,470056457,2571348660083,165609527835886.0
2015-03-12,628.15,1,8.54,0.0138,622.55,628.29,621.47,490442824,2778599480294,167809712800329.0
2015-03-13,634.25,1,6.1,0.0097,631.74,634.97,631.5,530719404,3012813880131,169442522803277.0
2015-03-16,635.4,1,1.15,0.0018,636.47,636.69,633.86,556632534,3013223148539,169728945440812.0
2015-03-17,636.05,1,0.65,0.001,638.92,639.0,634.55,524048657,2870416738089,170024893208969.0
2015-03-18,628.99,2,-7.06,-0.0111,638.41,639.7,628.94,556577413,3398296408794,168008918675153.0
2015-03-19,631.81,1,2.82,0.0045,633.56,633.64,620.52,559030671,3292416274776,168633238232193.0
2015-03-20,640.08,1,8.27,0.0131,633.69,640.09,632.57,578703172,3368134502158,170803642591868.0
2015-03-23,640.29,1,0.21,0.0003,643.55,644.01,640.29,530149884,3010643069653,170867152367299.0
2015-03-24,641.87,1,1.58,0.0025,640.5,642.43,638.46,525788765,2659167312322,171273436356046.0
2015-03-25,651.05,1,9.18,0.0143,644.69,651.06,644.69,534691397,3482399101152,173712087415958.0
2015-03-26,642.53,2,-8.52,-0.0131,647.17,649.62,640.56,551806985,3594197257082,171535220093463.0
2015-03-27,640.12,2,-2.41,-0.0038,645.93,646.43,637.71,592411950,3213331654869,170817966076201.0
2015-03-30,646.74,1,6.62,0.0103,643.4,646.78,641.47,467255871,2722251093957,172619024713793.0
2015-03-31,650.49,1,3.75,0.0058,650.75,650.75,647.38,524552228,3358425226427,173622017536761.0
2015-04-01,650.23,2,-0.26,-0.0004,650.27,651.4,645.63,513253491,2945767187445,173578940270285.0
2015-04-02,650.57,1,0.34,0.0005,653.41,654.85,649.23,629851615,3674421948185,173685157780699.0
2015-04-03,658.04,1,7.47,0.0115,653.46,658.05,652.59,528693977,3255715842336,175627256857397.0
2015-04-06,662.15,1,4.11,0.0062,660.85,662.59,658.99,523546524,3202146518192,176733830964899.0
2015-04-07,666.83,1,4.68,0.0070999999999999,667.62,667.94,664.64,550039726,3719498589554,177965140360384.0
2015-04-08,668.03,1,1.2,0.0018,669.37,669.37,662.57,560683230,3773268770134,178286981143248.0
2015-04-09,676.96,1,8.93,0.0134,671.6,677.99,670.83,595116873,3773203933216,180759065546170.0
2015-04-10,682.02,1,5.06,0.0075,684.24,685.66,682.02,602405217,4220177883601,182522358805627.0
2015-04-13,689.39,1,7.37,0.0108,688.17,689.54,682.72,709280542,4631102648248,184950946358881.0
2015-04-14,684.97,2,-4.42,-0.0064,691.82,694.9,680.53,828998226,5380408992948,183859186771276.0
2015-04-15,694.44,1,9.47,0.0138,689.66,694.96,688.69,619758518,3985784788616,186369650004231.0
2015-04-16,698.31,1,3.87,0.0056,699.32,699.32,692.27,698718755,4543291346997,187509921401446.0
2015-04-17,706.9,1,8.59,0.0123,703.45,708.23,700.18,685554002,4945930640501,189839589779440.0
2015-04-20,706.96,1,0.06,0.0001,700.8,707.52,700.48,667416291,4510029997286,189981854100821.0
2015-04-21,714.52,1,7.56,0.0107,712.89,714.74,709.88,747053436,5058215992500,192077968192437.0
2015-04-22,703.34,2,-11.18,-0.0156,718.89,720.56,675.95,1086825433,7446762305713,189116927196122.0
2015-04-23,692.48,2,-10.86,-0.0154,707.82,708.06,685.99,705400146,5079325522799,186172392371105.0
2015-04-24,690.74,2,-1.74,-0.0025,695.12,697.16,681.04,610911306,4401681679564,185771391327831.0
2015-04-27,699.39,1,8.65,0.0125,693.79,699.55,692.84,516099429,3307301480577,188079760732530.0
2015-04-28,696.79,2,-2.6,-0.0037,701.36,701.57,694.3,600314902,4664797617869,187420823587086.0
2015-04-29,695.69,2,-1.1,-0.0016,699.51,699.66,689.09,558797177,3976752177197,187173600003864.0
2015-04-30,689.01,2,-6.68,-0.0096,696.31,696.31,685.15,584947917,3800675729189,185533208897344.0
2015-05-04,677.9,2,-11.11,-0.0161,690.77,690.84,676.42,440512826,3038178339625,182546116332714.0
2015-05-06,665.94,2,-11.96,-0.0176,672.95,674.22,661.82,486121307,3273511797252,179269045619329.0
2015-05-07,673.08,1,7.14,0.0107,667.01,673.12,654.01,473771297,3423638701271,181231947625864.0
2015-05-08,681.69,1,8.61,0.0128,675.83,684.38,674.64,439119326,3145395333859,183549752860086.0
2015-05-11,692.29,1,10.6,0.0155,687.81,692.32,685.61,433533959,2992752586160,186441549884574.0
2015-05-12,686.74,2,-5.55,-0.008,694.8,697.99,685.89,546374836,3946576521217,185032152028649.0
2015-05-13,692.23,1,5.49,0.008,687.75,693.3,681.3,522079531,4354021770065,186566761246257.0
2015-05-14,699.27,1,7.04,0.0102,695.11,699.34,693.43,529656979,3996520498639,188497408343988.0
2015-05-15,705.4,1,6.13,0.0088,705.15,708.08,702.79,517458013,4098557699455,190265992263015.0
2015-05-18,703.25,2,-2.15,-0.003,707.73,707.73,700.18,599819124,4471942047618,189689915037236.0
2015-05-19,706.79,1,3.54,0.005,707.26,707.35,704.62,530776542,4550578523436,190642413709024.0
2015-05-20,713.95,1,7.16,0.0101,709.71,714.09,709.68,601739485,5031798412053,192600968714195.0
2015-05-21,715.64,1,1.69,0.0024,718.98,719.27,708.55,522475113,4607197038945,193077666074348.0
2015-05-22,713.54,2,-2.1,-0.0029,718.99,719.02,711.58,546898511,4364197836467,192560227210872.0
2015-05-26,708.66,2,-4.88,-0.0068,715.91,715.91,705.0,457372208,3746526997379,191277583409884.0
2015-05-27,699.19,2,-9.47,-0.0134,705.7,705.7,696.08,475866588,3569471781369,188903458433083.0
2015-05-28,709.01,1,9.82,0.0139999999999999,706.47,711.21,704.62,484566396,3949274820004,191622955554254.0
2015-05-29,711.39,1,2.38,0.0034,710.62,717.2,710.5,549340357,4524839049331,192489848343523.0
2015-06-01,715.73,1,4.34,0.0060999999999999,714.09,715.91,700.9,578472015,4484930923232,193660488060403.0
2015-06-02,704.77,2,-10.96,-0.0153,718.0,718.58,704.77,611087215,4813190152127,190682964144139.0
2015-06-03,696.97,2,-7.8,-0.0111,703.5,710.97,693.27,693090183,5373751467071,188660606596298.0
2015-06-04,704.56,1,7.59,0.0109,702.13,704.57,700.61,580142352,4366661956260,190717336988739.0
2015-06-05,707.27,1,2.71,0.0038,701.28,708.23,700.91,557630554,4278290683805,191468068521706.0
2015-06-08,716.43,1,9.16,0.013,711.36,716.61,708.36,496427580,3771520223016,193915179049595.0
2015-06-09,722.51,1,6.08,0.0085,718.32,722.52,718.1,506649856,4000947244171,195568729152319.0
2015-06-10,718.23,2,-4.28,-0.0059,726.63,727.34,713.07,563288359,4133058687166,194463798762135.0
2015-06-11,717.0,2,-1.23,-0.0017,724.38,724.57,716.45,505737165,3862141165094,194170081916974.0
2015-06-12,712.4,2,-4.6,-0.0064,720.09,722.4,708.23,480032298,3851403155503,193207651812005.0
2015-06-15,705.85,2,-6.55,-0.0092,709.71,714.92,704.95,413205151,3360676042055,191547022879823.0
2015-06-16,706.28,1,0.43,0.0006,706.84,708.73,690.8,519263903,4090390887540,191760281694299.0
2015-06-17,718.61,1,12.33,0.0175,710.54,718.63,705.62,476371005,3935448986382,195235440268111.0
2015-06-18,725.2,1,6.59,0.0092,724.43,726.84,722.6,547642816,4140784894339,197011614416761.0
2015-06-19,729.92,1,4.72,0.0065,730.92,731.06,723.07,540717553,4095374970308,198287671364093.0
2015-06-22,734.61,1,4.69,0.0064,735.12,736.42,731.46,527625349,3755936847973,199558249266082.0
2015-06-23,739.82,1,5.21,0.0070999999999999,740.57,740.87,735.95,547798492,4200000027779,201032736120162.0
2015-06-24,746.62,1,6.8,0.0092,743.17,747.08,740.65,507117548,4045022252186,202848117462620.0
2015-06-25,753.66,1,7.04,0.0093999999999999,747.71,753.99,746.23,540148002,4360731449751,204845029823506.0
2015-06-26,750.5,2,-3.16,-0.0042,756.46,757.98,750.48,605500040,4932402856773,204922231577346.0
2015-06-29,733.04,2,-17.46,-0.0233,733.07,746.62,731.84,477321769,4093100131125,200011180137281.0
2015-06-30,742.27,1,9.23,0.0126,730.29,742.34,714.51,463287396,4154459415450,203015272893018.0
2015-07-01,760.67,1,18.4,0.0248,747.48,760.76,747.48,561490842,4421486005718,206845980352517.0
2015-07-02,768.67,1,8.0,0.0105,766.58,769.76,764.97,716910966,4911746763740,209020212095514.0
2015-07-03,769.26,1,0.59,0.0008,772.67,772.72,762.23,671938627,4906842658409,209184628872866.0
2015-07-06,752.01,2,-17.25,-0.0224,758.0,769.33,752.01,640837408,5080213584910,204572582118271.0
2015-07-07,729.64,2,-22.37,-0.0297,765.12,765.39,722.21,761134563,6512329073495,198532311345702.0
2015-07-08,726.22,2,-3.42,-0.0046999999999999,735.46,738.23,714.86,648953157,4812146600331,197604117026768.0
2015-07-09,726.01,2,-0.21,-0.0003,715.76,726.43,695.94,654826441,4499599970803,197583744027936.0
2015-07-10,730.72,1,4.71,0.0065,734.16,739.1,725.4,549059324,4007687207787,199070300219852.0
2015-07-13,749.46,1,18.74,0.0256,732.78,749.53,731.91,552734533,3593184255085,204132731646256.0
2015-07-14,757.12,1,7.66,0.0102,757.72,758.19,750.91,593429113,4001516573934,206273718658260.0
2015-07-15,761.59,1,4.47,0.0059,761.73,762.8,757.71,679875640,4191797338852,207473965352380.0
2015-07-16,774.4,1,12.81,0.0168,764.16,774.4,760.22,693892997,4890447418379,210973759289523.0
2015-07-17,773.23,2,-1.17,-0.0015,780.27,780.27,768.73,774048028,5059769225310,210835467002926.0
2015-07-20,782.64,1,9.41,0.0121999999999999,778.19,782.64,776.41,667848377,4311171881554,213402398974511.0
2015-07-21,781.99,2,-0.65,-0.0008,787.52,788.13,774.68,761518441,4011429230327,213317382461065.0
2015-07-22,776.57,2,-5.42,-0.0069,780.39,784.58,776.28,700607956,4223616019834,212092850318676.0
2015-07-23,776.99,1,0.42,0.0005,781.21,782.3,773.6,882451794,4067579308018,212026525146167.0
2015-07-24,776.26,2,-0.73,-0.0009,778.54,779.1,773.64,645178171,4409892244293,212851448412921.0
2015-07-27,751.04,2,-25.22,-0.0325,773.37,773.37,751.04,600686662,3988442542683,206003082472390.0
2015-07-28,745.24,2,-5.8,-0.0077,738.87,747.07,722.83,609631348,4117962815041,204378455419784.0
2015-07-29,730.47,2,-14.77,-0.0197999999999999,751.92,755.23,730.47,734572427,4048783718965,200298768413844.0
2015-07-30,712.86,2,-17.61,-0.0241,736.97,739.66,711.11,568764958,3780188501986,195673345862215.0
2015-07-31,725.06,1,12.2,0.0171,713.87,725.06,703.56,512090535,3008302740958,199143876153414.0
2015-08-03,714.34,2,-10.72,-0.0148,728.03,732.24,714.34,422133425,2703728395111,196207636278698.0
2015-08-04,730.03,1,15.69,0.022,712.78,730.06,711.59,422638620,2706774352995,200514509759196.0
2015-08-05,741.26,1,11.23,0.0154,733.0,741.54,732.3,418283470,3265685946276,203703943717496.0
2015-08-06,747.74,1,6.48,0.0087,747.19,750.75,745.16,448618668,3359570876152,205487957763210.0
2015-08-07,751.49,1,3.75,0.005,743.82,751.74,741.72,443826216,3249500696884,206906058322915.0
2015-08-10,746.34,2,-5.15,-0.0069,754.6,754.6,742.76,432202667,3085862061615,205349154037980.0
2015-08-11,732.26,2,-14.08,-0.0189,752.72,753.13,732.26,622187460,3880737722807,201831451807578.0
2015-08-12,717.2,2,-15.06,-0.0206,730.24,731.72,692.54,583147344,4026609996440,197697908002329.0
2015-08-13,731.36,1,14.16,0.0197,716.61,731.95,711.54,496880078,3353403107829,201681964537072.0
2015-08-17,722.01,2,-9.35,-0.0128,733.97,734.9,722.01,446175967,3006814436621,199756464538655.0
2015-08-18,699.8,2,-22.21,-0.0308,725.68,726.46,698.24,596749910,3336231143859,194010443568657.0
2015-08-19,670.55,2,-29.25,-0.0418,692.31,693.48,652.12,572094987,3899150270162,185941395687758.0
2015-08-20,656.71,2,-13.84,-0.0206,664.84,678.89,656.71,439889837,2960941981933,182390154585147.0
2015-08-21,627.05,2,-29.66,-0.0452,625.56,637.87,615.1,615383953,3746229191040,174193399089533.0
2015-08-24,613.33,2,-13.72,-0.0219,624.09,640.67,610.12,514961436,3022932443939,170563445896339.0
2015-08-25,645.43,1,32.1,0.0523,625.61,646.79,612.35,518695710,3342518655374,179420886351640.0
2015-08-26,667.44,1,22.01,0.0341,646.47,667.44,645.5,546181095,3336146061378,185559295603024.0
2015-08-27,673.71,1,6.27,0.0093999999999999,677.89,683.46,670.24,471360892,3008793952553,187303255476017.0
2015-08-28,687.96,1,14.25,0.0212,685.44,689.04,685.4,433699427,2605950367722,191335708273319.0
2015-08-31,687.11,2,-0.85,-0.0012,689.9,689.9,682.14,389836968,2475362660844,191093394064172.0
2015-09-01,672.94,2,-14.17,-0.0206,686.47,691.67,672.94,456688193,2915116594836,187227354716426.0
2015-09-02,678.02,1,5.08,0.0075,659.6,678.16,657.67,486677336,3206817224749,188630604615295.0
2015-09-03,678.25,1,0.23,0.0003,687.6,688.56,677.34,553112192,3141064823485,188674551564043.0
2015-09-04,650.45,2,-27.8,-0.0409999999999999,682.3,683.56,647.78,607437500,3592341167459,180998079927080.0
2015-09-07,648.8,2,-1.65,-0.0025,650.87,658.9,641.21,393768878,2514650323305,180396632746440.0
2015-09-08,638.22,2,-10.58,-0.0163,652.08,655.15,632.2,479051364,2891386754963,177468387405863.0
2015-09-09,660.67,1,22.45,0.0352,651.52,660.67,651.39,450736738,2694771009870,183730968664487.0
2015-09-10,668.29,1,7.62,0.0115,655.13,668.48,653.26,498651738,2615535608559,185858553678501.0
2015-09-11,669.87,1,1.58,0.0024,669.98,672.12,665.17,557381114,2911105092540,187484580421556.0
2015-09-14,662.88,2,-6.99,-0.0104,674.45,674.95,659.19,444210380,2517579205121,185557774629190.0
2015-09-15,666.75,1,3.87,0.0058,664.56,667.18,661.88,888771663,2637116018293,186726198963588.0
2015-09-16,676.48,1,9.73,0.0146,673.32,676.63,671.79,968861052,2969012386481,189444529507137.0
2015-09-17,671.05,2,-5.43,-0.008,681.66,681.66,670.62,739986469,3479105077766,187975378307254.0
2015-09-18,690.18,1,19.13,0.0285,678.25,690.2,677.93,728114503,4365625979369,193310423741682.0
2015-09-21,688.9,2,-1.28,-0.0019,685.35,689.22,683.42,717566196,3520136900339,192921742715982.0
2015-09-22,693.67,1,4.77,0.0069,691.46,694.09,689.05,930969786,4008802430942,194374937023843.0
2015-09-23,680.28,2,-13.39,-0.0192999999999999,688.52,692.07,680.28,1027997099,4125562016601,190765422432581.0
2015-09-24,683.88,1,3.6,0.0053,686.1,687.23,682.62,869031765,3659285776839,191807051034027.0
2015-09-25,682.7,2,-1.18,-0.0017,685.47,685.8,676.84,636053481,2923326178795,191607606762160.0
2015-09-30,678.48,2,-4.22,-0.0062,673.43,678.5,668.58,814897752,3057334458236,190571571842894.0
2015-10-01,684.79,1,6.31,0.0093,685.89,686.68,684.12,832237641,3149260783976,192593920818440.0
2015-10-02,686.42,1,1.63,0.0024,688.04,688.83,685.11,694058571,3315604580542,193276055144187.0
2015-10-05,691.19,1,4.77,0.0069,693.54,694.49,691.19,654214923,3144029679150,194985343238239.0
2015-10-06,689.06,2,-2.13,-0.0031,697.17,697.17,688.53,843011015,3415052808807,194477976590437.0
2015-10-07,679.83,2,-9.23,-0.0134,690.29,690.35,678.88,791091051,3445137050858,191963535518840.0
2015-10-08,674.97,2,-4.86,-0.0070999999999999,684.47,685.29,670.3,686112489,2994182198725,190743304560410.0
2015-10-12,672.96,2,-2.01,-0.003,677.45,677.58,672.57,508019820,2367250952640,190208165802845.0
2015-10-13,672.82,2,-0.14,-0.0002,674.39,676.74,669.52,735527575,3122843304325,190494365483649.0
2015-10-14,668.92,2,-3.9,-0.0058,673.16,673.43,668.03,690437850,2979837157734,189302539956726.0
2015-10-15,676.05,1,7.13,0.0107,669.54,676.06,669.35,744038634,2903424197070,191435016099389.0
2015-10-16,681.73,1,5.68,0.0084,681.01,683.37,680.73,764455467,3101342667750,193083626050391.0
2015-10-19,684.29,1,2.56,0.0038,685.2,685.34,682.48,920641805,3085189160175,193743963027170.0
2015-10-20,691.21,1,6.92,0.0101,685.75,691.21,684.61,779901553,3448629040230,195702150306961.0
2015-10-21,686.5,2,-4.71,-0.0068,692.77,693.06,686.5,949552865,3480315092363,194322639398028.0
2015-10-22,676.3,2,-10.2,-0.0149,686.01,686.02,675.69,934825274,3716230595913,191551414701752.0
2015-10-23,681.97,1,5.67,0.0084,682.75,683.49,680.61,1041694883,3631363369086,193455492210442.0
2015-10-26,690.73,1,8.76,0.0128,687.01,690.85,685.88,722331829,3800853972666,195871509144153.0
2015-10-27,688.32,2,-2.41,-0.0034999999999999,691.8,693.0,687.68,653255898,3600265232032,195156627658141.0
2015-10-28,693.53,1,5.21,0.0076,689.9,693.95,686.96,711510400,4041909461637,196564517366804.0
2015-10-29,690.63,2,-2.9,-0.0042,696.27,696.47,689.72,818159930,3659041193886,195859174615559.0
2015-10-30,683.63,2,-7.0,-0.0101,691.26,692.42,681.72,757473015,3863354551969,193909410715706.0
2015-11-02,680.01,2,-3.62,-0.0053,683.54,684.94,679.85,668400246,3210137476316,193301667756909.0
2015-11-03,682.13,1,2.12,0.0031,684.28,685.31,678.45,728403330,3533320500060,193838314837882.0
2015-11-04,686.18,1,4.05,0.0059,683.98,686.18,680.54,783687627,3668241504208,196077224310986.0
2015-11-05,694.43,1,8.25,0.012,688.27,694.43,687.9,765536241,3636877714286,198362101952158.0
2015-11-06,694.21,2,-0.22,-0.0003,697.56,698.39,692.23,771774930,4292148268906,198265955820506.0
2015-11-09,671.84,2,-22.37,-0.0322,694.06,694.06,670.66,715399608,3955340720839,192050576275672.0
2015-11-10,656.7,2,-15.14,-0.0225,667.14,667.25,650.56,680029293,3939937332174,187792800593176.0
2015-11-11,667.21,1,10.51,0.016,657.66,667.45,657.66,634890942,3473713583838,190795373782610.0
2015-11-12,672.99,1,5.78,0.0087,670.6,674.83,670.6,618861195,3724436927835,192699364899308.0
2015-11-13,670.52,2,-2.47,-0.0037,667.58,670.76,664.67,763409623,3552332075606,192056581314186.0
2015-11-16,659.2,2,-11.32,-0.0169,659.4,665.27,656.97,634991365,3013168554028,189027606132314.0
2015-11-17,672.17,1,12.97,0.0197,666.9,672.4,666.81,753633066,3293385145218,193947922033498.0
2015-11-18,670.67,2,-1.5,-0.0022,673.87,676.7,670.67,992772473,3911783851823,193635509280348.0
2015-11-19,680.57,1,9.9,0.0148,678.97,680.57,675.51,856877680,3868306847713,196702270659087.0
2015-11-20,685.16,1,4.59,0.0067,681.98,685.67,680.87,861690325,3553209956774,198201636207813.0
2015-11-23,688.29,1,3.13,0.0046,688.24,689.11,686.24,669720189,3198899510025,199177103769044.0
2015-11-24,687.86,2,-0.43,-0.0006,688.94,689.57,686.69,823483866,3275595375466,198871634811230.0
2015-11-25,688.78,1,0.92,0.0013,689.41,690.25,687.5,864203502,3719962205340,199420761341661.0
2015-11-26,693.42,1,4.64,0.0067,691.67,694.38,691.57,786556070,3313152121849,200821033736392.0
2015-11-27,694.21,1,0.79,0.0011,696.89,698.18,692.73,769690962,3078038142901,201073559353487.0
2015-11-30,688.38,2,-5.83,-0.0084,695.69,695.81,683.52,638853247,3500673629352,199424282828022.0
2015-12-01,691.95,1,3.57,0.0052,690.49,692.11,687.97,668623558,3152752069370,200420205453178.0
2015-12-02,690.32,2,-1.63,-0.0024,694.78,695.2,690.32,786530800,3655044281438,199866288085052.0
2015-12-03,690.77,1,0.45,0.0007,688.52,690.97,683.79,770231511,3191762475883,200017720472803.0
2015-12-04,685.77,2,-5.0,-0.0072,683.47,688.95,683.14,776614446,3217362688793,198622541148974.0
2015-12-07,683.34,2,-2.43,-0.0034999999999999,691.35,691.48,683.34,695479767,2973515968779,198016123583665.0
2015-12-08,668.42,2,-14.92,-0.0218,682.73,683.62,666.31,717569231,3636892861501,193793857569631.0
2015-12-09,664.08,2,-4.34,-0.0065,668.17,671.26,664.08,854057222,3425777975497,192534195648671.0
2015-12-10,658.08,2,-6.0,-0.009,663.69,666.34,652.06,993272967,3870705988824,190761506718930.0
2015-12-11,653.48,2,-4.6,-0.0069999999999999,660.87,661.99,651.35,811871518,3124501562745,189475821277391.0
2015-12-14,630.37,2,-23.11,-0.0354,642.98,642.98,630.37,628074557,2910373057931,182879828404281.0
2015-12-15,639.78,1,9.41,0.0149,634.4,640.24,633.32,604997036,2553514158752,185616358564196.0
2015-12-16,647.27,1,7.49,0.0116999999999999,646.75,650.55,646.45,652609037,2804414439115,188197414036410.0
2015-12-17,658.11,1,10.84,0.0167,653.92,658.15,649.44,623234687,3143573362648,191518922263390.0
2015-12-18,667.45,1,9.34,0.0141999999999999,654.36,667.45,652.98,592660259,2811891326145,194419028547359.0
2015-12-21,668.65,1,1.2,0.0018,665.62,669.25,665.53,540199488,2715026301350,195051940626337.0
2015-12-22,663.42,2,-5.23,-0.0078,671.39,671.39,661.52,695147235,3844009194206,193864865791060.0
2015-12-23,659.6,2,-3.82,-0.0058,665.89,665.89,659.58,778688006,3811052977597,192869738291973.0
2015-12-24,656.53,2,-3.07,-0.0046999999999999,662.83,663.17,656.53,671334564,3281735459244,193846116279231.0
2015-12-28,652.05,2,-4.48,-0.0068,657.57,658.25,651.63,596020083,2938407357536,192556294619075.0
2015-12-29,673.22,1,21.17,0.0325,656.82,673.23,656.82,558686100,2958818837144,198559555305391.0
2015-12-30,682.35,1,9.13,0.0136,677.08,683.34,674.87,512431741,2834865118445,201631307399583.0
2016-01-04,677.79,2,-4.56,-0.0067,686.41,691.56,677.79,502708668,3118308272650,200359428080338.0
2016-01-05,684.07,1,6.28,0.0093,670.45,684.07,670.44,741686515,3293186009887,202228765484262.0
2016-01-06,687.27,1,3.2,0.0046999999999999,687.0,689.11,675.48,747614089,4133372498792,203143710250397.0
2016-01-07,679.66,2,-7.61,-0.0111,687.5,690.65,675.01,692146349,3794254457836,200982807557119.0
2016-01-08,682.56,1,2.9,0.0043,668.03,682.56,662.28,710747718,3716144526510,201840685217029.0
2016-01-11,674.96,2,-7.6,-0.0111,681.62,685.64,674.1,586439281,3434485383685,199699504836446.0
2016-01-12,671.3,2,-3.66,-0.0054,679.1,682.26,671.23,575161845,3286232171905,198604780740592.0
2016-01-13,686.03,1,14.73,0.0219,677.35,686.03,677.35,729671258,3496826636498,202924051706035.0
2016-01-14,683.19,2,-2.84,-0.0040999999999999,675.86,683.49,674.29,561165505,3791939940015,202171389875592.0
2016-01-15,678.43,2,-4.76,-0.0069999999999999,693.07,693.55,676.53,595825729,4169538263342,200243502812471.0
2016-01-18,683.63,1,5.2,0.0077,671.96,683.87,671.96,542383179,3528248904017,201722532656210.0
2016-01-19,681.25,2,-2.38,-0.0034999999999999,683.22,685.2,674.93,605473841,3830314809037,201059629801573.0
2016-01-20,669.68,2,-11.57,-0.017,684.69,685.62,659.72,752779372,4502418517385,197671035549621.0
2016-01-21,665.84,2,-3.84,-0.0056999999999999,671.37,673.84,661.23,578090972,3316288217963,196566773911990.0
2016-01-22,670.95,1,5.11,0.0077,672.13,673.72,662.81,552166983,3435884141607,198137340798078.0
2016-01-25,681.43,1,10.48,0.0156,677.14,681.85,675.24,463151541,3081393747403,201143233172856.0
2016-01-26,678.85,2,-2.58,-0.0038,679.1,682.4,677.29,526894044,3165020005607,200399694787909.0
2016-01-27,675.25,2,-3.6,-0.0053,683.75,684.84,673.21,636704486,3620240750460,199404118848155.0
2016-01-28,681.29,1,6.04,0.0089,675.56,681.52,672.66,601859355,2971116852374,201414715755585.0
2016-01-29,682.8,1,1.51,0.0022,683.76,683.76,677.07,579437976,2976471415350,201893441224233.0
2016-02-01,685.55,1,2.75,0.004,687.65,688.15,681.9,450234444,2877134283471,202751412126012.0
2016-02-02,684.86,2,-0.69,-0.001,685.68,686.97,683.14,553697935,3227800441490,202629411158487.0
2016-02-03,680.94,2,-3.92,-0.0056999999999999,681.95,684.16,676.74,488886253,3027803359531,201665618237177.0
2016-02-04,683.62,1,2.68,0.0039,683.57,684.71,678.47,536980182,3077586845960,202468701740429.0
2016-02-05,681.31,2,-2.31,-0.0034,683.43,684.43,680.2,511581394,2848688388451,201836763959233.0
2016-02-11,647.69,2,-33.62,-0.0493,665.7,666.99,647.68,526061828,3621623322383,191835390735716.0
2016-02-12,608.45,2,-39.24,-0.0605999999999999,639.33,640.93,594.75,731130199,5547618727702,180761975233869.0
2016-02-15,621.37,1,12.92,0.0212,617.06,621.73,609.31,544902018,3133867109119,184932704357235.0
2016-02-16,634.95,1,13.58,0.0219,626.85,635.99,626.85,493954964,2762492782787,188993733437481.0
2016-02-17,623.49,2,-11.46,-0.018,637.25,638.97,623.13,520293139,3068672806215,185614059670545.0
2016-02-18,638.43,1,14.94,0.024,633.44,638.43,633.29,492297709,3130869803773,190043171423637.0
2016-02-19,644.56,1,6.13,0.0096,638.8,645.02,637.12,445694811,2844942839456,191944683897454.0
2016-02-22,650.14,1,5.58,0.0087,646.35,651.13,644.15,527930315,2820727274859,193624540517240.0
2016-02-23,642.31,2,-7.83,-0.012,655.08,655.22,641.56,686743419,3493429324452,191405226578018.0
2016-02-24,643.98,1,1.67,0.0026,640.75,647.39,639.54,583838148,2912916288431,191920075820312.0
2016-02-25,646.27,1,2.29,0.0036,648.58,650.58,644.06,570045936,3027162017586,192601249658713.0
2016-02-26,649.3,1,3.03,0.0046999999999999,649.33,651.09,647.03,459522905,2617452834577,193501619052559.0
2016-02-29,651.62,1,2.32,0.0036,652.26,652.87,648.07,575177067,2840395445396,194503175833245.0
2016-03-02,662.25,1,10.63,0.0163,658.95,662.31,658.64,518358873,3046318770210,197221155589331.0
2016-03-03,669.01,1,6.76,0.0102,664.94,669.1,660.79,543364980,3511320598147,199206573021686.0
2016-03-04,673.84,1,4.83,0.0072,670.44,674.69,668.99,531822645,3108748866921,200803302526904.0
2016-03-07,672.21,2,-1.63,-0.0024,677.31,678.95,671.34,546253743,3297914998673,200443146808661.0
2016-03-08,674.32,1,2.11,0.0031,675.07,677.06,666.3,554620606,3164635560064,201121325178893.0
2016-03-09,679.64,1,5.32,0.0079,673.93,680.53,673.62,452101117,2778909575187,202734136929858.0
2016-03-10,687.6,1,7.96,0.0116999999999999,682.3,687.6,682.3,534796425,3037026000397,205103319258401.0
2016-03-11,689.17,1,1.57,0.0023,686.33,689.52,686.09,506073424,2795418487674,205746540277091.0
2016-03-14,691.05,1,1.88,0.0027,693.06,696.11,691.05,475200283,2721636756330,206319881023763.0
2016-03-15,693.34,1,2.29,0.0033,692.78,697.91,692.61,571458388,2882463401964,207056810809008.0
2016-03-16,693.44,1,0.1,0.0001,694.45,699.71,691.99,594124092,3011466103417,207067819612441.0
2016-03-17,691.49,2,-1.95,-0.0028,698.77,699.76,691.32,632358460,2978871212435,206510380155232.0
2016-03-18,695.02,1,3.53,0.0051,694.86,695.59,692.42,699036775,3218180674340,207526129794431.0
2016-03-21,692.42,2,-2.6,-0.0037,698.59,698.88,691.55,638842759,3185516865380,206842940295511.0
2016-03-22,691.51,2,-0.91,-0.0013,694.27,694.96,689.8,679122150,3315504682424,206614887518036.0
2016-03-23,689.39,2,-2.12,-0.0031,692.56,693.47,689.39,705679417,3573922613563,205963627015904.0
2016-03-24,686.26,2,-3.13,-0.0045,689.87,691.03,686.11,678668956,3230763674760,205566802751303.0
2016-03-25,683.2,2,-3.06,-0.0045,688.3,688.81,682.78,657651489,3077034780567,204695934100533.0
2016-03-28,676.51,2,-6.69,-0.0098,685.06,685.46,676.28,648968959,3085375828067,202696257782690.0
2016-03-29,686.5,1,9.99,0.0148,678.75,686.5,678.72,666721312,3128887902376,205683876385928.0
2016-03-30,691.13,1,4.63,0.0067,690.85,692.17,690.04,697647559,3069167959581,207041425763479.0
2016-03-31,688.38,2,-2.75,-0.004,693.02,693.13,687.09,642655005,2950887490086,206228111765617.0
2016-04-01,690.69,1,2.31,0.0034,690.18,694.98,689.05,556932155,3007010775814,207568333770180.0
2016-04-04,696.98,1,6.29,0.0091,693.8,697.0,692.73,551841652,2991870090517,209481127061927.0
2016-04-05,695.7,2,-1.28,-0.0018,698.3,698.3,693.05,584185930,3068679252321,209179913724288.0
2016-04-06,694.03,2,-1.67,-0.0024,697.11,697.11,692.82,642746724,3524920477364,208857261882362.0
2016-04-07,697.13,1,3.1,0.0045,696.91,697.73,695.48,690091064,3848784247993,209861266438439.0
2016-04-08,697.1,2,-0.03,0.0,696.47,697.28,695.05,631389233,3449096254675,209911968557005.0
2016-04-11,693.01,2,-4.09,-0.0059,700.04,700.36,693.01,558306763,3229932941791,209131882396879.0
2016-04-12,693.45,1,0.44,0.0006,693.8,695.22,691.52,635356867,3347781446651,209369862719143.0
2016-04-14,693.42,2,-0.03,0.0,698.03,698.26,691.65,704045679,3568672178988,209333944804641.0
2016-04-15,695.62,1,2.2,0.0032,696.37,697.0,693.8,693550896,3354214009626,210494667268953.0
2016-04-18,695.34,2,-0.28,-0.0004,695.78,695.98,693.0,706820492,3462651757388,210518737277980.0
2016-04-19,701.68,1,6.34,0.0091,697.31,701.8,696.22,684129382,3271996656273,212498253563692.0
2016-04-20,699.86,2,-1.82,-0.0026,703.55,704.44,699.85,737253565,3536182747237,211945677849465.0
2016-04-21,701.62,1,1.76,0.0025,702.21,702.32,698.39,834145131,3998594798226,212449387706108.0
2016-04-22,703.05,1,1.43,0.002,702.9,703.89,700.98,702674662,3571875421657,213030097922329.0
2016-04-25,703.7,1,0.65,0.0009,705.37,705.44,702.42,700182372,3364067339560,213238400055185.0
2016-04-26,702.06,2,-1.64,-0.0023,705.51,705.51,700.76,778244413,3978110036440,212982945281368.0
2016-04-27,699.52,2,-2.54,-0.0036,704.42,704.59,699.41,757028297,3646256936301,212204227844142.0
2016-04-28,699.7,1,0.18,0.0003,702.04,703.95,699.68,665296218,3440698934796,212460530968105.0
2016-04-29,699.77,1,0.07,0.0001,699.89,700.14,695.82,645841870,3169360197107,212583256702601.0
2016-05-02,690.27,2,-9.5,-0.0136,700.43,700.74,690.27,681217654,3480704645093,209811690242376.0
2016-05-03,698.66,1,8.39,0.0121999999999999,693.67,699.24,693.67,819117824,3605485587077,212307209934055.0
2016-05-04,694.17,2,-4.49,-0.0064,698.02,698.3,693.25,826617426,3599505343728,210962624886568.0
2016-05-09,691.82,2,-2.35,-0.0034,696.66,697.14,690.85,630395900,2969279753968,210297007621861.0
2016-05-10,700.23,1,8.41,0.0121999999999999,693.47,700.53,693.44,569990676,2901843517393,212899239171738.0
2016-05-11,703.94,1,3.71,0.0053,704.32,704.53,701.29,637890868,3059529662102,214084714684045.0
2016-05-12,705.04,1,1.1,0.0016,702.46,706.49,699.87,614184965,2855535916284,214418910802310.0
2016-05-13,704.37,2,-0.67,-0.001,705.85,705.92,703.65,617569343,3102347100967,214352901587286.0
2016-05-16,701.46,2,-2.91,-0.0040999999999999,705.03,705.04,701.25,660228050,3324942309780,213357535725149.0
2016-05-17,695.95,2,-5.51,-0.0079,703.08,703.24,693.07,712245714,3739187681806,211692464246042.0
2016-05-18,683.87,2,-12.08,-0.0174,694.9,694.9,683.81,697233344,3557688215292,208036763800289.0
2016-05-19,679.39,2,-4.48,-0.0066,685.36,686.61,678.48,748917645,3908993555006,206690149673220.0
2016-05-20,684.92,1,5.53,0.0081,679.65,686.44,679.65,798547501,3687981545478,208388122721649.0
2016-05-23,691.0,1,6.08,0.0089,688.87,691.68,688.53,727504225,3690156627676,210235619762315.0
2016-05-24,687.71,2,-3.29,-0.0048,691.92,692.05,686.87,901404414,4376138304161,209242881255479.0
2016-05-25,689.33,1,1.62,0.0024,693.65,693.65,688.0,1000695722,4876317662603,209750793973996.0
2016-05-26,687.94,2,-1.39,-0.002,691.9,692.64,686.62,831820181,3749234161516,209360981855519.0
2016-05-27,691.54,1,3.6,0.0052,689.96,692.02,688.81,710884089,3193525744862,210497903800405.0
2016-05-30,692.06,1,0.52,0.0008,694.0,694.34,689.93,689069928,3217176271040,210649087368666.0
2016-05-31,698.45,1,6.39,0.0092,692.82,698.45,691.93,672759080,3063226829538,212688321282384.0
2016-06-01,700.03,1,1.58,0.0023,699.49,700.63,698.76,711427496,3209928619719,213319572784303.0
2016-06-02,701.15,1,1.12,0.0016,702.26,702.41,699.06,853814980,3833062680492,213683528091893.0
2016-06-03,701.43,1,0.28,0.0004,703.44,703.5,698.79,889694899,3879069441519,213853426090655.0
2016-06-07,704.77,1,3.34,0.0048,703.82,705.82,703.55,774258086,3407876434543,214882863140578.0
2016-06-08,703.99,2,-0.78,-0.0011,705.69,705.69,702.39,826054655,3977957696534,214744011159931.0
2016-06-09,705.08,1,1.09,0.0015,706.32,707.81,696.53,1162842417,4717678138835,215165470556687.0
2016-06-10,706.81,1,1.73,0.0025,705.31,707.11,703.55,989963457,3795962786493,215446056741867.0
2016-06-13,695.61,2,-11.2,-0.0158,702.58,702.58,695.61,820569310,3493014728597,212075338227530.0
2016-06-14,692.94,2,-2.67,-0.0038,693.6,697.24,687.56,810201893,3483840762433,211209527673336.0
2016-06-15,694.66,1,1.72,0.0025,693.24,696.79,687.68,869155268,3422215770552,211686785273826.0
2016-06-16,680.25,2,-14.41,-0.0207,697.27,697.63,677.82,1175529703,4582875870860,207297006107113.0
2016-06-17,678.86,2,-1.39,-0.002,685.15,687.22,674.82,1246032316,3893489171184,206904292948075.0
2016-06-20,688.95,1,10.09,0.0149,682.91,689.11,682.91,1009272612,3059384285085,210020252815915.0
2016-06-21,688.55,2,-0.4,-0.0006,691.54,691.85,685.35,952806821,3514685363148,209947448094646.0
2016-06-22,688.18,2,-0.37,-0.0005,689.27,690.63,688.18,998581770,3575725392261,209915087532238.0
2016-06-23,679.52,2,-8.66,-0.0126,686.36,686.45,674.04,1028573759,3736482019395,208675058144580.0
2016-06-24,647.16,2,-32.36,-0.0475999999999999,687.4,688.12,631.18,1590723889,6690026718879,198763676459729.0
2016-06-27,648.12,1,0.96,0.0015,629.21,650.61,626.99,1008445543,3790918711480,199074418084648.0
2016-06-28,659.3,1,11.18,0.0172,643.06,660.03,641.17,1090598826,3925415700967,202589497245942.0
2016-06-29,669.88,1,10.58,0.016,666.73,672.11,664.69,926789969,4042287244871,205975164604352.0
2016-06-30,675.09,1,5.21,0.0078,675.4,676.53,673.11,940043335,4265199911507,208073212111913.0
2016-07-01,684.26,1,9.17,0.0136,679.21,684.82,679.21,880662707,3851911886019,210921161643968.0
2016-07-04,688.15,1,3.89,0.0056999999999999,688.0,688.2,685.27,975931792,4382678954006,212162002800792.0
2016-07-05,692.73,1,4.58,0.0067,690.11,692.8,687.0,913007309,4070040871733,213598613764162.0
2016-07-06,685.51,2,-7.22,-0.0104,691.42,692.88,680.32,1218182429,4504316219132,211455199291614.0
2016-07-07,695.95,1,10.44,0.0152,689.91,696.18,689.91,989522839,4362052062468,214961741114983.0
2016-07-08,692.6,2,-3.35,-0.0048,698.61,698.69,688.81,860522566,4191883334527,213955145694426.0
2016-07-11,697.25,1,4.65,0.0067,695.46,697.26,692.75,669144585,3570355524209,214294551003312.0
2016-07-12,699.4,1,2.15,0.0031,700.09,700.82,696.38,772827488,3956201680951,214949104031768.0
2016-07-13,702.65,1,3.25,0.0046,703.53,704.69,702.04,1062808465,4349013898967,215930900123832.0
2016-07-14,703.34,1,0.69,0.001,704.13,704.13,699.03,1096375513,4613341367973,216704938297451.0
2016-07-15,700.28,2,-3.06,-0.0044,706.21,706.21,699.24,1125943363,4900172293947,212486953710080.0
2016-07-18,700.9,1,0.62,0.0009,701.95,702.17,698.69,897997392,4095412987700,213040680215013.0
2016-07-19,702.44,1,1.54,0.0022,703.41,703.98,700.83,1056536171,4146806287963,213459300238792.0
2016-07-20,705.03,1,2.59,0.0037,704.02,705.35,703.2,922397945,4160948403707,214232882153382.0
2016-07-21,708.12,1,3.09,0.0044,708.7,709.89,707.82,959598550,4478980035773,215182248102035.0
2016-07-22,707.54,2,-0.58,-0.0008,708.89,708.89,706.16,1134377567,3999528401130,215045963773727.0
2016-07-25,704.96,2,-2.58,-0.0036,710.21,710.42,704.83,896609400,3483612945493,214509900008203.0
2016-07-26,705.4,1,0.44,0.0006,705.8,705.99,702.98,1006777486,3631141480053,214703253190575.0
2016-07-27,701.09,2,-4.31,-0.0060999999999999,707.27,708.1,700.94,774187297,3575913756644,213481458336804.0
2016-07-28,703.78,1,2.69,0.0038,702.94,705.23,701.16,789211104,3616722512369,214432269515194.0
2016-07-29,706.24,1,2.46,0.0034999999999999,705.39,706.83,705.13,757888502,3733955171448,215411091409469.0
2016-08-01,703.72,2,-2.52,-0.0036,708.84,708.94,703.72,693868879,3743915711895,214781703835380.0
2016-08-02,700.9,2,-2.82,-0.004,704.25,704.56,700.32,725684669,4146005698163,213966509303490.0
2016-08-03,698.32,2,-2.58,-0.0037,700.4,700.43,694.88,738010223,3681023690783,213201776890622.0
2016-08-04,701.67,1,3.35,0.0048,701.2,703.72,700.95,687558392,4145188690333,214222490517849.0
2016-08-05,696.09,2,-5.58,-0.008,703.87,704.03,694.49,638355652,4079237633016,212542253657525.0
2016-08-08,696.43,1,0.34,0.0005,698.67,698.8,694.36,588308394,3429138183938,212974662209304.0
2016-08-09,700.73,1,4.3,0.0062,697.86,701.93,697.42,638758275,3830644748695,214305311608658.0
2016-08-10,707.46,1,6.73,0.0096,703.74,707.94,702.39,662931157,4040920561919,216711388847433.0
2016-08-11,703.33,2,-4.13,-0.0058,709.3,709.67,702.56,708247530,3839415569774,215498022401830.0
2016-08-12,705.18,1,1.85,0.0026,705.22,705.5,702.87,698279020,3490485600673,216025071626039.0
2016-08-16,698.87,2,-6.31,-0.0089,706.4,706.4,698.87,567645024,3216862823280,214166632020643.0
2016-08-17,693.67,2,-5.2,-0.0074,697.98,698.02,688.14,641491946,3588714571108,212601560708073.0
2016-08-18,696.93,1,3.26,0.0046999999999999,696.94,697.65,695.13,624443783,3835433325256,213809305426359.0
2016-08-19,696.2,2,-0.73,-0.001,698.87,699.05,695.87,544258624,3134271129076,213750005771937.0
2016-08-22,688.15,2,-8.05,-0.0116,697.5,697.54,688.15,628969632,3385510886936,211434548524089.0
2016-08-23,687.38,2,-0.77,-0.0011,688.68,692.19,687.37,663723302,3289628213789,211204325642985.0
2016-08-24,687.78,1,0.4,0.0006,689.86,690.44,687.61,650945990,3310824730722,211520989914438.0
2016-08-25,683.96,2,-3.82,-0.0056,688.8,688.99,683.83,645689803,3055822057356,210349210845902.0
2016-08-26,680.43,2,-3.53,-0.0052,684.92,684.92,679.26,727821510,2780918742019,209246452296341.0
2016-08-29,663.58,2,-16.85,-0.0248,679.16,679.17,663.53,723160191,3389463182383,204354519368057.0
2016-08-30,667.61,1,4.03,0.0060999999999999,667.2,671.49,665.6,591651067,2689655217413,205589924784276.0
2016-08-31,663.69,2,-3.92,-0.0059,668.63,669.05,656.21,610792277,2807769617423,204357048682419.0
2016-09-01,671.29,1,7.6,0.0115,664.33,671.37,663.86,649755865,2661060197570,206744122377601.0
2016-09-02,676.91,1,5.62,0.0084,673.16,677.16,670.96,582986086,2652020842163,208534098589236.0
2016-09-05,679.49,1,2.58,0.0038,680.02,681.14,678.48,557777934,2604898682829,209349093303480.0
2016-09-06,679.26,2,-0.23,-0.0003,681.14,681.52,677.86,746491797,3204258372286,209456841409357.0
2016-09-07,672.49,2,-6.77,-0.01,681.01,681.89,672.49,691587957,3337794516062,207445246044058.0
2016-09-08,667.4,2,-5.09,-0.0076,673.6,675.15,660.84,914880178,5217463962601,205865770080389.0
2016-09-09,664.99,2,-2.41,-0.0036,667.46,667.46,659.67,747606376,4262697721723,205064528518256.0
2016-09-12,652.91,2,-12.08,-0.0182,654.49,660.4,652.91,772569455,3997615840004,201296099780179.0
2016-09-13,660.15,1,7.24,0.0111,659.48,661.06,657.03,623129267,3140434697191,203766472569240.0
2016-09-19,666.64,1,6.49,0.0098,661.81,666.76,661.81,713220034,3123477025435,205800706742684.0
2016-09-20,674.51,1,7.87,0.0118,667.16,674.71,666.77,731448834,3332415316180,208324124716584.0
2016-09-21,678.28,1,3.77,0.0056,676.56,678.36,675.7,893913606,3672581083958,209522139491409.0
2016-09-22,685.24,1,6.96,0.0103,682.94,685.87,682.18,946750944,4322949000523,211683921006229.0
2016-09-23,688.59,1,3.35,0.0049,687.16,688.99,685.29,793549851,3805279678366,212810850849965.0
2016-09-26,686.76,2,-1.83,-0.0027,688.89,690.57,686.75,774551326,4137229406569,212230012242529.0
2016-09-27,687.99,1,1.23,0.0018,685.15,688.11,683.29,720806486,3636802951954,212645075702477.0
2016-09-28,686.76,2,-1.23,-0.0018,689.6,690.16,686.76,642945510,3322269463611,212271690699776.0
2016-09-29,689.83,1,3.07,0.0045,689.34,690.44,688.43,743926252,3461035651192,213012629421766.0
2016-09-30,681.21,2,-8.62,-0.0125,688.49,688.49,680.1,680609713,3616459088154,210365032801493.0
2016-10-04,685.88,1,4.67,0.0069,682.32,686.8,681.28,533484406,2880342836452,211777283389474.0
2016-10-05,685.44,2,-0.44,-0.0006,686.03,687.33,684.37,587031983,2975826750101,211980461026105.0
2016-10-06,684.33,2,-1.11,-0.0016,686.69,687.93,684.14,640765041,3160881956272,211858467508582.0
2016-10-07,675.9,2,-8.43,-0.0123,685.96,686.24,675.6,702659508,3483690015158,209242887255686.0
2016-10-10,674.74,2,-1.16,-0.0017,676.02,678.7,674.08,643588124,2948557934338,209059485414315.0
2016-10-11,670.64,2,-4.1,-0.0060999999999999,676.09,677.29,669.22,644487775,3339940831352,207907336421897.0
2016-10-12,669.95,2,-0.69,-0.001,668.09,672.12,667.91,594000269,3089117958577,208136314550714.0
2016-10-13,663.09,2,-6.86,-0.0102,671.69,671.8,663.0,599632554,2929550530908,205950170520354.0
2016-10-14,664.92,1,1.83,0.0028,664.43,666.04,663.51,608381911,3024702603144,206649201111054.0
2016-10-17,659.83,2,-5.09,-0.0077,666.26,666.28,659.14,512031017,2867552078938,205270279111292.0
2016-10-18,660.29,1,0.46,0.0007,660.58,662.34,658.54,524440695,2734218926881,205504561193506.0
2016-10-19,661.26,1,0.97,0.0015,662.46,664.23,660.63,527731735,2595466214504,205882180274936.0
2016-10-20,655.68,2,-5.58,-0.0084,663.06,663.49,655.02,555912325,2948687120372,204215872295479.0
2016-10-21,651.77,2,-3.91,-0.006,656.02,656.99,651.37,506792788,2934596023736,203064564553931.0
2016-10-24,647.88,2,-3.89,-0.006,654.01,654.8,647.34,561056625,2966835016852,201900056797387.0
2016-10-25,640.17,2,-7.71,-0.0118999999999999,648.4,649.02,636.4,629440089,3537845998270,200205162181785.0
2016-10-26,635.51,2,-4.66,-0.0073,638.07,639.0,626.66,729252024,3852799797653,198833100262810.0
2016-10-27,648.57,1,13.06,0.0206,636.47,648.66,636.47,468342725,2707855346853,202854877515007.0
2016-10-28,640.17,2,-8.4,-0.013,648.9,648.93,640.16,505758880,3039325840465,200600538542879.0
2016-10-31,624.68,2,-15.49,-0.0242,638.62,638.62,623.37,558279425,2932503224403,195998815000617.0
2016-11-01,626.38,1,1.7,0.0027,621.69,631.2,621.69,595629825,2799839695393,196466379281385.0
2016-11-02,606.06,2,-20.32,-0.0324,624.46,624.58,606.04,632691047,3257412533432,190051212929500.0
2016-11-03,609.99,1,3.93,0.0065,602.33,613.57,602.31,494003153,2672801204624,191446614070109.0
2016-11-04,610.82,1,0.83,0.0014,610.07,611.76,605.78,505825101,2487793973323,192024639886053.0
2016-11-07,622.17,1,11.35,0.0186,614.93,622.17,614.93,530276652,2503591777845,195676005579059.0
2016-11-08,624.19,1,2.02,0.0032,626.39,626.5,621.35,534251686,2570313846859,196439105337995.0
2016-11-09,599.74,2,-24.45,-0.0392,626.53,627.02,581.64,1068029058,5786937045167,189251122831244.0
2016-11-10,623.23,1,23.49,0.0392,615.16,623.23,614.86,624344675,3531485627828,196773944560064.0
2016-11-11,621.89,2,-1.34,-0.0022,622.45,625.46,618.38,515274260,2669396179799,196317095895640.0
2016-11-14,621.23,2,-0.66,-0.0011,622.6,623.01,620.38,478285010,2500173191974,196188833040714.0
2016-11-15,617.43,2,-3.8,-0.0060999999999999,621.82,623.2,616.53,532454012,3231803428440,195139951102736.0
2016-11-16,627.83,1,10.4,0.0168,620.81,627.83,620.81,601586139,2855148269579,198541154791622.0
2016-11-17,627.76,2,-0.07,-0.0001,629.05,629.08,624.52,666420363,2792226187372,198631259018828.0
2016-11-18,620.26,2,-7.5,-0.0118999999999999,628.72,628.72,619.58,619858576,2668134374780,196158535330109.0
2016-11-21,609.33,2,-10.93,-0.0176,618.63,618.63,609.1,628630039,2664866421933,192789219401183.0
2016-11-22,610.74,1,1.41,0.0023,612.42,614.79,608.67,649049095,2648580116740,193199727204497.0
2016-11-23,600.29,2,-10.45,-0.0171,612.36,612.41,599.89,622217440,2883929449500,189866212133480.0
2016-11-24,592.65,2,-7.64,-0.0127,600.49,603.13,590.49,603323620,2959032907406,187610163516292.0
2016-11-25,597.82,1,5.17,0.0087,592.6,597.87,591.17,535635547,2476117876019,189248650076823.0
2016-11-28,593.05,2,-4.77,-0.008,599.41,600.13,593.05,551353410,2554825205154,188025731260641.0
2016-11-29,596.07,1,3.02,0.0051,592.55,597.29,590.84,802667405,3341550167197,188924464083344.0
2016-11-30,596.11,1,0.04,0.0001,597.38,597.49,594.13,560833965,2570724506712,189171503230123.0
2016-12-01,593.85,2,-2.26,-0.0038,596.52,596.89,591.64,635167922,2652832559391,188522423167568.0
2016-12-02,586.73,2,-7.12,-0.012,593.21,593.45,586.73,554181889,2343578643189,186320200723453.0
2016-12-05,575.12,2,-11.61,-0.0197999999999999,584.56,584.62,575.12,620838797,2583777340132,182655363582673.0
2016-12-06,581.35,1,6.23,0.0108,578.18,583.23,578.18,546039448,2470616076645,185502197551028.0
2016-12-07,578.52,2,-2.83,-0.0049,584.12,584.88,573.54,601713509,2797225595827,184664807823332.0
2016-12-08,584.62,1,6.1,0.0105,581.88,586.46,581.11,672421772,2880606078699,186662846020104.0
2016-12-09,594.35,1,9.73,0.0166,585.8,594.53,585.24,603167755,2814541309938,189888177849228.0
2016-12-12,603.08,1,8.73,0.0147,599.1,603.12,598.4,625823556,2981368418961,192693532515233.0
2016-12-13,611.09,1,8.01,0.0133,604.31,611.17,601.69,638108066,3368961831956,195231514066861.0
2016-12-14,612.47,1,1.38,0.0023,614.59,615.71,611.48,698077292,3241252907167,195848705139963.0
2016-12-15,620.61,1,8.14,0.0133,610.51,620.61,610.12,597474626,2997301514263,198560958977277.0
2016-12-16,622.08,1,1.47,0.0024,622.52,623.04,617.93,771337476,3671529758510,199055446369454.0
2016-12-19,622.77,1,0.69,0.0011,624.23,624.23,620.42,648972242,3151326255383,199326531405141.0
2016-12-20,617.99,2,-4.78,-0.0077,624.29,624.81,617.98,664484508,3149798800797,197746958616195.0
2016-12-21,618.63,1,0.64,0.001,620.34,621.05,616.22,841529674,3690626373144,197900041573327.0
2016-12-22,615.93,2,-2.7,-0.0044,619.61,620.16,615.91,873521973,3068624974958,197174259747227.0
2016-12-23,619.75,1,3.82,0.0062,617.14,620.47,616.3,701661603,2994357332225,198443670477154.0
2016-12-26,615.16,2,-4.59,-0.0074,621.15,621.15,615.16,688882840,3222201845308,197015231294169.0
2016-12-27,618.38,1,3.22,0.0052,616.66,619.42,616.66,692437610,3064775597906,198072595838545.0
2016-12-28,627.27,1,8.89,0.0144,622.26,627.33,621.07,628285610,2854613870206,200154451847536.0
2016-12-29,631.44,1,4.17,0.0066,626.21,631.51,624.23,582801453,2641713810232,201523388183533.0
2017-01-02,632.04,1,0.6,0.001,632.89,633.0,629.54,512158100,2331296845752,201847333798246.0
2017-01-03,636.57,1,4.53,0.0072,633.3,636.65,633.1,622536624,2971798384174,203329332133453.0
2017-01-04,639.79,1,3.22,0.0051,638.73,639.91,636.74,617472319,2956524937764,204392457157060.0
2017-01-05,642.48,1,2.69,0.0042,642.01,642.64,640.87,811278412,2913075888067,205120026216778.0
2017-01-06,643.68,1,1.2,0.0019,643.96,644.17,641.96,758431250,3023962515981,205659829978284.0
2017-01-09,642.15,2,-1.53,-0.0024,645.92,645.92,642.15,667256610,2788006873758,205305543123731.0
2017-01-10,636.73,2,-5.42,-0.0084,642.85,643.25,636.26,802070706,3189861649878,203578066875064.0
2017-01-11,637.9,1,1.17,0.0018,637.56,639.29,637.19,918742610,3223616379457,204211353947620.0
2017-01-12,632.87,2,-5.03,-0.0079,639.04,639.13,632.21,824130703,3093143638764,202633993643907.0
2017-01-13,634.68,1,1.81,0.0029,633.88,637.47,631.67,754595058,3110859858198,203273195742414.0
2017-01-16,627.88,2,-6.8,-0.0107,636.77,636.8,627.28,649971131,2508606880402,201198398206009.0
2017-01-17,624.0,2,-3.88,-0.0062,628.3,630.16,623.49,752485789,2620841314802,200019706856333.0
2017-01-18,626.89,1,2.89,0.0046,624.87,626.89,621.7,673239638,2564370631392,200962264807992.0
2017-01-19,626.19,2,-0.7,-0.0011,629.63,630.26,626.19,711784329,2643458833920,200776309216865.0
2017-01-20,622.12,2,-4.07,-0.0065,626.5,626.86,622.12,721926675,2565582955734,199648651160575.0
2017-01-23,615.99,2,-6.13,-0.0098999999999999,623.28,623.65,615.99,697954631,2615356181203,197697573531856.0
2017-01-24,612.93,2,-3.06,-0.005,616.36,616.95,612.89,682289370,2878759331362,196885381059580.0
2017-01-25,609.64,2,-3.29,-0.0054,615.37,616.72,609.25,773885509,3014616490153,196048667076121.0
2017-01-26,616.81,1,7.17,0.0118,611.43,616.81,610.05,639748585,2673478818600,198254006429093.0
2017-01-31,616.13,2,-0.68,-0.0011,616.77,618.32,615.06,727041461,2483535882530,198116418136620.0
2017-02-01,623.68,1,7.55,0.0123,617.3,623.68,617.26,938205818,2519282762325,200587177329462.0
2017-02-02,613.04,2,-10.64,-0.0171,623.46,623.46,613.02,1268187014,3233580612275,197458772920341.0
2017-02-03,609.21,2,-3.83,-0.0062,614.37,614.83,606.72,1217749954,3200876745086,196199685720246.0
2017-02-06,610.96,1,1.75,0.0029,610.79,611.44,607.77,654542310,2577946498124,196778448907806.0
2017-02-07,608.72,2,-2.24,-0.0037,611.65,612.62,606.59,683058511,2810687386316,196094985944167.0
2017-02-08,608.79,1,0.07,0.0001,609.72,609.84,604.75,722444253,2900426971282,196237884439706.0
2017-02-09,611.04,1,2.25,0.0037,610.11,611.22,607.37,1048213746,3090753321858,196982830620761.0
2017-02-10,610.58,2,-0.46,-0.0008,612.38,613.53,609.84,1111953239,3340096318763,196845176026993.0
2017-02-13,611.94,1,1.36,0.0022,611.59,611.94,609.36,867001274,2489652707069,197278124164497.0
2017-02-14,611.54,2,-0.4,-0.0007,613.23,613.35,609.52,836263297,2582136799599,197258361113129.0
2017-02-15,615.95,1,4.41,0.0072,612.7,616.17,612.16,895635492,2720813639878,198697980493996.0
2017-02-16,616.58,1,0.63,0.001,617.86,617.96,613.94,962592142,2903710197872,198825609337114.0
2017-02-17,618.7,1,2.12,0.0034,615.72,619.4,615.52,1123785575,2902054272525,199527547087582.0
2017-02-20,619.97,1,1.27,0.0021,620.18,620.46,618.98,918036941,2863974426006,200006823821068.0
2017-02-21,622.47,1,2.5,0.004,621.49,622.84,620.98,1171695227,3019024502660,200821981664738.0
2017-02-22,621.39,2,-1.08,-0.0017,623.88,624.13,621.39,964762443,3076954448697,200463998067978.0
2017-02-23,617.67,2,-3.72,-0.006,622.41,622.96,617.67,811182823,2560303720525,199443904516716.0
2017-02-24,614.75,2,-2.92,-0.0046999999999999,619.35,620.04,614.71,967379893,2726380621911,198540998248186.0
2017-02-27,612.12,2,-2.63,-0.0043,615.77,615.83,612.12,617489785,2204360496442,197651917492691.0
2017-02-28,612.2,1,0.08,0.0001,613.67,614.36,611.13,675830148,2505277341094,197517535613850.0
2017-03-02,608.93,2,-3.27,-0.0053,614.58,614.59,608.61,705548615,2519659651769,196545694443923.0
2017-03-03,600.73,2,-8.2,-0.0135,607.59,607.59,597.43,902038906,2738704527006,194059809835493.0
2017-03-06,604.05,1,3.32,0.0055,598.98,604.29,597.66,707686313,2253145436659,195097494706816.0
2017-03-07,606.05,1,2.0,0.0033,603.57,606.1,602.95,1018809224,2513099791393,195873559247221.0
2017-03-08,605.75,2,-0.3,-0.0005,607.15,607.42,604.8,882868475,2195883137043,195784915009586.0
2017-03-09,606.13,1,0.38,0.0006,607.58,610.58,605.3,885244911,2589338805747,195870136942139.0
2017-03-10,612.26,1,6.13,0.0101,607.01,612.26,596.85,1244834683,3371544552747,197849627914270.0
2017-03-13,615.59,1,3.33,0.0054,613.79,615.87,613.44,805129352,2751203424625,198959628382167.0
2017-03-14,614.12,2,-1.47,-0.0024,617.07,617.21,613.93,1063387118,3493114961729,198521579610068.0
2017-03-15,608.68,2,-5.44,-0.0089,615.38,615.54,608.03,1072600255,3806609226431,196776765566174.0
2017-03-16,613.88,1,5.2,0.0085,611.48,613.88,610.6,904944959,3425967603364,198408508297919.0
2017-03-17,613.26,2,-0.62,-0.001,615.09,615.09,611.65,823305565,3374967440924,198161649688996.0
2017-03-20,609.11,2,-4.15,-0.0068,613.73,613.73,607.48,735059291,2984770016637,196980558127160.0
2017-03-21,609.73,1,0.62,0.001,610.7,612.13,608.66,831313030,3219647921306,197142911071253.0
2017-03-22,607.57,2,-2.16,-0.0034999999999999,608.36,611.49,606.8,718836843,3011990576905,196379534951151.0
2017-03-23,605.53,2,-2.04,-0.0034,609.36,609.68,604.48,824072059,3655399968097,196087736998040.0
2017-03-24,608.18,1,2.65,0.0044,607.34,608.28,605.59,746354939,3066044772351,196934467162522.0
2017-03-27,607.07,2,-1.11,-0.0018,609.63,611.03,606.96,813813680,3237627143288,197012013692364.0
2017-03-28,612.28,1,5.21,0.0086,608.75,612.28,607.98,806003266,3006588864357,198709297161822.0
2017-03-29,613.63,1,1.35,0.0022,614.65,614.66,612.55,788079799,3094800283843,199190879536933.0
2017-03-30,614.68,1,1.05,0.0017,615.34,615.43,613.09,799647235,3118668395262,199516464034817.0
2017-03-31,619.28,1,4.6,0.0075,616.2,619.48,615.43,775556365,3281023008006,201074694139930.0
2017-04-03,628.52,1,9.24,0.0149,621.47,628.52,620.34,767673162,3447775905977,204093419558981.0
2017-04-04,625.49,2,-3.03,-0.0048,629.23,629.78,625.2,994549520,4448041667900,203133894342746.0
2017-04-05,630.17,1,4.68,0.0075,627.89,630.17,626.94,923742232,3954898130674,204824616193118.0
2017-04-06,630.46,1,0.29,0.0005,630.59,630.59,625.2,873353207,3921685691964,205060932387164.0
2017-04-07,633.32,1,2.86,0.0045,632.16,633.49,629.61,833208482,3594226499664,206124753277747.0
2017-04-10,619.41,2,-13.91,-0.022,633.24,633.24,617.16,865601160,4070175476696,201630100914240.0
2017-04-11,621.64,1,2.23,0.0036,620.25,625.18,614.21,813377015,3808425566147,202533659706376.0
2017-04-12,621.45,2,-0.19,-0.0003,622.54,622.73,619.27,695615989,3097814142504,202504416309706.0
2017-04-13,623.87,1,2.42,0.0039,622.49,624.15,622.38,742489166,3806654062878,203361748267806.0
2017-04-14,618.24,2,-5.63,-0.009,623.14,624.73,617.72,699918359,3426290108791,202113969771275.0
2017-04-17,629.47,1,11.23,0.0182,621.45,629.47,621.45,599166789,3102110358935,205728524369343.0
2017-04-18,634.73,1,5.26,0.0084,632.4,634.82,630.27,914101880,3709158862056,207518530225596.0
2017-04-19,635.99,1,1.26,0.002,634.93,636.42,633.64,814032116,3595341932109,207986273113695.0
2017-04-20,635.8,2,-0.19,-0.0003,636.87,637.49,635.44,875196563,3696417578841,207803577158233.0
2017-04-21,634.96,2,-0.84,-0.0013,638.02,638.02,633.7,700923888,3201454070105,207596937169244.0
2017-04-24,626.62,2,-8.34,-0.0131,635.58,635.58,626.62,709226849,3079771158001,204917565672011.0
2017-04-25,632.57,1,5.95,0.0095,629.21,632.57,629.21,820883526,2973889550657,206862186224735.0
2017-04-26,635.11,1,2.54,0.004,635.05,635.38,634.3,753711416,2860476728082,207741928423193.0
2017-04-27,631.11,2,-4.0,-0.0063,636.24,636.29,630.92,682484241,2705805736791,206526200066307.0
2017-04-28,628.24,2,-2.87,-0.0045,632.83,632.83,627.28,755492658,2867020507470,205780811450310.0
2017-05-02,626.43,2,-1.81,-0.0029,629.21,629.53,626.4,596100943,2497416466426,205253681376558.0
2017-05-04,635.11,1,8.68,0.0139,628.1,635.11,628.1,509158897,2146888036381,208086314123513.0
2017-05-08,643.39,1,8.28,0.013,638.36,643.39,638.09,550905469,2779491384074,211074528397997.0
2017-05-10,642.68,2,-0.71,-0.0011,645.7,645.7,641.54,768708996,3012178142917,210966102665534.0
2017-05-11,647.58,1,4.9,0.0076,644.44,647.58,643.35,731361641,3223881536510,212572034341091.0
2017-05-12,643.73,2,-3.85,-0.0059,648.56,648.56,642.96,762387319,3077789185880,211410070368884.0
2017-05-15,645.38,1,1.65,0.0026,644.59,646.31,642.79,699770939,2860575104688,212064864529686.0
2017-05-16,639.11,2,-6.27,-0.0097,646.5,646.5,638.43,723809300,3187652775580,210095883426725.0
2017-05-17,640.01,1,0.9,0.0014,640.87,641.48,638.93,624355647,2846354378391,210501706050338.0
2017-05-18,638.12,2,-1.89,-0.003,633.4,638.16,633.14,785434984,3132873864320,209947697571854.0
2017-05-19,642.45,1,4.33,0.0068,640.33,643.06,639.17,726626335,2836538327815,211522473794319.0
2017-05-22,642.62,1,0.17,0.0003,645.04,645.16,641.6,753237612,2852206105363,211589792565282.0
2017-05-23,644.73,1,2.11,0.0033,644.59,645.44,644.0,800749507,3009534917393,212295038757395.0
2017-05-24,646.04,1,1.31,0.002,646.44,648.05,645.03,844302875,3115864458148,212899818336782.0
2017-05-25,643.02,2,-3.02,-0.0046999999999999,648.25,648.29,642.87,766856273,2899471912640,211951827623220.0
2017-05-26,646.01,1,2.99,0.0046,644.97,646.45,644.3,656940051,2763155653643,212974132806026.0
2017-05-29,642.98,2,-3.03,-0.0046999999999999,648.15,648.22,642.75,626636871,2869585219425,211967028367417.0
2017-05-30,649.06,1,6.08,0.0095,645.09,649.09,644.34,599181689,2952005998857,213888677358563.0
2017-05-31,652.04,1,2.98,0.0046,650.51,652.52,649.51,664049314,3148464576524,214881946575738.0
2017-06-01,653.83,1,1.79,0.0027,653.57,654.23,651.1,670479567,3047529797957,215796501468067.0
2017-06-02,658.78,1,4.95,0.0076,656.43,658.82,655.82,638026685,3296782572343,217751200578418.0
2017-06-05,662.32,1,3.54,0.0054,660.77,662.37,659.76,583256718,3237225049922,218977288550251.0
2017-06-07,666.46,1,4.14,0.0063,664.07,666.58,661.1,790911498,3368752608205,220329065696971.0
2017-06-08,669.97,1,3.51,0.0053,668.25,670.05,667.0,672769317,3859217291752,221685962200618.0
2017-06-09,674.15,1,4.18,0.0062,672.14,674.15,671.2,623340491,3342609269333,223007370316968.0
2017-06-12,664.86,2,-9.29,-0.0138,672.09,672.12,664.12,579525890,3332378113954,220107720180904.0
2017-06-13,669.23,1,4.37,0.0066,666.07,669.26,666.07,626944306,3539072909370,221560291415143.0
2017-06-14,671.59,1,2.36,0.0034999999999999,673.02,674.36,670.26,645508630,3478508439111,221519108128857.0
2017-06-15,669.82,2,-1.77,-0.0026,672.97,673.1,664.99,672665720,3385732694924,220956377909454.0
2017-06-16,670.7,1,0.88,0.0013,670.77,670.82,667.73,608341995,3495549692823,220942768148269.0
2017-06-19,675.44,1,4.74,0.0070999999999999,672.72,675.71,672.25,580054308,3391082800232,222553059472584.0
2017-06-20,669.41,2,-6.03,-0.0089,678.72,678.82,669.41,733967268,3893767705861,220614130260151.0
2017-06-21,665.77,2,-3.64,-0.0054,668.41,668.44,662.68,615994151,3287397706054,218958691306567.0
2017-06-22,663.28,2,-2.49,-0.0037,667.99,668.36,663.26,700692721,3262104291573,218104919446604.0
2017-06-23,668.93,1,5.65,0.0085,665.19,669.05,665.02,560305087,2664569817235,219991496303361.0
2017-06-26,668.36,2,-0.57,-0.0009,670.59,670.78,667.71,586199127,3036359250794,219840068318626.0
2017-06-27,672.63,1,4.27,0.0064,671.7,673.13,670.87,639734415,3151935885882,221301253905380.0
2017-06-28,665.89,2,-6.74,-0.01,671.26,672.36,665.89,601756274,3055159102918,219132700135238.0
2017-06-29,668.0,1,2.11,0.0032,670.1,670.56,666.0,515381409,2696532826333,219916869103112.0
2017-06-30,669.04,1,1.04,0.0016,665.67,669.12,665.57,511575195,2665993437843,221694507841943.0
2017-07-03,660.97,2,-8.07,-0.0121,671.17,671.17,660.04,560800279,2767993614652,219181873826075.0
2017-07-04,656.19,2,-4.78,-0.0072,662.17,663.85,654.06,735098357,3093417038951,217726064748803.0
2017-07-05,661.54,1,5.35,0.0081999999999999,657.7,661.58,657.69,565075413,2687623160188,219630932214295.0
2017-07-06,663.79,1,2.25,0.0034,663.79,665.05,662.67,555479206,2503114650514,220355028074121.0
2017-07-07,663.77,2,-0.02,0.0,662.66,664.29,660.99,551549077,2598020071964,220619450118562.0
2017-07-10,657.86,2,-5.91,-0.0089,666.19,666.19,657.67,512853597,2606278814612,211927303744459.0
2017-07-11,656.01,2,-1.85,-0.0028,659.27,659.91,654.5,541962270,2535261867637,212027333830461.0
2017-07-12,651.1,2,-4.91,-0.0075,657.06,657.9,651.09,586106674,2871066369719,210624005715100.0
2017-07-13,652.69,1,1.59,0.0024,654.01,655.16,651.6,490891027,2966127121408,211775337370777.0
2017-07-14,654.11,1,1.42,0.0022,654.24,655.45,651.27,533482912,2740097563543,212452252808593.0
2017-07-17,659.89,1,5.78,0.0088,656.97,659.89,656.97,415380444,2367857064383,214265707660701.0
2017-07-18,664.02,1,4.13,0.0063,661.16,664.04,661.16,570276961,3058918401121,215760465844212.0
2017-07-19,671.53,1,7.51,0.0113,666.3,671.53,666.3,500863938,3186771366546,218195755138110.0
2017-07-20,676.51,1,4.98,0.0074,674.06,677.59,672.37,569937274,3242514846563,219986908984808.0
2017-07-21,676.6,1,0.09,0.0001,677.84,678.15,674.6,523728435,3094963071194,220084745138731.0
2017-07-24,677.32,1,0.72,0.0011,678.59,679.46,676.63,529200820,2985447761634,220328404853042.0
2017-07-25,670.47,2,-6.85,-0.0101,678.7,679.48,670.1,677767458,3371472065007,218011590373853.0
2017-07-26,667.22,2,-3.25,-0.0048,672.43,672.63,664.13,593926141,3362596631825,217025614636843.0
2017-07-27,666.48,2,-0.74,-0.0011,669.22,670.6,664.53,527888551,2899033889698,216801942003994.0
2017-07-28,652.95,2,-13.53,-0.0203,665.08,665.08,651.84,559701216,3788213802125,219194881927366.0
2017-07-31,650.47,2,-2.48,-0.0038,648.84,651.83,643.77,504706764,2856708788776,218974570171333.0
2017-08-01,653.12,1,2.65,0.0040999999999999,650.89,655.07,649.7,487758524,2666717988029,220071150492556.0
2017-08-02,657.52,1,4.4,0.0067,654.85,658.28,654.83,494741815,2736868965102,221573515042744.0
2017-08-03,643.09,2,-14.43,-0.0219,658.7,658.94,641.63,528197585,3198195052995,216837375405396.0
2017-08-04,641.58,2,-1.51,-0.0023,644.8,648.34,638.87,459052659,2671322444554,216576031964662.0
2017-08-07,648.39,1,6.81,0.0106,643.36,650.01,642.82,455724522,2448694955578,219001711979498.0
2017-08-08,651.67,1,3.28,0.0051,650.78,651.91,645.73,607645352,2587864304701,220117982976417.0
2017-08-09,642.87,2,-8.8,-0.0135,649.39,650.09,642.87,848951769,3023299292873,217163944022758.0
2017-08-10,640.04,2,-2.83,-0.0044,642.8,646.56,635.06,770422433,3173672494796,216462752075565.0
2017-08-11,628.34,2,-11.7,-0.0183,629.81,635.29,626.08,606432711,2848243354493,212665817978303.0
2017-08-14,629.37,1,1.03,0.0016,632.52,633.99,629.26,548281770,2477004496067,212984963451889.0
2017-08-16,634.91,1,5.54,0.0088,634.44,635.97,634.1,607432116,2715522514024,214899402427524.0
2017-08-17,642.11,1,7.2,0.0113,638.12,642.28,635.74,531889053,2530446585466,217341464726221.0
2017-08-18,643.58,1,1.47,0.0023,636.94,643.86,636.44,528462110,2435681677752,217876558765460.0
2017-08-21,640.85,2,-2.73,-0.0042,645.35,645.35,640.84,585915072,2244618018905,217057682669789.0
2017-08-22,644.26,1,3.41,0.0053,643.26,644.38,642.64,649768906,2667373238088,218451594079160.0
2017-08-23,643.71,2,-0.55,-0.0009,647.79,647.79,643.65,559532798,2683710732424,218372735380154.0
2017-08-24,647.71,1,4.0,0.0062,645.1,647.99,644.98,500086939,2720457351633,219919297985481.0
2017-08-25,650.27,1,2.56,0.004,649.22,650.76,648.44,585020430,2500315772653,220816406843506.0
2017-08-28,652.92,1,2.65,0.0040999999999999,652.37,652.94,649.54,513763649,2510868918152,221896470138072.0
2017-08-29,653.96,1,1.04,0.0016,650.28,654.02,647.13,572876737,2813732290391,222225715270688.0
2017-08-30,655.0,1,1.04,0.0016,656.9,657.43,654.49,639532165,2628704200221,222599634677242.0
2017-08-31,657.83,1,2.83,0.0043,657.13,658.03,655.64,616041920,2857122071404,223579647244462.0
2017-09-01,661.99,1,4.16,0.0063,660.71,662.39,658.65,566069248,2936174936698,225244707238928.0
2017-09-04,650.89,2,-11.1,-0.0168,643.99,655.39,643.98,590469762,3105380017017,221508873608501.0
2017-09-05,648.75,2,-2.14,-0.0033,655.4,656.22,645.97,621050129,3257314024137,220738542405894.0
2017-09-06,652.59,1,3.84,0.0059,649.23,653.44,649.23,568479631,2871458943311,222057005513734.0
2017-09-07,658.48,1,5.89,0.009,655.44,659.12,655.36,499881234,2969208490755,224002006805417.0
2017-09-08,654.29,2,-4.19,-0.0064,659.83,660.63,653.34,646280391,3438396956840,222673575957439.0
2017-09-11,656.53,1,2.24,0.0034,657.68,659.47,654.92,578334720,3645982053564,223434584656886.0
2017-09-12,660.05,1,3.52,0.0054,660.03,660.56,658.05,652322008,3499976446993,224728544995135.0
2017-09-13,659.09,2,-0.96,-0.0015,662.94,662.94,658.54,672494557,3693955936573,224503959060505.0
2017-09-14,665.41,1,6.32,0.0096,660.15,665.47,659.25,627084743,3851482686354,227850774603990.0
2017-09-15,671.3,1,5.89,0.0089,662.9,671.31,662.9,645613066,4242758122831,229956652424034.0
2017-09-18,675.87,1,4.57,0.0068,674.66,677.14,672.58,585750890,3934263947252,231731078399901.0
2017-09-19,674.48,2,-1.39,-0.0021,677.57,677.97,670.07,659345604,3968809765280,231489514363969.0
2017-09-20,668.05,2,-6.43,-0.0095,676.6,677.29,668.05,688124805,4738656649122,229597685364563.0
2017-09-21,661.11,2,-6.94,-0.0104,671.32,672.6,658.64,699824726,4046858542750,227282527509525.0
2017-09-22,648.95,2,-12.16,-0.0184,660.6,662.39,647.28,899645094,3885638896448,223257457101921.0
2017-09-25,642.04,2,-6.91,-0.0106,649.11,653.05,638.92,900593395,3698659534905,220880984289375.0
2017-09-26,642.4,1,0.36,0.0006,638.58,645.73,637.36,820356828,3254802402918,221060774114432.0
2017-09-27,649.24,1,6.84,0.0106,645.02,650.71,644.56,646030811,3051283172655,223657454050401.0
2017-09-28,648.09,2,-1.15,-0.0018,651.92,653.38,648.09,583375620,2825079042560,223207699241431.0
2017-09-29,652.82,1,4.73,0.0073,650.32,653.58,648.68,692251765,3146219264382,224933066537417.0
2017-10-10,654.59,1,1.77,0.0027,658.76,659.51,653.91,554198760,2831706405932,225565748149566.0
2017-10-11,662.31,1,7.72,0.0118,656.85,662.31,656.76,558391220,2980339548477,228363631548816.0
2017-10-12,666.54,1,4.23,0.0064,665.12,666.74,663.37,561101000,3448809149132,229800923979367.0
2017-10-13,663.08,2,-3.46,-0.0052,669.0,672.78,659.1,616618742,4934996717770,228613291963910.0
2017-10-16,659.41,2,-3.67,-0.0055,667.26,668.5,652.17,554311330,3893770897800,227463844912522.0
2017-10-17,670.51,1,11.1,0.0168,660.61,671.95,660.33,699954926,4217863283934,231363439984379.0
2017-10-18,668.42,2,-2.09,-0.0031,677.42,679.5,667.31,713746850,4563545345195,230623422522486.0
2017-10-19,667.1,2,-1.32,-0.002,671.22,671.39,664.19,710604549,4316355549098,230161128286631.0
2017-10-20,672.95,1,5.85,0.0088,669.06,672.95,667.17,659088022,3600219848302,232216162993196.0
2017-10-23,675.86,1,2.91,0.0043,674.98,677.69,674.64,500020605,3377208353559,233221562132938.0
2017-10-24,687.21,1,11.35,0.0168,678.55,687.45,678.34,583158147,4196342135370,237246562439337.0
2017-10-25,689.14,1,1.93,0.0028,688.83,690.3,684.84,622304527,3972428381939,237913059236388.0
2017-10-26,680.61,2,-8.53,-0.0124,689.94,690.53,680.61,600267726,4187146934880,235199826395352.0
2017-10-27,689.97,1,9.36,0.0138,685.2,689.97,682.9,537104505,3655074327789,238507896661704.0
2017-10-30,689.68,2,-0.29,-0.0004,692.76,693.12,688.41,470689721,3631802127068,238420222625278.0
2017-10-31,694.2,1,4.52,0.0066,691.07,694.23,689.29,627102881,3785937826473,240071560441429.0
2017-11-01,695.77,1,1.57,0.0023,696.65,696.93,694.27,630555569,3584512543011,240742738395070.0
2017-11-02,694.96,2,-0.81,-0.0012,698.14,698.91,691.52,608893691,4293674363671,240397963610510.0
2017-11-03,701.13,1,6.17,0.0089,697.43,701.13,695.88,660963329,4389083926970,242572097226414.0
2017-11-06,703.79,1,2.66,0.0038,703.2,704.16,699.75,595341341,4591079766946,246188810458588.0
2017-11-07,701.14,2,-2.65,-0.0038,704.83,704.83,697.44,649888644,5474411514214,246069947790368.0
2017-11-08,709.11,1,7.97,0.0113999999999999,702.69,709.11,701.52,812367934,5787153607882,248635669783372.0
2017-11-09,709.94,1,0.83,0.0012,710.71,711.78,705.28,614813515,4446661471505,248939603157790.0
2017-11-10,720.79,1,10.85,0.0153,709.85,720.79,709.55,599904920,4451821908834,252627159390825.0
2017-11-13,741.38,1,20.59,0.0286,724.76,741.38,724.76,687074931,5809626175827,259902626844274.0
2017-11-14,756.46,1,15.08,0.0203,746.88,756.46,742.79,837110802,7162260142166,264999468971662.0
2017-11-15,768.03,1,11.57,0.0153,759.55,773.05,755.06,944937688,9884172457833,269196348614625.0
2017-11-16,780.22,1,12.19,0.0159,775.46,780.22,759.7,897364534,7973647426670,273701283252203.0
2017-11-17,775.85,2,-4.37,-0.0056,776.32,779.57,770.55,767762541,7058197027532,272428599552313.0
2017-11-20,785.32,1,9.47,0.0121999999999999,776.74,785.32,776.31,834840262,6599204241935,275523396169092.0
2017-11-21,789.38,1,4.06,0.0052,790.35,793.6,782.95,809260539,10032272756277,277388898694583.0
2017-11-22,780.9,2,-8.48,-0.0107,793.79,796.28,779.2,894398363,9341727888220,274095657858970.0
2017-11-23,796.8,1,15.9,0.0204,778.84,796.81,773.32,756157485,7753522722701,279791724769264.0
2017-11-24,792.74,2,-4.06,-0.0051,797.97,803.74,792.74,751773519,6977140780664,280166483426994.0
2017-11-27,792.8,1,0.06,0.0001,793.81,800.04,783.85,735823421,6339416176239,280258354764137.0
2017-11-28,773.12,2,-19.68,-0.0248,797.29,797.53,773.1,891358688,6612539468309,273104884032235.0
2017-11-29,781.72,1,8.6,0.0111,776.75,783.19,770.97,754772595,6724578892047,276060132351610.0
2017-11-30,771.42,2,-10.3,-0.0132,779.84,782.42,769.79,1053562166,7136135335291,272613666390546.0
2017-12-01,787.7,1,16.28,0.0210999999999999,779.54,788.15,776.71,883780963,6899944750727,278516029588240.0
2017-12-04,782.45,2,-5.25,-0.0067,788.02,788.46,778.2,821386264,6956387637134,276879325083294.0
2017-12-05,774.12,2,-8.33,-0.0106,782.14,783.61,773.8,860349983,6871188605888,273965062658888.0
2017-12-06,768.39,2,-5.73,-0.0074,778.28,783.54,765.25,970291666,7462789597185,272431336581218.0
2017-12-07,753.46,2,-14.93,-0.0194,771.47,773.28,744.34,1470897492,8267734816064,267370370168195.0
2017-12-08,744.06,2,-9.4,-0.0125,757.21,760.73,743.9,1159157607,6637812940734,264178758485605.0
2017-12-11,764.09,1,20.03,0.0269,747.99,764.09,745.88,790671670,5296340564785,271209364421920.0
2017-12-12,760.4,2,-3.69,-0.0048,768.3,769.14,755.03,1018840383,5144044464914,270145352932972.0
2017-12-13,772.22,1,11.82,0.0155,764.33,773.02,763.17,1143787841,5452556119030,274605379012105.0
2017-12-14,770.35,2,-1.87,-0.0024,777.25,777.44,764.74,984963329,7144448371461,274124428177224.0
2017-12-15,771.82,1,1.47,0.0019,770.27,775.04,766.45,1047413027,6081110020390,274595052630978.0
2017-12-18,770.5,2,-1.32,-0.0017,776.09,777.4,770.5,1132320395,5671802104129,274015405605133.0
2017-12-19,766.18,2,-4.32,-0.0056,769.87,771.01,754.27,1692208505,8632504652828,272601780960888.0
2017-12-20,755.27,2,-10.91,-0.0141999999999999,765.62,766.4,755.25,1404709357,6666810631399,268495906624603.0
2017-12-21,740.32,2,-14.95,-0.0197999999999999,754.54,759.13,740.31,1208944780,6012574025682,263267961532500.0
2017-12-22,761.2,1,20.88,0.0282,742.15,761.2,740.05,1083314337,6109609814698,270728549849056.0
2017-12-26,762.21,1,1.01,0.0013,763.96,775.54,762.21,808319946,6655118682938,271238736155888.0
2017-12-27,791.95,1,29.74,0.039,771.33,791.95,770.95,829592883,6696253531687,279862183618676.0
2017-12-28,798.42,1,6.47,0.0081999999999999,791.76,798.68,790.34,1066158680,6670795864435,282740051437771.0
2018-01-02,812.45,1,14.03,0.0176,803.63,813.4,800.54,989203617,6648960277501,287930060818024.0
2018-01-03,822.31,1,9.86,0.0121,816.3,824.18,812.22,1203095708,8157559996171,291431952262503.0
2018-01-04,808.01,2,-14.3,-0.0174,825.11,825.57,802.83,1346453484,8340291400536,286488157569745.0
2018-01-05,828.03,1,20.02,0.0248,812.05,828.04,812.05,1229153086,7724099120980,293546779077948.0
2018-01-08,839.51,1,11.48,0.0139,836.07,840.06,829.28,1228984892,8578445601327,297646336643844.0
2018-01-09,829.99,2,-9.52,-0.0113,841.39,843.56,827.29,1195954570,9531279021307,294270472464787.0
2018-01-10,834.91,1,4.92,0.0059,837.63,841.25,820.89,1104147489,7595330711354,296130452977090.0
2018-01-11,852.51,1,17.6,0.0210999999999999,835.23,852.51,830.37,1288804770,7951882909187,302174892626558.0
2018-01-12,873.05,1,20.54,0.0241,863.07,886.65,857.33,1180746454,12084008656944,309336778075821.0
2018-01-15,891.61,1,18.56,0.0213,879.56,892.29,865.68,1025675491,10722308761917,315980293802048.0
2018-01-16,901.23,1,9.62,0.0108,889.23,901.23,884.76,1009399148,9951628317599,319475330707431.0
2018-01-17,886.58,2,-14.65,-0.0163,902.37,905.95,884.91,1211998638,10481404984026,314397681542303.0
2018-01-18,898.19,1,11.61,0.0131,892.5,899.85,887.67,1260160680,9608884684721,318526338512242.0
2018-01-19,879.99,2,-18.2,-0.0203,902.85,902.97,875.43,1164749855,9321761083520,312351412160425.0
2018-01-22,873.09,2,-6.9,-0.0078,875.95,880.85,864.38,1126585230,7311262224149,310067666975488.0
2018-01-23,894.43,1,21.34,0.0243999999999999,881.68,894.43,877.68,1047348260,8334657953016,317641608994614.0
2018-01-24,894.77,1,0.34,0.0004,901.62,903.17,891.03,1011725491,8582346650848,317938384537170.0
2018-01-25,898.6,1,3.83,0.0043,894.21,898.6,887.97,1025037663,7557703074180,320018179676642.0
2018-01-26,913.12,1,14.52,0.0162,898.53,913.12,895.32,1080156709,7200553607086,325468552062157.0
2018-01-29,927.05,1,13.93,0.0153,914.26,929.35,914.22,1279562137,8811855165879,330355506879090.0
2018-01-30,920.96,2,-6.09,-0.0066,928.72,932.01,918.79,1243821243,8657840266689,328115164515885.0
2018-01-31,913.57,2,-7.39,-0.008,910.89,917.78,903.52,1195259322,7543173670207,325329741484927.0
2018-02-01,908.2,2,-5.37,-0.0059,916.78,919.9,901.35,1407688515,8348927925044,323635364649118.0
2018-02-02,899.47,2,-8.73,-0.0096,911.46,911.77,887.97,1373001226,7817689872704,320376702089827.0
2018-02-05,858.22,2,-41.25,-0.0458999999999999,876.63,883.3,858.22,1043126897,7137050509315,305921036025151.0
2018-02-06,858.17,2,-0.05,-0.0001,821.24,858.74,814.46,1062693041,8623196623322,305838400155656.0
2018-02-07,829.96,2,-28.21,-0.0329,874.75,875.03,829.96,1033318239,8443700119659,295825451933958.0
2018-02-08,861.94,1,31.98,0.0385,834.89,867.04,824.64,796313078,8701287290487,307785807524489.0
2018-02-09,842.6,2,-19.34,-0.0224,832.13,850.7,832.13,764447795,5560304628431,268327495668019.0
2018-02-12,843.24,1,0.64,0.0008,854.09,854.94,843.24,692304168,4979550636946,268872401372775.0
2018-02-13,829.39,2,-13.85,-0.0163999999999999,852.94,854.08,829.39,832909497,5374999197192,264914094862373.0
2018-02-14,848.03,1,18.64,0.0225,835.6,848.03,830.78,722666509,5129493555159,270883065871269.0
2018-02-19,875.81,1,27.78,0.0327999999999999,855.78,875.81,855.58,684361251,4958433491869,279695577242350.0
2018-02-20,864.41,2,-11.4,-0.013,873.99,877.9,861.5,797235793,5541460435071,276389662008382.0
2018-02-21,875.58,1,11.17,0.0129,867.92,877.69,864.21,814576509,5281216304108,280628256787716.0
2018-02-22,870.22,2,-5.36,-0.0060999999999999,871.72,873.48,863.89,857859715,4798708144565,278950339998024.0
2018-02-23,874.78,1,4.56,0.0052,873.52,875.73,871.41,770224870,5047910681870,280176352991224.0
2018-02-26,874.43,2,-0.35,-0.0004,881.36,884.26,869.66,802090662,4791869636807,279988061411727.0
2018-02-27,874.01,2,-0.42,-0.0005,880.88,882.04,874.0,794503531,5160799478666,279839410779018.0
2018-02-28,857.06,2,-16.95,-0.0194,866.5,868.53,853.9,820922600,5230313751866,274633003992995.0
2018-03-02,860.23,1,3.17,0.0037,846.4,861.08,845.72,768912147,4697289727371,275648654225025.0
2018-03-05,845.0,2,-15.23,-0.0177,862.41,863.01,845.0,747538616,4484419170064,270995673006378.0
2018-03-06,859.21,1,14.21,0.0168,854.91,859.21,850.42,828940054,4292544882493,275532611543182.0
2018-03-07,841.03,2,-18.18,-0.0212,856.43,861.41,841.03,947325780,5366842493916,269800117589157.0
2018-03-08,853.94,1,12.91,0.0154,847.31,855.8,846.34,890979435,4578636162589,273935745398768.0
2018-03-09,865.8,1,11.86,0.0139,857.8,868.51,857.47,884779776,4906715383245,277845241067660.0
2018-03-12,884.27,1,18.47,0.0213,874.15,884.27,873.26,802338710,5141951602979,283918414768048.0
2018-03-13,886.25,1,1.98,0.0022,884.54,886.25,879.85,1086488175,5822580752055,284759546612577.0
2018-03-14,886.92,1,0.67,0.0008,882.39,887.04,880.92,954396464,5275687131778,285293354514789.0
2018-03-15,890.43,1,3.51,0.004,886.98,893.56,883.7,951002564,5953256953324,286488940590322.0
2018-03-16,894.43,1,4.0,0.0045,893.24,894.45,889.4,808497976,5689389515042,287884185569983.0
2018-03-19,880.97,2,-13.46,-0.015,894.4,894.4,880.97,759599820,5036600794218,283580113622587.0
2018-03-20,890.4,1,9.43,0.0107,876.61,890.4,875.39,752087609,6051380704221,286544613072901.0
2018-03-21,885.55,2,-4.85,-0.0054,892.02,895.72,885.53,865142049,7064234006580,285194743142601.0
2018-03-22,871.62,2,-13.93,-0.0157,889.21,891.3,869.0,1011525637,6861367841972,280534772456127.0
2018-03-23,829.68,2,-41.94,-0.0481,851.7,859.93,829.67,898190552,6736403313681,267192105222725.0
2018-03-26,853.69,1,24.01,0.0289,833.11,853.69,822.96,740178957,6063809370426,274867327373905.0
2018-03-27,858.84,1,5.15,0.006,862.4,863.05,856.56,732182317,5728983155291,276543247437929.0
2018-03-28,850.97,2,-7.87,-0.0092,850.05,856.36,843.6,889844720,5754153539729,274348881829689.0
2018-03-29,865.99,1,15.02,0.0177,855.82,865.99,854.61,813042472,5159670069888,279119789139793.0
2018-03-30,871.09,1,5.1,0.0059,869.86,873.04,867.11,764033258,5067318303919,280940228853987.0
2018-04-02,867.8,2,-3.29,-0.0038,876.85,876.85,865.83,844055011,5732951905323,279574225310477.0
2018-04-03,872.32,1,4.52,0.0052,857.83,872.32,857.4,722775571,4817829653432,281036907170609.0
2018-04-04,862.51,2,-9.81,-0.0112,877.15,877.15,858.29,821250368,6031063227873,277925199856557.0
2018-04-05,868.93,1,6.42,0.0074,871.09,873.64,865.92,846380781,5910570086535,280015558813603.0
2018-04-06,867.96,2,-0.97,-0.0011,867.43,869.81,863.92,861757673,5593563839073,280427283730521.0
2018-04-09,874.44,1,6.48,0.0075,866.75,874.44,865.5,857655757,5867820891889,283061254226146.0
2018-04-10,877.3,1,2.86,0.0033,876.22,877.3,866.74,1012193408,6403986536024,283906427896614.0
2018-04-11,885.38,1,8.08,0.0092,882.58,886.14,880.87,886275543,6760773974630,286837917487311.0
2018-04-12,881.45,2,-3.93,-0.0044,888.2,889.02,879.17,997972558,7910347039918,285544812773463.0
2018-04-13,891.87,1,10.42,0.0118,884.12,892.75,877.74,1011506121,7253264140161,288981545403916.0
2018-04-16,896.89,1,5.02,0.0056,895.32,899.2,894.09,1016991642,6696617124838,290727082036682.0
2018-04-17,901.22,1,4.33,0.0048,900.5,901.22,896.83,1309037350,6987949359421,292304144943282.0
2018-04-18,893.32,2,-7.9,-0.0088,905.62,906.06,890.73,1538034783,8396861796438,289944233623114.0
2018-04-19,882.73,2,-10.59,-0.0118999999999999,892.2,892.2,878.19,1681266576,8075608014861,286582168990890.0
2018-04-20,889.17,1,6.44,0.0073,885.59,892.01,880.68,1406710821,6703937008780,288777355810971.0
2018-04-23,879.02,2,-10.15,-0.0113999999999999,888.39,890.32,877.36,1408073352,7040366394259,285741634688075.0
2018-04-24,873.61,2,-5.41,-0.0062,881.58,883.78,873.22,1201412646,6495315735821,284048599335494.0
2018-04-25,869.93,2,-3.68,-0.0042,869.31,879.0,862.05,1177685462,6170316170982,282626494957409.0
2018-04-26,879.39,1,9.46,0.0109,876.27,879.87,874.21,957360830,5076156688157,286004664430524.0
2018-04-27,886.49,1,7.1,0.0081,886.37,886.62,880.03,1114145885,5527942388124,288078679301553.0
2018-04-30,875.95,2,-10.54,-0.0118999999999999,886.29,886.6,870.54,1351115079,6703233185904,284649041469168.0
2018-05-02,871.03,2,-4.92,-0.0056,869.52,877.54,863.59,1357597693,7131322722977,283022235766710.0
2018-05-03,866.07,2,-4.96,-0.0056999999999999,873.34,876.08,866.05,1354543780,6227287178856,281525523042565.0
2018-05-04,856.34,2,-9.73,-0.0112,868.35,870.1,856.34,1131960343,5577552236162,278369805126258.0
2018-05-08,827.22,2,-29.12,-0.034,860.56,863.56,827.2,948436291,5410979748804,268803994249596.0
2018-05-09,850.85,1,23.63,0.0286,833.48,851.28,815.27,905893148,5881825478487,276483740549574.0
2018-05-10,854.93,1,4.08,0.0048,852.28,855.82,846.14,857415751,5037794761488,277750152638005.0
2018-05-11,865.93,1,11.0,0.0129,855.25,866.86,855.25,941518948,5002726595177,281463808953602.0
2018-05-14,858.7,2,-7.23,-0.0083,869.44,869.92,855.54,922214566,5151237258281,279151093790783.0
2018-05-15,862.94,1,4.24,0.0049,865.53,867.13,858.55,1007625963,5698167263897,280467619794559.0
2018-05-16,850.29,2,-12.65,-0.0147,857.24,857.24,846.9,1210613709,6371060545715,276351041377764.0
2018-05-17,855.62,1,5.33,0.0063,854.46,857.56,852.91,1037440056,5460568169061,278110800937514.0
2018-05-18,869.45,1,13.83,0.0162,858.08,869.8,857.66,1064520083,5264865392308,282997416181431.0
2018-05-21,872.96,1,3.51,0.004,871.49,876.12,870.52,998533394,4669554246460,284342123707648.0
2018-05-23,869.16,2,-3.8,-0.0044,875.12,875.36,867.28,874571023,5458889613229,283172007076036.0
2018-05-24,873.32,1,4.16,0.0048,871.68,875.31,866.47,1113201006,6054776528790,284576985665045.0
2018-05-25,868.35,2,-4.97,-0.0056999999999999,866.2,870.71,859.09,1115036641,6265194589409,282949590965838.0
2018-05-28,879.69,1,11.34,0.0131,865.58,879.8,865.57,1270094696,5841418950078,286655645778021.0
2018-05-29,870.08,2,-9.61,-0.0109,881.53,884.64,868.81,1147693674,7829764996022,283782349198894.0
2018-05-30,874.22,1,4.14,0.0048,876.42,876.71,861.84,1117572492,7301567895878,284870231759673.0
2018-05-31,879.66,1,5.44,0.0062,880.97,880.97,873.16,1082953936,7131667410078,286712764238874.0
2018-06-01,883.22,1,3.56,0.004,879.61,883.77,878.15,1026176987,6221663735595,288419099448169.0
2018-06-04,877.44,2,-5.78,-0.0065,887.59,887.76,876.5,898334484,5694472568382,286494193706070.0
2018-06-05,877.16,2,-0.28,-0.0003,881.71,881.98,874.16,1025958685,5648240308918,286448321978388.0
2018-06-07,887.91,1,10.75,0.0123,881.47,887.95,880.01,903298621,5608441336619,290159156035554.0
2018-06-08,878.48,2,-9.43,-0.0106,887.37,887.52,877.91,850282203,5175419888296,287391635039650.0
2018-06-11,876.55,2,-1.93,-0.0022,879.06,881.12,874.84,776395780,4680984407554,286669374466044.0
2018-06-12,875.04,2,-1.51,-0.0017,879.18,882.92,870.11,1081644338,5697598832901,286081427600279.0
2018-06-14,864.56,2,-10.48,-0.012,873.02,873.02,861.14,1023502322,6144217447554,282394093054974.0
2018-06-15,866.22,1,1.66,0.0019,866.77,869.77,863.42,796592947,5527650674326,282937643103516.0
2018-06-18,840.23,2,-25.99,-0.03,866.44,866.86,833.22,783060885,5266652490410,274388669512776.0
2018-06-19,815.39,2,-24.84,-0.0296,841.09,846.62,815.37,793358498,5290209709521,266261463605970.0
2018-06-20,840.17,1,24.78,0.0304,819.87,840.17,817.64,759523998,4798391143386,274302200084759.0
2018-06-21,826.22,2,-13.95,-0.0166,841.44,841.91,826.22,758202730,4285478467946,269976357822082.0
2018-06-22,830.27,1,4.05,0.0049,826.01,830.68,815.43,831997220,4408281607690,271265569039654.0
2018-06-25,836.0,1,5.73,0.0069,831.48,836.99,826.66,668255397,3556874009596,273141989497261.0
2018-06-26,831.4,2,-4.6,-0.0055,825.05,832.32,817.16,657252908,3785715105522,272128240574863.0
2018-06-27,826.69,2,-4.71,-0.0056999999999999,832.72,839.61,826.69,695683232,4204786627030,270621877101101.0
2018-06-28,810.2,2,-16.49,-0.0199,823.16,827.01,810.18,826274823,3602179812321,265382378383016.0
2018-06-29,818.22,1,8.02,0.0098999999999999,817.2,819.05,802.0,642990668,3493811514675,267688877675460.0
2018-07-02,789.82,2,-28.4,-0.0347,818.75,819.94,789.8,676879051,3505889219938,258711689605477.0
2018-07-03,795.71,1,5.89,0.0075,797.63,801.91,779.41,718921722,3805231326422,260816855232981.0
2018-07-04,799.1,1,3.39,0.0043,795.06,802.92,792.44,704498397,3126708519867,261938843340586.0
2018-07-05,794.05,2,-5.05,-0.0063,799.77,800.93,782.23,651532031,3148655457989,260274887662365.0
2018-07-06,808.89,1,14.84,0.0187,795.23,809.96,785.22,710884727,3504711510468,265216175503581.0
2018-07-09,808.28,2,-0.61,-0.0008,806.85,813.1,803.25,521808363,2926289351149,265481193415351.0
2018-07-10,813.19,1,4.91,0.0060999999999999,814.56,815.9,811.46,533664970,2984844132246,267447468354542.0
2018-07-11,804.78,2,-8.41,-0.0103,810.18,811.56,803.88,532740201,3123959429280,264688881104401.0
2018-07-12,819.29,1,14.51,0.018,809.86,819.98,806.16,526496368,3339823551188,269543641484846.0
2018-07-13,827.89,1,8.6,0.0105,820.59,827.89,820.43,580528710,3192014391444,272433866623881.0
2018-07-16,825.71,2,-2.18,-0.0026,830.91,831.41,822.91,587342596,3009922686541,271901153945959.0
2018-07-17,819.72,2,-5.99,-0.0073,826.67,827.31,818.55,666457378,3427266124500,269912496047711.0
2018-07-18,810.44,2,-9.28,-0.0113,823.8,826.36,804.47,819764566,4302130889963,267922832327923.0
2018-07-19,796.49,2,-13.95,-0.0172,811.42,811.97,794.14,769174756,4142381974902,263391607781150.0
2018-07-20,791.61,2,-4.88,-0.0060999999999999,796.27,801.02,785.39,674706704,3526744320703,261793667866090.0
2018-07-23,756.96,2,-34.65,-0.0438,792.9,792.99,756.95,595300396,3641756230021,250374411818111.0
2018-07-24,761.57,1,4.61,0.0060999999999999,760.57,767.71,756.63,544441149,3370948905201,251891915326982.0
2018-07-25,748.89,2,-12.68,-0.0166,764.66,766.0,744.11,684209687,4525671493030,247442726672893.0
2018-07-26,765.15,1,16.26,0.0217,755.07,765.16,750.86,536438473,3512817055935,252909366023762.0
2018-07-27,773.98,1,8.83,0.0115,766.03,773.98,763.44,544487188,3218895032781,256136379253836.0
2018-07-30,769.8,2,-4.18,-0.0054,773.0,774.82,763.6,539661088,2969389646421,254752172557079.0
2018-07-31,775.52,1,5.72,0.0074,768.75,775.52,766.52,614997429,3462874002016,256779938718787.0
2018-08-01,790.25,1,14.73,0.019,779.0,790.38,778.55,574480489,3492273973580,261731395387269.0
2018-08-02,781.38,2,-8.87,-0.0112,788.77,788.88,776.38,546863363,3288313613652,258876237528439.0
2018-08-03,788.81,1,7.43,0.0095,786.1,788.82,784.33,539008143,2897141537453,261312194971196.0
2018-08-06,781.41,2,-7.4,-0.0093999999999999,789.26,790.82,780.97,514899864,2960288335318,259047561477913.0
2018-08-07,784.7,1,3.29,0.0042,783.45,784.88,775.5,526423100,3123384010790,260328467740551.0
2018-08-08,783.81,2,-0.89,-0.0011,787.21,789.76,781.27,660080140,3642343367614,259957407337473.0
2018-08-09,789.48,1,5.67,0.0072,783.43,789.68,780.95,601966834,3641778524984,261885978791975.0
2018-08-10,784.81,2,-4.67,-0.0059,789.71,792.44,781.34,620212742,3991177571168,260686513616504.0
2018-08-13,755.65,2,-29.16,-0.0372,780.69,780.69,755.58,619263602,3926053761221,251068682448489.0
2018-08-14,761.94,1,6.29,0.0083,758.33,766.26,756.01,538306146,3289211960903,253313267425745.0
2018-08-16,761.18,2,-0.76,-0.001,752.04,761.57,743.68,572841814,3739891369483,252978158375192.0
2018-08-17,772.3,1,11.12,0.0146,766.29,773.37,765.03,587546970,3479090774405,256839304580748.0
2018-08-20,769.78,2,-2.52,-0.0033,775.81,778.26,769.21,483971777,3230786511826,256254327895518.0
2018-08-21,787.15,1,17.37,0.0226,773.12,788.92,772.59,516586639,3466657096138,262063860659253.0
2018-08-22,785.95,2,-1.2,-0.0015,790.88,792.7,785.83,595001010,3432853196127,261700538792222.0
2018-08-23,791.28,1,5.33,0.0068,788.9,792.03,782.94,595238583,3351205316644,263677590456887.0
2018-08-24,798.23,1,6.95,0.0088,790.76,799.33,787.13,567855342,3572650951150,266054546513505.0
2018-08-27,801.04,1,2.81,0.0034999999999999,799.29,801.58,796.11,633860075,3884365494304,267219678291664.0
2018-08-28,798.17,2,-2.87,-0.0036,806.59,806.89,797.84,673695557,4031527904973,266352263808331.0
2018-08-29,803.18,1,5.01,0.0063,800.51,803.34,798.43,654444102,3554887723262,267990026393223.0
2018-08-30,804.47,1,1.29,0.0016,805.22,807.91,801.19,752106209,3709300648106,268611313095481.0
2018-08-31,816.97,1,12.5,0.0155,803.18,817.83,801.69,727392699,4109756161310,272940321623143.0
2018-09-03,816.84,2,-0.13,-0.0002,817.93,820.35,812.85,583650309,3918302447952,272917611840258.0
2018-09-04,827.27,1,10.43,0.0128,819.34,828.01,818.26,644221484,4275530458001,276384306175530.0
2018-09-05,820.0,2,-7.27,-0.0088,827.72,829.66,819.45,663690325,4349710681724,273883812960422.0
2018-09-06,815.18,2,-4.82,-0.0059,821.5,822.1,813.91,709791183,4545280825507,272407429201550.0
2018-09-07,818.86,1,3.68,0.0045,816.09,820.22,810.28,699516837,4536320400673,273534916750611.0
2018-09-10,816.16,2,-2.7,-0.0033,819.7,820.13,814.87,618278673,3922651952386,272533563410097.0
2018-09-11,820.23,1,4.07,0.005,816.21,821.29,815.82,688245471,4022844254451,274074079176991.0
2018-09-12,826.33,1,6.1,0.0074,824.52,827.75,820.34,639687491,5508599438041,276204491458732.0
2018-09-13,830.95,1,4.62,0.0056,828.54,830.95,825.1,552197766,4499267498988,277947585319826.0
2018-09-14,834.91,1,3.96,0.0048,833.84,836.36,831.17,603310027,5167283528703,279317641383401.0
2018-09-17,828.88,2,-6.03,-0.0072,837.93,837.97,826.16,587176284,4627530248489,277351012949646.0
2018-09-18,831.85,1,2.97,0.0036,826.44,833.66,824.87,704540424,5192696245170,276051927353647.0
2018-09-19,826.91,2,-4.94,-0.0059,833.0,834.15,824.46,788461469,6360568595936,274432043344296.0
2018-09-20,821.13,2,-5.78,-0.0069999999999999,829.2,832.51,819.3,686613089,6691515372823,272491011112509.0
2018-09-21,827.84,1,6.71,0.0081999999999999,825.16,827.92,821.36,532199942,4244709825328,274958905292278.0
2018-09-27,833.01,1,5.17,0.0062,828.09,834.29,827.88,551570335,3992029047663,276709737564135.0
2018-09-28,822.27,2,-10.74,-0.0129,832.37,833.14,819.9,704225581,4184390100154,273283124656181.0
2018-10-01,816.53,2,-5.74,-0.0069999999999999,824.86,825.53,813.48,571063155,3619620635172,271668920563327.0
2018-10-02,794.99,2,-21.54,-0.0264,817.39,818.46,794.99,587846630,3973314294873,264484947848439.0
2018-10-04,789.0,2,-5.99,-0.0075,800.03,801.46,785.14,528695877,3716734884375,262857464475025.0
2018-10-05,773.7,2,-15.3,-0.0194,784.94,791.32,769.29,573663099,3680850862085,257708002634756.0
2018-10-08,767.15,2,-6.55,-0.0085,772.36,784.47,767.08,516022536,3001838448983,255583943734479.0
2018-10-10,747.5,2,-19.65,-0.0256,768.31,770.85,746.63,669594222,3772109714063,249033708969613.0
2018-10-11,707.38,2,-40.12,-0.0537,720.22,733.04,707.31,699184831,4318476517061,235602529494587.0
2018-10-12,731.5,1,24.12,0.0341,704.72,731.5,704.72,557284456,3792517199172,243729490107583.0
2018-10-15,718.87,2,-12.63,-0.0173,732.98,733.9,717.72,496932092,3423222422824,239803745335333.0
2018-10-16,731.5,1,12.63,0.0176,724.3,734.12,724.3,472808145,2903469637056,244107600362184.0
2018-10-17,739.15,1,7.65,0.0105,744.21,746.14,732.61,536539291,3441848979443,246645296674458.0
2018-10-18,731.34,2,-7.81,-0.0106,741.21,742.24,730.08,482969617,2829537430755,244234781151314.0
2018-10-19,740.48,1,9.14,0.0125,725.29,740.54,718.48,440055700,3089661949957,247315788068331.0
2018-10-22,744.15,1,3.67,0.005,736.74,744.15,733.11,421570139,2491781835599,248675230760827.0
2018-10-23,719.0,2,-25.15,-0.0338,740.35,742.45,716.85,487839856,3154876659133,240261632450191.0
2018-10-24,699.3,2,-19.7,-0.0274,727.07,729.89,697.13,513842585,3632296376924,233616837595389.0
2018-10-25,686.84,2,-12.46,-0.0178,678.49,693.07,672.17,553155175,3618319329853,229296402534139.0
2018-10-26,663.07,2,-23.77,-0.0346,694.37,694.37,658.11,582817774,3581572531432,221754331529662.0
2018-10-29,629.7,2,-33.37,-0.0503,663.95,674.77,629.7,657089560,3899579842563,210461598792191.0
2018-10-30,644.14,1,14.44,0.0229,623.33,644.65,617.0,798837464,3996019127875,215282558501292.0
2018-10-31,648.67,1,4.53,0.0069999999999999,648.72,650.38,638.38,619017750,2789811796286,216610549871934.0
2018-11-01,657.46,1,8.79,0.0136,655.11,668.73,654.66,582655723,3481590252188,219969011322799.0
2018-11-02,690.65,1,33.19,0.0504999999999999,666.59,690.65,666.59,564217746,3581843359917,228151626412950.0
2018-11-05,691.94,1,1.29,0.0019,686.76,693.29,680.11,442503416,2904270959046,228699530285194.0
2018-11-06,691.55,2,-0.39,-0.0006,695.32,695.65,683.31,512018985,3016737507734,228714727297681.0
2018-11-07,682.37,2,-9.18,-0.0133,693.56,700.25,677.5,599590009,3820519509094,225696121485102.0
2018-11-08,693.67,1,11.3,0.0166,695.05,697.25,691.39,747371996,3358583711444,229337746248212.0
2018-11-09,687.29,2,-6.38,-0.0092,694.18,695.11,680.68,791776609,3219009264656,227355451815978.0
2018-11-12,670.82,2,-16.47,-0.024,677.96,682.52,670.13,574240069,2967793183621,221787657453778.0
2018-11-13,670.85,1,0.03,0.0,658.52,671.93,651.19,542147688,3036524874595,221928492865130.0
2018-11-14,671.56,1,0.71,0.0011,670.25,680.29,665.78,459371960,3024043900031,222360383996961.0
2018-11-15,681.38,1,9.82,0.0146,672.32,681.38,666.63,667932090,2903394326353,225865873975925.0
2018-11-16,690.18,1,8.8,0.0129,685.05,692.6,682.87,659141811,3031283088053,229002079768892.0
2018-11-19,702.13,1,11.95,0.0173,693.25,702.26,692.2,489402549,3312345095116,233419912312611.0
2018-11-20,690.81,2,-11.32,-0.0161,691.53,697.98,689.54,486692798,3288354893877,229680998622463.0
2018-11-21,695.72,1,4.91,0.0070999999999999,681.66,695.72,676.67,573867867,3394007896991,231848525861418.0
2018-11-22,692.39,2,-3.33,-0.0048,697.84,700.41,690.06,513214600,3020832991167,230887230587742.0
2018-11-23,683.06,2,-9.33,-0.0135,694.24,695.75,682.21,578900277,2986754708574,227802294833461.0
2018-11-26,695.36,1,12.3,0.018,685.1,697.57,685.06,470518186,2664505049470,231910663957195.0
2018-11-27,700.67,1,5.31,0.0076,698.96,702.13,693.18,521351708,2734460187217,234015590812190.0
2018-11-28,700.12,2,-0.55,-0.0008,702.99,703.24,698.74,658486858,3002075718277,233903944153814.0
2018-11-29,695.48,2,-4.64,-0.0066,709.69,710.45,694.71,667660376,3280449132345,232763354904228.0
2018-11-30,695.76,1,0.28,0.0004,696.99,700.51,692.8,537912083,2869072828899,233039252202824.0
2018-12-03,709.46,1,13.7,0.0197,704.38,709.65,702.65,549159722,3055096990811,237940070226674.0
2018-12-04,708.63,2,-0.83,-0.0012,709.46,711.77,704.3,656060919,2990364695417,237673253967067.0
2018-12-05,701.12,2,-7.51,-0.0106,695.14,702.69,694.88,639456960,2996231641527,235222582574375.0
2018-12-06,678.38,2,-22.74,-0.0324,699.15,699.54,677.09,637155175,3066759459291,227584350481934.0
2018-12-07,685.33,1,6.95,0.0102,685.48,687.81,679.28,600793565,2968604114517,229981711040784.0
2018-12-10,670.39,2,-14.94,-0.0218,675.53,680.19,667.25,495079044,2643646153096,224946562819319.0
2018-12-11,661.01,2,-9.38,-0.0139999999999999,673.23,673.61,661.01,566811528,3336836216121,221862468009549.0
2018-12-12,676.48,1,15.47,0.0233999999999999,664.76,676.98,664.76,524545971,2740279607439,227205577853831.0
2018-12-13,681.78,1,5.3,0.0078,678.51,681.78,673.78,553272397,3349855847228,229071450444581.0
2018-12-14,666.34,2,-15.44,-0.0226,680.91,680.91,663.43,522166804,3538722920672,223900925599200.0
2018-12-17,661.9,2,-4.44,-0.0067,665.48,665.77,652.84,550124013,3392667239260,222497887459774.0
2018-12-18,659.67,2,-2.23,-0.0034,654.14,665.17,653.81,675886473,3521203344218,221758984295227.0
2018-12-19,672.08,1,12.41,0.0187999999999999,663.73,673.59,661.2,777025225,3570092226068,226429851800210.0
2018-12-20,668.13,2,-3.95,-0.0059,667.74,677.79,664.34,597235110,3193672962699,225149068065952.0
2018-12-21,673.64,1,5.51,0.0081999999999999,667.22,675.23,667.21,629582676,3277942486143,227178218535190.0
2018-12-24,669.79,2,-3.85,-0.0056999999999999,671.78,673.48,668.46,690900740,3392852221903,226553577652210.0
2018-12-26,665.74,2,-4.05,-0.006,658.7,666.69,655.8,696045076,3848396998721,225343624143510.0
2018-12-27,667.88,1,2.14,0.0032,678.86,678.86,667.13,575975991,3318858353423,225448053533305.0
2018-12-28,675.65,1,7.77,0.0116,670.83,675.89,669.71,598210555,3033870814294,228238295556450.0
2019-01-02,669.37,2,-6.28,-0.0093,682.16,683.09,667.71,539451686,3384325928172,226172804873996.0
2019-01-03,657.02,2,-12.35,-0.0185,671.98,673.61,656.85,656327569,3626867586671,221939519745490.0
2019-01-04,664.49,1,7.47,0.0113999999999999,655.62,664.49,648.95,554455638,3331488964507,224484123520116.0
2019-01-07,672.84,1,8.35,0.0126,672.76,675.31,669.07,584294682,3211134627621,227214008912378.0
2019-01-08,668.49,2,-4.35,-0.0065,674.53,675.05,667.01,623518443,3713727831818,225736488713264.0
2019-01-09,679.74,1,11.25,0.0168,672.38,681.12,671.95,622017629,3193834800235,229481678678262.0
2019-01-10,683.34,1,3.6,0.0053,680.61,685.65,678.23,735087237,3742925557164,230368301689768.0
2019-01-11,686.33,1,2.99,0.0044,686.09,688.01,683.59,701507943,3570684869324,231370185200878.0
2019-01-14,683.09,2,-3.24,-0.0046999999999999,687.42,687.42,682.54,613343310,3108914766615,230223287985563.0
2019-01-15,690.39,1,7.3,0.0107,684.97,691.56,684.32,639018327,3517053518394,232655529282550.0
2019-01-16,693.38,1,2.99,0.0043,692.72,693.5,687.43,788307833,3971466187284,233791659218652.0
2019-01-17,686.35,2,-7.03,-0.0101,694.94,696.21,686.27,862712540,4591532425577,231441898717926.0
2019-01-18,696.34,1,9.99,0.0146,690.83,696.34,689.8,819962730,4437355713901,234953392130970.0
2019-01-21,695.62,2,-0.72,-0.001,698.74,698.74,692.95,794340039,4025977636613,234700429265073.0
2019-01-22,694.55,2,-1.07,-0.0015,698.0,698.3,692.45,794374278,3930136680080,234383726172398.0
2019-01-23,695.63,1,1.08,0.0016,691.5,697.06,690.91,683155731,3926609186389,234782562964434.0
2019-01-24,704.41,1,8.78,0.0126,696.97,704.78,696.8,605765601,3742060902639,237779647415955.0
2019-01-25,711.38,1,6.97,0.0098999999999999,705.66,712.67,704.67,631592683,3816846591053,240274364183482.0
2019-01-28,714.26,1,2.88,0.004,713.41,717.31,711.96,664266603,3699906342744,241311836491744.0
2019-01-29,710.99,2,-3.27,-0.0046,712.65,713.65,705.89,703385953,3922761019731,240178987977898.0
2019-01-30,715.3,1,4.31,0.0060999999999999,712.87,716.77,711.71,719235308,3898469223103,241788283362943.0
2019-01-31,716.86,1,1.56,0.0022,719.93,721.58,714.31,684510366,3771395597638,242350256510105.0
2019-02-01,716.92,1,0.06,0.0001,719.08,719.74,714.66,643316085,3952423768726,242782200511810.0
2019-02-07,728.79,1,11.87,0.0166,719.86,728.89,717.53,713057339,3702347432161,246736050134590.0
2019-02-08,728.74,2,-0.05,-0.0001,726.4,729.74,724.99,736597474,3648374473503,246776515243943.0
2019-02-11,733.47,1,4.73,0.0065,731.82,733.94,730.32,704616472,3822231369341,248908061978054.0
2019-02-12,730.58,2,-2.89,-0.0039,734.87,735.14,729.52,692220009,3825195419827,247959824641585.0
2019-02-13,739.91,1,9.33,0.0128,734.56,740.44,733.37,798622665,3948426111484,250983252700381.0
2019-02-14,742.27,1,2.36,0.0032,740.69,742.46,737.07,738308285,3987054876490,251780394230617.0
2019-02-15,738.66,2,-3.61,-0.0049,741.53,743.2,734.37,737998888,4103589081840,250599992041802.0
2019-02-18,745.33,1,6.67,0.009,743.53,746.81,742.5,734383010,3422762288037,252958777803011.0
2019-02-19,748.05,1,2.72,0.0036,746.5,748.69,741.2,793917047,4023712015054,253987813292963.0
2019-02-20,750.69,1,2.64,0.0034999999999999,749.52,751.66,747.56,885293212,4103406263374,255424452195619.0
2019-02-21,747.33,2,-3.36,-0.0045,752.3,752.75,744.87,956553966,4334338331038,254302733216394.0
2019-02-22,743.38,2,-3.95,-0.0053,747.25,748.11,740.94,965508426,3920070962790,253089830791098.0
2019-02-25,750.4,1,7.02,0.0093999999999999,746.79,750.93,746.3,735845476,3701081658260,255564176845209.0
2019-02-26,747.09,2,-3.31,-0.0044,752.25,753.66,746.12,956644348,3832204470466,254604553318959.0
2019-02-27,752.16,1,5.07,0.0068,748.11,752.16,747.16,921722317,3986164490346,256372124992380.0
2019-02-28,731.25,2,-20.91,-0.0278,753.29,755.92,731.25,1016481452,5427451603553,249196922425730.0
2019-03-04,748.07,1,16.82,0.023,739.19,748.87,739.19,707577329,4184004983196,254982915497620.0
2019-03-05,747.95,2,-0.12,-0.0002,746.9,751.45,743.8,753414435,4386457020919,256229006168043.0
2019-03-06,746.7,2,-1.25,-0.0017,750.13,750.81,741.68,846993878,4320269888968,255757714884388.0
2019-03-07,736.83,2,-9.87,-0.0132,746.21,750.13,733.49,897292641,4482811030884,252451521962709.0
2019-03-08,735.97,2,-0.86,-0.0012,733.38,739.59,730.42,871229124,3573382377818,252101576340321.0
2019-03-11,739.09,1,3.12,0.0042,737.27,739.1,726.11,686954305,3892937135444,253141160291227.0
2019-03-12,754.76,1,15.67,0.0212,745.76,754.76,745.76,792766590,5189636070641,257319123920014.0
2019-03-13,754.89,1,0.13,0.0002,755.3,758.9,750.49,797145431,4981843746791,257314386798309.0
2019-03-14,755.42,1,0.53,0.0007,758.53,762.41,755.42,643981465,4405717875089,257522551866539.0
2019-03-15,748.36,2,-7.06,-0.0093,756.82,757.29,743.34,881367995,5907010498846,255342326725899.0
2019-03-18,753.13,1,4.77,0.0064,752.15,755.89,748.7,705218778,4343581491035,256965884676772.0
2019-03-19,748.91,2,-4.22,-0.0056,757.07,757.88,748.76,984686466,4713909636460,255533876679720.0
2019-03-20,749.76,1,0.85,0.0011,750.5,750.5,741.25,880135052,4838198497290,255742070457329.0
2019-03-21,743.52,2,-6.24,-0.0083,750.79,753.98,742.03,795564446,4822786804180,253620523613674.0
2019-03-22,743.97,1,0.45,0.0006,747.87,748.05,741.03,752365722,4744195193807,254008903243493.0
2019-03-25,727.21,2,-16.76,-0.0225,733.51,737.22,726.93,696282882,4494273492070,248283881293986.0
2019-03-26,736.81,1,9.6,0.0132,732.76,737.5,729.22,656384764,3912306076119,251389139094777.0
2019-03-27,728.45,2,-8.36,-0.0113,739.22,739.22,728.43,748819204,4137567377744,249152887716950.0
2019-03-28,719.72,2,-8.73,-0.012,727.7,728.56,719.72,695541132,3893133953049,246179611007462.0
2019-03-29,729.31,1,9.59,0.0133,723.64,729.31,714.53,779262138,4081058843724,249257413979735.0
2019-04-01,736.81,1,7.5,0.0103,731.5,737.69,729.74,704756685,3592041943598,251172763022900.0
2019-04-02,739.57,1,2.76,0.0037,740.94,740.94,737.18,955939923,4106381975763,251856567066333.0
2019-04-03,749.3,1,9.73,0.0132,741.76,749.3,740.73,807521350,4220277762824,255220562464877.0
2019-04-04,751.58,1,2.28,0.003,750.9,753.39,746.29,879690011,4359673200201,256161280047488.0
2019-04-05,751.71,1,0.13,0.0002,752.28,753.97,748.79,788494161,4273409603442,256131503119815.0
2019-04-08,751.92,1,0.21,0.0003,755.32,756.16,750.02,762374091,4321665707119,256229804900545.0
2019-04-09,756.81,1,4.89,0.0065,753.72,756.92,749.87,836573253,4701168278265,257772263571615.0
2019-04-10,760.15,1,3.34,0.0044,755.73,760.15,754.05,744528283,4692968086240,258999547195325.0
2019-04-11,766.49,1,6.34,0.0083,762.15,766.56,762.13,760873641,4329711935026,261317478015639.0
2019-04-12,767.85,1,1.36,0.0018,765.6,769.09,762.99,926529303,4342635071383,261987812245584.0
2019-04-15,766.75,2,-1.1,-0.0014,770.63,770.66,765.62,951955801,4783660077768,261996782554331.0
2019-04-16,765.02,2,-1.73,-0.0023,767.59,767.73,758.69,979257064,4776286054814,261543432632971.0
2019-04-17,766.89,1,1.87,0.0024,766.7,768.43,765.36,1063544966,4967478306557,262126284511625.0
2019-04-18,753.52,2,-13.37,-0.0174,767.74,767.85,751.59,904450018,4815044019784,257721056087787.0
2019-04-19,762.57,1,9.05,0.012,757.42,762.95,757.35,773546174,3805305968263,260935317389039.0
2019-04-22,762.01,2,-0.56,-0.0007,764.37,767.02,760.02,691820958,3677724507590,260715131871053.0
2019-04-23,761.42,2,-0.59,-0.0008,763.58,764.48,756.77,895100932,4169425321426,260579136322297.0
2019-04-24,757.82,2,-3.6,-0.0046999999999999,765.0,765.02,755.93,886600155,4453437820077,259580232785139.0
2019-04-25,750.43,2,-7.39,-0.0098,757.64,757.64,750.43,946890229,4328694774584,257052034620312.0
2019-04-26,741.0,2,-9.43,-0.0126,748.3,750.23,739.84,865151764,3788915871174,254021602511795.0
2019-04-29,750.6,1,9.6,0.013,744.01,750.6,742.43,754662014,3228088303422,257339065385459.0
2019-04-30,754.74,1,4.14,0.0055,751.4,755.11,746.42,671042346,3769023253750,258788699292522.0
2019-05-02,760.38,1,5.64,0.0075,753.51,760.94,753.43,779401696,4247854989866,260784600617045.0
2019-05-03,761.82,1,1.44,0.0019,761.13,762.72,758.42,701320875,3753454939110,261291519790318.0
2019-05-07,753.45,2,-8.37,-0.011,751.26,757.97,749.27,728048409,3645775551244,258806780259188.0
2019-05-08,745.37,2,-8.08,-0.0107,745.86,751.55,745.36,922683490,4239485294749,256173387823944.0
2019-05-09,724.22,2,-21.15,-0.0283999999999999,746.96,747.96,722.6,992089008,4603640937913,248970984826653.0
2019-05-10,722.62,2,-1.6,-0.0022,726.06,729.84,712.15,916495571,4200841844187,248036568662459.0
2019-05-13,708.8,2,-13.82,-0.0191,722.19,724.78,708.77,916425309,4537676946296,243264156643002.0
2019-05-14,710.16,1,1.36,0.0019,698.86,714.8,698.3,1072271282,5055505136498,243734205724435.0
2019-05-15,729.6,1,19.44,0.0274,714.94,729.63,713.49,859428120,4941190904835,250301184628782.0
2019-05-16,717.59,2,-12.01,-0.0165,731.09,731.78,716.68,911753485,4878492699371,246284374547733.0
2019-05-17,714.13,2,-3.46,-0.0048,723.94,727.56,713.94,783634881,4587780339595,245328349591977.0
2019-05-20,702.08,2,-12.05,-0.0169,717.12,719.57,701.76,733169278,3770627782839,241215212711996.0
2019-05-21,703.98,1,1.9,0.0027,701.83,708.16,700.0,792043798,4390983735945,241890925833418.0
2019-05-22,706.93,1,2.95,0.0042,709.38,710.46,702.25,723703822,4221779360344,242883735391821.0
2019-05-23,696.89,2,-10.04,-0.0141999999999999,707.74,707.95,696.88,902830344,4643652388720,239395672890253.0
2019-05-24,690.03,2,-6.86,-0.0098,694.02,696.75,686.72,862120736,4387035886268,237063634707988.0
2019-05-27,689.67,2,-0.36,-0.0005,692.06,696.3,684.07,782619316,4313687221940,237021265674575.0
2019-05-28,702.76,1,13.09,0.019,691.55,702.76,690.78,723961541,4538620887701,241316089198946.0
2019-05-29,691.47,2,-11.29,-0.0161,699.12,699.53,689.9,849781747,4522970828689,234288964305568.0
2019-05-30,689.33,2,-2.14,-0.0031,692.6,696.45,685.31,669463495,3953387593616,233627782831492.0
2019-05-31,696.47,1,7.14,0.0104,688.7,699.4,687.71,642145318,3498742989670,236882568200022.0
2019-06-03,697.5,1,1.03,0.0015,693.26,698.35,691.8,643044614,3581778781114,237193624481924.0
2019-06-04,702.53,1,5.03,0.0072,699.12,702.53,697.2,657095617,3857151697919,238838422868794.0
2019-06-05,707.75,1,5.22,0.0074,709.07,710.11,706.76,616916072,4063890887693,240722090069871.0
2019-06-07,716.53,1,8.78,0.0124,711.77,716.56,708.73,723224035,4016297951303,243722653073456.0
2019-06-10,721.14,1,4.61,0.0064,721.12,721.5,717.08,763021333,4071222896085,245587311755135.0
2019-06-11,728.79,1,7.65,0.0106,723.61,728.79,722.51,897025715,4195981335360,248217444770902.0
2019-06-12,724.32,2,-4.47,-0.0060999999999999,729.06,729.06,721.91,724080554,3997840844032,247173659825164.0
2019-06-13,726.68,1,2.36,0.0033,724.57,730.86,721.87,839460636,4977454118166,247960685184053.0
2019-06-14,722.25,2,-4.43,-0.0060999999999999,729.39,729.39,721.44,843435161,4627883529044,246460311736197.0
2019-06-17,719.13,2,-3.12,-0.0043,723.52,723.9,718.62,757969775,3994985337530,245470963234586.0
2019-06-18,714.86,2,-4.27,-0.0059,721.25,723.79,713.17,1047010209,4899676116328,244174120067672.0
2019-06-19,717.71,1,2.85,0.004,721.66,722.66,714.98,979442675,4250538250725,245237583298782.0
2019-06-20,727.32,1,9.61,0.0134,719.54,727.34,719.31,1004460003,4056678934668,248571463662141.0
2019-06-21,722.64,2,-4.68,-0.0064,729.2,729.2,721.96,1100646594,4380845803931,246991457439294.0
2019-06-24,717.69,2,-4.95,-0.0068,725.04,725.05,717.22,923986488,3717770468558,245347008877130.0
2019-06-25,710.02,2,-7.67,-0.0107,719.03,720.06,707.64,1058007888,4875710544689,242887154127185.0
2019-06-26,709.37,2,-0.65,-0.0009,710.15,713.57,706.44,981440876,4747047714141,242791007408047.0
2019-06-27,698.21,2,-11.16,-0.0157,711.18,713.14,694.53,909979154,5131838476368,239089172765087.0
2019-06-28,690.53,2,-7.68,-0.011,698.63,700.42,687.29,784769785,4241075097229,236405674233134.0
2019-07-01,696.0,1,5.47,0.0079,696.38,697.97,692.76,734433278,5156354340512,238458830094666.0
2019-07-02,696.25,1,0.25,0.0004,695.8,699.44,693.19,696445726,4052249681800,238565438926786.0
2019-07-03,693.04,2,-3.21,-0.0046,697.68,698.89,689.86,676298786,3979382946906,237389805604275.0
2019-07-04,691.27,2,-1.77,-0.0026,693.96,694.63,682.73,763516530,4132922883851,236950136647970.0
2019-07-05,694.17,1,2.9,0.0042,692.86,694.39,686.93,729813499,4048011198486,237965631550822.0
2019-07-08,668.72,2,-25.45,-0.0366999999999999,691.97,691.97,668.72,766598859,4249617551670,229212801240612.0
2019-07-09,657.8,2,-10.92,-0.0163,670.76,675.09,657.77,879148637,4125586247927,225546659345829.0
2019-07-10,666.9,1,9.1,0.0138,662.3,670.68,660.62,774833232,3861175800149,228676544330116.0
2019-07-11,677.09,1,10.19,0.0153,669.98,677.11,668.42,791145307,4152966756187,232180143981602.0
2019-07-12,681.17,1,4.08,0.006,677.87,682.65,673.76,735655717,4135928126626,234104173281677.0
2019-07-15,674.79,2,-6.38,-0.0093999999999999,682.36,682.36,671.71,715663293,4212000125404,231859260272464.0
2019-07-16,674.42,2,-0.37,-0.0005,675.67,679.69,672.77,824276679,4586564165414,231884531075356.0
2019-07-17,666.28,2,-8.14,-0.0121,673.08,673.34,661.93,901090508,4235393318706,229203214099759.0
2019-07-18,665.15,2,-1.13,-0.0017,665.09,669.47,661.82,837117059,4258998337436,228809066865268.0
2019-07-19,674.06,1,8.91,0.0134,668.2,674.06,668.2,756214631,3949976654904,231949931597697.0
2019-07-22,674.78,1,0.72,0.0011,674.0,675.48,671.44,644965353,3357187145112,232164617476852.0
2019-07-23,668.65,2,-6.13,-0.0091,675.84,678.27,666.79,894110668,4590939822447,230134682111962.0
2019-07-24,659.83,2,-8.82,-0.0132,670.31,672.36,659.26,971455779,4976197605457,227291906032066.0
2019-07-25,652.4,2,-7.43,-0.0113,660.3,661.62,647.38,871058203,4177256663695,225066018857751.0
2019-07-26,644.59,2,-7.81,-0.012,650.3,652.38,640.43,886276587,3969501849022,222533551234131.0
2019-07-29,618.78,2,-25.81,-0.04,643.34,643.34,618.78,795264713,3783791120835,213640714342623.0
2019-07-30,625.64,1,6.86,0.0111,620.33,630.61,620.33,716177618,3566194812620,216345978315231.0
2019-07-31,630.18,1,4.54,0.0073,625.05,631.43,610.7,770559301,4228756057098,217992287425957.0
2019-08-01,622.26,2,-7.92,-0.0126,627.94,634.44,622.25,694237671,4161131559796,215506175554230.0
2019-08-02,615.7,2,-6.56,-0.0105,612.01,622.36,607.01,601247078,3703940738704,213545670041730.0
2019-08-05,569.79,2,-45.91,-0.0746,614.69,615.23,569.78,821183035,4773105529178,197856076764247.0
2019-08-06,551.5,2,-18.29,-0.0321,555.07,577.51,540.83,973681906,5611504802381,191455864980664.0
2019-08-07,564.64,1,13.14,0.0237999999999999,562.47,567.52,554.18,835978098,4843612803632,195944703306167.0
2019-08-08,585.44,1,20.8,0.0368,571.59,585.44,571.0,929189336,4831848776070,203396203114656.0
2019-08-09,590.04,1,4.6,0.0079,590.51,593.28,585.94,690855034,4157334385171,204947491024048.0
2019-08-12,594.17,1,4.13,0.0069999999999999,590.43,594.7,585.07,707419095,3440960280596,206537033466707.0
2019-08-13,590.75,2,-3.42,-0.0058,589.71,593.98,588.47,755896855,3792005148606,204835997368035.0
2019-08-14,597.15,1,6.4,0.0108,600.35,601.46,596.23,793565045,4105968772649,207100532953758.0
2019-08-16,591.57,2,-5.58,-0.0093,590.04,592.82,587.49,684048938,3767531763396,205179214565609.0
2019-08-19,594.65,1,3.08,0.0052,596.42,597.59,591.21,706961204,3393083985576,206354181149146.0
2019-08-20,607.01,1,12.36,0.0208,597.15,607.87,595.62,914620469,3639424352108,210746710801948.0
2019-08-21,615.96,1,8.95,0.0147,605.83,615.96,604.83,821038397,3531843672807,213809009611395.0
2019-08-22,612.25,2,-3.71,-0.006,618.34,618.73,611.67,850917587,3931125815518,212800968802061.0
2019-08-23,608.98,2,-3.27,-0.0053,606.28,612.63,605.93,706441336,3806195546938,211789012084086.0
2019-08-26,582.91,2,-26.07,-0.0428,594.25,598.08,582.77,711378671,3917963814228,202842694120796.0
2019-08-27,588.32,1,5.41,0.0093,592.38,596.43,587.42,651146613,3241330547057,204893443109570.0
2019-08-28,602.9,1,14.58,0.0248,590.67,602.9,590.36,698491116,3908017106616,209884833126731.0
2019-08-29,599.57,2,-3.33,-0.0055,604.19,605.39,595.26,681486558,3605905577977,208866574935509.0
2019-08-30,610.55,1,10.98,0.0183,607.14,611.11,606.65,787576090,3705439647747,212772631897591.0
2019-09-02,619.81,1,9.26,0.0152,609.46,619.9,608.97,683774686,3577065689618,216055268206340.0
2019-09-03,620.02,1,0.21,0.0003,619.86,623.34,619.28,777379804,3728694223690,216093197893145.0
2019-09-04,629.31,1,9.29,0.015,619.61,629.31,619.46,792568398,3955113050918,219361174674080.0
2019-09-05,632.99,1,3.68,0.0058,633.19,634.96,631.38,948696015,5023655216351,221496777139205.0
2019-09-06,631.15,2,-1.84,-0.0029,637.33,637.33,630.6,882307022,4481747586236,220838794009387.0
2019-09-09,625.77,2,-5.38,-0.0085,633.61,634.3,625.28,709696093,3850357999061,219019398786224.0
2019-09-10,623.25,2,-2.52,-0.004,627.77,628.81,621.95,830373283,3762025354693,218172410796504.0
2019-09-11,630.37,1,7.12,0.0113999999999999,625.81,632.42,624.78,718202237,3720938578364,220787040467794.0
2019-09-16,638.59,1,8.22,0.013,634.67,638.59,630.16,622054824,3220465928060,223602964046458.0
2019-09-17,644.28,1,5.69,0.0089,637.1,646.05,636.0,823507478,4139544485812,225609051150302.0
2019-09-18,645.12,1,0.84,0.0013,646.25,648.95,644.32,909109347,4459121075228,226017141265775.0
2019-09-19,645.71,1,0.59,0.0009,646.83,651.45,643.0,867284167,4008539192546,226266025048850.0
2019-09-20,649.07,1,3.36,0.0052,647.5,650.03,645.91,844700719,4340363378878,227801893193165.0
2019-09-23,645.01,2,-4.06,-0.0063,648.81,649.22,644.39,747643998,3397867496267,226423545060383.0
2019-09-24,641.85,2,-3.16,-0.0049,643.45,646.6,641.17,778008050,3765461126040,225371212491872.0
2019-09-25,626.76,2,-15.09,-0.0235,641.08,641.23,626.02,987731264,4561734326663,220152599211948.0
2019-09-26,628.42,1,1.66,0.0026,632.31,635.64,622.55,838492593,4566644471714,220728153788628.0
2019-09-27,626.93,2,-1.49,-0.0024,628.41,628.41,623.32,724108625,3402629379822,220226431579822.0
2019-09-30,621.76,2,-5.17,-0.0081999999999999,625.69,627.3,615.64,745973380,3606633471657,218426090721906.0
2019-10-01,632.1,1,10.34,0.0166,623.7,632.12,621.76,875336334,4374428925022,222117887908451.0
2019-10-02,624.51,2,-7.59,-0.012,627.75,630.62,624.47,1252778506,4524334853147,219465800160828.0
2019-10-04,621.84,2,-2.67,-0.0043,623.08,627.15,619.53,792984550,4033259788597,218535335892240.0
2019-10-07,627.21,1,5.37,0.0086,625.25,627.82,622.45,753054161,4811783564400,220387804400524.0
2019-10-08,635.41,1,8.2,0.0131,628.03,635.94,624.92,864368705,6110522317562,223300696347799.0
2019-10-10,634.73,2,-0.68,-0.0011,633.96,635.85,630.59,715225988,4376728738244,223036537137259.0
2019-10-11,632.95,2,-1.78,-0.0028,638.22,638.49,632.92,767474370,4681884179305,222444691940169.0
2019-10-14,641.46,1,8.51,0.0134,638.65,643.41,637.69,681422756,4037155024696,225736599169810.0
2019-10-15,646.8,1,5.34,0.0083,641.51,647.4,641.49,737772872,4121168218779,227629916977590.0
2019-10-16,651.96,1,5.16,0.008,650.61,652.73,649.88,860252569,4633299833111,229431185552449.0
2019-10-17,649.29,2,-2.67,-0.0040999999999999,653.08,654.67,646.61,1042682866,5194384471385,228674544040349.0
2019-10-18,646.69,2,-2.6,-0.004,651.55,651.97,645.59,866092933,4760597539519,227454259231187.0
2019-10-21,649.18,1,2.49,0.0039,646.79,649.18,645.35,767921115,4694497434238,228312444370258.0
2019-10-22,655.91,1,6.73,0.0104,653.17,660.35,651.1,883770949,6333997484232,230791758834899.0
2019-10-23,658.98,1,3.07,0.0046999999999999,656.88,660.38,654.78,1033677815,6307183955711,231862915530164.0
2019-10-24,658.75,2,-0.23,-0.0003,658.53,662.27,647.53,1073219785,7963560083764,231876860432554.0
2019-10-25,652.37,2,-6.38,-0.0097,657.6,658.77,651.29,1009206412,7007192225884,229730534434466.0
2019-10-28,652.42,1,0.05,0.0001,655.05,657.29,651.95,933703160,6476201719453,229792981455510.0
2019-10-29,658.3,1,5.88,0.009,656.85,658.76,653.83,954715557,6534640743936,231933741165663.0
2019-10-30,655.04,2,-3.26,-0.005,660.6,660.6,654.15,892700183,5813807629476,230810077691786.0
2019-10-31,658.52,1,3.48,0.0053,658.45,661.65,656.96,892492409,5241227668046,232231894758796.0
2019-11-01,662.34,1,3.82,0.0058,658.16,662.34,656.13,820171960,4734490574657,233606028149201.0
2019-11-04,668.45,1,6.11,0.0092,667.2,669.66,665.63,921194123,4731445508040,235777038270106.0
2019-11-05,672.18,1,3.73,0.0056,669.47,672.18,666.0,987479965,6221553991449,237194145218387.0
2019-11-06,669.68,2,-2.5,-0.0037,672.12,673.86,669.25,1091285897,6061616775367,236277253693209.0
2019-11-07,666.15,2,-3.53,-0.0053,668.73,669.57,663.7,1026100144,5679533394144,235693338116395.0
2019-11-08,664.6,2,-1.55,-0.0023,669.34,670.59,662.46,952988845,4475519931633,235295732464099.0
2019-11-11,661.37,2,-3.23,-0.0049,666.13,666.13,658.7,922613294,4160073858555,234286919438724.0
2019-11-12,665.14,1,3.77,0.0056999999999999,662.11,665.86,661.42,1081150643,4618378952911,235619187912989.0
2019-11-13,661.85,2,-3.29,-0.0049,665.37,665.48,659.95,1363966104,4829468954620,234500283907913.0
2019-11-14,663.31,1,1.46,0.0022,663.25,666.05,659.21,1359616417,5251760314812,235158204574983.0
2019-11-15,668.51,1,5.2,0.0078,662.87,668.54,660.64,1107075108,5124025379951,237163556746131.0
2019-11-18,669.34,1,0.83,0.0012,670.07,671.09,666.82,1086953751,5401260327604,237591190482029.0
2019-11-19,662.53,2,-6.81,-0.0102,669.11,669.24,662.24,1156557400,5280502776301,235179760942236.0
2019-11-20,649.87,2,-12.66,-0.0191,661.45,663.76,648.82,1289204747,5928634361236,230847032261264.0
2019-11-21,635.99,2,-13.88,-0.0214,650.56,651.23,634.29,1051934240,5025589607923,226030655427824.0
2019-11-22,633.92,2,-2.07,-0.0033,637.99,640.77,629.74,1053044808,5162173373470,225644236961763.0
2019-11-25,647.4,1,13.48,0.0213,639.5,647.41,639.5,826788539,4086008502225,230500423530390.0
2019-11-26,651.59,1,4.19,0.0065,650.79,653.54,649.78,868850404,5091667170718,232218230848022.0
2019-11-27,647.39,2,-4.2,-0.0064,653.74,653.87,646.89,859365268,5153173452390,231384396667132.0
2019-11-28,640.18,2,-7.21,-0.0111,646.27,649.37,640.18,882465675,4265274491306,228908690676662.0
2019-11-29,632.99,2,-7.19,-0.0112,641.72,643.27,631.4,940624909,4319179702527,226930389499064.0
2019-12-02,634.5,1,1.51,0.0024,635.58,638.35,632.22,845648626,3811687139821,227301561927990.0
2019-12-03,629.58,2,-4.92,-0.0078,630.07,632.01,627.0,868945247,4117052572313,225664363880845.0
2019-12-04,625.27,2,-4.31,-0.0068,626.06,630.45,622.67,928166942,3828566664827,224147875661267.0
2019-12-05,617.6,2,-7.67,-0.0123,629.49,629.6,613.77,901705508,4682213345378,221358411691637.0
2019-12-06,628.1,1,10.5,0.017,619.48,628.11,619.48,726660329,4098402463336,225209549673349.0
2019-12-09,627.86,2,-0.24,-0.0004,630.6,630.63,625.59,778729886,4226425976737,225159097723253.0
2019-12-10,627.11,2,-0.75,-0.0012,627.62,627.76,623.54,763025394,3950678325328,225002396244804.0
2019-12-11,629.13,1,2.02,0.0032,627.26,630.6,626.57,817888278,3952346344697,225900417038854.0
2019-12-12,636.94,1,7.81,0.0124,632.29,638.92,631.25,941202174,4498908804218,228754293952703.0
2019-12-13,643.45,1,6.51,0.0102,643.34,645.73,641.87,913750547,4290512961784,231121252745390.0
2019-12-16,644.44,1,0.99,0.0015,644.91,646.56,643.24,794175485,3748611659928,231552540646795.0
2019-12-17,650.58,1,6.14,0.0095,646.8,650.58,646.04,851063934,4486599257941,233969648834926.0
2019-12-18,648.95,2,-1.63,-0.0025,650.87,651.71,647.73,882121524,4328545825601,233518136077077.0
2019-12-19,647.85,2,-1.1,-0.0017,650.3,653.65,645.11,808153790,3734443972598,233553667866613.0
2019-12-20,649.73,1,1.88,0.0029,650.19,651.2,647.9,944573044,4198107649046,234817288488122.0
2019-12-23,647.62,2,-2.11,-0.0032,651.77,652.81,646.68,725861836,3968732238058,234058374740461.0
2019-12-24,638.91,2,-8.71,-0.0134,648.71,648.71,638.74,763092114,3572405768036,231075710418008.0
2019-12-26,652.07,1,13.16,0.0206,640.77,652.09,640.2,921877734,4352931501885,235647597350004.0
2019-12-27,661.24,1,9.17,0.0141,652.6,661.59,652.17,807711662,4312635345158,238198875786701.0
2019-12-30,669.83,1,8.59,0.013,662.06,669.83,661.62,789329743,3799412603271,241350997492726.0
2020-01-02,674.02,1,4.19,0.0063,672.53,674.3,666.62,783730760,4476504857524,242768147795532.0
2020-01-03,669.93,2,-4.09,-0.0060999999999999,677.57,679.37,668.1,903858876,5540086126762,241357675885325.0
2020-01-06,655.31,2,-14.62,-0.0218,660.08,663.1,653.61,884278619,4961872077526,236177411592074.0
2020-01-07,663.44,1,8.13,0.0124,660.87,664.21,659.18,970306788,5302183281958,239161960485498.0
2020-01-08,640.94,2,-22.5,-0.0339,657.24,658.14,637.43,1379708008,7034355004943,231058476164510.0
2020-01-09,666.09,1,25.15,0.0392,657.01,666.09,656.25,980618698,5261765806520,240120847246063.0
2020-01-10,673.03,1,6.94,0.0104,668.79,673.03,665.92,837389583,4913661593203,242702877200386.0
2020-01-13,679.22,1,6.19,0.0092,673.76,679.22,673.23,894402015,4843152895175,245066837935631.0
2020-01-14,678.71,2,-0.51,-0.0008,682.14,685.88,676.78,897262055,5205779468611,244889130461349.0
2020-01-15,679.16,1,0.45,0.0007,678.83,681.39,676.91,908209030,4233510087479,245115557824536.0
2020-01-16,686.52,1,7.36,0.0108,679.67,686.52,679.49,880290516,5239369411283,247712207619104.0
2020-01-17,688.41,1,1.89,0.0028,689.73,690.61,686.68,1028709944,5544314335430,248533214454011.0
2020-01-20,683.47,2,-4.94,-0.0072,690.85,691.17,682.48,1019250129,5916227176847,246894427722961.0
2020-01-21,676.52,2,-6.95,-0.0102,683.82,685.89,675.48,1032065677,5569469276494,244458961690645.0
2020-01-22,688.25,1,11.73,0.0173,677.05,688.28,677.05,1012722625,4631042812298,248680112428119.0
2020-01-23,685.57,2,-2.68,-0.0039,685.94,687.71,683.52,957782058,5009218101843,247897515122218.0
2020-01-28,664.7,2,-20.87,-0.0304,660.79,668.22,658.78,1161215976,6991101823659,240463052434010.0
2020-01-29,670.18,1,5.48,0.0081999999999999,671.08,671.98,664.09,1056865386,5573599516899,242425934306568.0
2020-01-30,656.39,2,-13.79,-0.0206,670.65,673.17,652.42,1213886224,6228414001644,237472764148828.0
2020-01-31,642.48,2,-13.91,-0.0212,660.98,664.77,641.57,1343602255,6458896895510,232461525068773.0
2020-02-03,646.85,1,4.37,0.0068,631.82,648.34,627.65,1193311562,6081593041160,234039520722233.0
2020-02-04,661.24,1,14.39,0.0222,650.72,661.24,649.22,938254924,5073960091488,239254407386027.0
2020-02-05,661.32,1,0.08,0.0001,666.74,668.91,658.03,991276604,5266753341740,239361588048135.0
2020-02-06,672.69,1,11.37,0.0172,665.94,672.69,665.88,946334024,4609410422953,243440170558289.0
2020-02-07,672.63,2,-0.06,-0.0001,673.11,674.03,667.93,1024735295,5232691970056,243475160024523.0
2020-02-10,676.07,1,3.44,0.0051,669.53,676.08,668.1,979098232,4829779418425,244756201921369.0
2020-02-11,682.34,1,6.27,0.0093,678.97,682.34,678.43,1167070785,5516294922133,247131855300206.0
2020-02-12,686.59,1,4.25,0.0062,683.26,686.79,680.26,1333842814,6045972742596,248735276118634.0
2020-02-13,687.61,1,1.02,0.0015,689.54,691.43,681.77,1345100386,6993822271358,249058921341075.0
2020-02-14,688.91,1,1.3,0.0019,687.23,692.0,685.67,1499191417,7351634149471,249470581193694.0
2020-02-17,692.59,1,3.68,0.0053,690.35,692.64,686.73,1524917678,6524735802533,250776122607491.0
2020-02-18,682.92,2,-9.67,-0.0139999999999999,691.42,692.52,681.44,1781024489,7509559701628,247300825929936.0
2020-02-19,684.78,1,1.86,0.0027,686.89,688.11,673.64,1604888015,7629860887603,247969809714929.0
2020-02-20,681.66,2,-3.12,-0.0046,687.65,688.51,677.99,1464809296,8799125908971,246963573454710.0
2020-02-21,667.99,2,-13.67,-0.0200999999999999,673.57,680.28,667.47,1427547789,8134693336716,242180852576083.0
2020-02-24,639.29,2,-28.7,-0.043,653.4,656.31,639.22,1476932932,8178363148054,231858846358029.0
2020-02-25,656.95,1,17.66,0.0276,639.28,656.96,633.65,1212527284,6189111196201,238230648416244.0
2020-02-26,654.63,2,-2.32,-0.0034999999999999,644.02,658.29,642.98,1137059053,6137280607060,237411187960495.0
2020-02-27,638.17,2,-16.46,-0.0250999999999999,654.61,660.89,634.79,1231802620,7715985421182,231512753527037.0
2020-02-28,610.73,2,-27.44,-0.043,626.36,631.25,608.38,1389631587,8020425755643,221971810594185.0
2020-03-02,627.66,1,16.93,0.0277,617.88,627.71,607.32,1186854779,6153922071526,228073910340194.0
2020-03-03,626.82,2,-0.84,-0.0013,641.65,641.77,626.71,1232865263,6053621553612,227876485133828.0
2020-03-04,641.73,1,14.91,0.0237999999999999,623.75,641.73,623.55,1097676285,5659995987956,233919307962997.0
2020-03-05,650.19,1,8.46,0.0132,647.75,650.81,643.97,1077679803,6397649942101,237065256511816.0
2020-03-06,642.72,2,-7.47,-0.0115,642.33,647.83,637.2,1113502073,7238871927898,234780562644888.0
2020-03-09,614.6,2,-28.12,-0.0438,631.13,632.52,614.58,1317498376,8683416599387,224592596545367.0
2020-03-10,619.97,1,5.37,0.0087,606.89,619.98,604.51,1431027674,9633330697362,226525539356804.0
2020-03-11,595.61,2,-24.36,-0.0393,621.12,622.07,591.38,1570650509,8354953879364,217679145366129.0
2020-03-12,563.49,2,-32.12,-0.0538999999999999,589.2,594.32,555.47,1639528781,8049548012064,206048862292365.0
2020-03-13,524.0,2,-39.49,-0.0701,536.62,540.3,487.07,1522369149,8152013079708,191628164131520.0
2020-03-16,504.51,2,-19.49,-0.0372,538.68,541.87,504.51,1201664860,7219385680887,184690203595051.0
2020-03-17,514.73,1,10.22,0.0203,488.02,518.72,483.51,1367413984,7993286249998,188460556731288.0
2020-03-18,485.14,2,-29.59,-0.0575,520.79,526.1,485.14,1322271650,7410179195828,177738871903080.0
2020-03-19,428.35,2,-56.79,-0.1171,501.59,502.12,419.55,1646248394,8575181050654,157026545958875.0
2020-03-20,467.75,1,39.4,0.092,443.88,467.75,435.11,1243149958,6503974031895,171351187321883.0
2020-03-23,443.76,2,-23.99,-0.0513,443.51,455.97,435.81,1086690070,6163699189650,162563926645787.0
2020-03-24,480.4,1,36.64,0.0825999999999999,457.21,480.4,454.24,1143642267,6742315364863,175921670307867.0
2020-03-25,505.68,1,25.28,0.0526,496.32,506.43,488.98,1441082091,9686607773242,185244161322073.0
2020-03-26,516.61,1,10.93,0.0216,506.51,533.33,501.82,1649355882,11902864582657,189294134771057.0
2020-03-27,522.83,1,6.22,0.012,535.94,540.04,502.48,1979703657,14845252012307,191551905037994.0
2020-03-30,542.11,1,19.28,0.0369,513.13,542.12,511.47,1431987410,9610628410137,198576610761497.0
2020-03-31,569.07,1,26.96,0.0496999999999999,551.48,569.07,551.25,1865421932,13672046430924,208277587033144.0
2020-04-01,551.84,2,-17.23,-0.0302999999999999,568.88,579.76,551.3,1897096897,13461988721235,202131521987384.0
2020-04-02,567.7,1,15.86,0.0287,555.4,567.7,542.75,1680263293,10992105086350,207901417119792.0
2020-04-03,573.01,1,5.31,0.0093999999999999,571.29,576.27,564.02,1374770725,9453490282824,209882652288378.0
2020-04-06,597.21,1,24.2,0.0421999999999999,579.25,597.21,577.83,1526019932,9876607425043,218761437654472.0
2020-04-07,606.9,1,9.69,0.0162,606.21,606.9,593.22,2108624329,13276333571182,222382947974652.0
2020-04-08,607.37,1,0.47,0.0008,604.46,615.32,599.3,2362934605,12763686140658,222708420453819.0
2020-04-09,615.95,1,8.58,0.0141,616.67,618.37,610.66,1810580436,9552047659184,225817399796490.0
2020-04-10,611.26,2,-4.69,-0.0076,617.75,618.08,593.01,2001744917,10153608127697,224262545585950.0
2020-04-13,596.71,2,-14.55,-0.0237999999999999,609.94,611.06,596.71,2010346095,10096969133134,218902486182504.0
2020-04-14,610.29,1,13.58,0.0227999999999999,605.14,611.36,602.05,1600520940,8357337654927,223912578480156.0
2020-04-16,623.43,1,13.14,0.0215,606.69,623.59,603.15,1368160094,8217243456587,228844401093106.0
2020-04-17,634.79,1,11.36,0.0182,631.34,634.79,628.05,1640016902,9115282488580,233023373736427.0
2020-04-20,637.82,1,3.03,0.0048,635.71,643.05,634.2,1571067027,9532297331852,234188826361793.0
2020-04-21,628.77,2,-9.05,-0.0141999999999999,634.76,641.07,602.05,2164007881,12731402753334,230989350667137.0
2020-04-22,635.16,1,6.39,0.0102,618.95,635.31,616.88,1459274525,9185269344820,233065200930142.0
2020-04-23,643.79,1,8.63,0.0136,640.13,645.54,637.33,1659299238,10091678257927,236376134230907.0
2020-04-24,632.96,2,-10.83,-0.0168,640.19,645.22,629.12,1781069738,8847938332134,233087533911480.0
2020-04-27,646.86,1,13.9,0.022,638.9,647.11,638.58,1718845651,7697761067172,238021426354776.0
2020-04-28,644.93,2,-1.93,-0.003,649.46,651.39,638.69,1770727311,8179500497782,237324919684448.0
2020-04-29,645.18,1,0.25,0.0004,646.33,648.42,644.06,1686253660,7967208238399,237464993001678.0
2020-05-04,641.91,2,-3.27,-0.0051,637.0,648.57,635.16,1279273919,6695809690676,236245972556141.0
2020-05-06,658.4,1,16.49,0.0256999999999999,650.15,658.4,647.52,1506803206,8491492820293,242298856631906.0
2020-05-07,668.17,1,9.77,0.0148,659.45,669.03,658.93,1744936974,8831807027077,245929086568090.0
2020-05-08,682.3,1,14.13,0.0210999999999999,674.01,682.94,673.52,1683945287,9622021002854,251162127963181.0
2020-05-11,685.04,1,2.74,0.004,686.81,690.34,676.6,1538941850,10447899824259,252116820247388.0
2020-05-12,684.21,2,-0.83,-0.0012,687.48,688.37,673.66,1486569858,10034743488977,251887582457666.0
2020-05-13,691.53,1,7.32,0.0107,676.53,691.57,676.24,1510721806,9717013004508,253969090468104.0
2020-05-14,690.57,2,-0.96,-0.0014,687.92,693.68,684.33,1572689405,13051237743745,253699212433587.0
2020-05-15,691.93,1,1.36,0.002,695.8,696.91,686.23,1360015022,12394013972883,254601166225382.0
2020-05-18,690.85,2,-1.08,-0.0016,695.17,695.9,688.88,1470278618,10497458554156,254241536040340.0
2020-05-19,696.36,1,5.51,0.008,696.01,696.39,687.67,1819084997,11873294254513,256361306366522.0
2020-05-20,708.76,1,12.4,0.0178,697.15,709.16,697.09,2068645159,10475840387551,260722663361861.0
2020-05-21,716.02,1,7.26,0.0102,714.33,716.72,711.71,1993800798,11336859865421,263378591314049.0
2020-05-22,708.58,2,-7.44,-0.0104,717.78,719.15,702.5,1696053428,10791248591617,260660795756584.0
2020-05-25,719.89,1,11.31,0.016,712.88,719.89,708.6,1603666460,9460186140297,264794260868980.0
2020-05-26,729.11,1,9.22,0.0128,723.28,729.16,718.81,1554767947,10344399180723,268197171928379.0
2020-05-27,724.59,2,-4.52,-0.0062,728.26,730.41,722.04,1571385984,10577662065220,266629833314572.0
2020-05-28,708.75,2,-15.84,-0.0219,728.76,728.8,695.3,2097276801,11912397616368,260829222541212.0
2020-05-29,713.68,1,4.93,0.0069999999999999,706.16,714.51,700.84,1472678588,8503015269715,262489491150160.0
2020-06-01,735.72,1,22.04,0.0308999999999999,716.96,735.72,716.83,1275399532,10325550072820,270574394489720.0
2020-06-02,743.58,1,7.86,0.0107,737.67,743.7,735.06,1464961256,10733016778350,274253647791854.0
2020-06-03,737.66,2,-5.92,-0.008,749.49,750.14,734.63,1482743643,11559145518301,272084302185968.0
2020-06-04,742.37,1,4.71,0.0064,742.87,744.36,733.91,1305965359,9774409088927,273828409346018.0
2020-06-05,749.31,1,6.94,0.0093,743.65,749.75,739.52,1125022729,8656169341319,276027410148199.0
2020-06-08,753.04,1,3.73,0.005,754.12,754.32,747.37,1325593883,9120474445961,277963922903614.0
2020-06-09,753.82,1,0.78,0.001,756.02,756.45,746.56,1532566129,10343145794014,278254924581486.0
2020-06-10,758.62,1,4.8,0.0064,754.3,759.48,752.29,1577271882,12213263402340,280250042281570.0
2020-06-11,757.06,2,-1.56,-0.0021,760.07,766.96,752.04,1452105458,13508483238328,279711253374558.0
2020-06-12,746.06,2,-11.0,-0.0144999999999999,722.91,747.37,722.81,1324399825,11700600066952,275693170627774.0
2020-06-15,693.15,2,-52.91,-0.0709,745.6,747.21,693.15,1470732690,12260630750648,256105100809004.0
2020-06-16,735.38,1,42.23,0.0608999999999999,716.6,735.74,714.14,1320202220,10669159163167,270837275164427.0
2020-06-17,735.4,1,0.02,0.0,731.91,743.11,717.68,1408467690,10425319275124,271270293628374.0
2020-06-18,737.33,1,1.93,0.0026,738.11,743.12,732.92,1243956090,10605932236459,272153590832893.0
2020-06-19,742.03,1,4.7,0.0064,743.35,743.94,732.55,1529200115,12365576841701,274440983987982.0
2020-06-22,751.64,1,9.61,0.013,742.98,752.98,741.78,1336686240,10511545117287,278063201264343.0
2020-06-23,753.23,1,1.59,0.0021,758.61,761.37,744.26,1584472642,11682636855356,279155470931867.0
2020-06-24,759.5,1,6.27,0.0083,758.15,765.21,755.12,1333491336,11763015571337,281450477660148.0
2020-06-25,750.36,2,-9.14,-0.012,749.81,757.23,745.98,1362068902,11212779391026,277965658495348.0
2020-06-26,750.58,1,0.22,0.0003,758.62,758.62,742.57,1522033594,11787915491304,278144001033545.0
2020-06-29,734.69,2,-15.89,-0.0212,743.88,747.3,732.86,1347220000,9278719446789,272137619942336.0
2020-06-30,737.97,1,3.28,0.0045,744.54,744.54,731.76,1638598248,10528654854717,273285565080667.0
2020-07-01,727.58,2,-10.39,-0.0141,743.53,744.03,726.36,1184777323,8563272653656,269662310956897.0
2020-07-02,742.55,1,14.97,0.0206,732.94,742.55,732.09,1155544385,7539546908279,275201178190719.0
2020-07-03,752.18,1,9.63,0.013,746.13,752.22,741.11,1285378847,10147594270901,279224713694335.0
2020-07-06,759.9,1,7.72,0.0103,754.74,759.93,750.43,1142167783,8304840999364,282228831199949.0
2020-07-07,759.16,2,-0.74,-0.001,763.4,764.46,755.44,1290021016,10083403656699,282597936055501.0
2020-07-08,765.96,1,6.8,0.009,761.19,765.96,758.38,1306346231,10447531664480,283626666703050.0
2020-07-09,772.9,1,6.94,0.0091,770.46,774.5,769.31,1465602850,10387777888447,286265524654509.0
2020-07-10,772.81,2,-0.09,-0.0001,773.75,775.99,766.51,1332284345,12857389818389,286443593282677.0
2020-07-13,781.19,1,8.38,0.0108,777.92,781.19,773.08,1395977765,10852689014357,289955018660195.0
2020-07-14,778.39,2,-2.8,-0.0036,776.19,782.7,775.29,1635618753,12279852723326,289138577379961.0
2020-07-15,781.29,1,2.9,0.0037,783.14,783.29,775.96,1527810704,11307493831109,290382638256614.0
2020-07-16,775.07,2,-6.22,-0.008,783.24,783.24,769.39,1631137865,11153409883460,288054482816058.0
2020-07-17,783.22,1,8.15,0.0105,776.97,783.32,775.78,1365421261,8582996503427,290874354829833.0
2020-07-20,781.96,2,-1.26,-0.0016,786.25,786.29,776.97,1399220868,9279615248617,290683030081282.0
2020-07-21,790.58,1,8.62,0.011,787.3,792.2,785.75,1500350945,10341745248274,293847532413471.0
2020-07-22,794.99,1,4.41,0.0056,790.58,795.32,785.97,1476960212,11376188140829,295699183058717.0
2020-07-23,801.69,1,6.7,0.0084,796.46,803.07,792.27,1384206023,13661425189524,295719448167150.0
2020-07-24,794.8,2,-6.89,-0.0086,796.08,804.61,788.72,1455338205,12472640781381,293589630685837.0
2020-07-27,801.23,1,6.43,0.0081,795.19,804.58,795.19,1293548736,10426711995792,296395850284599.0
2020-07-28,807.85,1,6.62,0.0083,807.29,810.97,802.04,1547330215,11968083145955,298918047452087.0
2020-07-29,808.59,1,0.74,0.0009,807.71,809.77,804.29,1181621506,10594912989302,299433926691035.0
2020-07-30,814.19,1,5.6,0.0069,812.83,814.41,808.02,1301897880,13271127401229,301637228211747.0
2020-07-31,815.3,1,1.11,0.0014,817.52,818.7,814.23,1357354629,13058945226631,303951763086638.0
2020-08-03,827.57,1,12.27,0.015,820.41,827.79,815.15,1522754148,14512981443529,308607793868019.0
2020-08-04,835.35,1,7.78,0.0093999999999999,833.28,835.35,830.55,1509116541,13940170504044,311492401847718.0
2020-08-05,847.28,1,11.93,0.0143,837.19,847.38,837.11,1521802094,12744683649905,316312310546645.0
2020-08-06,854.12,1,6.84,0.0081,854.02,855.73,847.9,1498959838,14220423784626,318891872037496.0
2020-08-07,857.63,1,3.51,0.0040999999999999,858.3,859.43,849.01,1397199527,14574967437092,320507965456862.0
2020-08-10,862.76,1,5.13,0.006,859.53,863.8,854.48,1464015119,12625988092545,322848851704705.0
2020-08-11,860.23,2,-2.53,-0.0029,863.07,863.72,858.0,1532477407,13343016331686,322120086005506.0
2020-08-12,845.6,2,-14.63,-0.017,858.88,858.88,836.58,1674531224,14357658336914,316875295766191.0
2020-08-13,854.77,1,9.17,0.0108,854.82,862.98,852.15,1811111238,14868747939517,323218790975472.0
2020-08-14,835.03,2,-19.74,-0.0231,854.71,854.71,831.15,1732238253,13842550789521,316140847903004.0
2020-08-18,800.22,2,-34.81,-0.0417,834.55,834.55,794.91,1897401079,15861822146640,303852984979660.0
2020-08-19,818.74,1,18.52,0.0231,810.86,818.74,805.52,1601780980,14760513194950,311308564860357.0
2020-08-20,791.14,2,-27.6,-0.0337,816.63,821.11,785.0,1813140955,15393962828935,300679365482901.0
2020-08-21,796.01,1,4.87,0.0062,801.14,802.7,781.41,1658737136,14078885159446,302335894670751.0
2020-08-24,815.74,1,19.73,0.0248,798.2,815.74,787.93,1521281540,12997622808742,309708752641242.0
2020-08-25,836.31,1,20.57,0.0252,821.53,836.41,820.02,1605321337,14241915426823,317479077590074.0
2020-08-26,841.35,1,5.04,0.006,838.86,842.48,827.27,2152206828,17370409390169,319342491193477.0
2020-08-27,836.4,2,-4.95,-0.0059,842.38,842.83,832.74,2951684093,20848705414699,317502632627264.0
2020-08-28,841.3,1,4.9,0.0059,841.76,850.38,837.86,2111380251,16800923043506,319399051714396.0
2020-08-31,848.24,1,6.94,0.0081999999999999,847.97,852.54,839.63,1890066384,14737499586874,322427182130296.0
2020-09-01,853.37,1,5.13,0.006,850.58,854.22,847.53,1843909656,12734768508275,324374410245305.0
2020-09-02,866.74,1,13.37,0.0157,859.58,866.87,858.23,1843232410,14343098669927,329509234445006.0
2020-09-03,874.13,1,7.39,0.0085,871.02,874.16,869.84,1763488562,14025988533573,332407173304438.0
2020-09-04,866.04,2,-8.09,-0.0093,841.37,866.9,841.37,1730687456,14668094740830,329352561238170.0
2020-09-07,878.88,1,12.84,0.0148,872.03,879.36,864.39,1884731635,16014602593085,334262941381201.0
2020-09-08,878.29,2,-0.59,-0.0007,884.72,887.01,874.31,2517936267,19644737767900,333947635918970.0
2020-09-09,869.47,2,-8.82,-0.01,864.91,877.67,864.17,2367815600,16431483506706,330792229296867.0
2020-09-10,884.3,1,14.83,0.0171,881.12,884.3,874.77,1990691642,14651175377663,341586680390987.0
2020-09-11,888.44,1,4.14,0.0046999999999999,881.23,888.44,877.58,1994166155,14400432257925,343176240753738.0
2020-09-14,894.17,1,5.73,0.0064,894.38,894.8,886.48,1699498499,13528195166100,345578327210490.0
2020-09-15,899.46,1,5.29,0.0059,898.63,899.64,893.24,2098772869,15836926948795,347286394902148.0
2020-09-16,896.28,2,-3.18,-0.0034999999999999,901.75,905.56,891.99,2410950958,16003999657018,346431900577334.0
2020-09-17,885.18,2,-11.1,-0.0124,897.88,898.43,883.5,2286208575,14316885512166,342165649898536.0
2020-09-18,888.88,1,3.7,0.0042,889.47,892.39,878.78,1768419897,12674547734766,343792634700892.0
2020-09-21,866.99,2,-21.89,-0.0246,889.94,892.34,859.4,1965201109,13745295530716,335595334631637.0
2020-09-22,842.72,2,-24.27,-0.0279999999999999,867.72,867.89,838.13,1973655610,12318664052452,326397280358627.0
2020-09-23,843.45,1,0.73,0.0009,855.57,856.14,821.89,2246112604,13123004566410,326789815264100.0
2020-09-24,806.95,2,-36.5,-0.0433,825.74,833.04,804.28,2196877554,15462868746297,312855988837733.0
2020-09-25,808.28,1,1.33,0.0016,817.95,820.74,799.53,2212037146,13310027470901,313297467776482.0
2020-09-28,835.91,1,27.63,0.0342,820.72,836.15,819.86,1938337187,11134007052469,323925942792849.0
2020-09-29,848.15,1,12.24,0.0146,844.69,848.59,839.68,2084774071,11430772176461,328737556831502.0
2020-10-05,858.39,1,10.24,0.0121,848.67,858.82,843.06,1675260522,9951689845926,332735297891713.0
2020-10-06,862.58,1,4.19,0.0049,863.74,866.67,855.65,1981912495,10972339979124,334539907656227.0
2020-10-07,869.66,1,7.08,0.0081999999999999,856.7,869.69,856.66,2013038584,10601101845334,337583712704180.0
2020-10-08,871.62,1,1.96,0.0023,875.12,875.59,867.63,1994293780,12138290250017,338661105978556.0
2020-10-12,873.5,1,1.88,0.0022,875.25,875.25,868.01,2009372661,11751824977415,339021906210366.0
2020-10-13,871.92,2,-1.58,-0.0018,878.15,878.15,865.95,2277904281,14295524271439,338430534770178.0
2020-10-14,861.48,2,-10.44,-0.012,873.04,875.02,859.88,2373269157,12910781479414,334550903603476.0
2020-10-15,844.44,2,-17.04,-0.0197999999999999,861.37,861.37,833.55,2238669254,12500116810433,328155187061264.0
2020-10-16,833.84,2,-10.6,-0.0126,845.63,849.2,822.58,2275827730,10675848866378,324013185437601.0
2020-10-19,822.25,2,-11.59,-0.0139,836.83,838.63,821.5,1701656424,8516309771294,319817488099764.0
2020-10-20,824.65,1,2.4,0.0029,816.16,825.96,803.24,1664943968,10171863498380,320969248161526.0
2020-10-21,830.67,1,6.02,0.0073,827.35,830.95,819.66,1492449767,8700877486759,323449840723502.0
2020-10-22,812.7,2,-17.97,-0.0216,826.71,826.71,812.7,1734931881,9569520842369,316737110306542.0
2020-10-23,807.98,2,-4.72,-0.0058,817.7,817.7,804.75,1613364042,8366884020886,314966299108851.0
2020-10-26,778.02,2,-29.96,-0.0371,808.06,808.06,776.7,1634353781,8397441484378,303350650289887.0
2020-10-27,783.73,1,5.71,0.0073,771.84,794.04,766.96,2056533903,9246700919836,305590127162085.0
2020-10-28,806.2,1,22.47,0.0287,784.88,806.2,784.88,2049765027,7888726075126,314532559648375.0
2020-10-29,813.93,1,7.73,0.0096,791.02,814.16,791.02,1942544826,8292420034498,317270556284783.0
2020-10-30,792.65,2,-21.28,-0.0260999999999999,814.16,814.59,791.3,1880463332,8550017302636,309289392479541.0
2020-11-02,802.95,1,10.3,0.013,796.46,805.92,789.85,1537119962,6627149202726,313355465592139.0
2020-11-03,818.46,1,15.51,0.0192999999999999,810.01,821.28,810.01,1672273900,8746154853318,320035935003544.0
2020-11-04,826.97,1,8.51,0.0104,826.04,828.89,814.76,1804688626,10836965446701,323327674558939.0
2020-11-05,844.8,1,17.83,0.0216,833.37,845.81,831.78,1660809740,9827780299701,330313259670443.0
2020-11-06,836.78,2,-8.02,-0.0095,849.18,849.39,832.27,1923198756,13035090450987,327536568247327.0
2020-11-09,851.21,1,14.43,0.0172,845.81,851.21,845.17,1735445076,9930999641108,333140278598057.0
2020-11-10,840.79,2,-10.42,-0.0121999999999999,844.22,844.22,835.27,1815647411,11637052317231,329059123341736.0
2020-11-11,839.9,2,-0.89,-0.0011,840.89,842.76,829.53,2281172072,14066237034416,328432620617222.0
2020-11-12,840.08,1,0.18,0.0002,844.64,846.87,835.95,2068886438,11004803550932,328523167447655.0
2020-11-13,839.14,2,-0.94,-0.0011,837.28,839.54,826.17,1878625510,11733210878522,328357813196633.0
2020-11-16,847.33,1,8.19,0.0098,843.49,849.8,841.6,1619880173,10255818641401,331576034102507.0
2020-11-17,839.47,2,-7.86,-0.0093,846.55,846.55,836.0,1789493228,13642004402586,328957751501870.0
2020-11-18,851.74,1,12.27,0.0146,842.55,852.27,840.43,2330367048,14023705136659,334104731554859.0
2020-11-19,859.94,1,8.2,0.0096,851.68,860.99,849.72,2249200505,14795415294038,337226659089998.0
2020-11-20,870.18,1,10.24,0.0118999999999999,863.07,870.78,861.29,2148981921,13486881457703,342172155909942.0
2020-11-23,873.29,1,3.11,0.0036,872.22,875.26,868.6,2118835981,12853792911956,343359670857658.0
2020-11-24,872.1,2,-1.19,-0.0014,876.65,876.89,868.89,3185108496,14901986395090,343063375713436.0
2020-11-25,865.12,2,-6.98,-0.008,877.35,878.76,855.28,2494367783,18099462883809,340769656448342.0
2020-11-26,874.53,1,9.41,0.0109,868.6,875.26,861.05,1917340219,14580990661332,344984852565356.0
2020-11-27,885.56,1,11.03,0.0126,876.37,886.2,875.45,1829517005,12257401111567,349517656218602.0
2020-11-30,886.11,1,0.55,0.0006,890.65,891.53,885.65,1738037033,12153801452750,349878362036610.0
2020-12-01,891.29,1,5.18,0.0058,889.53,892.22,883.24,2133268235,12060673918302,352059819129442.0
2020-12-02,899.34,1,8.05,0.009,894.94,899.87,891.61,1890607381,13100865549191,355729099214863.0
2020-12-03,907.61,1,8.27,0.0092,901.61,907.72,900.09,2361180563,16430143120017,359010281832876.0
2020-12-04,913.76,1,6.15,0.0068,909.99,914.27,908.24,2167590114,16022525163512,361579274457035.0
2020-12-07,926.88,1,13.12,0.0144,914.15,927.35,910.36,2240526628,15665448246537,366928818634212.0
2020-12-08,906.84,2,-20.04,-0.0216,927.69,933.14,906.31,2601247446,18790847038787,358900481894265.0
2020-12-09,913.81,1,6.97,0.0077,908.05,917.21,904.45,2695657558,15615512175206,361967964595158.0
2020-12-10,921.7,1,7.89,0.0086,913.02,922.13,905.76,2666888165,14252740108960,365460909381638.0
2020-12-11,928.44,1,6.74,0.0073,925.3,929.23,923.39,1913758653,12775711431871,368341552823298.0
2020-12-14,929.54,1,1.1,0.0012,930.78,935.9,924.52,1610591744,14468239351106,369095208364118.0
2020-12-15,931.27,1,1.73,0.0019,930.73,934.3,921.27,2100826277,15788436049628,369949155726159.0
2020-12-16,939.65,1,8.38,0.009,932.41,941.45,932.41,1998312721,15564362953766,373325658996791.0
2020-12-17,944.04,1,4.39,0.0046999999999999,938.88,948.43,938.88,2650705919,16016013441596,375215635852649.0
2020-12-18,947.24,1,3.2,0.0034,945.81,948.59,942.46,2114839283,14532797545092,376636182298777.0
2020-12-21,953.58,1,6.34,0.0067,948.64,954.34,940.98,1926451056,16060513051164,379532019557436.0
2020-12-22,928.73,2,-24.85,-0.0260999999999999,953.48,953.48,928.51,1856455546,16455910112488,370417453416453.0
2020-12-23,923.17,2,-5.56,-0.006,932.25,938.91,918.44,1924137383,17289386263186,368990490176716.0
2020-12-24,928.68,1,5.51,0.006,924.34,933.39,920.53,1724765857,14369069603729,371285191286270.0
2020-12-28,927.0,2,-1.68,-0.0018,930.07,937.76,923.96,1642275265,16901675320394,370820564030624.0
2020-12-29,957.41,1,30.41,0.0327999999999999,928.58,957.48,928.58,1510814119,15406656310122,381194852318890.0
2020-12-30,968.42,1,11.01,0.0115,957.38,971.04,955.38,1638729235,16629392847377,385582620024419.0
2021-01-04,977.62,1,9.2,0.0095,968.86,977.62,960.52,1697123287,16878573342719,389065995135020.0
2021-01-05,985.76,1,8.14,0.0083,976.43,985.76,965.53,1808188609,18692449817778,391948561343148.0
2021-01-06,981.39,2,-4.37,-0.0044,987.25,990.88,977.37,1980415660,17521679765796,390292104174552.0
2021-01-07,988.86,1,7.47,0.0076,983.28,993.91,982.27,2256784798,18205995735137,393044712397583.0
2021-01-08,987.79,2,-1.07,-0.0011,990.7,995.22,978.12,2557365931,20362396725517,393016718764822.0
2021-01-11,976.63,2,-11.16,-0.0113,988.38,993.2,953.36,2201087113,20404861049194,388709158840849.0
2021-01-12,973.72,2,-2.91,-0.003,977.14,982.46,956.72,1741983615,13948876927307,387975469314251.0
2021-01-13,979.13,1,5.41,0.0056,974.14,982.66,972.1,1635160538,13080341895002,389900531656255.0
2021-01-14,980.29,1,1.16,0.0012,979.1,980.29,973.63,1736166508,13926039855569,390258095416319.0
2021-01-15,964.44,2,-15.85,-0.0162,981.72,982.31,963.09,1844766395,14722914589801,384165117957820.0
2021-01-18,944.67,2,-19.77,-0.0204999999999999,963.18,967.05,940.11,2040501391,13833864860768,376489396513436.0
2021-01-19,957.75,1,13.08,0.0138,945.33,962.14,936.93,2107756060,13405288448098,381601683194685.0
2021-01-20,977.66,1,19.91,0.0208,959.52,978.88,959.52,2441708683,14524258375480,389715588171039.0
2021-01-21,981.4,1,3.74,0.0038,979.82,984.98,975.62,1995071158,13845534429881,391719846279938.0
2021-01-22,979.98,2,-1.42,-0.0014,982.2,984.67,975.05,2288183346,15030875451228,392789001939249.0
2021-01-25,999.3,1,19.32,0.0197,981.05,999.64,981.05,1850119233,13779123861299,400496596683655.0
2021-01-26,994.0,2,-5.3,-0.0053,1000.0,1007.52,989.03,2651486050,16664899933369,398475654653447.0
2021-01-27,985.92,2,-8.08,-0.0081,996.42,1000.75,984.37,2857961966,15052424810455,395807997983747.0
2021-01-28,961.23,2,-24.69,-0.025,980.7,980.7,957.17,1951603292,13574661196362,386191348324985.0
2021-01-29,928.73,2,-32.5,-0.0338,963.58,970.95,918.68,2190876596,14917826136720,373691858148363.0
2021-02-01,956.92,1,28.19,0.0304,927.92,957.26,918.92,1546510024,10500432228328,383852379055594.0
2021-02-02,963.81,1,6.89,0.0072,958.85,972.35,953.72,1957391693,12015887337305,386610425371649.0
2021-02-03,970.69,1,6.88,0.0070999999999999,965.99,970.85,958.47,1912432035,12424600016962,389885989651896.0
2021-02-04,964.58,2,-6.11,-0.0063,970.93,970.95,958.05,2164705215,10415048915052,387517289425539.0
2021-02-05,967.42,1,2.84,0.0029,965.61,970.6,961.26,1988200753,10875951709484,388912076402899.0
2021-02-08,960.78,2,-6.64,-0.0069,966.94,968.03,956.93,2128325793,11091711042157,386388134694390.0
2021-02-09,957.85,2,-2.93,-0.003,961.31,966.22,957.69,3198991739,11467879097019,385254075945136.0
2021-02-10,964.31,1,6.46,0.0067,958.45,964.66,951.21,2806752142,10869297224752,388165994006552.0
2021-02-15,981.97,1,17.66,0.0183,965.83,982.78,965.83,3028376072,13372443817717,395295971775420.0
2021-02-16,977.74,2,-4.23,-0.0043,982.81,987.89,974.3,2985480993,17770235901468,393679329335145.0
2021-02-17,979.77,1,2.03,0.0021,977.93,979.9,970.55,5067754544,17218003934773,394436144128262.0
2021-02-18,967.42,2,-12.35,-0.0126,980.01,981.83,967.42,4408951407,16123123919251,389666391103170.0
2021-02-19,965.11,2,-2.31,-0.0024,967.65,968.92,944.74,4388461298,14536826618216,388856406467420.0
2021-02-22,954.29,2,-10.82,-0.0112,965.55,969.96,953.48,2731249440,13079035608091,384951310602166.0
2021-02-23,936.6,2,-17.69,-0.0185,952.23,952.23,934.35,3388331684,14776667851803,377978844331845.0
2021-02-24,906.31,2,-30.29,-0.0323,936.8,944.71,906.31,3622292087,15018599227546,367568379814534.0
2021-02-25,936.21,1,29.9,0.033,910.15,936.94,910.15,2445198430,13624179173398,379987785639181.0
2021-02-26,913.94,2,-22.27,-0.0237999999999999,930.54,930.54,904.18,2642759545,13748133033236,371466543251172.0
2021-03-02,923.17,1,9.23,0.0101,919.17,936.61,914.49,2959663360,11890567267383,374761728785017.0
2021-03-03,930.8,1,7.63,0.0083,922.52,930.86,920.07,3392814631,11170634491467,377728532829665.0
2021-03-04,926.2,2,-4.6,-0.0049,929.09,929.09,916.75,2448986924,11408925950249,375878532596092.0
2021-03-05,923.48,2,-2.72,-0.0029,923.32,924.42,907.41,2167990446,11452388886214,374836333465674.0
2021-03-08,904.77,2,-18.71,-0.0203,925.19,931.14,904.62,3318912036,11138339467079,367276289920824.0
2021-03-09,896.36,2,-8.41,-0.0093,904.04,904.04,877.73,3506189834,12509904631001,363976850953458.0
2021-03-10,890.07,2,-6.29,-0.0069999999999999,900.19,911.04,890.07,2879346024,10985816567193,361305227194353.0
2021-03-11,908.01,1,17.94,0.0202,890.97,908.01,890.97,2424907434,10785517154361,369291141596873.0
2021-03-12,925.49,1,17.48,0.0192999999999999,910.41,925.9,910.41,2856192772,11371313278564,376937995497048.0
2021-03-15,926.9,1,1.41,0.0015,926.04,929.69,921.71,2341585237,9808561730228,374910568269933.0
2021-03-16,940.65,1,13.75,0.0148,928.17,941.0,928.17,3365161890,12772182236696,381805863582235.0
2021-03-17,943.78,1,3.13,0.0033,941.2,943.78,935.11,2756482451,11765127256871,382735307810819.0
2021-03-18,949.83,1,6.05,0.0064,945.11,953.1,945.11,2062909604,11265567462545,385169771506175.0
2021-03-19,952.11,1,2.28,0.0024,946.61,953.06,935.27,1664272944,9633981408576,386433770456718.0
2021-03-22,955.38,1,3.27,0.0034,953.04,957.52,948.77,1777228197,10545520312097,387718070775718.0
2021-03-23,946.31,2,-9.07,-0.0095,956.1,962.65,945.97,2041533917,10883535325053,384442003801071.0
2021-03-24,953.82,1,7.51,0.0079,946.23,954.2,939.19,1729386492,10779149255181,386868063841943.0
2021-03-25,954.99,1,1.17,0.0012,953.26,955.24,948.34,1751078877,10640625791853,387311921085308.0
2021-03-26,956.7,1,1.71,0.0018,955.68,959.46,951.13,2125124532,9859024652982,388051677647507.0
2021-03-29,954.1,2,-2.6,-0.0027,956.88,961.73,952.22,2388776081,10283078701462,386977420485060.0
2021-03-30,958.06,1,3.96,0.0042,954.54,959.88,954.54,2027304695,10898410835946,388660278311558.0
2021-03-31,956.17,2,-1.89,-0.002,958.38,961.02,954.17,1854442291,11157684161677,388147690314283.0
2021-04-01,965.78,1,9.61,0.0101,956.87,965.81,954.93,2007569734,11588752060360,394771352585303.0
2021-04-02,970.09,1,4.31,0.0045,967.56,971.17,966.34,2331145002,12475512938704,396697734570566.0
2021-04-05,969.77,2,-0.32,-0.0003,971.04,973.57,966.52,1927322026,10929283245729,396773128894474.0
2021-04-06,968.63,2,-1.14,-0.0012,971.11,974.14,964.62,2413259358,12537286793688,396257628693703.0
2021-04-07,973.22,1,4.59,0.0046999999999999,969.3,974.11,968.35,2044987278,11616232738217,398349530804879.0
2021-04-08,982.02,1,8.8,0.009,974.14,982.04,969.53,1909598759,12521104061889,401896476660266.0
2021-04-09,989.39,1,7.37,0.0075,983.4,991.17,983.4,1593414936,11105387299119,405099551452819.0
2021-04-12,1000.65,1,11.26,0.0113999999999999,992.31,1000.78,990.32,1910152776,11840390517269,411115361023712.0
2021-04-13,1010.37,1,9.72,0.0097,1001.0,1010.8,1001.0,3655477351,14516838064880,415390067415364.0
2021-04-14,1014.42,1,4.05,0.004,1011.35,1016.06,1009.34,3177259828,13053979363154,417153328275534.0
2021-04-15,1013.9,2,-0.52,-0.0005,1014.34,1014.72,1008.8,2618274064,13132193741034,417077084368359.0
2021-04-16,1021.62,1,7.72,0.0076,1015.71,1022.36,1014.4,2070393809,12810677631426,420677460835311.0
2021-04-19,1029.46,1,7.84,0.0077,1022.06,1032.64,1020.58,2005256990,12743222843875,423343134725197.0
2021-04-20,1031.88,1,2.42,0.0024,1029.18,1031.9,1025.48,1768976339,11547530302802,424474314927600.0
2021-04-21,1022.22,2,-9.66,-0.0093999999999999,1031.26,1031.26,1019.59,2887741660,12630919012049,420953717156715.0
2021-04-22,1025.71,1,3.49,0.0034,1023.65,1029.8,1023.43,4090170279,13743537919361,422945269881904.0
2021-04-23,1026.82,1,1.11,0.0011,1024.29,1029.79,1018.87,4099784415,13672671471562,421550876803695.0
2021-04-26,1030.06,1,3.24,0.0032,1027.4,1030.6,1025.73,2927454731,13564839609432,423108000635792.0
2021-04-27,1021.01,2,-9.05,-0.0088,1030.29,1031.95,1019.81,3413757092,13671001025821,419685854453869.0
2021-04-28,998.27,2,-22.74,-0.0223,1021.13,1021.13,995.96,3244383442,13711332738506,411061833412744.0
2021-04-29,990.69,2,-7.58,-0.0076,999.01,1004.57,983.73,1931273721,11030438705238,408351811829639.0
2021-04-30,983.45,2,-7.24,-0.0073,991.08,995.74,975.66,1467201921,9529736593310,405736743776629.0
2021-05-03,961.81,2,-21.64,-0.022,982.97,986.2,961.3,1463943555,9138618717780,396831733638339.0
2021-05-04,967.2,1,5.39,0.0056,961.32,967.68,944.15,1548789401,9663135608893,398772703896844.0
2021-05-06,969.99,1,2.79,0.0029,966.62,971.65,961.16,1144812274,7410517881895,399981476935046.0
2021-05-07,978.3,1,8.31,0.0086,970.96,981.04,970.96,1268171627,8329519876075,403331514284598.0
2021-05-10,992.8,1,14.5,0.0148,979.38,993.06,979.38,1321822328,9194819231867,409442843856119.0
2021-05-11,978.61,2,-14.19,-0.0143,991.41,991.41,974.1,1413548300,9057854155977,403655764953011.0
2021-05-12,967.1,2,-11.51,-0.0118,978.27,979.99,958.57,1973033508,10980021244267,398888551390249.0
2021-05-13,951.77,2,-15.33,-0.0159,963.31,965.27,948.04,1445729955,10532691676594,392640700628032.0
2021-05-14,966.72,1,14.95,0.0157,953.91,967.18,953.91,1563428973,9811854409167,398933318009256.0
2021-05-17,962.5,2,-4.22,-0.0044,968.02,973.35,958.64,1458831318,10130861131875,397767111649832.0
2021-05-18,969.1,1,6.6,0.0069,962.83,969.79,959.98,1422393325,9981061863402,400500532174965.0
2021-05-20,971.13,1,2.03,0.0021,968.35,971.62,962.78,1531653535,8678381258959,403740754781293.0
2021-05-21,965.63,2,-5.5,-0.0056999999999999,972.3,979.37,965.55,1533585027,9504922357367,401618335153906.0
2021-05-24,948.37,2,-17.26,-0.0179,965.23,965.23,948.37,1540416884,9572309621161,394522746128492.0
2021-05-25,962.07,1,13.7,0.0144,949.78,963.4,949.78,1681868216,9513732404121,400299188194730.0
2021-05-26,966.06,1,3.99,0.0040999999999999,962.69,967.49,962.69,1939819737,9619791920821,402405441395329.0
2021-05-27,974.08,1,8.02,0.0083,967.01,974.29,960.64,1846140294,9837962073664,405770135577068.0
2021-05-28,977.46,1,3.38,0.0034999999999999,974.55,979.59,973.76,1577407642,8791949425246,407091956786306.0
2021-05-31,981.78,1,4.32,0.0044,979.0,983.41,979.0,1639881268,9035639114514,408938575016279.0
2021-06-01,984.59,1,2.81,0.0029,982.25,984.61,979.13,1779134671,9307165354697,410198729530081.0
2021-06-02,981.1,2,-3.49,-0.0034999999999999,985.5,986.0,977.74,1608837586,9639645807445,408626969774157.0
2021-06-03,990.19,1,9.09,0.0093,981.52,992.01,981.52,1704638309,8903652596634,412623714616328.0
2021-06-04,987.58,2,-2.61,-0.0026,990.16,990.16,983.02,2145264098,9881302433859,411626501939352.0
2021-06-07,985.86,2,-1.72,-0.0017,989.16,993.06,982.14,1954562972,9593189295963,410940950546112.0
2021-06-08,986.12,1,0.26,0.0003,986.43,988.35,982.75,1870820092,10590624231171,411012620425734.0
2021-06-09,978.79,2,-7.33,-0.0074,986.59,989.15,978.79,1687026003,10707179239580,407968255243612.0
2021-06-10,987.77,1,8.98,0.0092,979.52,993.08,979.47,1822081867,11158582914620,411720368833280.0
2021-06-11,991.13,1,3.36,0.0034,989.39,993.9,989.15,1548048245,9302575660730,413452800863739.0
2021-06-14,997.41,1,6.28,0.0063,992.8,998.85,991.93,1410029915,8648789497348,416060123492539.0
2021-06-15,997.37,2,-0.04,0.0,998.05,999.53,993.64,1643386486,9272013405861,415922787479071.0
2021-06-16,998.49,1,1.12,0.0011,997.68,1000.43,995.35,1435443567,8458793242890,416454471929237.0
2021-06-17,1003.72,1,5.23,0.0052,998.27,1004.7,994.76,1879605156,10138782773724,418787424540406.0
2021-06-18,1015.88,1,12.16,0.0121,1004.57,1016.33,1004.57,1849423450,11630309166631,423922152780844.0
2021-06-21,1010.99,2,-4.89,-0.0048,1014.59,1014.59,1006.83,1506150987,11060016377784,421945247103062.0
2021-06-22,1011.56,1,0.57,0.0006,1012.01,1016.7,1008.11,1611178252,11361988493104,422123177352320.0
2021-06-23,1016.46,1,4.9,0.0048,1012.78,1020.85,1012.78,1861225824,15440030033107,424693629699365.0
2021-06-24,1012.62,2,-3.84,-0.0038,1017.11,1019.35,1010.18,1862769084,12802685707274,423111351428983.0
2021-06-25,1012.13,2,-0.49,-0.0005,1013.97,1018.98,1011.31,1340335001,9845815540016,423253943120004.0
2021-06-28,1017.91,1,5.78,0.0056999999999999,1013.47,1018.76,1013.47,1587502357,9860922680859,425676140763402.0
2021-06-29,1022.52,1,4.61,0.0045,1019.64,1026.83,1019.28,2061941918,11864825291981,427689302215526.0
2021-06-30,1029.96,1,7.44,0.0073,1023.74,1030.94,1023.74,2086090133,10424600134472,430852268750372.0
2021-07-01,1035.64,1,5.68,0.0055,1030.48,1036.47,1028.48,1686829722,11193236448322,433343011836407.0
2021-07-02,1038.18,1,2.54,0.0025,1036.28,1038.54,1033.94,1685412039,12315435942919,434367744576722.0
2021-07-05,1047.33,1,9.15,0.0088,1039.79,1048.16,1039.79,1743060742,13870149686160,438133554796721.0
2021-07-06,1044.96,2,-2.37,-0.0023,1047.6,1049.24,1043.51,1964143239,12052441399772,436408555236986.0
2021-07-07,1047.36,1,2.4,0.0023,1045.0,1050.31,1042.42,1692983960,13770429999361,437764656273515.0
2021-07-08,1034.48,2,-12.88,-0.0123,1047.96,1049.95,1028.14,1869433462,15076515066718,432462660464132.0
2021-07-09,1028.93,2,-5.55,-0.0054,1031.78,1031.78,1013.91,2188638702,16117024439742,430338424020886.0
2021-07-12,1034.64,1,5.71,0.0055,1030.36,1037.01,1030.36,1716579256,10521164597353,432781974597761.0
2021-07-13,1043.31,1,8.67,0.0084,1035.68,1044.64,1035.68,1706838384,12868946954311,436637530493466.0
2021-07-14,1044.98,1,1.67,0.0016,1043.5,1045.45,1038.68,1714355799,12921471521369,437311499321458.0
2021-07-15,1054.31,1,9.33,0.0089,1046.57,1055.82,1046.57,2057346426,14717739646084,441302326422663.0
2021-07-16,1051.98,2,-2.33,-0.0022,1053.85,1053.95,1044.7,1728614265,11962097470508,439277850957363.0
2021-07-19,1049.83,2,-2.15,-0.002,1049.51,1051.45,1046.9,1404708503,11490891576495,438254882904271.0
2021-07-20,1043.64,2,-6.19,-0.0059,1040.99,1049.2,1036.14,1645090439,13173212169315,435763960794600.0
2021-07-21,1042.03,2,-1.61,-0.0015,1051.73,1051.95,1041.44,1322431057,12054385633639,435136915674887.0
2021-07-22,1050.25,1,8.22,0.0079,1046.51,1051.94,1046.51,1623555413,13719638220793,438722951266277.0
2021-07-23,1055.5,1,5.25,0.005,1053.01,1059.18,1053.01,1387871291,11489955224009,441045046066939.0
2021-07-26,1047.63,2,-7.87,-0.0075,1059.91,1060.21,1045.27,1267942889,11547869131951,437943873263120.0
2021-07-27,1046.55,2,-1.08,-0.001,1050.87,1053.46,1045.66,1550178367,11787582715930,438069645140399.0
2021-07-28,1035.68,2,-10.87,-0.0104,1043.19,1048.78,1030.04,1421011305,11763085049011,433789919954429.0
2021-07-29,1044.13,1,8.45,0.0081999999999999,1040.45,1044.79,1039.26,1206053845,10242211515037,436016220558679.0
2021-07-30,1031.14,2,-12.99,-0.0124,1044.28,1044.36,1029.19,1339556449,10862103635482,431002824833462.0
2021-08-02,1037.8,1,6.66,0.0065,1033.17,1038.49,1029.26,1202119976,9558869602146,433576142634198.0
2021-08-03,1036.11,2,-1.69,-0.0016,1038.91,1041.76,1029.05,1504475073,11502919135679,432870713562794.0
2021-08-04,1047.93,1,11.82,0.0113999999999999,1038.96,1047.93,1035.98,1485459389,12036705821031,437927097386031.0
2021-08-05,1059.54,1,11.61,0.0111,1050.45,1060.14,1050.32,1374783413,11892679952479,442746097426831.0
2021-08-06,1059.8,1,0.26,0.0002,1061.32,1062.03,1055.64,1346819616,10222599400268,442943362567919.0
2021-08-09,1060.0,1,0.2,0.0002,1059.29,1061.78,1054.58,1352833724,13620289329328,443085977787914.0
2021-08-10,1052.07,2,-7.93,-0.0075,1060.9,1060.9,1048.98,1689404454,12998339519041,439963433806927.0
2021-08-11,1051.92,2,-0.15,-0.0001,1050.48,1057.03,1048.7,1308328199,12738079063451,440941647898410.0
2021-08-12,1054.09,1,2.17,0.0021,1054.16,1058.41,1052.21,1089521907,12692268968746,441879392583593.0
2021-08-13,1040.78,2,-13.31,-0.0126,1054.28,1054.46,1024.48,1372315163,13044592285920,436624809366874.0
2021-08-17,1011.05,2,-29.73,-0.0286,1039.66,1039.66,1009.21,1176479166,12262428473077,424665454367757.0
2021-08-18,1021.08,1,10.03,0.0098999999999999,1006.8,1022.09,999.26,1095404874,11748690495630,428808322933653.0
2021-08-19,991.15,2,-29.93,-0.0293,1013.93,1022.77,991.13,1401855005,12148931578966,416692695265248.0
2021-08-20,967.9,2,-23.25,-0.0235,997.02,1000.67,964.02,1266099067,12190380219219,408591996539144.0
2021-08-23,993.18,1,25.28,0.0260999999999999,977.87,996.23,969.48,993511266,10296601618224,419217755555069.0
2021-08-24,1013.18,1,20.0,0.0200999999999999,1002.19,1015.09,1000.72,1326076918,12377736833398,427039371777845.0
2021-08-25,1017.78,1,4.6,0.0045,1017.96,1017.96,1006.98,1225841208,10816491514067,429489097888340.0
2021-08-26,1020.44,1,2.66,0.0026,1020.85,1026.26,1015.91,1081654384,11180169707648,430319914198000.0
2021-08-27,1023.51,1,3.07,0.003,1017.36,1027.26,1014.1,1298908156,11406684565352,431572258752024.0
2021-08-30,1031.84,1,8.33,0.0081,1030.65,1035.77,1027.84,1178120943,12200172741599,435388315979671.0
2021-08-31,1038.33,1,6.49,0.0063,1032.77,1038.33,1026.36,1243473897,13623946468144,438022823462682.0
2021-09-01,1045.98,1,7.65,0.0074,1038.09,1046.0,1035.09,1145478500,12022604000530,440812884706616.0
2021-09-02,1047.19,1,1.21,0.0012,1048.15,1048.2,1042.36,1292476797,11427941630718,441259857358480.0
2021-09-03,1053.85,1,6.66,0.0064,1049.81,1054.53,1047.12,1435361402,12103383599963,444098819986813.0
2021-09-06,1052.96,2,-0.89,-0.0008,1056.3,1056.3,1049.27,1331555858,10880614330842,444024963370838.0
2021-09-07,1054.43,1,1.47,0.0014,1054.03,1054.76,1049.8,1568516031,11912893314215,444754596676937.0
2021-09-08,1037.22,2,-17.21,-0.0163,1053.46,1053.46,1037.22,1479336261,11490320271385,437821726277239.0
2021-09-09,1034.62,2,-2.6,-0.0025,1033.97,1042.04,1027.64,1414153405,11120049299621,436799116498971.0
2021-09-10,1037.91,1,3.29,0.0032,1035.86,1039.73,1026.97,1378379001,11346322957348,438788954150453.0
2021-09-13,1026.34,2,-11.57,-0.0111,1036.86,1037.5,1023.98,1261320042,11293321989389,433474434881504.0
2021-09-14,1037.74,1,11.4,0.0111,1029.57,1038.94,1028.4,1157085076,10835020038294,438236418448785.0
2021-09-15,1042.79,1,5.05,0.0049,1039.57,1044.26,1038.8,1438562152,10981025205942,440310242042624.0
2021-09-16,1039.43,2,-3.36,-0.0032,1047.85,1048.37,1037.72,1131795685,9824587326945,438749514615599.0
2021-09-17,1046.12,1,6.69,0.0064,1040.73,1046.13,1033.69,1160928052,10015698180738,441460079778840.0
2021-09-23,1036.26,2,-9.86,-0.0093999999999999,1040.38,1043.58,1036.25,968174945,8944856527666,437574971088129.0
2021-09-24,1037.03,1,0.77,0.0007,1040.43,1045.21,1034.8,1306783503,11609039774307,438342789829077.0
2021-09-27,1034.82,2,-2.21,-0.0021,1037.21,1039.63,1031.93,1045959758,9391058104375,438030979698356.0
2021-09-28,1012.51,2,-22.31,-0.0216,1034.04,1034.07,1012.51,1396083037,11058076989719,428895986394031.0
2021-09-29,1001.46,2,-11.05,-0.0109,994.61,1004.85,989.07,1313134191,10231070525590,424692994271143.0
2021-09-30,1003.27,1,1.81,0.0018,1001.92,1010.03,999.58,1290217375,10376952766694,425618382401229.0
2021-10-01,983.2,2,-20.07,-0.02,998.7,1002.68,982.26,1371271438,11792050726209,416951983881276.0
2021-10-05,955.37,2,-27.83,-0.0283,974.24,974.24,950.09,1346265019,11661440540237,405150027566390.0
2021-10-06,922.36,2,-33.01,-0.0346,962.62,967.67,922.36,1651916244,13277921283319,392727529211677.0
2021-10-07,953.43,1,31.07,0.0337,932.65,953.48,932.32,1353557216,10685912221155,406545805846351.0
2021-10-08,953.11,2,-0.32,-0.0003,959.81,961.72,948.02,1339875035,11200342898141,406605402466677.0
2021-10-12,940.15,2,-12.96,-0.0136,951.12,951.12,936.95,1142383534,8629240929449,401105990838963.0
2021-10-13,953.47,1,13.32,0.0141999999999999,939.4,954.63,939.28,1049502909,9340619809442,406746302690497.0
2021-10-14,983.43,1,29.96,0.0314,960.58,983.63,960.52,1191419853,11105866087309,419563013621520.0
2021-10-15,990.54,1,7.11,0.0072,990.24,992.16,981.83,1365015404,11764984606769,422904129256407.0
2021-10-18,993.86,1,3.32,0.0034,992.57,997.92,985.14,1188921086,9740207830369,424330514996207.0
2021-10-19,1005.35,1,11.49,0.0116,997.57,1005.35,997.1,1375183920,12240802751841,429310538619943.0
2021-10-20,1001.62,2,-3.73,-0.0037,1009.11,1011.55,1001.1,1552193249,11827293635053,427826189364811.0
2021-10-21,993.7,2,-7.92,-0.0079,1003.48,1004.61,992.04,1559956716,11817299443322,424749090561410.0
2021-10-22,995.07,1,1.37,0.0014,992.22,1000.15,989.43,1161757809,10771157419543,425781067107259.0
2021-10-25,994.31,2,-0.76,-0.0008,994.75,995.39,986.55,1061836072,8737161207277,425437548603624.0
2021-10-26,1011.76,1,17.45,0.0175,1000.32,1011.76,1000.29,1330616766,9991541408685,432990292153404.0
2021-10-27,1008.95,2,-2.81,-0.0028,1012.91,1013.17,1006.03,1273224675,11207852223318,431939999325316.0
2021-10-28,1000.13,2,-8.82,-0.0087,1008.93,1011.5,999.59,1311944369,11407407913073,428184000016564.0
2021-10-29,992.33,2,-7.8,-0.0078,1004.91,1005.19,991.03,1318558678,10407000817514,425205954505588.0
2021-11-01,998.57,1,6.24,0.0063,995.56,1001.25,994.28,1173729999,10938622668484,429084558556825.0
2021-11-02,1009.44,1,10.87,0.0109,1000.96,1012.2,1000.96,1399930759,10826784587141,433942487239632.0
2021-11-03,1005.0,2,-4.44,-0.0044,1011.2,1013.68,1003.66,1099571601,10258777705298,432055399313600.0
2021-11-04,1001.43,2,-3.57,-0.0036,1012.62,1015.72,995.73,1227813093,11418124829686,430353454538720.0
2021-11-05,1001.35,2,-0.08,-0.0001,1006.04,1006.04,995.35,1253704592,11271591794126,430421532035926.0
2021-11-08,1002.5,1,1.15,0.0011,999.08,1003.18,988.36,1254164590,10375408483886,430895728191855.0
2021-11-09,1008.68,1,6.18,0.0062,1002.51,1010.79,1002.51,1245497354,11659256395296,433588443941298.0
2021-11-10,987.75,2,-20.93,-0.0207,1006.59,1006.9,983.82,1476502817,14354186393141,425780255167798.0
2021-11-11,992.65,1,4.9,0.005,981.42,994.69,979.68,1108639885,12919701760092,427847548553403.0
2021-11-12,1009.07,1,16.42,0.0165,999.29,1009.15,998.14,856017580,11961657280067,435405394416065.0
2021-11-15,1029.03,1,19.96,0.0197999999999999,1016.35,1029.07,1016.16,932602849,11727310938119,444075252174115.0
2021-11-16,1035.46,1,6.43,0.0062,1029.35,1035.98,1027.07,995271359,13408979760445,446578961130180.0
2021-11-17,1031.26,2,-4.2,-0.0040999999999999,1039.36,1039.36,1028.02,1410240728,16138328944504,445377127450418.0
2021-11-18,1032.77,1,1.51,0.0015,1033.16,1034.51,1018.13,1467430336,14920600398097,446203604074411.0
2021-11-19,1041.92,1,9.15,0.0089,1032.07,1042.4,1029.54,1268957422,13397520463189,450938406584796.0
2021-11-22,1032.31,2,-9.61,-0.0092,1043.55,1045.36,1023.13,1320324223,14537344182526,447133257664301.0
2021-11-23,1013.72,2,-18.59,-0.018,1024.33,1029.08,1012.95,1037747986,11656504011083,439265359557293.0
2021-11-24,1020.13,1,6.41,0.0063,1015.23,1021.13,1003.19,1023600040,11197105285054,442042985564224.0
2021-11-25,1015.66,2,-4.47,-0.0044,1023.41,1025.9,1015.62,1097455962,11633756355210,439680919576126.0
2021-11-26,1005.89,2,-9.77,-0.0096,1017.9,1021.15,999.4,1239981144,14129245038385,435589065367490.0
2021-11-29,992.34,2,-13.55,-0.0135,986.64,1002.79,980.26,1347690421,13027892641875,429666318680950.0
2021-11-30,965.63,2,-26.71,-0.0269,1003.04,1004.83,960.84,1356752020,15438608276619,418808272904352.0
2021-12-01,977.15,1,11.52,0.0118999999999999,969.9,977.73,949.86,1079797538,12150973154702,423861519579088.0
2021-12-02,977.43,1,0.28,0.0003,967.34,978.16,961.98,1091537350,12346721801988,423999641982597.0
2021-12-03,998.47,1,21.04,0.0215,981.65,998.49,977.91,1211827400,10563290752183,433213610767510.0
2021-12-06,991.87,2,-6.6,-0.0066,990.07,994.15,980.87,1060487530,10411792834236,430237684596149.0
2021-12-07,996.64,1,4.77,0.0048,996.89,999.52,991.07,1017251343,11173734150755,432398081907593.0
2021-12-08,1006.04,1,9.4,0.0093999999999999,1006.61,1012.64,1003.92,1065606558,12033920414527,436475610108375.0
2021-12-09,1022.87,1,16.83,0.0167,1009.29,1022.87,1009.29,1060993102,11094331065320,443671151691760.0
2021-12-10,1011.57,2,-11.3,-0.011,1016.34,1018.42,1010.02,1153420893,11060443518846,439846924196262.0
2021-12-13,1005.96,2,-5.61,-0.0055,1014.27,1014.9,1005.96,1339322710,11497778932588,437471422879508.0
2021-12-14,1002.81,2,-3.15,-0.0031,1001.11,1007.73,996.85,1081580537,10304040060288,436213478092887.0
2021-12-15,1003.52,1,0.71,0.0007,1002.18,1007.44,999.21,1125306039,10406637581192,436595791418957.0
2021-12-16,1007.86,1,4.34,0.0043,1013.05,1016.32,1006.9,1336914031,12447275181054,438852179769454.0
2021-12-17,1001.26,2,-6.6,-0.0065,1001.51,1005.36,995.93,1095248020,10335780047776,436220014726675.0
2021-12-20,990.51,2,-10.75,-0.0107,1001.17,1004.75,990.51,1009820662,10568759886075,431776419073318.0
2021-12-21,996.6,1,6.09,0.0060999999999999,994.53,997.3,982.43,1371817709,11768346637023,434549269899128.0
2021-12-22,1000.13,1,3.53,0.0034999999999999,1004.1,1005.23,999.05,1182499203,10925724483426,436198794272414.0
2021-12-23,1003.31,1,3.18,0.0032,1004.45,1007.42,1001.48,1435842578,11870959043649,437820806126368.0
2021-12-24,1007.42,1,4.11,0.0040999999999999,1008.05,1010.98,1005.61,1235763775,10866440448675,439628750148269.0
2021-12-27,1011.36,1,3.94,0.0039,1008.9,1013.7,1006.87,1151529210,10044619548010,437280772439099.0
2021-12-28,1027.44,1,16.08,0.0159,1016.29,1027.45,1014.39,1286746402,13243096735294,444227877043742.0
2021-12-29,1028.05,1,0.61,0.0006,1028.46,1034.05,1022.73,950937045,11683612739396,443469160171658.0
2021-12-30,1033.98,1,5.93,0.0058,1029.74,1034.87,1021.59,907418457,10102608496296,446297029881938.0
2022-01-03,1037.83,1,3.85,0.0037,1038.97,1039.67,1030.57,1054529978,10092577626702,448123660319139.0
2022-01-04,1031.66,2,-6.17,-0.0059,1041.07,1041.29,1025.23,1324120700,12139420862451,445673977477660.0
2022-01-05,1009.62,2,-22.04,-0.0214,1029.12,1029.12,1007.84,1500450916,12047849537273,436918828218897.0
2022-01-06,980.3,2,-29.32,-0.0289999999999999,993.6,1003.01,979.83,1461244707,11947623485793,424544648878166.0
2022-01-07,995.16,1,14.86,0.0152,986.18,997.02,986.18,1470712915,9820274964864,431724177701455.0
2022-01-10,980.38,2,-14.78,-0.0149,992.49,992.49,976.41,1270478402,9536208495774,425456621483680.0
2022-01-11,969.92,2,-10.46,-0.0107,982.44,985.13,962.91,1280482436,9752763386872,420951312688205.0
2022-01-12,991.33,1,21.41,0.0220999999999999,978.69,991.71,978.69,1158100024,9981837923495,430201006473291.0
2022-01-13,983.25,2,-8.08,-0.0081999999999999,994.55,994.55,981.31,1235146232,10044965640570,426726340266803.0
2022-01-14,971.39,2,-11.86,-0.0121,971.11,977.69,967.19,1367327453,9305693667967,421694680043486.0
2022-01-17,957.9,2,-13.49,-0.0139,971.81,971.81,954.82,1111747598,7852818283868,415424862217103.0
2022-01-18,943.94,2,-13.96,-0.0146,959.98,969.17,942.11,1070286086,8179885155252,409390938874315.0
2022-01-19,933.9,2,-10.04,-0.0106,935.06,944.81,929.15,1224551812,7749003553659,405062938182427.0
2022-01-20,958.7,1,24.8,0.0266,934.0,958.7,933.97,1043809180,7188206594715,416429841592345.0
2022-01-21,942.85,2,-15.85,-0.0165,950.67,958.38,937.48,1128911326,7949730211206,409743138449470.0
2022-01-24,915.4,2,-27.45,-0.0291,935.13,935.13,911.02,1038913331,7938015555392,398458758496571.0
2022-01-25,889.44,2,-25.96,-0.0283999999999999,920.95,923.07,883.17,1286527934,8856272168303,387167442019088.0
2022-01-26,882.09,2,-7.35,-0.0083,892.01,900.38,881.68,1116983736,8871976082750,384058256976012.0
2022-01-27,849.23,2,-32.86,-0.0373,884.23,885.0,847.34,1174848537,9037590212119,369827744061809.0
2022-01-28,872.87,1,23.64,0.0278,852.57,872.87,835.55,1028107642,9071937987284,380260388779252.0
2022-02-03,891.6,1,18.73,0.0215,887.85,898.37,887.02,1079998296,9307433776056,388466615847469.0
2022-02-04,902.87,1,11.27,0.0126,888.51,902.87,886.93,1053336697,9138397820051,393766191972217.0
2022-02-07,899.4,2,-3.47,-0.0038,905.96,905.96,893.91,901974599,8037457729732,392418354684870.0
2022-02-08,895.27,2,-4.13,-0.0046,900.7,907.24,887.54,1184929632,9593500889777,391097718188182.0
2022-02-09,910.53,1,15.26,0.017,904.07,910.53,900.86,890473957,6782622238426,397834342026246.0
2022-02-10,895.68,2,-14.85,-0.0163,914.65,914.92,893.21,858885055,7714202732049,391411062362073.0
2022-02-11,877.42,2,-18.26,-0.0204,885.31,889.42,877.28,1025547169,7707268938382,383602822152052.0
2022-02-14,852.79,2,-24.63,-0.0281,864.49,867.24,850.28,889899460,6732107608974,372833835774588.0
2022-02-15,839.92,2,-12.87,-0.0151,855.62,860.4,837.83,1036347162,6961353571634,367242898548042.0
2022-02-16,878.15,1,38.23,0.0455,857.54,878.15,857.54,876748382,7281488555172,383988705322053.0
2022-02-17,874.22,2,-3.93,-0.0045,879.12,890.78,858.78,1171956008,8927373604145,382333310474190.0
2022-02-18,881.71,1,7.49,0.0086,862.19,882.01,860.81,953404999,6306614205106,385828184375665.0
2022-02-21,884.25,1,2.54,0.0029,871.23,884.26,865.58,865985994,5780449790017,387158113167875.0
2022-02-22,868.11,2,-16.14,-0.0183,869.08,878.33,865.23,1103601733,7066242474935,380676182413189.0
2022-02-23,877.33,1,9.22,0.0106,873.32,879.98,870.25,1084257343,6859833461226,384957792011110.0
2022-02-24,848.21,2,-29.12,-0.0332,869.24,870.58,847.86,1678595090,8953088073517,372262706716240.0
2022-02-25,872.98,1,24.77,0.0292,864.72,872.98,863.47,1373455481,8691597560365,383233819767983.0
2022-02-28,881.07,1,8.09,0.0093,870.27,881.07,868.91,1071362969,6936755798474,387033875719455.0
2022-03-02,895.45,1,14.38,0.0163,880.62,896.8,879.03,1039389675,6874849954390,393343010204497.0
2022-03-03,912.32,1,16.87,0.0187999999999999,901.28,912.35,899.85,1059669757,8396536395734,401110114813612.0
2022-03-04,900.96,2,-11.36,-0.0125,908.47,909.24,896.84,1000716536,7348995514720,396397810166970.0
2022-03-07,881.54,2,-19.42,-0.0216,889.95,889.95,878.45,865671012,6334514007687,387915944066587.0
2022-03-08,870.14,2,-11.4,-0.0129,869.05,881.3,864.69,981991611,7405890899096,382989670039652.0
2022-03-10,889.08,1,18.94,0.0218,885.05,892.55,884.98,987431107,7435469065556,391287843536653.0
2022-03-11,891.71,1,2.63,0.003,888.57,894.99,887.28,1128282684,7829917853151,392472709466829.0
2022-03-14,872.44,2,-19.27,-0.0216,893.18,893.18,870.81,1154157954,9133398628550,384018876707850.0
2022-03-15,871.22,2,-1.22,-0.0014,870.33,874.73,866.47,1194863731,7817048691498,383588750727378.0
2022-03-16,891.8,1,20.58,0.0236,881.89,891.8,879.68,1347121286,7779376624922,392806696742367.0
2022-03-17,914.13,1,22.33,0.025,903.75,916.22,903.75,1462932895,9832703365547,402564095959107.0
2022-03-18,922.96,1,8.83,0.0097,915.29,922.99,912.0,1200427471,8475000412914,406720223471162.0
2022-03-21,918.4,2,-4.56,-0.0049,926.86,926.86,917.93,1333272216,8416902151868,404917200939360.0
2022-03-22,924.67,1,6.27,0.0068,916.7,924.72,914.33,1392364387,9800673523800,407903885898752.0
2022-03-23,930.57,1,5.9,0.0064,929.35,933.27,927.02,1442826026,11241547101096,410597405465788.0
2022-03-24,931.75,1,1.18,0.0013,926.29,931.87,920.69,1381161798,11123840267222,411477462295878.0
2022-03-25,934.69,1,2.94,0.0032,936.94,937.69,933.09,1568700133,11253887680966,412928688293104.0
2022-03-28,927.11,2,-7.58,-0.0081,934.18,934.18,926.55,1374925556,9545340789373,409535802584339.0
2022-03-29,937.83,1,10.72,0.0116,932.86,937.83,930.34,1459601369,10371474884334,414362927826984.0
2022-03-30,939.07,1,1.24,0.0013,942.08,943.3,936.91,1537106736,9222847466715,415191485205692.0
2022-03-31,944.53,1,5.46,0.0058,936.66,944.92,936.2,1424833366,9307445604421,417317124960856.0
2022-04-01,940.57,2,-3.96,-0.0042,940.49,942.22,936.86,1252845693,8425958355698,415795813768009.0
2022-04-04,947.32,1,6.75,0.0072,940.47,947.33,938.45,1089321829,6757594402514,418735951725720.0
2022-04-05,952.47,1,5.15,0.0054,950.89,953.06,949.46,1639513628,8474699704859,420359516199467.0
2022-04-06,943.13,2,-9.34,-0.0098,944.27,947.41,939.82,1405795481,8945967853785,416395345298109.0
2022-04-07,927.95,2,-15.18,-0.0161,936.92,936.92,925.91,1182004185,8336296905619,409710290313283.0
2022-04-08,934.73,1,6.78,0.0073,931.98,935.68,924.73,906472465,7220461334467,412680661082717.0
2022-04-11,921.83,2,-12.9,-0.0138,932.48,934.61,920.75,943672153,6407700982592,406890348889889.0
2022-04-12,913.82,2,-8.01,-0.0087,914.28,916.76,905.18,1137434538,7007752079496,403567029948941.0
2022-04-13,927.31,1,13.49,0.0148,915.89,927.33,913.92,1108431927,6877376859109,409147233206636.0
2022-04-14,928.01,1,0.7,0.0008,930.69,931.81,925.61,1166368166,6645178870081,409395445424699.0
2022-04-15,924.44,2,-3.57,-0.0038,921.53,925.13,916.91,1296261590,6606185918117,408167667786018.0
2022-04-18,918.23,2,-6.21,-0.0067,921.69,923.51,917.53,1099287788,6044292282101,405179742679094.0
2022-04-19,931.56,1,13.33,0.0144999999999999,922.6,931.56,922.6,1301362690,7714189096974,410912732976898.0
2022-04-20,928.93,2,-2.63,-0.0028,933.29,933.37,927.29,1258908533,7096616182752,409871010834383.0
2022-04-21,929.68,1,0.75,0.0008,930.45,934.26,929.54,1400233085,8308883170490,410430449166271.0
2022-04-22,922.78,2,-6.9,-0.0074,922.77,924.16,916.65,1381524478,7466490287022,407887319830007.0
2022-04-25,899.84,2,-22.94,-0.0249,909.53,911.53,899.83,1425300927,8691118587644,398487564978506.0
2022-04-26,911.16,1,11.32,0.0126,906.59,913.29,906.59,1631935445,8624225538291,403859901753410.0
2022-04-27,896.18,2,-14.98,-0.0163999999999999,898.02,898.02,888.97,1855182935,9413386908782,397285087482093.0
2022-04-28,892.22,2,-3.96,-0.0044,900.43,902.02,889.3,1551067110,8940771352968,395601327668017.0
2022-04-29,904.75,1,12.53,0.0139999999999999,895.64,904.76,894.62,1457806377,7504236515984,401206971105223.0
2022-05-02,901.82,2,-2.93,-0.0032,894.03,903.26,892.54,1227536215,6791298130459,399921905315823.0
2022-05-03,907.57,1,5.75,0.0064,905.05,912.67,905.05,1640455775,8358975175832,402633971856903.0
2022-05-04,900.06,2,-7.51,-0.0083,911.16,911.97,899.34,1359364635,7237546332765,399881870773474.0
2022-05-06,884.22,2,-15.84,-0.0176,888.54,892.43,883.31,1144209984,6156155506156,392854739216552.0
2022-05-09,860.84,2,-23.38,-0.0264,880.34,880.78,859.73,1121825506,6588804094753,382539249222543.0
2022-05-10,856.14,2,-4.7,-0.0055,848.08,858.43,831.59,1268868388,7626685835125,380482533057701.0
2022-05-11,866.34,1,10.2,0.0118999999999999,853.73,866.81,852.23,1078452509,6648177970586,385206699350948.0
2022-05-12,833.66,2,-32.68,-0.0377,855.46,857.75,833.24,1065854989,7245356982468,371074971272180.0
2022-05-13,853.08,1,19.42,0.0233,839.52,853.34,839.52,1011783476,7354714515077,379686572400489.0
2022-05-16,856.25,1,3.17,0.0037,862.24,866.47,855.45,1010956745,6320149569546,381318247461824.0
2022-05-17,865.98,1,9.73,0.0113999999999999,857.28,866.21,856.3,913815388,5934234324423,385619997756693.0
2022-05-18,871.57,1,5.59,0.0065,872.19,876.82,868.28,1061166980,7629685618131,387421014258818.0
2022-05-19,863.8,2,-7.77,-0.0089,853.23,866.61,849.59,1167569909,8426403623785,383985320542863.0
2022-05-20,879.88,1,16.08,0.0186,866.76,880.17,866.76,1076078707,8204680753027,391352318955396.0
2022-05-23,883.59,1,3.71,0.0042,883.78,884.39,878.9,1077068928,8240948644922,392992007570250.0
2022-05-24,865.07,2,-18.52,-0.021,881.55,883.11,865.05,1099072400,8234351091970,384756657072360.0
2022-05-25,872.69,1,7.62,0.0088,869.19,877.71,861.92,989300060,7382596834246,388008200267247.0
2022-05-26,871.43,2,-1.26,-0.0014,876.19,885.12,868.81,947423302,7415182671875,387316345043233.0
2022-05-27,873.97,1,2.54,0.0029,881.41,883.36,873.21,1275325572,7608486132111,388509325333349.0
2022-05-30,886.44,1,12.47,0.0143,882.17,886.44,881.46,1020992217,6718334765214,394013364305123.0
2022-05-31,893.36,1,6.92,0.0078,888.44,893.42,884.11,1316943362,7322459546310,395862738788720.0
2022-06-02,891.14,2,-2.22,-0.0025,890.47,892.98,888.45,1182037389,6622206774202,394538694279141.0
2022-06-03,891.51,1,0.37,0.0004,897.08,899.01,890.2,1199287039,6980064359169,394581900681347.0
2022-06-07,873.78,2,-17.73,-0.0199,889.07,889.09,873.09,1115605213,7162937369443,386405375187817.0
2022-06-08,874.95,1,1.17,0.0013,877.77,880.73,873.61,1336530340,7241277105343,386754986841134.0
2022-06-09,877.18,1,2.23,0.0025,873.22,877.18,867.2,1265672393,7606511397764,387105516641743.0
2022-06-10,869.86,2,-7.32,-0.0083,869.1,872.09,865.96,1206284229,7398895769399,383891942482134.0
2022-06-13,828.77,2,-41.09,-0.0472,852.74,852.74,828.76,1264039290,8489789009206,366175792145623.0
2022-06-14,823.58,2,-5.19,-0.0063,816.25,826.5,804.38,1269494458,8533400816438,364060219653604.0
2022-06-15,799.41,2,-24.17,-0.0293,822.27,826.3,795.42,1203159513,8453536146891,353596002548904.0
2022-06-16,802.15,1,2.74,0.0034,812.95,822.31,800.56,997608437,7316267394284,354964982043771.0
2022-06-17,798.69,2,-3.46,-0.0043,787.97,798.85,780.96,972926129,7637003448632,354177656894905.0
2022-06-20,769.92,2,-28.77,-0.036,804.48,804.89,763.22,989356497,7253469497608,341761949864394.0
2022-06-21,778.3,1,8.38,0.0109,774.8,782.55,764.69,1032713332,6923151907381,345680333395747.0
2022-06-22,746.96,2,-31.34,-0.0403,783.21,785.23,746.94,1093478424,8098717691616,332276497249083.0
2022-06-23,714.38,2,-32.58,-0.0436,747.49,751.99,714.38,1260211780,8862111825887,318142286764558.0
2022-06-24,750.3,1,35.92,0.0503,719.47,750.41,719.47,837119070,6287369588227,334693540051871.0
2022-06-27,770.6,1,20.3,0.0271,758.0,774.57,754.62,893324155,6699470706636,334545524955124.0
2022-06-28,769.51,2,-1.09,-0.0014,770.69,774.8,759.83,978286886,6455444471270,334683635302411.0
2022-06-29,762.35,2,-7.16,-0.0093,759.21,765.79,753.32,819568049,5970952094642,331666597471280.0
2022-06-30,745.44,2,-16.91,-0.0222,762.45,762.45,744.24,910028517,6318523150369,325164482012359.0
2022-07-01,729.48,2,-15.96,-0.0214,748.2,753.45,724.2,798819284,5722053219394,318801893238906.0
2022-07-04,722.73,2,-6.75,-0.0093,733.35,736.73,712.53,867467637,5294937781723,315450102342663.0
2022-07-05,750.95,1,28.22,0.039,729.4,750.98,728.32,936690912,5932357206981,327057896313900.0
2022-07-06,744.63,2,-6.32,-0.0084,750.04,759.88,743.61,742267524,6386479683280,324728172843930.0
2022-07-07,757.97,1,13.34,0.0179,750.98,759.03,750.67,809541581,5797632475749,330995391053553.0
2022-07-08,766.48,1,8.51,0.0112,764.98,770.92,764.02,850955967,6438571833689,334753996120748.0
2022-07-11,767.04,1,0.56,0.0007,767.89,774.35,763.14,779199227,6013544167205,335524647011279.0
2022-07-12,750.78,2,-16.26,-0.0212,762.18,762.18,747.74,766362605,6368335091323,328272561873519.0
2022-07-13,763.18,1,12.4,0.0165,751.34,763.73,747.74,896498523,6872495531120,333169863098839.0
2022-07-14,766.08,1,2.9,0.0038,762.54,768.13,757.99,823119558,6300322486021,334610536948123.0
2022-07-15,762.39,2,-3.69,-0.0048,768.41,769.29,754.33,850289830,6235060961124,342387086112776.0
2022-07-18,776.72,1,14.33,0.0187999999999999,770.29,776.72,766.89,720021009,5831126906358,349013967985744.0
2022-07-19,782.33,1,5.61,0.0072,773.73,782.33,771.69,743423519,6177791655721,351550342875987.0
2022-07-20,790.72,1,8.39,0.0107,792.94,795.92,788.02,939573292,7152741980281,355312983095515.0
2022-07-21,795.15,1,4.43,0.0056,792.95,795.67,790.97,937754661,6900705345692,357733545683863.0
2022-07-22,789.75,2,-5.4,-0.0068,796.58,800.65,789.73,892760423,6130997020762,355384475657580.0
2022-07-25,789.69,2,-0.06,-0.0001,787.71,791.25,783.78,871219511,5494818208643,355144878350457.0
2022-07-26,789.93,1,0.24,0.0003,788.76,791.01,786.46,841385906,5373789744343,355173673947398.0
2022-07-27,795.7,1,5.77,0.0073,789.61,795.81,788.29,678540939,5162361436354,357673315428518.0
2022-07-28,798.32,1,2.62,0.0033,802.5,805.2,796.48,737057966,5915930693705,360161550116531.0
2022-07-29,803.62,1,5.3,0.0066,802.97,807.77,801.05,784397942,5962099165531,363327090142570.0
2022-08-01,807.61,1,3.99,0.005,804.15,808.96,801.4,823057871,5632185800277,365116133528533.0
2022-08-02,804.34,2,-3.27,-0.004,807.69,807.69,799.36,905937256,6522128357132,363794093278157.0
2022-08-03,815.36,1,11.02,0.0137,804.17,815.4,803.2,997272924,6614198679845,368803438244635.0
2022-08-04,825.16,1,9.8,0.012,820.06,825.99,820.06,908490915,7513813172005,373558759026534.0
2022-08-05,831.64,1,6.48,0.0079,826.23,832.27,826.23,931758961,6868939398758,376514340450709.0
2022-08-08,830.86,2,-0.78,-0.0009,829.77,831.12,825.94,931450883,6455353636158,376117150324373.0
2022-08-09,833.65,1,2.79,0.0034,831.13,833.94,826.45,976695633,7001642777296,377566288512358.0
2022-08-10,820.27,2,-13.38,-0.016,829.29,829.29,820.27,897224568,6394376976262,371625461907665.0
2022-08-11,832.15,1,11.88,0.0144999999999999,831.99,834.88,828.27,897832932,7029241577786,376921674700047.0
2022-08-12,831.63,2,-0.52,-0.0006,831.18,833.7,826.72,792426794,7062541133556,376887723942445.0
2022-08-16,834.74,1,3.11,0.0037,835.2,836.49,831.69,887226491,7363288082060,378527165223375.0
2022-08-17,827.42,2,-7.32,-0.0088,834.91,834.96,825.46,1129912087,7729891374024,375022272820858.0
2022-08-18,826.06,2,-1.36,-0.0016,822.71,826.75,817.52,950528289,7063798969163,374250512759244.0
2022-08-19,814.17,2,-11.89,-0.0144,827.25,827.32,814.17,887455475,6614537623579,369234112958133.0
2022-08-22,795.87,2,-18.3,-0.0225,806.9,806.92,795.87,811881078,5828845346668,361316213497474.0
2022-08-23,783.42,2,-12.45,-0.0156,789.95,793.81,781.92,855724045,5956121776494,355825721326646.0
2022-08-24,793.14,1,9.72,0.0124,788.36,793.14,782.97,714898233,5801414736553,360258575885697.0
2022-08-25,807.37,1,14.23,0.0179,795.18,807.37,794.16,630309825,5596398579940,366788600007638.0
2022-08-26,802.45,2,-4.92,-0.0060999999999999,810.33,813.0,801.84,718360689,6067799027857,364598714433802.0
2022-08-29,779.89,2,-22.56,-0.0281,780.48,783.45,775.33,619621069,5372133391087,354410893917581.0
2022-08-30,797.02,1,17.13,0.022,783.99,797.03,783.99,667241358,6078636744212,362303882632861.0
2022-08-31,807.04,1,10.02,0.0126,792.33,807.19,791.01,637455707,5866886680234,366816015012029.0
2022-09-01,788.32,2,-18.72,-0.0232,800.74,801.02,788.13,711355972,6645920145526,358507548414235.0
2022-09-02,785.88,2,-2.44,-0.0031,793.11,795.87,784.67,801799322,5893632324361,357503273732584.0
2022-09-05,771.43,2,-14.45,-0.0184,784.83,786.6,768.82,741714845,5639235406389,350972749587023.0
2022-09-06,779.46,1,8.03,0.0104,774.23,781.9,774.23,732725011,5369171254541,354746927319481.0
2022-09-07,768.19,2,-11.27,-0.0144999999999999,776.82,776.99,765.08,795842991,6394706632540,349785644300329.0
2022-09-08,777.81,1,9.62,0.0125,776.59,781.52,775.31,738189111,6231332770349,354230891863360.0
2022-09-13,796.79,1,18.98,0.0243999999999999,790.89,796.83,790.83,842462566,6199033224787,362871797889994.0
2022-09-14,782.93,2,-13.86,-0.0174,775.93,784.45,770.05,858083331,6759114515004,356659511125992.0
2022-09-15,781.38,2,-1.55,-0.002,786.33,787.0,780.31,851719443,7269660031559,355934997885249.0
2022-09-16,770.04,2,-11.34,-0.0144999999999999,776.49,780.25,768.7,889032927,7489955778453,351206467014077.0
2022-09-19,751.91,2,-18.13,-0.0235,771.52,772.45,750.64,882637519,6345056564320,342941150664492.0
2022-09-20,760.35,1,8.44,0.0112,758.35,764.4,757.33,804841295,5303730426645,346902229765285.0
2022-09-21,754.89,2,-5.46,-0.0072,757.13,761.35,750.14,941673094,5677077543107,344388093098324.0
2022-09-22,751.41,2,-3.48,-0.0046,746.82,751.58,736.11,978686081,6314292805713,342873656717270.0
2022-09-23,729.36,2,-22.05,-0.0293,749.87,749.87,728.29,883278240,6545898184692,332903849021057.0
2022-09-26,692.37,2,-36.99,-0.0507,719.6,719.6,690.6,943308421,6277767776593,316331852898914.0
2022-09-27,698.11,1,5.74,0.0083,694.53,700.38,681.59,947763603,6033946972722,319026174809118.0
2022-09-28,673.87,2,-24.24,-0.0347,696.38,702.72,668.3,911992699,6368439377590,307807311543755.0
2022-09-29,675.07,1,1.2,0.0018,686.63,695.49,675.07,803932117,5674039072163,308456807526915.0
2022-09-30,672.65,2,-2.42,-0.0036,668.26,677.68,661.65,786870711,5495664055001,308863848074064.0
2022-10-04,696.79,1,24.14,0.0359,685.19,696.79,683.63,667595845,4625879085491,319854569308748.0
2022-10-05,685.34,2,-11.45,-0.0163999999999999,706.76,707.59,683.15,813665900,5380244008825,314630995837645.0
2022-10-06,706.01,1,20.67,0.0302,690.48,706.43,690.48,1139543185,5020144209825,324168976674628.0
2022-10-07,698.49,2,-7.52,-0.0107,700.71,707.42,697.59,1149848739,5316309128691,320796814736296.0
2022-10-11,669.5,2,-28.99,-0.0415,685.3,685.3,667.63,1155753433,5117909492211,307440392544691.0
2022-10-12,671.67,1,2.17,0.0032,669.59,673.42,663.6,1140923747,5053657331658,308456485369120.0
2022-10-13,651.59,2,-20.08,-0.0299,669.36,669.71,650.39,1051922998,5482305321288,299052153282201.0
2022-10-14,678.24,1,26.65,0.0409,665.17,679.92,665.17,893524616,5253140472393,311385917006843.0
2022-10-17,682.0,1,3.76,0.0055,667.61,682.39,664.83,814417917,5447791275607,313338561588753.0
2022-10-18,697.09,1,15.09,0.0220999999999999,692.39,697.37,685.9,1068476942,7041626884921,320639761189027.0
2022-10-19,690.56,2,-6.53,-0.0093999999999999,697.94,705.84,689.67,1050551878,6485036333475,318156853326346.0
2022-10-20,680.44,2,-10.12,-0.0147,688.44,693.14,675.89,1052781101,5294037158128,313890313408496.0
2022-10-21,674.48,2,-5.96,-0.0088,678.16,682.49,674.48,1034393626,5149617792061,311224518989651.0
2022-10-24,688.5,1,14.02,0.0208,686.43,693.44,686.43,817958809,4941481904821,317589693390857.0
2022-10-25,688.85,1,0.35,0.0005,690.77,695.95,686.21,973740886,5479512364351,318350425727172.0
2022-10-26,683.17,2,-5.68,-0.0081999999999999,690.67,691.13,683.14,963244682,5482860273411,315561721211910.0
2022-10-27,695.09,1,11.92,0.0174,686.41,695.22,686.41,852166039,4815443226092,321179890132186.0
2022-10-28,687.63,2,-7.46,-0.0107,690.71,695.51,687.19,847494729,5273824833794,317743013246559.0
2022-10-31,695.33,1,7.7,0.0112,694.69,695.62,689.97,751259296,4111222630091,321315139825250.0
2022-11-01,700.05,1,4.72,0.0068,695.45,700.07,693.92,920257235,4783324583452,323475937778169.0
2022-11-02,697.37,2,-2.68,-0.0038,697.4,699.24,694.94,858230297,5906554180973,322379755989022.0
2022-11-03,694.13,2,-3.24,-0.0046,685.42,695.63,683.74,707278181,4750449084800,319615919318102.0
2022-11-04,693.89,2,-0.24,-0.0003,691.69,694.17,684.99,737321589,5424942898745,319806801284679.0
2022-11-07,700.48,1,6.59,0.0095,696.22,700.49,695.1,722344492,4651070928412,322884894550289.0
2022-11-08,713.33,1,12.85,0.0183,703.36,713.33,703.36,846229977,5810476966421,328769979001164.0
2022-11-09,714.6,1,1.27,0.0018,715.19,717.09,711.15,931480127,5824931684302,329414677068255.0
2022-11-10,707.78,2,-6.82,-0.0095,708.49,712.48,705.7,1041901657,6157827810608,326431031187154.0
2022-11-11,731.22,1,23.44,0.0331,727.22,732.12,724.53,1079376887,7471802014687,337264814235686.0
2022-11-14,729.54,2,-1.68,-0.0023,732.29,734.73,728.81,1100846011,6717777424053,337140902387706.0
2022-11-15,744.96,1,15.42,0.0210999999999999,730.33,744.96,730.33,1130885553,6639306699465,344193558659399.0
2022-11-16,743.1,2,-1.86,-0.0025,746.55,746.62,737.87,1186546228,6517654800287,343209334494209.0
2022-11-17,737.54,2,-5.56,-0.0075,740.62,742.29,735.04,978990600,5746481992732,340965031533293.0
2022-11-18,731.92,2,-5.62,-0.0076,738.34,742.17,731.53,1297151301,6078255258263,338951690005533.0
2022-11-21,718.57,2,-13.35,-0.0182,733.0,733.65,717.55,981797456,5315208041133,332699337394302.0
2022-11-22,712.26,2,-6.31,-0.0088,716.24,719.8,711.92,895809089,5004877586727,329829714579478.0
2022-11-23,725.59,1,13.33,0.0187,718.29,725.64,718.29,830056173,5035913098123,335667394857994.0
2022-11-24,738.22,1,12.63,0.0174,729.41,738.7,729.41,793573958,5222187019960,341717146968777.0
2022-11-25,733.56,2,-4.66,-0.0063,737.46,737.53,732.48,710328850,4723353329704,339637553238086.0
2022-11-28,717.9,2,-15.66,-0.0213,731.81,731.81,717.13,878676916,5419027909882,332414215094245.0
2022-11-29,727.54,1,9.64,0.0134,715.02,727.6,713.26,794007803,4828375894525,336927388299632.0
2022-11-30,729.54,1,2.0,0.0027,726.56,729.54,722.4,813568793,5003807646157,337947065677640.0
2022-12-01,740.6,1,11.06,0.0152,740.97,744.56,739.16,825110488,5758034113830,343075080230538.0
2022-12-02,732.95,2,-7.65,-0.0103,740.13,740.18,732.41,856591397,6105784023168,339643001144892.0
2022-12-05,733.32,1,0.37,0.0005,736.45,739.77,731.07,1058482673,5258240835790,339917270391513.0
2022-12-06,719.44,2,-13.88,-0.0189,726.32,727.34,719.29,926869131,5019200256718,333769906652176.0
2022-12-07,718.14,2,-1.3,-0.0018,715.63,722.62,711.63,982850616,5033008873398,333420326905253.0
2022-12-08,712.52,2,-5.62,-0.0078,718.37,719.69,711.08,1069811230,5819829414081,330917120166935.0
2022-12-09,719.49,1,6.97,0.0098,717.24,721.14,712.4,1278548475,6153962230900,334174610218005.0
2022-12-12,715.22,2,-4.27,-0.0059,716.88,718.31,714.26,964001067,4713130416393,332248030270132.0
2022-12-13,715.16,2,-0.06,-0.0001,717.64,719.33,712.21,1191298483,4878762164837,332194007303160.0
2022-12-14,729.0,1,13.84,0.0194,718.17,729.17,718.17,1082237656,5359244088087,338621742436927.0
2022-12-15,722.68,2,-6.32,-0.0087,725.32,730.51,721.46,957408065,4765903194878,335706650690362.0
2022-12-16,717.41,2,-5.27,-0.0073,711.33,720.48,710.2,889444273,4729865927302,333728481678709.0
2022-12-19,717.22,2,-0.19,-0.0003,716.8,722.42,714.63,776382980,4424672451571,333338382026031.0
2022-12-20,703.13,2,-14.09,-0.0196,715.13,715.29,701.44,977951443,5388784442362,326822623464700.0
2022-12-21,705.7,1,2.57,0.0037,708.13,709.95,701.61,938032477,5181366913552,327971511518424.0
2022-12-22,715.02,1,9.32,0.0132,710.47,715.35,709.52,851987960,4454190720079,332311677394446.0
2022-12-23,691.25,2,-23.77,-0.0332,704.93,704.93,691.25,1107302430,5147797944521,321813279703994.0
2022-12-26,694.68,1,3.43,0.005,691.94,696.96,686.8,797707556,4331951164904,323390640890782.0
2022-12-27,704.19,1,9.51,0.0137,697.25,704.21,697.25,901437356,5092351194343,327910002219152.0
2022-12-28,692.37,2,-11.82,-0.0168,699.24,699.39,691.01,834832047,5137454012918,321475844186489.0
2022-12-29,679.29,2,-13.08,-0.0189,691.35,693.12,675.8,952158164,4811065003230,315498720104122.0
2023-01-02,671.51,2,-7.78,-0.0115,683.84,688.77,670.38,742766883,4368090675028,311897723962202.0
2023-01-03,674.95,1,3.44,0.0051,672.18,675.75,660.32,935983853,5089081840536,313443983727042.0
2023-01-04,683.67,1,8.72,0.0129,670.18,683.67,667.3,901765440,5078751515147,317540886338069.0
2023-01-05,679.92,2,-3.75,-0.0055,685.78,688.35,677.77,885279201,5386582895251,315902966634724.0
2023-01-06,688.94,1,9.02,0.0133,677.28,691.17,676.4,818505863,5526770459644,320090411554481.0
2023-01-09,701.21,1,12.27,0.0178,695.02,701.21,695.02,1008250417,5133008656994,325718026654199.0
2023-01-10,696.05,2,-5.16,-0.0074,700.16,704.6,694.92,1158010390,6117171540235,323644848790326.0
2023-01-11,709.77,1,13.72,0.0197,701.29,710.29,701.29,1247665887,5513943719806,329777375205274.0
2023-01-12,710.82,1,1.05,0.0015,713.56,714.1,707.54,1246163428,5282576216473,330354754662007.0
2023-01-13,711.82,1,1.0,0.0014,712.24,714.75,709.26,1082281898,5228817012586,330987809068553.0
2023-01-16,716.89,1,5.07,0.0070999999999999,714.71,718.15,713.19,1230665863,5646744491823,333362222147532.0
2023-01-17,709.71,2,-7.18,-0.01,716.7,718.9,708.54,1162082903,6282539324111,330058542928887.0
2023-01-18,711.75,1,2.04,0.0029,711.12,713.28,708.79,1175236186,6534155029258,331005187288778.0
2023-01-19,712.89,1,1.14,0.0016,707.66,712.94,705.76,1008732586,6275312810268,331969248601759.0
2023-01-20,717.97,1,5.08,0.0070999999999999,712.32,718.03,712.32,1006210961,6147616035795,334506823768744.0
2023-01-25,732.35,1,14.38,0.02,725.23,732.42,725.23,1016337377,7703890930377,341163277030754.0
2023-01-26,738.94,1,6.59,0.009,734.37,740.99,733.23,1207458460,9151210987978,344416794892032.0
2023-01-27,741.25,1,2.31,0.0031,741.2,742.07,737.9,1135404760,7465456180852,345741980309055.0
2023-01-30,738.62,2,-2.63,-0.0034999999999999,743.73,746.33,736.9,1050895012,7484991890565,344704325436817.0
2023-01-31,740.49,1,1.87,0.0025,735.19,740.98,732.33,975258796,8044582854225,345558866757648.0
2023-02-01,750.96,1,10.47,0.0141,744.9,752.5,744.03,1065396559,8786552313425,350460923570265.0
2023-02-02,764.62,1,13.66,0.0182,759.53,764.84,758.72,1220834721,8757933896696,356981668435985.0
2023-02-03,766.79,1,2.17,0.0028,765.37,768.03,761.82,1136574420,9265712633432,358449971540544.0
2023-02-06,761.33,2,-5.46,-0.0070999999999999,763.66,766.23,760.65,1185407618,8029937901748,355964477004747.0
2023-02-07,772.79,1,11.46,0.0151,762.47,773.79,762.3,1261551684,9579662960807,361544964041108.0
2023-02-08,779.98,1,7.19,0.0093,777.43,779.98,776.3,1461520222,9573057233799,364938932575631.0
2023-02-09,784.58,1,4.6,0.0059,776.6,784.64,776.26,1411565323,9920451537909,367173795818580.0
2023-02-10,772.44,2,-12.14,-0.0155,783.07,784.52,771.62,1309834875,10589209653850,361579872170428.0
2023-02-13,772.55,1,0.11,0.0001,771.5,774.08,767.64,1198564825,9602981944224,361652493885227.0
2023-02-14,779.58,1,7.03,0.0091,778.05,780.13,774.61,1273741863,9632666955757,364997188932796.0
2023-02-15,765.46,2,-14.12,-0.0181,782.55,784.38,763.81,1416003278,10724452319144,358813760540798.0
2023-02-16,784.71,1,19.25,0.0250999999999999,772.17,784.71,772.16,1242737840,9390497539425,368439501627773.0
2023-02-17,775.62,2,-9.09,-0.0116,775.03,780.78,772.96,862495804,8911920587474,364469232408772.0
2023-02-20,788.89,1,13.27,0.0171,777.68,789.26,773.86,889521303,8887053338794,370746475379803.0
2023-02-21,793.42,1,4.53,0.0056999999999999,789.45,793.42,786.48,1020994847,9639630272262,372841940875971.0
2023-02-22,778.51,2,-14.91,-0.0187999999999999,782.83,787.85,774.54,1125363718,10019625958257,365904573571717.0
2023-02-23,783.28,1,4.77,0.0060999999999999,782.18,784.59,774.1,927833109,9911740145966,368151719875675.0
2023-02-24,778.88,2,-4.4,-0.0056,784.94,786.09,774.21,1192537980,10444720873784,366037810529367.0
2023-02-27,780.3,1,1.42,0.0018,775.01,781.54,769.75,1146531764,10516965244726,366628524556680.0
2023-02-28,791.6,1,11.3,0.0144999999999999,784.23,793.65,783.66,1005903187,10411152630191,371912984933647.0
2023-03-02,787.19,2,-4.41,-0.0056,793.63,797.01,786.52,1020089923,10853202033853,370075760790550.0
2023-03-03,802.42,1,15.23,0.0192999999999999,792.9,802.45,792.61,1102273010,11038716785758,378059877027936.0
2023-03-06,816.51,1,14.09,0.0176,810.61,816.62,804.47,1110188043,12501426767453,384639511424349.0
2023-03-07,815.76,2,-0.75,-0.0009,814.27,818.56,810.47,1387403737,13160788244787,384474106386699.0
2023-03-08,813.95,2,-1.81,-0.0022,809.14,817.17,807.95,1261649247,12564614444845,383607754458222.0
2023-03-09,809.22,2,-4.73,-0.0058,817.03,817.12,801.1,1367967960,11685234349063,381522431004330.0
2023-03-10,788.6,2,-20.62,-0.0255,796.57,798.96,785.66,1204572401,10596319347695,371906517641291.0
2023-03-13,788.89,1,0.29,0.0004,784.02,789.18,771.03,1178495051,10709010999333,372176398769848.0
2023-03-14,758.05,2,-30.84,-0.0391,788.44,789.22,758.05,1140138741,10903713293362,357461172609841.0
2023-03-15,781.17,1,23.12,0.0305,774.53,784.59,773.65,1030708174,10695497522005,368139424343113.0
2023-03-16,781.98,1,0.81,0.001,780.53,785.54,767.11,1109314318,12290180356964,367720334540747.0
2023-03-17,797.39,1,15.41,0.0197,791.18,798.62,785.98,1146052772,14408936955743,374945162115715.0
2023-03-20,802.2,1,4.81,0.006,793.04,803.42,791.45,1097773310,11521937840437,377052534644858.0
2023-03-21,802.53,1,0.33,0.0004,806.51,809.33,802.42,1062910296,11841971249509,377289756737026.0
2023-03-22,813.43,1,10.9,0.0136,811.17,813.43,807.91,1117238787,12635103045628,382341032320615.0
2023-03-23,812.19,2,-1.24,-0.0015,807.53,824.2,806.4,1177436814,17941127148489,381704111823252.0
2023-03-24,824.11,1,11.92,0.0147,820.16,824.11,814.07,1292725293,13796536815740,386895184121892.0
2023-03-27,827.69,1,3.58,0.0043,827.95,829.18,817.81,1176552750,13400561434542,388588093717020.0
2023-03-28,833.51,1,5.82,0.0069999999999999,831.07,833.68,825.4,1222376505,13869710258035,391491400113686.0
2023-03-29,843.94,1,10.43,0.0125,833.9,843.94,832.44,1309614395,14690132558379,396799314710996.0
2023-03-30,850.48,1,6.54,0.0077,850.78,852.59,846.1,1502135159,15325502771118,400365537565452.0
2023-03-31,847.52,2,-2.96,-0.0034999999999999,849.98,851.13,842.61,1282318439,13809848648802,399097446427679.0
2023-04-03,854.96,1,7.44,0.0088,850.86,855.2,847.7,1145928489,13203018060184,402741110536531.0
2023-04-04,857.18,1,2.22,0.0026,853.92,861.13,852.02,1310437645,13297190656343,403961765614704.0
2023-04-05,872.36,1,15.18,0.0177,857.54,872.44,856.15,1500672632,13396403443642,411050883520240.0
2023-04-06,865.58,2,-6.78,-0.0078,869.65,869.94,859.13,1418014429,12406329224599,408022459534572.0
2023-04-07,880.07,1,14.49,0.0167,871.83,880.07,866.58,1669012618,14090088087819,414870489420584.0
2023-04-10,887.78,1,7.71,0.0088,882.75,890.96,877.31,1590085779,17822665408444,418754179964574.0
2023-04-11,898.94,1,11.16,0.0126,893.2,899.37,879.73,1555495545,16842487400613,425634975713436.0
2023-04-12,890.62,2,-8.32,-0.0093,897.11,900.83,888.63,1987419195,17250515448378,421877162148019.0
2023-04-13,894.25,1,3.63,0.0040999999999999,885.5,895.29,875.42,1698995237,16889537267849,423574251022428.0
2023-04-14,903.84,1,9.59,0.0107,902.56,906.69,900.7,1463219786,13980550011471,428656711360164.0
2023-04-17,909.5,1,5.66,0.0063,905.35,909.5,898.84,1543775299,13443511061462,431395913487050.0
2023-04-18,909.02,2,-0.48,-0.0005,910.75,910.75,902.9,1973947340,16619154094369,431287161226592.0
2023-04-19,909.2,1,0.18,0.0002,908.87,913.97,907.59,1878192262,14839360491784,430184410576079.0
2023-04-20,885.71,2,-23.49,-0.0258,905.81,906.0,884.33,2324112321,13974830133200,419231110265497.0
2023-04-21,868.82,2,-16.89,-0.0191,884.27,888.21,868.36,2021045955,13125995750077,411902039051204.0
2023-04-24,855.23,2,-13.59,-0.0156,867.38,870.08,852.48,1308672542,10547590468540,405538682580775.0
2023-04-25,838.71,2,-16.52,-0.0192999999999999,857.54,858.91,828.25,1540091899,11771864758043,397824367613523.0
2023-04-26,830.44,2,-8.27,-0.0098999999999999,835.94,846.42,829.19,1260644962,9968275309691,394071418199052.0
2023-04-27,850.21,1,19.77,0.0237999999999999,831.89,850.88,823.19,1461893463,10760729470630,403491546416466.0
2023-04-28,842.83,2,-7.38,-0.0087,860.11,860.11,839.67,1157792081,12059368535500,401309247871832.0
2023-05-02,855.61,1,12.78,0.0152,845.18,855.61,844.68,1031526536,9361705366742,406823810826825.0
2023-05-03,843.18,2,-12.43,-0.0144999999999999,848.05,852.23,841.81,1172736399,9278434480185,401047065132996.0
2023-05-04,845.06,1,1.88,0.0022,842.13,847.69,839.08,1185031376,8820723883788,402231442046667.0
2023-05-08,842.28,2,-2.78,-0.0033,851.52,854.32,842.07,1267793826,9012187564880,400978834907052.0
2023-05-09,835.85,2,-6.43,-0.0076,841.41,843.4,827.78,1176449933,9281836897549,397912770736515.0
2023-05-10,829.74,2,-6.11,-0.0073,836.02,839.86,827.88,1319935509,8033545016176,395234782269020.0
2023-05-11,824.54,2,-5.2,-0.0063,836.6,840.66,821.94,1751057901,9489239369523,392851021963899.0
2023-05-12,822.43,2,-2.11,-0.0026,824.11,828.14,820.24,1689715968,8856679949064,391877219766128.0
2023-05-15,814.53,2,-7.9,-0.0096,820.5,820.5,806.47,1279890362,9782681530871,388206484427628.0
2023-05-16,816.75,1,2.22,0.0027,818.96,822.64,813.32,1373516422,9642552831108,389297675536962.0
2023-05-17,834.19,1,17.44,0.0214,815.58,834.2,814.65,1270384258,8988008350479,397733210799111.0
2023-05-18,835.89,1,1.7,0.002,839.27,841.1,833.73,1324825944,8967180906308,398516466299375.0
2023-05-19,841.72,1,5.83,0.0069999999999999,839.56,842.21,836.68,1310478449,10360407975534,401619667898589.0
2023-05-22,852.04,1,10.32,0.0123,840.97,852.33,837.49,1093157114,8473090601489,406363100428462.0
2023-05-23,859.16,1,7.12,0.0084,853.57,861.3,853.57,1270087198,9609898273798,409997583196510.0
2023-05-24,855.46,2,-3.7,-0.0043,856.25,857.84,853.0,1150652782,8377743615308,409368563614244.0
2023-05-25,847.72,2,-7.74,-0.009,857.3,860.01,845.84,1253501257,7822284012069,405817262001947.0
2023-05-26,843.23,2,-4.49,-0.0053,849.8,853.06,842.17,1181354772,8079179393245,404185880967502.0
2023-05-30,851.5,1,8.27,0.0098,850.0,851.53,844.48,1226447934,7854306769558,408184728304838.0
2023-05-31,856.94,1,5.44,0.0064,851.37,860.3,850.88,1074919531,8105781998329,410762791557526.0
2023-06-01,863.78,1,6.84,0.008,855.95,863.86,855.46,982023283,7202518016543,414191912523594.0
2023-06-02,868.06,1,4.28,0.005,866.16,868.17,864.97,1112160220,7616450583636,416464845548968.0
2023-06-05,870.28,1,2.22,0.0026,871.05,872.95,865.13,1049549658,6970226548105,417523271282702.0
2023-06-07,880.72,1,10.44,0.012,872.1,880.81,872.1,1093663073,8890240570016,422517053595658.0
2023-06-08,876.13,2,-4.59,-0.0052,878.86,879.44,871.5,1123246616,9008146310954,421092952327398.0
2023-06-09,883.71,1,7.58,0.0087,882.11,886.52,880.76,1068151786,9546943342458,424756543749504.0
2023-06-12,885.76,1,2.05,0.0023,887.2,887.2,881.76,1008594343,9019577046745,425893644281940.0
2023-06-13,896.81,1,11.05,0.0125,890.81,898.28,889.58,1117251805,10586020590719,431291955086062.0
2023-06-14,871.83,2,-24.98,-0.0279,899.35,899.85,870.48,1336224834,12864526941055,419369212191680.0
2023-06-15,878.04,1,6.21,0.0070999999999999,877.62,884.55,865.48,1122318243,10229845236190,422504860760674.0
2023-06-16,887.95,1,9.91,0.0113,882.45,888.27,878.99,949462148,8563052418754,427288976709558.0
2023-06-19,888.61,1,0.66,0.0007,888.52,889.49,881.14,1153900000,8640472533924,427630918821185.0
2023-06-20,886.41,2,-2.2,-0.0025,886.47,891.0,883.09,1301283713,9662579558943,425695312580482.0
2023-06-21,875.7,2,-10.71,-0.0121,887.26,890.94,875.33,1216521534,9389170738503,420589876465360.0
2023-06-22,876.38,1,0.68,0.0008,870.79,880.12,869.79,1339789200,8569944364185,420999395898834.0
2023-06-23,874.84,2,-1.54,-0.0018,880.37,880.46,872.28,1287180970,8428578901317,420135043459337.0
2023-06-26,879.5,1,4.66,0.0053,874.31,881.24,869.29,1293505724,8706697495459,422225553318677.0
2023-06-27,874.14,2,-5.36,-0.0060999999999999,877.88,878.43,867.68,1220801453,8984996257499,419653192029387.0
2023-06-28,866.97,2,-7.17,-0.0081999999999999,879.61,880.23,866.7,1164022550,9622908094376,416385717099030.0
2023-06-29,861.79,2,-5.18,-0.006,868.65,870.75,859.77,1173907181,9264784435756,414020562323732.0
2023-06-30,868.24,1,6.45,0.0075,862.7,869.24,853.68,1000068755,9203747446624,417824127926909.0
2023-07-03,889.29,1,21.05,0.0242,873.91,889.29,873.66,884082214,10603651052559,427893116022242.0
2023-07-04,890.0,1,0.71,0.0008,890.94,894.7,883.41,972953790,11545129929440,428161725511757.0
2023-07-05,891.18,1,1.18,0.0013,890.49,895.63,889.23,918615508,10531837749987,428780437481783.0
2023-07-06,870.53,2,-20.65,-0.0232,889.3,889.77,869.46,1134506228,11130338336470,419190995639896.0
2023-07-07,867.27,2,-3.26,-0.0037,868.08,872.29,861.2,1035427219,8009251371917,417718584854565.0
2023-07-10,860.35,2,-6.92,-0.008,868.0,870.18,857.35,1014982128,9721572767552,414366972436263.0
2023-07-11,878.73,1,18.38,0.0214,866.55,878.76,865.65,935391511,9082924297629,423229062701988.0
2023-07-12,879.88,1,1.15,0.0013,878.97,880.53,873.91,1043118519,10595066049150,423618918101672.0
2023-07-13,893.07,1,13.19,0.015,885.21,895.23,884.33,1122333065,12568445693662,430068141680691.0
2023-07-14,896.28,1,3.21,0.0036,898.17,899.68,890.21,1056686324,12330830601818,432702966197944.0
2023-07-17,898.29,1,2.01,0.0022,894.75,899.44,891.18,1119416578,10494368668897,433666352790006.0
2023-07-18,914.14,1,15.85,0.0176,901.43,914.18,901.12,1139854017,14311263004082,441367892486646.0
2023-07-19,923.72,1,9.58,0.0105,917.51,923.9,910.25,1016893563,15723854281309,446179346656537.0
2023-07-20,931.6,1,7.88,0.0085,918.27,931.79,913.98,978780675,14070930953102,450317137849340.0
2023-07-21,934.58,1,2.98,0.0032,918.51,937.29,918.19,992316458,13390189537646,451830150446042.0
2023-07-24,929.9,2,-4.68,-0.005,934.99,935.55,920.89,966471740,15065765051016,449613086398779.0
2023-07-25,939.96,1,10.06,0.0108,932.17,945.47,924.31,932865875,14807760560656,454570559190489.0
2023-07-26,900.63,2,-39.33,-0.0418,945.57,956.4,886.14,1236849184,26481196768146,435360980324054.0
2023-07-27,883.79,2,-16.84,-0.0187,897.44,912.57,878.8,892726452,16018967148825,427799727761563.0
2023-07-28,913.74,1,29.95,0.0339,880.23,914.6,877.96,677661358,11997142808582,442183475626650.0
2023-07-31,935.97,1,22.23,0.0243,923.01,938.43,921.39,691575579,10891085105633,453032138636820.0
2023-08-01,939.67,1,3.7,0.004,944.71,952.12,926.75,924066636,14537384611931,454817075945774.0
2023-08-02,909.76,2,-29.91,-0.0318,931.17,940.06,907.87,951132825,11809032273269,440343830637426.0
2023-08-03,920.32,1,10.56,0.0116,911.28,920.41,897.89,1149308726,13189339893286,445604063527432.0
2023-08-04,918.43,2,-1.89,-0.0021,921.16,922.89,914.3,1059449436,11110784464821,445124361055303.0
2023-08-07,898.22,2,-20.21,-0.022,913.25,913.25,894.48,1097671474,13572939610576,436603247933806.0
2023-08-08,892.34,2,-5.88,-0.0065,901.76,903.78,889.25,1152204796,12944716388906,433028307783190.0
2023-08-09,908.98,1,16.64,0.0186,891.08,912.94,889.94,1008549151,10654751734490,441076164676548.0
2023-08-10,911.29,1,2.31,0.0025,904.68,912.65,899.01,1260880165,11837433980853,442526218430911.0
2023-08-11,912.2,1,0.91,0.001,913.97,918.18,908.27,1393876361,12114987929856,443015508574880.0
2023-08-14,901.68,2,-10.52,-0.0115,907.43,908.13,894.08,1181117277,10959792266814,434975779332580.0
2023-08-16,878.29,2,-23.39,-0.0259,893.93,895.42,877.85,1218844755,11871578403621,423722659451219.0
2023-08-17,886.04,1,7.75,0.0088,875.15,887.67,863.32,1108792128,12366249413879,427494238868875.0
2023-08-18,877.32,2,-8.72,-0.0098,878.52,882.08,874.27,1122467744,10118534840757,423332043652265.0
2023-08-21,888.71,1,11.39,0.013,881.09,894.58,879.8,1057472367,10331387410916,429635002358685.0
2023-08-22,893.33,1,4.62,0.0052,898.4,899.21,889.71,1230524856,12045691549361,432030558011584.0
2023-08-23,882.87,2,-10.46,-0.0116999999999999,892.65,892.65,881.4,1436368175,12719265998466,427031001522470.0
2023-08-24,901.74,1,18.87,0.0214,893.46,902.64,892.12,1277063374,12336262388525,436356997642281.0
2023-08-25,899.38,2,-2.36,-0.0026,891.21,902.81,890.08,1163466806,10987193580868,435370241626392.0
2023-08-28,909.38,1,10.0,0.0111,907.53,909.48,901.84,1072274426,9798808110500,440166085727053.0
2023-08-29,916.24,1,6.86,0.0075,911.94,918.39,907.82,1312285387,12119876513592,443514841224954.0
2023-08-30,923.81,1,7.57,0.0083,925.08,926.44,921.05,1275514494,12229250051505,447220311649114.0
2023-08-31,928.4,1,4.59,0.005,925.57,930.42,923.4,1277534743,17037702276490,449317149907098.0
2023-09-01,919.74,2,-8.66,-0.0093,926.37,928.0,919.74,1071432398,14041354798243,445146060262928.0
2023-09-04,919.16,2,-0.58,-0.0006,918.12,921.63,913.04,1113978179,13183976920231,444921502645236.0
2023-09-05,921.48,1,2.32,0.0025,918.85,922.65,913.02,1084503924,12885819207284,446045836292084.0
2023-09-06,917.95,2,-3.53,-0.0038,923.61,927.28,916.08,1091540956,13524715656220,444379723550669.0
2023-09-07,906.36,2,-11.59,-0.0126,914.63,921.79,902.95,1282928651,14635136391307,438903708396168.0
2023-09-08,914.18,1,7.82,0.0086,908.08,914.18,902.77,1252895043,12406452820114,442804786933213.0
2023-09-11,912.55,2,-1.63,-0.0018,918.43,918.43,907.9,975185905,12312929562055,442065156842420.0
2023-09-12,898.04,2,-14.51,-0.0159,918.1,918.96,895.96,1178572090,13214420107040,435289563130455.0
2023-09-13,882.72,2,-15.32,-0.0171,895.94,899.8,882.27,1077222122,10593923166041,427779339434136.0
2023-09-14,899.47,1,16.75,0.019,888.19,899.47,886.46,1020175628,10239898986832,435744846795615.0
2023-09-15,899.03,2,-0.44,-0.0005,900.62,902.4,897.11,941816269,9637188906601,435690978647815.0
2023-09-18,891.29,2,-7.74,-0.0086,892.18,896.37,889.99,906664638,8284956174836,432560040384961.0
2023-09-19,883.89,2,-7.4,-0.0083,891.57,894.26,882.42,1045779155,8723086713441,429135295907356.0
2023-09-20,882.72,2,-1.17,-0.0013,883.74,886.65,874.92,1015725765,8814260998398,428558685865818.0
2023-09-21,860.68,2,-22.04,-0.025,875.52,879.82,859.51,1046442413,9560388701961,417773828305269.0
2023-09-22,857.35,2,-3.33,-0.0039,851.93,860.68,847.56,1029356352,8521320755251,416270899616597.0
2023-09-25,839.17,2,-18.18,-0.0212,856.79,859.04,839.17,869428222,8324833078139,407862919775921.0
2023-09-26,827.82,2,-11.35,-0.0135,841.8,845.3,827.82,1122471901,7865138888455,402456733401798.0
2023-09-27,841.02,1,13.2,0.0159,823.2,841.97,821.71,844483850,7303345736826,408940675177800.0
2023-10-04,807.4,2,-33.62,-0.04,832.3,832.3,806.47,816987613,7405860799076,392910795423150.0
2023-10-05,801.02,2,-6.38,-0.0079,817.89,820.06,800.36,874561729,6864715425179,389801454612856.0
2023-10-06,816.39,1,15.37,0.0192,803.88,818.37,803.88,776644942,5803548847689,397696147011453.0
2023-10-10,795.0,2,-21.39,-0.0262,821.22,823.27,792.91,978040985,7609404014661,387316819638019.0
2023-10-11,817.12,1,22.12,0.0278,805.03,821.83,805.03,856188114,6752783042807,398258712587184.0
2023-10-12,835.49,1,18.37,0.0225,822.27,835.79,822.27,1040121117,7385408709164,407243123910342.0
2023-10-13,822.78,2,-12.71,-0.0152,831.21,834.66,817.66,1060106942,7235300891607,401114166692247.0
2023-10-16,810.54,2,-12.24,-0.0149,812.57,813.19,800.62,1049948703,6859239777626,395207401475388.0
2023-10-17,820.38,1,9.84,0.0121,817.47,825.33,817.29,948110924,6949075407195,400045072789920.0
2023-10-18,808.89,2,-11.49,-0.0139999999999999,816.92,820.09,807.45,864011792,6920168791398,394765329268523.0
2023-10-19,784.04,2,-24.85,-0.0306999999999999,796.15,796.36,782.63,878334776,6394936423147,383117618035398.0
2023-10-20,769.25,2,-14.79,-0.0189,775.81,779.92,759.4,980560186,7114302122354,376280739671974.0
2023-10-23,763.69,2,-5.56,-0.0072,766.56,774.36,762.51,762343882,5227424187063,373761247614238.0
2023-10-24,784.86,1,21.17,0.0277,771.03,784.86,750.32,951759212,7004292442847,384030224853614.0
2023-10-25,770.84,2,-14.02,-0.0179,788.01,788.01,770.84,1015507373,6623146800814,377272631075685.0
2023-10-26,743.85,2,-26.99,-0.035,751.64,756.43,740.51,839569016,6594877325540,364097301031312.0
2023-10-27,748.49,1,4.64,0.0062,749.87,760.51,738.92,665631834,5753194045411,365644484217477.0
2023-10-30,757.12,1,8.63,0.0115,747.24,760.87,744.63,648823172,4759448788914,369973882749552.0
2023-10-31,736.1,2,-21.02,-0.0278,758.65,759.24,734.2,868119072,5797427225320,359870029631241.0
2023-11-01,739.23,1,3.13,0.0043,742.98,749.65,737.52,753917385,5100036513141,361406917718397.0
2023-11-02,772.84,1,33.61,0.0455,753.37,773.39,753.37,794255847,7067105328807,377971180090034.0
2023-11-03,782.05,1,9.21,0.0118999999999999,779.28,782.53,768.38,810108904,6726856710026,382563192241877.0
2023-11-06,839.45,1,57.4,0.0733999999999999,794.49,839.45,793.72,849326310,11332271146669,410526334336536.0
2023-11-07,824.37,2,-15.08,-0.018,842.16,847.37,805.81,928085957,11589232467473,403415638740242.0
2023-11-08,811.02,2,-13.35,-0.0162,821.98,831.45,810.15,884415628,8307781164576,396950367777154.0
2023-11-09,802.87,2,-8.15,-0.01,813.89,814.92,797.44,921924711,7618954243014,392553959323665.0
2023-11-10,789.31,2,-13.56,-0.0169,792.86,794.73,785.45,863204580,6321994417130,385805211467449.0
2023-11-13,774.42,2,-14.89,-0.0189,796.41,798.15,774.33,998048078,6776885828825,378636125609200.0
2023-11-14,794.19,1,19.77,0.0255,779.47,794.91,779.47,841492448,6027749856457,388255637460621.0
2023-11-15,809.36,1,15.17,0.0191,808.68,813.06,805.27,816588156,7793756775930,395818434792009.0
2023-11-16,811.11,1,1.75,0.0022,809.12,815.82,804.74,905406930,6698681416524,396747876077641.0
2023-11-17,799.06,2,-12.05,-0.0149,807.61,807.62,795.66,804590769,5959948596949,390975932221284.0
2023-11-20,813.08,1,14.02,0.0175,797.83,815.27,797.51,786862534,6525301064867,398291726402113.0
2023-11-21,817.01,1,3.93,0.0048,816.34,819.14,811.24,897451667,7487096336385,400925813172224.0
2023-11-22,814.61,2,-2.4,-0.0029,811.2,817.28,809.83,842425267,7028404530888,399781373957833.0
2023-11-23,815.98,1,1.37,0.0017,816.16,819.91,813.25,909847416,7294415537629,400519326332160.0
2023-11-24,815.0,2,-0.98,-0.0012,817.02,818.74,814.22,741072449,7576859647662,401042266895043.0
2023-11-27,810.25,2,-4.75,-0.0058,816.55,816.6,809.26,793999086,7898997114386,398598848757303.0
2023-11-28,816.44,1,6.19,0.0076,811.76,816.62,811.06,933903190,8985735290782,402155801721691.0
2023-11-29,822.44,1,6.0,0.0073,817.9,823.81,812.95,916373964,8954166530674,404935896232367.0
2023-11-30,831.68,1,9.24,0.0112,819.23,831.68,819.23,774887614,8064192453995,409505275920919.0
2023-12-01,827.24,2,-4.44,-0.0053,826.3,831.03,822.03,997870134,8841801708866,409283557270978.0
2023-12-04,828.52,1,1.28,0.0015,828.66,837.95,823.99,1009243076,10498736890668,409935238534081.0
2023-12-05,813.38,2,-15.14,-0.0183,823.86,828.25,810.52,1058500321,9209908792657,402801220567134.0
2023-12-06,819.54,1,6.16,0.0076,816.66,822.39,814.0,882764259,8478611028925,406152913501448.0
2023-12-07,813.2,2,-6.34,-0.0077,820.46,820.46,810.9,794863708,7508853058843,403050653416789.0
2023-12-08,830.37,1,17.17,0.0210999999999999,818.71,830.99,818.5,862256339,8258782903553,411561684858623.0
2023-12-11,835.25,1,4.88,0.0059,831.83,839.15,831.64,930374425,7034637970487,414215250778726.0
2023-12-12,839.53,1,4.28,0.0051,835.41,842.56,833.67,1217323007,9462123852071,418033770244538.0
2023-12-13,829.31,2,-10.22,-0.0121999999999999,837.55,838.25,828.72,1071809015,10192342204535,413323756989962.0
2023-12-14,840.59,1,11.28,0.0136,841.75,845.54,834.66,1037462174,11695701638294,418931902190699.0
2023-12-15,838.31,2,-2.28,-0.0027,844.76,846.7,834.94,1082325627,9586610750095,417973079092298.0
2023-12-18,850.96,1,12.65,0.0151,844.78,854.07,843.61,802089047,8628218117924,424150156590754.0
2023-12-19,858.3,1,7.34,0.0086,850.36,858.65,849.33,1068049562,11741043751369,427781325532824.0
2023-12-20,862.98,1,4.68,0.0055,861.96,865.02,860.56,1117583658,9847807297767,430262572827308.0
2023-12-21,859.44,2,-3.54,-0.0040999999999999,855.76,867.33,851.82,1145618422,11087457458968,428449213970818.0
2023-12-22,854.62,2,-4.82,-0.0056,863.35,864.79,853.49,1212763839,11079843311407,426333060285533.0
2023-12-26,848.34,2,-6.28,-0.0073,855.75,857.24,846.32,1078585688,9647321193195,423097874011523.0
2023-12-27,859.79,1,11.45,0.0135,851.49,860.29,851.21,1221463001,10660357859864,428391090402708.0
2023-12-28,866.57,1,6.78,0.0079,860.42,866.57,856.53,1251153574,8470236424538,431792284696650.0
2024-01-02,878.93,1,12.36,0.0143,866.08,878.93,865.26,1154417882,9016382379513,426084860439733.0
2024-01-03,871.57,2,-7.36,-0.0084,872.21,872.44,865.12,1259145225,10346856799119,422560464617857.0
2024-01-04,866.25,2,-5.32,-0.0060999999999999,865.35,872.79,860.45,1224264897,10152118117016,420014902125688.0
2024-01-05,878.33,1,12.08,0.0139,866.81,878.98,864.86,1047923558,10173764925209,426191476679294.0
2024-01-08,879.34,1,1.01,0.0011,880.24,882.88,875.34,1162383415,10281017671776,426868672552920.0
2024-01-09,884.64,1,5.3,0.006,886.1,890.06,881.97,1170608223,10994850175241,429749865145220.0
2024-01-10,875.46,2,-9.18,-0.0104,884.08,884.08,872.68,1270510842,10677245441859,425459540707299.0
2024-01-11,882.53,1,7.07,0.0081,878.12,885.75,878.12,1476595168,10271731802615,428957219476629.0
2024-01-12,868.08,2,-14.45,-0.0163999999999999,878.69,880.3,865.81,1107335306,9817956878209,410148736041156.0
2024-01-15,859.71,2,-8.37,-0.0096,865.45,869.69,855.0,996410652,8814756004556,406390818141181.0
2024-01-16,854.83,2,-4.88,-0.0056999999999999,857.39,864.9,846.47,1032822195,9427894353885,403879277342545.0
2024-01-17,833.05,2,-21.78,-0.0255,856.61,856.97,832.7,1106275262,9112267875860,393681860340762.0
2024-01-18,840.33,1,7.28,0.0087,834.01,848.63,830.06,1167940492,9516586886511,397229288077207.0
2024-01-19,842.67,1,2.34,0.0028,848.66,856.05,837.87,1220560704,11330008924272,398160126936472.0
2024-01-22,839.69,2,-2.98,-0.0034999999999999,848.87,849.32,836.89,1320572642,12853804835041,396689616318072.0
2024-01-23,840.11,1,0.42,0.0005,840.62,848.65,833.24,1248018390,11778754822620,396984730255445.0
2024-01-24,836.21,2,-3.9,-0.0046,841.45,842.9,828.12,1417438154,10670434214130,395557643219167.0
2024-01-25,823.74,2,-12.47,-0.0149,833.34,833.34,820.64,1565969491,12874009155884,390353310452432.0
2024-01-26,837.24,1,13.5,0.0163999999999999,818.76,839.52,817.06,1238780423,11242548125217,398079081213062.0
2024-01-29,819.14,2,-18.1,-0.0216,841.21,841.21,815.54,1246813222,13191517578360,384137204369443.0
2024-01-30,818.86,2,-0.28,-0.0003,826.0,828.54,811.57,1097207246,9727934440282,383976054539469.0
2024-01-31,799.24,2,-19.62,-0.024,813.8,818.9,799.24,1137249797,8642360135086,374861916613184.0
2024-02-01,798.73,2,-0.51,-0.0006,796.26,800.91,786.28,1124844785,8978321425595,375252532726266.0
2024-02-02,814.77,1,16.04,0.0200999999999999,803.71,817.74,803.71,1096190538,8618911062683,382771284007782.0
2024-02-05,807.99,2,-6.78,-0.0083,812.28,813.83,807.36,974415250,7775026603080,379742624320544.0
2024-02-06,807.03,2,-0.96,-0.0012,804.36,808.39,795.37,1065542735,9727051601170,379490521402460.0
2024-02-07,811.92,1,4.89,0.0060999999999999,811.51,820.06,809.18,827984256,9325176029736,381548030041766.0
2024-02-08,826.58,1,14.66,0.0181,816.82,828.03,816.27,912499052,9579201514705,388825224165147.0
2024-02-13,845.15,1,18.57,0.0225,831.14,846.58,830.66,896289730,11292053996603,397516310558390.0
2024-02-14,853.3,1,8.15,0.0096,833.24,854.44,831.56,1086775918,11435373890607,401324744348004.0
2024-02-15,859.21,1,5.91,0.0069,860.13,861.37,852.79,1222187510,11203385441976,404623030938354.0
2024-02-16,857.6,2,-1.61,-0.0019,863.69,864.24,854.72,1339167323,11690978646367,403874229640531.0
2024-02-19,858.47,1,0.87,0.001,854.28,862.08,853.52,1272095442,11285246481581,404544728704770.0
2024-02-20,866.17,1,7.7,0.009,858.08,866.17,854.58,1394893803,11980946563838,408188873512280.0
2024-02-21,864.07,2,-2.1,-0.0024,861.58,872.38,860.91,1725464787,14794255236392,407078074686839.0
2024-02-22,870.11,1,6.04,0.0069999999999999,868.22,871.46,864.56,1482220235,13534556564643,410057237761465.0
2024-02-23,868.57,2,-1.54,-0.0018,873.21,875.58,866.22,1490439010,14804334693081,410504407921475.0
2024-02-26,867.4,2,-1.17,-0.0013,869.08,872.52,866.43,1219639452,10721420985986,410041400279230.0
2024-02-27,853.75,2,-13.65,-0.0157,870.1,870.1,850.77,1190362944,11046065536383,403626145391387.0
2024-02-28,863.39,1,9.64,0.0113,859.78,868.71,858.56,1102228439,11873586247691,407720652818802.0
2024-02-29,862.96,2,-0.43,-0.0005,862.55,865.88,858.3,1371169761,10859125300334,407740050432001.0
2024-03-04,872.97,1,10.01,0.0116,869.36,875.3,869.36,1138979262,11042246583664,412454545421270.0
2024-03-05,866.37,2,-6.6,-0.0076,869.36,869.36,863.4,1214968007,11740940868911,409359773875014.0
2024-03-06,870.67,1,4.3,0.005,861.67,872.06,859.71,1112038813,11395838825505,411132718480225.0
2024-03-07,863.37,2,-7.3,-0.0084,874.3,874.53,860.01,1142628897,12198653870356,408056247369613.0
2024-03-08,873.18,1,9.81,0.0113999999999999,869.18,873.18,866.18,1270638021,12751303417453,412693945032967.0
2024-03-11,875.93,1,2.75,0.0031,870.41,875.93,868.48,1076998269,11219824702863,414043080903195.0
2024-03-12,889.71,1,13.78,0.0157,877.37,889.71,876.62,1056987563,11572840586636,420464094646659.0
2024-03-13,889.93,1,0.22,0.0002,892.41,894.39,881.33,1207088059,13226875241673,421190651134097.0
2024-03-14,887.52,2,-2.41,-0.0027,889.53,892.31,881.95,1073829911,10621404057471,420175475244887.0
2024-03-15,880.46,2,-7.06,-0.008,882.67,884.6,875.87,1106771785,9667731062753,416940444434001.0
2024-03-18,894.48,1,14.02,0.0159,882.58,894.48,882.58,973184054,9027309386933,423616009966886.0
2024-03-19,891.91,2,-2.57,-0.0029,893.49,893.49,884.45,1104514231,9613691090770,422378340879205.0
2024-03-20,891.45,2,-0.46,-0.0005,894.34,896.44,890.0,1053005260,9692220933440,422153103145616.0
2024-03-21,904.29,1,12.84,0.0144,900.46,906.26,899.24,1066401786,10668754283536,429151069389985.0
2024-03-22,903.98,2,-0.31,-0.0003,902.7,905.64,900.84,1075161967,9982250423062,429265060287089.0
2024-03-25,913.69,1,9.71,0.0107,906.45,916.01,905.7,961278468,9321800664109,434141685509001.0
2024-03-26,916.09,1,2.4,0.0026,915.49,922.57,910.86,1041934854,13452124683478,436174066372717.0
2024-03-27,911.25,2,-4.84,-0.0053,914.33,918.49,905.26,1138180570,12664349741061,433806535353528.0
2024-03-28,910.05,2,-1.2,-0.0013,912.33,914.38,908.98,1095621429,12312957383477,433258803118451.0
2024-03-29,905.5,2,-4.55,-0.005,912.31,914.25,903.61,946867591,11675532452047,431430814339863.0
2024-04-01,912.45,1,6.95,0.0077,909.62,920.05,907.48,914266500,10050371163564,434746969233992.0
2024-04-02,891.59,2,-20.86,-0.0229,912.07,913.79,888.88,1037752687,12348933930894,424737292031838.0
2024-04-03,879.96,2,-11.63,-0.013,883.22,883.95,874.77,994522707,12269823284174,419811193268135.0
2024-04-04,882.9,1,2.94,0.0033,885.53,889.7,878.12,979416341,11502171482762,421152663985379.0
2024-04-05,872.29,2,-10.61,-0.012,872.47,879.34,867.45,1075572471,11298371525901,415969204787863.0
2024-04-08,860.57,2,-11.72,-0.0134,873.76,873.76,859.09,1056845550,10485550114905,410224840738518.0
2024-04-09,859.33,2,-1.24,-0.0014,864.0,871.18,856.49,976468114,9018900603827,410048513791140.0
2024-04-11,858.1,2,-1.23,-0.0014,850.8,860.83,847.54,661659827,6661340842895,409477614871889.0
2024-04-12,860.47,1,2.37,0.0028,863.16,867.01,858.24,740523249,8172048326999,410770379390485.0
2024-04-15,852.42,2,-8.05,-0.0093999999999999,850.21,854.51,842.84,837138348,8174896588498,406964937626281.0
2024-04-16,832.81,2,-19.61,-0.023,845.54,848.24,829.76,931165665,8423064101492,397477242483208.0
2024-04-17,833.03,1,0.22,0.0003,839.3,845.45,833.03,930975879,7958566104952,397619667254642.0
2024-04-18,855.65,1,22.62,0.0272,833.38,856.05,833.38,956763489,7774116062897,408372865971662.0
2024-04-19,841.91,2,-13.74,-0.0161,849.99,850.07,824.99,1100743042,9020717028669,402220419239978.0
2024-04-22,845.82,1,3.91,0.0046,844.95,854.16,840.29,898755915,8014043820006,404137812735307.0
2024-04-23,845.44,2,-0.38,-0.0004,848.88,853.62,844.5,886593400,7393250528685,404562798591266.0
2024-04-24,862.23,1,16.79,0.0199,856.37,863.12,855.79,957921894,7930463876911,412527718373546.0
2024-04-25,853.26,2,-8.97,-0.0104,855.78,865.15,853.13,811574905,8018436622819,408543273284626.0
2024-04-26,856.82,1,3.56,0.0042,860.0,862.8,852.8,704655856,8089482216636,410420659948729.0
2024-04-29,869.72,1,12.9,0.0151,860.53,869.73,860.53,772592926,7575250451944,416568643489746.0
2024-04-30,868.93,2,-0.79,-0.0009,872.08,875.64,867.32,792642796,8036165395409,416784439542328.0
2024-05-02,867.48,2,-1.45,-0.0017,865.78,870.33,864.98,854449816,7919463012204,416544774263651.0
2024-05-03,865.59,2,-1.89,-0.0022,872.27,875.11,865.21,843085137,8669936578304,416261038862808.0
2024-05-07,871.26,1,5.67,0.0066,874.69,876.94,869.75,802229139,8043080940733,419337853171662.0
2024-05-08,872.42,1,1.16,0.0013,870.11,873.65,862.81,967419140,8407169934014,419922163322925.0
2024-05-09,870.15,2,-2.27,-0.0026,871.17,873.53,869.0,1019040873,9789655564600,418824645242297.0
2024-05-10,864.16,2,-5.99,-0.0069,873.56,875.21,864.03,961248333,9692426294992,416224870109076.0
2024-05-13,854.43,2,-9.73,-0.0113,866.67,867.08,852.75,907147508,8586624608777,411638741725778.0
2024-05-14,862.15,1,7.72,0.009,857.44,865.43,856.88,978602246,9606201162156,415674773820312.0
2024-05-16,870.37,1,8.22,0.0095,872.31,874.86,868.51,956088791,9870179730942,419640336083835.0
2024-05-17,855.06,2,-15.31,-0.0176,869.06,869.6,854.47,938501648,9247285001086,412645497794751.0
2024-05-20,847.08,2,-7.98,-0.0093,856.22,857.51,843.22,1017956271,8345055428621,409036804663475.0
2024-05-21,846.51,2,-0.57,-0.0007,849.32,849.32,843.62,1070889760,9568918373268,408693912250196.0
2024-05-22,845.72,2,-0.79,-0.0009,850.4,850.59,844.97,914521669,9034343724969,408440572281950.0
2024-05-23,846.58,1,0.86,0.001,846.5,849.32,839.16,1011600274,10684061830782,409466823343756.0
2024-05-24,839.41,2,-7.17,-0.0085,840.7,845.48,836.95,816024807,9135537423933,405965263547974.0
2024-05-27,847.99,1,8.58,0.0102,843.76,848.13,836.65,981440807,9340390857378,410165214676148.0
2024-05-28,851.01,1,3.02,0.0036,847.46,852.42,846.9,1148225055,9960641370582,411677608483342.0
2024-05-29,838.45,2,-12.56,-0.0148,849.6,849.93,838.08,1384716711,10766971151000,405647854868224.0
2024-05-30,831.99,2,-6.46,-0.0077,835.63,840.74,831.02,1405317114,8496990950289,402631724588134.0
2024-05-31,839.98,1,7.99,0.0096,835.01,840.02,829.81,1450490944,10007816964183,406681137954135.0
2024-06-03,844.72,1,4.74,0.0056,840.33,847.07,839.58,976797379,8191973620701,409063344101680.0
2024-06-04,845.84,1,1.12,0.0013,844.62,851.49,841.81,911007481,9236772575223,409581104366279.0
2024-06-05,850.75,1,4.91,0.0058,849.33,852.18,844.13,904879338,8887982371635,411865372966478.0
2024-06-07,866.18,1,15.43,0.0181,856.17,866.48,855.06,848540748,9437829678479,419264242261538.0
2024-06-10,864.71,2,-1.47,-0.0017,862.21,867.6,860.9,907182555,8973179558983,418549156755761.0
2024-06-11,868.36,1,3.65,0.0042,866.88,872.36,865.91,1038631016,10531409778429,420619690832371.0
2024-06-12,870.67,1,2.31,0.0027,871.36,876.45,867.32,1216392791,10069103447690,421737670030455.0
2024-06-13,871.33,1,0.66,0.0008,879.52,879.52,871.12,928797135,10463216347346,422139582391471.0
2024-06-14,862.19,2,-9.14,-0.0105,872.69,873.37,859.69,975480817,9726959121242,418141571468150.0
2024-06-17,858.96,2,-3.23,-0.0037,860.13,864.1,857.11,820229604,8502476722570,416859823539871.0
2024-06-18,858.95,2,-0.01,0.0,863.32,864.81,855.35,1040183311,8654997358135,416903210087625.0
2024-06-19,861.17,1,2.22,0.0026,860.66,866.21,856.16,1034309030,10450918240213,418432679641769.0
2024-06-20,857.51,2,-3.66,-0.0043,861.44,864.7,854.94,637742101,7003567573303,416819925535105.0
2024-06-21,852.67,2,-4.84,-0.0056,853.48,856.02,848.5,772539603,8751413705672,414383700647201.0
2024-06-24,841.52,2,-11.15,-0.0131,852.27,852.48,841.43,670004479,7955141869617,407991203631732.0
2024-06-25,841.99,1,0.47,0.0006,839.5,844.54,836.12,663208108,7339612913534,408597094131118.0
2024-06-26,842.12,1,0.13,0.0002,845.91,846.76,839.34,704558912,7617321555847,408442645415793.0
2024-06-27,838.65,2,-3.47,-0.0040999999999999,841.12,844.62,837.8,814034565,7937287191522,407397656618860.0
2024-06-28,840.44,1,1.79,0.0021,840.11,842.36,838.29,706932845,7321536603476,408441870824854.0
2024-07-01,847.15,1,6.71,0.008,840.59,847.97,840.4,620756906,6929624138187,411604081198769.0
2024-07-02,829.91,2,-17.24,-0.0204,846.86,847.39,828.49,710212435,8107543293457,403618973094456.0
2024-07-03,836.1,1,6.19,0.0075,832.98,838.89,829.5,788691572,9529990500122,406824513118905.0
2024-07-04,840.81,1,4.71,0.0056,838.9,844.1,838.9,744760897,9354583327555,409102397857569.0
2024-07-05,847.49,1,6.68,0.0079,842.5,849.25,841.98,780462523,9384499215019,412398593991687.0
2024-07-08,859.27,1,11.78,0.0139,848.59,859.27,848.59,742509474,8179747977284,418234996505161.0
2024-07-09,860.42,1,1.15,0.0013,860.18,864.11,857.6,1054271596,8484198563008,418971828381828.0
2024-07-10,858.55,2,-1.87,-0.0022,859.01,860.82,854.6,896435778,8565232761544,418121330487575.0
2024-07-11,852.42,2,-6.13,-0.0070999999999999,861.73,862.61,851.72,835015840,8169459144758,415164382922215.0
2024-07-12,850.37,2,-2.05,-0.0024,848.04,855.03,845.03,764433527,7235503380357,414596604716717.0
2024-07-15,852.88,1,2.51,0.003,852.62,852.93,847.68,785845593,6486599651664,416237188378745.0
2024-07-16,839.61,2,-13.27,-0.0156,850.96,851.2,837.29,874489482,7429451763590,409797183696528.0
2024-07-17,829.41,2,-10.2,-0.0121,841.28,843.1,829.09,828952049,7550079588231,404871434066473.0
2024-07-18,822.48,2,-6.93,-0.0084,820.14,824.96,812.9,869763288,6962993877483,401340814371848.0
2024-07-19,828.72,1,6.24,0.0076,820.29,828.82,819.13,871199222,6829503353816,404476690034930.0
2024-07-22,809.96,2,-18.76,-0.0226,827.98,828.09,806.79,906825881,6672158671514,395473474975784.0
2024-07-23,812.12,1,2.16,0.0027,816.3,821.93,808.79,939604507,7337302776210,396591999419808.0
2024-07-24,814.25,1,2.13,0.0026,809.45,819.81,807.55,837075545,6592744769081,397953150296098.0
2024-07-25,797.29,2,-16.96,-0.0208,802.28,803.55,794.23,1028813371,7279396749359,389656454953215.0
2024-07-26,797.56,1,0.27,0.0003,799.97,802.06,795.02,777351033,5633297429607,389782787010577.0
2024-07-29,807.99,1,10.43,0.0131,800.64,808.73,800.39,652991784,5369235256500,395001489276168.0
2024-07-30,803.78,2,-4.21,-0.0052,805.17,807.38,800.36,842014161,6262355850075,392989281839238.0
2024-07-31,803.15,2,-0.63,-0.0008,802.0,804.17,795.18,798865690,6721266011495,392874559959322.0
2024-08-01,813.53,1,10.38,0.0129,807.52,815.28,807.5,644080648,6080752756837,398072444104279.0
2024-08-02,779.33,2,-34.2,-0.042,799.45,799.97,778.39,845791135,6546468714529,381414823377601.0
2024-08-05,691.28,2,-88.05,-0.113,765.57,765.57,672.57,1173846825,9066223782493,338426509024749.0
2024-08-06,732.87,1,41.59,0.0602,709.04,738.77,707.72,1075212515,8382026162702,358723663797159.0
2024-08-07,748.54,1,15.67,0.0214,731.82,754.41,731.44,947156032,7334433918703,366522462543246.0
2024-08-08,745.28,2,-3.26,-0.0044,738.29,751.51,732.74,1012600626,7169986316501,364930928587311.0
2024-08-09,764.43,1,19.15,0.0256999999999999,759.91,768.21,759.91,843851627,7392824528898,374306000593340.0
2024-08-12,772.72,1,8.29,0.0108,767.21,775.31,767.21,885107713,6850311923367,378459539805823.0
2024-08-13,764.86,2,-7.86,-0.0102,771.98,773.9,757.19,1170514267,7661966415523,374521308064886.0
2024-08-14,776.83,1,11.97,0.0156,775.11,778.66,774.17,1111020235,7691492106390,380339149089802.0
2024-08-16,786.33,1,9.5,0.0121999999999999,787.34,788.86,783.88,1080401764,8000416337923,385133345751765.0
2024-08-19,777.47,2,-8.86,-0.0113,787.32,788.79,776.71,1135628349,7653033410478,380846103315782.0
2024-08-20,787.44,1,9.97,0.0128,783.73,787.95,783.35,997055956,7990594028319,386033655141317.0
2024-08-21,779.87,2,-7.57,-0.0096,783.98,784.92,775.3,1073925725,8370581514289,382646545233872.0
2024-08-22,773.47,2,-6.4,-0.0081999999999999,782.59,783.89,768.48,950992244,9216819054789,379694443123581.0
2024-08-23,773.26,2,-0.21,-0.0003,765.49,774.2,764.83,904335444,7946182072114,379786318576817.0
2024-08-26,766.79,2,-6.47,-0.0084,776.94,777.91,764.46,828774218,6632079806024,376585625383632.0
2024-08-27,764.95,2,-1.84,-0.0024,765.1,767.37,757.08,833341263,6795551848116,375886355147186.0
2024-08-28,762.5,2,-2.45,-0.0032,766.32,767.28,761.06,868583609,7021101423362,374666856319622.0
2024-08-29,756.04,2,-6.46,-0.0085,756.33,758.99,754.0,837869661,7335104154370,371491367301772.0
2024-08-30,767.66,1,11.62,0.0154,758.19,768.31,757.87,823296386,7401837254629,377597189627282.0
2024-09-02,769.21,1,1.55,0.002,769.85,770.01,764.15,742707830,7178329375308,378542486884402.0
2024-09-03,760.37,2,-8.84,-0.0115,769.68,773.15,760.07,849513737,6831746427407,374349720452725.0
2024-09-04,731.75,2,-28.62,-0.0375999999999999,738.59,741.52,729.32,1011497616,6941247399067,360422449720641.0
2024-09-05,725.28,2,-6.47,-0.0088,736.96,740.23,718.25,950492046,7047558203629,357244944058860.0
2024-09-06,706.59,2,-18.69,-0.0258,725.88,726.48,705.67,861738473,6232228791441,348066399454239.0
2024-09-09,714.46,1,7.87,0.0111,696.25,716.11,693.86,784076383,5374290400915,351964616233758.0
2024-09-10,706.2,2,-8.26,-0.0116,717.97,719.4,706.12,910266279,5812453459787,347842441472249.0
2024-09-11,709.42,1,3.22,0.0046,709.5,718.65,706.93,1046880881,6411247080649,349448575951733.0
2024-09-12,731.03,1,21.61,0.0305,719.29,733.81,719.29,870759113,6224173201511,360078539496711.0
2024-09-13,733.2,1,2.17,0.003,733.36,734.35,726.37,1015094209,5241893024711,361113744152190.0
2024-09-19,739.51,1,6.31,0.0086,738.41,740.31,729.93,1104713184,5852796768629,364213087023903.0
2024-09-20,748.33,1,8.82,0.0118999999999999,746.13,750.75,745.32,864232911,6642000709719,368620725651208.0
2024-09-23,755.12,1,6.79,0.0091,749.24,757.85,747.83,723263987,5978100653432,372042180925147.0
2024-09-24,767.35,1,12.23,0.0162,757.37,767.37,757.23,908833234,6332936938471,377301335257242.0
2024-09-25,759.3,2,-8.05,-0.0105,769.87,771.77,758.02,1239693063,6818902521944,373403979367048.0
2024-09-26,779.18,1,19.88,0.0262,764.33,779.18,764.15,1070078259,6874862659916,383119886882096.0
2024-09-27,774.49,2,-4.69,-0.006,777.72,780.91,773.36,985778612,5970065518350,381129003094355.0
2024-09-30,763.88,2,-10.61,-0.0137,777.06,777.2,762.67,961429825,6126551608381,376266135890499.0
2024-10-02,762.13,2,-1.75,-0.0023,757.3,769.69,754.38,1041588862,5499174228225,375376357838372.0
2024-10-04,768.98,1,6.85,0.009,763.73,775.05,763.2,891994580,5427141675602,378727810047572.0
2024-10-07,781.01,1,12.03,0.0156,774.77,781.56,771.11,822064062,5491460691742,384639523335588.0
2024-10-08,778.24,2,-2.77,-0.0034999999999999,776.37,782.85,776.2,1000287018,6752484664152,383221441214400.0
2024-10-10,775.48,2,-2.76,-0.0034999999999999,781.91,784.03,772.7,747790755,5758806740086,381941751593466.0
2024-10-11,770.98,2,-4.5,-0.0058,779.0,781.12,769.68,921390476,6655515362141,379833392779896.0
2024-10-14,770.26,2,-0.72,-0.0009,770.85,771.75,765.27,787258917,5834049296676,379526896886690.0
2024-10-15,773.81,1,3.55,0.0046,773.37,777.0,768.13,971991613,7026231714261,381311547245669.0
2024-10-16,765.79,2,-8.02,-0.0104,769.19,769.69,764.97,874300776,6998439442406,377579830762627.0
2024-10-17,765.06,2,-0.73,-0.001,768.15,769.69,763.21,918805154,6298048944264,376976699832372.0
2024-10-18,753.22,2,-11.84,-0.0155,765.71,765.71,749.53,898075755,7344861960890,371759993471567.0
2024-10-21,759.95,1,6.73,0.0089,754.35,761.62,749.64,825151985,6276459380926,375364685519445.0
2024-10-22,738.34,2,-21.61,-0.0283999999999999,758.72,758.72,738.33,1077034557,7458340017657,364922539820471.0
2024-10-23,745.19,1,6.85,0.0093,740.93,748.33,729.28,1099898407,6763312375771,368274028324207.0
2024-10-24,734.59,2,-10.6,-0.0141999999999999,742.7,742.7,734.26,856784917,5737873376509,363333319451093.0
2024-10-25,727.41,2,-7.18,-0.0098,739.05,739.62,725.27,764951488,5551809780311,360178604748124.0
2024-10-28,740.48,1,13.07,0.018,729.75,740.67,729.75,644668385,4984503301434,366764719166869.0
2024-10-29,744.18,1,3.7,0.005,740.05,744.18,733.28,789978376,5334265561105,368691119852643.0
2024-10-30,738.19,2,-5.99,-0.008,743.53,746.23,738.13,841964326,4720424146438,365698265866818.0
2024-10-31,743.06,1,4.87,0.0066,734.25,743.22,728.34,792644652,5683626101895,368522161802707.0
2024-11-01,729.05,2,-14.01,-0.0189,735.67,736.26,729.05,747067063,5452481185437,362027106221612.0
2024-11-04,754.08,1,25.03,0.0343,730.5,755.0,728.11,765672895,6272447583324,374349970006001.0
2024-11-05,751.81,2,-2.27,-0.003,752.17,756.6,750.17,935204031,5351281243161,373462455226134.0
2024-11-06,743.31,2,-8.5,-0.0113,757.23,761.01,737.77,1091761605,7631433759071,369270529205191.0
2024-11-07,733.52,2,-9.79,-0.0132,743.47,743.47,727.1,812895086,6599193632501,363599257422616.0
2024-11-08,743.38,1,9.86,0.0134,739.91,746.89,739.66,766825742,7206375001249,368601865649690.0
2024-11-11,728.84,2,-14.54,-0.0196,744.86,745.42,727.04,836837402,6923344519053,361384974660820.0
2024-11-12,710.52,2,-18.32,-0.0250999999999999,728.72,729.07,707.96,896081914,7412262473039,352463070918797.0
2024-11-13,689.65,2,-20.87,-0.0294,708.52,712.83,689.64,866788364,6992215388406,342405059931883.0
2024-11-14,681.56,2,-8.09,-0.0116999999999999,694.16,702.08,681.3,819600512,6860249693773,338637722884866.0
2024-11-15,685.42,1,3.86,0.0056999999999999,675.64,688.91,668.38,895145861,6502381408489,340667852541439.0
2024-11-18,689.55,1,4.13,0.006,683.53,697.45,681.0,875258497,7423156327106,342895307782871.0
2024-11-19,686.12,2,-3.43,-0.005,690.45,691.13,682.5,894680566,7236652546264,341449563588267.0
2024-11-20,682.91,2,-3.21,-0.0046999999999999,689.03,691.0,682.03,934123936,7851775599983,340156641630358.0
2024-11-21,680.67,2,-2.24,-0.0033,683.1,685.91,672.83,1016299158,8522049909150,339015335169215.0
2024-11-22,677.01,2,-3.66,-0.0054,682.37,689.99,676.06,849327115,7996712119879,336919514460270.0
2024-11-25,696.83,1,19.82,0.0293,683.37,698.51,683.37,784507220,6906383418655,346788622200437.0
2024-11-26,693.15,2,-3.68,-0.0053,697.59,699.7,689.53,835545191,6729522619311,345034795098541.0
2024-11-27,692.0,2,-1.15,-0.0017,693.8,696.15,686.37,942775549,7276408857725,344410620789086.0
2024-11-28,694.39,1,2.39,0.0034999999999999,694.96,697.91,691.61,927237663,6934065344028,345651361602403.0
2024-11-29,678.19,2,-16.2,-0.0233,694.24,694.24,677.08,888674468,6295163802026,337777688264228.0
2024-12-02,675.84,2,-2.35,-0.0034999999999999,684.15,687.7,675.78,735007138,6353293970211,336808236092623.0
2024-12-03,690.8,1,14.96,0.0220999999999999,678.98,692.81,678.98,834908008,6235507051348,344255247272481.0
2024-12-04,677.15,2,-13.65,-0.0197999999999999,677.59,687.94,671.6,912110518,6402835500835,337768663789392.0
2024-12-05,670.94,2,-6.21,-0.0092,679.79,680.02,669.27,746440194,5992285180249,334928549613995.0
2024-12-06,661.33,2,-9.61,-0.0143,670.7,671.34,644.39,899216483,6791257309310,330204155887834.0
2024-12-09,627.01,2,-34.32,-0.0519,649.35,649.35,627.01,890861301,6511899873856,313015003789608.0
2024-12-10,661.59,1,34.58,0.0552,635.94,661.6,635.94,917262005,7497533013397,330190415159065.0
2024-12-11,675.92,1,14.33,0.0217,661.71,677.55,661.71,971320515,6392782148565,337681554355491.0
2024-12-12,683.35,1,7.43,0.011,680.97,687.0,674.31,1035142447,8235306824240,341391137883317.0
2024-12-13,693.73,1,10.38,0.0152,684.25,695.76,683.3,901945850,6787042166717,346943091592353.0
2024-12-16,698.53,1,4.8,0.0069,699.81,701.67,695.67,1001731892,6984401139011,349452247183742.0
2024-12-17,694.47,2,-4.06,-0.0058,699.52,699.52,691.58,981787202,7201106404792,347336209928400.0
2024-12-18,697.57,1,3.1,0.0045,694.94,699.18,690.4,858876686,7245591833949,348901870316724.0
2024-12-19,684.36,2,-13.21,-0.0189,682.53,688.29,679.85,761648258,6536914472666,342502492206707.0
2024-12-20,668.31,2,-16.05,-0.0235,684.79,685.1,667.0,870059923,6513537903235,334828026988434.0
2024-12-23,679.24,1,10.93,0.0163999999999999,674.26,683.16,671.09,657713640,5344653426478,340290856473099.0
2024-12-24,680.11,1,0.87,0.0013,683.02,685.87,679.23,645103801,6070198709390,341005131321276.0
2024-12-26,675.64,2,-4.47,-0.0066,684.21,684.36,674.81,829286499,6704724150325,338975146382255.0
2024-12-27,665.97,2,-9.67,-0.0143,674.3,677.5,661.24,814127292,6228975394160,333874166918579.0
2024-12-30,678.19,1,12.22,0.0183,662.68,679.68,661.92,644554166,4846907016071,340145082908613.0
2025-01-02,686.63,1,8.44,0.0124,678.98,687.25,675.96,741587124,5912360145938,344423635810547.0
2025-01-03,705.76,1,19.13,0.0279,688.04,706.46,687.73,871626030,7988209959039,353817405553060.0
2025-01-06,717.96,1,12.2,0.0173,707.87,718.86,707.87,1109992880,8258064748146,360017098034976.0
2025-01-07,718.29,1,0.33,0.0005,719.68,723.09,717.07,1230039625,8174853992098,360367857019386.0
2025-01-08,719.63,1,1.34,0.0019,713.78,720.21,712.62,1124301750,6913236534847,361070265502191.0
2025-01-09,723.52,1,3.89,0.0054,718.89,723.7,712.35,992523922,7502223198476,363118431218266.0
2025-01-10,717.89,2,-5.63,-0.0078,722.21,723.47,715.68,914398003,6601204072715,360309762116239.0
2025-01-13,708.21,2,-9.68,-0.0135,713.98,718.96,707.6,770836664,5638973154335,356078608341734.0
2025-01-14,718.04,1,9.83,0.0139,712.03,718.6,709.11,911711452,6801057772805,361067651008505.0
2025-01-15,711.61,2,-6.43,-0.009,722.16,722.34,709.82,982777494,6595897658814,357796530372816.0
2025-01-16,724.24,1,12.63,0.0177,720.35,725.78,720.35,822196863,6683933349897,364133995938266.0
2025-01-17,724.69,1,0.45,0.0006,723.05,725.54,722.28,844070196,6992862771104,364479404798641.0
2025-01-20,727.66,1,2.97,0.0040999999999999,727.59,728.51,722.77,756376851,6339532887147,365874385853105.0
2025-01-21,726.07,2,-1.59,-0.0022,728.57,733.91,720.73,860868642,7132228371381,365280195075588.0
2025-01-22,732.31,1,6.24,0.0086,731.17,733.89,729.46,917737627,7475319364269,368360207434957.0
2025-01-23,724.01,2,-8.3,-0.0113,731.69,731.72,723.49,921233004,7015212042796,364441865611068.0
2025-01-24,728.74,1,4.73,0.0065,725.78,731.7,722.82,763299520,6343842337858,367274172545405.0
2025-01-31,728.29,2,-0.45,-0.0006,724.96,728.41,723.3,687448836,6531726911469,367126940213354.0
2025-02-03,703.8,2,-24.49,-0.0336,718.26,718.26,700.57,843786203,7440589706733,355305744954193.0
2025-02-04,719.92,1,16.12,0.0229,713.55,726.28,713.55,996620510,8417510783751,363587949463097.0
2025-02-05,730.98,1,11.06,0.0154,724.6,731.92,724.6,815898537,8097572917090,368943222732921.0
2025-02-06,740.32,1,9.34,0.0128,735.94,740.32,734.91,858061283,8515712965704,373633475899069.0
2025-02-07,742.9,1,2.58,0.0034999999999999,739.88,744.68,737.61,973353714,9929371402136,375077397728902.0
2025-02-10,749.67,1,6.77,0.0091,740.12,750.46,735.71,1005599352,10816609918803,378488631738113.0
2025-02-11,749.59,2,-0.08,-0.0001,751.25,754.62,749.36,987198406,10013921895477,378570153375273.0
2025-02-12,745.18,2,-4.41,-0.0059,748.65,748.65,742.85,895422568,8611339860094,376565036587962.0
2025-02-13,749.28,1,4.1,0.0055,748.69,751.83,744.83,815852418,8391742906978,378870539511192.0
2025-02-14,756.32,1,7.04,0.0093999999999999,752.08,758.72,752.04,901114792,10084980780532,382900831746409.0
2025-02-17,768.48,1,12.16,0.0161,759.21,768.48,757.77,885361507,9312985299233,389416156462502.0
2025-02-18,773.65,1,5.17,0.0067,769.93,773.77,765.99,1064611034,10121234693865,392037051618906.0
2025-02-19,778.27,1,4.62,0.006,774.12,778.98,772.63,939913640,10913313669393,394243294233280.0
2025-02-20,768.27,2,-10.0,-0.0128,777.78,781.54,766.83,1045130301,10415463533760,389640020603937.0
2025-02-21,774.65,1,6.38,0.0083,768.39,774.78,767.18,881243487,8182601802642,392602420154611.0
2025-02-24,773.33,2,-1.32,-0.0017,766.94,773.51,764.48,904411705,7924512242876,392294112296850.0
2025-02-25,769.43,2,-3.9,-0.005,766.85,773.91,765.26,962424381,8757281474050,390764703025874.0
2025-02-26,771.41,1,1.98,0.0026,769.0,774.2,766.69,909127367,7969806149515,391744101242164.0
2025-02-27,770.85,2,-0.56,-0.0007,774.13,776.57,769.6,806160338,7469652252807,391416417741301.0
2025-02-28,743.96,2,-26.89,-0.0349,760.1,760.1,743.95,860877844,7789832800055,377926445581963.0
2025-03-04,737.9,2,-6.06,-0.0081,739.68,739.68,730.96,622276869,5493892282378,375108425479583.0
2025-03-05,746.95,1,9.05,0.0123,743.35,748.82,740.69,684374715,6466086116660,379834268125984.0
2025-03-06,734.92,2,-12.03,-0.0161,750.43,750.43,733.49,766879796,7505323280070,373981104772291.0
2025-03-07,727.7,2,-7.22,-0.0098,729.43,738.1,725.97,731378055,7183593305606,370358758385096.0
2025-03-10,725.82,2,-1.88,-0.0026,724.78,732.62,720.13,622760098,5834615967181,369529949656492.0
2025-03-11,721.5,2,-4.32,-0.006,710.2,721.7,706.96,757611773,7149826854989,367633889516135.0
2025-03-12,729.49,1,7.99,0.0111,724.58,734.14,723.52,687840839,6558097776494,371989156127139.0
2025-03-13,722.8,2,-6.69,-0.0092,735.75,737.29,722.28,774839374,7485492681845,368874805611599.0
2025-03-14,734.26,1,11.46,0.0159,723.75,736.84,723.71,668141670,6493140821396,374871759865668.0
2025-03-17,743.51,1,9.25,0.0126,740.14,743.77,735.32,693669930,7112442322831,379331543750418.0
2025-03-18,745.54,1,2.03,0.0027,747.71,748.07,742.29,677134375,6779991571401,380885280774773.0
2025-03-19,738.35,2,-7.19,-0.0096,743.21,747.53,737.52,721061736,6943065173394,377235277140899.0
2025-03-20,725.15,2,-13.2,-0.0179,743.06,743.39,725.1,749018294,8338383504585,370651144256744.0
2025-03-21,719.41,2,-5.74,-0.0079,724.94,727.15,713.82,735721739,7672927584981,368143842842415.0
2025-03-24,720.22,1,0.81,0.0011,721.39,725.34,718.67,678079652,5310038114044,368835429966832.0
2025-03-25,711.26,2,-8.96,-0.0124,725.34,725.84,709.67,729735132,6016568417764,364227032661785.0
2025-03-26,716.48,1,5.22,0.0073,714.36,717.3,705.38,706699242,5368345496857,366971161183674.0
2025-03-27,707.49,2,-8.99,-0.0125,710.98,718.2,706.86,766088993,5658041994382,362229714703401.0
2025-03-28,693.76,2,-13.73,-0.0194,708.97,709.33,691.76,964194525,5325467408913,355501975376710.0
2025-03-31,672.85,2,-20.91,-0.0301,683.42,686.17,671.91,895517699,5025704537947,344695152100374.0
2025-04-01,691.45,1,18.6,0.0276,681.58,695.73,677.86,769528538,5379658338006,354163014064436.0
2025-04-02,684.85,2,-6.6,-0.0095,695.37,696.48,683.3,799717067,6400352823048,350645716199293.0
2025-04-03,683.49,2,-1.36,-0.002,670.75,685.16,669.85,716602765,5795628263064,350194364332347.0
2025-04-04,687.39,1,3.9,0.0056999999999999,677.23,697.72,674.66,976563377,7767886290180,352303146538945.0
2025-04-07,651.3,2,-36.09,-0.0525,667.02,667.02,651.29,914731766,6282222864292,333848533856062.0
2025-04-08,658.45,1,7.15,0.011,666.01,668.82,656.07,872171575,6117697148248,337482406628544.0
2025-04-09,643.39,2,-15.06,-0.0229,653.84,657.45,637.55,826310248,5626385140304,329853682351908.0
2025-04-10,681.79,1,38.4,0.0596999999999999,670.12,681.79,669.99,925254115,6008922102424,349599359110092.0
2025-04-11,695.59,1,13.8,0.0202,673.09,695.59,672.74,1049944175,6624999997223,356820804997226.0
2025-04-14,708.98,1,13.39,0.0192,699.99,709.05,699.21,1050254443,6640277031266,363751092585110.0
2025-04-15,711.92,1,2.94,0.0040999999999999,709.51,712.69,704.61,894426632,6878709344578,365359186143303.0
2025-04-16,699.11,2,-12.81,-0.018,710.38,711.38,698.58,978750260,6740808880865,358744662832503.0
2025-04-17,711.75,1,12.64,0.0181,700.11,711.91,700.11,1082187431,6248955537445,365177306355649.0
2025-04-18,717.77,1,6.02,0.0085,713.52,717.77,708.2,1156924183,7216567131041,368396651941493.0
2025-04-21,715.45,2,-2.32,-0.0032,717.25,722.18,714.05,1164432863,6334850713013,366929167886205.0
2025-04-22,716.12,1,0.67,0.0009,711.42,717.86,711.03,1277015428,7315553729975,367616914755586.0
2025-04-23,726.08,1,9.96,0.0139,724.33,726.1,720.42,1050347212,6678332362823,372670965642156.0
2025-04-24,726.08,3,0.0,0.0,726.95,729.49,723.33,1150836607,5979132035110,372750730245767.0
2025-04-25,729.69,1,3.61,0.005,729.56,732.8,728.21,1010312750,5622573638907,374623951934461.0
2025-04-28,719.41,2,-10.28,-0.0141,730.58,732.44,718.14,990322714,6087840084161,369248306440116.0
2025-04-29,726.46,1,7.05,0.0098,722.94,727.8,721.42,943333984,5609256482055,372832258499543.0
2025-04-30,717.24,2,-9.22,-0.0127,726.19,727.27,715.33,850397796,5527164620062,367992750727586.0
2025-05-02,721.86,1,4.62,0.0064,716.6,723.77,714.07,735178377,4623685254778,370205863100350.0
2025-05-07,722.81,1,0.95,0.0013,722.41,722.81,714.8,744459684,5570137102166,370735467396545.0
2025-05-08,729.59,1,6.78,0.0093999999999999,725.81,730.72,725.81,730302443,6284969296737,373994910225526.0
2025-05-09,722.52,2,-7.07,-0.0097,731.01,731.01,719.83,852590197,7469599597962,370766640465496.0
2025-05-12,725.4,1,2.88,0.004,724.47,727.56,719.23,1016087913,7045877105131,372386306107579.0
2025-05-13,731.88,1,6.48,0.0089,731.11,735.85,730.76,1151961554,7061497171778,375358254179205.0
2025-05-14,739.05,1,7.17,0.0098,732.2,739.05,726.51,970914062,7405953012646,379042059281306.0
2025-05-15,733.23,2,-5.82,-0.0079,738.15,738.28,732.59,1108973249,7872970047904,376438057123392.0
2025-05-16,725.07,2,-8.16,-0.0111,734.38,734.38,722.99,1124173729,7437026337141,372366817903622.0
2025-05-19,713.75,2,-11.32,-0.0156,721.27,721.31,710.47,1319286832,6971426892158,367387892720001.0
2025-05-20,715.55,1,1.8,0.0025,719.36,722.17,715.12,1018198005,7034016821292,368918950965291.0
2025-05-21,723.62,1,8.07,0.0113,720.64,726.68,719.96,846438915,6446231626441,372965129173416.0
2025-05-22,717.67,2,-5.95,-0.0081999999999999,720.96,720.96,714.71,1068236847,5874547207292,369991002238903.0
2025-05-23,715.98,2,-1.69,-0.0024,720.5,720.5,713.22,985285124,5817305593086,369764319394201.0
2025-05-26,725.27,1,9.29,0.013,718.48,726.93,716.86,825198990,5404346268886,374422698229100.0
2025-05-27,727.11,1,1.84,0.0025,727.0,727.16,723.66,848891345,6068267737234,375543912252837.0
2025-05-28,728.79,1,1.68,0.0023,731.06,733.48,727.6,974171867,6815890807006,376609767324941.0
2025-05-29,736.29,1,7.5,0.0103,733.22,736.29,731.64,886682511,5369458939464,380346510455772.0
2025-05-30,734.35,2,-1.94,-0.0026,735.26,737.43,732.55,907815111,5351146799537,379575280943270.0
2025-06-02,740.29,1,5.94,0.0081,735.14,741.41,733.97,846169410,5761400658447,382652654685762.0
2025-06-04,750.21,1,9.92,0.0134,749.13,752.75,747.35,853355064,6775068555050,387727008874316.0
2025-06-05,756.23,1,6.02,0.008,751.59,761.17,750.17,861273588,7462281349786,390727941502873.0
2025-06-09,764.21,1,7.98,0.0106,759.27,764.92,757.29,1055301118,7595454385707,394883443614929.0
2025-06-10,771.2,1,6.99,0.0091,767.91,771.2,761.36,1351927648,7121352601026,398574952166925.0
2025-06-11,786.29,1,15.09,0.0196,775.43,787.06,774.84,1566716471,7799685122891,406716567162800.0
2025-06-12,789.45,1,3.16,0.004,786.27,793.2,784.96,1288365758,7668782861001,408333205142564.0
2025-06-13,768.86,2,-20.59,-0.0260999999999999,792.68,792.68,761.42,1096004622,7858865210477,397652315522130.0
2025-06-16,777.26,1,8.4,0.0109,767.64,777.68,763.81,1111396074,6898142866488,401912894070874.0
2025-06-17,775.65,2,-1.61,-0.0021,780.08,785.76,766.56,1136678019,7429307104002,401040121308611.0
2025-06-18,779.73,1,4.08,0.0053,772.6,781.35,772.6,1006940370,7105541802781,403012416063106.0
2025-06-19,782.51,1,2.78,0.0036,783.29,783.3,776.21,1103659388,7609431198982,405230473135391.0
2025-06-20,791.53,1,9.02,0.0115,783.63,791.53,780.65,1110932295,7858722693000,409847065976716.0
2025-06-23,784.79,2,-6.74,-0.0085,779.67,784.79,772.91,991615723,7554336981761,406406467551672.0
2025-06-24,800.93,1,16.14,0.0206,796.06,801.34,794.87,1076177220,8337504695530,414507549486704.0
2025-06-25,798.21,2,-2.72,-0.0034,802.92,803.93,793.03,1165502459,7017991736666,413235742853345.0
2025-06-26,787.95,2,-10.26,-0.0129,799.21,799.21,779.72,938619650,6238641599781,407828274546070.0
2025-06-27,781.56,2,-6.39,-0.0081,789.93,790.67,778.6,888662093,5628451025141,404552311581698.0
2025-06-30,781.5,2,-0.06,-0.0001,783.53,784.65,778.58,801110446,6296279603464,404628236195796.0
2025-07-01,783.67,1,2.17,0.0028,783.65,788.38,783.29,971142670,6091748860723,405777886639185.0
2025-07-02,782.17,2,-1.5,-0.0019,784.73,787.11,769.91,945635774,5436628436550,405139268560991.0
2025-07-03,793.33,1,11.16,0.0143,785.77,793.61,783.53,1087732758,5825862072411,411003106864950.0
2025-07-04,775.8,2,-17.53,-0.0220999999999999,792.65,793.77,775.58,1131389159,6036753149461,402180338713320.0
2025-07-07,778.46,1,2.66,0.0034,774.19,779.98,771.46,1416111646,5815931639482,403786447167252.0
2025-07-08,784.24,1,5.78,0.0074,779.28,784.37,775.57,1205277647,5367654549578,406768236699190.0
2025-07-09,790.36,1,6.12,0.0078,786.33,790.36,783.48,860876616,5635547762419,409957714497181.0
2025-07-10,797.7,1,7.34,0.0093,794.64,798.73,792.05,905082870,6602315699125,413859795815992.0
2025-07-11,800.47,1,2.77,0.0034999999999999,799.96,805.9,798.83,976326744,7133020580564,415278855950929.0
2025-07-14,799.37,2,-1.1,-0.0014,802.73,803.1,795.57,939783192,6149456850332,414781167547396.0
2025-07-15,812.88,1,13.51,0.0169,800.24,812.91,798.83,816034316,7488117046904,422170177095579.0
2025-07-16,812.23,2,-0.65,-0.0008,810.09,813.19,805.13,946532947,7094680242258,421867632269658.0
2025-07-17,818.27,1,6.04,0.0074,814.92,818.27,806.63,951612291,6121447340560,425108707235813.0
2025-07-18,820.67,1,2.4,0.0029,821.58,822.83,815.45,827138343,5998546385385,426552731386398.0
2025-07-21,821.69,1,1.02,0.0012,819.84,822.76,817.34,866807250,5249525296192,426778495796614.0
2025-07-22,812.97,2,-8.72,-0.0106,822.33,827.82,808.81,993451581,6191670492780,422194288945095.0
2025-07-23,813.56,1,0.59,0.0007,815.88,815.88,802.3,909010533,5592866277405,422991786936738.0
2025-07-24,809.89,2,-3.67,-0.0045,816.94,819.95,809.26,889008115,6114227577655,420539410713145.0
2025-07-25,806.95,2,-2.94,-0.0036,809.43,810.67,805.83,714505962,5209063211398,419278499128287.0
2025-07-28,804.4,2,-2.55,-0.0032,811.26,811.49,800.76,727049937,5279086288376,418537193223346.0
2025-07-29,804.45,1,0.05,0.0001,803.38,807.09,795.67,620970466,5116176933274,418748612045516.0
2025-07-30,803.67,2,-0.78,-0.001,804.76,809.27,803.34,770147386,5218914708468,418309411054897.0
2025-07-31,805.24,1,1.57,0.002,806.21,809.03,799.51,831711599,5066428416846,419188764655325.0
2025-08-01,772.79,2,-32.45,-0.0403,796.24,796.24,772.66,835015170,4750887070057,402395592586705.0
2025-08-04,784.06,1,11.27,0.0146,773.83,786.35,770.35,705682917,4047911515061,408456725405992.0
2025-08-05,798.6,1,14.54,0.0185,791.94,801.63,791.94,689089323,4812376158839,415976573129459.0
2025-08-06,803.49,1,4.89,0.0060999999999999,796.48,803.55,793.85,696604882,4775881174320,418855553862851.0
2025-08-07,805.81,1,2.32,0.0029,805.27,806.47,801.7,765440400,4803969295670,420293283683713.0
2025-08-08,809.27,1,3.46,0.0043,806.43,812.48,806.43,848042613,5164784930383,422078572579433.0
2025-08-11,811.85,1,2.58,0.0032,810.51,813.52,805.9,928260067,5301235294411,423414436908295.0
2025-08-12,807.19,2,-4.66,-0.0056999999999999,813.12,820.27,806.84,1106879507,5946180259674,421101693939217.0
2025-08-13,814.1,1,6.91,0.0086,816.54,816.66,806.26,979563280,5768337971576,424724973998490.0
2025-08-14,815.26,1,1.16,0.0014,814.48,817.22,812.38,912584241,5816974171108,426312531735779.0
2025-08-18,798.05,2,-17.21,-0.0210999999999999,811.52,812.49,798.05,764722908,4936251584960,418014549617396.0
2025-08-19,787.96,2,-10.09,-0.0126,799.54,800.07,785.95,866727946,5659873336874,413133973148462.0
2025-08-20,777.61,2,-10.35,-0.0131,778.63,778.63,766.57,877724027,5028116190169,407962412811871.0
2025-08-21,777.24,2,-0.37,-0.0005,780.32,784.73,776.31,894577484,4662554536552,407867192145023.0
2025-08-22,782.51,1,5.27,0.0068,778.77,785.55,778.73,833027192,4633017246286,410673679866490.0
2025-08-25,798.02,1,15.51,0.0197999999999999,791.66,798.57,791.66,770617645,4882412241874,418845734133131.0
2025-08-26,801.66,1,3.64,0.0046,793.99,802.84,793.37,784245468,5226897642369,420924840202677.0
2025-08-27,801.72,1,0.06,0.0001,802.57,803.19,797.6,729017215,4723439324430,420910036518983.0
2025-08-28,798.43,2,-3.29,-0.0040999999999999,800.49,801.37,797.37,787080503,4684239050298,419656795163829.0
2025-08-29,796.91,2,-1.52,-0.0019,801.96,805.94,795.56,855305612,5042896502939,418982507059390.0
2025-09-01,785.0,2,-11.91,-0.0149,795.3,796.23,782.54,1093852709,6001661810464,412783926198496.0
2025-09-02,794.0,1,9.0,0.0115,789.35,794.0,785.3,1039046890,6435888727441,417585126096603.0
2025-09-03,796.81,1,2.81,0.0034999999999999,793.28,796.92,789.27,1189073685,5532534625330,419025121335677.0
2025-09-04,805.42,1,8.61,0.0108,799.53,806.78,799.53,1252331330,5990196983937,423716298836882.0
2025-09-05,811.4,1,5.98,0.0074,809.09,811.71,807.2,1013622146,5850369506650,427121554125661.0
2025-09-08,818.6,1,7.2,0.0089,815.9,818.61,813.43,886185504,5789989857107,431012297249256.0
2025-09-09,824.82,1,6.22,0.0076,820.75,824.82,817.4,1282471139,7485095396014,434427141976511.0
2025-09-10,833.0,1,8.18,0.0098999999999999,828.4,833.21,827.57,895071232,7663580551758,438485075018986.0
2025-09-11,834.76,1,1.76,0.0021,834.68,836.55,831.23,960433626,7911832190817,439651373023848.0
2025-09-12,847.08,1,12.32,0.0148,839.73,847.36,839.56,954437631,8289262731226,446419302686867.0
2025-09-15,852.69,1,5.61,0.0066,849.64,852.69,843.43,944742939,8082127232287,449409719084167.0
2025-09-16,851.84,2,-0.85,-0.001,854.4,855.5,850.15,1035618140,7789298553453,448806558820284.0
2025-09-17,845.53,2,-6.31,-0.0074,850.15,850.15,844.16,1004374095,6999014413113,445386996611439.0
2025-09-18,857.11,1,11.58,0.0137,851.94,857.12,850.23,968140998,8220813087903,451441760067381.0
2025-09-19,863.11,1,6.0,0.0069999999999999,858.08,863.11,854.0,951397580,10864457361532,454860816756249.0
2025-09-22,874.36,1,11.25,0.013,869.06,875.27,867.11,956058154,9841417665664,460854759412449.0
2025-09-23,872.21,2,-2.15,-0.0025,877.18,877.56,866.65,964171331,10104817488818,460296764056738.0
2025-09-24,860.94,2,-11.27,-0.0129,870.54,871.82,851.38,1036233329,10119373368080,454521785202778.0
2025-09-25,852.48,2,-8.46,-0.0098,858.45,862.08,850.13,871793699,9035460145211,450029907718211.0
2025-09-26,835.19,2,-17.29,-0.0203,847.67,847.73,829.47,749241693,7979792322718,440970921409888.0
2025-09-29,846.71,1,11.52,0.0138,840.62,847.57,837.89,663695639,6300735197773,446927916811372.0
2025-09-30,841.99,2,-4.72,-0.0056,847.52,849.18,841.65,839740111,6921741293044,444562528239405.0
2025-10-01,845.34,1,3.35,0.004,846.32,849.8,844.0,620014129,6344081986865,446292675601101.0
2025-10-02,854.25,1,8.91,0.0105,853.4,854.87,848.75,820879618,7228645884271,451016377835878.0
2025-10-10,859.49,1,5.24,0.0060999999999999,858.86,859.98,849.64,773577211,8649180783645,452811180837144.0
2025-10-13,860.49,1,1.0,0.0012,845.76,861.79,840.28,698531892,8162012365137,453266077303103.0
2025-10-14,847.96,2,-12.53,-0.0146,865.37,870.72,839.27,996539183,11139101347380,446736670394092.0
2025-10-15,864.72,1,16.76,0.0197999999999999,853.17,864.77,850.3,879761725,8869030231428,455485879590306.0
2025-10-16,865.41,1,0.69,0.0008,866.82,868.36,862.63,899457604,9441707236763,455846661257057.0
2025-10-17,859.54,2,-5.87,-0.0068,862.71,871.06,859.19,859531946,9555838618592,452797471844974.0
2025-10-20,875.77,1,16.23,0.0189,864.98,876.47,862.01,846812813,9107603181155,461433098519204.0
2025-10-21,872.5,2,-3.27,-0.0037,881.53,882.1,867.62,1118285139,10231050397481,459628042881798.0
2025-10-22,879.15,1,6.65,0.0076,872.51,879.31,866.21,871961429,8328241950459,463248403522903.0
2025-10-23,872.03,2,-7.12,-0.0081,874.13,880.33,868.74,1060355971,7801886962067,459365807344522.0
2025-10-24,883.08,1,11.05,0.0127,880.61,884.06,876.38,961806778,9011845787475,465327498625623.0
2025-10-27,902.7,1,19.62,0.0222,890.23,902.72,888.87,997294118,9904002788580,475870061644809.0
2025-10-28,903.3,1,0.6,0.0007,902.82,906.71,896.36,842074817,8286274110858,476085845343431.0
2025-10-29,901.59,2,-1.71,-0.0019,906.5,906.5,896.11,976841443,9268119599768,475071096613992.0
2025-10-30,890.86,2,-10.73,-0.0118999999999999,903.24,904.34,883.68,1214715904,9170647249329,469487193445190.0
2025-10-31,900.42,1,9.56,0.0107,894.54,901.8,891.32,895005986,9426947374128,474718249634299.0
2025-11-03,914.55,1,14.13,0.0157,906.19,914.91,902.29,1037137247,12841681820761,483235386241308.0
2025-11-04,926.57,1,12.02,0.0131,914.87,932.15,912.78,931506224,12132779748732,489799766047101.0
2025-11-05,901.89,2,-24.68,-0.0266,919.28,919.28,871.79,1130176701,10963273434248,476118851919264.0
2025-11-06,898.17,2,-3.72,-0.0040999999999999,915.43,921.22,890.58,981007229,11066228478204,474288580077564.0
2025-11-07,876.81,2,-21.36,-0.0237999999999999,882.94,894.83,864.67,1041127667,9676816630776,463421451721770.0
2025-11-10,888.35,1,11.54,0.0132,882.44,889.08,872.13,727289624,8192320158769,469630113157849.0
2025-11-11,884.27,2,-4.08,-0.0046,893.91,903.09,876.56,966120767,10401685560108,467285751200636.0
2025-11-12,906.51,1,22.24,0.0252,890.99,906.59,887.2,1001471641,9290427569556,479193408430614.0
2025-11-13,918.37,1,11.86,0.0131,904.36,920.13,902.34,911086896,9636657196759,483411483415357.0
2025-11-14,897.9,2,-20.47,-0.0223,900.42,910.04,897.09,831830184,10631908048786,473282856989902.0
2025-11-17,902.67,1,4.77,0.0053,904.15,905.42,895.69,715016164,8185193119729,476071084155696.0
2025-11-18,878.7,2,-23.97,-0.0266,899.62,900.73,873.04,849174335,9414569957498,463949887926264.0
2025-11-19,871.32,2,-7.38,-0.0084,881.49,881.81,854.23,748690365,7905340530963,459986312975967.0
2025-11-20,891.94,1,20.62,0.0237,884.1,894.87,884.1,636594701,7883584667136,472521019511155.0
2025-11-21,863.95,2,-27.99,-0.0314,867.45,870.51,860.17,752170109,8174598580763,458706522322794.0
2025-11-24,856.44,2,-7.51,-0.0087,873.3,873.3,850.09,707039268,7617319500697,454259553670366.0
2025-11-25,856.03,2,-0.41,-0.0005,867.84,871.68,851.41,679351904,7560630482848,455091448009773.0
2025-11-26,877.32,1,21.29,0.0249,863.28,877.58,859.32,623313155,7655117642955,466850596908751.0
2025-11-27,880.06,1,2.74,0.0031,879.44,884.0,878.04,721126512,8610287779742,468723962913122.0
2025-11-28,912.67,1,32.61,0.0371,888.75,912.67,888.1,802794496,11749565431796,487358344850909.0
2025-12-01,922.38,1,9.71,0.0106,920.69,933.26,917.18,847837459,11816138642333,492998628504584.0
2025-12-02,928.42,1,6.04,0.0065,921.37,928.42,914.67,783738636,10175318423989,495835164471199.0
2025-12-03,932.01,1,3.59,0.0039,931.49,932.98,926.08,816178315,9830865957190,497621924464485.0
2025-12-04,929.83,2,-2.18,-0.0023,934.01,937.88,924.62,754373225,12371869468538,499241591213125.0
2025-12-05,924.74,2,-5.09,-0.0055,930.75,933.06,916.11,699773919,12778902994253,499595789043797.0
2025-12-08,927.79,1,3.05,0.0033,928.52,929.92,922.17,702958391,11844423719705,501026975755703.0
2025-12-09,931.35,1,3.56,0.0038,926.93,932.57,924.55,711665879,10118606861976,503851518812286.0
2025-12-10,935.0,1,3.65,0.0039,932.37,936.75,927.36,770849791,10240181827515,505095410830341.0
2025-12-11,934.64,2,-0.36,-0.0004,940.59,943.19,929.56,912428273,10944398201410,505070694113694.0
2025-12-12,937.34,1,2.7,0.0029,933.99,938.11,930.21,1012037244,12548791564888,506740847424764.0
2025-12-15,938.83,1,1.49,0.0016,925.6,939.42,921.09,991670245,11342621170141,507476151030299.0
2025-12-16,916.11,2,-22.72,-0.0242,938.23,938.23,915.49,933444140,13198345760146,495712178661559.0
2025-12-17,911.07,2,-5.04,-0.0055,922.03,922.74,907.24,1005567478,12225835180744,493135373279600.0
2025-12-18,901.33,2,-9.74,-0.0107,899.3,907.54,895.19,900506774,10091584040442,489255541618737.0
2025-12-19,915.27,1,13.94,0.0155,909.7,922.1,899.25,973702578,11519713607616,496854683132562.0
2025-12-22,929.14,1,13.87,0.0152,923.97,929.83,923.2,986661769,12426243717625,504618202666855.0
2025-12-23,919.56,2,-9.58,-0.0103,932.48,932.48,918.54,956469284,11974077594698,499568763110517.0
2025-12-24,915.2,2,-4.36,-0.0046999999999999,921.01,921.01,913.21,833834632,11450572177569,498536727361424.0
2025-12-26,919.67,1,4.47,0.0049,920.9,923.61,913.85,829359264,11348264363182,500989120222614.0
2025-12-29,932.59,1,12.92,0.0139999999999999,923.22,932.64,921.12,913419388,11853731601396,509275603324523.0
2025-12-30,925.47,2,-7.12,-0.0076,928.99,929.95,920.56,818897041,10557101430634,505926194386465.0
2026-01-02,945.57,1,20.1,0.0217,930.35,945.57,930.35,884030881,10781845213902,516105109376347.0
2026-01-05,957.5,1,11.93,0.0126,948.56,957.59,945.27,1096668410,12062092284415,522545651079382.0
2026-01-06,955.97,2,-1.53,-0.0016,959.38,960.35,950.07,1042711479,10453956910330,521515919461810.0
2026-01-07,947.39,2,-8.58,-0.009,957.74,957.93,937.95,1072220568,11446455164057,516941007340295.0
2026-01-08,944.06,2,-3.33,-0.0034999999999999,950.71,951.77,943.08,971004082,10098032715486,515288203176604.0
2026-01-09,947.92,1,3.86,0.0040999999999999,944.74,948.06,935.54,924588719,9033037337677,517435086314098.0
2026-01-12,949.81,1,1.89,0.002,948.48,957.37,939.33,1083537449,10314586030271,518460647051043.0
2026-01-13,948.98,2,-0.83,-0.0009,954.75,954.75,941.34,1107522098,10189858922043,517871337759194.0
2026-01-14,942.18,2,-6.8,-0.0072,951.03,951.03,937.72,948432868,8855308926666,514341259913477.0
2026-01-15,951.16,1,8.98,0.0095,940.66,951.48,937.74,951959685,10731298240488,519333922033928.0
2026-01-16,954.59,1,3.43,0.0036,950.83,956.23,943.43,1222179961,14245556031944,521544690222286.0
2026-01-19,968.36,1,13.77,0.0144,952.93,969.09,950.63,1281388093,13103317825409,529133808997498.0
2026-01-20,976.37,1,8.01,0.0083,973.17,986.23,954.64,1390665542,15318247561963,533575818783884.0
2026-01-21,951.29,2,-25.08,-0.0256999999999999,958.05,962.13,933.31,1565806774,20902489981379,519953546507037.0
2026-01-22,970.35,1,19.06,0.02,963.77,972.38,956.09,1444825171,16583508229214,530746071011820.0
2026-01-23,993.93,1,23.58,0.0243,977.15,998.32,975.25,1452895451,17227263262595,544013862587709.0
2026-01-26,1064.41,1,70.48,0.0709,1003.9,1064.44,1003.85,1547814024,25334068506807,582878032691374.0
2026-01-27,1082.59,1,18.18,0.0171,1054.19,1082.59,1054.16,1322259251,17691598180564,593012287709592.0
2026-01-28,1133.52,1,50.93,0.047,1093.47,1133.52,1092.62,1596894428,23237825872108,620312911943858.0
2026-01-29,1164.41,1,30.89,0.0273,1153.43,1167.57,1108.43,1540155965,22676589639925,637540228122045.0
2026-01-30,1149.44,2,-14.97,-0.0129,1166.23,1180.87,1146.34,1465197613,22869949516846,630522540400013.0
2026-02-02,1098.36,2,-51.08,-0.0444,1128.57,1151.17,1089.89,1243911015,17492841166865,602855752047311.0
2026-02-03,1144.33,1,45.97,0.0419,1135.94,1144.4,1119.65,1166572714,14808754555546,627843575425121.0
2026-02-04,1149.43,1,5.1,0.0045,1139.02,1158.74,1136.73,1179457276,13676678433558,630262936357408.0
2026-02-05,1108.41,2,-41.02,-0.0356999999999999,1137.08,1143.21,1104.63,1370412413,14122636405365,608227766671486.0
2026-02-06,1080.77,2,-27.64,-0.0249,1077.08,1096.16,1048.28,1476135941,14241070603216,592931397726286.0
2026-02-09,1127.55,1,46.78,0.0433,1109.91,1131.72,1106.07,1134870798,12500556225534,618383080624421.0
2026-02-10,1115.2,2,-12.35,-0.011,1132.24,1141.67,1109.44,1341864113,12119151159180,611442391948338.0
2026-02-11,1114.87,2,-0.33,-0.0003,1120.62,1126.1,1110.53,1313253319,11189172205571,611359348482832.0
2026-02-12,1125.99,1,11.12,0.01,1122.55,1127.8,1110.18,1576134148,12791804633408,617381773549814.0
2026-02-13,1106.08,2,-19.91,-0.0177,1113.53,1117.91,1099.62,1466898939,11251179798558,606576528052759.0
2026-02-19,1160.71,1,54.63,0.0494,1122.2,1163.66,1111.28,1351784869,14423649983970,636311714197953.0
2026-02-20,1154.0,2,-6.71,-0.0058,1161.4,1162.62,1147.72,1331918368,12405282768296,632352781730336.0
2026-02-23,1151.99,2,-2.01,-0.0017,1166.94,1174.66,1143.38,1433817308,14444363849207,631945962192601.0
2026-02-24,1165.0,1,13.01,0.0113,1159.76,1165.32,1146.22,1335411719,13719901052065,639023316920986.0
2026-02-25,1165.25,1,0.25,0.0002,1174.27,1174.27,1158.18,1512980951,13456090753076,639180692053918.0
2026-02-26,1188.15,1,22.9,0.0197,1176.15,1190.85,1161.4,1449494980,17973527856743,652471095608939.0
2026-02-27,1192.78,1,4.63,0.0039,1175.4,1201.89,1173.16,1262964320,14846572431837,655298804502556.0
2026-03-03,1137.7,2,-55.08,-0.0462,1169.82,1215.67,1137.7,1290763152,16896564290303,625379254653995.0
2026-03-04,978.44,2,-159.26,-0.14,1112.08,1112.08,976.54,1454919596,16587060253211,538113885657956.0
2026-03-05,1116.41,1,137.97,0.141,1023.84,1149.54,1023.84,1044636795,15594889001086,613598130896289.0
2026-03-06,1154.67,1,38.26,0.0343,1117.49,1154.67,1092.43,1033229763,14491478372914,635667825498125.0
2026-03-09,1102.28,2,-52.39,-0.0454,1096.48,1113.56,1067.24,1044169811,12382996852440,606878043013297.0
2026-03-10,1137.68,1,35.4,0.0321,1147.99,1157.2,1123.79,984763423,15061589167087,625883590801663.0
2026-03-11,1136.83,2,-0.85,-0.0007,1155.48,1167.26,1121.45,1307016993,16592471610892,625398886336669.0
2026-03-12,1148.4,1,11.57,0.0102,1132.0,1150.65,1128.22,1268602707,14019354354740,631893260208703.0
2026-03-13,1152.96,1,4.56,0.004,1122.28,1158.01,1119.74,1343544115,14396933392945,634518216626887.0
2026-03-16,1138.29,2,-14.67,-0.0127,1156.5,1157.32,1124.98,1177918386,13439171856739,627235824919632.0
2026-03-17,1136.94,2,-1.35,-0.0012,1156.83,1160.12,1136.94,1244517670,12933988363514,626458479219555.0
2026-03-18,1164.38,1,27.44,0.0241,1156.46,1164.38,1149.88,1298537550,14433288316341,641128655512400.0
2026-03-19,1143.48,2,-20.9,-0.0179,1139.12,1153.84,1138.8,1210669118,11802880972337,629708370376569.0
2026-03-20,1161.52,1,18.04,0.0158,1153.67,1165.96,1144.37,1251344650,14143306243848,641093086538057.0
2026-03-23,1096.89,2,-64.63,-0.0556,1129.86,1130.44,1095.56,1059626626,11100703838271,605547360694796.0
2026-03-24,1121.44,1,24.55,0.0224,1134.16,1135.71,1094.67,1237346806,12459576406673,617824388697268.0
2026-03-25,1159.55,1,38.11,0.034,1133.31,1160.06,1131.77,1133745818,13972414208390,639697908929129.0
2026-03-26,1136.64,2,-22.91,-0.0197999999999999,1159.61,1169.46,1135.33,1158121589,13822660819732,628951976087843.0
2026-03-27,1141.51,1,4.87,0.0043,1119.77,1146.07,1101.93,1463267686,12523734226426,632247429582745.0
2026-03-30,1107.05,2,-34.46,-0.0302,1101.77,1113.79,1094.48,1133949656,9896777177902,612792865226712.0
2026-03-31,1052.39,2,-54.66,-0.0494,1099.08,1099.08,1049.76,1228503799,11367431214549,582561125364799.0
2026-04-01,1116.18,1,63.79,0.0605999999999999,1090.36,1122.8,1089.31,1055086094,11242978803114,617468644568762.0
2026-04-02,1056.34,2,-59.84,-0.0536,1130.16,1132.4,1040.07,1530433833,15690194662058,584475537446468.0
2026-04-03,1063.75,1,7.41,0.0069999999999999,1079.17,1083.24,1054.12,953913331,9933263480478,588614872147610.0
2026-04-06,1047.37,2,-16.38,-0.0154,1068.33,1077.04,1044.85,1176730535,10099541779303,579676700642483.0
2026-04-07,1036.73,2,-10.64,-0.0102,1060.25,1068.86,1026.95,1154251349,10100140132294,573940668475069.0
2026-04-08,1089.85,1,53.12,0.0512,1084.57,1090.04,1071.35,1198291065,13091398681907,603114478851788.0
2026-04-09,1076.0,2,-13.85,-0.0127,1083.4,1091.38,1068.82,1223574096,9927107350485,595710827010340.0
2026-04-10,1093.63,1,17.63,0.0163999999999999,1089.14,1098.43,1082.92,1516075185,13361912993233,604998495600870.0
2026-04-13,1099.84,1,6.21,0.0056999999999999,1076.85,1101.11,1074.84,1282994264,11789104541300,609163010383522.0
2026-04-14,1121.88,1,22.04,0.02,1120.61,1125.92,1118.05,1429628407,14485006522002,621379788922053.0
2026-04-15,1152.43,1,30.55,0.0272,1140.62,1156.02,1135.35,1533311949,15890061669009,638916947906494.0
2026-04-16,1162.97,1,10.54,0.0091,1163.0,1168.77,1156.31,1902506000,16846988191463,645053229984670.0
2026-04-17,1170.04,1,7.07,0.0060999999999999,1166.78,1170.63,1156.02,1836660144,15880436755047,648844386003391.0
2026-04-20,1174.85,1,4.81,0.0040999999999999,1167.1,1186.2,1161.0,1488714924,14486811218478,651585334230494.0
2026-04-21,1179.03,1,4.18,0.0036,1186.23,1187.0,1172.18,1571861077,15994197934466,653303881344446.0
2026-04-22,1181.12,1,2.09,0.0018,1176.83,1181.12,1160.5,1427239416,14713096947513,654310293542610.0
2026-04-23,1174.31,2,-6.81,-0.0058,1189.1,1189.49,1152.34,1687848649,16266422135007,650661628659449.0
2026-04-24,1203.84,1,29.53,0.0250999999999999,1176.42,1203.84,1172.32,1402973126,17393579089455,666921567884391.0
2026-04-27,1226.18,1,22.34,0.0186,1213.13,1229.42,1209.28,1523708483,17600375043950,679545242807203.0
2026-04-28,1215.58,2,-10.6,-0.0086,1226.76,1226.76,1207.47,1527371596,13872152782438,673948281274638.0
2026-04-29,1220.26,1,4.68,0.0039,1213.28,1220.94,1206.11,1255886449,15791970883741,677626706864879.0
2026-04-30,1192.35,2,-27.91,-0.0229,1224.75,1225.26,1189.52,1386410174,15290292450454,661991784934690.0
2026-05-04,1213.74,1,21.39,0.0179,1212.28,1222.65,1211.39,1176128666,16039123447215,673877927083401.0
2026-05-06,1210.17,2,-3.57,-0.0029,1220.9,1220.9,1197.01,1432966462,18048146201425,671732432009567.0
2026-05-07,1199.18,2,-10.99,-0.0091,1210.83,1219.58,1196.63,1420112922,17022480113632,666671422911815.0
2026-05-08,1207.72,1,8.54,0.0070999999999999,1199.47,1215.59,1194.56,1222966659,16325366246854,672562055875360.0
