date,Open,High,Low,Close,Volume,Adj Close
2010-12-31,788.969970703125,789.8200073242188,783.6500244140625,783.6500244140625,1799770000,783.6500244140625
2011-01-03,793.5399780273438,800.9400024414062,790.9400024414062,798.5599975585938,4286670000,798.5599975585938
2011-01-04,798.5399780273438,801.1300048828125,778.1699829101562,785.8300170898438,4796420000,785.8300170898438
2011-01-05,784.25,795.0900268554688,783.02001953125,795.0900268554688,4764920000,795.0900268554688
2011-01-06,795.5599975585938,796.3300170898438,788.5800170898438,791.4199829101562,4844100000,791.4199829101562
2011-01-07,792.4500122070312,794.6599731445312,777.0599975585938,787.8300170898438,4963110000,787.8300170898438
2011-01-10,784.510009765625,793.7999877929688,778.8900146484375,791.5800170898438,4036450000,791.5800170898438
2011-01-11,794.5599975585938,797.8599853515625,790.989990234375,794.760009765625,4050750000,794.760009765625
2011-01-12,795.8200073242188,802.4000244140625,795.8200073242188,801.3599853515625,4226940000,801.3599853515625
2011-01-13,801.3599853515625,803.8200073242188,797.5,800.6500244140625,4310840000,800.6500244140625
2011-01-14,800.6500244140625,807.8900146484375,799.0499877929688,807.5700073242188,4661590000,807.5700073242188
2011-01-18,807.5700073242188,807.6599731445312,801.0399780273438,807.5599975585938,5284990000,807.5599975585938
2011-01-19,806.6799926757812,807.2100219726562,785.8499755859375,786.8900146484375,4743710000,786.8900146484375
2011-01-20,781.9600219726562,785.780029296875,775.5800170898438,778.0800170898438,4935320000,778.0800170898438
2011-01-21,781.9600219726562,786.8900146484375,773.1199951171875,773.1799926757812,4935320000,773.1799926757812
2011-01-24,773.7100219726562,781.52001953125,772.719970703125,779.280029296875,3902470000,779.280029296875
2011-01-25,775.6500244140625,780.0599975585938,771.7100219726562,779.9600219726562,4595380000,779.9600219726562
2011-01-26,781.6599731445312,793.9299926757812,779.969970703125,793.719970703125,4730980000,793.719970703125
2011-01-27,793.7100219726562,797.530029296875,789.6599731445312,795.4299926757812,4309190000,795.4299926757812
2011-01-28,795.77001953125,796.0399780273438,775.4000244140625,775.4000244140625,5618630000,775.4000244140625
2011-01-31,778.4000244140625,785.469970703125,774.8499755859375,781.25,4167160000,781.25
2011-02-01,785.2899780273438,800.5399780273438,785.2899780273438,798.8900146484375,5164500000,798.8900146484375
2011-02-02,796.9099731445312,801.47998046875,795.5,796.1599731445312,4098260000,796.1599731445312
2011-02-03,796.1199951171875,799.2000122070312,787.7899780273438,798.6300048828125,4370990000,798.6300048828125
2011-02-04,798.989990234375,800.8800048828125,794.6099853515625,800.1099853515625,3925950000,800.1099853515625
2011-02-07,801.1500244140625,812.6799926757812,801.1500244140625,808.3200073242188,3902270000,808.3200073242188
2011-02-08,808.0999755859375,813.6900024414062,805.3499755859375,813.6900024414062,3881530000,813.6900024414062
2011-02-09,810.9000244140625,813.3599853515625,806.0700073242188,809.27001953125,3922240000,809.27001953125
2011-02-10,804.77001953125,813.3599853515625,804.1799926757812,812.7000122070312,4184610000,812.7000122070312
2011-02-11,809.7999877929688,822.1099853515625,809.7999877929688,822.1099853515625,4219300000,822.1099853515625
2011-02-14,822.219970703125,826.4600219726562,822.219970703125,825.9000244140625,3567040000,825.9000244140625
2011-02-15,824.6599731445312,824.969970703125,819.4099731445312,820.030029296875,3926860000,820.030029296875
2011-02-16,823.3099975585938,828.5900268554688,823.3099975585938,828.3699951171875,1966450000,828.3699951171875
2011-02-17,827.5399780273438,835.52001953125,826.7999877929688,834.02001953125,1966450000,834.02001953125
2011-02-18,836.5599975585938,838.0,832.010009765625,834.8200073242188,1162310000,834.8200073242188
2011-02-22,828.219970703125,830.1400146484375,812.5700073242188,812.9600219726562,1322780000,812.9600219726562
2011-02-23,813.1599731445312,814.4400024414062,794.47998046875,799.6500244140625,1330340000,799.6500244140625
2011-02-24,799.6599731445312,807.0499877929688,795.25,804.1799926757812,1222900000,804.1799926757812
2011-02-25,806.7000122070312,822.0499877929688,806.7000122070312,821.9500122070312,3836030000,821.9500122070312
2011-02-28,825.8599853515625,828.4299926757812,817.3400268554688,823.4500122070312,1252850000,823.4500122070312
2011-03-01,825.239990234375,825.7899780273438,804.9299926757812,807.0800170898438,1180420000,807.0800170898438
2011-03-02,806.1799926757812,813.7999877929688,804.1099853515625,810.9000244140625,1025000000,810.9000244140625
2011-03-03,810.8900146484375,830.0399780273438,810.8900146484375,828.8900146484375,4340470000,828.8900146484375
2011-03-04,828.8699951171875,828.9199829101562,817.8300170898438,824.989990234375,4223740000,824.989990234375
2011-03-07,825.6400146484375,828.3400268554688,805.3699951171875,812.25,3964730000,812.25
2011-03-08,812.3800048828125,827.7999877929688,807.1799926757812,824.6599731445312,4531420000,824.6599731445312
2011-03-09,822.4600219726562,825.25,818.5399780273438,821.1900024414062,3709520000,821.1900024414062
2011-03-10,812.760009765625,812.760009765625,798.469970703125,799.530029296875,4723020000,799.530029296875
2011-03-11,796.0,806.8300170898438,794.6199951171875,802.8300170898438,3740400000,802.8300170898438
2011-03-14,802.8099975585938,802.8099975585938,790.3599853515625,798.1699829101562,4050370000,798.1699829101562
2011-03-15,786.0599975585938,796.3800048828125,775.9000244140625,791.3300170898438,5201400000,791.3300170898438
2011-03-16,790.7000122070312,795.9600219726562,778.7999877929688,781.9000244140625,5833000000,781.9000244140625
2011-03-17,790.8200073242188,793.3300170898438,785.4299926757812,785.52001953125,4134950000,785.52001953125
2011-03-18,789.8699951171875,795.52001953125,789.8699951171875,794.6599731445312,4685500000,794.6599731445312
2011-03-21,801.75,813.02001953125,801.75,813.02001953125,4223730000,813.02001953125
2011-03-22,813.7100219726562,814.8800048828125,807.1599731445312,808.6599731445312,3576550000,808.6599731445312
2011-03-23,806.9199829101562,813.0700073242188,799.22998046875,811.239990234375,3842350000,811.239990234375
2011-03-24,815.5700073242188,818.9099731445312,809.9199829101562,817.0999755859375,4223740000,817.0999755859375
2011-03-25,820.52001953125,831.6300048828125,818.5399780273438,823.8499755859375,4223740000,823.8499755859375
2011-03-28,826.2100219726562,828.72998046875,821.47998046875,821.77001953125,3215170000,821.77001953125
2011-03-29,820.969970703125,829.7000122070312,818.3200073242188,829.489990234375,3482580000,829.489990234375
2011-03-30,833.02001953125,840.760009765625,832.760009765625,840.3699951171875,3809570000,840.3699951171875
2011-03-31,839.5800170898438,843.72998046875,838.489990234375,843.5499877929688,3566270000,843.5499877929688
2011-04-01,847.8699951171875,850.72998046875,844.1099853515625,846.77001953125,4223740000,846.77001953125
2011-04-04,846.739990234375,850.52001953125,846.739990234375,849.3599853515625,4223740000,849.3599853515625
2011-04-05,849.3300170898438,858.0499877929688,847.469970703125,853.3099975585938,3852280000,853.3099975585938
2011-04-06,856.719970703125,859.0800170898438,850.530029296875,854.1699829101562,4223740000,854.1699829101562
2011-04-07,854.0599975585938,857.9199829101562,848.3200073242188,849.4400024414062,4005600000,849.4400024414062
2011-04-08,854.0499877929688,854.0499877929688,837.9199829101562,840.8900146484375,3582810000,840.8900146484375
2011-04-11,841.5399780273438,843.0999755859375,830.8499755859375,833.8599853515625,3478970000,833.8599853515625
2011-04-12,830.1799926757812,830.97998046875,822.27001953125,822.27001953125,4275490000,822.27001953125
2011-04-13,827.6400146484375,829.280029296875,818.5,823.9199829101562,3850860000,823.9199829101562
2011-04-14,818.4600219726562,827.6300048828125,816.5,827.469970703125,3872630000,827.469970703125
2011-04-15,825.9000244140625,835.27001953125,824.3900146484375,834.97998046875,4223740000,834.97998046875
2011-04-18,826.989990234375,826.989990234375,816.0700073242188,821.510009765625,4223740000,821.510009765625
2011-04-19,821.5,827.2999877929688,818.27001953125,823.010009765625,3886300000,823.010009765625
2011-04-20,825.97998046875,839.4500122070312,825.97998046875,839.4500122070312,4236280000,839.4500122070312
2011-04-21,843.1799926757812,845.6400146484375,839.2999877929688,845.6400146484375,3587240000,845.6400146484375
2011-04-25,844.5,845.5800170898438,839.3900146484375,844.22998046875,2142130000,844.22998046875
2011-04-26,845.97998046875,856.8400268554688,845.25,853.0399780273438,3908060000,853.0399780273438
2011-04-27,852.9600219726562,858.4199829101562,850.0700073242188,858.3099975585938,4051570000,858.3099975585938
2011-04-28,857.2000122070312,861.5499877929688,856.2999877929688,861.5499877929688,4036820000,861.5499877929688
2011-04-29,862.9600219726562,866.9000244140625,860.6500244140625,865.2899780273438,3479070000,865.2899780273438
2011-05-02,865.5900268554688,868.5700073242188,854.280029296875,854.77001953125,3846250000,854.77001953125
2011-05-03,853.0800170898438,854.7899780273438,838.8599853515625,843.77001953125,4223740000,843.77001953125
2011-05-04,843.8800048828125,843.8800048828125,828.8599853515625,832.9000244140625,4223740000,832.9000244140625
2011-05-05,828.2100219726562,840.5999755859375,825.5499877929688,829.239990234375,3846250000,829.239990234375
2011-05-06,829.2100219726562,843.530029296875,829.2100219726562,833.3400268554688,4223740000,833.3400268554688
2011-05-09,832.3800048828125,843.5599975585938,831.9500122070312,842.7999877929688,4265250000,842.7999877929688
2011-05-10,846.4000244140625,855.9099731445312,846.2999877929688,855.9099731445312,4223740000,855.9099731445312
2011-05-11,855.9000244140625,855.9000244140625,837.27001953125,840.6599731445312,3846250000,840.6599731445312
2011-05-12,837.010009765625,849.22998046875,831.5999755859375,847.530029296875,3777210000,847.530029296875
2011-05-13,848.0,849.2100219726562,834.6400146484375,835.6699829101562,3426660000,835.6699829101562
2011-05-16,831.75,838.2899780273438,822.9099731445312,822.9099731445312,3846250000,822.9099731445312
2011-05-17,819.25,822.9600219726562,815.239990234375,820.3599853515625,4053970000,820.3599853515625
2011-05-18,821.9099731445312,833.489990234375,821.52001953125,833.4500122070312,3922030000,833.4500122070312
2011-05-19,837.7999877929688,839.1699829101562,828.5900268554688,835.1599731445312,3626110000,835.1599731445312
2011-05-20,834.6500244140625,834.6500244140625,824.1599731445312,829.0599975585938,4066020000,829.0599975585938
2011-05-23,820.0499877929688,820.0499877929688,814.0399780273438,814.0399780273438,3255580000,814.0399780273438
2011-05-24,815.9199829101562,819.6199951171875,809.280029296875,810.3300170898438,3846250000,810.3300170898438
2011-05-25,809.3900146484375,822.6400146484375,807.9299926757812,820.8699951171875,4109670000,820.8699951171875
2011-05-26,818.9099731445312,831.0599975585938,817.7899780273438,830.8699951171875,3259470000,830.8699951171875
2011-05-27,832.3800048828125,838.780029296875,832.3800048828125,836.260009765625,3124560000,836.260009765625
2011-05-31,843.3200073242188,848.3300170898438,838.4000244140625,848.2999877929688,4696240000,848.2999877929688
2011-06-01,846.5399780273438,846.6500244140625,820.8800048828125,821.4000244140625,4241090000,821.4000244140625
2011-06-02,822.1799926757812,826.4299926757812,816.780029296875,820.6900024414062,3762170000,820.6900024414062
2011-06-03,820.6799926757812,820.6799926757812,807.7100219726562,808.1300048828125,3505030000,808.1300048828125
2011-06-06,808.1300048828125,809.8800048828125,795.27001953125,795.3200073242188,3555980000,795.3200073242188
2011-06-07,800.1900024414062,803.989990234375,797.3099975585938,797.5499877929688,3846250000,797.5499877929688
2011-06-08,794.8699951171875,796.280029296875,787.6199951171875,788.0399780273438,3970810000,788.0399780273438
2011-06-09,790.2899780273438,796.469970703125,787.8499755859375,792.6400146484375,3332510000,792.6400146484375
2011-06-10,788.510009765625,789.2000122070312,777.0,779.5399780273438,3846250000,779.5399780273438
2011-06-13,781.8400268554688,785.989990234375,773.5800170898438,777.2000122070312,4132520000,777.2000122070312
2011-06-14,777.1699829101562,795.8900146484375,777.1699829101562,793.989990234375,3500280000,793.989990234375
2011-06-15,786.97998046875,791.1599731445312,777.3300170898438,779.4600219726562,4070500000,779.4600219726562
2011-06-16,779.8300170898438,787.5999755859375,772.6199951171875,781.5399780273438,3846250000,781.5399780273438
2011-06-17,784.8499755859375,790.02001953125,778.6400146484375,781.75,4916460000,781.75
2011-06-20,781.719970703125,791.030029296875,778.9199829101562,788.47998046875,3464660000,788.47998046875
2011-06-21,793.1400146484375,806.6900024414062,793.0900268554688,806.3699951171875,4056150000,806.3699951171875
2011-06-22,802.97998046875,809.8200073242188,799.8699951171875,799.8699951171875,3718420000,799.8699951171875
2011-06-23,793.2899780273438,803.5999755859375,783.3300170898438,802.6799926757812,4983450000,802.6799926757812
2011-06-24,803.7899780273438,805.6599731445312,794.6799926757812,797.7899780273438,3665340000,797.7899780273438
2011-06-27,797.3300170898438,805.9400024414062,794.0,805.1400146484375,3479070000,805.1400146484375
2011-06-28,804.8499755859375,817.3099975585938,804.8499755859375,817.3099975585938,3681500000,817.3099975585938
2011-06-29,819.9500122070312,822.510009765625,814.4000244140625,819.9199829101562,4347540000,819.9199829101562
2011-06-30,821.760009765625,828.760009765625,821.760009765625,827.4299926757812,4200500000,827.4299926757812
2011-07-01,828.25,841.0599975585938,825.530029296875,840.0399780273438,3796930000,840.0399780273438
2011-07-05,840.1300048828125,842.510009765625,836.9299926757812,841.6199951171875,3722320000,841.6199951171875
2011-07-06,841.6099853515625,845.8099975585938,837.52001953125,845.22998046875,3564190000,845.22998046875
2011-07-07,845.1699829101562,860.3699951171875,845.1699829101562,858.1099853515625,4069530000,858.1099853515625
2011-07-08,857.3800048828125,857.3800048828125,844.9299926757812,852.5700073242188,3594360000,852.5700073242188
2011-07-11,844.6099853515625,845.3800048828125,832.1799926757812,833.5399780273438,3879130000,833.5399780273438
2011-07-12,830.4199829101562,838.0700073242188,829.2899780273438,829.77001953125,4227890000,829.77001953125
2011-07-13,834.22998046875,845.1400146484375,833.7999877929688,836.97998046875,4060080000,836.97998046875
2011-07-14,838.6699829101562,841.3400268554688,821.9500122070312,823.3200073242188,4358570000,823.3200073242188
2011-07-15,825.5800170898438,829.0900268554688,823.52001953125,828.780029296875,4242760000,828.780029296875
2011-07-18,828.77001953125,828.77001953125,811.8499755859375,815.969970703125,4118160000,815.969970703125
2011-07-19,815.9500122070312,834.6199951171875,815.9500122070312,834.6199951171875,4304600000,834.6199951171875
2011-07-20,835.0700073242188,836.02001953125,828.6400146484375,832.3400268554688,3767420000,832.3400268554688
2011-07-21,835.02001953125,843.3099975585938,834.2000122070312,841.260009765625,4837430000,841.260009765625
2011-07-22,841.5399780273438,843.4000244140625,836.2899780273438,841.8200073242188,3522830000,841.8200073242188
2011-07-25,834.3300170898438,838.1699829101562,830.219970703125,831.4000244140625,3536890000,831.4000244140625
2011-07-26,831.4600219726562,831.6300048828125,824.3699951171875,824.8300170898438,4007050000,824.8300170898438
2011-07-27,821.0700073242188,821.0700073242188,799.6199951171875,800.530029296875,3479040000,800.530029296875
2011-07-28,800.8900146484375,809.6400146484375,798.1799926757812,799.3400268554688,4951800000,799.3400268554688
2011-07-29,799.1900024414062,801.7100219726562,783.1699829101562,797.030029296875,5061190000,797.030029296875
2011-08-01,803.8200073242188,808.5999755859375,786.239990234375,792.8499755859375,4967390000,792.8499755859375
2011-08-02,792.8499755859375,796.5499877929688,767.010009765625,767.010009765625,5206290000,767.010009765625
2011-08-03,768.9600219726562,773.219970703125,750.0599975585938,772.780029296875,6446940000,772.780029296875
2011-08-04,765.0,765.0,726.7999877929688,726.7999877929688,4266530000,726.7999877929688
2011-08-05,732.5599975585938,735.8599853515625,698.5999755859375,714.6300048828125,5454590000,714.6300048828125
2011-08-08,699.8599853515625,705.1500244140625,650.9600219726562,650.9600219726562,2615150000,650.9600219726562
2011-08-09,659.8200073242188,696.3099975585938,639.8499755859375,696.1599731445312,2366660000,696.1599731445312
2011-08-10,686.5,687.22998046875,659.3400268554688,660.2100219726562,5018070000,660.2100219726562
2011-08-11,664.3699951171875,704.5,662.5900268554688,695.8900146484375,3685050000,695.8900146484375
2011-08-12,701.3900146484375,705.6400146484375,690.4600219726562,697.5,5640380000,697.5
2011-08-15,702.9099731445312,718.6300048828125,702.9099731445312,718.6300048828125,4272850000,718.6300048828125
2011-08-16,711.27001953125,712.75,698.260009765625,704.760009765625,5071600000,704.760009765625
2011-08-17,708.4199829101562,714.6500244140625,698.260009765625,704.030029296875,4388340000,704.030029296875
2011-08-18,692.0599975585938,692.0599975585938,658.3800048828125,662.510009765625,3234810000,662.510009765625
2011-08-19,655.3900146484375,672.5700073242188,650.6099853515625,651.7000122070312,5167560000,651.7000122070312
2011-08-22,660.8599853515625,666.8499755859375,646.72998046875,651.3400268554688,5436260000,651.3400268554688
2011-08-23,654.4299926757812,683.0700073242188,650.010009765625,683.0700073242188,5013170000,683.0700073242188
2011-08-24,681.4299926757812,694.6900024414062,676.4299926757812,692.5700073242188,5315310000,692.5700073242188
2011-08-25,692.5599975585938,701.5499877929688,673.7100219726562,674.4199829101562,5748420000,674.4199829101562
2011-08-26,674.4199829101562,692.3499755859375,661.9400024414062,691.7899780273438,5035320000,691.7899780273438
2011-08-29,691.77001953125,724.7100219726562,691.77001953125,724.6500244140625,4228070000,724.6500244140625
2011-08-30,720.3400268554688,731.8499755859375,712.989990234375,728.0800170898438,4572570000,728.0800170898438
2011-08-31,731.9299926757812,737.6400146484375,719.8400268554688,726.8099975585938,5267840000,726.8099975585938
2011-09-01,727.0399780273438,734.0599975585938,707.27001953125,708.9199829101562,4780410000,708.9199829101562
2011-09-02,706.0599975585938,706.0599975585938,681.4500122070312,683.3599853515625,4401740000,683.3599853515625
2011-09-06,671.9199829101562,682.2100219726562,663.5599975585938,680.8699951171875,5103980000,680.8699951171875
2011-09-07,689.1799926757812,709.5499877929688,689.1799926757812,709.469970703125,4441040000,709.469970703125
2011-09-08,705.4000244140625,712.1099853515625,692.239990234375,694.9199829101562,4465170000,694.9199829101562
2011-09-09,689.239990234375,690.0900268554688,668.0999755859375,673.9600219726562,4586370000,673.9600219726562
2011-09-12,667.25,680.5800170898438,664.9299926757812,679.760009765625,5168550000,679.760009765625
2011-09-13,681.4500122070312,693.3300170898438,678.9600219726562,691.739990234375,4681370000,691.739990234375
2011-09-14,697.02001953125,712.5700073242188,685.77001953125,704.1199951171875,4986740000,704.1199951171875
2011-09-15,709.7100219726562,713.510009765625,700.530029296875,713.510009765625,4479730000,713.510009765625
2011-09-16,715.469970703125,718.6300048828125,708.9400024414062,714.3099975585938,5248890000,714.3099975585938
2011-09-19,705.1300048828125,708.47998046875,694.510009765625,702.22998046875,4254190000,702.22998046875
2011-09-20,705.030029296875,710.8499755859375,689.9500122070312,689.9500122070312,4315610000,689.9500122070312
2011-09-21,690.4600219726562,694.1900024414062,664.0700073242188,664.5800170898438,4728550000,664.5800170898438
2011-09-22,652.3699951171875,656.2999877929688,634.7100219726562,643.4199829101562,6703140000,643.4199829101562
2011-09-23,642.47998046875,655.6300048828125,641.8800048828125,652.4299926757812,5639930000,652.4299926757812
2011-09-26,657.3699951171875,666.010009765625,645.5399780273438,665.6199951171875,4762830000,665.6199951171875
2011-09-27,674.6500244140625,694.7000122070312,674.6199951171875,680.22998046875,5548130000,680.22998046875
2011-09-28,680.9099731445312,681.2000122070312,651.969970703125,651.969970703125,4787920000,651.969970703125
2011-09-29,655.2000122070312,669.530029296875,645.3300170898438,662.7999877929688,5285740000,662.7999877929688
2011-09-30,654.4299926757812,661.5800170898438,643.7999877929688,644.1599731445312,4416790000,644.1599731445312
2011-10-03,639.72998046875,648.8499755859375,609.489990234375,609.489990234375,5670340000,609.489990234375
2011-10-04,605.4199829101562,650.1599731445312,601.7100219726562,648.6400146484375,3714670000,648.6400146484375
2011-10-05,648.469970703125,661.0999755859375,641.3599853515625,658.1099853515625,2510620000,658.1099853515625
2011-10-06,656.8699951171875,674.1400146484375,653.489990234375,673.7999877929688,5098330000,673.7999877929688
2011-10-07,675.6599731445312,675.739990234375,653.780029296875,656.2100219726562,5580380000,656.2100219726562
2011-10-10,664.5800170898438,684.97998046875,664.5800170898438,684.9000244140625,4446800000,684.9000244140625
2011-10-11,679.72998046875,691.1300048828125,677.9099731445312,688.969970703125,4424500000,688.969970703125
2011-10-12,693.7100219726562,705.2999877929688,693.4400024414062,700.3800048828125,5355360000,700.3800048828125
2011-10-13,696.469970703125,701.1799926757812,687.5800170898438,698.8200073242188,4436270000,698.8200073242188
2011-10-14,705.3499755859375,713.3599853515625,700.4000244140625,712.4600219726562,4116690000,712.4600219726562
2011-10-17,707.6900024414062,707.6900024414062,687.0700073242188,688.5999755859375,4300700000,688.5999755859375
2011-10-18,689.8599853515625,712.0599975585938,680.780029296875,709.3400268554688,4840170000,709.3400268554688
2011-10-19,707.9600219726562,711.2100219726562,692.3499755859375,694.3699951171875,4846390000,694.3699951171875
2011-10-20,694.9500122070312,697.030029296875,679.4199829101562,696.4199829101562,4870290000,696.4199829101562
2011-10-21,704.6500244140625,712.6500244140625,702.0499877929688,712.4199829101562,4980770000,712.4199829101562
2011-10-24,714.4600219726562,736.030029296875,714.3800048828125,736.030029296875,4309380000,736.030029296875
2011-10-25,731.3400268554688,731.3400268554688,712.1500244140625,713.6500244140625,4473970000,713.6500244140625
2011-10-26,721.1799926757812,730.239990234375,707.6300048828125,727.1500244140625,4873530000,727.1500244140625
2011-10-27,739.4400024414062,769.4600219726562,739.4400024414062,765.4299926757812,6367610000,765.4299926757812
2011-10-28,761.8699951171875,768.8200073242188,759.1300048828125,761.0,4536690000,761.0
2011-10-31,752.4400024414062,754.0499877929688,740.8400268554688,741.0599975585938,4310210000,741.0599975585938
2011-11-01,725.469970703125,729.0800170898438,712.4199829101562,713.8900146484375,5645540000,713.8900146484375
2011-11-02,713.8800048828125,733.5599975585938,713.8800048828125,733.260009765625,4110530000,733.260009765625
2011-11-03,737.219970703125,752.1900024414062,725.5599975585938,751.530029296875,4849140000,751.530029296875
2011-11-04,747.47998046875,748.6599731445312,737.2100219726562,746.489990234375,3830650000,746.489990234375
2011-11-07,746.47998046875,748.8300170898438,730.6400146484375,745.27001953125,3429740000,745.27001953125
2011-11-08,749.1300048828125,756.760009765625,736.6400146484375,755.27001953125,3908490000,755.27001953125
2011-11-09,743.4600219726562,743.4600219726562,718.8599853515625,718.8599853515625,4659740000,718.8599853515625
2011-11-10,721.8099975585938,730.6699829101562,717.97998046875,725.47998046875,4002760000,725.47998046875
2011-11-11,732.0999755859375,744.8200073242188,732.0999755859375,744.6400146484375,3370180000,744.6400146484375
2011-11-14,741.469970703125,742.2100219726562,728.6099853515625,732.8900146484375,3219680000,732.8900146484375
2011-11-15,729.3900146484375,745.760009765625,725.489990234375,743.0800170898438,3599300000,743.0800170898438
2011-11-16,736.22998046875,747.760009765625,729.530029296875,729.8599853515625,4085010000,729.8599853515625
2011-11-17,729.7999877929688,733.4600219726562,716.25,718.75,4596450000,718.75
2011-11-18,720.260009765625,723.3699951171875,715.52001953125,719.4199829101562,3827610000,719.4199829101562
2011-11-21,710.4099731445312,710.4099731445312,696.719970703125,701.9000244140625,4050070000,701.9000244140625
2011-11-22,701.8900146484375,705.25,693.9000244140625,696.260009765625,3911710000,696.260009765625
2011-11-23,690.77001953125,690.77001953125,674.2999877929688,674.3400268554688,3798940000,674.3400268554688
2011-11-25,671.9000244140625,679.8099975585938,666.1599731445312,666.1599731445312,1664200000,666.1599731445312
2011-11-28,677.8200073242188,698.1799926757812,677.8200073242188,697.9000244140625,3920750000,697.9000244140625
2011-11-29,697.8499755859375,700.5999755859375,691.9600219726562,696.0999755859375,3992650000,696.0999755859375
2011-11-30,696.0900268554688,737.4199829101562,696.0900268554688,737.4199829101562,5801910000,737.4199829101562
2011-12-01,734.510009765625,739.9600219726562,730.75,730.75,3818680000,730.75
2011-12-02,738.5599975585938,744.9600219726562,734.1400146484375,735.02001953125,4144310000,735.02001953125
2011-12-05,743.6400146484375,752.7100219726562,741.5900268554688,747.030029296875,4148060000,747.030029296875
2011-12-06,746.6500244140625,751.8099975585938,740.8900146484375,746.780029296875,3734230000,746.780029296875
2011-12-07,746.75,749.0,732.1599731445312,746.1400146484375,4160540000,746.1400146484375
2011-12-08,740.760009765625,740.760009765625,721.8599853515625,722.6799926757812,4298370000,722.6799926757812
2011-12-09,725.4099731445312,748.4400024414062,725.3099975585938,745.4000244140625,3830610000,745.4000244140625
2011-12-12,737.1500244140625,737.1500244140625,725.25,733.1500244140625,3600570000,733.1500244140625
2011-12-13,736.8099975585938,742.1900024414062,715.8300170898438,718.0599975585938,4121570000,718.0599975585938
2011-12-14,713.219970703125,715.0900268554688,705.780029296875,708.4600219726562,4298290000,708.4600219726562
2011-12-15,716.0999755859375,718.0,710.3400268554688,716.010009765625,3810340000,716.010009765625
2011-12-16,718.6799926757812,730.72998046875,717.6500244140625,722.0499877929688,5345800000,722.0499877929688
2011-12-19,725.780029296875,729.030029296875,707.8300170898438,708.5599975585938,3659820000,708.5599975585938
2011-12-20,718.1400146484375,738.219970703125,718.1400146484375,738.219970703125,4055590000,738.219970703125
2011-12-21,736.3099975585938,742.1199951171875,727.1199951171875,740.4500122070312,3582780000,740.4500122070312
2011-12-22,742.25,748.2100219726562,742.25,745.510009765625,3492250000,745.510009765625
2011-12-23,747.5,748.52001953125,744.25,747.97998046875,2233830000,747.97998046875
2011-12-27,745.6099853515625,753.1900024414062,744.2000122070312,751.3099975585938,2130590000,751.3099975585938
2011-12-28,750.5999755859375,750.5999755859375,734.6900024414062,735.2100219726562,2349980000,735.2100219726562
2011-12-29,737.1599731445312,745.9099731445312,737.0800170898438,744.97998046875,2278130000,744.97998046875
2011-12-30,743.6300048828125,746.469970703125,740.4000244140625,740.9199829101562,2271850000,740.9199829101562
2012-01-03,750.7000122070312,759.3699951171875,749.5,752.280029296875,3943710000,752.280029296875
2012-01-04,748.3499755859375,749.6099853515625,742.8900146484375,747.280029296875,3592580000,747.280029296875
2012-01-05,743.72998046875,754.3900146484375,736.780029296875,752.2899780273438,4315950000,752.2899780273438
2012-01-06,752.1099853515625,754.75,745.7899780273438,749.7100219726562,3656830000,749.7100219726562
2012-01-09,753.0700073242188,754.4400024414062,747.260009765625,753.510009765625,3371600000,753.510009765625
2012-01-10,758.25,765.280029296875,758.25,764.75,4221960000,764.75
2012-01-11,762.010009765625,767.8699951171875,761.0999755859375,767.239990234375,3968120000,767.239990234375
2012-01-12,768.6799926757812,770.6199951171875,761.9199829101562,770.489990234375,4019890000,770.489990234375
2012-01-13,763.1199951171875,765.989990234375,758.9500122070312,764.2000122070312,3692370000,764.2000122070312
2012-01-17,769.0499877929688,773.260009765625,763.8099975585938,765.530029296875,4010490000,765.530029296875
2012-01-18,765.489990234375,779.260009765625,764.7000122070312,779.260009765625,4096160000,779.260009765625
2012-01-19,780.6300048828125,784.5700073242188,779.0800170898438,782.3699951171875,4465890000,782.3699951171875
2012-01-20,780.8499755859375,785.8800048828125,780.219970703125,784.6199951171875,3912620000,784.6199951171875
2012-01-23,784.3499755859375,789.4099731445312,778.3800048828125,783.0499877929688,3770910000,783.0499877929688
2012-01-24,779.0999755859375,788.7999877929688,775.5800170898438,788.27001953125,3693560000,788.27001953125
2012-01-25,787.4299926757812,796.5399780273438,784.0999755859375,795.5800170898438,4410910000,795.5800170898438
2012-01-26,798.469970703125,800.219970703125,789.780029296875,792.9099731445312,4522070000,792.9099731445312
2012-01-27,789.7100219726562,798.8499755859375,789.6900024414062,798.8499755859375,4007380000,798.8499755859375
2012-01-30,797.9400024414062,797.9400024414062,787.489990234375,792.3800048828125,3659010000,792.3800048828125
2012-01-31,794.969970703125,795.010009765625,788.02001953125,792.8200073242188,4235550000,792.8200073242188
2012-02-01,796.989990234375,810.1900024414062,796.989990234375,809.6599731445312,4504360000,809.6599731445312
2012-02-02,810.239990234375,815.8800048828125,809.1400146484375,812.8900146484375,4120920000,812.8900146484375
2012-02-03,820.8400268554688,833.02001953125,820.8400268554688,831.1099853515625,4608550000,831.1099853515625
2012-02-06,827.47998046875,830.0700073242188,825.6199951171875,828.3699951171875,3379700000,828.3699951171875
2012-02-07,827.0599975585938,830.6599731445312,822.9000244140625,827.3699951171875,3742460000,827.3699951171875
2012-02-08,827.25,832.6400146484375,821.5800170898438,828.3900146484375,4096730000,828.3900146484375
2012-02-09,829.969970703125,830.7899780273438,821.0999755859375,824.989990234375,4209890000,824.989990234375
2012-02-10,823.4000244140625,823.4000244140625,812.8499755859375,813.3300170898438,3877580000,813.3300170898438
2012-02-13,820.0,824.8900146484375,818.0999755859375,824.8099975585938,3618040000,824.8099975585938
2012-02-14,824.760009765625,824.760009765625,815.4199829101562,820.6500244140625,3889520000,820.6500244140625
2012-02-15,823.22998046875,824.1400146484375,811.8599853515625,813.97998046875,4080340000,813.97998046875
2012-02-16,813.6300048828125,829.9600219726562,813.6300048828125,829.9600219726562,4108880000,829.9600219726562
2012-02-17,832.0999755859375,832.22998046875,827.75,828.6799926757812,3717640000,828.6799926757812
2012-02-21,830.0999755859375,831.010009765625,820.3699951171875,823.2000122070312,3795200000,823.2000122070312
2012-02-22,820.5800170898438,823.6199951171875,816.5,816.5,3633710000,816.5
2012-02-23,817.77001953125,829.4500122070312,814.27001953125,829.22998046875,3786450000,829.22998046875
2012-02-24,829.2000122070312,830.8699951171875,826.5599975585938,826.9199829101562,3505360000,826.9199829101562
2012-02-27,822.0,829.5499877929688,814.9199829101562,826.6599731445312,3648890000,826.6599731445312
2012-02-28,826.9299926757812,830.6599731445312,820.030029296875,823.7999877929688,3579120000,823.7999877929688
2012-02-29,824.8800048828125,829.22998046875,810.9299926757812,810.9400024414062,4482370000,810.9400024414062
2012-03-01,813.969970703125,823.7899780273438,813.969970703125,815.219970703125,3919240000,815.219970703125
2012-03-02,815.2999877929688,816.7999877929688,800.1300048828125,802.4199829101562,3283490000,802.4199829101562
2012-03-05,801.9500122070312,804.260009765625,795.989990234375,803.6500244140625,3429480000,803.6500244140625
2012-03-06,796.4600219726562,796.4600219726562,785.4099731445312,787.0900268554688,4191060000,787.0900268554688
2012-03-07,790.030029296875,796.1799926757812,789.260009765625,795.9500122070312,3580380000,795.9500122070312
2012-03-08,800.6400146484375,806.7999877929688,794.8200073242188,806.3400268554688,3543060000,806.3400268554688
2012-03-09,806.7899780273438,821.1900024414062,806.4299926757812,817.0,3639470000,817.0
2012-03-12,817.3099975585938,819.1300048828125,811.8400268554688,814.2899780273438,3081870000,814.2899780273438
2012-03-13,819.3400268554688,831.22998046875,818.219970703125,831.22998046875,4386470000,831.22998046875
2012-03-14,830.0700073242188,831.6099853515625,821.1799926757812,823.4000244140625,4502280000,823.4000244140625
2012-03-15,824.47998046875,831.4600219726562,821.530029296875,831.4600219726562,4271650000,831.4600219726562
2012-03-16,832.219970703125,832.780029296875,827.6799926757812,830.1799926757812,5163950000,830.1799926757812
2012-03-19,829.4500122070312,843.25,828.5,837.77001953125,3932570000,837.77001953125
2012-03-20,832.3099975585938,832.3099975585938,826.7000122070312,829.239990234375,3695280000,829.239990234375
2012-03-21,831.0,833.8400268554688,827.4600219726562,829.9199829101562,3573590000,829.9199829101562
2012-03-22,823.4299926757812,823.4600219726562,816.7000122070312,821.4400024414062,3740590000,821.4400024414062
2012-03-23,821.4400024414062,830.030029296875,815.989990234375,830.030029296875,3472950000,830.030029296875
2012-03-26,836.4500122070312,846.3099975585938,836.4500122070312,846.1300048828125,3576950000,846.1300048828125
2012-03-27,846.510009765625,847.9199829101562,839.97998046875,839.97998046875,3513640000,839.97998046875
2012-03-28,839.8200073242188,841.219970703125,828.47998046875,834.4500122070312,3892800000,834.4500122070312
2012-03-29,828.8599853515625,833.77001953125,822.719970703125,832.219970703125,3832000000,832.219970703125
2012-03-30,836.469970703125,838.3699951171875,828.0,830.2999877929688,3676890000,830.2999877929688
2012-04-02,828.8900146484375,840.6300048828125,826.5700073242188,840.6300048828125,3572010000,840.6300048828125
2012-04-03,839.5700073242188,841.0599975585938,831.6500244140625,834.7999877929688,3822090000,834.7999877929688
2012-04-04,827.6699829101562,827.6699829101562,817.0800170898438,820.3800048828125,3938290000,820.3800048828125
2012-04-05,817.239990234375,821.3499755859375,816.4299926757812,818.1799926757812,3303740000,818.1799926757812
2012-04-09,808.719970703125,808.719970703125,800.75,803.4600219726562,3468980000,803.4600219726562
2012-04-10,802.7100219726562,803.6099853515625,783.5599975585938,784.1500244140625,4631730000,784.1500244140625
2012-04-11,791.030029296875,796.72998046875,791.010009765625,796.5900268554688,3743040000,796.5900268554688
2012-04-12,796.7100219726562,810.2899780273438,796.7100219726562,808.5900268554688,3618280000,808.5900268554688
2012-04-13,806.8400268554688,806.8400268554688,796.22998046875,796.2899780273438,3631160000,796.2899780273438
2012-04-16,796.2899780273438,802.7000122070312,791.030029296875,798.0800170898438,3574780000,798.0800170898438
2012-04-17,803.510009765625,816.3200073242188,803.510009765625,810.6300048828125,3456200000,810.6300048828125
2012-04-18,809.4099731445312,809.4099731445312,800.5499877929688,803.3200073242188,3463140000,803.3200073242188
2012-04-19,804.3099975585938,809.739990234375,794.8099975585938,798.9000244140625,4180020000,798.9000244140625
2012-04-20,798.8900146484375,810.219970703125,798.8900146484375,804.0499877929688,3833320000,804.0499877929688
2012-04-23,795.5599975585938,795.5599975585938,785.3699951171875,791.8499755859375,3654860000,791.8499755859375
2012-04-24,792.5,799.5399780273438,790.8800048828125,798.0499877929688,3617100000,798.0499877929688
2012-04-25,805.4199829101562,813.8400268554688,805.4199829101562,812.1199951171875,3998430000,812.1199951171875
2012-04-26,810.6099853515625,819.5599975585938,810.1699829101562,818.3300170898438,4034700000,818.3300170898438
2012-04-27,819.0900268554688,826.0499877929688,812.8499755859375,825.469970703125,3645830000,825.469970703125
2012-04-30,825.469970703125,825.469970703125,816.47998046875,816.8800048828125,3574010000,816.8800048828125
2012-05-01,817.7000122070312,830.0999755859375,815.5499877929688,815.8900146484375,3807950000,815.8900146484375
2012-05-02,811.47998046875,818.8200073242188,807.97998046875,818.5999755859375,3803860000,818.5999755859375
2012-05-03,817.9500122070312,818.22998046875,803.6500244140625,806.5900268554688,4004910000,806.5900268554688
2012-05-04,802.0900268554688,802.0900268554688,791.260009765625,791.8400268554688,3975140000,791.8400268554688
2012-05-07,788.72998046875,796.1300048828125,788.0700073242188,793.8099975585938,3559390000,793.8099975585938
2012-05-08,788.6699829101562,793.719970703125,781.280029296875,793.0599975585938,4261670000,793.0599975585938
2012-05-09,792.7100219726562,792.7999877929688,781.4400024414062,788.9199829101562,4288540000,788.9199829101562
2012-05-10,790.219970703125,795.77001953125,788.1400146484375,791.75,3727990000,791.75
2012-05-11,786.2899780273438,795.8900146484375,785.969970703125,790.0599975585938,3869070000,790.0599975585938
2012-05-14,782.77001953125,784.9400024414062,777.780029296875,778.9500122070312,3688120000,778.9500122070312
2012-05-15,778.510009765625,784.8800048828125,775.969970703125,777.3599853515625,4114040000,777.3599853515625
2012-05-16,778.6900024414062,783.8900146484375,771.969970703125,772.1099853515625,4280420000,772.1099853515625
2012-05-17,772.6500244140625,773.3699951171875,754.3300170898438,754.3300170898438,4664280000,754.3300170898438
2012-05-18,753.7999877929688,758.780029296875,745.7100219726562,747.2100219726562,4512470000,747.2100219726562
2012-05-21,749.1900024414062,764.6400146484375,745.77001953125,764.6400146484375,3786750000,764.6400146484375
2012-05-22,765.0900268554688,770.1599731445312,755.5999755859375,759.6300048828125,4123680000,759.6300048828125
2012-05-23,755.0599975585938,766.1799926757812,748.1599731445312,765.1699829101562,4108330000,765.1699829101562
2012-05-24,766.469970703125,766.9199829101562,756.8200073242188,766.5700073242188,3937670000,766.5700073242188
2012-05-25,766.6400146484375,768.47998046875,764.0,766.4099731445312,2872660000,766.4099731445312
2012-05-29,771.7999877929688,778.77001953125,768.989990234375,777.1599731445312,3441640000,777.1599731445312
2012-05-30,770.739990234375,770.739990234375,761.6699829101562,762.0,3534290000,762.0
2012-05-31,762.5999755859375,765.47998046875,751.5800170898438,761.8200073242188,4557620000,761.8200073242188
2012-06-01,752.1099853515625,752.1099853515625,737.4199829101562,737.4199829101562,4669350000,737.4199829101562
2012-06-04,739.6900024414062,742.72998046875,729.75,737.239990234375,4011960000,737.239990234375
2012-06-05,734.0900268554688,746.2100219726562,733.8400268554688,746.0900268554688,3403230000,746.0900268554688
2012-06-06,746.780029296875,765.1699829101562,746.780029296875,765.1699829101562,4268360000,765.1699829101562
2012-06-07,772.0599975585938,775.6500244140625,760.0399780273438,760.3400268554688,4258140000,760.3400268554688
2012-06-08,758.4400024414062,770.0700073242188,754.719970703125,769.1900024414062,3497190000,769.1900024414062
2012-06-11,775.7999877929688,776.6300048828125,750.969970703125,751.010009765625,3537530000,751.010009765625
2012-06-12,754.4299926757812,761.6900024414062,748.530029296875,761.530029296875,3442920000,761.530029296875
2012-06-13,759.510009765625,763.989990234375,749.8099975585938,752.3800048828125,3506510000,752.3800048828125
2012-06-14,753.2100219726562,762.8800048828125,751.8599853515625,762.3400268554688,3687720000,762.3400268554688
2012-06-15,761.8900146484375,772.0700073242188,761.239990234375,771.3200073242188,4401570000,771.3200073242188
2012-06-18,766.9199829101562,774.8099975585938,764.7000122070312,772.530029296875,3259430000,772.530029296875
2012-06-19,775.5499877929688,789.510009765625,775.5499877929688,786.4299926757812,3815350000,786.4299926757812
2012-06-20,786.030029296875,789.219970703125,780.530029296875,784.0499877929688,3695700000,784.0499877929688
2012-06-21,784.6599731445312,784.7000122070312,764.3099975585938,764.8300170898438,4094470000,764.8300170898438
2012-06-22,768.969970703125,775.9299926757812,766.2100219726562,775.1599731445312,5271490000,775.1599731445312
2012-06-25,775.1500244140625,775.1500244140625,759.8300170898438,761.9000244140625,3501820000,761.9000244140625
2012-06-26,763.27001953125,767.8200073242188,758.0999755859375,765.02001953125,3412940000,765.02001953125
2012-06-27,766.22998046875,776.7000122070312,766.22998046875,776.239990234375,3286910000,776.239990234375
2012-06-28,770.9400024414062,775.9000244140625,764.3800048828125,775.8900146484375,3969370000,775.8900146484375
2012-06-29,775.8900146484375,799.0,775.8900146484375,798.489990234375,4590480000,798.489990234375
2012-07-02,799.8200073242188,807.9400024414062,796.1400146484375,807.9400024414062,3301650000,807.9400024414062
2012-07-03,808.030029296875,818.489990234375,807.7000122070312,818.489990234375,2116390000,818.489990234375
2012-07-05,816.4299926757812,820.4400024414062,813.27001953125,817.4299926757812,3041520000,817.4299926757812
2012-07-06,809.8200073242188,809.8200073242188,804.6900024414062,807.1400146484375,2745140000,807.1400146484375
2012-07-09,805.6699829101562,806.8400268554688,801.5499877929688,804.7999877929688,2904860000,804.7999877929688
2012-07-10,808.6199951171875,810.7899780273438,792.7100219726562,795.1699829101562,3470600000,795.1699829101562
2012-07-11,795.5599975585938,797.6799926757812,788.3599853515625,792.260009765625,3426290000,792.260009765625
2012-07-12,792.22998046875,792.47998046875,778.5399780273438,789.6199951171875,3654440000,789.6199951171875
2012-07-13,791.989990234375,802.3400268554688,791.989990234375,800.989990234375,3212930000,800.989990234375
2012-07-16,799.030029296875,800.0800170898438,794.0499877929688,796.6599731445312,2862720000,796.6599731445312
2012-07-17,797.25,802.4000244140625,790.27001953125,799.4500122070312,3566680000,799.4500122070312
2012-07-18,798.3099975585938,808.530029296875,797.9600219726562,805.0599975585938,3642630000,805.0599975585938
2012-07-19,807.6500244140625,808.530029296875,801.3200073242188,802.1699829101562,4043360000,802.1699829101562
2012-07-20,796.6400146484375,796.6400146484375,791.3099975585938,791.5399780273438,3925020000,791.5399780273438
2012-07-23,781.9000244140625,782.22998046875,774.72998046875,778.9000244140625,3717180000,778.9000244140625
2012-07-24,780.760009765625,781.0999755859375,765.0499877929688,767.75,3891290000,767.75
2012-07-25,771.75,774.5900268554688,767.5800170898438,769.3099975585938,3719170000,769.3099975585938
2012-07-26,776.6799926757812,781.27001953125,772.4400024414062,777.1099853515625,4429300000,777.1099853515625
2012-07-27,779.030029296875,797.77001953125,777.4199829101562,796.0,4399010000,796.0
2012-07-30,796.3699951171875,798.6900024414062,790.239990234375,791.5800170898438,3212060000,791.5800170898438
2012-07-31,790.25,794.969970703125,786.4299926757812,786.9400024414062,3821570000,786.9400024414062
2012-08-01,790.030029296875,790.5700073242188,771.1300048828125,771.1300048828125,4440920000,771.1300048828125
2012-08-02,767.6900024414062,773.4500122070312,765.2000122070312,768.5999755859375,4193740000,768.5999755859375
2012-08-03,775.6599731445312,791.0900268554688,775.6599731445312,788.47998046875,3751170000,788.47998046875
2012-08-06,789.27001953125,797.3400268554688,789.27001953125,794.3499755859375,3122050000,794.3499755859375
2012-08-07,797.0399780273438,806.4099731445312,797.0399780273438,801.3400268554688,3682490000,801.3400268554688
2012-08-08,801.2999877929688,802.8699951171875,797.8800048828125,800.1599731445312,3221790000,800.1599731445312
2012-08-09,800.0900268554688,804.8400268554688,799.469970703125,802.9000244140625,3119610000,802.9000244140625
2012-08-10,800.72998046875,801.8200073242188,798.0900268554688,801.5499877929688,2767980000,801.5499877929688
2012-08-13,801.47998046875,801.47998046875,791.7100219726562,799.489990234375,2499990000,799.489990234375
2012-08-14,802.5900268554688,804.1599731445312,794.8099975585938,796.8800048828125,2930900000,796.8800048828125
2012-08-15,795.280029296875,804.260009765625,795.219970703125,804.260009765625,2655750000,804.260009765625
2012-08-16,803.8599853515625,813.5700073242188,800.7899780273438,813.0800170898438,3114100000,813.0800170898438
2012-08-17,811.75,819.8900146484375,811.469970703125,819.8900146484375,2922990000,819.8900146484375
2012-08-20,817.97998046875,817.97998046875,812.2899780273438,816.510009765625,2766320000,816.510009765625
2012-08-21,818.6699829101562,827.1300048828125,813.6900024414062,815.3599853515625,3282950000,815.3599853515625
2012-08-22,814.7100219726562,814.9199829101562,809.5999755859375,812.5599975585938,3062690000,812.5599975585938
2012-08-23,811.719970703125,811.8400268554688,804.22998046875,806.0,3008240000,806.0
2012-08-24,804.760009765625,810.8300170898438,803.239990234375,809.1900024414062,2598790000,809.1900024414062
2012-08-27,811.9099731445312,813.9099731445312,808.02001953125,810.4000244140625,2472500000,810.4000244140625
2012-08-28,809.72998046875,814.9099731445312,809.489990234375,814.280029296875,2629090000,814.280029296875
2012-08-29,814.8499755859375,819.5900268554688,812.97998046875,817.8400268554688,2571220000,817.8400268554688
2012-08-30,817.77001953125,817.77001953125,808.219970703125,808.6400146484375,2530280000,808.6400146484375
2012-08-31,814.0999755859375,814.7899780273438,805.75,812.0900268554688,2938250000,812.0900268554688
2012-09-04,813.1699829101562,823.77001953125,807.3599853515625,822.1400146484375,3200310000,822.1400146484375
2012-09-05,821.8400268554688,824.8800048828125,819.6599731445312,821.22998046875,3389110000,821.22998046875
2012-09-06,825.1599731445312,839.22998046875,825.1599731445312,837.9500122070312,3952870000,837.9500122070312
2012-09-07,840.4299926757812,843.780029296875,839.719970703125,842.27001953125,3717620000,842.27001953125
2012-09-10,841.3900146484375,844.2999877929688,838.97998046875,839.3699951171875,3223670000,839.3699951171875
2012-09-11,839.489990234375,845.1500244140625,839.3200073242188,841.9199829101562,3509630000,841.9199829101562
2012-09-12,842.9199829101562,845.1699829101562,840.030029296875,845.1199951171875,3641200000,845.1199951171875
2012-09-13,844.9000244140625,860.6400146484375,842.510009765625,856.1199951171875,4606550000,856.1199951171875
2012-09-14,858.8900146484375,868.5,858.8699951171875,864.7000122070312,5041990000,864.7000122070312
2012-09-17,861.6099853515625,861.6099853515625,855.8900146484375,858.9000244140625,3482430000,858.9000244140625
2012-09-18,857.27001953125,858.0900268554688,854.1300048828125,856.9299926757812,3377390000,856.9299926757812
2012-09-19,857.8499755859375,859.25,855.0700073242188,856.0800170898438,3451360000,856.0800170898438
2012-09-20,851.3499755859375,852.9600219726562,847.0900268554688,851.510009765625,3382520000,851.510009765625
2012-09-21,857.239990234375,860.1599731445312,855.1400146484375,855.510009765625,4833870000,855.510009765625
2012-09-24,851.5900268554688,856.6500244140625,849.3200073242188,851.760009765625,3008920000,851.760009765625
2012-09-25,854.489990234375,856.97998046875,838.9600219726562,839.1199951171875,3739900000,839.1199951171875
2012-09-26,839.5700073242188,839.6599731445312,831.8200073242188,833.9299926757812,3565380000,833.9299926757812
2012-09-27,835.7000122070312,844.8900146484375,833.9500122070312,843.5399780273438,3150330000,843.5399780273438
2012-09-28,839.489990234375,841.8699951171875,835.9500122070312,837.4500122070312,3509230000,837.4500122070312
2012-10-01,840.8300170898438,847.0,836.739990234375,840.3099975585938,3505080000,840.3099975585938
2012-10-02,842.9400024414062,843.4099731445312,837.489990234375,840.510009765625,3321790000,840.510009765625
2012-10-03,841.6099853515625,843.9199829101562,835.7899780273438,838.780029296875,3531640000,838.780029296875
2012-10-04,840.739990234375,844.6500244140625,835.5900268554688,844.6500244140625,3615860000,844.6500244140625
2012-10-05,846.97998046875,853.5700073242188,841.5800170898438,842.8599853515625,3172940000,842.8599853515625
2012-10-08,839.5499877929688,840.3599853515625,837.6199951171875,838.4099731445312,2328720000,838.4099731445312
2012-10-09,836.7899780273438,836.7899780273438,827.719970703125,827.9199829101562,3216320000,827.9199829101562
2012-10-10,828.4400024414062,829.6300048828125,824.3800048828125,826.75,3225060000,826.75
2012-10-11,831.8499755859375,835.719970703125,828.780029296875,829.780029296875,3672540000,829.780029296875
2012-10-12,829.5,830.9500122070312,821.989990234375,823.0900268554688,3134750000,823.0900268554688
2012-10-15,824.75,828.4299926757812,820.4199829101562,828.280029296875,3483810000,828.280029296875
2012-10-16,831.6400146484375,835.4600219726562,831.469970703125,835.4400024414062,3568770000,835.4400024414062
2012-10-17,836.5900268554688,842.8699951171875,836.1500244140625,842.52001953125,3655320000,842.52001953125
2012-10-18,841.030029296875,842.3699951171875,837.1199951171875,837.1199951171875,3880030000,837.1199951171875
2012-10-19,832.4400024414062,832.4400024414062,817.780029296875,821.0,3875170000,821.0
2012-10-22,820.3300170898438,821.8800048828125,816.7000122070312,820.52001953125,3216220000,820.52001953125
2012-10-23,814.77001953125,816.97998046875,807.239990234375,816.2000122070312,3587670000,816.2000122070312
2012-10-24,819.0800170898438,820.22998046875,811.9199829101562,813.6500244140625,3385970000,813.6500244140625
2012-10-25,818.6900024414062,821.4600219726562,811.5900268554688,816.8200073242188,3512640000,816.8200073242188
2012-10-26,816.6199951171875,819.4199829101562,807.9099731445312,813.25,3284910000,813.25
2012-10-31,813.6099853515625,818.72998046875,811.8599853515625,818.72998046875,3577110000,818.72998046875
2012-11-01,818.780029296875,828.47998046875,818.4299926757812,827.8499755859375,3929890000,827.8499755859375
2012-11-02,829.8800048828125,830.5499877929688,814.3400268554688,814.3699951171875,3732480000,814.3699951171875
2012-11-05,814.2999877929688,820.4600219726562,812.1300048828125,819.5399780273438,2921040000,819.5399780273438
2012-11-06,821.5999755859375,826.8900146484375,821.52001953125,825.6400146484375,3306970000,825.6400146484375
2012-11-07,818.9099731445312,818.9099731445312,802.22998046875,804.52001953125,4356490000,804.52001953125
2012-11-08,804.3300170898438,806.6799926757812,793.6500244140625,793.6500244140625,3779520000,793.6500244140625
2012-11-09,793.6199951171875,800.719970703125,789.25,795.02001953125,3647350000,795.02001953125
2012-11-12,796.97998046875,797.72998046875,792.9000244140625,793.760009765625,2567540000,793.760009765625
2012-11-13,792.2100219726562,795.969970703125,788.77001953125,789.010009765625,3455550000,789.010009765625
2012-11-14,791.3499755859375,792.0999755859375,772.4299926757812,773.2000122070312,4109510000,773.2000122070312
2012-11-15,772.469970703125,775.0800170898438,765.030029296875,769.47998046875,3928870000,769.47998046875
2012-11-16,768.1199951171875,777.0800170898438,763.5499877929688,776.280029296875,4045910000,776.280029296875
2012-11-19,782.3699951171875,793.0700073242188,782.3699951171875,793.0599975585938,3374800000,793.0599975585938
2012-11-20,791.0999755859375,794.1500244140625,788.9600219726562,793.8099975585938,3207160000,793.8099975585938
2012-11-21,795.0900268554688,798.3800048828125,793.4199829101562,798.3800048828125,2667090000,798.3800048828125
2012-11-23,801.3499755859375,807.1900024414062,800.9299926757812,807.1799926757812,1504960000,807.1799926757812
2012-11-26,805.3099975585938,809.0399780273438,802.5,809.02001953125,2948960000,809.02001953125
2012-11-27,808.0900268554688,812.5900268554688,807.280029296875,807.739990234375,3323120000,807.739990234375
2012-11-28,804.8699951171875,813.5599975585938,798.510009765625,813.5,3359250000,813.5
2012-11-29,818.3599853515625,823.3300170898438,817.9500122070312,823.2000122070312,3356850000,823.2000122070312
2012-11-30,824.5800170898438,824.5800170898438,818.9000244140625,821.9199829101562,3966000000,821.9199829101562
2012-12-03,825.8699951171875,826.5800170898438,818.9299926757812,820.7999877929688,3074280000,820.7999877929688
2012-12-04,820.3599853515625,823.030029296875,816.0800170898438,822.1199951171875,3247710000,822.1199951171875
2012-12-05,823.6099853515625,824.52001953125,816.2100219726562,820.5999755859375,4253920000,820.5999755859375
2012-12-06,819.5599975585938,822.9000244140625,817.739990234375,821.7899780273438,3229700000,821.7899780273438
2012-12-07,824.8499755859375,825.3200073242188,819.8300170898438,822.27001953125,3125160000,822.27001953125
2012-12-10,822.8099975585938,826.280029296875,822.739990234375,826.260009765625,2999430000,826.260009765625
2012-12-11,830.3800048828125,835.3200073242188,830.0599975585938,834.989990234375,3650230000,834.989990234375
2012-12-12,837.1699829101562,837.2899780273438,828.5800170898438,829.3900146484375,3709050000,829.3900146484375
2012-12-13,829.0999755859375,831.280029296875,822.1699829101562,824.2000122070312,3349960000,824.2000122070312
2012-12-14,822.4199829101562,827.239990234375,821.8200073242188,823.75,3210170000,823.75
2012-12-17,825.1400146484375,835.1300048828125,825.1400146484375,835.0,3455610000,835.0
2012-12-18,835.780029296875,847.6900024414062,835.5,847.6900024414062,4302240000,847.6900024414062
2012-12-19,848.010009765625,851.8300170898438,845.0599975585938,847.8900146484375,3869800000,847.8900146484375
2012-12-20,847.9000244140625,852.5,845.72998046875,852.489990234375,3686580000,852.489990234375
2012-12-21,848.5399780273438,848.5399780273438,842.3099975585938,847.9199829101562,5229160000,847.9199829101562
2012-12-24,846.3499755859375,846.3499755859375,843.4299926757812,844.739990234375,1248960000,844.739990234375
2012-12-26,845.3699951171875,845.97998046875,838.3099975585938,838.8900146484375,2285030000,838.8900146484375
2012-12-27,838.8499755859375,839.739990234375,827.719970703125,837.4000244140625,2830180000,837.4000244140625
2012-12-28,833.27001953125,838.3599853515625,832.0800170898438,832.0999755859375,2426680000,832.0999755859375
2012-12-31,831.8900146484375,849.8900146484375,831.1799926757812,849.3499755859375,3204330000,849.3499755859375
2013-01-02,849.3499755859375,873.989990234375,849.3499755859375,873.4199829101562,4202600000,873.4199829101562
2013-01-03,873.8300170898438,878.4299926757812,870.760009765625,872.5999755859375,3829730000,872.5999755859375
2013-01-04,873.1900024414062,880.469970703125,873.1900024414062,879.1500244140625,3424290000,879.1500244140625
2013-01-07,876.3400268554688,876.7100219726562,873.739990234375,875.7999877929688,3304970000,875.7999877929688
2013-01-08,875.9099731445312,876.3200073242188,871.010009765625,874.7000122070312,3601600000,874.7000122070312
2013-01-09,877.4500122070312,879.5399780273438,877.010009765625,879.510009765625,3674390000,879.510009765625
2013-01-10,883.0399780273438,883.1900024414062,876.5800170898438,881.239990234375,4081840000,881.239990234375
2013-01-11,882.6099853515625,882.6199951171875,877.4400024414062,880.77001953125,3340650000,880.77001953125
2013-01-14,879.7100219726562,880.97998046875,877.5599975585938,880.0999755859375,3003010000,880.0999755859375
2013-01-15,876.219970703125,884.8400268554688,875.4199829101562,884.5999755859375,3135350000,884.5999755859375
2013-01-16,882.8400268554688,883.7000122070312,881.02001953125,882.3099975585938,3384080000,882.3099975585938
2013-01-17,885.280029296875,891.0,885.280029296875,890.3599853515625,3706710000,890.3599853515625
2013-01-18,889.739990234375,892.7999877929688,888.260009765625,892.7999877929688,3795740000,892.7999877929688
2013-01-22,892.72998046875,899.239990234375,891.0800170898438,899.239990234375,3570950000,899.239990234375
2013-01-23,899.4400024414062,899.530029296875,896.219970703125,896.7000122070312,3552010000,896.7000122070312
2013-01-24,896.5599975585938,904.27001953125,896.3400268554688,900.1900024414062,3699430000,900.1900024414062
2013-01-25,902.3699951171875,905.239990234375,900.0999755859375,905.239990234375,3476290000,905.239990234375
2013-01-28,905.9500122070312,907.9099731445312,900.8800048828125,906.7100219726562,3388540000,906.7100219726562
2013-01-29,905.72998046875,907.3099975585938,902.6199951171875,907.3099975585938,3949640000,907.3099975585938
2013-01-30,906.2899780273438,906.7000122070312,894.3400268554688,896.9099731445312,3726810000,896.9099731445312
2013-01-31,897.02001953125,902.9000244140625,895.75,902.0900268554688,3999880000,902.0900268554688
2013-02-01,905.5900268554688,912.760009765625,905.3900146484375,911.2000122070312,3836320000,911.2000122070312
2013-02-04,911.1799926757812,911.1799926757812,898.3599853515625,899.280029296875,3390000000,899.280029296875
2013-02-05,902.4099731445312,909.6099853515625,902.3800048828125,908.219970703125,3618360000,908.219970703125
2013-02-06,904.6699829101562,911.4500122070312,903.760009765625,911.2899780273438,3611570000,911.2899780273438
2013-02-07,910.9099731445312,911.489990234375,902.8200073242188,908.0999755859375,3614580000,908.0999755859375
2013-02-08,909.1699829101562,914.1500244140625,909.1699829101562,913.6699829101562,2986150000,913.6699829101562
2013-02-11,913.5499877929688,913.5599975585938,910.219970703125,913.030029296875,2684100000,913.030029296875
2013-02-12,913.77001953125,918.1699829101562,913.72998046875,917.52001953125,3414370000,917.52001953125
2013-02-13,918.1300048828125,921.2899780273438,916.7899780273438,920.5800170898438,3385880000,920.5800170898438
2013-02-14,920.5499877929688,924.6799926757812,918.7100219726562,923.760009765625,3759740000,923.760009765625
2013-02-15,927.3300170898438,927.3400268554688,921.739990234375,923.1500244140625,3838510000,923.1500244140625
2013-02-19,924.1400146484375,932.0,924.1400146484375,932.0,3748910000,932.0
2013-02-20,931.469970703125,931.6500244140625,913.5,913.5,4240570000,913.5
2013-02-21,912.7000122070312,912.7000122070312,900.47998046875,905.4000244140625,4274600000,905.4000244140625
2013-02-22,910.3499755859375,916.1500244140625,910.3499755859375,916.1500244140625,3419320000,916.1500244140625
2013-02-25,916.1199951171875,919.3599853515625,895.8400268554688,895.8400268554688,4011050000,895.8400268554688
2013-02-26,898.75,902.1300048828125,894.239990234375,900.0499877929688,3975280000,900.0499877929688
2013-02-27,900.010009765625,913.510009765625,899.2000122070312,909.9199829101562,3551850000,909.9199829101562
2013-02-28,909.6199951171875,915.8900146484375,909.2000122070312,911.1099853515625,3912320000,911.1099853515625
2013-03-01,905.3699951171875,915.719970703125,899.3099975585938,914.72998046875,3695610000,914.72998046875
2013-03-04,914.0499877929688,916.6900024414062,908.6400146484375,916.6799926757812,3414430000,916.6799926757812
2013-03-05,920.0800170898438,928.1300048828125,920.0800170898438,927.4000244140625,3610690000,927.4000244140625
2013-03-06,929.3400268554688,930.8099975585938,927.4500122070312,929.9600219726562,3676890000,929.9600219726562
2013-03-07,930.1500244140625,934.5700073242188,929.3699951171875,934.5700073242188,3634710000,934.5700073242188
2013-03-08,939.739990234375,942.5599975585938,935.47998046875,942.5,3652260000,942.5
2013-03-11,940.4299926757812,942.6199951171875,939.1199951171875,942.510009765625,3091080000,942.510009765625
2013-03-12,941.280029296875,942.75,938.219970703125,940.260009765625,3274910000,940.260009765625
2013-03-13,940.0700073242188,944.6099853515625,938.5700073242188,943.9000244140625,3073830000,943.9000244140625
2013-03-14,945.4299926757812,953.0700073242188,945.4299926757812,953.0700073242188,3459260000,953.0700073242188
2013-03-15,953.5,954.0,949.47998046875,952.47998046875,5175850000,952.47998046875
2013-03-18,952.4600219726562,952.4600219726562,941.4400024414062,947.2000122070312,3164560000,947.2000122070312
2013-03-19,948.510009765625,950.7899780273438,936.72998046875,942.8499755859375,3796210000,942.8499755859375
2013-03-20,946.6400146484375,951.9500122070312,946.6400146484375,951.9500122070312,3349090000,951.9500122070312
2013-03-21,946.9199829101562,950.0700073242188,941.469970703125,943.9199829101562,3243270000,943.9199829101562
2013-03-22,943.969970703125,947.5399780273438,943.969970703125,946.27001953125,2948380000,946.27001953125
2013-03-25,948.6300048828125,953.530029296875,941.1799926757812,945.8499755859375,3178170000,945.8499755859375
2013-03-26,948.7899780273438,950.77001953125,945.2999877929688,949.8200073242188,2869260000,949.8200073242188
2013-03-27,944.77001953125,950.4199829101562,940.2899780273438,950.239990234375,2914210000,950.239990234375
2013-03-28,952.1300048828125,953.260009765625,949.4199829101562,951.5399780273438,3304440000,951.5399780273438
2013-04-01,951.4099731445312,951.5999755859375,934.8400268554688,938.7899780273438,2753110000,938.7899780273438
2013-04-02,942.6799926757812,944.9500122070312,932.510009765625,934.2999877929688,3312160000,934.2999877929688
2013-04-03,935.3900146484375,935.8400268554688,916.8400268554688,918.7100219726562,4060610000,918.7100219726562
2013-04-04,919.530029296875,925.739990234375,917.239990234375,925.6599731445312,3350670000,925.6599731445312
2013-04-05,915.9199829101562,923.5599975585938,909.9000244140625,923.280029296875,3515410000,923.280029296875
2013-04-08,925.9299926757812,931.5399780273438,921.0700073242188,931.489990234375,2887120000,931.489990234375
2013-04-09,932.6300048828125,934.27001953125,928.280029296875,929.3400268554688,3252780000,929.3400268554688
2013-04-10,931.3099975585938,946.989990234375,931.3099975585938,946.0900268554688,3453350000,946.0900268554688
2013-04-11,945.1699829101562,951.3900146484375,944.8099975585938,947.0499877929688,3393950000,947.0499877929688
2013-04-12,943.5399780273438,945.1799926757812,937.010009765625,942.8499755859375,3206290000,942.8499755859375
2013-04-15,938.6699829101562,938.6699829101562,904.9099731445312,907.1799926757812,4660130000,907.1799926757812
2013-04-16,913.0499877929688,924.02001953125,912.6300048828125,923.2999877929688,3654700000,923.2999877929688
2013-04-17,917.9199829101562,917.9199829101562,899.7899780273438,906.7999877929688,4250310000,906.7999877929688
2013-04-18,908.989990234375,909.8200073242188,898.4000244140625,901.510009765625,3890800000,901.510009765625
2013-04-19,901.8200073242188,912.8800048828125,899.4600219726562,912.5,3569870000,912.5
2013-04-22,914.27001953125,916.3200073242188,899.9199829101562,914.7999877929688,2979880000,914.7999877929688
2013-04-23,919.8300170898438,929.3599853515625,919.8300170898438,929.3599853515625,3565150000,929.3599853515625
2013-04-24,929.02001953125,934.22998046875,927.1500244140625,934.1099853515625,3598240000,934.1099853515625
2013-04-25,936.6599731445312,944.6699829101562,936.6599731445312,940.280029296875,3908580000,940.280029296875
2013-04-26,939.3800048828125,939.6500244140625,932.2000122070312,935.25,3198620000,935.25
2013-04-29,938.219970703125,943.52001953125,937.7100219726562,942.4299926757812,2891200000,942.4299926757812
2013-04-30,942.2100219726562,947.4600219726562,939.2999877929688,947.4600219726562,3745070000,947.4600219726562
2013-05-01,945.530029296875,945.530029296875,924.2100219726562,924.2100219726562,3530320000,924.2100219726562
2013-05-02,927.9500122070312,940.719970703125,927.9500122070312,939.8499755859375,3366950000,939.8499755859375
2013-05-03,946.9400024414062,959.5499877929688,946.9400024414062,954.4199829101562,3603910000,954.4199829101562
2013-05-06,954.9299926757812,960.219970703125,954.8699951171875,959.7999877929688,3062240000,959.7999877929688
2013-05-07,961.1799926757812,967.8200073242188,958.8499755859375,967.8200073242188,3309580000,967.8200073242188
2013-05-08,965.9000244140625,970.4099731445312,963.7899780273438,970.4099731445312,3554700000,970.4099731445312
2013-05-09,969.760009765625,970.4600219726562,964.8400268554688,966.260009765625,3457400000,966.260009765625
2013-05-10,967.7000122070312,975.1599731445312,967.7000122070312,975.1599731445312,3086470000,975.1599731445312
2013-05-13,974.2100219726562,976.219970703125,971.239990234375,973.7899780273438,2910600000,973.7899780273438
2013-05-14,974.0399780273438,985.9600219726562,974.0399780273438,985.9600219726562,3457790000,985.9600219726562
2013-05-15,983.530029296875,991.5499877929688,983.0700073242188,988.5399780273438,3657440000,988.5399780273438
2013-05-16,986.97998046875,990.4400024414062,983.0800170898438,985.3400268554688,3513130000,985.3400268554688
2013-05-17,986.9299926757812,996.469970703125,986.9299926757812,996.280029296875,3440710000,996.280029296875
2013-05-20,994.2999877929688,1001.5,994.2999877929688,997.97998046875,3275080000,997.97998046875
2013-05-21,997.8200073242188,1000.5900268554688,995.2000122070312,998.780029296875,3513560000,998.780029296875
2013-05-22,999.0700073242188,1008.22998046875,977.4099731445312,982.260009765625,4361020000,982.260009765625
2013-05-23,975.2999877929688,984.2899780273438,970.6300048828125,984.280029296875,3945510000,984.280029296875
2013-05-24,980.4000244140625,984.3400268554688,973.8800048828125,984.280029296875,2758080000,984.280029296875
2013-05-28,984.25,1005.4199829101562,984.25,997.3499755859375,3457400000,997.3499755859375
2013-05-29,997.27001953125,997.27001953125,980.52001953125,986.9600219726562,3587140000,986.9600219726562
2013-05-30,988.6500244140625,995.719970703125,988.6500244140625,994.4299926757812,3498620000,994.4299926757812
2013-05-31,989.7100219726562,994.530029296875,983.7899780273438,984.1500244140625,4099600000,984.1500244140625
2013-06-03,986.25,991.8200073242188,976.0499877929688,990.530029296875,3952070000,990.530029296875
2013-06-04,990.5800170898438,994.5599975585938,975.4299926757812,981.969970703125,3653840000,981.969970703125
2013-06-05,980.1500244140625,981.4199829101562,967.6699829101562,968.1599731445312,3632350000,968.1599731445312
2013-06-06,968.2100219726562,979.4600219726562,963.8800048828125,979.4600219726562,3547380000,979.4600219726562
2013-06-07,984.0900268554688,989.0499877929688,979.8900146484375,987.6199951171875,3371990000,987.6199951171875
2013-06-10,989.6300048828125,992.6900024414062,984.7100219726562,992.6699829101562,2978730000,992.6699829101562
2013-06-11,985.2100219726562,988.8499755859375,976.3699951171875,981.4500122070312,3435710000,981.4500122070312
2013-06-12,986.0499877929688,987.9600219726562,971.4099731445312,972.3099975585938,3202550000,972.3099975585938
2013-06-13,971.75,990.8699951171875,969.7899780273438,989.6900024414062,3378620000,989.6900024414062
2013-06-14,989.2000122070312,990.3499755859375,979.8200073242188,981.3800048828125,2939400000,981.3800048828125
2013-06-17,987.4000244140625,991.6199951171875,982.8599853515625,987.8400268554688,3137080000,987.8400268554688
2013-06-18,988.9199829101562,1001.489990234375,988.9199829101562,999.989990234375,3120980000,999.989990234375
2013-06-19,999.5599975585938,999.77001953125,986.469970703125,986.5,3545060000,986.5
2013-06-20,977.8099975585938,977.8099975585938,957.510009765625,960.52001953125,4858850000,960.52001953125
2013-06-21,962.75,965.22998046875,951.4500122070312,963.6799926757812,5797280000,963.6799926757812
2013-06-24,956.9299926757812,958.3800048828125,942.7899780273438,951.0499877929688,4733660000,951.0499877929688
2013-06-25,956.9500122070312,962.0999755859375,954.0399780273438,961.260009765625,3761170000,961.260009765625
2013-06-26,961.3599853515625,968.6799926757812,961.3599853515625,963.8300170898438,3558340000,963.8300170898438
2013-06-27,968.9500122070312,980.5900268554688,968.9500122070312,979.9199829101562,3364540000,979.9199829101562
2013-06-28,977.739990234375,982.4400024414062,974.719970703125,977.47998046875,4977190000,977.47998046875
2013-07-01,981.2999877929688,993.5999755859375,981.2999877929688,989.8400268554688,3104690000,989.8400268554688
2013-07-02,989.219970703125,995.5499877929688,982.969970703125,989.469970703125,3317130000,989.469970703125
2013-07-03,985.9400024414062,993.1400146484375,984.7100219726562,991.1300048828125,1966050000,991.1300048828125
2013-07-05,1000.5800170898438,1005.3900146484375,991.6799926757812,1005.3900146484375,2634140000,1005.3900146484375
2013-07-08,1007.7000122070312,1011.0999755859375,1007.1699829101562,1009.25,3514590000,1009.25
2013-07-09,1012.5800170898438,1018.9299926757812,1010.8300170898438,1018.0499877929688,3155360000,1018.0499877929688
2013-07-10,1017.6900024414062,1020.989990234375,1015.489990234375,1020.4199829101562,3011010000,1020.4199829101562
2013-07-11,1028.3699951171875,1033.3399658203125,1027.8399658203125,1033.1800537109375,3446340000,1033.1800537109375
2013-07-12,1032.6400146484375,1038.27001953125,1032.47998046875,1036.52001953125,3039070000,1036.52001953125
2013-07-15,1038.199951171875,1043.9200439453125,1036.9000244140625,1043.300048828125,2623200000,1043.300048828125
2013-07-16,1043.5899658203125,1043.5899658203125,1036.3800048828125,1038.75,3081710000,1038.75
2013-07-17,1041.8199462890625,1046.1300048828125,1040.56005859375,1042.530029296875,3153440000,1042.530029296875
2013-07-18,1044.47998046875,1052.4599609375,1044.47998046875,1050.27001953125,3452370000,1050.27001953125
2013-07-19,1048.0400390625,1050.5,1046.0799560546875,1050.47998046875,3302580000,1050.47998046875
2013-07-22,1049.530029296875,1054.6800537109375,1049.239990234375,1053.4100341796875,2779130000,1053.4100341796875
2013-07-23,1055.7900390625,1056.8599853515625,1050.8699951171875,1052.199951171875,3096180000,1052.199951171875
2013-07-24,1052.1800537109375,1055.8499755859375,1042.3800048828125,1043.8299560546875,3336120000,1043.8299560546875
2013-07-25,1041.8399658203125,1054.18994140625,1040.7900390625,1054.1800537109375,3322500000,1054.1800537109375
2013-07-26,1047.3800048828125,1048.510009765625,1042.239990234375,1048.510009765625,2762770000,1048.510009765625
2013-07-29,1047.1300048828125,1048.780029296875,1038.9300537109375,1040.6600341796875,2840520000,1040.6600341796875
2013-07-30,1041.8800048828125,1045.8299560546875,1039.9200439453125,1043.510009765625,3320530000,1043.510009765625
2013-07-31,1043.5,1053.510009765625,1043.5,1045.260009765625,3847390000,1045.260009765625
2013-08-01,1051.22998046875,1060.9599609375,1051.22998046875,1059.8800048828125,3775170000,1059.8800048828125
2013-08-02,1058.27001953125,1060.0699462890625,1053.699951171875,1059.8599853515625,3136630000,1059.8599853515625
2013-08-05,1059.0899658203125,1063.52001953125,1057.719970703125,1063.010009765625,2529300000,1063.010009765625
2013-08-06,1061.0699462890625,1061.0699462890625,1050.0799560546875,1052.1400146484375,3141210000,1052.1400146484375
2013-08-07,1052.0999755859375,1052.0999755859375,1042.6500244140625,1044.3399658203125,3010230000,1044.3399658203125
2013-08-08,1049.3900146484375,1051.8199462890625,1044.3800048828125,1049.469970703125,3271660000,1049.469970703125
2013-08-09,1047.97998046875,1051.510009765625,1043.8199462890625,1048.4000244140625,2957670000,1048.4000244140625
2013-08-12,1043.5899658203125,1053.6700439453125,1042.7900390625,1053.6700439453125,2789160000,1053.6700439453125
2013-08-13,1054.6300048828125,1054.760009765625,1046.4200439453125,1051.989990234375,3035560000,1051.989990234375
2013-08-14,1051.5999755859375,1052.699951171875,1047.719970703125,1047.800048828125,2871430000,1047.800048828125
2013-08-15,1039.0999755859375,1039.0999755859375,1026.719970703125,1027.6099853515625,3426690000,1027.6099853515625
2013-08-16,1024.1400146484375,1030.8299560546875,1023.4600219726562,1024.300048828125,3211450000,1024.300048828125
2013-08-19,1024.0,1024.6099853515625,1013.22998046875,1013.25,2904530000,1013.25
2013-08-20,1014.5499877929688,1029.5,1014.5499877929688,1028.5699462890625,2994090000,1028.5699462890625
2013-08-21,1025.47998046875,1030.5699462890625,1018.8499755859375,1021.5800170898438,2932180000,1021.5800170898438
2013-08-22,1024.030029296875,1036.280029296875,1024.030029296875,1036.199951171875,2537460000,1036.199951171875
2013-08-23,1036.9100341796875,1038.8499755859375,1032.6500244140625,1038.239990234375,2582670000,1038.239990234375
2013-08-26,1038.22998046875,1044.6600341796875,1036.02001953125,1038.469970703125,2430670000,1038.469970703125
2013-08-27,1036.300048828125,1036.300048828125,1013.1099853515625,1013.489990234375,3219190000,1013.489990234375
2013-08-28,1013.4000244140625,1020.25,1012.9500122070312,1016.5,2784010000,1016.5
2013-08-29,1016.4299926757812,1029.050048828125,1015.5900268554688,1026.93994140625,2527550000,1026.93994140625
2013-08-30,1025.9000244140625,1025.9000244140625,1009.4600219726562,1010.9000244140625,2734300000,1010.9000244140625
2013-09-03,1019.47998046875,1026.8399658203125,1009.0,1016.260009765625,3731610000,1016.260009765625
2013-09-04,1016.8699951171875,1025.6099853515625,1015.6900024414062,1025.5799560546875,3312150000,1025.5799560546875
2013-09-05,1026.56005859375,1031.1500244140625,1026.1099853515625,1028.68994140625,2957110000,1028.68994140625
2013-09-06,1028.6600341796875,1034.77001953125,1015.719970703125,1029.550048828125,3123880000,1029.550048828125
2013-09-09,1032.31005859375,1046.0799560546875,1032.31005859375,1046.0799560546875,3102780000,1046.0799560546875
2013-09-10,1049.760009765625,1055.760009765625,1049.1800537109375,1055.719970703125,3691800000,1055.719970703125
2013-09-11,1054.4599609375,1057.56005859375,1051.469970703125,1055.3399658203125,3135460000,1055.3399658203125
2013-09-12,1055.1700439453125,1055.31005859375,1048.47998046875,1048.47998046875,3106290000,1048.47998046875
2013-09-13,1048.469970703125,1053.97998046875,1047.6600341796875,1053.97998046875,2736500000,1053.97998046875
2013-09-16,1053.9599609375,1065.25,1053.9599609375,1056.25,3079800000,1056.25
2013-09-17,1055.8299560546875,1066.3900146484375,1055.800048828125,1066.3900146484375,2774240000,1066.3900146484375
2013-09-18,1066.3399658203125,1080.489990234375,1058.8199462890625,1076.969970703125,3989760000,1076.969970703125
2013-09-19,1078.8800048828125,1079.760009765625,1072.6099853515625,1075.27001953125,3740130000,1075.27001953125
2013-09-20,1076.47998046875,1078.199951171875,1071.8599853515625,1072.8299560546875,5074030000,1072.8299560546875
2013-09-23,1072.300048828125,1073.5899658203125,1063.9000244140625,1072.1300048828125,3126950000,1072.1300048828125
2013-09-24,1072.5400390625,1081.9100341796875,1066.93994140625,1074.6800537109375,3268930000,1074.6800537109375
2013-09-25,1075.8900146484375,1082.0,1072.5799560546875,1073.510009765625,3148730000,1073.510009765625
2013-09-26,1075.0999755859375,1081.3199462890625,1073.1199951171875,1078.4100341796875,2813930000,1078.4100341796875
2013-09-27,1078.3699951171875,1078.3699951171875,1070.8499755859375,1074.18994140625,2951700000,1074.18994140625
2013-09-30,1065.6700439453125,1075.489990234375,1061.7900390625,1073.7900390625,3308630000,1073.7900390625
2013-10-01,1073.68994140625,1087.780029296875,1073.469970703125,1087.4300537109375,3238690000,1087.4300537109375
2013-10-02,1087.3900146484375,1087.3900146484375,1077.9000244140625,1082.550048828125,3148600000,1082.550048828125
2013-10-03,1081.18994140625,1081.7900390625,1064.8699951171875,1070.9000244140625,3279650000,1070.9000244140625
2013-10-04,1069.6400146484375,1080.739990234375,1069.6400146484375,1078.25,2880270000,1078.25
2013-10-07,1071.239990234375,1073.4200439453125,1065.780029296875,1065.7900390625,2678490000,1065.7900390625
2013-10-08,1066.1600341796875,1067.2099609375,1047.260009765625,1047.260009765625,3569230000,1047.260009765625
2013-10-09,1050.02001953125,1050.0799560546875,1037.8599853515625,1043.4599609375,3577840000,1043.4599609375
2013-10-10,1052.5,1069.77001953125,1052.5,1069.5,3345660000,1069.5
2013-10-11,1066.0899658203125,1084.3199462890625,1065.81005859375,1084.31005859375,2944670000,1084.31005859375
2013-10-14,1078.72998046875,1090.300048828125,1076.489990234375,1090.300048828125,2580580000,1090.300048828125
2013-10-15,1088.050048828125,1088.530029296875,1077.68994140625,1079.6199951171875,3327740000,1079.6199951171875
2013-10-16,1085.010009765625,1092.9100341796875,1085.010009765625,1092.4200439453125,3483180000,1092.4200439453125
2013-10-17,1088.989990234375,1102.280029296875,1088.6099853515625,1102.27001953125,3453590000,1102.27001953125
2013-10-18,1109.300048828125,1115.0400390625,1105.9100341796875,1114.77001953125,3664890000,1114.77001953125
2013-10-21,1115.6600341796875,1117.3199462890625,1110.8399658203125,1112.47998046875,3052710000,1112.47998046875
2013-10-22,1115.4200439453125,1121.530029296875,1111.9300537109375,1115.6300048828125,3850840000,1115.6300048828125
2013-10-23,1111.489990234375,1112.0899658203125,1105.3499755859375,1110.9300537109375,3713380000,1110.9300537109375
2013-10-24,1112.68994140625,1120.0,1111.6800537109375,1118.8499755859375,3671700000,1118.8499755859375
2013-10-25,1121.0999755859375,1121.9200439453125,1114.25,1118.3399658203125,3175720000,1118.3399658203125
2013-10-28,1118.3299560546875,1119.56005859375,1113.02001953125,1117.969970703125,3282300000,1117.969970703125
2013-10-29,1118.8599853515625,1122.6400146484375,1114.780029296875,1121.0699462890625,3358460000,1121.0699462890625
2013-10-30,1122.81005859375,1123.260009765625,1104.1500244140625,1105.5,3523040000,1105.5
2013-10-31,1106.0899658203125,1108.5999755859375,1097.8399658203125,1100.1500244140625,3826530000,1100.1500244140625
2013-11-01,1099.0899658203125,1101.300048828125,1087.0899658203125,1095.6700439453125,3686290000,1095.6700439453125
2013-11-04,1098.6199951171875,1108.8599853515625,1098.3499755859375,1108.280029296875,3194870000,1108.280029296875
2013-11-05,1105.22998046875,1106.0899658203125,1097.43994140625,1103.5899658203125,3516680000,1103.5899658203125
2013-11-06,1108.75,1109.8299560546875,1097.199951171875,1098.6300048828125,3322100000,1098.6300048828125
2013-11-07,1102.3399658203125,1103.77001953125,1079.0799560546875,1079.0899658203125,4024730000,1079.0899658203125
2013-11-08,1079.949951171875,1101.18994140625,1079.949951171875,1099.969970703125,3837170000,1099.969970703125
2013-11-11,1099.760009765625,1102.8599853515625,1096.3299560546875,1101.5,2534060000,1101.5
2013-11-12,1099.260009765625,1101.52001953125,1095.3599853515625,1101.469970703125,3221030000,1101.469970703125
2013-11-13,1096.5400390625,1112.219970703125,1095.68994140625,1112.1800537109375,3327480000,1112.1800537109375
2013-11-14,1111.4100341796875,1112.219970703125,1105.5699462890625,1111.43994140625,3139060000,1111.43994140625
2013-11-15,1111.3900146484375,1116.31005859375,1109.719970703125,1116.199951171875,3254820000,1116.199951171875
2013-11-18,1118.4000244140625,1119.97998046875,1105.219970703125,1107.2900390625,3168520000,1107.2900390625
2013-11-19,1107.300048828125,1112.3900146484375,1097.530029296875,1101.3800048828125,3224450000,1101.3800048828125
2013-11-20,1104.0400390625,1107.699951171875,1096.4599609375,1099.7900390625,3109140000,1099.7900390625
2013-11-21,1103.3800048828125,1119.6700439453125,1103.3800048828125,1119.6199951171875,3256630000,1119.6199951171875
2013-11-22,1120.9100341796875,1125.6400146484375,1117.56005859375,1124.9200439453125,3055140000,1124.9200439453125
2013-11-25,1126.8499755859375,1128.52001953125,1123.0999755859375,1124.719970703125,2998540000,1124.719970703125
2013-11-26,1125.449951171875,1136.239990234375,1124.97998046875,1134.530029296875,3427120000,1134.530029296875
2013-11-27,1135.6300048828125,1141.5,1134.1300048828125,1141.3299560546875,2613590000,1141.3299560546875
2013-11-29,1145.8299560546875,1147.0,1142.52001953125,1142.8900146484375,1598300000,1142.8900146484375
2013-12-02,1142.300048828125,1142.300048828125,1127.719970703125,1129.1199951171875,3095430000,1129.1199951171875
2013-12-03,1125.949951171875,1130.969970703125,1119.6800537109375,1123.780029296875,3475680000,1123.780029296875
2013-12-04,1123.7900390625,1128.969970703125,1111.6300048828125,1121.3800048828125,3610540000,1121.3800048828125
2013-12-05,1120.800048828125,1125.6099853515625,1119.760009765625,1122.469970703125,3336880000,1122.469970703125
2013-12-06,1122.47998046875,1135.8800048828125,1122.47998046875,1131.3800048828125,3150030000,1131.3800048828125
2013-12-09,1132.9000244140625,1134.1800537109375,1126.3800048828125,1129.4599609375,3129500000,1129.4599609375
2013-12-10,1128.02001953125,1131.260009765625,1119.3299560546875,1119.68994140625,3117150000,1119.68994140625
2013-12-11,1119.8199462890625,1120.9200439453125,1099.739990234375,1101.5,3472240000,1101.5
2013-12-12,1101.4000244140625,1107.1800537109375,1099.6700439453125,1103.27001953125,3306640000,1103.27001953125
2013-12-13,1105.989990234375,1109.510009765625,1100.77001953125,1107.050048828125,3061070000,1107.050048828125
2013-12-16,1110.5799560546875,1120.1700439453125,1110.4300537109375,1119.8499755859375,3209890000,1119.8499755859375
2013-12-17,1119.4000244140625,1120.260009765625,1112.6099853515625,1118.8900146484375,3270030000,1118.8900146484375
2013-12-18,1120.1500244140625,1133.760009765625,1112.030029296875,1133.719970703125,4327770000,1133.719970703125
2013-12-19,1131.22998046875,1131.6700439453125,1124.9300537109375,1125.449951171875,3497210000,1125.449951171875
2013-12-20,1127.8499755859375,1147.1199951171875,1127.6500244140625,1146.469970703125,5097700000,1146.469970703125
2013-12-23,1151.3900146484375,1157.3399658203125,1151.0400390625,1157.219970703125,2851540000,1157.219970703125
2013-12-24,1157.6500244140625,1163.6700439453125,1157.43994140625,1161.800048828125,1307630000,1161.800048828125
2013-12-26,1161.8499755859375,1167.9599609375,1161.4100341796875,1162.6500244140625,1982270000,1162.6500244140625
2013-12-27,1165.3900146484375,1165.8499755859375,1157.72998046875,1161.0899658203125,2052920000,1161.0899658203125
2013-12-30,1160.6300048828125,1162.5999755859375,1158.8599853515625,1160.5899658203125,2293860000,1160.5899658203125
2013-12-31,1160.6400146484375,1165.6400146484375,1160.6400146484375,1163.6400146484375,2312840000,1163.6400146484375
2014-01-02,1160.5,1160.5,1146.5999755859375,1150.719970703125,3080600000,1150.719970703125
2014-01-03,1151.760009765625,1157.760009765625,1151.219970703125,1156.0899658203125,2774270000,1156.0899658203125
2014-01-06,1159.27001953125,1159.8499755859375,1146.969970703125,1147.1600341796875,3294850000,1147.1600341796875
2014-01-07,1150.8599853515625,1160.02001953125,1150.8599853515625,1157.6300048828125,3511750000,1157.6300048828125
2014-01-08,1159.1800537109375,1159.3699951171875,1151.969970703125,1157.4599609375,3652140000,1157.4599609375
2014-01-09,1161.260009765625,1163.8800048828125,1152.1700439453125,1158.3499755859375,3581150000,1158.3499755859375
2014-01-10,1160.1700439453125,1164.530029296875,1154.8900146484375,1164.530029296875,3335710000,1164.530029296875
2014-01-13,1162.93994140625,1164.1199951171875,1142.3800048828125,1148.0899658203125,3591350000,1148.0899658203125
2014-01-14,1151.72998046875,1163.4300537109375,1151.0,1163.4300537109375,3353270000,1163.4300537109375
2014-01-15,1165.989990234375,1171.969970703125,1165.989990234375,1171.3499755859375,3777800000,1171.3499755859375
2014-01-16,1172.7099609375,1173.1300048828125,1168.699951171875,1173.1300048828125,3491310000,1173.1300048828125
2014-01-17,1172.0899658203125,1173.3699951171875,1166.760009765625,1168.4300537109375,3626120000,1168.4300537109375
2014-01-21,1175.050048828125,1177.1099853515625,1168.280029296875,1175.719970703125,3782470000,1175.719970703125
2014-01-22,1177.300048828125,1182.0400390625,1175.2900390625,1181.2900390625,3374170000,1181.2900390625
2014-01-23,1181.3399658203125,1181.3399658203125,1166.6700439453125,1172.4000244140625,3972250000,1172.4000244140625
2014-01-24,1164.77001953125,1164.77001953125,1141.800048828125,1144.1300048828125,4618450000,1144.1300048828125
2014-01-27,1147.3900146484375,1147.4300537109375,1121.1199951171875,1127.72998046875,4045200000,1127.72998046875
2014-01-28,1128.8699951171875,1138.239990234375,1128.6500244140625,1138.239990234375,3437830000,1138.239990234375
2014-01-29,1129.5,1134.1800537109375,1119.800048828125,1122.449951171875,3964020000,1122.449951171875
2014-01-30,1130.3499755859375,1144.5400390625,1130.3499755859375,1139.3599853515625,3547510000,1139.3599853515625
2014-01-31,1127.1500244140625,1137.969970703125,1124.6700439453125,1130.8800048828125,4059690000,1130.8800048828125
2014-02-03,1130.0999755859375,1130.75,1091.1700439453125,1094.5799560546875,4726040000,1094.5799560546875
2014-02-04,1099.68994140625,1107.6199951171875,1094.449951171875,1102.8399658203125,4068410000,1102.8399658203125
2014-02-05,1097.6300048828125,1098.6700439453125,1082.719970703125,1093.5899658203125,3984290000,1093.5899658203125
2014-02-06,1095.6500244140625,1107.43994140625,1095.6300048828125,1103.9300537109375,3825410000,1103.9300537109375
2014-02-07,1107.300048828125,1116.6199951171875,1104.9100341796875,1116.550048828125,3775990000,1116.550048828125
2014-02-10,1116.5799560546875,1118.8900146484375,1109.1099853515625,1118.72998046875,3312160000,1118.72998046875
2014-02-11,1119.81005859375,1131.010009765625,1118.1500244140625,1129.1600341796875,3699380000,1129.1600341796875
2014-02-12,1130.1800537109375,1137.43994140625,1129.050048828125,1132.5400390625,3326380000,1132.5400390625
2014-02-13,1125.6500244140625,1147.800048828125,1124.4000244140625,1147.7900390625,3289510000,1147.7900390625
2014-02-14,1148.3199462890625,1149.9000244140625,1142.6700439453125,1149.2099609375,3114750000,1149.2099609375
2014-02-18,1151.8900146484375,1162.22998046875,1151.1500244140625,1161.47998046875,3421110000,1161.47998046875
2014-02-19,1158.3299560546875,1163.9599609375,1148.7099609375,1149.0699462890625,3661570000,1149.0699462890625
2014-02-20,1150.239990234375,1163.02001953125,1148.6600341796875,1162.1199951171875,3404980000,1162.1199951171875
2014-02-21,1166.25,1168.4300537109375,1163.510009765625,1164.6300048828125,3403880000,1164.6300048828125
2014-02-24,1166.739990234375,1180.2900390625,1166.739990234375,1174.550048828125,4014530000,1174.550048828125
2014-02-25,1176.0,1179.3399658203125,1171.1700439453125,1173.949951171875,3515560000,1173.949951171875
2014-02-26,1176.1099853515625,1188.06005859375,1173.9100341796875,1181.719970703125,3716730000,1181.719970703125
2014-02-27,1179.280029296875,1187.93994140625,1176.6400146484375,1187.93994140625,3547460000,1187.93994140625
2014-02-28,1189.18994140625,1193.5,1177.199951171875,1183.030029296875,3917450000,1183.030029296875
2014-03-03,1174.22998046875,1179.6199951171875,1164.77001953125,1176.3599853515625,3428220000,1176.3599853515625
2014-03-04,1187.280029296875,1212.8199462890625,1187.280029296875,1208.6500244140625,3765770000,1208.6500244140625
2014-03-05,1207.2900390625,1207.4100341796875,1203.06005859375,1205.9100341796875,3392990000,1205.9100341796875
2014-03-06,1207.9000244140625,1208.800048828125,1202.0699462890625,1204.5400390625,3360450000,1204.5400390625
2014-03-07,1209.8499755859375,1210.5799560546875,1199.06005859375,1203.3199462890625,3564740000,1203.3199462890625
2014-03-10,1201.56005859375,1202.2900390625,1193.239990234375,1200.5400390625,3021350000,1200.5400390625
2014-03-11,1201.550048828125,1204.3900146484375,1183.4300537109375,1187.050048828125,3392400000,1187.050048828125
2014-03-12,1181.2900390625,1191.3699951171875,1177.47998046875,1191.3699951171875,3270860000,1191.3699951171875
2014-03-13,1194.9300537109375,1195.8800048828125,1171.8699951171875,1176.739990234375,3670990000,1176.739990234375
2014-03-14,1173.239990234375,1184.550048828125,1173.22998046875,1181.4100341796875,3285460000,1181.4100341796875
2014-03-17,1187.1199951171875,1196.25,1186.75,1188.22998046875,2860490000,1188.22998046875
2014-03-18,1189.27001953125,1205.0400390625,1189.27001953125,1205.0400390625,2930190000,1205.0400390625
2014-03-19,1204.81005859375,1205.3599853515625,1189.56005859375,1195.6600341796875,3289210000,1195.6600341796875
2014-03-20,1193.3699951171875,1200.9100341796875,1190.0799560546875,1198.969970703125,3327540000,1198.969970703125
2014-03-21,1203.1600341796875,1208.1400146484375,1192.800048828125,1193.72998046875,5270710000,1193.72998046875
2014-03-24,1196.02001953125,1196.699951171875,1169.510009765625,1178.22998046875,3409000000,1178.22998046875
2014-03-25,1183.8399658203125,1190.780029296875,1171.949951171875,1178.050048828125,3200560000,1178.050048828125
2014-03-26,1184.2099609375,1185.2900390625,1155.489990234375,1155.489990234375,3480850000,1155.489990234375
2014-03-27,1155.050048828125,1161.0899658203125,1146.8299560546875,1151.43994140625,3733430000,1151.43994140625
2014-03-28,1151.9599609375,1167.52001953125,1149.6099853515625,1151.81005859375,2955520000,1151.81005859375
2014-03-31,1158.1099853515625,1174.6199951171875,1156.6700439453125,1173.0400390625,3274300000,1173.0400390625
2014-04-01,1175.469970703125,1189.1300048828125,1175.469970703125,1188.699951171875,3336190000,1188.699951171875
2014-04-02,1190.7900390625,1192.9100341796875,1187.52001953125,1192.81005859375,3131660000,1192.81005859375
2014-04-03,1193.43994140625,1193.9599609375,1176.699951171875,1181.1199951171875,3055600000,1181.1199951171875
2014-04-04,1187.6600341796875,1189.25,1150.4100341796875,1153.3800048828125,3583750000,1153.3800048828125
2014-04-07,1150.3499755859375,1150.449951171875,1130.0400390625,1135.780029296875,3801540000,1135.780029296875
2014-04-08,1136.8699951171875,1149.0,1131.27001953125,1144.239990234375,3721450000,1144.239990234375
2014-04-09,1148.010009765625,1160.4200439453125,1144.77001953125,1159.9599609375,3308650000,1159.9599609375
2014-04-10,1159.27001953125,1159.800048828125,1123.6800537109375,1127.6600341796875,3758780000,1127.6600341796875
2014-04-11,1119.530029296875,1128.9599609375,1107.9300537109375,1111.43994140625,3743460000,1111.43994140625
2014-04-14,1120.81005859375,1126.31005859375,1105.56005859375,1115.3499755859375,3111540000,1115.3499755859375
2014-04-15,1117.9000244140625,1123.77001953125,1095.7900390625,1119.489990234375,3736440000,1119.489990234375
2014-04-16,1126.4599609375,1132.1099853515625,1121.8599853515625,1131.77001953125,3155080000,1131.77001953125
2014-04-17,1130.27001953125,1141.1099853515625,1127.050048828125,1137.9000244140625,3341430000,1137.9000244140625
2014-04-21,1139.5899658203125,1142.3900146484375,1132.219970703125,1142.31005859375,2642500000,1142.31005859375
2014-04-22,1143.3599853515625,1157.8699951171875,1143.3599853515625,1155.6099853515625,3215440000,1155.6099853515625
2014-04-23,1155.050048828125,1155.4200439453125,1146.8399658203125,1147.0799560546875,3085720000,1147.0799560546875
2014-04-24,1152.6400146484375,1152.8199462890625,1136.4300537109375,1144.3499755859375,3191830000,1144.3499755859375
2014-04-25,1139.010009765625,1139.010009765625,1120.97998046875,1123.030029296875,3213020000,1123.030029296875
2014-04-28,1127.1800537109375,1131.6700439453125,1102.260009765625,1117.06005859375,4034680000,1117.06005859375
2014-04-29,1122.0400390625,1126.4599609375,1118.4200439453125,1120.8299560546875,3647820000,1120.8299560546875
2014-04-30,1118.4599609375,1126.9599609375,1109.3699951171875,1126.8599853515625,3779230000,1126.8599853515625
2014-05-01,1126.0400390625,1133.72998046875,1114.2900390625,1125.969970703125,3416740000,1125.969970703125
2014-05-02,1127.02001953125,1137.800048828125,1126.3900146484375,1128.800048828125,3159560000,1128.800048828125
2014-05-05,1122.219970703125,1127.989990234375,1115.0999755859375,1126.300048828125,2733730000,1126.300048828125
2014-05-06,1121.949951171875,1124.050048828125,1108.010009765625,1108.010009765625,3327260000,1108.010009765625
2014-05-07,1109.6099853515625,1110.8499755859375,1093.280029296875,1108.550048828125,3632950000,1108.550048828125
2014-05-08,1107.6099853515625,1119.7900390625,1095.510009765625,1097.4300537109375,3393420000,1097.4300537109375
2014-05-09,1092.4000244140625,1107.3800048828125,1091.5,1107.219970703125,3025020000,1107.219970703125
2014-05-12,1111.68994140625,1136.949951171875,1111.68994140625,1133.6500244140625,3005740000,1133.6500244140625
2014-05-13,1132.77001953125,1134.449951171875,1121.030029296875,1121.1600341796875,2915680000,1121.1600341796875
2014-05-14,1120.030029296875,1120.030029296875,1102.06005859375,1103.1400146484375,2822060000,1103.1400146484375
2014-05-15,1099.18994140625,1099.18994140625,1082.530029296875,1095.989990234375,3552640000,1095.989990234375
2014-05-16,1095.1800537109375,1102.9100341796875,1088.56005859375,1102.9100341796875,3173650000,1102.9100341796875
2014-05-19,1100.5799560546875,1116.0400390625,1099.6199951171875,1114.4300537109375,2664250000,1114.4300537109375
2014-05-20,1112.0799560546875,1112.0799560546875,1092.0,1097.9000244140625,3007700000,1097.9000244140625
2014-05-21,1101.3699951171875,1107.260009765625,1093.6700439453125,1103.6300048828125,2777140000,1103.6300048828125
2014-05-22,1105.449951171875,1116.6099853515625,1105.1500244140625,1113.8699951171875,2759800000,1113.8699951171875
2014-05-23,1115.300048828125,1126.199951171875,1113.75,1126.18994140625,2396280000,1126.18994140625
2014-05-27,1132.4300537109375,1144.0999755859375,1132.4300537109375,1142.199951171875,2911020000,1142.199951171875
2014-05-28,1140.8399658203125,1140.8399658203125,1132.949951171875,1136.6800537109375,2976450000,1136.6800537109375
2014-05-29,1140.0899658203125,1141.3499755859375,1134.780029296875,1140.0699462890625,2709050000,1140.0699462890625
2014-05-30,1141.72998046875,1141.72998046875,1130.800048828125,1134.5,3263490000,1134.5
2014-06-02,1136.3699951171875,1136.8199462890625,1121.050048828125,1128.9000244140625,2509020000,1128.9000244140625
2014-06-03,1125.22998046875,1129.260009765625,1118.6600341796875,1126.1500244140625,2867180000,1126.1500244140625
2014-06-04,1122.9100341796875,1131.75,1119.8599853515625,1131.219970703125,2793920000,1131.219970703125
2014-06-05,1133.780029296875,1153.93994140625,1128.4000244140625,1153.93994140625,3113270000,1153.93994140625
2014-06-06,1158.68994140625,1167.5400390625,1158.3900146484375,1165.2099609375,2864300000,1165.2099609375
2014-06-09,1166.280029296875,1179.8399658203125,1166.1400146484375,1175.8800048828125,2812180000,1175.8800048828125
2014-06-10,1173.1199951171875,1173.8399658203125,1166.9000244140625,1172.7099609375,2702360000,1172.7099609375
2014-06-11,1167.68994140625,1168.989990234375,1161.4300537109375,1166.7099609375,2710620000,1166.7099609375
2014-06-12,1165.27001953125,1165.3699951171875,1156.0699462890625,1159.4000244140625,3040480000,1159.4000244140625
2014-06-13,1162.5899658203125,1164.0899658203125,1154.3299560546875,1162.6800537109375,2598230000,1162.6800537109375
2014-06-16,1162.02001953125,1166.9300537109375,1158.0999755859375,1166.8199462890625,2926130000,1166.8199462890625
2014-06-17,1165.6400146484375,1179.2900390625,1163.6700439453125,1176.6199951171875,2971260000,1176.6199951171875
2014-06-18,1176.6400146484375,1183.3800048828125,1172.030029296875,1183.1300048828125,3065220000,1183.1300048828125
2014-06-19,1185.8800048828125,1186.780029296875,1177.800048828125,1184.030029296875,2952150000,1184.030029296875
2014-06-20,1186.1300048828125,1188.52001953125,1182.050048828125,1188.4300537109375,4336240000,1188.4300537109375
2014-06-23,1189.469970703125,1190.31005859375,1183.1600341796875,1184.949951171875,2717630000,1184.949951171875
2014-06-24,1182.9599609375,1193.5999755859375,1172.97998046875,1173.239990234375,3089700000,1173.239990234375
2014-06-25,1168.739990234375,1182.75,1168.530029296875,1182.6800537109375,3106710000,1182.6800537109375
2014-06-26,1182.6099853515625,1182.7900390625,1172.9100341796875,1180.7099609375,2778840000,1180.7099609375
2014-06-27,1175.25,1189.5,1175.02001953125,1189.5,4290590000,1189.5
2014-06-30,1188.4100341796875,1193.4000244140625,1185.239990234375,1192.9599609375,3037350000,1192.9599609375
2014-07-01,1196.22998046875,1213.550048828125,1196.1300048828125,1205.949951171875,3188240000,1205.949951171875
2014-07-02,1204.780029296875,1207.3699951171875,1198.5799560546875,1199.5,2851480000,1199.5
2014-07-03,1203.469970703125,1208.1500244140625,1203.4300537109375,1208.1500244140625,1998090000,1208.1500244140625
2014-07-07,1204.6400146484375,1204.6500244140625,1186.5699462890625,1186.739990234375,2681260000,1186.739990234375
2014-07-08,1184.719970703125,1184.719970703125,1166.969970703125,1172.1500244140625,3302430000,1172.1500244140625
2014-07-09,1174.8699951171875,1177.3699951171875,1170.1300048828125,1173.81005859375,2858800000,1173.81005859375
2014-07-10,1158.5899658203125,1168.219970703125,1151.1199951171875,1161.8599853515625,3165690000,1161.8599853515625
2014-07-11,1160.1199951171875,1161.760009765625,1155.199951171875,1159.9300537109375,2684630000,1159.9300537109375
2014-07-14,1168.0,1169.550048828125,1163.8499755859375,1167.2099609375,2744920000,1167.2099609375
2014-07-15,1165.5400390625,1167.449951171875,1148.72998046875,1153.81005859375,3328740000,1153.81005859375
2014-07-16,1159.300048828125,1159.9599609375,1148.1800537109375,1151.550048828125,3390950000,1151.550048828125
2014-07-17,1146.9599609375,1150.47998046875,1131.4200439453125,1133.5999755859375,3381680000,1133.5999755859375
2014-07-18,1131.9200439453125,1152.02001953125,1131.8299560546875,1151.6099853515625,3106060000,1151.6099853515625
2014-07-21,1146.3900146484375,1148.0799560546875,1140.050048828125,1146.6600341796875,2611160000,1146.6600341796875
2014-07-22,1151.4599609375,1160.239990234375,1151.4599609375,1156.1500244140625,2890480000,1156.1500244140625
2014-07-23,1157.43994140625,1161.989990234375,1155.760009765625,1158.1099853515625,2869720000,1158.1099853515625
2014-07-24,1159.699951171875,1163.6600341796875,1153.5899658203125,1156.260009765625,3203530000,1156.260009765625
2014-07-25,1149.780029296875,1149.780029296875,1141.8399658203125,1144.719970703125,2638960000,1144.719970703125
2014-07-28,1145.1800537109375,1145.1800537109375,1132.1600341796875,1139.5,2803320000,1139.5
2014-07-29,1141.6500244140625,1149.0799560546875,1140.3199462890625,1141.6400146484375,3183300000,1141.6400146484375
2014-07-30,1147.9599609375,1150.6099853515625,1142.5400390625,1146.5699462890625,3448250000,1146.5699462890625
2014-07-31,1137.260009765625,1137.260009765625,1120.06005859375,1120.0699462890625,4193000000,1120.0699462890625
2014-08-01,1120.5400390625,1123.93994140625,1107.31005859375,1114.8599853515625,3789660000,1114.8599853515625
2014-08-04,1118.4599609375,1125.5400390625,1108.27001953125,1124.8199462890625,3072920000,1124.8199462890625
2014-08-05,1119.68994140625,1129.4200439453125,1114.8699951171875,1121.56005859375,3462520000,1121.56005859375
2014-08-06,1116.0799560546875,1131.6400146484375,1114.2900390625,1125.550048828125,3539150000,1125.550048828125
2014-08-07,1127.969970703125,1131.4100341796875,1116.4300537109375,1119.760009765625,3230520000,1119.760009765625
2014-08-08,1119.8800048828125,1131.8599853515625,1118.489990234375,1131.3499755859375,2902280000,1131.3499755859375
2014-08-11,1136.47998046875,1148.8900146484375,1135.239990234375,1141.9300537109375,2784890000,1141.9300537109375
2014-08-12,1138.6300048828125,1141.280029296875,1129.1099853515625,1133.030029296875,2611700000,1133.030029296875
2014-08-13,1136.1700439453125,1143.22998046875,1135.6099853515625,1141.780029296875,2718020000,1141.780029296875
2014-08-14,1142.1300048828125,1144.1500244140625,1140.8199462890625,1143.3399658203125,2609460000,1143.3399658203125
2014-08-15,1151.31005859375,1151.6099853515625,1131.8299560546875,1141.6500244140625,3023380000,1141.6500244140625
2014-08-18,1149.4000244140625,1158.4000244140625,1149.4000244140625,1158.4000244140625,2638160000,1158.4000244140625
2014-08-19,1159.8299560546875,1164.06005859375,1159.8299560546875,1162.469970703125,2656430000,1162.469970703125
2014-08-20,1158.75,1159.219970703125,1152.77001953125,1157.510009765625,2579560000,1157.510009765625
2014-08-21,1157.219970703125,1160.969970703125,1147.449951171875,1160.030029296875,2638920000,1160.030029296875
2014-08-22,1159.3800048828125,1163.219970703125,1154.9599609375,1160.3399658203125,2301860000,1160.3399658203125
2014-08-25,1167.1300048828125,1170.68994140625,1161.800048828125,1165.219970703125,2233880000,1165.219970703125
2014-08-26,1166.18994140625,1176.1199951171875,1166.18994140625,1175.1700439453125,2451950000,1175.1700439453125
2014-08-27,1176.4000244140625,1177.0699462890625,1171.1400146484375,1172.7099609375,2344350000,1172.7099609375
2014-08-28,1168.260009765625,1169.0899658203125,1164.1099853515625,1165.949951171875,2282400000,1165.949951171875
2014-08-29,1167.5899658203125,1174.8199462890625,1164.780029296875,1174.3499755859375,2259130000,1174.3499755859375
2014-09-02,1177.2900390625,1181.3699951171875,1173.06005859375,1179.469970703125,2819980000,1179.469970703125
2014-09-03,1183.2900390625,1183.8499755859375,1170.8399658203125,1172.199951171875,2809980000,1172.199951171875
2014-09-04,1174.1700439453125,1180.6800537109375,1165.27001953125,1167.2099609375,3072410000,1167.2099609375
2014-09-05,1164.3399658203125,1170.3699951171875,1160.02001953125,1170.1300048828125,2818300000,1170.1300048828125
2014-09-08,1169.3199462890625,1174.219970703125,1166.1199951171875,1172.31005859375,2789090000,1172.31005859375
2014-09-09,1170.93994140625,1171.239990234375,1157.8499755859375,1158.5,2882830000,1158.5
2014-09-10,1158.77001953125,1165.1099853515625,1155.1099853515625,1164.989990234375,2912440000,1164.989990234375
2014-09-11,1159.5,1172.6500244140625,1158.5999755859375,1172.3399658203125,2941690000,1172.3399658203125
2014-09-12,1172.9300537109375,1172.949951171875,1157.43994140625,1160.6099853515625,3207120000,1160.6099853515625
2014-09-15,1159.97998046875,1160.06005859375,1144.4100341796875,1146.52001953125,2776530000,1146.52001953125
2014-09-16,1144.25,1152.8599853515625,1141.449951171875,1150.969970703125,3160320000,1150.969970703125
2014-09-17,1151.9599609375,1159.8499755859375,1149.9300537109375,1153.8900146484375,3209430000,1153.8900146484375
2014-09-18,1157.0799560546875,1160.300048828125,1156.0699462890625,1159.27001953125,3235340000,1159.27001953125
2014-09-19,1161.6500244140625,1163.8599853515625,1143.469970703125,1146.9200439453125,4680220000,1146.9200439453125
2014-09-22,1141.989990234375,1141.989990234375,1127.4200439453125,1129.3599853515625,3349680000,1129.3599853515625
2014-09-23,1126.510009765625,1131.6300048828125,1118.719970703125,1118.719970703125,3279360000,1118.719970703125
2014-09-24,1120.6600341796875,1129.5899658203125,1116.1300048828125,1128.31005859375,3313850000,1128.31005859375
2014-09-25,1126.0999755859375,1126.0999755859375,1107.510009765625,1110.239990234375,3273060000,1110.239990234375
2014-09-26,1111.6300048828125,1119.72998046875,1111.0400390625,1119.3299560546875,2929440000,1119.3299560546875
2014-09-29,1110.4300537109375,1120.550048828125,1107.81005859375,1117.9100341796875,3094440000,1117.9100341796875
2014-09-30,1118.219970703125,1118.699951171875,1101.6700439453125,1101.6800537109375,3951100000,1101.6800537109375
2014-10-01,1101.0799560546875,1101.18994140625,1083.0,1085.4100341796875,4188590000,1085.4100341796875
2014-10-02,1085.1400146484375,1099.4599609375,1077.9599609375,1096.3800048828125,4012510000,1096.3800048828125
2014-10-03,1105.1199951171875,1109.8699951171875,1101.510009765625,1104.739990234375,3560970000,1104.739990234375
2014-10-06,1107.3599853515625,1108.0,1093.77001953125,1094.6500244140625,3358220000,1094.6500244140625
2014-10-07,1089.300048828125,1090.9599609375,1076.31005859375,1076.31005859375,3687870000,1076.31005859375
2014-10-08,1075.2099609375,1097.699951171875,1065.75,1097.1199951171875,4441890000,1097.1199951171875
2014-10-09,1095.75,1095.93994140625,1067.8299560546875,1067.989990234375,4324020000,1067.989990234375
2014-10-10,1063.25,1074.25,1053.3199462890625,1053.3199462890625,4550540000,1053.3199462890625
2014-10-13,1054.27001953125,1066.97998046875,1046.1400146484375,1049.300048828125,4352580000,1049.300048828125
2014-10-14,1056.800048828125,1075.27001953125,1056.2900390625,1061.5999755859375,4812010000,1061.5999755859375
2014-10-15,1051.5,1075.6400146484375,1040.469970703125,1072.449951171875,6090800000,1072.449951171875
2014-10-16,1060.68994140625,1091.27001953125,1058.8199462890625,1086.1099853515625,5073150000,1086.1099853515625
2014-10-17,1085.8499755859375,1099.43994140625,1079.22998046875,1082.3299560546875,4482120000,1082.3299560546875
2014-10-20,1078.6800537109375,1094.969970703125,1078.5,1094.969970703125,3331210000,1094.969970703125
2014-10-21,1099.8800048828125,1112.8699951171875,1099.8800048828125,1112.8499755859375,3987090000,1112.8499755859375
2014-10-22,1114.9599609375,1117.1800537109375,1096.239990234375,1096.8699951171875,3761930000,1096.8699951171875
2014-10-23,1105.449951171875,1122.4200439453125,1105.449951171875,1116.489990234375,3789250000,1116.489990234375
2014-10-24,1117.949951171875,1119.1300048828125,1113.050048828125,1118.8199462890625,3078380000,1118.8199462890625
2014-10-27,1113.56005859375,1117.7099609375,1104.050048828125,1117.47998046875,3538860000,1117.47998046875
2014-10-28,1121.800048828125,1149.4599609375,1121.3399658203125,1149.449951171875,3653260000,1149.449951171875
2014-10-29,1149.4599609375,1153.4100341796875,1138.3199462890625,1146.3699951171875,3740350000,1146.3699951171875
2014-10-30,1142.449951171875,1159.1500244140625,1140.510009765625,1155.77001953125,3586150000,1155.77001953125
2014-10-31,1169.1700439453125,1174.3299560546875,1166.6600341796875,1173.510009765625,4292290000,1173.510009765625
2014-11-03,1174.5,1178.4000244140625,1166.7900390625,1170.199951171875,3555440000,1170.199951171875
2014-11-04,1166.72998046875,1170.8699951171875,1160.8900146484375,1165.4200439453125,3956260000,1165.4200439453125
2014-11-05,1171.22998046875,1172.030029296875,1163.6800537109375,1167.0699462890625,3766590000,1167.0699462890625
2014-11-06,1166.02001953125,1171.9000244140625,1163.5400390625,1171.8599853515625,3669770000,1171.8599853515625
2014-11-07,1170.0699462890625,1173.4000244140625,1165.0400390625,1173.3199462890625,3704280000,1173.3199462890625
2014-11-10,1173.8499755859375,1179.5799560546875,1172.6099853515625,1179.5699462890625,3284940000,1179.5699462890625
2014-11-11,1179.010009765625,1180.800048828125,1176.77001953125,1179.9599609375,2958320000,1179.9599609375
2014-11-12,1175.3299560546875,1187.199951171875,1174.8499755859375,1186.469970703125,3246650000,1186.469970703125
2014-11-13,1186.760009765625,1188.6700439453125,1173.969970703125,1175.4200439453125,3455270000,1175.4200439453125
2014-11-14,1175.4599609375,1177.300048828125,1171.969970703125,1173.81005859375,3227130000,1173.81005859375
2014-11-17,1171.8599853515625,1175.1800537109375,1164.1800537109375,1164.22998046875,3152890000,1164.22998046875
2014-11-18,1165.1600341796875,1176.2099609375,1165.1600341796875,1170.280029296875,3416190000,1170.280029296875
2014-11-19,1169.0400390625,1169.0799560546875,1151.97998046875,1157.68994140625,3360850000,1157.68994140625
2014-11-20,1153.530029296875,1170.8599853515625,1153.2099609375,1170.75,3128290000,1170.75
2014-11-21,1182.31005859375,1184.5,1169.6500244140625,1172.4200439453125,3916420000,1172.4200439453125
2014-11-24,1174.8299560546875,1186.9599609375,1174.8299560546875,1186.93994140625,3128060000,1186.93994140625
2014-11-25,1188.9300537109375,1191.760009765625,1182.6600341796875,1186.3299560546875,3392940000,1186.3299560546875
2014-11-26,1186.3299560546875,1190.699951171875,1185.3699951171875,1190.6199951171875,2745260000,1190.6199951171875
2014-11-28,1190.5799560546875,1190.6099853515625,1172.43994140625,1173.22998046875,2504640000,1173.22998046875
2014-12-01,1170.550048828125,1170.550048828125,1154.050048828125,1154.050048828125,4159010000,1154.050048828125
2014-12-02,1156.27001953125,1171.43994140625,1156.260009765625,1168.449951171875,3686650000,1168.449951171875
2014-12-03,1168.5400390625,1181.8900146484375,1168.030029296875,1179.010009765625,3612680000,1179.010009765625
2014-12-04,1177.77001953125,1178.010009765625,1169.22998046875,1173.010009765625,3408340000,1173.010009765625
2014-12-05,1172.75,1184.489990234375,1172.75,1182.4300537109375,3419620000,1182.4300537109375
2014-12-08,1179.9599609375,1188.22998046875,1165.9599609375,1167.2099609375,3800990000,1167.2099609375
2014-12-09,1157.3800048828125,1188.0699462890625,1153.530029296875,1188.06005859375,3970150000,1188.06005859375
2014-12-10,1183.9000244140625,1185.030029296875,1161.8599853515625,1161.8599853515625,4114440000,1161.8599853515625
2014-12-11,1166.6800537109375,1180.989990234375,1165.1300048828125,1166.9599609375,3917950000,1166.9599609375
2014-12-12,1156.68994140625,1163.6099853515625,1152.43994140625,1152.43994140625,4157650000,1152.43994140625
2014-12-15,1157.719970703125,1160.530029296875,1138.1300048828125,1140.300048828125,4361990000,1140.300048828125
2014-12-16,1136.8699951171875,1156.93994140625,1134.510009765625,1139.3699951171875,4958680000,1139.3699951171875
2014-12-17,1141.8699951171875,1174.8399658203125,1141.3399658203125,1174.8399658203125,4912370000,1174.8399658203125
2014-12-18,1185.93994140625,1192.1600341796875,1180.6099853515625,1192.1600341796875,4703380000,1192.1600341796875
2014-12-19,1191.47998046875,1198.969970703125,1187.93994140625,1195.9599609375,6465530000,1195.9599609375
2014-12-22,1196.010009765625,1201.8800048828125,1193.5699462890625,1201.8599853515625,3369520000,1201.8599853515625
2014-12-23,1205.77001953125,1207.1700439453125,1200.3800048828125,1202.43994140625,3043950000,1202.43994140625
2014-12-24,1203.780029296875,1208.780029296875,1202.5400390625,1206.780029296875,1416980000,1206.780029296875
2014-12-26,1210.8800048828125,1217.010009765625,1210.8800048828125,1215.2099609375,1735230000,1215.2099609375
2014-12-29,1214.43994140625,1220.81005859375,1214.43994140625,1219.1099853515625,2452360000,1219.1099853515625
2014-12-30,1215.9300537109375,1219.449951171875,1212.3399658203125,1213.050048828125,2440280000,1213.050048828125
2014-12-31,1215.5699462890625,1221.43994140625,1204.68994140625,1204.699951171875,2606070000,1204.699951171875
2015-01-02,1209.97998046875,1212.800048828125,1189.1600341796875,1198.800048828125,2708700000,1198.800048828125
2015-01-05,1192.3599853515625,1194.219970703125,1177.4599609375,1181.3499755859375,3799120000,1181.3499755859375
2015-01-06,1183.469970703125,1183.9100341796875,1153.4000244140625,1161.31005859375,4460110000,1161.31005859375
2015-01-07,1169.300048828125,1175.97998046875,1164.949951171875,1175.969970703125,3805480000,1175.969970703125
2015-01-08,1184.1700439453125,1196.1300048828125,1184.0799560546875,1196.1300048828125,3934010000,1196.1300048828125
2015-01-09,1196.010009765625,1196.06005859375,1183.0899658203125,1185.6800537109375,3364140000,1185.6800537109375
2015-01-12,1186.93994140625,1187.6300048828125,1173.219970703125,1180.0899658203125,3456460000,1180.0899658203125
2015-01-13,1187.52001953125,1200.52001953125,1168.4100341796875,1180.6400146484375,4107300000,1180.6400146484375
2015-01-14,1169.75,1177.97998046875,1165.06005859375,1177.06005859375,4378680000,1177.06005859375
2015-01-15,1179.719970703125,1180.8699951171875,1154.6400146484375,1154.7099609375,4276720000,1154.7099609375
2015-01-16,1151.3399658203125,1177.18994140625,1151.300048828125,1176.6500244140625,4056410000,1176.6500244140625
2015-01-20,1179.0799560546875,1179.1400146484375,1161.3299560546875,1170.25,3944340000,1170.25
2015-01-21,1167.52001953125,1174.949951171875,1162.31005859375,1166.25,3730070000,1166.25
2015-01-22,1172.5,1190.3699951171875,1161.300048828125,1190.3699951171875,4176050000,1190.3699951171875
2015-01-23,1190.260009765625,1194.1500244140625,1185.5,1188.9300537109375,3573560000,1188.9300537109375
2015-01-26,1188.9300537109375,1200.739990234375,1181.77001953125,1200.739990234375,3465760000,1200.739990234375
2015-01-27,1190.3399658203125,1199.77001953125,1186.1600341796875,1194.6600341796875,3329810000,1194.6600341796875
2015-01-28,1200.6800537109375,1201.239990234375,1172.72998046875,1175.1199951171875,4067530000,1175.1199951171875
2015-01-29,1177.1500244140625,1190.18994140625,1170.1400146484375,1190.1800537109375,4127140000,1190.1800537109375
2015-01-30,1183.3399658203125,1186.0400390625,1164.9000244140625,1165.3900146484375,4538650000,1165.3900146484375
2015-02-02,1168.5799560546875,1175.56005859375,1153.7900390625,1175.510009765625,4008330000,1175.510009765625
2015-02-03,1180.0799560546875,1197.3900146484375,1180.06005859375,1196.989990234375,4615900000,1196.989990234375
2015-02-04,1191.56005859375,1198.949951171875,1189.3399658203125,1191.43994140625,4141920000,1191.43994140625
2015-02-05,1195.5,1209.9000244140625,1195.4100341796875,1208.7099609375,3821990000,1208.7099609375
2015-02-06,1209.739990234375,1214.7099609375,1202.1600341796875,1205.4599609375,4232970000,1205.4599609375
2015-02-09,1202.260009765625,1208.280029296875,1195.3800048828125,1195.8299560546875,3549540000,1195.8299560546875
2015-02-10,1202.6099853515625,1205.1199951171875,1190.27001953125,1203.1800537109375,3669850000,1203.1800537109375
2015-02-11,1201.25,1204.43994140625,1195.280029296875,1201.550048828125,3596860000,1201.550048828125
2015-02-12,1207.5999755859375,1216.27001953125,1206.75,1216.27001953125,3788350000,1216.27001953125
2015-02-13,1218.050048828125,1223.739990234375,1214.9300537109375,1223.1300048828125,3527450000,1223.1300048828125
2015-02-17,1223.0999755859375,1227.1800537109375,1221.0400390625,1225.010009765625,3361750000,1225.010009765625
2015-02-18,1222.56005859375,1227.97998046875,1219.8399658203125,1227.949951171875,3370020000,1227.949951171875
2015-02-19,1225.0899658203125,1230.5,1222.8499755859375,1227.9100341796875,3247100000,1227.9100341796875
2015-02-20,1228.1199951171875,1231.9200439453125,1218.2900390625,1231.7900390625,3281600000,1231.7900390625
2015-02-23,1230.219970703125,1231.8399658203125,1222.6400146484375,1231.8299560546875,3093680000,1231.8299560546875
2015-02-24,1232.239990234375,1236.199951171875,1230.0699462890625,1233.97998046875,3199840000,1233.97998046875
2015-02-25,1233.239990234375,1236.8800048828125,1230.949951171875,1235.0999755859375,3312340000,1235.0999755859375
2015-02-26,1234.6700439453125,1239.219970703125,1231.699951171875,1239.1099853515625,3408690000,1239.1099853515625
2015-02-27,1238.1400146484375,1239.6700439453125,1233.260009765625,1233.3699951171875,3547380000,1233.3699951171875
2015-03-02,1233.3900146484375,1243.3299560546875,1232.6700439453125,1242.6199951171875,3409490000,1242.6199951171875
2015-03-03,1238.7900390625,1238.93994140625,1230.739990234375,1234.760009765625,3262300000,1234.760009765625
2015-03-04,1232.1500244140625,1232.6199951171875,1224.6300048828125,1230.72998046875,3421110000,1230.72998046875
2015-03-05,1232.8900146484375,1236.050048828125,1228.8499755859375,1234.31005859375,3103030000,1234.31005859375
2015-03-06,1227.8800048828125,1231.0899658203125,1216.219970703125,1217.52001953125,3853570000,1217.52001953125
2015-03-09,1220.47998046875,1225.8299560546875,1218.760009765625,1223.5899658203125,3349090000,1223.5899658203125
2015-03-10,1213.9300537109375,1213.93994140625,1206.3199462890625,1208.469970703125,3668900000,1208.469970703125
2015-03-11,1209.989990234375,1216.5,1206.1099853515625,1215.780029296875,3406570000,1215.780029296875
2015-03-12,1221.4599609375,1236.6800537109375,1221.260009765625,1236.6400146484375,3405860000,1236.6400146484375
2015-03-13,1235.5899658203125,1236.780029296875,1220.010009765625,1232.1400146484375,3498560000,1232.1400146484375
2015-03-16,1237.0799560546875,1241.1099853515625,1235.699951171875,1239.780029296875,3295600000,1239.780029296875
2015-03-17,1235.9000244140625,1243.3299560546875,1234.6600341796875,1242.22998046875,3221840000,1242.22998046875
2015-03-18,1239.8399658203125,1255.6800537109375,1235.489990234375,1252.1400146484375,4128210000,1252.1400146484375
2015-03-19,1249.260009765625,1254.8900146484375,1248.47998046875,1254.8599853515625,3305220000,1254.8599853515625
2015-03-20,1259.7099609375,1267.219970703125,1259.7099609375,1266.3699951171875,5554120000,1266.3699951171875
2015-03-23,1264.1700439453125,1268.1600341796875,1262.949951171875,1264.7099609375,3267960000,1264.7099609375
2015-03-24,1264.06005859375,1268.0799560546875,1262.4100341796875,1263.4599609375,3189820000,1263.4599609375
2015-03-25,1265.5799560546875,1265.8499755859375,1233.550048828125,1233.8499755859375,3521140000,1233.8499755859375
2015-03-26,1228.800048828125,1237.3599853515625,1225.469970703125,1231.989990234375,3510670000,1231.989990234375
2015-03-27,1231.6700439453125,1240.760009765625,1229.3800048828125,1240.4100341796875,3008550000,1240.4100341796875
2015-03-30,1246.68994140625,1258.239990234375,1246.68994140625,1257.800048828125,2917690000,1257.800048828125
2015-03-31,1252.6400146484375,1255.300048828125,1248.9100341796875,1252.77001953125,3376550000,1252.77001953125
2015-04-01,1250.989990234375,1251.8900146484375,1239.5999755859375,1251.7099609375,3543270000,1251.7099609375
2015-04-02,1252.1800537109375,1259.969970703125,1251.8299560546875,1255.6600341796875,3095960000,1255.6600341796875
2015-04-06,1250.239990234375,1262.760009765625,1249.3499755859375,1260.5400390625,3302970000,1260.5400390625
2015-04-07,1260.300048828125,1263.22998046875,1253.2900390625,1253.3599853515625,3065510000,1253.3599853515625
2015-04-08,1254.3900146484375,1264.1300048828125,1254.3599853515625,1262.7099609375,3265330000,1262.7099609375
2015-04-09,1262.5400390625,1265.780029296875,1248.1700439453125,1259.1099853515625,3172360000,1259.1099853515625
2015-04-10,1263.72998046875,1266.0,1262.3199462890625,1264.77001953125,536200000,1264.77001953125
2015-04-13,1265.489990234375,1271.739990234375,1265.050048828125,1265.5899658203125,2908420000,1265.5899658203125
2015-04-14,1266.6800537109375,1267.969970703125,1258.530029296875,1265.3499755859375,3301270000,1265.3499755859375
2015-04-15,1269.6500244140625,1278.6300048828125,1268.8199462890625,1275.3499755859375,4013760000,1275.3499755859375
2015-04-16,1273.47998046875,1275.280029296875,1271.1099853515625,1272.9000244140625,3434120000,1272.9000244140625
2015-04-17,1264.219970703125,1264.219970703125,1248.22998046875,1251.8599853515625,3627600000,1251.8599853515625
2015-04-20,1257.6099853515625,1266.97998046875,1255.75,1264.9200439453125,3000160000,1264.9200439453125
2015-04-21,1269.3199462890625,1270.0799560546875,1263.5899658203125,1264.1500244140625,3243410000,1264.1500244140625
2015-04-22,1265.010009765625,1266.56005859375,1255.0400390625,1265.47998046875,3348480000,1265.47998046875
2015-04-23,1263.6600341796875,1273.25,1262.4100341796875,1271.5400390625,3636670000,1271.5400390625
2015-04-24,1272.800048828125,1273.0799560546875,1266.219970703125,1267.5400390625,3375780000,1267.5400390625
2015-04-27,1269.8699951171875,1275.8399658203125,1250.449951171875,1252.699951171875,3438750000,1252.699951171875
2015-04-28,1252.8900146484375,1260.68994140625,1242.5699462890625,1259.3599853515625,3546270000,1259.3599853515625
2015-04-29,1254.5,1255.81005859375,1245.469970703125,1246.949951171875,4074970000,1246.949951171875
2015-04-30,1241.4000244140625,1242.77001953125,1216.0999755859375,1220.1300048828125,4509680000,1220.1300048828125
2015-05-01,1223.050048828125,1229.469970703125,1218.5899658203125,1228.1099853515625,3379390000,1228.1099853515625
2015-05-04,1230.300048828125,1240.6300048828125,1230.0999755859375,1233.219970703125,3091580000,1233.219970703125
2015-05-05,1231.77001953125,1234.0400390625,1211.780029296875,1215.4200439453125,3793950000,1215.4200439453125
2015-05-06,1221.530029296875,1222.9000244140625,1211.1300048828125,1219.3599853515625,3792210000,1219.3599853515625
2015-05-07,1218.949951171875,1228.8199462890625,1215.4300537109375,1225.5400390625,3676640000,1225.5400390625
2015-05-08,1234.8199462890625,1239.3800048828125,1232.5899658203125,1234.9300537109375,3399440000,1234.9300537109375
2015-05-11,1234.5899658203125,1243.56005859375,1234.510009765625,1235.8299560546875,2992670000,1235.8299560546875
2015-05-12,1230.5699462890625,1236.1400146484375,1218.3699951171875,1233.1300048828125,3139520000,1233.1300048828125
2015-05-13,1235.739990234375,1237.8800048828125,1228.489990234375,1232.280029296875,3374260000,1232.280029296875
2015-05-14,1236.81005859375,1245.1199951171875,1232.530029296875,1245.1099853515625,3225740000,1245.1099853515625
2015-05-15,1245.4200439453125,1245.9000244140625,1238.989990234375,1243.949951171875,3092080000,1243.949951171875
2015-05-18,1242.0799560546875,1258.0,1240.8399658203125,1257.52001953125,2888190000,1257.52001953125
2015-05-19,1257.8599853515625,1258.5799560546875,1251.8199462890625,1255.6600341796875,3296030000,1255.6600341796875
2015-05-20,1257.3299560546875,1260.8299560546875,1252.3599853515625,1257.739990234375,3025880000,1257.739990234375
2015-05-21,1257.5,1261.02001953125,1252.989990234375,1256.739990234375,3070460000,1256.739990234375
2015-05-22,1255.489990234375,1258.72998046875,1248.3699951171875,1252.219970703125,2571860000,1252.219970703125
2015-05-26,1248.1099853515625,1248.1099853515625,1233.719970703125,1238.760009765625,3342130000,1238.760009765625
2015-05-27,1241.010009765625,1255.050048828125,1237.6099853515625,1254.3599853515625,3127960000,1254.3599853515625
2015-05-28,1251.780029296875,1253.199951171875,1246.0699462890625,1253.0999755859375,2980350000,1253.0999755859375
2015-05-29,1251.5799560546875,1252.6400146484375,1241.1500244140625,1246.530029296875,3927390000,1246.530029296875
2015-06-01,1252.02001953125,1254.56005859375,1238.6500244140625,1249.6199951171875,3011710000,1249.6199951171875
2015-06-02,1245.5899658203125,1258.4599609375,1243.300048828125,1251.800048828125,3049350000,1251.800048828125
2015-06-03,1254.97998046875,1264.93994140625,1252.7900390625,1264.5799560546875,3099980000,1264.5799560546875
2015-06-04,1258.5400390625,1261.2099609375,1248.4300537109375,1251.2900390625,3200050000,1251.2900390625
2015-06-05,1250.4000244140625,1261.0699462890625,1242.739990234375,1261.010009765625,3243690000,1261.010009765625
2015-06-08,1259.6700439453125,1261.1800537109375,1252.72998046875,1253.699951171875,2917150000,1253.699951171875
2015-06-09,1253.5,1254.43994140625,1242.3599853515625,1249.6600341796875,3034580000,1249.6600341796875
2015-06-10,1254.469970703125,1269.77001953125,1254.469970703125,1266.9300537109375,3414320000,1266.9300537109375
2015-06-11,1268.6800537109375,1270.7900390625,1266.050048828125,1268.9200439453125,3128600000,1268.9200439453125
2015-06-12,1265.56005859375,1266.780029296875,1262.219970703125,1265.02001953125,2719400000,1265.02001953125
2015-06-15,1259.3800048828125,1262.8599853515625,1247.52001953125,1261.0400390625,3061570000,1261.0400390625
2015-06-16,1259.02001953125,1271.4599609375,1258.9300537109375,1269.530029296875,2919900000,1269.530029296875
2015-06-17,1273.3599853515625,1274.4000244140625,1266.6300048828125,1268.3299560546875,3222240000,1268.3299560546875
2015-06-18,1271.949951171875,1287.06005859375,1271.949951171875,1284.6800537109375,3499000000,1284.6800537109375
2015-06-19,1285.469970703125,1286.5799560546875,1281.6600341796875,1284.6600341796875,4449810000,1284.6600341796875
2015-06-22,1290.56005859375,1293.31005859375,1288.489990234375,1292.3900146484375,3030020000,1292.3900146484375
2015-06-23,1294.3699951171875,1296.0,1289.5899658203125,1295.800048828125,3091190000,1295.800048828125
2015-06-24,1293.81005859375,1295.030029296875,1283.199951171875,1283.9200439453125,3102480000,1283.9200439453125
2015-06-25,1286.969970703125,1287.4599609375,1278.5699462890625,1283.280029296875,3214610000,1283.280029296875
2015-06-26,1285.22998046875,1287.0999755859375,1274.030029296875,1279.800048828125,5025470000,1279.800048828125
2015-06-29,1269.3599853515625,1273.949951171875,1246.5999755859375,1246.75,3678960000,1246.75
2015-06-30,1255.510009765625,1256.8699951171875,1248.81005859375,1253.949951171875,4078540000,1253.949951171875
2015-07-01,1262.1199951171875,1264.6300048828125,1250.6500244140625,1256.4000244140625,3727260000,1256.4000244140625
2015-07-02,1259.030029296875,1259.25,1244.6300048828125,1248.260009765625,2996540000,1248.260009765625
2015-07-06,1239.22998046875,1253.199951171875,1236.5899658203125,1246.9599609375,3486360000,1246.9599609375
2015-07-07,1247.780029296875,1248.9599609375,1225.97998046875,1248.050048828125,4458660000,1248.050048828125
2015-07-08,1239.0799560546875,1241.3499755859375,1226.52001953125,1228.9599609375,3608780000,1228.9599609375
2015-07-09,1240.1600341796875,1243.9599609375,1232.81005859375,1234.1500244140625,3446810000,1234.1500244140625
2015-07-10,1245.0,1252.8699951171875,1244.219970703125,1252.02001953125,3065070000,1252.02001953125
2015-07-13,1258.7900390625,1266.0999755859375,1258.7900390625,1265.3499755859375,3096730000,1265.3499755859375
2015-07-14,1265.300048828125,1274.1099853515625,1264.8699951171875,1273.3299560546875,3002120000,1273.3299560546875
2015-07-15,1273.800048828125,1273.800048828125,1263.010009765625,1264.52001953125,3261810000,1264.52001953125
2015-07-16,1271.0999755859375,1275.9000244140625,1269.6600341796875,1272.8299560546875,3227080000,1272.8299560546875
2015-07-17,1273.6700439453125,1273.6700439453125,1263.8699951171875,1267.0899658203125,3362750000,1267.0899658203125
2015-07-20,1268.8199462890625,1268.8900146484375,1258.300048828125,1260.219970703125,3245870000,1260.219970703125
2015-07-21,1259.75,1265.43994140625,1252.0899658203125,1254.5699462890625,3343690000,1254.5699462890625
2015-07-22,1249.3699951171875,1259.760009765625,1248.6300048828125,1258.3499755859375,3694070000,1258.3499755859375
2015-07-23,1260.6600341796875,1262.5699462890625,1243.68994140625,1244.969970703125,3772810000,1244.969970703125
2015-07-24,1242.3900146484375,1243.5799560546875,1225.4300537109375,1225.989990234375,3870040000,1225.989990234375
2015-07-27,1219.2099609375,1220.72998046875,1212.3299560546875,1214.6099853515625,3836750000,1214.6099853515625
2015-07-28,1219.469970703125,1226.4100341796875,1205.18994140625,1224.5999755859375,4117740000,1224.5999755859375
2015-07-29,1223.97998046875,1232.3399658203125,1220.9300537109375,1229.5999755859375,4038900000,1229.5999755859375
2015-07-30,1226.0400390625,1233.0,1220.97998046875,1232.0699462890625,3579410000,1232.0699462890625
2015-07-31,1235.1700439453125,1244.97998046875,1232.949951171875,1238.6800537109375,3681340000,1238.6800537109375
2015-08-03,1238.3199462890625,1238.969970703125,1224.8699951171875,1231.7900390625,3476770000,1231.7900390625
2015-08-04,1232.52001953125,1237.199951171875,1226.3699951171875,1228.8499755859375,3546710000,1228.8499755859375
2015-08-05,1233.719970703125,1243.1600341796875,1229.510009765625,1231.75,3968680000,1231.75
2015-08-06,1232.43994140625,1232.77001953125,1207.77001953125,1215.8499755859375,4246570000,1215.8499755859375
2015-08-07,1209.47998046875,1211.9300537109375,1200.4100341796875,1206.9000244140625,3602320000,1206.9000244140625
2015-08-10,1212.4200439453125,1223.3900146484375,1212.4200439453125,1222.6700439453125,3514460000,1222.6700439453125
2015-08-11,1214.1400146484375,1218.6700439453125,1205.8699951171875,1211.1400146484375,3708880000,1211.1400146484375
2015-08-12,1203.1700439453125,1210.97998046875,1189.4200439453125,1208.97998046875,4269130000,1208.97998046875
2015-08-13,1208.5699462890625,1213.4100341796875,1203.6400146484375,1204.739990234375,3221300000,1204.739990234375
2015-08-14,1202.1099853515625,1212.7900390625,1199.4599609375,1212.68994140625,2795590000,1212.68994140625
2015-08-17,1209.239990234375,1225.0899658203125,1206.4000244140625,1225.0899658203125,2867690000,1225.0899658203125
2015-08-18,1224.0799560546875,1224.1199951171875,1214.260009765625,1214.8900146484375,2949990000,1214.8900146484375
2015-08-19,1208.550048828125,1211.6800537109375,1196.6600341796875,1202.97998046875,3512920000,1202.97998046875
2015-08-20,1193.9000244140625,1193.9300537109375,1172.52001953125,1172.52001953125,3922470000,1172.52001953125
2015-08-21,1158.0,1172.760009765625,1152.3699951171875,1156.7900390625,5018240000,1156.7900390625
2015-08-24,1119.760009765625,1148.5799560546875,1105.9300537109375,1111.68994140625,6612690000,1111.68994140625
2015-08-25,1133.1300048828125,1133.1500244140625,1104.050048828125,1104.0999755859375,5183560000,1104.0999755859375
2015-08-26,1119.280029296875,1132.6300048828125,1102.5799560546875,1132.18994140625,5338250000,1132.18994140625
2015-08-27,1140.9200439453125,1157.9000244140625,1133.77001953125,1153.6099853515625,4976390000,1153.6099853515625
2015-08-28,1149.550048828125,1163.050048828125,1149.469970703125,1162.9100341796875,3949080000,1162.9100341796875
2015-08-31,1161.010009765625,1164.8900146484375,1156.3699951171875,1159.449951171875,3915100000,1159.449951171875
2015-09-01,1148.31005859375,1151.530029296875,1124.4599609375,1128.050048828125,4371850000,1128.050048828125
2015-09-02,1128.050048828125,1146.030029296875,1128.050048828125,1146.030029296875,3742620000,1146.030029296875
2015-09-03,1148.6199951171875,1157.6300048828125,1143.7900390625,1145.1500244140625,3520700000,1145.1500244140625
2015-09-04,1132.949951171875,1142.550048828125,1130.75,1136.1700439453125,3167090000,1136.1700439453125
2015-09-08,1139.0699462890625,1162.449951171875,1139.0699462890625,1161.760009765625,3548650000,1161.760009765625
2015-09-09,1162.719970703125,1170.199951171875,1147.3299560546875,1148.22998046875,3652120000,1148.22998046875
2015-09-10,1147.989990234375,1158.260009765625,1146.469970703125,1153.030029296875,3626320000,1153.030029296875
2015-09-11,1152.510009765625,1157.9100341796875,1143.72998046875,1157.7900390625,3218590000,1157.7900390625
2015-09-14,1158.030029296875,1159.1700439453125,1151.31005859375,1153.5,3000200000,1153.5
2015-09-15,1153.9300537109375,1167.280029296875,1153.9300537109375,1166.0,3239860000,1166.0
2015-09-16,1166.1700439453125,1175.8900146484375,1165.4100341796875,1175.199951171875,3630680000,1175.199951171875
2015-09-17,1175.0899658203125,1193.989990234375,1173.699951171875,1180.68994140625,4183790000,1180.68994140625
2015-09-18,1175.3399658203125,1175.3399658203125,1160.6600341796875,1163.3499755859375,6000240000,1163.3499755859375
2015-09-21,1165.0400390625,1177.9599609375,1158.0999755859375,1161.0899658203125,3259350000,1161.0899658203125
2015-09-22,1158.4200439453125,1158.4200439453125,1137.699951171875,1143.030029296875,3808260000,1143.030029296875
2015-09-23,1143.4100341796875,1149.219970703125,1137.4100341796875,1140.050048828125,3190530000,1140.050048828125
2015-09-24,1137.8800048828125,1138.9599609375,1124.75,1137.5400390625,4091530000,1137.5400390625
2015-09-25,1140.239990234375,1146.719970703125,1119.300048828125,1122.7900390625,3721870000,1122.7900390625
2015-09-28,1121.8699951171875,1121.8699951171875,1087.469970703125,1090.5699462890625,4326660000,1090.5699462890625
2015-09-29,1090.949951171875,1098.02001953125,1078.6300048828125,1083.9100341796875,4132390000,1083.9100341796875
2015-09-30,1087.0799560546875,1101.9300537109375,1087.0799560546875,1100.68994140625,4525070000,1100.68994140625
2015-10-01,1100.8900146484375,1103.699951171875,1083.9000244140625,1097.550048828125,3983600000,1097.550048828125
2015-10-02,1095.5799560546875,1114.1199951171875,1080.6099853515625,1114.1199951171875,4378570000,1114.1199951171875
2015-10-05,1115.8199462890625,1142.1800537109375,1115.8199462890625,1141.6400146484375,4334490000,1141.6400146484375
2015-10-06,1141.4300537109375,1143.6300048828125,1127.1199951171875,1133.68994140625,4202400000,1133.68994140625
2015-10-07,1134.489990234375,1152.6099853515625,1134.489990234375,1152.5999755859375,4666470000,1152.5999755859375
2015-10-08,1152.4300537109375,1164.5799560546875,1149.300048828125,1163.239990234375,3939140000,1163.239990234375
2015-10-09,1163.6400146484375,1168.760009765625,1162.9100341796875,1165.3599853515625,3706900000,1165.3599853515625
2015-10-12,1165.449951171875,1166.510009765625,1159.5400390625,1164.4000244140625,2893250000,1164.4000244140625
2015-10-13,1163.25,1169.7099609375,1147.8399658203125,1147.8399658203125,3401920000,1147.8399658203125
2015-10-14,1147.8800048828125,1153.469970703125,1136.06005859375,1136.969970703125,3644590000,1136.969970703125
2015-10-15,1137.97998046875,1162.8199462890625,1135.6700439453125,1162.77001953125,3706290000,1162.77001953125
2015-10-16,1163.5899658203125,1165.22998046875,1152.5699462890625,1162.31005859375,3595430000,1162.31005859375
2015-10-19,1161.800048828125,1168.9200439453125,1155.5699462890625,1164.300048828125,3287320000,1164.300048828125
2015-10-20,1164.3699951171875,1169.6099853515625,1159.0799560546875,1163.27001953125,3331500000,1163.27001953125
2015-10-21,1164.02001953125,1167.010009765625,1144.9000244140625,1144.949951171875,3627790000,1144.949951171875
2015-10-22,1147.0899658203125,1160.0799560546875,1145.800048828125,1154.52001953125,4430850000,1154.52001953125
2015-10-23,1157.0400390625,1166.4200439453125,1155.6500244140625,1166.06005859375,4108460000,1166.06005859375
2015-10-26,1165.77001953125,1165.77001953125,1157.52001953125,1159.5,3385800000,1159.5
2015-10-27,1158.530029296875,1158.530029296875,1139.9200439453125,1145.2900390625,4216880000,1145.2900390625
2015-10-28,1145.47998046875,1178.780029296875,1145.47998046875,1178.719970703125,4698110000,1178.719970703125
2015-10-29,1178.3599853515625,1178.3599853515625,1164.239990234375,1165.6300048828125,4008940000,1165.6300048828125
2015-10-30,1165.47998046875,1167.6500244140625,1159.6600341796875,1161.8599853515625,4256200000,1161.8599853515625
2015-11-02,1161.949951171875,1187.6199951171875,1161.949951171875,1186.0899658203125,3760020000,1186.0899658203125
2015-11-03,1185.780029296875,1196.56005859375,1182.3699951171875,1191.5799560546875,4272060000,1191.5799560546875
2015-11-04,1192.280029296875,1196.1400146484375,1185.3900146484375,1190.3800048828125,4078870000,1190.3800048828125
2015-11-05,1190.31005859375,1191.9300537109375,1179.739990234375,1190.68994140625,4051890000,1190.68994140625
2015-11-06,1190.030029296875,1199.9599609375,1181.780029296875,1199.75,4369020000,1199.75
2015-11-09,1199.5799560546875,1199.5799560546875,1180.56005859375,1184.4300537109375,3882350000,1184.4300537109375
2015-11-10,1183.68994140625,1187.719970703125,1177.4300537109375,1187.699951171875,3821440000,1187.699951171875
2015-11-11,1188.27001953125,1189.8499755859375,1178.06005859375,1178.0699462890625,3692410000,1178.0699462890625
2015-11-12,1177.3499755859375,1177.3499755859375,1154.3800048828125,1154.81005859375,4016370000,1154.81005859375
2015-11-13,1154.0899658203125,1158.4300537109375,1144.3399658203125,1146.550048828125,4278750000,1146.550048828125
2015-11-16,1146.3699951171875,1156.219970703125,1140.760009765625,1156.0799560546875,3741240000,1156.0799560546875
2015-11-17,1156.1600341796875,1166.3399658203125,1152.489990234375,1153.2099609375,4427350000,1153.2099609375
2015-11-18,1153.3900146484375,1172.02001953125,1153.3900146484375,1171.75,3926390000,1171.75
2015-11-19,1171.699951171875,1172.2900390625,1164.18994140625,1166.72998046875,3628110000,1166.72998046875
2015-11-20,1168.3499755859375,1178.739990234375,1168.3499755859375,1175.1500244140625,3929600000,1175.1500244140625
2015-11-23,1174.8900146484375,1184.4100341796875,1173.75,1180.3599853515625,3587980000,1180.3599853515625
2015-11-24,1179.22998046875,1189.6600341796875,1172.8800048828125,1188.81005859375,3884930000,1188.81005859375
2015-11-25,1188.9000244140625,1198.530029296875,1188.510009765625,1198.02001953125,2852940000,1198.02001953125
2015-11-27,1197.9100341796875,1203.68994140625,1195.8399658203125,1202.3800048828125,1466840000,1202.3800048828125
2015-11-30,1202.77001953125,1204.8699951171875,1197.199951171875,1198.1099853515625,4245030000,1198.1099853515625
2015-12-01,1198.9300537109375,1204.4000244140625,1195.68994140625,1204.1600341796875,3712120000,1204.1600341796875
2015-12-02,1203.8900146484375,1205.0799560546875,1190.8499755859375,1191.68994140625,3950640000,1191.68994140625
2015-12-03,1192.699951171875,1196.6800537109375,1168.1500244140625,1170.5699462890625,4306490000,1170.5699462890625
2015-12-04,1170.6400146484375,1183.8199462890625,1170.489990234375,1183.4000244140625,4214910000,1183.4000244140625
2015-12-07,1183.0699462890625,1183.0699462890625,1161.5799560546875,1164.300048828125,4043820000,1164.300048828125
2015-12-08,1162.25,1163.72998046875,1151.27001953125,1159.4000244140625,4173570000,1159.4000244140625
2015-12-09,1158.97998046875,1165.56005859375,1142.75,1145.8699951171875,4385250000,1145.8699951171875
2015-12-10,1145.6600341796875,1154.8399658203125,1144.030029296875,1149.02001953125,3715150000,1149.02001953125
2015-12-11,1146.22998046875,1146.22998046875,1121.27001953125,1123.6099853515625,4301060000,1123.6099853515625
2015-12-14,1123.6300048828125,1126.489990234375,1108.760009765625,1115.8599853515625,4612440000,1115.8599853515625
2015-12-15,1117.02001953125,1133.3199462890625,1117.02001953125,1131.550048828125,4353540000,1131.550048828125
2015-12-16,1133.8199462890625,1150.27001953125,1133.8199462890625,1148.969970703125,4595450000,1148.969970703125
2015-12-17,1149.2099609375,1151.4000244140625,1135.3499755859375,1135.3599853515625,4327390000,1135.3599853515625
2015-12-18,1134.949951171875,1134.949951171875,1120.469970703125,1121.02001953125,6683070000,1121.02001953125
2015-12-21,1122.1600341796875,1130.4000244140625,1120.6099853515625,1127.739990234375,3760280000,1127.739990234375
2015-12-22,1128.47998046875,1138.6500244140625,1123.6700439453125,1137.68994140625,3520860000,1137.68994140625
2015-12-23,1139.0400390625,1152.9100341796875,1139.0400390625,1152.8199462890625,3484090000,1152.8199462890625
2015-12-24,1152.75,1159.7099609375,1151.5999755859375,1154.760009765625,1411860000,1154.760009765625
2015-12-28,1153.989990234375,1153.989990234375,1140.02001953125,1148.2099609375,2492510000,1148.2099609375
2015-12-29,1148.9599609375,1160.93994140625,1148.739990234375,1160.52001953125,2542000000,1160.52001953125
2015-12-30,1159.969970703125,1160.3800048828125,1149.1600341796875,1149.6400146484375,2367430000,1149.6400146484375
2015-12-31,1149.3299560546875,1149.3299560546875,1135.5699462890625,1135.8900146484375,2655330000,1135.8900146484375
2016-01-04,1134.0799560546875,1134.0799560546875,1100.530029296875,1108.6199951171875,4304880000,1108.6199951171875
2016-01-05,1109.0999755859375,1112.6700439453125,1104.75,1110.43994140625,3706620000,1110.43994140625
2016-01-06,1109.4599609375,1109.4599609375,1088.77001953125,1094.3699951171875,4336660000,1094.3699951171875
2016-01-07,1090.949951171875,1090.949951171875,1063.8399658203125,1064.5699462890625,5076590000,1064.5699462890625
2016-01-08,1065.8499755859375,1072.0899658203125,1045.1099853515625,1046.199951171875,4664940000,1046.199951171875
2016-01-11,1046.6400146484375,1052.5899658203125,1031.6700439453125,1041.9000244140625,4607290000,1041.9000244140625
2016-01-12,1044.97998046875,1056.9200439453125,1028.1400146484375,1044.699951171875,4887260000,1044.699951171875
2016-01-13,1045.739990234375,1050.6600341796875,1005.6900024414062,1010.1900024414062,5087030000,1010.1900024414062
2016-01-14,1010.6400146484375,1033.5799560546875,999.6199951171875,1025.6700439453125,5241110000,1025.6700439453125
2016-01-15,1023.9199829101562,1023.9199829101562,983.97998046875,1007.719970703125,5468460000,1007.719970703125
2016-01-19,1010.2999877929688,1017.8300170898438,985.219970703125,994.8699951171875,4928350000,994.8699951171875
2016-01-20,991.7899780273438,1008.6799926757812,958.47998046875,999.3099975585938,6416070000,999.3099975585938
2016-01-21,999.530029296875,1014.5,992.1199951171875,997.3400268554688,5078810000,997.3400268554688
2016-01-22,999.8099975585938,1021.8400268554688,999.8099975585938,1020.6599731445312,4901760000,1020.6599731445312
2016-01-25,1019.4299926757812,1019.4299926757812,996.0399780273438,997.3699951171875,4401380000,997.3699951171875
2016-01-26,998.1900024414062,1019.510009765625,998.1900024414062,1017.969970703125,4357940000,1017.969970703125
2016-01-27,1016.9000244140625,1021.8499755859375,998.8099975585938,1002.75,4754040000,1002.75
2016-01-28,1004.1500244140625,1014.47998046875,1000.3800048828125,1003.27001953125,4693010000,1003.27001953125
2016-01-29,1003.52001953125,1035.3800048828125,1003.52001953125,1035.3800048828125,5497570000,1035.3800048828125
2016-02-01,1033.530029296875,1037.27001953125,1020.5900268554688,1032.3900146484375,4322530000,1032.3900146484375
2016-02-02,1030.56005859375,1030.56005859375,1005.4000244140625,1008.8400268554688,4463190000,1008.8400268554688
2016-02-03,1009.5,1016.9199829101562,989.25,1010.2999877929688,5172950000,1010.2999877929688
2016-02-04,1009.9299926757812,1025.1099853515625,1008.5900268554688,1014.7899780273438,5193320000,1014.7899780273438
2016-02-05,1014.3099975585938,1014.3099975585938,985.6199951171875,985.6199951171875,4929940000,985.6199951171875
2016-02-08,982.1500244140625,982.1500244140625,955.7100219726562,969.3400268554688,5636460000,969.3400268554688
2016-02-09,967.8499755859375,975.1400146484375,957.0900268554688,963.9000244140625,5132140000,963.9000244140625
2016-02-10,965.52001953125,983.4500122070312,963.3200073242188,963.47998046875,4471170000,963.47998046875
2016-02-11,958.8900146484375,958.8900146484375,943.0999755859375,953.719970703125,5500800000,953.719970703125
2016-02-12,955.3400268554688,972.8699951171875,955.3400268554688,971.989990234375,4696920000,971.989990234375
2016-02-16,972.4500122070312,996.3900146484375,972.4500122070312,995.7999877929688,4570670000,995.7999877929688
2016-02-17,997.8300170898438,1016.280029296875,997.8300170898438,1011.1300048828125,5011540000,1011.1300048828125
2016-02-18,1011.97998046875,1013.5999755859375,1002.4099731445312,1004.7100219726562,4436490000,1004.7100219726562
2016-02-19,1003.719970703125,1010.719970703125,998.27001953125,1010.010009765625,4142850000,1010.010009765625
2016-02-22,1010.3900146484375,1025.280029296875,1010.3900146484375,1021.739990234375,4054710000,1021.739990234375
2016-02-23,1021.25,1021.25,1012.1500244140625,1012.1500244140625,3890650000,1012.1500244140625
2016-02-24,1010.0999755859375,1023.0599975585938,996.7000122070312,1022.0800170898438,4317250000,1022.0800170898438
2016-02-25,1022.9600219726562,1031.5799560546875,1020.4600219726562,1031.5799560546875,4118210000,1031.5799560546875
2016-02-26,1031.5899658203125,1039.7099609375,1031.5899658203125,1037.1800537109375,4348510000,1037.1800537109375
2016-02-29,1037.2099609375,1044.9100341796875,1033.6700439453125,1033.9000244140625,4588180000,1033.9000244140625
2016-03-01,1035.52001953125,1054.489990234375,1035.52001953125,1054.489990234375,4819750000,1054.489990234375
2016-03-02,1054.239990234375,1065.6800537109375,1052.1500244140625,1065.6700439453125,4666610000,1065.6700439453125
2016-03-03,1065.6400146484375,1076.0899658203125,1064.5999755859375,1076.050048828125,5081700000,1076.050048828125
2016-03-04,1076.3399658203125,1088.239990234375,1073.8199462890625,1081.9300537109375,6049930000,1081.9300537109375
2016-03-07,1081.280029296875,1094.5,1077.93994140625,1094.1500244140625,4968180000,1094.1500244140625
2016-03-08,1092.7099609375,1092.7099609375,1067.239990234375,1067.8800048828125,4641650000,1067.8800048828125
2016-03-09,1068.449951171875,1074.199951171875,1067.1300048828125,1072.77001953125,4038120000,1072.77001953125
2016-03-10,1073.4100341796875,1078.97998046875,1054.56005859375,1063.989990234375,4376790000,1063.989990234375
2016-03-11,1066.1099853515625,1087.8699951171875,1066.1099853515625,1087.56005859375,4078620000,1087.56005859375
2016-03-14,1086.969970703125,1087.4599609375,1079.9000244140625,1084.25,3487850000,1084.25
2016-03-15,1082.6800537109375,1082.6800537109375,1065.510009765625,1066.6700439453125,3560280000,1066.6700439453125
2016-03-16,1066.0799560546875,1076.510009765625,1063.6600341796875,1074.510009765625,4057020000,1074.510009765625
2016-03-17,1074.4000244140625,1094.68994140625,1069.8900146484375,1091.25,4530480000,1091.25
2016-03-18,1092.010009765625,1102.97998046875,1092.010009765625,1101.6700439453125,6503140000,1101.6700439453125
2016-03-21,1101.4599609375,1103.6300048828125,1096.1600341796875,1098.5799560546875,3376600000,1098.5799560546875
2016-03-22,1096.6800537109375,1100.760009765625,1090.0,1097.3399658203125,3418460000,1097.3399658203125
2016-03-23,1097.050048828125,1097.050048828125,1075.699951171875,1075.699951171875,3639510000,1075.699951171875
2016-03-24,1074.699951171875,1079.5400390625,1065.6199951171875,1079.5400390625,3407720000,1079.5400390625
2016-03-28,1079.93994140625,1084.469970703125,1073.4599609375,1080.22998046875,2809090000,1080.22998046875
2016-03-29,1079.8199462890625,1109.2099609375,1075.4300537109375,1109.0799560546875,3822330000,1109.0799560546875
2016-03-30,1110.18994140625,1117.3499755859375,1107.72998046875,1110.43994140625,3590310000,1110.43994140625
2016-03-31,1110.4300537109375,1117.7900390625,1109.530029296875,1114.030029296875,3715280000,1114.030029296875
2016-04-01,1112.9000244140625,1118.3900146484375,1102.1199951171875,1117.6800537109375,3749990000,1117.6800537109375
2016-04-04,1117.68994140625,1119.4100341796875,1108.1700439453125,1108.5400390625,3485710000,1108.5400390625
2016-04-05,1106.219970703125,1106.219970703125,1095.25,1095.8499755859375,4154920000,1095.8499755859375
2016-04-06,1095.989990234375,1109.02001953125,1094.239990234375,1108.81005859375,3750800000,1108.81005859375
2016-04-07,1107.8900146484375,1107.8900146484375,1088.56005859375,1092.7900390625,3801250000,1092.7900390625
2016-04-08,1093.8599853515625,1106.050048828125,1093.77001953125,1097.31005859375,3359530000,1097.31005859375
2016-04-11,1097.9599609375,1110.4300537109375,1094.31005859375,1094.3399658203125,3567840000,1094.3399658203125
2016-04-12,1094.4599609375,1107.3599853515625,1091.6500244140625,1105.7099609375,4239740000,1105.7099609375
2016-04-13,1106.47998046875,1129.9300537109375,1106.47998046875,1129.9300537109375,4191830000,1129.9300537109375
2016-04-14,1130.0799560546875,1132.0899658203125,1125.1300048828125,1128.5899658203125,3765870000,1128.5899658203125
2016-04-15,1128.0799560546875,1132.1400146484375,1125.06005859375,1130.9200439453125,3701450000,1130.9200439453125
2016-04-18,1129.719970703125,1139.47998046875,1125.1600341796875,1139.280029296875,3316880000,1139.280029296875
2016-04-19,1139.8299560546875,1146.5,1135.8499755859375,1140.22998046875,3896830000,1140.22998046875
2016-04-20,1140.1400146484375,1147.719970703125,1137.3199462890625,1142.2900390625,4184880000,1142.2900390625
2016-04-21,1142.3699951171875,1144.5400390625,1133.43994140625,1135.77001953125,4175290000,1135.77001953125
2016-04-22,1135.6600341796875,1147.4100341796875,1135.510009765625,1146.68994140625,3790580000,1146.68994140625
2016-04-25,1146.260009765625,1146.260009765625,1134.8499755859375,1138.0999755859375,3319740000,1138.0999755859375
2016-04-26,1138.699951171875,1150.8199462890625,1138.699951171875,1150.72998046875,3557190000,1150.72998046875
2016-04-27,1150.9200439453125,1156.0699462890625,1145.8499755859375,1154.1500244140625,4100110000,1154.1500244140625
2016-04-28,1153.1099853515625,1155.550048828125,1138.699951171875,1140.4000244140625,4309840000,1140.4000244140625
2016-04-29,1140.1099853515625,1140.1099853515625,1124.260009765625,1130.8499755859375,4704720000,1130.8499755859375
2016-05-02,1131.2099609375,1140.9200439453125,1129.239990234375,1140.9200439453125,3841110000,1140.9200439453125
2016-05-03,1138.8699951171875,1138.8699951171875,1116.530029296875,1121.760009765625,4173390000,1121.760009765625
2016-05-04,1121.1600341796875,1123.68994140625,1110.3900146484375,1113.1300048828125,4058560000,1113.1300048828125
2016-05-05,1114.3499755859375,1118.3800048828125,1107.6400146484375,1107.949951171875,4008530000,1107.949951171875
2016-05-06,1107.800048828125,1114.77001953125,1101.5699462890625,1114.719970703125,3796350000,1114.719970703125
2016-05-09,1114.719970703125,1123.6500244140625,1113.0799560546875,1118.25,3788620000,1118.25
2016-05-10,1118.739990234375,1129.0400390625,1117.93994140625,1128.8299560546875,3600200000,1128.8299560546875
2016-05-11,1128.469970703125,1128.469970703125,1114.6099853515625,1114.739990234375,3821980000,1114.739990234375
2016-05-12,1114.8699951171875,1119.8900146484375,1101.260009765625,1108.5999755859375,3782390000,1108.5999755859375
2016-05-13,1108.3699951171875,1112.9599609375,1099.43994140625,1102.43994140625,3579880000,1102.43994140625
2016-05-16,1103.22998046875,1119.6800537109375,1103.22998046875,1116.2099609375,3501360000,1116.2099609375
2016-05-17,1115.4100341796875,1118.3399658203125,1094.06005859375,1097.6800537109375,4108960000,1097.6800537109375
2016-05-18,1097.18994140625,1110.72998046875,1093.949951171875,1102.949951171875,4101320000,1102.949951171875
2016-05-19,1101.68994140625,1103.719970703125,1085.93994140625,1094.780029296875,3846770000,1094.780029296875
2016-05-20,1095.1600341796875,1112.3199462890625,1095.1600341796875,1112.280029296875,3507650000,1112.280029296875
2016-05-23,1112.469970703125,1117.3199462890625,1110.8699951171875,1111.3699951171875,3055480000,1111.3699951171875
2016-05-24,1112.510009765625,1136.2900390625,1112.510009765625,1135.31005859375,3627340000,1135.31005859375
2016-05-25,1136.3699951171875,1142.8499755859375,1136.3699951171875,1141.02001953125,3859160000,1141.02001953125
2016-05-26,1141.0999755859375,1143.18994140625,1137.5899658203125,1139.75,3230990000,1139.75
2016-05-27,1139.97998046875,1150.449951171875,1139.97998046875,1150.449951171875,3079150000,1150.449951171875
2016-05-31,1150.5999755859375,1158.969970703125,1150.3399658203125,1154.7900390625,4514410000,1154.7900390625
2016-06-01,1154.510009765625,1163.4300537109375,1148.5999755859375,1163.0400390625,3525170000,1163.0400390625
2016-06-02,1162.739990234375,1170.77001953125,1159.3599853515625,1170.5799560546875,3632720000,1170.5799560546875
2016-06-03,1170.3900146484375,1170.3900146484375,1155.8399658203125,1164.1300048828125,3627780000,1164.1300048828125
2016-06-06,1164.260009765625,1179.3399658203125,1163.6800537109375,1176.8699951171875,3442020000,1176.8699951171875
2016-06-07,1177.18994140625,1183.75,1175.050048828125,1179.969970703125,3534730000,1179.969970703125
2016-06-08,1180.199951171875,1190.1700439453125,1180.199951171875,1188.949951171875,3562060000,1188.949951171875
2016-06-09,1188.22998046875,1188.22998046875,1177.8599853515625,1181.199951171875,3290320000,1181.199951171875
2016-06-10,1178.3800048828125,1178.3800048828125,1161.27001953125,1163.9300537109375,3515010000,1163.9300537109375
2016-06-13,1162.530029296875,1164.9000244140625,1149.47998046875,1150.699951171875,3392030000,1150.699951171875
2016-06-14,1149.5899658203125,1153.219970703125,1141.22998046875,1147.8199462890625,3759770000,1147.8199462890625
2016-06-15,1148.0899658203125,1157.9599609375,1148.0899658203125,1149.300048828125,3544720000,1149.300048828125
2016-06-16,1147.8599853515625,1148.8599853515625,1133.0999755859375,1148.18994140625,3628280000,1148.18994140625
2016-06-17,1148.9599609375,1151.68994140625,1141.489990234375,1144.699951171875,4902630000,1144.699951171875
2016-06-20,1146.3900146484375,1167.1199951171875,1146.3900146484375,1157.699951171875,3467440000,1157.699951171875
2016-06-21,1158.1199951171875,1158.8499755859375,1147.77001953125,1153.8699951171875,3232880000,1153.8699951171875
2016-06-22,1154.1500244140625,1161.280029296875,1148.699951171875,1148.969970703125,3168160000,1148.969970703125
2016-06-23,1151.510009765625,1172.219970703125,1151.510009765625,1172.219970703125,3297940000,1172.219970703125
2016-06-24,1162.9200439453125,1162.9200439453125,1123.489990234375,1127.5400390625,7597450000,1127.5400390625
2016-06-27,1123.81005859375,1123.81005859375,1085.8800048828125,1089.6500244140625,5431220000,1089.6500244140625
2016-06-28,1092.1700439453125,1110.5,1092.1700439453125,1107.300048828125,4385810000,1107.300048828125
2016-06-29,1110.7900390625,1132.6199951171875,1110.7900390625,1131.6199951171875,4241740000,1131.6199951171875
2016-06-30,1132.1500244140625,1152.030029296875,1128.9100341796875,1151.9200439453125,4622820000,1151.9200439453125
2016-07-01,1151.75,1161.050048828125,1151.25,1156.77001953125,3458890000,1156.77001953125
2016-07-05,1155.4599609375,1155.4599609375,1133.6300048828125,1139.449951171875,3658380000,1139.449951171875
2016-07-06,1138.9200439453125,1147.9100341796875,1131.7099609375,1147.3299560546875,3909380000,1147.3299560546875
2016-07-07,1147.6300048828125,1156.8900146484375,1143.4200439453125,1149.760009765625,3604550000,1149.760009765625
2016-07-08,1152.239990234375,1178.1199951171875,1152.239990234375,1177.3599853515625,3607500000,1177.3599853515625
2016-07-11,1179.18994140625,1192.0400390625,1179.18994140625,1190.030029296875,3253340000,1190.030029296875
2016-07-12,1191.97998046875,1211.77001953125,1191.97998046875,1205.8900146484375,4097820000,1205.8900146484375
2016-07-13,1206.8599853515625,1210.3800048828125,1197.8699951171875,1201.1600341796875,3502320000,1201.1600341796875
2016-07-14,1203.3599853515625,1209.9100341796875,1201.9000244140625,1202.1700439453125,3465610000,1202.1700439453125
2016-07-15,1203.52001953125,1208.239990234375,1201.6700439453125,1205.31005859375,3122600000,1205.31005859375
2016-07-18,1205.2900390625,1210.6400146484375,1202.489990234375,1207.9100341796875,3009310000,1207.9100341796875
2016-07-19,1207.239990234375,1207.239990234375,1198.780029296875,1200.449951171875,2968340000,1200.449951171875
2016-07-20,1201.4300537109375,1212.0799560546875,1198.4000244140625,1209.739990234375,3211860000,1209.739990234375
2016-07-21,1209.5699462890625,1213.52001953125,1201.4100341796875,1203.8599853515625,3438900000,1203.8599853515625
2016-07-22,1204.1099853515625,1214.1600341796875,1202.22998046875,1212.8900146484375,3023280000,1212.8900146484375
2016-07-25,1212.8399658203125,1212.8399658203125,1207.199951171875,1209.8199462890625,3057240000,1209.8199462890625
2016-07-26,1209.510009765625,1217.1300048828125,1208.760009765625,1216.8599853515625,3442350000,1216.8599853515625
2016-07-27,1217.4599609375,1222.260009765625,1212.8299560546875,1218.9300537109375,3995500000,1218.9300537109375
2016-07-28,1218.72998046875,1219.489990234375,1214.260009765625,1217.3299560546875,3664240000,1217.3299560546875
2016-07-29,1217.0899658203125,1224.77001953125,1210.25,1219.93994140625,4038840000,1219.93994140625
2016-08-01,1220.300048828125,1224.4599609375,1214.6400146484375,1219.1199951171875,3505990000,1219.1199951171875
2016-08-02,1219.0,1219.050048828125,1199.5999755859375,1202.3499755859375,3848750000,1202.3499755859375
2016-08-03,1201.8699951171875,1212.739990234375,1198.72998046875,1212.72998046875,3786530000,1212.72998046875
2016-08-04,1212.780029296875,1219.0899658203125,1211.97998046875,1213.760009765625,3709200000,1213.760009765625
2016-08-05,1215.699951171875,1232.8699951171875,1215.699951171875,1231.300048828125,3663070000,1231.300048828125
2016-08-08,1231.3199462890625,1235.780029296875,1228.8900146484375,1230.4200439453125,3327550000,1230.4200439453125
2016-08-09,1230.530029296875,1233.2900390625,1229.43994140625,1231.739990234375,3334300000,1231.739990234375
2016-08-10,1231.699951171875,1232.8399658203125,1220.75,1223.27001953125,3254950000,1223.27001953125
2016-08-11,1224.0,1231.0,1223.75,1229.1199951171875,3423160000,1229.1199951171875
2016-08-12,1228.8499755859375,1231.6500244140625,1225.0400390625,1229.8199462890625,3000660000,1229.8199462890625
2016-08-15,1230.530029296875,1243.8299560546875,1230.530029296875,1241.8599853515625,3078530000,1241.8599853515625
2016-08-16,1241.6800537109375,1241.6800537109375,1230.739990234375,1231.1300048828125,3196400000,1231.1300048828125
2016-08-17,1230.97998046875,1230.97998046875,1221.719970703125,1227.6800537109375,3388910000,1227.6800537109375
2016-08-18,1227.4200439453125,1236.8499755859375,1227.4200439453125,1236.8499755859375,3300570000,1236.8499755859375
2016-08-19,1236.489990234375,1237.3900146484375,1231.760009765625,1236.77001953125,3084800000,1236.77001953125
2016-08-22,1236.5999755859375,1239.739990234375,1232.0,1239.739990234375,2777550000,1239.739990234375
2016-08-23,1240.5999755859375,1251.3299560546875,1240.5999755859375,1248.5799560546875,3041490000,1248.5799560546875
2016-08-24,1248.47998046875,1248.9100341796875,1235.469970703125,1237.25,3148280000,1237.25
2016-08-25,1236.4000244140625,1243.300048828125,1234.4100341796875,1240.0,2969310000,1240.0
2016-08-26,1240.1400146484375,1250.1800537109375,1231.27001953125,1238.030029296875,3342340000,1238.030029296875
2016-08-29,1238.3199462890625,1248.219970703125,1238.3199462890625,1244.93994140625,2654780000,1244.93994140625
2016-08-30,1245.0799560546875,1248.4300537109375,1241.5400390625,1246.030029296875,3006800000,1246.030029296875
2016-08-31,1245.6400146484375,1245.6400146484375,1233.1199951171875,1239.9100341796875,3766390000,1239.9100341796875
2016-09-01,1240.0699462890625,1242.0899658203125,1228.780029296875,1239.800048828125,3392120000,1239.800048828125
2016-09-02,1241.4300537109375,1251.8299560546875,1241.4300537109375,1251.8299560546875,3091120000,1251.8299560546875
2016-09-06,1252.449951171875,1254.4100341796875,1246.4599609375,1253.3699951171875,3447650000,1253.3699951171875
2016-09-07,1253.219970703125,1261.1199951171875,1252.4100341796875,1261.010009765625,3319420000,1261.010009765625
2016-09-08,1260.47998046875,1260.47998046875,1254.93994140625,1258.3599853515625,3727840000,1258.3599853515625
2016-09-09,1256.300048828125,1256.300048828125,1219.199951171875,1219.2099609375,4233960000,1219.2099609375
2016-09-12,1218.6300048828125,1235.8699951171875,1211.6600341796875,1235.8699951171875,4010480000,1235.8699951171875
2016-09-13,1234.550048828125,1234.550048828125,1206.0699462890625,1212.3199462890625,4141670000,1212.3199462890625
2016-09-14,1212.6800537109375,1219.9300537109375,1209.7099609375,1211.5899658203125,3664100000,1211.5899658203125
2016-09-15,1211.969970703125,1227.3599853515625,1211.0999755859375,1227.02001953125,3373720000,1227.02001953125
2016-09-16,1226.9599609375,1227.0899658203125,1218.280029296875,1224.780029296875,5014360000,1224.780029296875
2016-09-19,1225.6400146484375,1239.97998046875,1225.6400146484375,1232.530029296875,3141820000,1232.530029296875
2016-09-20,1233.239990234375,1238.25,1228.1300048828125,1228.3299560546875,3117380000,1228.3299560546875
2016-09-21,1229.6199951171875,1245.239990234375,1228.1300048828125,1245.0400390625,3685450000,1245.0400390625
2016-09-22,1246.4300537109375,1263.4599609375,1246.4300537109375,1263.43994140625,3523860000,1263.43994140625
2016-09-23,1262.93994140625,1262.93994140625,1254.56005859375,1254.6199951171875,3289860000,1254.6199951171875
2016-09-26,1253.949951171875,1253.949951171875,1240.77001953125,1240.93994140625,3199910000,1240.93994140625
2016-09-27,1240.9100341796875,1247.1199951171875,1238.31005859375,1246.3800048828125,3414090000,1246.3800048828125
2016-09-28,1246.699951171875,1255.93994140625,1240.5899658203125,1255.6700439453125,3860390000,1255.6700439453125
2016-09-29,1255.5899658203125,1255.5899658203125,1236.8599853515625,1237.75,4215620000,1237.75
2016-09-30,1239.9300537109375,1255.7099609375,1238.06005859375,1251.6500244140625,4158800000,1251.6500244140625
2016-10-03,1251.280029296875,1251.280029296875,1240.969970703125,1245.780029296875,3113850000,1245.780029296875
2016-10-04,1246.02001953125,1249.9300537109375,1235.75,1239.780029296875,3716100000,1239.780029296875
2016-10-05,1240.52001953125,1254.0899658203125,1240.52001953125,1248.3699951171875,3883710000,1248.3699951171875
2016-10-06,1247.77001953125,1247.77001953125,1237.4100341796875,1246.239990234375,3438040000,1246.239990234375
2016-10-07,1246.3699951171875,1247.5799560546875,1231.3499755859375,1236.56005859375,3578770000,1236.56005859375
2016-10-10,1239.2099609375,1253.81005859375,1239.2099609375,1250.760009765625,2881970000,1250.760009765625
2016-10-11,1249.9599609375,1249.9599609375,1222.5699462890625,1227.6199951171875,3393060000,1227.6199951171875
2016-10-12,1227.6700439453125,1232.6099853515625,1224.2900390625,1227.22998046875,2959510000,1227.22998046875
2016-10-13,1225.1400146484375,1225.1400146484375,1209.3199462890625,1215.75,3538030000,1215.75
2016-10-14,1217.6300048828125,1226.010009765625,1212.260009765625,1212.4100341796875,3187910000,1212.4100341796875
2016-10-17,1212.4200439453125,1215.4200439453125,1209.8299560546875,1210.1400146484375,2832440000,1210.1400146484375
2016-10-18,1211.300048828125,1222.199951171875,1211.300048828125,1217.300048828125,3172940000,1217.300048828125
2016-10-19,1217.3399658203125,1226.3499755859375,1214.050048828125,1222.6400146484375,3364990000,1222.6400146484375
2016-10-20,1221.989990234375,1222.6099853515625,1213.1600341796875,1219.7900390625,3339320000,1219.7900390625
2016-10-21,1217.8900146484375,1220.030029296875,1208.989990234375,1218.0999755859375,3456390000,1218.0999755859375
2016-10-24,1219.72998046875,1231.9300537109375,1219.72998046875,1226.449951171875,3359950000,1226.449951171875
2016-10-25,1225.9000244140625,1226.1600341796875,1214.81005859375,1216.0999755859375,3756200000,1216.0999755859375
2016-10-26,1214.489990234375,1216.0799560546875,1203.1199951171875,1204.75,3778120000,1204.75
2016-10-27,1205.739990234375,1208.1800537109375,1188.75,1189.949951171875,4209400000,1189.949951171875
2016-10-28,1190.06005859375,1196.239990234375,1185.47998046875,1187.6099853515625,4028270000,1187.6099853515625
2016-10-31,1187.8699951171875,1192.97998046875,1185.1700439453125,1191.3900146484375,3926560000,1191.3900146484375
2016-11-01,1191.77001953125,1194.47998046875,1170.8699951171875,1177.93994140625,4539190000,1177.93994140625
2016-11-02,1177.77001953125,1177.77001953125,1161.8499755859375,1162.52001953125,4289120000,1162.52001953125
2016-11-03,1164.469970703125,1168.1300048828125,1156.0799560546875,1156.8900146484375,3892100000,1156.8900146484375
2016-11-04,1157.18994140625,1174.780029296875,1156.9200439453125,1163.43994140625,3841910000,1163.43994140625
2016-11-07,1164.5699462890625,1193.3900146484375,1164.5699462890625,1192.25,3739720000,1192.25
2016-11-08,1192.0400390625,1200.219970703125,1184.8499755859375,1195.1400146484375,3921850000,1195.1400146484375
2016-11-09,1194.3399658203125,1233.6600341796875,1188.4300537109375,1232.1600341796875,6267590000,1232.1600341796875
2016-11-10,1235.8599853515625,1258.47998046875,1234.02001953125,1251.6099853515625,6458450000,1251.6099853515625
2016-11-11,1251.52001953125,1282.8199462890625,1250.8299560546875,1282.3800048828125,4993990000,1282.3800048828125
2016-11-14,1283.030029296875,1306.56005859375,1283.030029296875,1298.5999755859375,5373670000,1298.5999755859375
2016-11-15,1298.52001953125,1304.3800048828125,1290.449951171875,1302.1400146484375,4548110000,1302.1400146484375
2016-11-16,1300.68994140625,1304.97998046875,1296.1099853515625,1302.199951171875,3847900000,1302.199951171875
2016-11-17,1302.8599853515625,1313.06005859375,1302.8599853515625,1309.47998046875,3811730000,1309.47998046875
2016-11-18,1309.739990234375,1316.219970703125,1308.43994140625,1315.6400146484375,3580900000,1315.6400146484375
2016-11-21,1317.4100341796875,1323.719970703125,1313.6700439453125,1322.22998046875,3611500000,1322.22998046875
2016-11-22,1322.4599609375,1334.8299560546875,1322.4599609375,1334.3399658203125,3960520000,1334.3399658203125
2016-11-23,1333.760009765625,1342.3499755859375,1326.949951171875,1342.0899658203125,3419850000,1342.0899658203125
2016-11-25,1342.199951171875,1347.199951171875,1340.6600341796875,1347.199951171875,1584590000,1347.199951171875
2016-11-28,1346.8800048828125,1346.8800048828125,1328.5799560546875,1329.8299560546875,3515100000,1329.8299560546875
2016-11-29,1329.9100341796875,1335.43994140625,1327.02001953125,1328.219970703125,3709190000,1328.219970703125
2016-11-30,1329.760009765625,1337.3299560546875,1320.949951171875,1322.3399658203125,5538400000,1322.3399658203125
2016-12-01,1322.760009765625,1331.72998046875,1308.8499755859375,1313.800048828125,5067470000,1313.800048828125
2016-12-02,1313.5799560546875,1319.3499755859375,1311.52001953125,1314.25,3782370000,1314.25
2016-12-05,1314.97998046875,1338.22998046875,1314.97998046875,1337.7900390625,3898530000,1337.7900390625
2016-12-06,1338.050048828125,1353.5699462890625,1334.300048828125,1352.6700439453125,3857290000,1352.6700439453125
2016-12-07,1352.0999755859375,1366.6099853515625,1347.8399658203125,1364.510009765625,4504070000,1364.510009765625
2016-12-08,1364.4300537109375,1386.449951171875,1363.699951171875,1386.3699951171875,4203270000,1386.3699951171875
2016-12-09,1386.6600341796875,1392.7099609375,1383.239990234375,1388.0699462890625,3886460000,1388.0699462890625
2016-12-12,1387.780029296875,1388.530029296875,1370.7900390625,1373.1400146484375,4038850000,1373.1400146484375
2016-12-13,1373.3399658203125,1382.43994140625,1367.9200439453125,1373.530029296875,3875630000,1373.530029296875
2016-12-14,1372.0799560546875,1374.5400390625,1354.0699462890625,1356.02001953125,4409670000,1356.02001953125
2016-12-15,1356.43994140625,1374.8199462890625,1354.469970703125,1366.4100341796875,4173360000,1366.4100341796875
2016-12-16,1366.9300537109375,1379.030029296875,1362.0699462890625,1364.18994140625,5928980000,1364.18994140625
2016-12-19,1364.780029296875,1375.5899658203125,1364.780029296875,1371.6800537109375,3252840000,1371.6800537109375
2016-12-20,1372.0699462890625,1385.06005859375,1372.0699462890625,1383.9599609375,3306250000,1383.9599609375
2016-12-21,1383.6300048828125,1384.3599853515625,1375.18994140625,1375.18994140625,2854880000,1375.18994140625
2016-12-22,1374.949951171875,1375.4599609375,1360.25,1362.6600341796875,2880670000,1362.6600341796875
2016-12-23,1362.6300048828125,1371.510009765625,1362.56005859375,1371.510009765625,2021230000,1371.510009765625
2016-12-27,1371.5899658203125,1381.97998046875,1371.5899658203125,1377.7099609375,1989730000,1377.7099609375
2016-12-28,1377.780029296875,1379.27001953125,1359.219970703125,1360.8299560546875,2402750000,1360.8299560546875
2016-12-29,1360.9200439453125,1367.449951171875,1357.3900146484375,1363.1800537109375,2338700000,1363.1800537109375
2016-12-30,1363.5899658203125,1364.97998046875,1353.9200439453125,1357.1300048828125,2671550000,1357.1300048828125
2017-01-03,1357.989990234375,1375.0899658203125,1355.3900146484375,1365.489990234375,3773010000,1365.489990234375
2017-01-04,1366.699951171875,1388.5999755859375,1366.699951171875,1387.949951171875,3768890000,1387.949951171875
2017-01-05,1387.7099609375,1387.7099609375,1366.5699462890625,1371.93994140625,3785080000,1371.93994140625
2017-01-06,1372.489990234375,1375.06005859375,1366.8199462890625,1367.280029296875,3342080000,1367.280029296875
2017-01-09,1367.1300048828125,1367.1300048828125,1356.5400390625,1357.489990234375,3219730000,1357.489990234375
2017-01-10,1357.739990234375,1371.5,1357.739990234375,1370.9000244140625,3640560000,1370.9000244140625
2017-01-11,1370.8900146484375,1375.5400390625,1365.1400146484375,1373.300048828125,3625080000,1373.300048828125
2017-01-12,1372.8399658203125,1372.8399658203125,1346.81005859375,1361.0699462890625,3466220000,1361.0699462890625
2017-01-13,1361.3800048828125,1376.1700439453125,1361.3800048828125,1372.050048828125,3090680000,1372.050048828125
2017-01-17,1371.510009765625,1371.510009765625,1351.5,1352.3199462890625,3586950000,1352.3199462890625
2017-01-18,1352.739990234375,1358.8399658203125,1350.81005859375,1358.56005859375,3317670000,1358.56005859375
2017-01-19,1358.8299560546875,1360.760009765625,1342.1400146484375,1345.739990234375,3168390000,1345.739990234375
2017-01-20,1345.9599609375,1355.2099609375,1345.9599609375,1351.8499755859375,3536850000,1351.8499755859375
2017-01-23,1351.4100341796875,1353.1300048828125,1341.4599609375,1347.8399658203125,3155240000,1347.8399658203125
2017-01-24,1348.1199951171875,1370.969970703125,1348.1199951171875,1369.2099609375,3816950000,1369.2099609375
2017-01-25,1371.1099853515625,1383.3599853515625,1371.1099853515625,1382.43994140625,3849340000,1382.43994140625
2017-01-26,1382.4300537109375,1384.1300048828125,1374.6199951171875,1375.5999755859375,3611510000,1375.5999755859375
2017-01-27,1375.6800537109375,1375.9300537109375,1366.3599853515625,1370.699951171875,3137420000,1370.699951171875
2017-01-30,1369.489990234375,1369.489990234375,1342.6600341796875,1352.3299560546875,3595040000,1352.3299560546875
2017-01-31,1351.719970703125,1363.5999755859375,1345.6500244140625,1361.8199462890625,4089730000,1361.8199462890625
2017-02-01,1364.0699462890625,1374.18994140625,1357.489990234375,1361.22998046875,3919190000,1361.22998046875
2017-02-02,1360.5400390625,1364.0999755859375,1354.8599853515625,1357.4300537109375,3809760000,1357.4300537109375
2017-02-03,1358.050048828125,1377.9300537109375,1358.050048828125,1377.8399658203125,3605970000,1377.8399658203125
2017-02-06,1377.3299560546875,1377.3299560546875,1364.6300048828125,1366.6600341796875,3112390000,1366.6600341796875
2017-02-07,1366.8199462890625,1371.8800048828125,1357.6099853515625,1361.06005859375,3452460000,1361.06005859375
2017-02-08,1360.469970703125,1360.469970703125,1349.4300537109375,1358.739990234375,3611950000,1358.739990234375
2017-02-09,1359.300048828125,1379.72998046875,1359.300048828125,1378.530029296875,3681600000,1378.530029296875
2017-02-10,1380.0699462890625,1391.1800537109375,1380.0699462890625,1388.8399658203125,3496600000,1388.8399658203125
2017-02-13,1390.4100341796875,1398.5999755859375,1389.93994140625,1392.3800048828125,3352370000,1392.3800048828125
2017-02-14,1391.800048828125,1397.1400146484375,1386.3499755859375,1396.6500244140625,3528040000,1396.6500244140625
2017-02-15,1396.3399658203125,1405.2099609375,1392.0400390625,1404.2099609375,3785870000,1404.2099609375
2017-02-16,1403.5999755859375,1404.8399658203125,1391.8699951171875,1399.1300048828125,3675900000,1399.1300048828125
2017-02-17,1399.0699462890625,1399.8599853515625,1392.6700439453125,1399.8599853515625,3516830000,1399.8599853515625
2017-02-21,1400.6600341796875,1410.4000244140625,1400.6600341796875,1410.3399658203125,3587520000,1410.3399658203125
2017-02-22,1410.1099853515625,1410.1099853515625,1401.300048828125,1403.8599853515625,3473170000,1403.8599853515625
2017-02-23,1404.3800048828125,1406.56005859375,1385.6300048828125,1394.6199951171875,4021770000,1394.6199951171875
2017-02-24,1393.6199951171875,1394.530029296875,1382.2099609375,1394.52001953125,3832410000,1394.52001953125
2017-02-27,1394.530029296875,1407.969970703125,1392.239990234375,1407.969970703125,3584680000,1407.969970703125
2017-02-28,1406.8699951171875,1406.8699951171875,1386.530029296875,1386.6800537109375,4212460000,1386.6800537109375
2017-03-01,1389.1199951171875,1414.8199462890625,1389.1199951171875,1413.6400146484375,4347630000,1413.6400146484375
2017-03-02,1413.1600341796875,1413.1600341796875,1395.1600341796875,1395.6700439453125,3824030000,1395.6700439453125
2017-03-03,1395.550048828125,1399.0799560546875,1387.969970703125,1394.1300048828125,3556670000,1394.1300048828125
2017-03-06,1392.3399658203125,1392.3399658203125,1378.449951171875,1384.25,3251800000,1384.25
2017-03-07,1383.3199462890625,1383.6600341796875,1374.199951171875,1374.8800048828125,3526300000,1374.8800048828125
2017-03-08,1375.6600341796875,1381.9599609375,1365.8399658203125,1366.0400390625,3814080000,1366.0400390625
2017-03-09,1366.22998046875,1371.0400390625,1357.3800048828125,1360.1199951171875,3718450000,1360.1199951171875
2017-03-10,1361.1500244140625,1369.050048828125,1356.68994140625,1365.260009765625,3434400000,1365.260009765625
2017-03-13,1365.1600341796875,1373.25,1365.050048828125,1370.280029296875,3166650000,1370.280029296875
2017-03-14,1369.1600341796875,1369.1600341796875,1353.469970703125,1362.3800048828125,3173760000,1362.3800048828125
2017-03-15,1363.3599853515625,1385.68994140625,1363.3599853515625,1382.8299560546875,3909490000,1382.8299560546875
2017-03-16,1383.760009765625,1389.7900390625,1382.469970703125,1386.030029296875,3368880000,1386.030029296875
2017-03-17,1385.27001953125,1393.1800537109375,1380.68994140625,1391.52001953125,5179820000,1391.52001953125
2017-03-20,1391.4599609375,1391.47998046875,1381.1199951171875,1384.0999755859375,3061560000,1384.0999755859375
2017-03-21,1385.530029296875,1390.199951171875,1346.030029296875,1346.550048828125,4278890000,1346.550048828125
2017-03-22,1346.2099609375,1348.6400146484375,1335.219970703125,1345.5999755859375,3575160000,1345.5999755859375
2017-03-23,1345.4200439453125,1361.219970703125,1343.2900390625,1353.4300537109375,3262400000,1353.4300537109375
2017-03-24,1354.52001953125,1362.7900390625,1349.1800537109375,1354.6400146484375,2978530000,1354.6400146484375
2017-03-27,1352.699951171875,1359.3299560546875,1335.0400390625,1357.3199462890625,3242300000,1357.3199462890625
2017-03-28,1356.699951171875,1367.93994140625,1352.530029296875,1367.260009765625,3369120000,1367.260009765625
2017-03-29,1366.6800537109375,1373.1300048828125,1363.3499755859375,1371.6400146484375,3107670000,1371.6400146484375
2017-03-30,1371.989990234375,1382.9300537109375,1371.989990234375,1382.3499755859375,3159680000,1382.3499755859375
2017-03-31,1382.199951171875,1389.949951171875,1380.1199951171875,1385.9200439453125,3356740000,1385.9200439453125
2017-04-03,1386.4300537109375,1388.739990234375,1366.530029296875,1369.6700439453125,3418730000,1369.6700439453125
2017-04-04,1368.5799560546875,1374.050048828125,1363.300048828125,1368.1800537109375,3208340000,1368.1800537109375
2017-04-05,1369.7900390625,1381.3399658203125,1350.9599609375,1352.1400146484375,3780650000,1352.1400146484375
2017-04-06,1351.9599609375,1364.52001953125,1349.3399658203125,1364.4300537109375,3203250000,1364.4300537109375
2017-04-07,1363.8399658203125,1367.5,1358.010009765625,1364.56005859375,3054700000,1364.56005859375
2017-04-10,1364.760009765625,1376.56005859375,1361.5400390625,1367.0899658203125,2792570000,1367.0899658203125
2017-04-11,1366.469970703125,1377.22998046875,1360.5400390625,1376.949951171875,3120900000,1376.949951171875
2017-04-12,1376.8599853515625,1376.8599853515625,1358.1500244140625,1359.199951171875,3201300000,1359.199951171875
2017-04-13,1358.6099853515625,1361.3199462890625,1345.239990234375,1345.239990234375,3146380000,1345.239990234375
2017-04-17,1345.3599853515625,1361.25,1345.3599853515625,1361.1800537109375,2826890000,1361.1800537109375
2017-04-18,1359.8900146484375,1362.489990234375,1351.4200439453125,1361.8900146484375,3272210000,1361.8900146484375
2017-04-19,1362.3199462890625,1376.68994140625,1362.3199462890625,1367.1300048828125,3521160000,1367.1300048828125
2017-04-20,1368.3900146484375,1384.5799560546875,1368.3900146484375,1384.1500244140625,3648990000,1384.1500244140625
2017-04-21,1381.5,1383.1300048828125,1376.3699951171875,1379.8499755859375,3524160000,1379.8499755859375
2017-04-24,1380.530029296875,1399.9599609375,1380.530029296875,1397.93994140625,3711170000,1397.93994140625
2017-04-25,1400.0999755859375,1415.550048828125,1400.0999755859375,1411.0799560546875,4005820000,1411.0799560546875
2017-04-26,1411.050048828125,1425.699951171875,1409.8299560546875,1419.4300537109375,4111350000,1419.4300537109375
2017-04-27,1419.5699462890625,1423.52001953125,1413.6800537109375,1417.1300048828125,4099940000,1417.1300048828125
2017-04-28,1417.75,1419.2099609375,1399.75,1400.4300537109375,3721350000,1400.4300537109375
2017-05-01,1401.010009765625,1411.0400390625,1397.0799560546875,1407.3599853515625,3201500000,1407.3599853515625
2017-05-02,1407.5400390625,1409.050048828125,1395.6300048828125,1399.3599853515625,3861360000,1399.3599853515625
2017-05-03,1399.1300048828125,1399.1300048828125,1386.3199462890625,1390.9200439453125,3896760000,1390.9200439453125
2017-05-04,1391.1700439453125,1394.1600341796875,1380.489990234375,1388.8499755859375,4367860000,1388.8499755859375
2017-05-05,1389.2099609375,1397.2099609375,1385.199951171875,1397.0,3543240000,1397.0
2017-05-08,1396.4000244140625,1397.4300537109375,1386.4200439453125,1391.6400146484375,3429990000,1391.6400146484375
2017-05-09,1392.31005859375,1395.47998046875,1386.72998046875,1391.8599853515625,3657840000,1391.8599853515625
2017-05-10,1392.030029296875,1400.81005859375,1390.43994140625,1399.5899658203125,3649370000,1399.5899658203125
2017-05-11,1399.199951171875,1399.199951171875,1379.1500244140625,1390.199951171875,3727710000,1390.199951171875
2017-05-12,1389.3900146484375,1389.3900146484375,1380.02001953125,1382.77001953125,3304620000,1382.77001953125
2017-05-15,1383.27001953125,1398.989990234375,1383.27001953125,1393.9200439453125,3490080000,1393.9200439453125
2017-05-16,1394.5699462890625,1396.3599853515625,1384.8199462890625,1394.6800537109375,3421810000,1394.6800537109375
2017-05-17,1388.300048828125,1388.300048828125,1355.8499755859375,1355.8900146484375,4164760000,1355.8900146484375
2017-05-18,1354.9300537109375,1365.010009765625,1351.010009765625,1361.0799560546875,4319440000,1361.0799560546875
2017-05-19,1361.530029296875,1374.4200439453125,1361.530029296875,1367.3299560546875,3831700000,1367.3299560546875
2017-05-22,1367.8800048828125,1378.300048828125,1367.8800048828125,1377.1400146484375,3176580000,1377.1400146484375
2017-05-23,1378.239990234375,1383.0799560546875,1372.050048828125,1380.97998046875,3216560000,1380.97998046875
2017-05-24,1381.1600341796875,1386.0699462890625,1376.550048828125,1382.510009765625,3389240000,1382.510009765625
2017-05-25,1384.81005859375,1391.4200439453125,1380.3299560546875,1383.3900146484375,3538210000,1383.3900146484375
2017-05-26,1383.1400146484375,1383.6800537109375,1376.1500244140625,1382.239990234375,2806930000,1382.239990234375
2017-05-30,1381.1700439453125,1381.1700439453125,1370.9599609375,1371.18994140625,3205860000,1371.18994140625
2017-05-31,1372.199951171875,1374.4300537109375,1354.8499755859375,1370.2099609375,4518040000,1370.2099609375
2017-06-01,1370.3299560546875,1396.199951171875,1370.3299560546875,1396.06005859375,3860620000,1396.06005859375
2017-06-02,1396.0799560546875,1414.9599609375,1396.0400390625,1405.3900146484375,3465500000,1405.3900146484375
2017-06-05,1405.1400146484375,1405.1400146484375,1396.43994140625,1396.449951171875,2916720000,1396.449951171875
2017-06-06,1395.050048828125,1401.7900390625,1386.699951171875,1394.9000244140625,3376750000,1394.9000244140625
2017-06-07,1395.530029296875,1400.4100341796875,1392.199951171875,1396.6700439453125,3576220000,1396.6700439453125
2017-06-08,1396.780029296875,1419.3199462890625,1394.68994140625,1415.6099853515625,3735980000,1415.6099853515625
2017-06-09,1416.1500244140625,1433.7900390625,1413.6099853515625,1421.7099609375,4029860000,1421.7099609375
2017-06-12,1421.0999755859375,1426.0999755859375,1415.5899658203125,1419.2099609375,4031840000,1419.2099609375
2017-06-13,1420.06005859375,1427.550048828125,1420.06005859375,1425.989990234375,3278240000,1425.989990234375
2017-06-14,1426.030029296875,1426.1300048828125,1411.4000244140625,1417.5699462890625,3558640000,1417.5699462890625
2017-06-15,1415.469970703125,1415.469970703125,1402.52001953125,1410.0799560546875,3371980000,1410.0799560546875
2017-06-16,1407.219970703125,1407.219970703125,1399.260009765625,1406.72998046875,5299380000,1406.72998046875
2017-06-19,1407.0699462890625,1420.18994140625,1407.0699462890625,1418.0799560546875,3271480000,1418.0799560546875
2017-06-20,1417.760009765625,1417.760009765625,1402.7900390625,1402.969970703125,3422700000,1402.969970703125
2017-06-21,1403.3299560546875,1411.8800048828125,1398.4599609375,1399.25,3599190000,1399.25
2017-06-22,1399.3699951171875,1408.3399658203125,1396.8699951171875,1404.5400390625,3477250000,1404.5400390625
2017-06-23,1404.780029296875,1415.77001953125,1402.77001953125,1414.780029296875,5282460000,1414.780029296875
2017-06-26,1415.1199951171875,1420.77001953125,1409.1500244140625,1416.6400146484375,3243660000,1416.6400146484375
2017-06-27,1416.3499755859375,1420.6099853515625,1403.3800048828125,1403.52001953125,3564770000,1403.52001953125
2017-06-28,1404.4599609375,1426.3299560546875,1404.4599609375,1425.27001953125,3479980000,1425.27001953125
2017-06-29,1425.489990234375,1428.030029296875,1403.02001953125,1416.199951171875,3869560000,1416.199951171875
2017-06-30,1416.72998046875,1420.989990234375,1413.2900390625,1415.3599853515625,3366030000,1415.3599853515625
2017-07-03,1416.469970703125,1429.3699951171875,1416.469970703125,1426.6800537109375,1901480000,1426.6800537109375
2017-07-05,1426.530029296875,1426.530029296875,1412.6199951171875,1420.1500244140625,3368150000,1420.1500244140625
2017-07-06,1418.8599853515625,1418.8599853515625,1398.8299560546875,1400.81005859375,3368710000,1400.81005859375
2017-07-07,1401.3499755859375,1416.6800537109375,1401.3499755859375,1415.8399658203125,2929390000,1415.8399658203125
2017-07-10,1415.280029296875,1418.050048828125,1405.75,1408.469970703125,3009880000,1408.469970703125
2017-07-11,1408.6099853515625,1413.469970703125,1402.6300048828125,1413.050048828125,3108800000,1413.050048828125
2017-07-12,1414.3399658203125,1431.3399658203125,1414.3399658203125,1424.3199462890625,3176900000,1424.3199462890625
2017-07-13,1424.530029296875,1425.739990234375,1416.27001953125,1425.6600341796875,3068510000,1425.6600341796875
2017-07-14,1425.469970703125,1432.969970703125,1424.0999755859375,1428.8199462890625,2738460000,1428.8199462890625
2017-07-17,1428.780029296875,1434.449951171875,1425.969970703125,1431.5999755859375,2800580000,1431.5999755859375
2017-07-18,1431.1099853515625,1431.1099853515625,1422.489990234375,1427.6099853515625,2974090000,1427.6099853515625
2017-07-19,1428.280029296875,1441.77001953125,1428.280029296875,1441.77001953125,3063810000,1441.77001953125
2017-07-20,1442.1600341796875,1445.06005859375,1438.9599609375,1442.3499755859375,3223820000,1442.3499755859375
2017-07-21,1443.3699951171875,1452.050048828125,1433.8299560546875,1435.8399658203125,3066880000,1435.8399658203125
2017-07-24,1435.8199462890625,1438.5999755859375,1431.3399658203125,1438.050048828125,3019920000,1438.050048828125
2017-07-25,1438.8599853515625,1452.0899658203125,1438.8599853515625,1450.3900146484375,4116360000,1450.3900146484375
2017-07-26,1450.5799560546875,1452.02001953125,1441.25,1442.280029296875,3597830000,1442.280029296875
2017-07-27,1442.260009765625,1446.6300048828125,1427.68994140625,1433.6199951171875,4035740000,1433.6199951171875
2017-07-28,1432.5899658203125,1432.5899658203125,1425.800048828125,1429.260009765625,3302850000,1429.260009765625
2017-07-31,1429.4599609375,1432.4599609375,1420.6600341796875,1425.1400146484375,3475930000,1425.1400146484375
2017-08-01,1426.030029296875,1430.6600341796875,1420.8199462890625,1428.3299560546875,3470260000,1428.3299560546875
2017-08-02,1428.030029296875,1428.030029296875,1408.52001953125,1412.9000244140625,3487150000,1412.9000244140625
2017-08-03,1413.0899658203125,1414.719970703125,1402.3900146484375,1405.22998046875,3662410000,1405.22998046875
2017-08-04,1405.1400146484375,1413.0400390625,1405.1400146484375,1412.3199462890625,3239980000,1412.3199462890625
2017-08-07,1412.4000244140625,1417.4200439453125,1408.6199951171875,1414.1700439453125,2935130000,1414.1700439453125
2017-08-08,1413.9300537109375,1426.2900390625,1407.5699462890625,1410.1500244140625,3347480000,1410.1500244140625
2017-08-09,1409.780029296875,1409.780029296875,1393.239990234375,1396.949951171875,3310960000,1396.949951171875
2017-08-10,1396.5999755859375,1396.5999755859375,1372.5400390625,1372.5400390625,3635820000,1372.5400390625
2017-08-11,1372.260009765625,1376.3699951171875,1368.3299560546875,1374.22998046875,3161830000,1374.22998046875
2017-08-14,1375.1300048828125,1394.530029296875,1375.1300048828125,1394.31005859375,2824320000,1394.31005859375
2017-08-15,1394.699951171875,1395.8800048828125,1382.949951171875,1383.239990234375,2922430000,1383.239990234375
2017-08-16,1384.1800537109375,1391.6800537109375,1381.9000244140625,1383.530029296875,2956570000,1383.530029296875
2017-08-17,1383.0699462890625,1384.739990234375,1358.800048828125,1358.93994140625,3164950000,1358.93994140625
2017-08-18,1357.010009765625,1362.3399658203125,1349.3499755859375,1357.7900390625,3426970000,1357.7900390625
2017-08-21,1357.739990234375,1358.0899658203125,1351.199951171875,1356.9000244140625,2803650000,1356.9000244140625
2017-08-22,1357.8900146484375,1372.3299560546875,1357.8900146484375,1371.5400390625,2780990000,1371.5400390625
2017-08-23,1370.6800537109375,1373.280029296875,1363.1700439453125,1369.739990234375,2796950000,1369.739990234375
2017-08-24,1370.1600341796875,1377.050048828125,1370.1600341796875,1373.8800048828125,2849680000,1373.8800048828125
2017-08-25,1374.3800048828125,1380.5999755859375,1373.530029296875,1377.449951171875,2593350000,1377.449951171875
2017-08-28,1377.760009765625,1382.530029296875,1377.06005859375,1382.22998046875,2682920000,1382.22998046875
2017-08-29,1381.31005859375,1385.18994140625,1371.800048828125,1383.6800537109375,2739460000,1383.6800537109375
2017-08-30,1383.2099609375,1392.77001953125,1381.199951171875,1391.3199462890625,2637780000,1391.3199462890625
2017-08-31,1392.0400390625,1406.43994140625,1392.0400390625,1405.280029296875,3353860000,1405.280029296875
2017-09-01,1405.8199462890625,1413.8699951171875,1405.8199462890625,1413.5699462890625,2712780000,1413.5699462890625
2017-09-05,1413.300048828125,1414.550048828125,1394.510009765625,1399.6600341796875,3502190000,1399.6600341796875
2017-09-06,1400.010009765625,1406.02001953125,1399.27001953125,1402.199951171875,3400200000,1402.199951171875
2017-09-07,1402.4599609375,1404.31005859375,1393.8800048828125,1398.6700439453125,3365780000,1398.6700439453125
2017-09-08,1398.18994140625,1403.530029296875,1394.4300537109375,1399.4300537109375,3308360000,1399.4300537109375
2017-09-11,1400.56005859375,1415.75,1400.56005859375,1414.8299560546875,3293460000,1414.8299560546875
2017-09-12,1415.3399658203125,1423.9300537109375,1415.1800537109375,1423.4599609375,3234280000,1423.4599609375
2017-09-13,1423.300048828125,1428.739990234375,1421.8800048828125,1426.8900146484375,3371370000,1426.8900146484375
2017-09-14,1426.5699462890625,1427.9200439453125,1421.6300048828125,1425.02001953125,3422470000,1425.02001953125
2017-09-15,1425.3499755859375,1431.989990234375,1422.25,1431.7099609375,4862970000,1431.7099609375
2017-09-18,1431.75,1444.27001953125,1431.75,1441.0799560546875,3204700000,1441.0799560546875
2017-09-19,1441.18994140625,1442.5799560546875,1438.2900390625,1440.4000244140625,3253760000,1440.4000244140625
2017-09-20,1440.47998046875,1446.47998046875,1440.0,1445.4200439453125,3584570000,1445.4200439453125
2017-09-21,1445.199951171875,1448.8399658203125,1441.68994140625,1444.1800537109375,2965590000,1444.1800537109375
2017-09-22,1443.469970703125,1451.510009765625,1441.8599853515625,1450.780029296875,2877980000,1450.780029296875
2017-09-25,1450.6300048828125,1455.219970703125,1445.02001953125,1451.9599609375,3314530000,1451.9599609375
2017-09-26,1452.25,1460.949951171875,1452.25,1456.8599853515625,3070770000,1456.8599853515625
2017-09-27,1457.27001953125,1487.949951171875,1457.27001953125,1484.81005859375,3485070000,1484.81005859375
2017-09-28,1484.800048828125,1489.3499755859375,1478.199951171875,1488.7900390625,3173030000,1488.7900390625
2017-09-29,1488.800048828125,1493.56005859375,1488.800048828125,1490.8599853515625,3220260000,1490.8599853515625
2017-10-02,1491.050048828125,1509.47998046875,1491.050048828125,1509.469970703125,3226370000,1509.469970703125
2017-10-03,1509.93994140625,1512.260009765625,1503.52001953125,1511.969970703125,3073480000,1511.969970703125
2017-10-04,1512.0,1514.77001953125,1505.0699462890625,1507.760009765625,3020770000,1507.760009765625
2017-10-05,1508.3399658203125,1514.93994140625,1508.3399658203125,1512.0899658203125,3059730000,1512.0899658203125
2017-10-06,1511.4100341796875,1511.4100341796875,1506.4100341796875,1510.219970703125,2898270000,1510.219970703125
2017-10-09,1510.4100341796875,1513.300048828125,1501.77001953125,1503.56005859375,2486940000,1503.56005859375
2017-10-10,1504.1099853515625,1511.3299560546875,1503.9200439453125,1508.010009765625,2962610000,1508.010009765625
2017-10-11,1507.9100341796875,1510.6199951171875,1505.1400146484375,1506.9200439453125,2991320000,1506.9200439453125
2017-10-12,1506.4599609375,1508.4300537109375,1501.1400146484375,1505.1600341796875,3157280000,1505.1600341796875
2017-10-13,1505.4599609375,1508.219970703125,1502.22998046875,1502.6600341796875,3150470000,1502.6600341796875
2017-10-16,1502.969970703125,1511.2900390625,1499.6400146484375,1502.6800537109375,2918030000,1502.6800537109375
2017-10-17,1502.530029296875,1505.800048828125,1495.9000244140625,1497.5,2901890000,1497.5
2017-10-18,1497.97998046875,1507.8399658203125,1497.97998046875,1505.1400146484375,2999320000,1505.1400146484375
2017-10-19,1502.969970703125,1505.1400146484375,1491.3800048828125,1502.0400390625,3019520000,1502.0400390625
2017-10-20,1504.719970703125,1512.75,1504.719970703125,1509.25,3394450000,1509.25
2017-10-23,1509.6700439453125,1511.47998046875,1497.3399658203125,1497.489990234375,3214470000,1497.489990234375
2017-10-24,1498.18994140625,1505.5699462890625,1498.18994140625,1500.4200439453125,3435660000,1500.4200439453125
2017-10-25,1500.25,1500.4200439453125,1482.530029296875,1493.47998046875,3885470000,1493.47998046875
2017-10-26,1494.1099853515625,1501.3599853515625,1494.1099853515625,1497.4599609375,3891750000,1497.4599609375
2017-10-27,1497.5400390625,1508.3199462890625,1493.489990234375,1508.3199462890625,3896100000,1508.3199462890625
2017-10-30,1507.47998046875,1507.47998046875,1484.8199462890625,1490.9000244140625,3660230000,1490.9000244140625
2017-10-31,1491.43994140625,1506.780029296875,1491.43994140625,1502.530029296875,3844420000,1502.530029296875
2017-11-01,1504.5400390625,1512.4000244140625,1485.1300048828125,1492.780029296875,3841200000,1492.780029296875
2017-11-02,1492.9000244140625,1499.93994140625,1487.72998046875,1496.550048828125,4050140000,1496.550048828125
2017-11-03,1496.3199462890625,1497.1400146484375,1490.6600341796875,1494.9100341796875,3568710000,1494.9100341796875
2017-11-06,1495.030029296875,1501.489990234375,1494.739990234375,1497.9599609375,3541970000,1497.9599609375
2017-11-07,1497.97998046875,1498.0,1476.719970703125,1479.0899658203125,3815190000,1479.0899658203125
2017-11-08,1477.949951171875,1482.8599853515625,1469.3399658203125,1481.72998046875,3898450000,1481.72998046875
2017-11-09,1481.2900390625,1481.6199951171875,1463.489990234375,1475.02001953125,3844100000,1475.02001953125
2017-11-10,1474.9200439453125,1479.1099853515625,1473.1400146484375,1475.27001953125,3489740000,1475.27001953125
2017-11-13,1474.43994140625,1476.6800537109375,1466.0899658203125,1475.0699462890625,3405200000,1475.0699462890625
2017-11-14,1474.27001953125,1474.27001953125,1465.3800048828125,1471.260009765625,3643580000,1471.260009765625
2017-11-15,1470.9000244140625,1470.9000244140625,1454.1700439453125,1464.0899658203125,3586590000,1464.0899658203125
2017-11-16,1464.969970703125,1490.969970703125,1464.969970703125,1486.8800048828125,3329730000,1486.8800048828125
2017-11-17,1485.699951171875,1496.8599853515625,1481.0899658203125,1492.8199462890625,3309800000,1492.8199462890625
2017-11-20,1492.9300537109375,1503.4000244140625,1492.9300537109375,1503.4000244140625,3023940000,1503.4000244140625
2017-11-21,1503.449951171875,1519.530029296875,1503.449951171875,1518.8900146484375,3351230000,1518.8900146484375
2017-11-22,1518.97998046875,1524.1800537109375,1516.760009765625,1516.760009765625,2764110000,1516.760009765625
2017-11-24,1517.4100341796875,1521.3800048828125,1516.52001953125,1519.1600341796875,1385890000,1519.1600341796875
2017-11-27,1519.1700439453125,1522.030029296875,1513.18994140625,1513.31005859375,3017720000,1513.31005859375
2017-11-28,1514.1500244140625,1536.6300048828125,1514.1500244140625,1536.4300537109375,3493340000,1536.4300537109375
2017-11-29,1536.8199462890625,1547.27001953125,1536.8199462890625,1542.300048828125,4090630000,1542.300048828125
2017-11-30,1542.6199951171875,1551.68994140625,1541.2099609375,1544.1400146484375,4965700000,1544.1400146484375
2017-12-01,1544.0999755859375,1544.9200439453125,1498.780029296875,1537.02001953125,3950930000,1537.02001953125
2017-12-04,1539.27001953125,1559.6099853515625,1531.72998046875,1532.4100341796875,4025840000,1532.4100341796875
2017-12-05,1532.719970703125,1534.010009765625,1516.75,1516.760009765625,3547570000,1516.760009765625
2017-12-06,1516.3599853515625,1516.5400390625,1508.1300048828125,1508.8800048828125,3253080000,1508.8800048828125
2017-12-07,1508.9300537109375,1524.0,1508.1500244140625,1520.469970703125,3297060000,1520.469970703125
2017-12-08,1521.780029296875,1529.0,1520.8800048828125,1521.719970703125,3126750000,1521.719970703125
2017-12-11,1522.0999755859375,1527.469970703125,1518.300048828125,1519.8399658203125,3141480000,1519.8399658203125
2017-12-12,1520.06005859375,1525.1099853515625,1515.949951171875,1516.1199951171875,3568910000,1516.1199951171875
2017-12-13,1516.18994140625,1532.3800048828125,1516.0799560546875,1524.449951171875,3568360000,1524.449951171875
2017-12-14,1524.5400390625,1527.0,1504.8900146484375,1506.949951171875,3442760000,1506.949951171875
2017-12-15,1507.6800537109375,1538.06005859375,1507.6800537109375,1530.4200439453125,5736910000,1530.4200439453125
2017-12-18,1530.81005859375,1552.3199462890625,1530.81005859375,1548.9200439453125,3727770000,1548.9200439453125
2017-12-19,1549.3199462890625,1552.2099609375,1535.9100341796875,1536.75,3407680000,1536.75
2017-12-20,1538.739990234375,1544.3499755859375,1536.22998046875,1540.0799560546875,3246230000,1540.0799560546875
2017-12-21,1540.4599609375,1551.2099609375,1540.4599609375,1547.1099853515625,3293130000,1547.1099853515625
2017-12-22,1547.239990234375,1548.25,1541.699951171875,1542.9300537109375,2401030000,1542.9300537109375
2017-12-26,1542.739990234375,1546.5899658203125,1541.2099609375,1544.22998046875,1970660000,1544.22998046875
2017-12-27,1544.3900146484375,1550.6199951171875,1541.949951171875,1543.93994140625,2202900000,1543.93994140625
2017-12-28,1544.050048828125,1549.0400390625,1542.52001953125,1548.9300537109375,2174890000,1548.9300537109375
2017-12-29,1549.06005859375,1551.93994140625,1535.510009765625,1535.510009765625,2447760000,1535.510009765625
2018-01-02,1536.1199951171875,1550.300048828125,1536.1199951171875,1550.010009765625,3397430000,1550.010009765625
2018-01-03,1550.280029296875,1555.0799560546875,1547.5899658203125,1552.5799560546875,3544030000,1552.5799560546875
2018-01-04,1552.97998046875,1560.8399658203125,1552.3699951171875,1555.719970703125,3697340000,1555.719970703125
2018-01-05,1555.8699951171875,1560.0699462890625,1552.1300048828125,1560.010009765625,3239280000,1560.010009765625
2018-01-08,1559.800048828125,1562.989990234375,1548.22998046875,1561.81005859375,3246160000,1561.81005859375
2018-01-09,1562.219970703125,1565.5799560546875,1558.8599853515625,1560.0999755859375,3467460000,1560.0999755859375
2018-01-10,1559.010009765625,1561.9100341796875,1551.52001953125,1559.800048828125,3579900000,1559.800048828125
2018-01-11,1560.219970703125,1586.7900390625,1560.219970703125,1586.7900390625,3645690000,1586.7900390625
2018-01-12,1587.1199951171875,1598.1800537109375,1587.1199951171875,1591.969970703125,3587220000,1591.969970703125
2018-01-16,1592.9100341796875,1604.02001953125,1570.75,1572.969970703125,4362880000,1572.969970703125
2018-01-17,1573.72998046875,1589.1300048828125,1573.72998046875,1586.6600341796875,3790340000,1586.6600341796875
2018-01-18,1586.31005859375,1586.31005859375,1576.4100341796875,1576.72998046875,3703300000,1576.72998046875
2018-01-19,1576.5,1597.6300048828125,1575.3199462890625,1597.6300048828125,3724230000,1597.6300048828125
2018-01-22,1598.1400146484375,1605.1700439453125,1595.550048828125,1605.1700439453125,3489480000,1605.1700439453125
2018-01-23,1604.93994140625,1612.550048828125,1599.2099609375,1610.7099609375,3541140000,1610.7099609375
2018-01-24,1611.68994140625,1615.52001953125,1595.93994140625,1601.77001953125,4079270000,1601.77001953125
2018-01-25,1601.5899658203125,1607.7900390625,1594.4200439453125,1601.6700439453125,3873100000,1601.6700439453125
2018-01-26,1602.969970703125,1608.06005859375,1599.5,1608.06005859375,3474680000,1608.06005859375
2018-01-29,1607.81005859375,1607.949951171875,1597.8800048828125,1598.1099853515625,3587420000,1598.1099853515625
2018-01-30,1595.6400146484375,1595.6400146484375,1579.489990234375,1582.8199462890625,4012070000,1582.8199462890625
2018-01-31,1584.7099609375,1594.27001953125,1571.260009765625,1574.97998046875,4276270000,1574.97998046875
2018-02-01,1574.72998046875,1582.280029296875,1568.8499755859375,1579.8699951171875,3977380000,1579.8699951171875
2018-02-02,1577.030029296875,1577.030029296875,1547.06005859375,1547.27001953125,4340220000,1547.27001953125
2018-02-05,1544.93994140625,1547.030029296875,1491.06005859375,1491.0899658203125,5310840000,1491.0899658203125
2018-02-06,1486.8499755859375,1512.97998046875,1461.449951171875,1507.1700439453125,5917350000,1507.1700439453125
2018-02-07,1506.6600341796875,1517.0,1503.3199462890625,1507.969970703125,4646300000,1507.969970703125
2018-02-08,1508.449951171875,1511.2099609375,1463.739990234375,1463.7900390625,5333840000,1463.7900390625
2018-02-09,1467.719970703125,1487.5799560546875,1436.4300537109375,1477.8399658203125,5690110000,1477.8399658203125
2018-02-12,1479.1099853515625,1498.1099853515625,1466.8800048828125,1490.97998046875,4069220000,1490.97998046875
2018-02-13,1489.6600341796875,1497.02001953125,1481.93994140625,1494.949951171875,3503540000,1494.949951171875
2018-02-14,1492.760009765625,1523.8900146484375,1483.2900390625,1522.0999755859375,4011940000,1522.0999755859375
2018-02-15,1524.1800537109375,1537.77001953125,1516.8800048828125,1537.199951171875,3696140000,1537.199951171875
2018-02-16,1536.3199462890625,1551.510009765625,1532.219970703125,1543.550048828125,3646920000,1543.550048828125
2018-02-20,1542.3800048828125,1546.4300537109375,1527.56005859375,1529.989990234375,3646920000,1529.989990234375
2018-02-21,1530.47998046875,1555.280029296875,1530.47998046875,1531.8399658203125,3789040000,1531.8399658203125
2018-02-22,1532.7900390625,1548.2900390625,1529.199951171875,1529.989990234375,3720620000,1529.989990234375
2018-02-23,1531.3499755859375,1549.18994140625,1531.3499755859375,1549.18994140625,3200360000,1549.18994140625
2018-02-26,1550.0899658203125,1560.739990234375,1544.989990234375,1559.3299560546875,3436590000,1559.3299560546875
2018-02-27,1559.27001953125,1564.6300048828125,1536.469970703125,1536.469970703125,3752070000,1536.469970703125
2018-02-28,1536.800048828125,1543.75,1512.449951171875,1512.449951171875,4244570000,1512.449951171875
2018-03-01,1512.0699462890625,1522.469970703125,1494.2900390625,1507.3900146484375,4514490000,1507.3900146484375
2018-03-02,1506.81005859375,1535.199951171875,1494.0,1533.1700439453125,3891250000,1533.1700439453125
2018-03-05,1531.989990234375,1550.760009765625,1525.0799560546875,1546.050048828125,3733640000,1546.050048828125
2018-03-06,1546.719970703125,1562.199951171875,1538.6300048828125,1562.199951171875,3389030000,1562.199951171875
2018-03-07,1560.969970703125,1576.72998046875,1550.469970703125,1574.530029296875,3406690000,1574.530029296875
2018-03-08,1575.6500244140625,1580.489990234375,1564.5899658203125,1571.969970703125,3206040000,1571.969970703125
2018-03-09,1573.18994140625,1597.300048828125,1573.18994140625,1597.1400146484375,3376870000,1597.1400146484375
2018-03-12,1597.2900390625,1603.7900390625,1594.1099853515625,1601.06005859375,3216960000,1601.06005859375
2018-03-13,1601.6500244140625,1609.050048828125,1590.1099853515625,1592.050048828125,3324290000,1592.050048828125
2018-03-14,1592.4599609375,1598.3299560546875,1582.6400146484375,1584.31005859375,3394630000,1584.31005859375
2018-03-15,1584.4000244140625,1588.02001953125,1572.1600341796875,1576.6199951171875,3543710000,1576.6199951171875
2018-03-16,1576.5799560546875,1588.9200439453125,1575.4100341796875,1586.050048828125,5429140000,1586.050048828125
2018-03-19,1585.8299560546875,1585.8299560546875,1553.9000244140625,1570.56005859375,3327460000,1570.56005859375
2018-03-20,1570.8499755859375,1575.780029296875,1566.75,1570.4100341796875,3272590000,1570.4100341796875
2018-03-21,1570.4000244140625,1587.739990234375,1570.4000244140625,1579.300048828125,3434780000,1579.300048828125
2018-03-22,1576.5899658203125,1576.5899658203125,1543.8699951171875,1543.8699951171875,3765460000,1543.8699951171875
2018-03-23,1544.31005859375,1548.72998046875,1510.0799560546875,1510.0799560546875,3829380000,1510.0799560546875
2018-03-26,1513.5400390625,1543.81005859375,1513.5400390625,1543.719970703125,3538080000,1543.719970703125
2018-03-27,1544.449951171875,1547.7099609375,1508.93994140625,1513.5699462890625,3761320000,1513.5699462890625
2018-03-28,1513.800048828125,1521.3499755859375,1505.6400146484375,1513.030029296875,3875720000,1513.030029296875
2018-03-29,1513.31005859375,1540.02001953125,1513.31005859375,1529.4300537109375,3572360000,1529.4300537109375
2018-04-02,1529.1400146484375,1529.1400146484375,1482.9000244140625,1492.530029296875,3635780000,1492.530029296875
2018-04-03,1493.8699951171875,1514.56005859375,1493.8699951171875,1512.1500244140625,3395840000,1512.1500244140625
2018-04-04,1508.5999755859375,1534.5699462890625,1491.68994140625,1531.6600341796875,3369230000,1531.6600341796875
2018-04-05,1532.949951171875,1545.280029296875,1532.949951171875,1542.9300537109375,3230430000,1542.9300537109375
2018-04-06,1540.010009765625,1541.0699462890625,1502.6300048828125,1513.300048828125,3312390000,1513.300048828125
2018-04-09,1513.9000244140625,1533.93994140625,1513.9000244140625,1514.4599609375,3076140000,1514.4599609375
2018-04-10,1517.050048828125,1548.0799560546875,1517.050048828125,1543.4300537109375,3579130000,1543.4300537109375
2018-04-11,1542.4599609375,1551.3699951171875,1535.760009765625,1546.800048828125,3054520000,1546.800048828125
2018-04-12,1548.030029296875,1562.4599609375,1548.030029296875,1557.3299560546875,3045330000,1557.3299560546875
2018-04-13,1558.1099853515625,1563.75,1545.06005859375,1549.510009765625,2988540000,1549.510009765625
2018-04-16,1550.56005859375,1566.4000244140625,1550.510009765625,1563.030029296875,3020740000,1563.030029296875
2018-04-17,1564.8699951171875,1582.989990234375,1564.8699951171875,1579.800048828125,3286190000,1579.800048828125
2018-04-18,1580.1800537109375,1592.0400390625,1580.1800537109375,1583.56005859375,3412030000,1583.56005859375
2018-04-19,1582.8199462890625,1582.949951171875,1569.1600341796875,1573.8199462890625,3375120000,1573.8199462890625
2018-04-20,1573.530029296875,1574.239990234375,1561.719970703125,1564.1199951171875,3428260000,1564.1199951171875
2018-04-23,1564.4200439453125,1571.469970703125,1556.27001953125,1562.1199951171875,3030390000,1562.1199951171875
2018-04-24,1562.3900146484375,1574.47998046875,1542.300048828125,1553.280029296875,3716020000,1553.280029296875
2018-04-25,1553.0,1556.0899658203125,1539.949951171875,1550.469970703125,3563680000,1550.469970703125
2018-04-26,1550.9200439453125,1562.5,1550.31005859375,1557.8900146484375,3690920000,1557.8900146484375
2018-04-27,1557.949951171875,1562.97998046875,1549.47998046875,1556.239990234375,3234510000,1556.239990234375
2018-04-30,1556.6700439453125,1563.6500244140625,1541.8800048828125,1541.8800048828125,3749510000,1541.8800048828125
2018-05-01,1541.77001953125,1550.8599853515625,1527.7099609375,1550.3299560546875,3562820000,1550.3299560546875
2018-05-02,1550.449951171875,1565.3699951171875,1548.9200439453125,1554.9100341796875,4047020000,1554.9100341796875
2018-05-03,1554.3399658203125,1554.3399658203125,1532.31005859375,1546.56005859375,3867530000,1546.56005859375
2018-05-04,1545.8299560546875,1572.77001953125,1540.3699951171875,1565.5999755859375,3335260000,1565.5999755859375
2018-05-07,1565.719970703125,1586.4100341796875,1565.719970703125,1578.949951171875,3266810000,1578.949951171875
2018-05-08,1578.6700439453125,1586.5899658203125,1576.8900146484375,1586.3900146484375,3745100000,1586.3900146484375
2018-05-09,1586.739990234375,1598.760009765625,1584.1700439453125,1596.050048828125,3913650000,1596.050048828125
2018-05-10,1596.5400390625,1609.449951171875,1596.5400390625,1603.7099609375,3380640000,1603.7099609375
2018-05-11,1603.8699951171875,1609.3599853515625,1599.9100341796875,1606.7900390625,2874850000,1606.7900390625
2018-05-14,1607.3900146484375,1614.239990234375,1599.72998046875,1600.3399658203125,2994360000,1600.3399658203125
2018-05-15,1599.5999755859375,1603.1600341796875,1592.0999755859375,1600.3399658203125,3291190000,1600.3399658203125
2018-05-16,1601.030029296875,1620.6400146484375,1601.030029296875,1616.3699951171875,3248480000,1616.3699951171875
2018-05-17,1616.219970703125,1627.3199462890625,1615.4599609375,1625.2900390625,3478150000,1625.2900390625
2018-05-18,1626.06005859375,1630.3299560546875,1624.22998046875,1626.6300048828125,3383270000,1626.6300048828125
2018-05-21,1627.77001953125,1639.0400390625,1627.77001953125,1637.43994140625,3053480000,1637.43994140625
2018-05-22,1637.6500244140625,1639.8900146484375,1625.239990234375,1625.239990234375,3384140000,1625.239990234375
2018-05-23,1624.9200439453125,1629.4000244140625,1618.56005859375,1627.6099853515625,3333160000,1627.6099853515625
2018-05-24,1627.219970703125,1630.31005859375,1616.5899658203125,1628.219970703125,3285750000,1628.219970703125
2018-05-25,1627.9300537109375,1628.72998046875,1623.3299560546875,1626.9300537109375,3015260000,1626.9300537109375
2018-05-29,1625.5699462890625,1628.47998046875,1611.3199462890625,1623.6500244140625,3743310000,1623.6500244140625
2018-05-30,1624.030029296875,1651.1099853515625,1624.030029296875,1647.989990234375,3566490000,1647.989990234375
2018-05-31,1647.969970703125,1649.72998046875,1632.25,1633.6099853515625,4241100000,1633.6099853515625
2018-06-01,1635.4000244140625,1650.5,1635.4000244140625,1647.97998046875,3694310000,1647.97998046875
2018-06-04,1649.199951171875,1655.7099609375,1641.219970703125,1653.3699951171875,3410090000,1653.3699951171875
2018-06-05,1653.68994140625,1664.68994140625,1652.760009765625,1664.6300048828125,3523550000,1664.6300048828125
2018-06-06,1665.199951171875,1676.1800537109375,1664.449951171875,1675.949951171875,3662780000,1675.949951171875
2018-06-07,1676.52001953125,1679.989990234375,1660.8900146484375,1667.77001953125,3742080000,1667.77001953125
2018-06-08,1667.6099853515625,1674.0699462890625,1665.72998046875,1672.489990234375,3138850000,1672.489990234375
2018-06-11,1672.5,1677.6800537109375,1671.260009765625,1674.6800537109375,3262130000,1674.6800537109375
2018-06-12,1674.93994140625,1686.3699951171875,1674.93994140625,1682.300048828125,3435700000,1682.300048828125
2018-06-13,1682.719970703125,1684.8399658203125,1673.9200439453125,1676.5400390625,3820770000,1676.5400390625
2018-06-14,1677.030029296875,1684.72998046875,1674.530029296875,1684.719970703125,3540930000,1684.719970703125
2018-06-15,1684.239990234375,1684.6300048828125,1672.989990234375,1683.9100341796875,5451990000,1683.9100341796875
2018-06-18,1683.510009765625,1692.4599609375,1674.4100341796875,1692.4599609375,3316120000,1692.4599609375
2018-06-19,1692.010009765625,1694.0,1672.6600341796875,1693.449951171875,3671160000,1693.449951171875
2018-06-20,1694.0400390625,1708.0999755859375,1694.0400390625,1706.989990234375,3332140000,1706.989990234375
2018-06-21,1706.989990234375,1708.02001953125,1685.5899658203125,1688.949951171875,3336580000,1688.949951171875
2018-06-22,1690.280029296875,1696.3699951171875,1680.9100341796875,1685.5799560546875,5468110000,1685.5799560546875
2018-06-25,1684.760009765625,1684.760009765625,1649.81005859375,1657.510009765625,3663280000,1657.510009765625
2018-06-26,1657.7099609375,1672.1600341796875,1656.1199951171875,1668.530029296875,3568900000,1668.530029296875
2018-06-27,1668.93994140625,1671.469970703125,1640.4200439453125,1640.449951171875,3803990000,1640.449951171875
2018-06-28,1640.3699951171875,1647.93994140625,1630.06005859375,1645.02001953125,3461100000,1645.02001953125
2018-06-29,1645.9000244140625,1656.050048828125,1642.969970703125,1643.0699462890625,3586800000,1643.0699462890625
2018-07-02,1641.72998046875,1655.0899658203125,1631.06005859375,1655.0899658203125,3095040000,1655.0899658203125
2018-07-03,1655.4000244140625,1667.52001953125,1655.4000244140625,1660.4200439453125,1911460000,1660.4200439453125
2018-07-05,1660.6500244140625,1679.6600341796875,1660.6500244140625,1679.47998046875,2980160000,1679.47998046875
2018-07-06,1679.449951171875,1695.1800537109375,1678.5699462890625,1694.050048828125,2590250000,1694.050048828125
2018-07-09,1694.6600341796875,1704.8399658203125,1694.6600341796875,1704.5999755859375,3070060000,1704.5999755859375
2018-07-10,1704.8299560546875,1708.56005859375,1689.3499755859375,1695.6199951171875,3080140000,1695.6199951171875
2018-07-11,1694.06005859375,1696.02001953125,1683.0999755859375,1683.6600341796875,2986180000,1683.6600341796875
2018-07-12,1685.1700439453125,1692.4300537109375,1679.260009765625,1690.280029296875,2834230000,1690.280029296875
2018-07-13,1690.2900390625,1697.4000244140625,1686.8800048828125,1687.0799560546875,2619790000,1687.0799560546875
2018-07-16,1687.06005859375,1688.4000244140625,1672.4200439453125,1678.5400390625,2819860000,1678.5400390625
2018-07-17,1678.0,1690.0400390625,1676.0999755859375,1687.260009765625,3064920000,1687.260009765625
2018-07-18,1687.1400146484375,1692.02001953125,1679.22998046875,1691.8699951171875,3111560000,1691.8699951171875
2018-07-19,1691.199951171875,1702.8900146484375,1686.260009765625,1701.31005859375,3278360000,1701.31005859375
2018-07-20,1701.1500244140625,1703.4300537109375,1696.0400390625,1696.81005859375,3243250000,1696.81005859375
2018-07-23,1696.4200439453125,1701.969970703125,1690.530029296875,1698.4100341796875,2928490000,1698.4100341796875
2018-07-24,1700.0999755859375,1706.8299560546875,1675.010009765625,1680.199951171875,3430410000,1680.199951171875
2018-07-25,1680.3399658203125,1685.4200439453125,1675.050048828125,1685.199951171875,3584400000,1685.199951171875
2018-07-26,1685.239990234375,1702.9300537109375,1684.75,1695.3599853515625,3667290000,1695.3599853515625
2018-07-27,1695.25,1697.300048828125,1660.4300537109375,1663.3399658203125,3434370000,1663.3399658203125
2018-07-30,1663.3900146484375,1669.5,1652.72998046875,1653.1300048828125,3261190000,1653.1300048828125
2018-07-31,1653.5699462890625,1675.6500244140625,1653.5699462890625,1670.800048828125,3906890000,1670.800048828125
2018-08-01,1670.8699951171875,1673.22998046875,1657.5400390625,1669.260009765625,3501350000,1669.260009765625
2018-08-02,1668.989990234375,1682.300048828125,1662.3299560546875,1682.0999755859375,3501380000,1682.0999755859375
2018-08-03,1682.0799560546875,1687.300048828125,1668.3499755859375,1673.3699951171875,3043690000,1673.3699951171875
2018-08-06,1673.25,1684.800048828125,1671.989990234375,1684.31005859375,2879020000,1684.31005859375
2018-08-07,1684.8599853515625,1694.3599853515625,1684.8599853515625,1688.300048828125,3185440000,1688.300048828125
2018-08-08,1688.6800537109375,1689.3399658203125,1677.6700439453125,1686.8800048828125,2978070000,1686.8800048828125
2018-08-09,1687.050048828125,1696.75,1686.4300537109375,1690.8900146484375,3066180000,1690.8900146484375
2018-08-10,1689.3199462890625,1695.7900390625,1680.77001953125,1686.800048828125,3265590000,1686.800048828125
2018-08-13,1686.81005859375,1689.0999755859375,1670.6199951171875,1675.3199462890625,3173630000,1675.3199462890625
2018-08-14,1676.18994140625,1694.9599609375,1676.18994140625,1692.5799560546875,2986500000,1692.5799560546875
2018-08-15,1691.5999755859375,1691.5999755859375,1663.530029296875,1670.6700439453125,3656680000,1670.6700439453125
2018-08-16,1691.5999755859375,1691.5999755859375,1663.530029296875,1685.75,3232000000,1685.75
2018-08-17,1685.449951171875,1693.7099609375,1679.969970703125,1692.949951171875,3037640000,1692.949951171875
2018-08-20,1693.7900390625,1701.1300048828125,1690.1800537109375,1698.68994140625,2757150000,1698.68994140625
2018-08-21,1698.9100341796875,1722.2900390625,1698.9100341796875,1718.050048828125,3174010000,1718.050048828125
2018-08-22,1717.75,1723.010009765625,1715.800048828125,1722.5400390625,2701250000,1722.5400390625
2018-08-23,1722.300048828125,1723.4100341796875,1712.9200439453125,1717.050048828125,2724450000,1717.050048828125
2018-08-24,1718.3599853515625,1726.969970703125,1718.3599853515625,1725.6700439453125,2603010000,1725.6700439453125
2018-08-27,1727.3299560546875,1737.6300048828125,1727.3299560546875,1728.4100341796875,2865070000,1728.4100341796875
2018-08-28,1729.0699462890625,1733.449951171875,1722.3599853515625,1728.4200439453125,2687770000,1728.4200439453125
2018-08-29,1729.050048828125,1737.02001953125,1724.72998046875,1734.75,2805520000,1734.75
2018-08-30,1734.3499755859375,1740.6600341796875,1728.8499755859375,1732.3499755859375,2810450000,1732.3499755859375
2018-08-31,1731.489990234375,1742.0899658203125,1728.4100341796875,1740.75,2887220000,1740.75
2018-09-04,1740.800048828125,1740.800048828125,1722.199951171875,1733.3800048828125,3087420000,1733.3800048828125
2018-09-05,1732.72998046875,1732.72998046875,1713.68994140625,1727.6500244140625,3248780000,1727.6500244140625
2018-09-06,1728.25,1731.4200439453125,1713.81005859375,1714.469970703125,3144240000,1714.469970703125
2018-09-07,1713.8299560546875,1722.6199951171875,1706.6400146484375,1713.1800537109375,2976580000,1713.1800537109375
2018-09-10,1714.8900146484375,1723.81005859375,1714.489990234375,1717.469970703125,2751100000,1717.469970703125
2018-09-11,1717.1400146484375,1723.4599609375,1710.31005859375,1718.4000244140625,2904500000,1718.4000244140625
2018-09-12,1718.25,1718.949951171875,1704.0699462890625,1715.699951171875,3341280000,1715.699951171875
2018-09-13,1716.949951171875,1722.6199951171875,1711.93994140625,1714.3199462890625,3274090000,1714.3199462890625
2018-09-14,1714.489990234375,1726.0,1712.81005859375,1721.719970703125,3179410000,1721.719970703125
2018-09-17,1721.6600341796875,1722.280029296875,1702.7099609375,1703.550048828125,2967980000,1703.550048828125
2018-09-18,1704.219970703125,1714.9200439453125,1704.219970703125,1710.969970703125,3091190000,1710.969970703125
2018-09-19,1710.8800048828125,1717.0899658203125,1700.510009765625,1702.9300537109375,3302460000,1702.9300537109375
2018-09-20,1704.7099609375,1720.2099609375,1704.7099609375,1720.1800537109375,3406520000,1720.1800537109375
2018-09-21,1720.1500244140625,1724.3800048828125,1710.969970703125,1712.3199462890625,5652470000,1712.3199462890625
2018-09-24,1711.6700439453125,1711.739990234375,1697.760009765625,1705.3199462890625,3392030000,1705.3199462890625
2018-09-25,1705.489990234375,1712.0799560546875,1705.489990234375,1708.81005859375,3330880000,1708.81005859375
2018-09-26,1709.0699462890625,1710.8399658203125,1690.9200439453125,1691.6099853515625,3417540000,1691.6099853515625
2018-09-27,1691.72998046875,1697.1700439453125,1689.739990234375,1690.530029296875,3101360000,1690.530029296875
2018-09-28,1689.8399658203125,1699.780029296875,1686.989990234375,1696.5699462890625,3461680000,1696.5699462890625
2018-10-01,1697.8299560546875,1703.81005859375,1669.8199462890625,1672.989990234375,3375890000,1672.989990234375
2018-10-02,1672.97998046875,1674.8699951171875,1653.3399658203125,1656.0400390625,3432620000,1656.0400390625
2018-10-03,1656.31005859375,1677.1700439453125,1656.31005859375,1671.2900390625,3625510000,1671.2900390625
2018-10-04,1671.0,1671.0,1643.6600341796875,1646.9100341796875,3510370000,1646.9100341796875
2018-10-05,1647.25,1651.530029296875,1618.1400146484375,1632.1099853515625,3340820000,1632.1099853515625
2018-10-08,1631.199951171875,1633.8599853515625,1616.6600341796875,1629.52001953125,3381820000,1629.52001953125
2018-10-09,1628.06005859375,1635.989990234375,1621.25,1621.8699951171875,3531690000,1621.8699951171875
2018-10-10,1621.4100341796875,1621.4100341796875,1575.25,1575.4100341796875,4554260000,1575.4100341796875
2018-10-11,1575.0999755859375,1580.8900146484375,1545.3800048828125,1545.3800048828125,4914090000,1545.3800048828125
2018-10-12,1546.8499755859375,1567.6400146484375,1530.97998046875,1546.6800537109375,4024010000,1546.6800537109375
2018-10-15,1546.6800537109375,1562.300048828125,1537.550048828125,1553.0899658203125,3327160000,1553.0899658203125
2018-10-16,1554.489990234375,1598.010009765625,1554.1099853515625,1596.8399658203125,3460260000,1596.8399658203125
2018-10-17,1596.3800048828125,1596.3800048828125,1571.510009765625,1589.5999755859375,3347090000,1589.5999755859375
2018-10-18,1588.739990234375,1588.739990234375,1555.5699462890625,1560.75,3639300000,1560.75
2018-10-19,1560.6400146484375,1569.81005859375,1538.739990234375,1542.0400390625,3593940000,1542.0400390625
2018-10-22,1542.4200439453125,1551.3599853515625,1535.780029296875,1539.5,3331270000,1539.5
2018-10-23,1536.9300537109375,1537.1600341796875,1501.0400390625,1526.5899658203125,4373710000,1526.5899658203125
2018-10-24,1526.56005859375,1527.7099609375,1468.4599609375,1468.699951171875,4738670000,1468.699951171875
2018-10-25,1470.530029296875,1506.780029296875,1470.530029296875,1500.4000244140625,4663930000,1500.4000244140625
2018-10-26,1500.1500244140625,1501.300048828125,1459.1600341796875,1483.8199462890625,4804330000,1483.8199462890625
2018-10-29,1485.199951171875,1513.280029296875,1461.6500244140625,1477.31005859375,4701260000,1477.31005859375
2018-10-30,1476.969970703125,1507.1600341796875,1474.800048828125,1506.6400146484375,5125600000,1506.6400146484375
2018-10-31,1508.8199462890625,1526.3299560546875,1508.8199462890625,1511.4100341796875,5133380000,1511.4100341796875
2018-11-01,1512.6800537109375,1547.1400146484375,1512.6800537109375,1544.97998046875,4730250000,1544.97998046875
2018-11-02,1546.1300048828125,1557.1800537109375,1535.9599609375,1547.97998046875,4261230000,1547.97998046875
2018-11-05,1548.3399658203125,1554.77001953125,1534.760009765625,1547.510009765625,3650910000,1547.510009765625
2018-11-06,1547.0999755859375,1558.8599853515625,1544.6500244140625,1556.0999755859375,3543800000,1556.0999755859375
2018-11-07,1556.27001953125,1582.1600341796875,1556.27001953125,1582.1600341796875,3929080000,1582.1600341796875
2018-11-08,1581.6199951171875,1586.1700439453125,1573.1500244140625,1578.2099609375,3673550000,1578.2099609375
2018-11-09,1577.0400390625,1577.0400390625,1539.9200439453125,1549.489990234375,4029030000,1549.489990234375
2018-11-12,1549.010009765625,1549.010009765625,1518.0400390625,1518.7900390625,3701570000,1518.7900390625
2018-11-13,1519.989990234375,1536.7099609375,1513.300048828125,1514.800048828125,4112820000,1514.800048828125
2018-11-14,1516.0799560546875,1530.6199951171875,1494.9200439453125,1502.510009765625,4449060000,1502.510009765625
2018-11-15,1502.3299560546875,1524.2900390625,1491.6600341796875,1524.1199951171875,4204960000,1524.1199951171875
2018-11-16,1523.75,1530.0,1510.4100341796875,1527.530029296875,3996970000,1527.530029296875
2018-11-19,1527.3299560546875,1527.3299560546875,1492.949951171875,1496.5400390625,3806940000,1496.5400390625
2018-11-20,1496.1400146484375,1496.1400146484375,1465.25,1469.010009765625,4370820000,1469.010009765625
2018-11-21,1469.449951171875,1499.3699951171875,1469.449951171875,1488.280029296875,3237400000,1488.280029296875
2018-11-23,1485.72998046875,1498.6500244140625,1476.81005859375,1488.6800537109375,1651680000,1488.6800537109375
2018-11-26,1489.0999755859375,1510.2900390625,1489.0999755859375,1505.9599609375,3523520000,1505.9599609375
2018-11-27,1505.449951171875,1505.449951171875,1491.27001953125,1492.8599853515625,3494380000,1492.8599853515625
2018-11-28,1493.6700439453125,1530.7099609375,1486.3399658203125,1530.3800048828125,3984540000,1530.3800048828125
2018-11-29,1529.699951171875,1534.6199951171875,1514.5699462890625,1525.3900146484375,3599200000,1525.3900146484375
2018-11-30,1524.8699951171875,1535.1300048828125,1519.989990234375,1533.27001953125,4668310000,1533.27001953125
2018-12-03,1536.3299560546875,1553.3399658203125,1529.530029296875,1548.9599609375,4221580000,1548.9599609375
2018-12-04,1548.1099853515625,1548.1099853515625,1479.9100341796875,1480.75,4515710000,1480.75
2018-12-06,1479.1600341796875,1479.1600341796875,1442.8299560546875,1477.4100341796875,5180430000,1477.4100341796875
2018-12-07,1477.510009765625,1485.6300048828125,1440.8499755859375,1448.0899658203125,4242240000,1448.0899658203125
2018-12-10,1448.010009765625,1449.9300537109375,1422.97998046875,1443.0999755859375,4162880000,1443.0999755859375
2018-12-11,1444.2900390625,1465.760009765625,1431.8800048828125,1440.1300048828125,3963440000,1440.1300048828125
2018-12-12,1440.699951171875,1471.9599609375,1440.699951171875,1455.3199462890625,4029300000,1455.3199462890625
2018-12-13,1455.6800537109375,1460.550048828125,1431.6800537109375,1432.699951171875,3978340000,1432.699951171875
2018-12-14,1431.8199462890625,1435.3900146484375,1407.1099853515625,1410.81005859375,4064370000,1410.81005859375
2018-12-17,1410.77001953125,1417.0999755859375,1372.72998046875,1378.1400146484375,4661420000,1378.1400146484375
2018-12-18,1379.489990234375,1399.4300537109375,1373.719970703125,1377.1800537109375,4519190000,1377.1800537109375
2018-12-19,1377.2099609375,1392.9200439453125,1344.1500244140625,1349.22998046875,5152830000,1349.22998046875
2018-12-20,1348.6500244140625,1350.8900146484375,1313.02001953125,1326.0,5619780000,1326.0
2018-12-21,1325.8699951171875,1334.760009765625,1289.489990234375,1292.0899658203125,7657890000,1292.0899658203125
2018-12-24,1290.5400390625,1290.9200439453125,1266.9200439453125,1266.9200439453125,2613670000,1266.9200439453125
2018-12-26,1268.18994140625,1330.4200439453125,1268.18994140625,1329.81005859375,4249740000,1329.81005859375
2018-12-27,1329.7900390625,1331.97998046875,1289.3199462890625,1331.8199462890625,4139010000,1331.8199462890625
2018-12-28,1332.06005859375,1356.22998046875,1326.43994140625,1337.9200439453125,3728440000,1337.9200439453125
2018-12-31,1338.52001953125,1348.56005859375,1329.1700439453125,1348.56005859375,3461920000,1348.56005859375
2019-01-02,1346.1099853515625,1357.77001953125,1325.1800537109375,1355.9100341796875,3733160000,1355.9100341796875
2019-01-03,1355.02001953125,1355.02001953125,1328.0,1330.8299560546875,3858830000,1330.8299560546875
2019-01-04,1333.0999755859375,1383.1600341796875,1333.0999755859375,1380.75,4234140000,1380.75
2019-01-07,1380.8399658203125,1411.9000244140625,1380.8399658203125,1405.3699951171875,4133120000,1405.3699951171875
2019-01-08,1405.8699951171875,1426.550048828125,1404.010009765625,1426.550048828125,4120060000,1426.550048828125
2019-01-09,1427.0,1442.4200439453125,1427.0,1438.81005859375,4088740000,1438.81005859375
2019-01-10,1436.97998046875,1445.780029296875,1424.5400390625,1445.4300537109375,3721300000,1445.4300537109375
2019-01-11,1444.43994140625,1448.280029296875,1437.449951171875,1447.3800048828125,3447460000,1447.3800048828125
2019-01-14,1446.5,1446.5,1431.31005859375,1432.81005859375,3689370000,1432.81005859375
2019-01-15,1432.8499755859375,1445.219970703125,1432.1300048828125,1445.219970703125,3601180000,1445.219970703125
2019-01-16,1445.9100341796875,1460.31005859375,1445.9100341796875,1454.699951171875,3882180000,1454.699951171875
2019-01-17,1453.8299560546875,1470.8399658203125,1448.550048828125,1467.25,3802410000,1467.25
2019-01-18,1466.68994140625,1487.2099609375,1466.68994140625,1482.5,4009010000,1482.5
2019-01-22,1479.8199462890625,1479.8199462890625,1451.010009765625,1457.449951171875,3923950000,1457.449951171875
2019-01-23,1457.72998046875,1468.47998046875,1444.969970703125,1454.260009765625,3358770000,1454.260009765625
2019-01-24,1454.22998046875,1465.3399658203125,1453.72998046875,1464.4100341796875,3449230000,1464.4100341796875
2019-01-25,1466.7900390625,1484.5999755859375,1466.7900390625,1482.8499755859375,3821000000,1482.8499755859375
2019-01-28,1480.280029296875,1480.280029296875,1464.77001953125,1473.5400390625,3630820000,1473.5400390625
2019-01-29,1473.5400390625,1477.010009765625,1469.31005859375,1471.449951171875,3518070000,1471.449951171875
2019-01-30,1473.3800048828125,1490.510009765625,1467.5699462890625,1486.93994140625,3883270000,1486.93994140625
2019-01-31,1486.6400146484375,1500.739990234375,1484.8199462890625,1499.4200439453125,4953800000,1499.4200439453125
2019-02-01,1499.530029296875,1504.510009765625,1495.469970703125,1502.050048828125,3782490000,1502.050048828125
2019-02-04,1501.969970703125,1517.550048828125,1500.1300048828125,1517.5400390625,3369450000,1517.5400390625
2019-02-05,1517.9200439453125,1524.2099609375,1512.719970703125,1520.22998046875,3597620000,1520.22998046875
2019-02-06,1520.1700439453125,1520.8900146484375,1511.1800537109375,1518.02001953125,3486590000,1518.02001953125
2019-02-07,1516.699951171875,1516.699951171875,1494.3699951171875,1505.6300048828125,4114040000,1505.6300048828125
2019-02-08,1504.1700439453125,1506.5999755859375,1495.1199951171875,1506.3900146484375,3649510000,1506.3900146484375
2019-02-11,1506.8199462890625,1519.2099609375,1505.6700439453125,1518.97998046875,3395330000,1518.97998046875
2019-02-12,1520.1400146484375,1538.8900146484375,1520.1400146484375,1538.22998046875,3843020000,1538.22998046875
2019-02-13,1538.2900390625,1545.739990234375,1536.25,1542.93994140625,3684910000,1542.93994140625
2019-02-14,1540.989990234375,1551.3900146484375,1534.5899658203125,1545.1099853515625,3845390000,1545.1099853515625
2019-02-15,1547.1199951171875,1570.1600341796875,1547.1199951171875,1569.25,3648680000,1569.25
2019-02-19,1568.5400390625,1578.22998046875,1564.8499755859375,1574.469970703125,3535270000,1574.469970703125
2019-02-20,1574.550048828125,1583.3399658203125,1573.9599609375,1581.6600341796875,3904830000,1581.6600341796875
2019-02-21,1581.31005859375,1581.31005859375,1569.4200439453125,1575.550048828125,3598260000,1575.550048828125
2019-02-22,1576.31005859375,1590.0999755859375,1576.31005859375,1590.06005859375,3429350000,1590.06005859375
2019-02-25,1591.6199951171875,1602.0999755859375,1588.81005859375,1588.81005859375,3860260000,1588.81005859375
2019-02-26,1588.56005859375,1589.260009765625,1577.4300537109375,1577.47998046875,3676200000,1577.47998046875
2019-02-27,1577.199951171875,1582.06005859375,1570.5999755859375,1581.050048828125,3771790000,1581.050048828125
2019-02-28,1580.760009765625,1581.989990234375,1571.31005859375,1575.550048828125,4445780000,1575.550048828125
2019-03-01,1577.5,1590.2900390625,1576.1300048828125,1589.6400146484375,3994950000,1589.6400146484375
2019-03-04,1590.1500244140625,1594.239990234375,1564.47998046875,1575.43994140625,3949730000,1575.43994140625
2019-03-05,1575.68994140625,1575.8499755859375,1567.6700439453125,1568.280029296875,3631380000,1568.280029296875
2019-03-06,1568.31005859375,1568.43994140625,1536.8199462890625,1536.8199462890625,3800180000,1536.8199462890625
2019-03-07,1536.760009765625,1536.969970703125,1521.6099853515625,1523.6300048828125,3932150000,1523.6300048828125
2019-03-08,1522.530029296875,1523.239990234375,1510.6500244140625,1521.8800048828125,3424300000,1521.8800048828125
2019-03-11,1522.800048828125,1548.9300537109375,1522.800048828125,1548.8800048828125,3764850000,1548.8800048828125
2019-03-12,1549.030029296875,1555.300048828125,1545.510009765625,1549.8299560546875,3432340000,1549.8299560546875
2019-03-13,1550.27001953125,1562.6700439453125,1550.27001953125,1555.8800048828125,3782250000,1555.8800048828125
2019-03-14,1555.8699951171875,1555.8699951171875,1549.2099609375,1549.6400146484375,3505670000,1549.6400146484375
2019-03-15,1550.5,1563.5899658203125,1550.1300048828125,1553.5400390625,5969780000,1553.5400390625
2019-03-18,1553.6600341796875,1569.06005859375,1552.6800537109375,1563.9300537109375,3620770000,1563.9300537109375
2019-03-19,1565.530029296875,1570.8900146484375,1552.6600341796875,1554.989990234375,3650740000,1554.989990234375
2019-03-20,1554.719970703125,1561.739990234375,1535.4100341796875,1543.1600341796875,3779160000,1543.1600341796875
2019-03-21,1541.8299560546875,1569.3499755859375,1538.3599853515625,1562.4100341796875,3612620000,1562.4100341796875
2019-03-22,1561.969970703125,1561.969970703125,1505.8800048828125,1505.9200439453125,4253730000,1505.9200439453125
2019-03-25,1505.8699951171875,1520.489990234375,1494.989990234375,1512.8599853515625,3406110000,1512.8599853515625
2019-03-26,1513.760009765625,1535.8699951171875,1513.760009765625,1528.1700439453125,3288570000,1528.1700439453125
2019-03-27,1527.969970703125,1530.050048828125,1505.760009765625,1522.22998046875,3422400000,1522.22998046875
2019-03-28,1522.8900146484375,1536.43994140625,1520.1199951171875,1535.0999755859375,3185460000,1535.0999755859375
2019-03-29,1536.6099853515625,1546.97998046875,1532.22998046875,1539.739990234375,3752520000,1539.739990234375
2019-04-01,1542.8900146484375,1556.4000244140625,1542.8900146484375,1556.06005859375,3560090000,1556.06005859375
2019-04-02,1556.0799560546875,1556.1300048828125,1545.550048828125,1553.3199462890625,3267210000,1553.3199462890625
2019-04-03,1554.8800048828125,1568.4000244140625,1554.8800048828125,1560.9100341796875,3570000000,1560.9100341796875
2019-04-04,1561.0699462890625,1567.5,1558.3599853515625,1567.489990234375,3038740000,1567.489990234375
2019-04-05,1568.22998046875,1582.6099853515625,1568.22998046875,1582.56005859375,3155970000,1582.56005859375
2019-04-08,1581.3499755859375,1581.3499755859375,1571.2099609375,1579.0,3056460000,1579.0
2019-04-09,1577.510009765625,1577.510009765625,1558.3900146484375,1559.6800537109375,3032480000,1559.6800537109375
2019-04-10,1560.02001953125,1581.6500244140625,1560.02001953125,1581.550048828125,3092230000,1581.550048828125
2019-04-11,1581.9300537109375,1583.72998046875,1577.3699951171875,1579.1400146484375,2970650000,1579.1400146484375
2019-04-12,1581.3800048828125,1589.72998046875,1580.22998046875,1584.800048828125,3726050000,1584.800048828125
2019-04-15,1585.1700439453125,1587.97998046875,1574.72998046875,1579.1700439453125,3114530000,1579.1700439453125
2019-04-16,1580.260009765625,1585.4300537109375,1579.489990234375,1582.7900390625,3403120000,1582.7900390625
2019-04-17,1584.1300048828125,1588.5999755859375,1561.5699462890625,1567.5999755859375,3648100000,1567.5999755859375
2019-04-18,1567.0899658203125,1569.199951171875,1556.1099853515625,1565.75,3507100000,1565.75
2019-04-22,1565.219970703125,1565.219970703125,1554.4599609375,1560.0400390625,3010130000,1560.0400390625
2019-04-23,1560.530029296875,1587.5799560546875,1560.530029296875,1585.0899658203125,3674480000,1585.0899658203125
2019-04-24,1585.1099853515625,1594.030029296875,1583.3599853515625,1588.1300048828125,3468480000,1588.1300048828125
2019-04-25,1587.050048828125,1587.050048828125,1565.4599609375,1575.6099853515625,3440010000,1575.6099853515625
2019-04-26,1575.6600341796875,1591.25,1574.06005859375,1589.9000244140625,3264390000,1589.9000244140625
2019-04-29,1591.9300537109375,1603.0799560546875,1591.9300537109375,1598.3599853515625,3150390000,1598.3599853515625
2019-04-30,1598.550048828125,1600.2900390625,1580.9000244140625,1591.2099609375,3939760000,1591.2099609375
2019-05-01,1593.47998046875,1595.8499755859375,1576.1300048828125,1576.3800048828125,3669330000,1576.3800048828125
2019-05-02,1576.0,1587.9200439453125,1566.4599609375,1582.6500244140625,3802290000,1582.6500244140625
2019-05-03,1584.010009765625,1614.02001953125,1584.010009765625,1614.02001953125,3357180000,1614.02001953125
2019-05-06,1611.6800537109375,1618.3699951171875,1588.8399658203125,1614.97998046875,3203260000,1614.97998046875
2019-05-07,1611.469970703125,1611.469970703125,1571.489990234375,1582.31005859375,3793060000,1582.31005859375
2019-05-08,1581.5899658203125,1587.3499755859375,1574.8499755859375,1574.969970703125,3543110000,1574.969970703125
2019-05-09,1573.3399658203125,1573.3399658203125,1546.8499755859375,1570.06005859375,3659050000,1570.06005859375
2019-05-10,1570.0,1575.0799560546875,1546.1400146484375,1572.989990234375,3566780000,1572.989990234375
2019-05-13,1571.510009765625,1571.510009765625,1520.280029296875,1523.0,3900270000,1523.0
2019-05-14,1523.81005859375,1547.8399658203125,1523.81005859375,1543.06005859375,3354860000,1543.06005859375
2019-05-15,1541.550048828125,1550.02001953125,1529.43994140625,1548.27001953125,3140900000,1548.27001953125
2019-05-16,1548.27001953125,1567.1700439453125,1548.27001953125,1557.239990234375,3338470000,1557.239990234375
2019-05-17,1555.02001953125,1557.550048828125,1534.68994140625,1535.760009765625,3316040000,1535.760009765625
2019-05-20,1530.25,1533.3599853515625,1521.6300048828125,1524.9599609375,3293750000,1524.9599609375
2019-05-21,1529.8199462890625,1545.97998046875,1529.8199462890625,1545.25,3223050000,1545.25
2019-05-22,1542.5799560546875,1542.5799560546875,1528.3599853515625,1531.6300048828125,3194000000,1531.6300048828125
2019-05-23,1525.0699462890625,1525.0699462890625,1493.47998046875,1501.3800048828125,3899320000,1501.3800048828125
2019-05-24,1505.8800048828125,1516.6600341796875,1505.760009765625,1514.1099853515625,2889230000,1514.1099853515625
2019-05-28,1514.989990234375,1520.219970703125,1503.81005859375,1504.02001953125,4146980000,1504.02001953125
2019-05-29,1503.530029296875,1503.530029296875,1481.4200439453125,1489.949951171875,3701110000,1489.949951171875
2019-05-30,1491.8499755859375,1500.6300048828125,1478.0,1485.530029296875,3276030000,1485.530029296875
2019-05-31,1478.530029296875,1478.530029296875,1461.469970703125,1465.489990234375,3982670000,1465.489990234375
2019-06-03,1465.8800048828125,1476.8499755859375,1460.489990234375,1469.97998046875,3952360000,1469.97998046875
2019-06-04,1475.3199462890625,1508.6500244140625,1475.3199462890625,1508.56005859375,3814130000,1508.56005859375
2019-06-05,1510.0999755859375,1514.25,1494.0799560546875,1506.7900390625,3570760000,1506.7900390625
2019-06-06,1506.3499755859375,1508.5400390625,1490.77001953125,1499.2900390625,3445140000,1499.2900390625
2019-06-07,1504.6800537109375,1518.9200439453125,1504.6800537109375,1514.3900146484375,3244380000,1514.3900146484375
2019-06-10,1516.6199951171875,1535.6400146484375,1516.6199951171875,1523.56005859375,3209890000,1523.56005859375
2019-06-11,1525.030029296875,1536.1600341796875,1513.2099609375,1519.1099853515625,3551000000,1519.1099853515625
2019-06-12,1518.6400146484375,1522.0,1512.4000244140625,1519.7900390625,3039870000,1519.7900390625
2019-06-13,1520.52001953125,1536.02001953125,1520.52001953125,1535.800048828125,3100640000,1535.800048828125
2019-06-14,1535.3199462890625,1535.3199462890625,1522.4200439453125,1522.5,2992810000,1522.5
2019-06-17,1523.25,1538.5799560546875,1523.25,1532.75,2828400000,1532.75
2019-06-18,1532.8699951171875,1560.1800537109375,1532.8699951171875,1550.22998046875,3441540000,1550.22998046875
2019-06-19,1550.4599609375,1556.449951171875,1547.5899658203125,1555.5799560546875,3300220000,1555.5799560546875
2019-06-20,1560.31005859375,1570.739990234375,1556.0799560546875,1563.489990234375,3943060000,1563.489990234375
2019-06-21,1561.8800048828125,1561.8800048828125,1546.1300048828125,1549.6300048828125,5003540000,1549.6300048828125
2019-06-24,1550.0999755859375,1551.6500244140625,1530.0799560546875,1530.0799560546875,3136960000,1530.0799560546875
2019-06-25,1530.989990234375,1533.239990234375,1520.5,1521.0400390625,3579430000,1521.0400390625
2019-06-26,1523.260009765625,1530.1300048828125,1520.0400390625,1521.8900146484375,3511350000,1521.8900146484375
2019-06-27,1518.8800048828125,1546.550048828125,1518.8800048828125,1546.550048828125,3162500000,1546.550048828125
2019-06-28,1548.1199951171875,1568.5999755859375,1548.1199951171875,1566.5699462890625,5422650000,1566.5699462890625
2019-07-01,1574.6500244140625,1586.77001953125,1562.780029296875,1566.5699462890625,3524860000,1566.5699462890625
2019-07-02,1569.530029296875,1569.530029296875,1552.9300537109375,1560.5400390625,3224490000,1560.5400390625
2019-07-03,1562.18994140625,1572.1199951171875,1562.18994140625,1572.1199951171875,1963570000,1572.1199951171875
2019-07-05,1571.1099853515625,1575.7900390625,1559.5799560546875,1575.6199951171875,2434680000,1575.6199951171875
2019-07-08,1574.22998046875,1574.22998046875,1559.02001953125,1561.3900146484375,2922360000,1561.3900146484375
2019-07-09,1559.010009765625,1562.72998046875,1554.1199951171875,1562.5899658203125,3033330000,1562.5899658203125
2019-07-10,1564.6500244140625,1572.8199462890625,1558.800048828125,1565.050048828125,3157800000,1565.050048828125
2019-07-11,1565.4599609375,1567.949951171875,1552.4000244140625,1557.9200439453125,3155710000,1557.9200439453125
2019-07-12,1558.6500244140625,1574.47998046875,1558.6500244140625,1570.0,2984140000,1570.0
2019-07-15,1570.72998046875,1573.8800048828125,1558.780029296875,1561.8199462890625,2876100000,1561.8199462890625
2019-07-16,1561.489990234375,1569.6199951171875,1558.239990234375,1562.0,3297030000,1562.0
2019-07-17,1561.75,1561.75,1547.760009765625,1550.780029296875,3185650000,1550.780029296875
2019-07-18,1550.3199462890625,1557.4000244140625,1546.02001953125,1555.6199951171875,3369820000,1555.6199951171875
2019-07-19,1554.9200439453125,1561.56005859375,1547.6400146484375,1547.9000244140625,3285890000,1547.9000244140625
2019-07-22,1549.72998046875,1554.2900390625,1543.56005859375,1544.780029296875,3016200000,1544.780029296875
2019-07-23,1546.1199951171875,1555.199951171875,1544.760009765625,1554.9599609375,3333810000,1554.9599609375
2019-07-24,1554.0899658203125,1581.6300048828125,1550.5699462890625,1580.4200439453125,3433220000,1580.4200439453125
2019-07-25,1580.2099609375,1580.2099609375,1560.6500244140625,1561.449951171875,3657050000,1561.449951171875
2019-07-26,1561.9300537109375,1581.530029296875,1561.9300537109375,1578.969970703125,3260170000,1578.969970703125
2019-07-29,1578.9000244140625,1580.02001953125,1565.6300048828125,1569.030029296875,3224490000,1569.030029296875
2019-07-30,1567.6500244140625,1586.3199462890625,1557.969970703125,1585.5999755859375,3632770000,1585.5999755859375
2019-07-31,1586.760009765625,1599.4000244140625,1568.4000244140625,1574.6099853515625,4626330000,1574.6099853515625
2019-08-01,1574.9300537109375,1587.81005859375,1546.550048828125,1550.760009765625,4793810000,1550.760009765625
2019-08-02,1550.4599609375,1550.4599609375,1522.3699951171875,1533.6600341796875,3882810000,1533.6600341796875
2019-08-05,1532.3900146484375,1532.3900146484375,1472.6600341796875,1487.4100341796875,4542850000,1487.4100341796875
2019-08-06,1487.6800537109375,1502.8599853515625,1483.4000244140625,1502.0899658203125,4156640000,1502.0899658203125
2019-08-07,1501.530029296875,1504.5899658203125,1478.449951171875,1500.68994140625,4512720000,1500.68994140625
2019-08-08,1502.3199462890625,1533.5,1502.3199462890625,1532.1300048828125,4118530000,1532.1300048828125
2019-08-09,1530.9599609375,1530.9599609375,1509.9599609375,1513.0400390625,3356850000,1513.0400390625
2019-08-12,1512.760009765625,1512.760009765625,1495.6300048828125,1495.9000244140625,3328570000,1495.9000244140625
2019-08-13,1493.4100341796875,1522.77001953125,1490.0,1510.5799560546875,3857190000,1510.5799560546875
2019-08-14,1509.5799560546875,1509.5799560546875,1465.4599609375,1467.52001953125,4325150000,1467.52001953125
2019-08-15,1467.5799560546875,1470.93994140625,1456.280029296875,1461.6500244140625,4041720000,1461.6500244140625
2019-08-16,1462.1300048828125,1494.6800537109375,1462.1300048828125,1493.6400146484375,3524080000,1493.6400146484375
2019-08-19,1496.6199951171875,1515.3399658203125,1496.6199951171875,1508.8499755859375,3221050000,1508.8499755859375
2019-08-20,1508.6300048828125,1508.6300048828125,1497.77001953125,1498.010009765625,3067710000,1498.010009765625
2019-08-21,1498.5400390625,1512.0799560546875,1498.5400390625,1509.8499755859375,3016540000,1509.8499755859375
2019-08-22,1510.800048828125,1516.469970703125,1500.3699951171875,1506.0,2893660000,1506.0
2019-08-23,1504.300048828125,1505.6800537109375,1456.9000244140625,1459.489990234375,3942520000,1459.489990234375
2019-08-26,1461.5899658203125,1476.3399658203125,1461.5899658203125,1476.0,2859790000,1476.0
2019-08-27,1479.4599609375,1485.6700439453125,1454.9100341796875,1456.0400390625,3537490000,1456.0400390625
2019-08-28,1455.9000244140625,1478.030029296875,1450.3199462890625,1472.7099609375,3102480000,1472.7099609375
2019-08-29,1478.47998046875,1498.780029296875,1478.47998046875,1496.719970703125,3177150000,1496.719970703125
2019-08-30,1499.0699462890625,1504.449951171875,1488.3399658203125,1494.8399658203125,3009910000,1494.8399658203125
2019-09-03,1494.030029296875,1494.030029296875,1467.469970703125,1472.280029296875,3427830000,1472.280029296875
2019-09-04,1475.3599853515625,1487.93994140625,1475.3599853515625,1484.760009765625,3167900000,1484.760009765625
2019-09-05,1491.27001953125,1521.7900390625,1491.27001953125,1510.75,3902600000,1510.75
2019-09-06,1511.510009765625,1517.010009765625,1504.9100341796875,1505.1700439453125,3209340000,1505.1700439453125
2019-09-09,1507.530029296875,1526.0999755859375,1506.77001953125,1524.22998046875,4031120000,1524.22998046875
2019-09-10,1523.5699462890625,1543.6300048828125,1516.56005859375,1541.6099853515625,4393040000,1541.6099853515625
2019-09-11,1543.8699951171875,1575.8299560546875,1541.8800048828125,1575.7099609375,3934370000,1575.7099609375
2019-09-12,1575.800048828125,1580.719970703125,1562.81005859375,1575.0699462890625,3796990000,1575.0699462890625
2019-09-13,1579.22998046875,1589.449951171875,1577.1099853515625,1578.1400146484375,3557010000,1578.1400146484375
2019-09-16,1574.72998046875,1590.5,1570.5,1584.5999755859375,4285860000,1584.5999755859375
2019-09-17,1582.3699951171875,1582.3699951171875,1569.4100341796875,1578.2900390625,3673250000,1578.2900390625
2019-09-18,1577.550048828125,1577.550048828125,1557.1500244140625,1568.3399658203125,3458800000,1568.3399658203125
2019-09-19,1570.760009765625,1581.3499755859375,1560.9200439453125,1561.469970703125,3265660000,1561.469970703125
2019-09-20,1561.6300048828125,1570.02001953125,1554.25,1559.760009765625,6103440000,1559.760009765625
2019-09-23,1556.9200439453125,1563.6400146484375,1552.449951171875,1558.25,3187250000,1558.25
2019-09-24,1559.47998046875,1562.6300048828125,1530.3299560546875,1533.5899658203125,3872800000,1533.5899658203125
2019-09-25,1533.1400146484375,1552.93994140625,1530.699951171875,1550.6500244140625,3331200000,1550.6500244140625
2019-09-26,1549.5400390625,1549.5400390625,1531.0400390625,1533.3299560546875,3084910000,1533.3299560546875
2019-09-27,1534.1199951171875,1539.3699951171875,1515.6400146484375,1520.47998046875,3246480000,1520.47998046875
2019-09-30,1521.489990234375,1530.6600341796875,1518.3399658203125,1523.3699951171875,3249130000,1523.3699951171875
2019-10-01,1523.8499755859375,1539.0899658203125,1491.550048828125,1493.4300537109375,3560750000,1493.4300537109375
2019-10-02,1493.0699462890625,1493.0699462890625,1469.0799560546875,1479.6300048828125,3914180000,1479.6300048828125
2019-10-03,1476.43994140625,1487.3499755859375,1462.219970703125,1486.3499755859375,3515130000,1486.3499755859375
2019-10-04,1486.5699462890625,1500.77001953125,1482.02001953125,1500.699951171875,3005600000,1500.699951171875
2019-10-07,1498.7099609375,1507.3299560546875,1492.6099853515625,1497.7900390625,2959050000,1497.7900390625
2019-10-08,1494.6099853515625,1494.6099853515625,1472.550048828125,1472.5999755859375,3370700000,1472.5999755859375
2019-10-09,1480.0,1484.8299560546875,1476.510009765625,1479.4599609375,2735350000,1479.4599609375
2019-10-10,1480.7099609375,1491.5699462890625,1480.7099609375,1485.3599853515625,3234400000,1485.3599853515625
2019-10-11,1486.9599609375,1525.8299560546875,1486.9599609375,1511.9000244140625,3581320000,1511.9000244140625
2019-10-14,1507.3299560546875,1508.6199951171875,1499.97998046875,1505.4300537109375,2559270000,1505.4300537109375
2019-10-15,1508.5400390625,1528.4200439453125,1507.800048828125,1523.300048828125,3345090000,1523.300048828125
2019-10-16,1521.47998046875,1529.5999755859375,1520.4100341796875,1525.06005859375,3230320000,1525.06005859375
2019-10-17,1530.1800537109375,1542.6600341796875,1530.1800537109375,1541.8399658203125,3103470000,1541.8399658203125
2019-10-18,1539.239990234375,1540.719970703125,1525.469970703125,1535.47998046875,3268970000,1535.47998046875
2019-10-21,1541.72998046875,1557.02001953125,1541.72998046875,1552.4100341796875,3271960000,1552.4100341796875
2019-10-22,1550.77001953125,1557.8900146484375,1547.31005859375,1550.8699951171875,3527540000,1550.8699951171875
2019-10-23,1550.5899658203125,1554.6800537109375,1545.8900146484375,1552.8599853515625,3413600000,1552.8599853515625
2019-10-24,1556.5999755859375,1557.3299560546875,1544.8900146484375,1548.489990234375,3696510000,1548.489990234375
2019-10-25,1548.989990234375,1562.56005859375,1547.780029296875,1558.7099609375,3379060000,1558.7099609375
2019-10-28,1563.5,1576.989990234375,1563.5,1571.9300537109375,3524970000,1571.9300537109375
2019-10-29,1571.760009765625,1581.1300048828125,1569.4599609375,1577.0699462890625,3594430000,1577.0699462890625
2019-10-30,1575.6099853515625,1575.6099853515625,1562.050048828125,1572.8499755859375,3779660000,1572.8499755859375
2019-10-31,1570.18994140625,1570.47998046875,1552.8699951171875,1562.449951171875,4149310000,1562.449951171875
2019-11-01,1569.199951171875,1589.3299560546875,1569.199951171875,1589.3299560546875,3956290000,1589.3299560546875
2019-11-04,1597.0999755859375,1602.06005859375,1593.739990234375,1597.4000244140625,4178040000,1597.4000244140625
2019-11-05,1598.93994140625,1608.800048828125,1597.9300537109375,1599.6099853515625,4490590000,1599.6099853515625
2019-11-06,1598.4200439453125,1598.4200439453125,1587.02001953125,1589.5400390625,4465510000,1589.5400390625
2019-11-07,1598.25,1607.4100341796875,1590.3299560546875,1593.989990234375,4151990000,1593.989990234375
2019-11-08,1590.9599609375,1598.9300537109375,1587.5,1598.8599853515625,3508160000,1598.8599853515625
2019-11-11,1592.75,1595.43994140625,1588.31005859375,1594.77001953125,3041120000,1594.77001953125
2019-11-12,1595.6199951171875,1604.6400146484375,1593.4100341796875,1595.1199951171875,3495560000,1595.1199951171875
2019-11-13,1588.2900390625,1591.8499755859375,1581.06005859375,1589.1800537109375,3513720000,1589.1800537109375
2019-11-14,1587.3499755859375,1594.7099609375,1586.6800537109375,1588.7900390625,3282090000,1588.7900390625
2019-11-15,1594.06005859375,1598.199951171875,1591.0400390625,1596.449951171875,3359800000,1596.449951171875
2019-11-18,1594.1099853515625,1594.1099853515625,1588.550048828125,1592.3399658203125,3440140000,1592.3399658203125
2019-11-19,1594.9599609375,1602.9599609375,1592.0400390625,1598.2900390625,3613670000,1598.2900390625
2019-11-20,1593.43994140625,1602.7099609375,1581.97998046875,1591.6099853515625,4041010000,1591.6099853515625
2019-11-21,1594.0999755859375,1595.6099853515625,1581.0400390625,1583.9599609375,3744010000,1583.9599609375
2019-11-22,1588.8900146484375,1591.31005859375,1581.81005859375,1588.93994140625,3235270000,1588.93994140625
2019-11-25,1594.489990234375,1623.989990234375,1594.489990234375,1621.9000244140625,3514310000,1621.9000244140625
2019-11-26,1621.9000244140625,1630.280029296875,1619.949951171875,1624.22998046875,4600450000,1624.22998046875
2019-11-27,1626.800048828125,1634.77001953125,1626.800048828125,1634.0999755859375,3035470000,1634.0999755859375
2019-11-29,1630.1600341796875,1633.5899658203125,1623.9200439453125,1624.5,1743420000,1624.5
2019-12-02,1626.56005859375,1627.3399658203125,1606.6300048828125,1607.5799560546875,3285750000,1607.5799560546875
2019-12-03,1602.760009765625,1603.0799560546875,1589.72998046875,1602.6300048828125,3671580000,1602.6300048828125
2019-12-04,1607.6800537109375,1618.3800048828125,1607.6800537109375,1613.9000244140625,3702980000,1613.9000244140625
2019-12-05,1617.1700439453125,1620.8399658203125,1611.800048828125,1614.8299560546875,3360480000,1614.8299560546875
2019-12-06,1620.9200439453125,1637.9000244140625,1620.9200439453125,1633.8399658203125,3483310000,1633.8399658203125
2019-12-09,1631.469970703125,1636.43994140625,1629.6199951171875,1629.6199951171875,3400470000,1629.6199951171875
2019-12-10,1629.0999755859375,1633.739990234375,1626.3699951171875,1631.7099609375,3346310000,1631.7099609375
2019-12-11,1633.4300537109375,1634.4300537109375,1626.739990234375,1631.9300537109375,3257650000,1631.9300537109375
2019-12-12,1631.800048828125,1654.0699462890625,1629.8599853515625,1644.81005859375,4003200000,1644.81005859375
2019-12-13,1643.8299560546875,1650.18994140625,1632.6500244140625,1637.97998046875,3757650000,1637.97998046875
2019-12-16,1647.199951171875,1658.6199951171875,1647.199951171875,1649.93994140625,4070200000,1649.93994140625
2019-12-17,1650.5899658203125,1657.699951171875,1649.6300048828125,1657.56005859375,3842940000,1657.56005859375
2019-12-18,1660.489990234375,1663.3900146484375,1654.72998046875,1661.72998046875,4029950000,1661.72998046875
2019-12-19,1662.52001953125,1667.22998046875,1660.6199951171875,1667.0899658203125,3784360000,1667.0899658203125
2019-12-20,1670.5999755859375,1674.4300537109375,1668.8599853515625,1671.9000244140625,6457480000,1671.9000244140625
2019-12-23,1673.97998046875,1675.31005859375,1666.18994140625,1674.1400146484375,3064530000,1674.1400146484375
2019-12-24,1676.22998046875,1678.0899658203125,1673.739990234375,1678.010009765625,1296530000,1678.010009765625
2019-12-26,1680.219970703125,1680.3599853515625,1675.0999755859375,1677.6700439453125,2164540000,1677.6700439453125
2019-12-27,1681.25,1681.6800537109375,1666.4300537109375,1669.030029296875,2429150000,1669.030029296875
2019-12-30,1669.8800048828125,1670.219970703125,1658.050048828125,1664.1500244140625,3021720000,1664.1500244140625
2019-12-31,1660.050048828125,1673.3399658203125,1659.8299560546875,1668.469970703125,2894760000,1668.469970703125
2020-01-02,1675.9000244140625,1678.1400146484375,1653.52001953125,1666.77001953125,3459930000,1666.77001953125
2020-01-03,1655.02001953125,1664.0400390625,1648.5400390625,1660.8699951171875,3484700000,1660.8699951171875
2020-01-06,1650.6600341796875,1664.8499755859375,1645.510009765625,1663.260009765625,3702460000,1663.260009765625
2020-01-07,1659.72998046875,1662.0999755859375,1653.3299560546875,1658.31005859375,3435910000,1658.31005859375
2020-01-08,1658.469970703125,1669.2900390625,1658.22998046875,1663.5899658203125,3726840000,1663.5899658203125
2020-01-09,1669.8599853515625,1671.8199462890625,1663.780029296875,1664.989990234375,3641230000,1664.989990234375
2020-01-10,1665.469970703125,1666.75,1654.010009765625,1657.6400146484375,3214580000,1657.6400146484375
2020-01-13,1658.97998046875,1669.6099853515625,1652.3199462890625,1669.6099853515625,3459390000,1669.6099853515625
2020-01-14,1668.3900146484375,1684.3399658203125,1662.8599853515625,1675.739990234375,3687620000,1675.739990234375
2020-01-15,1673.68994140625,1688.1199951171875,1673.4000244140625,1682.4000244140625,3721490000,1682.4000244140625
2020-01-16,1691.8199462890625,1706.1700439453125,1691.8199462890625,1705.219970703125,3540580000,1705.219970703125
2020-01-17,1712.9300537109375,1715.0799560546875,1697.68994140625,1699.6400146484375,3726220000,1699.6400146484375
2020-01-21,1695.449951171875,1695.449951171875,1684.260009765625,1685.9000244140625,4104840000,1685.9000244140625
2020-01-22,1691.0699462890625,1694.3699951171875,1682.93994140625,1684.4599609375,3623780000,1684.4599609375
2020-01-23,1680.5400390625,1687.8499755859375,1666.469970703125,1685.010009765625,3766710000,1685.010009765625
2020-01-24,1687.81005859375,1689.1500244140625,1653.18994140625,1662.22998046875,3708780000,1662.22998046875
2020-01-27,1660.8199462890625,1660.8199462890625,1632.260009765625,1644.1400146484375,3831050000,1644.1400146484375
2020-01-28,1651.1300048828125,1661.18994140625,1651.1300048828125,1658.31005859375,3531570000,1658.31005859375
2020-01-29,1661.0799560546875,1663.77001953125,1649.0,1649.219970703125,3600250000,1649.219970703125
2020-01-30,1641.469970703125,1648.4300537109375,1630.93994140625,1648.219970703125,3790350000,1648.219970703125
2020-01-31,1643.68994140625,1643.68994140625,1610.6400146484375,1614.06005859375,4529700000,1614.06005859375
2020-02-03,1618.800048828125,1636.8800048828125,1618.800048828125,1632.2099609375,3760460000,1632.2099609375
2020-02-04,1644.4200439453125,1661.0,1644.4200439453125,1656.77001953125,3996900000,1656.77001953125
2020-02-05,1667.949951171875,1682.9599609375,1667.3800048828125,1681.9200439453125,4121480000,1681.9200439453125
2020-02-06,1685.43994140625,1689.1700439453125,1677.2900390625,1677.4599609375,3887250000,1677.4599609375
2020-02-07,1673.530029296875,1673.530029296875,1654.31005859375,1656.780029296875,3733920000,1656.780029296875
2020-02-10,1654.9200439453125,1667.699951171875,1653.6700439453125,1667.6700439453125,3462730000,1667.6700439453125
2020-02-11,1674.5,1686.010009765625,1674.0,1677.510009765625,3762940000,1677.510009765625
2020-02-12,1684.3900146484375,1690.06005859375,1683.02001953125,1689.3800048828125,3930910000,1689.3800048828125
2020-02-13,1684.5799560546875,1696.5400390625,1680.3800048828125,1693.739990234375,3500890000,1693.739990234375
2020-02-14,1694.8699951171875,1695.1700439453125,1683.469970703125,1687.5799560546875,3419700000,1687.5799560546875
2020-02-18,1686.030029296875,1687.3800048828125,1674.5999755859375,1683.52001953125,3750400000,1683.52001953125
2020-02-19,1685.3299560546875,1698.1600341796875,1685.3299560546875,1692.5699462890625,3614200000,1692.5699462890625
2020-02-20,1689.4200439453125,1698.9100341796875,1677.6199951171875,1696.0699462890625,4019180000,1696.0699462890625
2020-02-21,1694.72998046875,1694.72998046875,1673.199951171875,1678.6099853515625,3908780000,1678.6099853515625
2020-02-24,1676.6500244140625,1676.6500244140625,1620.1400146484375,1628.0999755859375,4851160000,1628.0999755859375
2020-02-25,1630.8699951171875,1633.1099853515625,1568.969970703125,1571.9000244140625,5596760000,1571.9000244140625
2020-02-26,1572.27001953125,1588.3199462890625,1551.3900146484375,1552.760009765625,5484650000,1552.760009765625
2020-02-27,1545.25,1553.97998046875,1495.8900146484375,1497.8699951171875,7064710000,1497.8699951171875
2020-02-28,1496.8299560546875,1496.8299560546875,1448.2099609375,1476.4300537109375,8569570000,1476.4300537109375
2020-03-02,1476.5899658203125,1518.510009765625,1463.06005859375,1518.489990234375,6381330000,1518.489990234375
2020-03-03,1518.52001953125,1539.739990234375,1472.739990234375,1486.0799560546875,6376510000,1486.0799560546875
2020-03-04,1500.1500244140625,1531.199951171875,1494.5799560546875,1531.199951171875,5073020000,1531.199951171875
2020-03-05,1522.8499755859375,1522.8499755859375,1462.9200439453125,1478.8199462890625,5579290000,1478.8199462890625
2020-03-06,1476.6300048828125,1476.6300048828125,1417.27001953125,1449.219970703125,6555240000,1449.219970703125
2020-03-09,1396.239990234375,1396.239990234375,1310.760009765625,1313.43994140625,8441290000,1313.43994140625
2020-03-10,1329.8800048828125,1351.47998046875,1288.9300537109375,1350.9000244140625,7642040000,1350.9000244140625
2020-03-11,1349.239990234375,1349.239990234375,1249.280029296875,1264.300048828125,7431200000,1264.300048828125
2020-03-12,1253.8699951171875,1253.8699951171875,1121.719970703125,1122.9300537109375,8850810000,1122.9300537109375
2020-03-13,1153.760009765625,1210.1300048828125,1109.3900146484375,1210.1300048828125,8299070000,1210.1300048828125
2020-03-16,1174.969970703125,1174.969970703125,1035.18994140625,1037.4200439453125,7805450000,1037.4200439453125
2020-03-17,1043.8699951171875,1106.6800537109375,1011.9500122070312,1106.510009765625,8370250000,1106.510009765625
2020-03-18,1057.6500244140625,1062.8800048828125,966.219970703125,991.1599731445312,8799300000,991.1599731445312
2020-03-19,988.7100219726562,1069.1500244140625,968.8599853515625,1058.75,7956100000,1058.75
2020-03-20,1064.719970703125,1087.719970703125,1009.530029296875,1013.8900146484375,9053950000,1013.8900146484375
2020-03-23,1014.0800170898438,1017.8900146484375,966.4199829101562,1002.4000244140625,7411380000,1002.4000244140625
2020-03-24,1041.0699462890625,1096.5400390625,1041.0699462890625,1096.5400390625,7563150000,1096.5400390625
2020-03-25,1100.1400146484375,1146.81005859375,1075.8499755859375,1110.3699951171875,8300010000,1110.3699951171875
2020-03-26,1116.300048828125,1180.3199462890625,1116.300048828125,1180.3199462890625,7766990000,1180.3199462890625
2020-03-27,1163.9200439453125,1163.9200439453125,1125.6800537109375,1131.989990234375,6201670000,1131.989990234375
2020-03-30,1134.1400146484375,1158.6400146484375,1119.949951171875,1158.3199462890625,5751120000,1158.3199462890625
2020-03-31,1155.6800537109375,1164.6300048828125,1130.3399658203125,1153.0999755859375,6576210000,1153.0999755859375
2020-04-01,1127.72998046875,1127.72998046875,1064.5999755859375,1071.989990234375,5964000000,1071.989990234375
2020-04-02,1071.4599609375,1102.3599853515625,1055.5999755859375,1085.81005859375,6464190000,1085.81005859375
2020-04-03,1082.9000244140625,1082.9000244140625,1035.3900146484375,1052.050048828125,6096970000,1052.050048828125
2020-04-06,1085.8800048828125,1139.9300537109375,1085.8800048828125,1138.780029296875,6403840000,1138.780029296875
2020-04-07,1158.1700439453125,1190.97998046875,1133.550048828125,1139.1700439453125,7050410000,1139.1700439453125
2020-04-08,1151.010009765625,1197.1700439453125,1147.260009765625,1191.6600341796875,5875710000,1191.6600341796875
2020-04-09,1212.6600341796875,1250.1300048828125,1212.6600341796875,1246.72998046875,7899550000,1246.72998046875
2020-04-13,1240.9100341796875,1240.93994140625,1200.9200439453125,1212.0400390625,5319530000,1212.0400390625
2020-04-14,1232.3199462890625,1251.8800048828125,1224.1500244140625,1237.3299560546875,5615730000,1237.3299560546875
2020-04-15,1221.7099609375,1221.7099609375,1176.030029296875,1183.97998046875,5208000000,1183.97998046875
2020-04-16,1185.0999755859375,1187.8399658203125,1154.52001953125,1178.0899658203125,5228810000,1178.0899658203125
2020-04-17,1191.8499755859375,1231.9300537109375,1191.8499755859375,1229.0999755859375,5804810000,1229.0999755859375
2020-04-20,1220.6300048828125,1233.8599853515625,1202.219970703125,1213.3499755859375,5228630000,1213.3499755859375
2020-04-21,1192.219970703125,1195.8800048828125,1173.9100341796875,1185.0899658203125,5121010000,1185.0899658203125
2020-04-22,1203.010009765625,1213.3399658203125,1196.5400390625,1201.52001953125,5084920000,1201.52001953125
2020-04-23,1203.6600341796875,1232.5899658203125,1203.6600341796875,1214.06005859375,5773530000,1214.06005859375
2020-04-24,1216.6800537109375,1238.31005859375,1210.6199951171875,1233.050048828125,5382810000,1233.050048828125
2020-04-27,1243.469970703125,1289.1800537109375,1243.469970703125,1281.8800048828125,5203930000,1281.8800048828125
2020-04-28,1301.219970703125,1316.7099609375,1282.77001953125,1298.0799560546875,5691160000,1298.0799560546875
2020-04-29,1314.0400390625,1373.3900146484375,1314.0400390625,1360.760009765625,6645640000,1360.760009765625
2020-04-30,1354.800048828125,1354.800048828125,1310.449951171875,1310.6600341796875,6544980000,1310.6600341796875
2020-05-01,1280.5799560546875,1281.0799560546875,1241.9100341796875,1260.47998046875,4759810000,1260.47998046875
2020-05-04,1254.8800048828125,1263.969970703125,1234.010009765625,1263.969970703125,4735930000,1263.969970703125
2020-05-05,1271.219970703125,1302.449951171875,1269.989990234375,1273.510009765625,5140290000,1273.510009765625
2020-05-06,1278.9000244140625,1284.9200439453125,1262.56005859375,1263.010009765625,4892570000,1263.010009765625
2020-05-07,1268.3499755859375,1290.9200439453125,1268.3499755859375,1282.9300537109375,5178790000,1282.9300537109375
2020-05-08,1294.280029296875,1330.1099853515625,1294.280029296875,1329.6400146484375,4876030000,1329.6400146484375
2020-05-11,1320.3699951171875,1333.8499755859375,1303.530029296875,1321.239990234375,4819730000,1321.239990234375
2020-05-12,1322.6700439453125,1326.8900146484375,1275.5400390625,1275.5400390625,5119630000,1275.5400390625
2020-05-13,1272.9000244140625,1272.9000244140625,1212.75,1233.25,6151650000,1233.25
2020-05-14,1226.6600341796875,1237.56005859375,1181.0899658203125,1237.550048828125,5651130000,1237.550048828125
2020-05-15,1236.25,1259.280029296875,1225.550048828125,1256.989990234375,5507700000,1256.989990234375
2020-05-18,1290.9000244140625,1338.3499755859375,1290.9000244140625,1333.68994140625,6373670000,1333.68994140625
2020-05-19,1330.27001953125,1339.1199951171875,1307.27001953125,1307.719970703125,4984330000,1307.719970703125
2020-05-20,1322.780029296875,1353.3800048828125,1322.780029296875,1346.9300537109375,5005380000,1346.9300537109375
2020-05-21,1345.719970703125,1354.6500244140625,1333.989990234375,1347.56005859375,4976620000,1347.56005859375
2020-05-22,1349.4000244140625,1355.77001953125,1338.1300048828125,1355.530029296875,3970860000,1355.530029296875
2020-05-26,1361.1600341796875,1406.77001953125,1361.1600341796875,1393.0699462890625,5848500000,1393.0699462890625
2020-05-27,1398.5,1438.9599609375,1382.030029296875,1436.3599853515625,6398000000,1436.3599853515625
2020-05-28,1437.8399658203125,1450.3699951171875,1396.949951171875,1400.6700439453125,5447020000,1400.6700439453125
2020-05-29,1399.050048828125,1399.050048828125,1372.7099609375,1394.0400390625,7297550000,1394.0400390625
2020-06-01,1396.2900390625,1419.93994140625,1395.510009765625,1405.3699951171875,4684170000,1405.3699951171875
2020-06-02,1409.1600341796875,1421.1199951171875,1403.68994140625,1418.2099609375,5197150000,1418.2099609375
2020-06-03,1425.3699951171875,1463.550048828125,1425.3699951171875,1452.0899658203125,6005560000,1452.0899658203125
2020-06-04,1450.1600341796875,1460.0899658203125,1439.1099853515625,1452.06005859375,6451290000,1452.06005859375
2020-06-05,1460.1800537109375,1525.56005859375,1460.1800537109375,1507.1500244140625,8639300000,1507.1500244140625
2020-06-08,1510.5899658203125,1537.6199951171875,1510.5899658203125,1536.8900146484375,8498300000,1536.8900146484375
2020-06-09,1533.030029296875,1533.030029296875,1496.68994140625,1507.050048828125,6410930000,1507.050048828125
2020-06-10,1506.93994140625,1506.93994140625,1465.93994140625,1467.3900146484375,6598870000,1467.3900146484375
2020-06-11,1458.3399658203125,1458.3399658203125,1355.3199462890625,1356.219970703125,7037320000,1356.219970703125
2020-06-12,1366.9599609375,1412.9100341796875,1349.3900146484375,1387.6800537109375,5845330000,1387.6800537109375
2020-06-15,1381.4100341796875,1425.8399658203125,1343.5999755859375,1419.6099853515625,5757480000,1419.6099853515625
2020-06-16,1432.3499755859375,1473.75,1427.8399658203125,1452.260009765625,5845810000,1452.260009765625
2020-06-17,1453.3299560546875,1456.760009765625,1424.5899658203125,1426.530029296875,4560450000,1426.530029296875
2020-06-18,1424.719970703125,1439.739990234375,1412.27001953125,1427.3299560546875,4448690000,1427.3299560546875
2020-06-19,1430.6500244140625,1443.800048828125,1409.469970703125,1418.6300048828125,8346650000,1418.6300048828125
2020-06-22,1417.6700439453125,1433.530029296875,1400.97998046875,1433.530029296875,4686690000,1433.530029296875
2020-06-23,1436.4599609375,1454.1199951171875,1436.4599609375,1439.3399658203125,4711850000,1439.3399658203125
2020-06-24,1437.199951171875,1437.199951171875,1374.4000244140625,1389.739990234375,5597680000,1389.739990234375
2020-06-25,1388.4100341796875,1413.7099609375,1375.3699951171875,1413.31005859375,4847690000,1413.31005859375
2020-06-26,1411.3699951171875,1411.3699951171875,1375.5899658203125,1378.780029296875,8107850000,1378.780029296875
2020-06-29,1383.0400390625,1427.0899658203125,1381.0400390625,1421.2099609375,4473970000,1421.2099609375
2020-06-30,1418.550048828125,1444.1199951171875,1413.1800537109375,1441.3699951171875,4705850000,1441.3699951171875
2020-07-01,1443.2900390625,1451.4599609375,1423.6500244140625,1427.31005859375,4449230000,1427.31005859375
2020-07-02,1433.3900146484375,1459.4100341796875,1428.550048828125,1431.8599853515625,4197720000,1431.8599853515625
2020-07-06,1435.949951171875,1461.280029296875,1435.949951171875,1442.8800048828125,4759160000,1442.8800048828125
2020-07-07,1441.300048828125,1441.300048828125,1414.239990234375,1416.0,4571330000,1416.0
2020-07-08,1416.3599853515625,1431.8299560546875,1402.1800537109375,1427.4000244140625,4937310000,1427.4000244140625
2020-07-09,1427.43994140625,1427.8299560546875,1384.0999755859375,1398.9200439453125,4843650000,1398.9200439453125
2020-07-10,1398.9200439453125,1422.7099609375,1395.6500244140625,1422.6800537109375,4524190000,1422.6800537109375
2020-07-13,1427.3599853515625,1452.3199462890625,1403.06005859375,1403.5699462890625,4902440000,1403.5699462890625
2020-07-14,1403.1300048828125,1428.4000244140625,1393.9000244140625,1428.260009765625,4507140000,1428.260009765625
2020-07-15,1432.5,1485.050048828125,1432.5,1478.27001953125,4686830000,1478.27001953125
2020-07-16,1473.780029296875,1473.780029296875,1460.0799560546875,1467.56005859375,3972860000,1467.56005859375
2020-07-17,1467.8699951171875,1482.4000244140625,1464.7099609375,1473.3199462890625,4012850000,1473.3199462890625
2020-07-20,1471.6700439453125,1474.3699951171875,1461.300048828125,1467.949951171875,3979340000,1467.949951171875
2020-07-21,1472.1300048828125,1496.72998046875,1472.1300048828125,1487.510009765625,4556610000,1487.510009765625
2020-07-22,1486.4300537109375,1493.56005859375,1478.8800048828125,1490.1400146484375,4267160000,1490.1400146484375
2020-07-23,1489.3299560546875,1507.239990234375,1477.22998046875,1490.199951171875,4296760000,1490.199951171875
2020-07-24,1488.6700439453125,1488.6700439453125,1466.0999755859375,1467.550048828125,3689410000,1467.550048828125
2020-07-27,1468.22998046875,1484.6600341796875,1464.47998046875,1484.6500244140625,3970310000,1484.6500244140625
2020-07-28,1484.3699951171875,1485.3399658203125,1469.550048828125,1469.760009765625,4053180000,1469.760009765625
2020-07-29,1471.3699951171875,1501.8599853515625,1471.3699951171875,1500.6300048828125,4478200000,1500.6300048828125
2020-07-30,1499.199951171875,1499.199951171875,1475.1600341796875,1495.0999755859375,4264920000,1495.0999755859375
2020-07-31,1495.1500244140625,1495.1500244140625,1457.6199951171875,1480.4300537109375,5007530000,1480.4300537109375
2020-08-03,1485.489990234375,1507.9300537109375,1483.3699951171875,1506.800048828125,4438940000,1506.800048828125
2020-08-04,1506.530029296875,1517.219970703125,1501.5799560546875,1517.2099609375,4414380000,1517.2099609375
2020-08-05,1521.7900390625,1546.4000244140625,1521.7900390625,1546.239990234375,4535060000,1546.239990234375
2020-08-06,1546.43994140625,1550.469970703125,1537.4599609375,1544.6199951171875,4278930000,1544.6199951171875
2020-08-07,1542.52001953125,1569.260009765625,1539.52001953125,1569.1800537109375,4110030000,1569.1800537109375
2020-08-10,1573.75,1593.8299560546875,1573.75,1584.6700439453125,4327920000,1584.6700439453125
2020-08-11,1587.5699462890625,1603.5999755859375,1570.699951171875,1575.0999755859375,4880540000,1575.0999755859375
2020-08-12,1577.9000244140625,1595.1199951171875,1574.25,1583.25,3772250000,1583.25
2020-08-13,1580.260009765625,1590.0899658203125,1575.9599609375,1579.7900390625,3438730000,1579.7900390625
2020-08-14,1575.780029296875,1583.47998046875,1567.8800048828125,1577.8800048828125,3200060000,1577.8800048828125
2020-08-17,1579.47998046875,1586.52001953125,1575.8399658203125,1585.469970703125,3460330000,1585.469970703125
2020-08-18,1585.5400390625,1585.5400390625,1566.510009765625,1569.77001953125,3669550000,1569.77001953125
2020-08-19,1570.43994140625,1585.1600341796875,1569.97998046875,1572.0699462890625,3679480000,1572.0699462890625
2020-08-20,1567.77001953125,1570.3800048828125,1554.4599609375,1564.300048828125,3431040000,1564.300048828125
2020-08-21,1563.3699951171875,1563.3699951171875,1545.3599853515625,1552.47998046875,3505010000,1552.47998046875
2020-08-24,1559.9599609375,1568.72998046875,1554.0999755859375,1568.469970703125,3743410000,1568.469970703125
2020-08-25,1572.6500244140625,1574.239990234375,1556.780029296875,1571.2099609375,3627650000,1571.2099609375
2020-08-26,1570.719970703125,1572.5699462890625,1559.72998046875,1560.18994140625,3780530000,1560.18994140625
2020-08-27,1561.3599853515625,1573.3800048828125,1555.27001953125,1564.56005859375,3955890000,1564.56005859375
2020-08-28,1570.4599609375,1578.3399658203125,1567.1300048828125,1578.3399658203125,3868510000,1578.3399658203125
2020-08-31,1577.550048828125,1577.550048828125,1561.8800048828125,1561.8800048828125,4348280000,1561.8800048828125
2020-09-01,1561.0999755859375,1578.5799560546875,1554.18994140625,1578.5799560546875,4101490000,1578.5799560546875
2020-09-02,1578.780029296875,1595.0400390625,1567.4300537109375,1592.2900390625,4295640000,1592.2900390625
2020-09-03,1592.469970703125,1592.469970703125,1538.530029296875,1544.6800537109375,4911830000,1544.6800537109375
2020-09-04,1546.6400146484375,1563.3800048828125,1501.52001953125,1535.300048828125,4438720000,1535.300048828125
2020-09-08,1534.3699951171875,1534.3699951171875,1499.8299560546875,1504.5899658203125,4694330000,1504.5899658203125
2020-09-09,1505.0899658203125,1532.9100341796875,1505.0899658203125,1526.47998046875,3932520000,1526.47998046875
2020-09-10,1526.8699951171875,1543.4300537109375,1507.72998046875,1507.75,4208630000,1507.75
2020-09-11,1508.800048828125,1515.969970703125,1484.949951171875,1497.27001953125,3710090000,1497.27001953125
2020-09-14,1499.3800048828125,1538.5,1499.3800048828125,1536.969970703125,3839580000,1536.969970703125
2020-09-15,1538.5400390625,1551.02001953125,1535.6400146484375,1538.1500244140625,4057190000,1538.1500244140625
2020-09-16,1539.27001953125,1572.06005859375,1539.27001953125,1552.3299560546875,4718900000,1552.3299560546875
2020-09-17,1550.1400146484375,1550.1400146484375,1526.550048828125,1542.5999755859375,4379840000,1542.5999755859375
2020-09-18,1544.3399658203125,1556.3800048828125,1519.760009765625,1536.780029296875,7076400000,1536.780029296875
2020-09-21,1533.9200439453125,1533.9200439453125,1470.43994140625,1485.25,4836070000,1485.25
2020-09-22,1486.050048828125,1497.81005859375,1474.489990234375,1496.9599609375,3974510000,1496.9599609375
2020-09-23,1496.969970703125,1503.97998046875,1451.4100341796875,1451.4599609375,4378650000,1451.4599609375
2020-09-24,1450.8399658203125,1474.02001953125,1432.5699462890625,1451.8199462890625,4601920000,1451.8199462890625
2020-09-25,1450.97998046875,1478.949951171875,1445.699951171875,1474.9100341796875,3803330000,1474.9100341796875
2020-09-28,1477.4300537109375,1514.3299560546875,1477.4300537109375,1510.3399658203125,3950910000,1510.3399658203125
2020-09-29,1510.199951171875,1512.219970703125,1492.52001953125,1504.72998046875,3661590000,1504.72998046875
2020-09-30,1504.8399658203125,1528.010009765625,1498.2900390625,1507.68994140625,4738640000,1507.68994140625
2020-10-01,1508.5999755859375,1531.9200439453125,1508.5999755859375,1531.199951171875,4076340000,1531.199951171875
2020-10-02,1527.5899658203125,1544.5,1498.1099853515625,1539.300048828125,3975180000,1539.300048828125
2020-10-05,1541.199951171875,1582.6600341796875,1541.199951171875,1581.9599609375,3692720000,1581.9599609375
2020-10-06,1584.489990234375,1619.2099609375,1577.2900390625,1577.2900390625,4453390000,1577.2900390625
2020-10-07,1581.1199951171875,1614.6099853515625,1581.1199951171875,1611.0400390625,3814750000,1611.0400390625
2020-10-08,1615.27001953125,1630.3299560546875,1615.27001953125,1628.550048828125,3867640000,1628.550048828125
2020-10-09,1630.7099609375,1645.0400390625,1630.7099609375,1637.550048828125,3944090000,1637.550048828125
2020-10-12,1642.4599609375,1652.050048828125,1637.3499755859375,1649.050048828125,3435760000,1649.050048828125
2020-10-13,1647.5699462890625,1647.5699462890625,1631.5999755859375,1636.8499755859375,3611100000,1636.8499755859375
2020-10-14,1637.969970703125,1647.989990234375,1621.56005859375,1621.6500244140625,3858510000,1621.6500244140625
2020-10-15,1618.8800048828125,1641.0,1598.489990234375,1638.8800048828125,3724550000,1638.8800048828125
2020-10-16,1638.47998046875,1646.25,1633.800048828125,1633.81005859375,4688030000,1633.81005859375
2020-10-19,1636.8399658203125,1647.050048828125,1612.219970703125,1613.6300048828125,4091080000,1613.6300048828125
2020-10-20,1620.5699462890625,1632.760009765625,1615.989990234375,1617.7099609375,3917850000,1617.7099609375
2020-10-21,1618.3399658203125,1621.8800048828125,1603.77001953125,1603.780029296875,4103960000,1603.780029296875
2020-10-22,1604.949951171875,1631.969970703125,1603.9599609375,1630.25,4172060000,1630.25
2020-10-23,1634.06005859375,1641.47998046875,1626.3199462890625,1640.5,3651600000,1640.5
2020-10-26,1635.219970703125,1635.219970703125,1586.8900146484375,1605.2099609375,4002210000,1605.2099609375
2020-10-27,1605.6800537109375,1609.530029296875,1590.7099609375,1590.7099609375,3962400000,1590.7099609375
2020-10-28,1586.77001953125,1586.77001953125,1542.5400390625,1543.280029296875,5139970000,1543.280029296875
2020-10-29,1543.06005859375,1566.3900146484375,1532.22998046875,1561.5799560546875,4911860000,1561.5799560546875
2020-10-30,1559.68994140625,1559.68994140625,1526.219970703125,1538.47998046875,4843930000,1538.47998046875
2020-11-02,1540.8599853515625,1568.5899658203125,1540.8599853515625,1568.5899658203125,4314690000,1568.5899658203125
2020-11-03,1571.949951171875,1620.77001953125,1571.949951171875,1614.300048828125,4241380000,1614.300048828125
2020-11-04,1612.97998046875,1631.31005859375,1598.56005859375,1615.0799560546875,4790400000,1615.0799560546875
2020-11-05,1616.6500244140625,1664.1199951171875,1616.6500244140625,1660.050048828125,4858150000,1660.050048828125
2020-11-06,1660.780029296875,1667.1500244140625,1648.260009765625,1648.260009765625,4842460000,1648.260009765625
2020-11-09,1652.1099853515625,1745.68994140625,1652.1099853515625,1705.0400390625,8570510000,1705.0400390625
2020-11-10,1706.449951171875,1741.8299560546875,1706.449951171875,1737.010009765625,6037470000,1737.010009765625
2020-11-11,1738.8800048828125,1746.31005859375,1722.219970703125,1736.93994140625,4635560000,1736.93994140625
2020-11-12,1735.989990234375,1735.989990234375,1696.6500244140625,1708.469970703125,4909660000,1708.469970703125
2020-11-13,1710.050048828125,1749.3599853515625,1710.050048828125,1744.0400390625,4719580000,1744.0400390625
2020-11-16,1747.02001953125,1785.3399658203125,1747.02001953125,1785.3399658203125,5295510000,1785.3399658203125
2020-11-17,1783.0899658203125,1795.8900146484375,1755.3399658203125,1791.9100341796875,4812180000,1791.9100341796875
2020-11-18,1792.760009765625,1805.199951171875,1769.3199462890625,1769.3199462890625,5284810000,1769.3199462890625
2020-11-19,1769.25,1784.6400146484375,1764.199951171875,1784.1300048828125,4363370000,1784.1300048828125
2020-11-20,1782.1500244140625,1787.3900146484375,1771.1300048828125,1785.3399658203125,4236370000,1785.3399658203125
2020-11-23,1787.239990234375,1827.5999755859375,1787.239990234375,1818.300048828125,5057550000,1818.300048828125
2020-11-24,1819.52001953125,1862.1700439453125,1819.52001953125,1853.530029296875,6280290000,1853.530029296875
2020-11-25,1852.6199951171875,1852.6199951171875,1831.949951171875,1845.02001953125,4910440000,1845.02001953125
2020-11-27,1846.260009765625,1855.27001953125,1845.5,1855.27001953125,2778390000,1855.27001953125
2020-11-30,1854.8699951171875,1854.8699951171875,1813.56005859375,1819.8199462890625,6308410000,1819.8199462890625
2020-12-01,1822.9200439453125,1848.02001953125,1822.9200439453125,1836.050048828125,5418480000,1836.050048828125
2020-12-02,1833.0799560546875,1842.530029296875,1817.02001953125,1838.030029296875,5041250000,1838.030029296875
2020-12-03,1838.52001953125,1860.3499755859375,1838.52001953125,1848.699951171875,5065340000,1848.699951171875
2020-12-04,1849.97998046875,1892.449951171875,1849.97998046875,1892.449951171875,5099620000,1892.449951171875
2020-12-07,1892.719970703125,1897.43994140625,1886.780029296875,1891.25,4804500000,1891.25
2020-12-08,1890.5699462890625,1918.010009765625,1881.699951171875,1917.780029296875,4584390000,1917.780029296875
2020-12-09,1919.1600341796875,1935.27001953125,1889.3299560546875,1902.1500244140625,5232800000,1902.1500244140625
2020-12-10,1901.3399658203125,1924.1199951171875,1887.68994140625,1922.699951171875,4658480000,1922.699951171875
2020-12-11,1921.27001953125,1926.72998046875,1896.02001953125,1911.699951171875,4375470000,1911.699951171875
2020-12-14,1914.1500244140625,1944.1199951171875,1913.8599853515625,1913.8599853515625,4623850000,1913.8599853515625
2020-12-15,1915.9000244140625,1960.81005859375,1915.9000244140625,1959.760009765625,4387080000,1959.760009765625
2020-12-16,1961.260009765625,1966.1099853515625,1947.050048828125,1952.719970703125,4067040000,1952.719970703125
2020-12-17,1953.760009765625,1978.050048828125,1953.760009765625,1978.050048828125,4192810000,1978.050048828125
2020-12-18,1978.8900146484375,1992.719970703125,1965.6700439453125,1969.989990234375,7097100000,1969.989990234375
2020-12-21,1967.9300537109375,1970.6700439453125,1934.6600341796875,1970.3299560546875,4748580000,1970.3299560546875
2020-12-22,1971.1800537109375,1992.5,1971.1800537109375,1989.8800048828125,4053310000,1989.8800048828125
2020-12-23,1991.0999755859375,2011.8399658203125,1991.0999755859375,2007.0999755859375,3779160000,2007.0999755859375
2020-12-24,2013.1800537109375,2013.969970703125,1997.1800537109375,2003.949951171875,1883780000,2003.949951171875
2020-12-28,2013.489990234375,2026.239990234375,1996.25,1996.25,3535460000,1996.25
2020-12-29,1996.72998046875,2001.699951171875,1950.8199462890625,1959.3599853515625,3393290000,1959.3599853515625
2020-12-30,1961.719970703125,1987.780029296875,1961.719970703125,1979.989990234375,3154850000,1979.989990234375
2020-12-31,1979.9300537109375,1981.4100341796875,1963.260009765625,1974.8599853515625,3179040000,1974.8599853515625
2021-01-04,1975.780029296875,1990.699951171875,1927.1500244140625,1945.9100341796875,5015000000,1945.9100341796875
2021-01-05,1945.7900390625,1988.760009765625,1943.68994140625,1979.1099853515625,4591020000,1979.1099853515625
2021-01-06,1980.2900390625,2079.719970703125,1980.2900390625,2057.919921875,6064110000,2057.919921875
2021-01-07,2059.330078125,2099.260009765625,2059.330078125,2096.889892578125,5099160000,2096.889892578125
2021-01-08,2098.449951171875,2113.8798828125,2064.610107421875,2091.659912109375,4773040000,2091.659912109375
2021-01-11,2088.800048828125,2095.39990234375,2061.639892578125,2091.010009765625,4465430000,2091.010009765625
2021-01-12,2091.7900390625,2128.389892578125,2091.7900390625,2127.9599609375,4994950000,2127.9599609375
2021-01-13,2128.169921875,2131.419921875,2109.719970703125,2111.969970703125,4602510000,2111.969970703125
2021-01-14,2113.6201171875,2164.320068359375,2113.6201171875,2155.35009765625,5198480000,2155.35009765625
2021-01-15,2154.68994140625,2154.68994140625,2102.530029296875,2123.199951171875,5369820000,2123.199951171875
2021-01-19,2125.510009765625,2152.35009765625,2125.510009765625,2151.139892578125,5014440000,2151.139892578125
2021-01-20,2152.300048828125,2173.72998046875,2149.989990234375,2160.6201171875,4566190000,2160.6201171875
2021-01-21,2161.300048828125,2167.030029296875,2138.030029296875,2141.419921875,4501760000,2141.419921875
2021-01-22,2140.47998046875,2168.800048828125,2118.77001953125,2168.760009765625,5110890000,2168.760009765625
2021-01-25,2168.719970703125,2194.860107421875,2135.219970703125,2163.27001953125,7000840000,2163.27001953125
2021-01-26,2165.4599609375,2183.010009765625,2146.340087890625,2149.860107421875,6137500000,2149.860107421875
2021-01-27,2146.659912109375,2146.659912109375,2088.010009765625,2108.699951171875,9976520000,2108.699951171875
2021-01-28,2111.2900390625,2138.199951171875,2094.780029296875,2106.610107421875,6992770000,2106.610107421875
2021-01-29,2106.780029296875,2124.6201171875,2066.590087890625,2073.639892578125,6643370000,2073.639892578125
2021-02-01,2075.010009765625,2130.68994140625,2075.010009765625,2126.159912109375,5436230000,2126.159912109375
2021-02-02,2127.31005859375,2154.5400390625,2126.449951171875,2151.43994140625,5514090000,2151.43994140625
2021-02-03,2151.4599609375,2163.360107421875,2135.780029296875,2159.699951171875,4864870000,2159.699951171875
2021-02-04,2160.77001953125,2202.419921875,2160.77001953125,2202.419921875,4879240000,2202.419921875
2021-02-05,2202.93994140625,2233.330078125,2202.93994140625,2233.330078125,4879470000,2233.330078125
2021-02-08,2234.35009765625,2289.760009765625,2234.35009765625,2289.760009765625,4648360000,2289.760009765625
2021-02-09,2289.639892578125,2309.429931640625,2281.929931640625,2299.0,4568320000,2299.0
2021-02-10,2300.679931640625,2318.090087890625,2266.659912109375,2282.43994140625,4837070000,2282.43994140625
2021-02-11,2283.27001953125,2303.6298828125,2255.570068359375,2285.320068359375,4590960000,2285.320068359375
2021-02-12,2284.659912109375,2293.72998046875,2264.3798828125,2289.360107421875,4135060000,2289.360107421875
2021-02-16,2290.570068359375,2310.090087890625,2266.27001953125,2272.889892578125,5058990000,2272.889892578125
2021-02-17,2271.9599609375,2271.9599609375,2226.97998046875,2256.110107421875,4730650000,2256.110107421875
2021-02-18,2253.030029296875,2253.030029296875,2208.489990234375,2218.389892578125,4793650000,2218.389892578125
2021-02-19,2218.820068359375,2275.8701171875,2218.820068359375,2266.68994140625,4845320000,2266.68994140625
2021-02-22,2265.8701171875,2276.330078125,2247.699951171875,2251.070068359375,5917100000,2251.070068359375
2021-02-23,2248.419921875,2248.419921875,2169.080078125,2231.31005859375,6296610000,2231.31005859375
2021-02-24,2232.409912109375,2286.489990234375,2232.409912109375,2284.3798828125,6012790000,2284.3798828125
2021-02-25,2283.85009765625,2289.070068359375,2196.52001953125,2200.169921875,6547470000,2200.169921875
2021-02-26,2201.300048828125,2232.2900390625,2165.860107421875,2201.050048828125,6526070000,2201.050048828125
2021-03-01,2203.030029296875,2279.5400390625,2203.030029296875,2275.320068359375,5114820000,2275.320068359375
2021-03-02,2275.1201171875,2275.1201171875,2231.110107421875,2231.510009765625,5536010000,2231.510009765625
2021-03-03,2232.5,2252.56005859375,2207.6201171875,2207.7900390625,6173660000,2207.7900390625
2021-03-04,2207.739990234375,2217.050048828125,2110.139892578125,2146.919921875,7195400000,2146.919921875
2021-03-05,2149.429931640625,2193.27001953125,2085.1201171875,2192.2099609375,6851070000,2192.2099609375
2021-03-08,2192.64990234375,2233.340087890625,2192.47998046875,2202.97998046875,5871710000,2202.97998046875
2021-03-09,2204.800048828125,2261.639892578125,2204.800048828125,2245.06005859375,5513560000,2245.06005859375
2021-03-10,2246.9599609375,2299.4599609375,2246.9599609375,2285.679931640625,5847380000,2285.679931640625
2021-03-11,2287.93994140625,2338.550048828125,2287.93994140625,2338.5400390625,5312880000,2338.5400390625
2021-03-12,2337.22998046875,2354.199951171875,2325.64990234375,2352.7900390625,4476280000,2352.7900390625
2021-03-15,2352.7900390625,2360.169921875,2337.1298828125,2360.169921875,4900100000,2360.169921875
2021-03-16,2360.1298828125,2360.1298828125,2304.969970703125,2319.52001953125,4613080000,2319.52001953125
2021-03-17,2315.139892578125,2339.280029296875,2289.840087890625,2336.389892578125,4561660000,2336.389892578125
2021-03-18,2335.830078125,2340.550048828125,2262.070068359375,2267.590087890625,5118590000,2267.590087890625
2021-03-19,2267.64990234375,2298.0400390625,2247.570068359375,2287.550048828125,7757420000,2287.550048828125
2021-03-22,2287.929931640625,2294.0400390625,2258.699951171875,2266.840087890625,4316260000,2266.840087890625
2021-03-23,2264.139892578125,2264.139892578125,2175.780029296875,2185.68994140625,4669010000,2185.68994140625
2021-03-24,2192.949951171875,2221.97998046875,2134.1201171875,2134.27001953125,4783020000,2134.27001953125
2021-03-25,2133.14990234375,2190.889892578125,2100.27001953125,2183.1201171875,4948340000,2183.1201171875
2021-03-26,2190.8798828125,2222.18994140625,2177.89990234375,2221.47998046875,5483160000,2221.47998046875
2021-03-29,2219.31005859375,2223.18994140625,2158.43994140625,2158.679931640625,4628180000,2158.679931640625
2021-03-30,2158.590087890625,2202.6201171875,2151.550048828125,2195.800048828125,4121510000,2195.800048828125
2021-03-31,2200.030029296875,2237.679931640625,2200.030029296875,2220.52001953125,4578050000,2220.52001953125
2021-04-01,2225.2900390625,2253.89990234375,2225.2900390625,2253.89990234375,4162130000,2253.89990234375
2021-04-05,2280.800048828125,2280.830078125,2253.93994140625,2264.889892578125,4005030000,2264.889892578125
2021-04-06,2264.739990234375,2280.3701171875,2257.550048828125,2259.14990234375,4081270000,2259.14990234375
2021-04-07,2259.14990234375,2259.14990234375,2217.780029296875,2223.050048828125,4120810000,2223.050048828125
2021-04-08,2225.18994140625,2243.0,2213.840087890625,2242.60009765625,3907100000,2242.60009765625
2021-04-09,2241.969970703125,2245.989990234375,2231.030029296875,2243.469970703125,3640390000,2243.469970703125
2021-04-12,2244.330078125,2244.330078125,2222.2099609375,2233.780029296875,3588900000,2233.780029296875
2021-04-13,2233.989990234375,2237.3798828125,2208.199951171875,2228.919921875,3734720000,2228.919921875
2021-04-14,2230.159912109375,2272.85009765625,2230.159912109375,2247.719970703125,3985350000,2247.719970703125
2021-04-15,2249.419921875,2264.159912109375,2240.75,2257.070068359375,4033420000,2257.070068359375
2021-04-16,2258.2900390625,2273.14990234375,2251.72998046875,2262.669921875,4163820000,2262.669921875
2021-04-19,2261.110107421875,2261.110107421875,2219.050048828125,2232.0,3810290000,2232.0
2021-04-20,2231.1298828125,2231.1298828125,2171.679931640625,2188.2099609375,4342650000,2188.2099609375
2021-04-21,2187.47998046875,2240.4599609375,2175.429931640625,2239.6298828125,3887250000,2239.6298828125
2021-04-22,2240.8701171875,2268.530029296875,2227.489990234375,2232.610107421875,4245140000,2232.610107421875
2021-04-23,2233.719970703125,2281.219970703125,2233.719970703125,2271.860107421875,3569880000,2271.860107421875
2021-04-26,2275.340087890625,2302.3798828125,2275.340087890625,2298.010009765625,3748320000,2298.010009765625
2021-04-27,2298.830078125,2309.800048828125,2294.409912109375,2301.27001953125,3710700000,2301.27001953125
2021-04-28,2301.10009765625,2309.820068359375,2291.280029296875,2304.159912109375,3787360000,2304.159912109375
2021-04-29,2307.070068359375,2322.909912109375,2278.419921875,2295.4599609375,4298680000,2295.4599609375
2021-04-30,2292.489990234375,2292.489990234375,2259.300048828125,2266.449951171875,4300880000,2266.449951171875
2021-05-03,2268.6201171875,2288.570068359375,2267.780029296875,2277.449951171875,4070220000,2277.449951171875
2021-05-04,2275.10009765625,2275.10009765625,2225.699951171875,2248.2900390625,4452460000,2248.2900390625
2021-05-05,2250.1298828125,2260.0,2232.860107421875,2241.3701171875,4230920000,2241.3701171875
2021-05-06,2240.2099609375,2242.030029296875,2205.590087890625,2241.419921875,4511000000,2241.419921875
2021-05-07,2242.10009765625,2271.81005859375,2240.56005859375,2271.6298828125,4016080000,2271.6298828125
2021-05-10,2271.090087890625,2271.239990234375,2212.590087890625,2212.699951171875,4560700000,2212.699951171875
2021-05-11,2206.47998046875,2215.68994140625,2157.139892578125,2206.989990234375,4870710000,2206.989990234375
2021-05-12,2205.02001953125,2205.02001953125,2132.25,2135.139892578125,4733070000,2135.139892578125
2021-05-13,2135.22998046875,2185.239990234375,2133.969970703125,2170.949951171875,4779540000,2170.949951171875
2021-05-14,2171.1298828125,2226.389892578125,2171.1298828125,2224.6298828125,4008880000,2224.6298828125
2021-05-17,2222.860107421875,2227.4599609375,2197.10009765625,2227.1201171875,4125050000,2227.1201171875
2021-05-18,2227.919921875,2244.429931640625,2210.429931640625,2210.8798828125,4398150000,2210.8798828125
2021-05-19,2205.77001953125,2205.77001953125,2159.139892578125,2193.639892578125,4247450000,2193.639892578125
2021-05-20,2194.68994140625,2210.919921875,2184.409912109375,2207.760009765625,3978880000,2207.760009765625
2021-05-21,2210.2099609375,2236.830078125,2210.2099609375,2215.27001953125,3995250000,2215.27001953125
2021-05-24,2223.050048828125,2237.1298828125,2218.14990234375,2227.340087890625,3684800000,2227.340087890625
2021-05-25,2229.239990234375,2247.81005859375,2205.72998046875,2205.75,4182250000,2205.75
2021-05-26,2207.35009765625,2250.610107421875,2207.35009765625,2249.27001953125,4420890000,2249.27001953125
2021-05-27,2250.72998046875,2277.6201171875,2250.72998046875,2273.070068359375,6406310000,2273.070068359375
2021-05-28,2273.820068359375,2285.070068359375,2264.919921875,2268.969970703125,4649250000,2268.969970703125
2021-06-01,2270.3798828125,2298.719970703125,2270.3798828125,2294.739990234375,5074670000,2294.739990234375
2021-06-02,2295.659912109375,2302.219970703125,2285.050048828125,2297.830078125,5833670000,2297.830078125
2021-06-03,2296.570068359375,2296.570068359375,2257.0,2279.25,5587970000,2279.25
2021-06-04,2281.070068359375,2293.679931640625,2277.43994140625,2286.409912109375,4139790000,2286.409912109375
2021-06-07,2286.929931640625,2321.639892578125,2286.929931640625,2319.179931640625,4476920000,2319.179931640625
2021-06-08,2319.570068359375,2348.35009765625,2316.169921875,2343.760009765625,4659620000,2343.760009765625
2021-06-09,2344.820068359375,2350.699951171875,2325.56005859375,2327.1298828125,4713260000,2327.1298828125
2021-06-10,2327.97998046875,2337.760009765625,2305.7099609375,2311.409912109375,4408210000,2311.409912109375
2021-06-11,2312.60009765625,2335.81005859375,2312.60009765625,2335.81005859375,3815010000,2335.81005859375
2021-06-14,2337.449951171875,2348.639892578125,2320.169921875,2326.14990234375,4151200000,2326.14990234375
2021-06-15,2326.760009765625,2327.8701171875,2301.780029296875,2320.070068359375,4048940000,2320.070068359375
2021-06-16,2319.090087890625,2321.909912109375,2296.2099609375,2314.68994140625,4538350000,2314.68994140625
2021-06-17,2314.199951171875,2316.60009765625,2264.1201171875,2287.4599609375,5312680000,2287.4599609375
2021-06-18,2284.9599609375,2284.9599609375,2229.580078125,2237.75,6817010000,2237.75
2021-06-21,2238.6201171875,2289.760009765625,2238.6201171875,2286.090087890625,4128950000,2286.090087890625
2021-06-22,2285.4599609375,2298.360107421875,2266.159912109375,2295.949951171875,3828390000,2295.949951171875
2021-06-23,2296.39990234375,2314.300048828125,2296.39990234375,2303.469970703125,3730350000,2303.469970703125
2021-06-24,2305.409912109375,2333.659912109375,2305.409912109375,2333.6201171875,3816660000,2333.6201171875
2021-06-25,2336.860107421875,2350.219970703125,2334.39990234375,2334.39990234375,7341450000,2334.39990234375
2021-06-28,2335.340087890625,2342.18994140625,2307.219970703125,2322.340087890625,4147890000,2322.340087890625
2021-06-29,2323.070068359375,2332.280029296875,2305.919921875,2308.840087890625,3707150000,2308.840087890625
2021-06-30,2307.949951171875,2317.300048828125,2295.429931640625,2310.550048828125,4266040000,2310.550048828125
2021-07-01,2312.570068359375,2332.280029296875,2312.570068359375,2329.360107421875,3788230000,2329.360107421875
2021-07-02,2328.530029296875,2332.949951171875,2302.93994140625,2305.760009765625,3225840000,2305.760009765625
2021-07-06,2305.9599609375,2306.909912109375,2256.969970703125,2274.5,4309570000,2274.5
2021-07-07,2274.530029296875,2278.10009765625,2235.5,2252.85009765625,4037380000,2252.85009765625
2021-07-08,2249.93994140625,2252.719970703125,2192.97998046875,2231.679931640625,4347500000,2231.679931640625
2021-07-09,2234.830078125,2280.010009765625,2234.830078125,2280.0,3531120000,2280.0
2021-07-12,2279.6298828125,2283.4599609375,2262.260009765625,2281.820068359375,3384460000,2281.820068359375
2021-07-13,2280.489990234375,2280.489990234375,2238.3701171875,2238.860107421875,3695430000,2238.860107421875
2021-07-14,2240.25,2254.81005859375,2201.22998046875,2202.360107421875,4006370000,2202.360107421875
2021-07-15,2201.27001953125,2202.75,2166.330078125,2190.2900390625,3905230000,2190.2900390625
2021-07-16,2191.8701171875,2210.5,2160.530029296875,2163.239990234375,3985700000,2163.239990234375
2021-07-19,2159.7099609375,2159.7099609375,2107.070068359375,2130.679931640625,5157660000,2130.679931640625
2021-07-20,2131.7900390625,2206.6298828125,2131.7900390625,2194.300048828125,4438270000,2194.300048828125
2021-07-21,2195.75,2236.93994140625,2195.75,2234.0400390625,3810280000,2234.0400390625
2021-07-22,2233.780029296875,2233.780029296875,2192.97998046875,2199.47998046875,3358300000,2199.47998046875
2021-07-23,2201.030029296875,2212.31005859375,2186.510009765625,2209.64990234375,4540070000,2209.64990234375
2021-07-26,2210.110107421875,2232.219970703125,2207.5400390625,2216.919921875,4275630000,2216.919921875
2021-07-27,2215.639892578125,2215.639892578125,2171.3701171875,2191.830078125,4241950000,2191.830078125
2021-07-28,2193.159912109375,2237.0400390625,2190.659912109375,2224.9599609375,4215290000,2224.9599609375
2021-07-29,2193.159912109375,2256.969970703125,2190.659912109375,2240.030029296875,4044600000,2240.030029296875
2021-07-30,2238.89990234375,2251.3701171875,2219.949951171875,2226.25,3956740000,2226.25
2021-08-02,2228.030029296875,2256.43994140625,2212.449951171875,2215.5,3724090000,2215.5
2021-08-03,2216.25,2223.60009765625,2189.760009765625,2223.580078125,3965190000,2223.580078125
2021-08-04,2220.669921875,2223.110107421875,2195.3701171875,2196.320068359375,4260760000,2196.320068359375
2021-08-05,2198.159912109375,2236.18994140625,2198.159912109375,2236.010009765625,3769410000,2236.010009765625
2021-08-06,2237.090087890625,2258.320068359375,2235.580078125,2247.760009765625,3451870000,2247.760009765625
2021-08-09,2247.429931640625,2247.429931640625,2231.47998046875,2234.81005859375,3449280000,2234.81005859375
2021-08-10,2236.090087890625,2245.030029296875,2230.030029296875,2239.360107421875,3886610000,2239.360107421875
2021-08-11,2240.110107421875,2250.3701171875,2221.679931640625,2250.340087890625,3532560000,2250.340087890625
2021-08-12,2250.18994140625,2250.6298828125,2232.7099609375,2244.070068359375,3375310000,2244.070068359375
2021-08-13,2244.199951171875,2244.199951171875,2221.31005859375,2223.110107421875,3016470000,2223.110107421875
2021-08-16,2222.030029296875,2222.030029296875,2192.280029296875,2209.47998046875,3370640000,2209.47998046875
2021-08-17,2201.64990234375,2201.64990234375,2152.489990234375,2177.169921875,3836960000,2177.169921875
2021-08-18,2177.1298828125,2192.159912109375,2157.969970703125,2158.780029296875,3755590000,2158.780029296875
2021-08-19,2157.0400390625,2157.0400390625,2122.239990234375,2132.419921875,4398410000,2132.419921875
2021-08-20,2131.800048828125,2169.64990234375,2127.320068359375,2167.60009765625,3652610000,2167.60009765625
2021-08-23,2169.110107421875,2211.1201171875,2169.110107421875,2208.300048828125,3576530000,2208.300048828125
2021-08-24,2208.800048828125,2232.0,2208.800048828125,2230.909912109375,3979220000,2230.909912109375
2021-08-25,2230.72998046875,2252.139892578125,2226.639892578125,2239.27001953125,3444700000,2239.27001953125
2021-08-26,2239.199951171875,2244.43994140625,2212.2099609375,2213.97998046875,3263980000,2213.97998046875
2021-08-27,2213.7900390625,2281.840087890625,2213.7900390625,2277.14990234375,3331200000,2277.14990234375
2021-08-30,2278.449951171875,2286.360107421875,2264.300048828125,2265.989990234375,3168660000,2265.989990234375
2021-08-31,2266.280029296875,2277.18994140625,2260.429931640625,2273.77001953125,4290710000,2273.77001953125
2021-09-01,2274.2099609375,2293.050048828125,2264.590087890625,2287.06005859375,4057340000,2287.06005859375
2021-09-02,2288.030029296875,2309.969970703125,2288.030029296875,2304.02001953125,3735990000,2304.02001953125
2021-09-03,2303.75,2303.75,2286.699951171875,2292.050048828125,3217530000,2292.050048828125
2021-09-07,2292.169921875,2300.590087890625,2275.570068359375,2275.610107421875,3822960000,2275.610107421875
2021-09-08,2275.0,2275.0,2241.429931640625,2249.72998046875,3750880000,2249.72998046875
2021-09-09,2249.5400390625,2273.179931640625,2244.1298828125,2249.1298828125,3735390000,2249.1298828125
2021-09-10,2250.6298828125,2264.110107421875,2227.5400390625,2227.550048828125,3623180000,2227.550048828125
2021-09-13,2228.489990234375,2244.719970703125,2217.1201171875,2240.780029296875,3914220000,2240.780029296875
2021-09-14,2241.780029296875,2249.93994140625,2204.139892578125,2209.97998046875,3670460000,2209.97998046875
2021-09-15,2210.4599609375,2236.9599609375,2207.419921875,2234.449951171875,4032020000,2234.449951171875
2021-09-16,2234.31005859375,2242.840087890625,2217.35009765625,2232.909912109375,3984560000,2232.909912109375
2021-09-17,2233.550048828125,2240.72998046875,2220.389892578125,2236.8701171875,7289530000,2236.8701171875
2021-09-20,2233.10009765625,2233.10009765625,2155.340087890625,2182.199951171875,4898070000,2182.199951171875
2021-09-21,2183.719970703125,2201.7099609375,2172.830078125,2186.179931640625,3920920000,2186.179931640625
2021-09-22,2188.10009765625,2234.169921875,2188.10009765625,2218.56005859375,3939170000,2218.56005859375
2021-09-23,2220.06005859375,2265.81005859375,2220.06005859375,2259.0400390625,3916350000,2259.0400390625
2021-09-24,2257.949951171875,2259.929931640625,2239.169921875,2248.070068359375,3384290000,2248.070068359375
2021-09-27,2247.9599609375,2293.35009765625,2247.9599609375,2281.0,4058650000,2281.0
2021-09-28,2279.510009765625,2279.510009765625,2227.580078125,2229.780029296875,4416550000,2229.780029296875
2021-09-29,2230.610107421875,2239.75,2221.719970703125,2225.31005859375,3712660000,2225.31005859375
2021-09-30,2226.739990234375,2239.5400390625,2204.3701171875,2204.3701171875,4448140000,2204.3701171875
2021-10-01,2205.909912109375,2252.0400390625,2197.14990234375,2241.6298828125,4010370000,2241.6298828125
2021-10-04,2240.85009765625,2240.85009765625,2210.610107421875,2217.469970703125,4307870000,2217.469970703125
2021-10-05,2218.469970703125,2245.030029296875,2218.469970703125,2228.360107421875,3902890000,2228.360107421875
2021-10-06,2226.050048828125,2226.050048828125,2188.68994140625,2214.9599609375,4009630000,2214.9599609375
2021-10-07,2217.580078125,2265.219970703125,2217.580078125,2250.090087890625,3843740000,2250.090087890625
2021-10-08,2250.320068359375,2256.56005859375,2233.090087890625,2233.090087890625,3280160000,2233.090087890625
2021-10-11,2233.0,2251.64990234375,2220.639892578125,2220.639892578125,3281970000,2220.639892578125
2021-10-12,2221.550048828125,2241.39990234375,2221.550048828125,2234.27001953125,3558450000,2234.27001953125
2021-10-13,2235.02001953125,2241.969970703125,2220.239990234375,2241.969970703125,3620070000,2241.969970703125
2021-10-14,2243.949951171875,2275.510009765625,2243.949951171875,2274.179931640625,3598280000,2274.179931640625
2021-10-15,2276.739990234375,2306.27001953125,2265.64990234375,2265.64990234375,3819380000,2265.64990234375
2021-10-18,2265.06005859375,2272.35009765625,2255.409912109375,2267.840087890625,3662010000,2267.840087890625
2021-10-19,2269.25,2284.669921875,2265.699951171875,2275.909912109375,3459130000,2275.909912109375
2021-10-20,2276.02001953125,2294.919921875,2271.840087890625,2289.77001953125,3670760000,2289.77001953125
2021-10-21,2290.409912109375,2304.0,2284.969970703125,2296.179931640625,3822330000,2296.179931640625
2021-10-22,2295.669921875,2299.72998046875,2277.0400390625,2291.27001953125,3758220000,2291.27001953125
2021-10-25,2291.800048828125,2314.840087890625,2291.800048828125,2312.639892578125,3899400000,2312.639892578125
2021-10-26,2313.35009765625,2321.469970703125,2296.070068359375,2296.080078125,3879740000,2296.080078125
2021-10-27,2295.449951171875,2295.449951171875,2252.489990234375,2252.489990234375,4226050000,2252.489990234375
2021-10-28,2253.89990234375,2298.760009765625,2253.89990234375,2297.97998046875,4132950000,2297.97998046875
2021-10-29,2296.739990234375,2302.35009765625,2287.860107421875,2297.18994140625,4510200000,2297.18994140625
2021-11-01,2298.080078125,2358.639892578125,2298.080078125,2358.1201171875,3971540000,2358.1201171875
2021-11-02,2358.25,2363.550048828125,2345.39990234375,2361.860107421875,3975250000,2361.860107421875
2021-11-03,2361.820068359375,2413.389892578125,2355.179931640625,2404.280029296875,4319660000,2404.280029296875
2021-11-04,2404.679931640625,2423.830078125,2395.5,2402.429931640625,4462300000,2402.429931640625
2021-11-05,2403.1298828125,2449.139892578125,2403.1298828125,2437.080078125,4467180000,2437.080078125
2021-11-08,2438.360107421875,2458.860107421875,2438.06005859375,2442.739990234375,4269710000,2442.739990234375
2021-11-09,2442.219970703125,2442.219970703125,2414.429931640625,2427.2900390625,4117080000,2427.2900390625
2021-11-10,2426.43994140625,2428.969970703125,2380.760009765625,2389.580078125,4503720000,2389.580078125
2021-11-11,2390.5,2418.830078125,2390.5,2409.139892578125,3926870000,2409.139892578125
2021-11-12,2409.4599609375,2417.199951171875,2405.840087890625,2411.780029296875,3728600000,2411.780029296875
2021-11-15,2412.0400390625,2421.070068359375,2392.889892578125,2400.929931640625,3488410000,2400.929931640625
2021-11-16,2400.10009765625,2408.340087890625,2386.510009765625,2405.02001953125,3972640000,2405.02001953125
2021-11-17,2404.2099609375,2404.2099609375,2369.110107421875,2377.010009765625,3969070000,2377.010009765625
2021-11-18,2377.60009765625,2385.989990234375,2348.52001953125,2363.590087890625,4226410000,2363.590087890625
2021-11-19,2362.43994140625,2362.43994140625,2341.570068359375,2343.159912109375,4253180000,2343.159912109375
2021-11-22,2343.669921875,2369.6298828125,2331.35009765625,2331.35009765625,4441100000,2331.35009765625
2021-11-23,2331.25,2342.6298828125,2303.3798828125,2327.860107421875,4277590000,2327.860107421875
2021-11-24,2326.699951171875,2334.3701171875,2303.93994140625,2331.4599609375,3418430000,2331.4599609375
2021-11-26,2328.97998046875,2328.97998046875,2215.239990234375,2245.93994140625,3517700000,2245.93994140625
2021-11-29,2248.89990234375,2281.280029296875,2232.090087890625,2241.97998046875,4336410000,2241.97998046875
2021-11-30,2241.050048828125,2241.050048828125,2175.679931640625,2198.909912109375,6625990000,2198.909912109375
2021-12-01,2203.1201171875,2253.3701171875,2147.39990234375,2147.419921875,5366730000,2147.419921875
2021-12-02,2147.6201171875,2211.659912109375,2147.6201171875,2206.330078125,5077180000,2206.330078125
2021-12-03,2207.06005859375,2216.179931640625,2143.1201171875,2159.31005859375,5240070000,2159.31005859375
2021-12-06,2160.159912109375,2218.27001953125,2154.6201171875,2203.47998046875,4770800000,2203.47998046875
2021-12-07,2206.77001953125,2271.7099609375,2206.77001953125,2253.7900390625,4492400000,2253.7900390625
2021-12-08,2254.31005859375,2276.75,2248.239990234375,2271.7099609375,4234600000,2271.7099609375
2021-12-09,2270.27001953125,2270.27001953125,2220.179931640625,2220.2099609375,3903840000,2220.2099609375
2021-12-10,2221.429931640625,2240.3798828125,2200.10009765625,2211.81005859375,3870110000,2211.81005859375
2021-12-13,2211.590087890625,2211.590087890625,2169.010009765625,2180.5,4397230000,2180.5
2021-12-14,2178.919921875,2189.7099609375,2153.2099609375,2159.64990234375,4485430000,2159.64990234375
2021-12-15,2159.8798828125,2199.860107421875,2130.909912109375,2195.2099609375,4910130000,2195.2099609375
2021-12-16,2196.820068359375,2216.090087890625,2144.699951171875,2152.4599609375,4829500000,2152.4599609375
2021-12-17,2152.510009765625,2186.360107421875,2124.739990234375,2173.929931640625,7987090000,2173.929931640625
2021-12-20,2170.969970703125,2170.969970703125,2107.679931640625,2139.8701171875,4635700000,2139.8701171875
2021-12-21,2141.409912109375,2203.02001953125,2141.409912109375,2202.949951171875,4072430000,2202.949951171875
2021-12-22,2202.429931640625,2222.52001953125,2195.419921875,2221.89990234375,3319610000,2221.89990234375
2021-12-23,2222.25,2247.6298828125,2222.25,2241.580078125,2913040000,2241.580078125
2021-12-27,2242.47998046875,2261.889892578125,2230.330078125,2261.4599609375,2770290000,2261.4599609375
2021-12-28,2261.0400390625,2274.5400390625,2245.570068359375,2246.510009765625,2707920000,2246.510009765625
2021-12-29,2246.35009765625,2252.7900390625,2236.64990234375,2249.239990234375,2963310000,2249.239990234375
2021-12-30,2249.35009765625,2271.820068359375,2247.469970703125,2248.7900390625,3124950000,2248.7900390625
2021-12-31,2245.929931640625,2258.110107421875,2244.85009765625,2245.31005859375,2677820000,2245.31005859375
2022-01-03,2246.7099609375,2284.139892578125,2246.7099609375,2272.56005859375,3831020000,2272.56005859375
2022-01-04,2273.179931640625,2288.300048828125,2255.7099609375,2268.8701171875,4683170000,2268.8701171875
2022-01-05,2268.919921875,2275.320068359375,2193.719970703125,2194.0,4887960000,2194.0
2022-01-06,2194.47998046875,2220.590087890625,2179.2900390625,2206.3701171875,4295280000,2206.3701171875
2022-01-07,2206.139892578125,2220.1298828125,2179.81005859375,2179.81005859375,4181510000,2179.81005859375
2022-01-10,2179.070068359375,2179.070068359375,2133.1298828125,2171.14990234375,4511810000,2171.14990234375
2022-01-11,2171.169921875,2196.64990234375,2154.81005859375,2194.0,4101590000,2194.0
2022-01-12,2194.93994140625,2210.280029296875,2169.419921875,2176.06005859375,4048220000,2176.06005859375
2022-01-13,2177.06005859375,2196.739990234375,2154.4599609375,2159.43994140625,4251730000,2159.43994140625
2022-01-14,2157.989990234375,2162.4599609375,2126.1201171875,2162.4599609375,4338490000,2162.4599609375
2022-01-18,2160.35009765625,2160.35009765625,2094.929931640625,2096.22998046875,4748700000,2096.22998046875
2022-01-19,2097.56005859375,2109.22998046875,2062.179931640625,2062.780029296875,4465740000,2062.780029296875
2022-01-20,2063.860107421875,2104.590087890625,2022.199951171875,2024.0400390625,4640870000,2024.0400390625
2022-01-21,2022.550048828125,2043.510009765625,1987.9100341796875,1987.9200439453125,5589100000,1987.9200439453125
2022-01-24,1986.449951171875,2038.6600341796875,1931.43994140625,2033.510009765625,6928110000,2033.510009765625
2022-01-25,2030.8199462890625,2030.8399658203125,1966.0999755859375,2004.030029296875,5145050000,2004.030029296875
2022-01-26,2006.0400390625,2048.35009765625,1958.3399658203125,1976.4599609375,5570640000,1976.4599609375
2022-01-27,1978.0799560546875,2007.22998046875,1925.449951171875,1931.2900390625,5214200000,1931.2900390625
2022-01-28,1931.1400146484375,1968.510009765625,1901.3599853515625,1968.510009765625,5031090000,1968.510009765625
2022-01-31,1968.0899658203125,2028.449951171875,1960.1099853515625,2028.449951171875,5098610000,2028.449951171875
2022-02-01,2028.780029296875,2052.85009765625,2003.3800048828125,2050.739990234375,4816830000,2050.739990234375
2022-02-02,2051.639892578125,2054.719970703125,2013.5899658203125,2029.52001953125,4481580000,2029.52001953125
2022-02-03,2027.72998046875,2027.72998046875,1988.4100341796875,1991.030029296875,4401970000,1991.030029296875
2022-02-04,1990.9200439453125,2016.3800048828125,1968.6099853515625,2002.3599853515625,4706290000,2002.3599853515625
2022-02-07,2002.3800048828125,2027.9100341796875,2000.4000244140625,2012.5999755859375,4228480000,2012.5999755859375
2022-02-08,2012.4599609375,2047.8199462890625,2011.3699951171875,2045.3699951171875,4459620000,2045.3699951171875
2022-02-09,2046.760009765625,2083.5,2046.760009765625,2083.5,4524350000,2083.5
2022-02-10,2082.510009765625,2105.2099609375,2039.6199951171875,2051.159912109375,5314860000,2051.159912109375
2022-02-11,2051.260009765625,2074.06005859375,2016.4100341796875,2030.1500244140625,5251500000,2030.1500244140625
2022-02-14,2030.1800537109375,2048.260009765625,2011.3699951171875,2020.7900390625,4600390000,2020.7900390625
2022-02-15,2022.219970703125,2078.330078125,2022.219970703125,2076.4599609375,4430830000,2076.4599609375
2022-02-16,2075.6298828125,2084.97998046875,2060.320068359375,2079.31005859375,4283640000,2079.31005859375
2022-02-17,2078.5,2078.5,2025.1199951171875,2028.0899658203125,4539420000,2028.0899658203125
2022-02-18,2028.0,2038.1300048828125,2004.72998046875,2009.3299560546875,4708060000,2009.3299560546875
2022-02-22,2008.6800537109375,2016.4300537109375,1970.6300048828125,1980.1700439453125,5121900000,1980.1700439453125
2022-02-23,1980.989990234375,2001.550048828125,1942.27001953125,1944.0899658203125,4797430000,1944.0899658203125
2022-02-24,1942.300048828125,1996.8399658203125,1894.449951171875,1996.010009765625,6752130000,1996.010009765625
2022-02-25,1995.8399658203125,2040.9300537109375,1988.010009765625,2040.9300537109375,5177060000,2040.9300537109375
2022-02-28,2040.31005859375,2059.43994140625,2020.510009765625,2048.090087890625,6071370000,2048.090087890625
2022-03-01,2047.239990234375,2050.64990234375,1995.4200439453125,2008.510009765625,5846230000,2008.510009765625
2022-03-02,2009.010009765625,2065.7099609375,2009.010009765625,2058.8701171875,5337870000,2058.8701171875
2022-03-03,2059.14990234375,2067.280029296875,2019.97998046875,2032.4100341796875,5039890000,2032.4100341796875
2022-03-04,2031.1600341796875,2031.1600341796875,1985.510009765625,2000.9000244140625,5797380000,2000.9000244140625
2022-03-07,2001.030029296875,2007.4599609375,1951.2099609375,1951.3299560546875,6940470000,1951.3299560546875
2022-03-08,1951.5899658203125,2004.47998046875,1951.5899658203125,1963.010009765625,7243120000,1963.010009765625
2022-03-09,1964.449951171875,2022.550048828125,1964.449951171875,2016.2900390625,5662670000,2016.2900390625
2022-03-10,2013.6199951171875,2013.6199951171875,1982.1099853515625,2011.6700439453125,4980830000,2011.6700439453125
2022-03-11,2012.43994140625,2027.3900146484375,1979.0699462890625,1979.6700439453125,4938640000,1979.6700439453125
2022-03-14,1979.7900390625,1983.4300537109375,1932.7099609375,1941.719970703125,5574920000,1941.719970703125
2022-03-15,1942.0799560546875,1969.8499755859375,1942.0799560546875,1968.969970703125,5392470000,1968.969970703125
2022-03-16,1970.1099853515625,2031.800048828125,1970.1099853515625,2030.719970703125,6309750000,2030.719970703125
2022-03-17,2029.8800048828125,2065.02001953125,2019.2099609375,2065.02001953125,4985090000,2065.02001953125
2022-03-18,2064.68994140625,2087.550048828125,2059.68994140625,2086.139892578125,8278430000,2086.139892578125
2022-03-21,2085.820068359375,2093.3798828125,2054.780029296875,2065.93994140625,4869820000,2065.93994140625
2022-03-22,2066.919921875,2097.610107421875,2066.919921875,2088.340087890625,4754840000,2088.340087890625
2022-03-23,2086.699951171875,2086.699951171875,2051.449951171875,2052.2099609375,4550670000,2052.2099609375
2022-03-24,2054.10009765625,2075.489990234375,2047.27001953125,2075.43994140625,4131390000,2075.43994140625
2022-03-25,2075.889892578125,2081.320068359375,2064.199951171875,2077.97998046875,4305020000,2077.97998046875
2022-03-28,2078.300048828125,2078.300048828125,2049.5400390625,2078.06005859375,4312260000,2078.06005859375
2022-03-29,2079.31005859375,2138.449951171875,2079.31005859375,2133.10009765625,5085910000,2133.10009765625
2022-03-30,2132.830078125,2132.830078125,2084.3701171875,2091.070068359375,4385570000,2091.070068359375
2022-03-31,2090.909912109375,2100.739990234375,2069.219970703125,2070.1298828125,4823020000,2070.1298828125
2022-04-01,2071.219970703125,2091.72998046875,2068.050048828125,2091.110107421875,4562940000,2091.110107421875
2022-04-04,2091.530029296875,2096.929931640625,2076.5,2095.43994140625,4547350000,2095.43994140625
2022-04-05,2095.0,2103.360107421875,2043.0799560546875,2046.0400390625,4800620000,2046.0400390625
2022-04-06,2044.81005859375,2044.81005859375,2005.050048828125,2016.93994140625,4986830000,2016.93994140625
2022-04-07,2016.8800048828125,2024.0,1984.1500244140625,2009.800048828125,4821490000,2009.800048828125
2022-04-08,2009.06005859375,2017.0799560546875,1993.0400390625,1994.56005859375,4083200000,1994.56005859375
2022-04-11,1993.530029296875,2004.6800537109375,1976.5899658203125,1980.3199462890625,4266290000,1980.3199462890625
2022-04-12,1983.1300048828125,2027.550048828125,1980.9599609375,1986.93994140625,4152090000,1986.93994140625
2022-04-13,1987.3299560546875,2028.7900390625,1987.3299560546875,2025.0999755859375,3828150000,2025.0999755859375
2022-04-14,2025.1700439453125,2034.219970703125,2004.969970703125,2004.97998046875,4083090000,2004.97998046875
2022-04-18,2003.27001953125,2003.27001953125,1981.68994140625,1990.1300048828125,3910490000,1990.1300048828125
2022-04-19,1990.2099609375,2035.7900390625,1990.2099609375,2030.77001953125,4108120000,2030.77001953125
2022-04-20,2032.3900146484375,2052.080078125,2032.3900146484375,2038.18994140625,4290450000,2038.18994140625
2022-04-21,2046.7099609375,2060.080078125,1986.9100341796875,1991.4599609375,4636890000,1991.4599609375
2022-04-22,1986.6600341796875,1986.6600341796875,1939.3399658203125,1940.6600341796875,4651940000,1940.6600341796875
2022-04-25,1933.239990234375,1954.4000244140625,1908.8199462890625,1954.199951171875,5240040000,1954.199951171875
2022-04-26,1940.0799560546875,1940.0799560546875,1890.469970703125,1890.469970703125,4689970000,1890.469970703125
2022-04-27,1891.1099853515625,1909.1099853515625,1879.6500244140625,1884.0400390625,4769680000,1884.0400390625
2022-04-28,1891.9200439453125,1927.47998046875,1864.4200439453125,1917.93994140625,4854180000,1917.93994140625
2022-04-29,1914.3599853515625,1928.3199462890625,1860.5799560546875,1864.0999755859375,5084030000,1864.0999755859375
2022-05-02,1863.6600341796875,1888.8399658203125,1839.25,1882.9100341796875,5163790000,1882.9100341796875
2022-05-03,1882.5799560546875,1907.300048828125,1875.97998046875,1898.8599853515625,4582050000,1898.8599853515625
2022-05-04,1904.0899658203125,1952.75,1875.3599853515625,1949.9200439453125,5136360000,1949.9200439453125
2022-05-05,1935.6400146484375,1935.6400146484375,1849.449951171875,1871.1500244140625,5077030000,1871.1500244140625
2022-05-06,1867.72998046875,1867.72998046875,1821.0999755859375,1839.56005859375,5116940000,1839.56005859375
2022-05-09,1833.47998046875,1833.47998046875,1754.2099609375,1762.0799560546875,5954520000,1762.0799560546875
2022-05-10,1771.4599609375,1794.6400146484375,1727.3800048828125,1761.7900390625,5885820000,1761.7900390625
2022-05-11,1763.02001953125,1791.8499755859375,1715.77001953125,1718.1400146484375,5816140000,1718.1400146484375
2022-05-12,1714.06005859375,1752.550048828125,1701.1500244140625,1739.3800048828125,6286450000,1739.3800048828125
2022-05-13,1748.239990234375,1804.3800048828125,1748.239990234375,1792.6700439453125,5183340000,1792.6700439453125
2022-05-16,1790.6099853515625,1802.6300048828125,1778.6700439453125,1783.4300537109375,4415030000,1783.4300537109375
2022-05-17,1796.3599853515625,1840.300048828125,1796.3599853515625,1840.300048828125,4841410000,1840.300048828125
2022-05-18,1834.1500244140625,1834.1500244140625,1765.25,1774.8499755859375,5103220000,1774.8499755859375
2022-05-19,1769.8399658203125,1797.22998046875,1759.6600341796875,1776.219970703125,5113550000,1776.219970703125
2022-05-20,1784.0799560546875,1797.43994140625,1730.8800048828125,1773.27001953125,5130730000,1773.27001953125
2022-05-23,1786.4300537109375,1799.27001953125,1769.1199951171875,1792.760009765625,4420030000,1792.760009765625
2022-05-24,1780.199951171875,1780.199951171875,1736.1099853515625,1764.8299560546875,4923190000,1764.8299560546875
2022-05-25,1760.4200439453125,1807.4300537109375,1759.199951171875,1799.1600341796875,4802560000,1799.1600341796875
2022-05-26,1808.6400146484375,1847.8299560546875,1808.6400146484375,1838.239990234375,4709970000,1838.239990234375
2022-05-27,1845.239990234375,1887.9000244140625,1845.239990234375,1887.9000244140625,4375620000,1887.9000244140625
2022-05-31,1882.0,1883.18994140625,1856.56005859375,1864.0400390625,6822640000,1864.0400390625
2022-06-01,1871.4599609375,1877.489990234375,1830.199951171875,1854.8199462890625,4531800000,1854.8199462890625
2022-06-02,1855.3499755859375,1897.6700439453125,1854.510009765625,1897.6700439453125,4405790000,1897.6700439453125
2022-06-03,1886.6099853515625,1889.449951171875,1872.22998046875,1883.050048828125,3711110000,1883.050048828125
2022-06-06,1893.449951171875,1903.510009765625,1881.72998046875,1889.8900146484375,4332700000,1889.8900146484375
2022-06-07,1879.77001953125,1919.72998046875,1870.93994140625,1919.56005859375,4248210000,1919.56005859375
2022-06-08,1913.969970703125,1916.0799560546875,1883.260009765625,1891.010009765625,4159470000,1891.010009765625
2022-06-09,1884.9599609375,1884.9599609375,1850.6700439453125,1850.8599853515625,4134170000,1850.8599853515625
2022-06-10,1833.1500244140625,1833.1500244140625,1792.5999755859375,1800.280029296875,4889640000,1800.280029296875
2022-06-13,1770.5,1770.5,1708.260009765625,1714.5899658203125,5636890000,1714.5899658203125
2022-06-14,1717.3299560546875,1723.18994140625,1692.3199462890625,1707.8299560546875,5153890000,1707.8299560546875
2022-06-15,1718.1500244140625,1751.5,1704.4200439453125,1731.1400146484375,5530480000,1731.1400146484375
2022-06-16,1707.8499755859375,1707.8499755859375,1641.469970703125,1649.8399658203125,5644930000,1649.8399658203125
2022-06-17,1657.010009765625,1684.550048828125,1652.02001953125,1665.68994140625,8520740000,1665.68994140625
2022-06-21,1681.0999755859375,1711.739990234375,1681.0999755859375,1694.030029296875,5292260000,1694.030029296875
2022-06-22,1678.510009765625,1703.3800048828125,1665.5400390625,1690.280029296875,5058990000,1690.280029296875
2022-06-23,1693.27001953125,1714.0400390625,1680.550048828125,1711.6700439453125,5098640000,1711.6700439453125
2022-06-24,1720.0400390625,1765.739990234375,1720.0400390625,1765.739990234375,8120260000,1765.739990234375
2022-06-27,1772.8900146484375,1781.4599609375,1758.31005859375,1771.739990234375,4325310000,1771.739990234375
2022-06-28,1778.6199951171875,1792.5799560546875,1738.81005859375,1738.8399658203125,4270120000,1738.8399658203125
2022-06-29,1737.8299560546875,1737.8299560546875,1703.800048828125,1719.3699951171875,4211240000,1719.3699951171875
2022-06-30,1706.47998046875,1722.0899658203125,1680.4000244140625,1707.989990234375,4840070000,1707.989990234375
2022-07-01,1705.0699462890625,1728.9100341796875,1690.9100341796875,1727.760009765625,4046950000,1727.760009765625
2022-07-05,1714.8599853515625,1741.3399658203125,1681.5799560546875,1741.3299560546875,5076590000,1741.3299560546875
2022-07-06,1738.68994140625,1747.9300537109375,1712.1600341796875,1727.550048828125,4417720000,1727.550048828125
2022-07-07,1736.010009765625,1772.300048828125,1736.010009765625,1769.5999755859375,4057770000,1769.5999755859375
2022-07-08,1767.5799560546875,1780.1300048828125,1752.93994140625,1769.3599853515625,3521620000,1769.3599853515625
2022-07-11,1765.5999755859375,1765.5999755859375,1729.6500244140625,1732.010009765625,3423480000,1732.010009765625
2022-07-12,1728.52001953125,1743.1700439453125,1719.239990234375,1728.1800537109375,3817210000,1728.1800537109375
2022-07-13,1715.469970703125,1732.5999755859375,1700.93994140625,1726.0400390625,4109390000,1726.0400390625
2022-07-14,1712.2900390625,1712.2900390625,1684.8499755859375,1707.510009765625,4199690000,1707.510009765625
2022-07-15,1724.0999755859375,1744.3699951171875,1708.9000244140625,1744.3699951171875,4143800000,1744.3699951171875
2022-07-18,1758.9000244140625,1772.800048828125,1734.219970703125,1738.4200439453125,4046870000,1738.4200439453125
2022-07-19,1754.72998046875,1800.010009765625,1754.72998046875,1799.3199462890625,4041070000,1799.3199462890625
2022-07-20,1797.949951171875,1829.9100341796875,1797.949951171875,1827.949951171875,4185300000,1827.949951171875
2022-07-21,1819.77001953125,1836.68994140625,1804.97998046875,1836.68994140625,4132790000,1836.68994140625
2022-07-22,1839.3599853515625,1842.199951171875,1795.2900390625,1806.8800048828125,3979240000,1806.8800048828125
2022-07-25,1810.949951171875,1819.0999755859375,1798.8199462890625,1817.77001953125,3568340000,1817.77001953125
2022-07-26,1812.5,1812.5,1800.2900390625,1805.25,3778950000,1805.25
2022-07-27,1814.280029296875,1852.8599853515625,1814.1400146484375,1848.3399658203125,4112180000,1848.3399658203125
2022-07-28,1854.1800537109375,1873.739990234375,1832.77001953125,1873.030029296875,4413000000,1873.030029296875
2022-07-29,1874.1700439453125,1888.219970703125,1865.760009765625,1885.22998046875,4616360000,1885.22998046875
2022-08-01,1870.489990234375,1892.969970703125,1859.8800048828125,1883.31005859375,4202810000,1883.31005859375
2022-08-02,1875.5,1900.72998046875,1875.050048828125,1882.449951171875,4727710000,1882.449951171875
2022-08-03,1895.3800048828125,1912.77001953125,1891.050048828125,1908.9300537109375,4351760000,1908.9300537109375
2022-08-04,1908.52001953125,1911.5699462890625,1899.4599609375,1906.4599609375,4283320000,1906.4599609375
2022-08-05,1887.5400390625,1922.550048828125,1884.1800537109375,1921.8199462890625,4085940000,1921.8199462890625
2022-08-08,1928.4100341796875,1959.1300048828125,1928.4100341796875,1941.2099609375,4221090000,1941.2099609375
2022-08-09,1937.25,1937.25,1904.969970703125,1912.8900146484375,3913090000,1912.8900146484375
2022-08-10,1935.77001953125,1970.949951171875,1935.77001953125,1969.25,4546010000,1969.25
2022-08-11,1981.9300537109375,2005.2099609375,1972.6300048828125,1975.260009765625,4630200000,1975.260009765625
2022-08-12,1978.7900390625,2016.6199951171875,1978.6700439453125,2016.6199951171875,3788010000,2016.6199951171875
2022-08-15,2007.4100341796875,2022.030029296875,1994.6800537109375,2021.3499755859375,3696830000,2021.3499755859375
2022-08-16,2018.739990234375,2030.050048828125,2003.780029296875,2020.530029296875,4329820000,2020.530029296875
2022-08-17,2008.8800048828125,2008.8800048828125,1976.1400146484375,1987.31005859375,3885030000,1987.31005859375
2022-08-18,1987.8199462890625,2003.010009765625,1982.5899658203125,2000.72998046875,3340330000,2000.72998046875
2022-08-19,1992.300048828125,1992.300048828125,1952.5,1957.3499755859375,3761340000,1957.3499755859375
2022-08-22,1931.7099609375,1933.68994140625,1911.68994140625,1915.739990234375,3907430000,1915.739990234375
2022-08-23,1920.1300048828125,1937.969970703125,1917.3199462890625,1919.1400146484375,3823520000,1919.1400146484375
2022-08-24,1918.6500244140625,1941.1500244140625,1916.5799560546875,1935.2900390625,3583630000,1935.2900390625
2022-08-25,1944.3800048828125,1964.6400146484375,1943.199951171875,1964.6400146484375,3566870000,1964.6400146484375
2022-08-26,1965.22998046875,1965.31005859375,1898.510009765625,1899.8299560546875,3832750000,1899.8299560546875
2022-08-29,1880.6300048828125,1898.6700439453125,1879.1300048828125,1882.93994140625,3396510000,1882.93994140625
2022-08-30,1889.1600341796875,1889.3499755859375,1847.5400390625,1855.5899658203125,3835860000,1855.5899658203125
2022-08-31,1859.1800537109375,1865.280029296875,1843.0799560546875,1844.1199951171875,4542490000,1844.1199951171875
2022-09-01,1826.75,1826.75,1799.1700439453125,1822.8199462890625,4152250000,1822.8199462890625
2022-09-02,1844.1700439453125,1846.97998046875,1802.1400146484375,1809.75,3665850000,1809.75
2022-09-06,1813.1800537109375,1815.1500244140625,1786.6800537109375,1792.3199462890625,4127340000,1792.3199462890625
2022-09-07,1789.56005859375,1832.5699462890625,1787.4300537109375,1832.0,3890320000,1832.0
2022-09-08,1823.489990234375,1846.9100341796875,1810.510009765625,1846.9100341796875,3966850000,1846.9100341796875
2022-09-09,1857.1400146484375,1884.9000244140625,1857.1400146484375,1882.8499755859375,3901940000,1882.8499755859375
2022-09-12,1889.800048828125,1906.0899658203125,1889.800048828125,1906.0899658203125,3814200000,1906.0899658203125
2022-09-13,1879.5400390625,1879.5400390625,1825.4200439453125,1831.5699462890625,4224550000,1831.5699462890625
2022-09-14,1832.68994140625,1840.5899658203125,1817.52001953125,1838.4599609375,4293240000,1838.4599609375
2022-09-15,1830.969970703125,1853.030029296875,1818.4100341796875,1825.22998046875,4441830000,1825.22998046875
2022-09-16,1813.8599853515625,1813.8599853515625,1778.77001953125,1798.18994140625,7954650000,1798.18994140625
2022-09-19,1785.719970703125,1813.93994140625,1777.27001953125,1812.8399658203125,3766850000,1812.8399658203125
2022-09-20,1801.489990234375,1801.489990234375,1776.31005859375,1787.5,4058050000,1787.5
2022-09-21,1796.199951171875,1813.6600341796875,1761.969970703125,1762.1600341796875,4078330000,1762.1600341796875
2022-09-22,1760.1500244140625,1760.31005859375,1716.2099609375,1722.31005859375,4284600000,1722.31005859375
2022-09-23,1707.6099853515625,1707.6099853515625,1658.6600341796875,1679.5899658203125,5144270000,1679.5899658203125
2022-09-26,1674.3399658203125,1701.239990234375,1653.4300537109375,1655.8800048828125,4886140000,1655.8800048828125
2022-09-27,1669.1700439453125,1689.530029296875,1650.7099609375,1662.510009765625,4577740000,1662.510009765625
2022-09-28,1668.7900390625,1725.280029296875,1668.7900390625,1715.239990234375,4684850000,1715.239990234375
2022-09-29,1710.8199462890625,1710.8199462890625,1656.4100341796875,1674.9300537109375,4681810000,1674.9300537109375
2022-09-30,1672.8900146484375,1707.75,1664.27001953125,1664.719970703125,5645360000,1664.719970703125
2022-10-03,1687.280029296875,1717.2900390625,1671.6199951171875,1708.8699951171875,4806680000,1708.8699951171875
2022-10-04,1735.8199462890625,1775.77001953125,1735.8199462890625,1775.77001953125,5146580000,1775.77001953125
2022-10-05,1748.7900390625,1767.8199462890625,1732.0899658203125,1762.68994140625,4293180000,1762.68994140625
2022-10-06,1756.4200439453125,1772.25,1747.030029296875,1752.510009765625,4252100000,1752.510009765625
2022-10-07,1734.6500244140625,1734.9200439453125,1694.9599609375,1702.1500244140625,4449660000,1702.1500244140625
2022-10-10,1706.1600341796875,1706.8299560546875,1681.97998046875,1691.9200439453125,3834320000,1691.9200439453125
2022-10-11,1687.5999755859375,1713.739990234375,1664.9100341796875,1692.9200439453125,4759030000,1692.9200439453125
2022-10-12,1692.9599609375,1696.7900390625,1671.8800048828125,1687.760009765625,4006830000,1687.760009765625
2022-10-13,1653.949951171875,1734.27001953125,1641.93994140625,1728.4100341796875,5021680000,1728.4100341796875
2022-10-14,1741.3199462890625,1747.8399658203125,1681.5,1682.4000244140625,4243030000,1682.4000244140625
2022-10-17,1701.1600341796875,1738.699951171875,1701.1600341796875,1735.75,4352780000,1735.75
2022-10-18,1756.3599853515625,1782.0699462890625,1744.0,1755.9599609375,4483740000,1755.9599609375
2022-10-19,1746.969970703125,1746.969970703125,1710.2099609375,1725.760009765625,4223800000,1725.760009765625
2022-10-20,1726.550048828125,1746.2900390625,1699.97998046875,1704.3900146484375,4496620000,1704.3900146484375
2022-10-21,1709.6099853515625,1744.9000244140625,1700.6300048828125,1742.239990234375,5078020000,1742.239990234375
2022-10-24,1747.6800537109375,1751.43994140625,1727.199951171875,1748.4000244140625,4747930000,1748.4000244140625
2022-10-25,1749.6199951171875,1801.199951171875,1749.6199951171875,1796.1600341796875,4843120000,1796.1600341796875
2022-10-26,1801.989990234375,1836.06005859375,1801.2900390625,1804.3299560546875,4817310000,1804.3299560546875
2022-10-27,1815.52001953125,1832.0899658203125,1804.699951171875,1806.3199462890625,4687320000,1806.3199462890625
2022-10-28,1811.6199951171875,1848.25,1804.8199462890625,1846.9200439453125,4459410000,1846.9200439453125
2022-10-31,1839.1700439453125,1854.5699462890625,1833.5899658203125,1846.8599853515625,4820620000,1846.8599853515625
2022-11-01,1864.949951171875,1868.75,1845.9300537109375,1851.3900146484375,4481210000,1851.3900146484375
2022-11-02,1845.0799560546875,1861.5699462890625,1789.1300048828125,1789.1400146484375,4899000000,1789.1400146484375
2022-11-03,1768.4599609375,1791.81005859375,1758.050048828125,1779.72998046875,4625290000,1779.72998046875
2022-11-04,1800.81005859375,1809.6400146484375,1771.1099853515625,1799.8699951171875,5400180000,1799.8699951171875
2022-11-07,1808.0799560546875,1814.760009765625,1793.989990234375,1809.81005859375,4341620000,1809.81005859375
2022-11-08,1815.52001953125,1831.199951171875,1790.8800048828125,1808.9300537109375,4607640000,1808.9300537109375
2022-11-09,1796.3599853515625,1796.8499755859375,1757.449951171875,1760.4000244140625,4645010000,1760.4000244140625
2022-11-10,1811.280029296875,1868.280029296875,1811.280029296875,1867.9300537109375,5781260000,1867.9300537109375
2022-11-11,1872.9200439453125,1899.9599609375,1872.9200439453125,1882.739990234375,5593310000,1882.739990234375
2022-11-14,1875.6500244140625,1889.4100341796875,1861.25,1861.25,4561930000,1861.25
2022-11-15,1885.969970703125,1905.8399658203125,1878.0799560546875,1889.199951171875,5015310000,1889.199951171875
2022-11-16,1879.739990234375,1879.739990234375,1850.719970703125,1853.1700439453125,4165320000,1853.1700439453125
2022-11-17,1837.27001953125,1839.8399658203125,1820.7099609375,1839.1199951171875,4051780000,1839.1199951171875
2022-11-18,1861.72998046875,1869.3399658203125,1840.8800048828125,1849.72998046875,4037360000,1849.72998046875
2022-11-21,1842.9599609375,1842.9599609375,1828.989990234375,1839.1400146484375,3850690000,1839.1400146484375
2022-11-22,1843.8699951171875,1861.0799560546875,1840.0400390625,1860.43994140625,3887990000,1860.43994140625
2022-11-23,1857.5899658203125,1868.9200439453125,1851.6800537109375,1863.52001953125,3279720000,1863.52001953125
2022-11-25,1862.9200439453125,1873.5899658203125,1861.0,1869.18994140625,1706460000,1869.18994140625
2022-11-28,1857.1800537109375,1857.52001953125,1827.0799560546875,1830.9599609375,3615430000,1830.9599609375
2022-11-29,1832.52001953125,1846.0699462890625,1832.52001953125,1836.550048828125,3546040000,1836.550048828125
2022-11-30,1839.1300048828125,1886.5799560546875,1821.469970703125,1886.5799560546875,6579360000,1886.5799560546875
2022-12-01,1891.97998046875,1898.27001953125,1876.9300537109375,1881.6800537109375,4527130000,1881.6800537109375
2022-12-02,1863.93994140625,1898.449951171875,1856.47998046875,1892.8399658203125,4012620000,1892.8399658203125
2022-12-05,1886.010009765625,1886.010009765625,1834.4200439453125,1840.219970703125,4280820000,1840.219970703125
2022-12-06,1839.5400390625,1839.5400390625,1802.949951171875,1812.5799560546875,4368380000,1812.5799560546875
2022-12-07,1809.1700439453125,1822.699951171875,1805.6600341796875,1806.9000244140625,4118050000,1806.9000244140625
2022-12-08,1815.7099609375,1833.75,1808.8499755859375,1818.2900390625,4006900000,1818.2900390625
2022-12-09,1812.1500244140625,1815.81005859375,1796.6600341796875,1796.6600341796875,3888260000,1796.6600341796875
2022-12-12,1798.7900390625,1820.5,1793.1099853515625,1818.6099853515625,3904130000,1818.6099853515625
2022-12-13,1851.8299560546875,1880.760009765625,1823.0,1832.3599853515625,5079360000,1832.3599853515625
2022-12-14,1831.22998046875,1845.77001953125,1812.300048828125,1820.449951171875,4472340000,1820.449951171875
2022-12-15,1806.739990234375,1806.739990234375,1770.56005859375,1774.6099853515625,4493900000,1774.6099853515625
2022-12-16,1759.550048828125,1765.6400146484375,1746.25,1763.4200439453125,7493660000,1763.4200439453125
2022-12-19,1763.93994140625,1765.5400390625,1733.8199462890625,1738.5799560546875,3969610000,1738.5799560546875
2022-12-20,1735.469970703125,1755.0799560546875,1733.2099609375,1748.02001953125,3985370000,1748.02001953125
2022-12-21,1757.68994140625,1784.1099853515625,1757.68994140625,1776.93994140625,3775200000,1776.93994140625
2022-12-22,1766.6700439453125,1766.6700439453125,1726.81005859375,1754.0899658203125,3956950000,1754.0899658203125
2022-12-23,1753.199951171875,1761.239990234375,1743.739990234375,1760.9300537109375,2819280000,1760.9300537109375
2022-12-27,1761.3800048828125,1761.6500244140625,1745.43994140625,1749.52001953125,3030300000,1749.52001953125
2022-12-28,1749.9300537109375,1753.9300537109375,1722.02001953125,1722.02001953125,3083520000,1722.02001953125
2022-12-29,1727.3299560546875,1767.9100341796875,1727.3299560546875,1766.25,3003680000,1766.25
2022-12-30,1759.260009765625,1763.9300537109375,1747.22998046875,1761.25,2979870000,1761.25
2023-01-03,1769.75,1785.949951171875,1737.260009765625,1750.72998046875,3959140000,1750.72998046875
2023-01-04,1758.0899658203125,1781.969970703125,1758.0899658203125,1772.5400390625,4414080000,1772.5400390625
2023-01-05,1766.0799560546875,1766.0799560546875,1745.3800048828125,1753.18994140625,3893450000,1753.18994140625
2023-01-06,1764.3299560546875,1795.56005859375,1758.5,1792.800048828125,3923560000,1792.800048828125
2023-01-09,1801.0699462890625,1817.0899658203125,1794.5400390625,1795.9100341796875,4311770000,1795.9100341796875
2023-01-10,1794.2900390625,1822.6500244140625,1793.18994140625,1822.6500244140625,3851030000,1822.6500244140625
2023-01-11,1827.1199951171875,1844.1600341796875,1826.52001953125,1844.050048828125,4303360000,1844.050048828125
2023-01-12,1850.25,1876.06005859375,1839.0899658203125,1876.06005859375,4440260000,1876.06005859375
2023-01-13,1867.5,1889.1500244140625,1861.739990234375,1887.030029296875,3939700000,1887.030029296875
2023-01-17,1886.6400146484375,1892.4200439453125,1880.739990234375,1884.2900390625,4235560000,1884.2900390625
2023-01-18,1890.0899658203125,1903.8699951171875,1854.3199462890625,1854.3599853515625,4298710000,1854.3599853515625
2023-01-19,1846.3499755859375,1846.3499755859375,1825.5799560546875,1836.3499755859375,3991500000,1836.3499755859375
2023-01-20,1847.6800537109375,1867.3399658203125,1836.6300048828125,1867.3399658203125,4013360000,1867.3399658203125
2023-01-23,1868.9599609375,1896.199951171875,1867.489990234375,1890.77001953125,3945210000,1890.77001953125
2023-01-24,1887.81005859375,1892.7099609375,1878.3299560546875,1885.6099853515625,3320430000,1885.6099853515625
2023-01-25,1873.6199951171875,1890.72998046875,1858.989990234375,1890.3199462890625,3724020000,1890.3199462890625
2023-01-26,1899.8800048828125,1909.4200439453125,1882.7099609375,1903.06005859375,3809590000,1903.06005859375
2023-01-27,1899.8199462890625,1918.5899658203125,1896.239990234375,1911.4599609375,3907760000,1911.4599609375
2023-01-30,1903.0999755859375,1909.3399658203125,1885.4300537109375,1885.719970703125,3802000000,1885.719970703125
2023-01-31,1888.8299560546875,1931.949951171875,1888.8299560546875,1931.93994140625,4679320000,1931.93994140625
2023-02-01,1929.469970703125,1976.8699951171875,1921.52001953125,1960.81005859375,4856930000,1960.81005859375
2023-02-02,1968.030029296875,2007.31005859375,1968.030029296875,2001.219970703125,5624360000,2001.219970703125
2023-02-03,1989.1199951171875,2005.550048828125,1976.06005859375,1985.530029296875,4694510000,1985.530029296875
2023-02-06,1976.0899658203125,1976.0899658203125,1952.18994140625,1957.719970703125,4114240000,1957.719970703125
2023-02-07,1952.6500244140625,1975.8299560546875,1936.3299560546875,1972.6099853515625,4355860000,1972.6099853515625
2023-02-08,1964.8900146484375,1968.9200439453125,1940.2900390625,1942.5999755859375,4029820000,1942.5999755859375
2023-02-09,1954.8800048828125,1963.8499755859375,1912.239990234375,1915.3399658203125,4270200000,1915.3399658203125
2023-02-10,1910.6600341796875,1920.8499755859375,1903.719970703125,1918.81005859375,3891520000,1918.81005859375
2023-02-13,1919.8900146484375,1942.699951171875,1913.5999755859375,1941.1400146484375,3448620000,1941.1400146484375
2023-02-14,1933.9000244140625,1951.97998046875,1920.5,1939.9100341796875,3929200000,1939.9100341796875
2023-02-15,1929.72998046875,1960.969970703125,1924.9100341796875,1960.969970703125,4075980000,1960.969970703125
2023-02-16,1946.050048828125,1962.4599609375,1933.1400146484375,1942.2099609375,4143660000,1942.2099609375
2023-02-17,1943.6400146484375,1947.8499755859375,1928.3900146484375,1946.3599853515625,4045480000,1946.3599853515625
2023-02-21,1937.050048828125,1937.050048828125,1888.2099609375,1888.2099609375,4121590000,1888.2099609375
2023-02-22,1890.8299560546875,1904.47998046875,1885.1099853515625,1894.6800537109375,4079320000,1894.6800537109375
2023-02-23,1902.719970703125,1915.31005859375,1884.31005859375,1908.0899658203125,3952940000,1908.0899658203125
2023-02-24,1891.3800048828125,1891.6199951171875,1875.81005859375,1890.489990234375,3877700000,1890.489990234375
2023-02-27,1902.0,1914.5999755859375,1891.8900146484375,1896.27001953125,3836950000,1896.27001953125
2023-02-28,1896.699951171875,1913.1800537109375,1896.43994140625,1896.989990234375,5043400000,1896.989990234375
2023-03-01,1896.1400146484375,1904.43994140625,1888.72998046875,1898.4300537109375,4249480000,1898.4300537109375
2023-03-02,1888.4300537109375,1905.3499755859375,1877.5799560546875,1902.6600341796875,4244900000,1902.6600341796875
2023-03-03,1906.4599609375,1931.719970703125,1901.97998046875,1928.260009765625,4084730000,1928.260009765625
2023-03-06,1928.0799560546875,1928.699951171875,1892.4599609375,1899.760009765625,4000870000,1899.760009765625
2023-03-07,1899.239990234375,1902.1099853515625,1875.7900390625,1878.719970703125,3922500000,1878.719970703125
2023-03-08,1880.27001953125,1886.5400390625,1866.0699462890625,1879.47998046875,3535570000,1879.47998046875
2023-03-09,1879.219970703125,1883.02001953125,1826.2900390625,1826.5899658203125,4445260000,1826.5899658203125
2023-03-10,1821.6800537109375,1821.6800537109375,1756.8199462890625,1772.699951171875,5518190000,1772.699951171875
2023-03-13,1755.0400390625,1773.530029296875,1722.8499755859375,1744.300048828125,6558020000,1744.300048828125
2023-03-14,1770.6500244140625,1802.1199951171875,1760.0799560546875,1776.8900146484375,5665870000,1776.8900146484375
2023-03-15,1763.719970703125,1763.719970703125,1716.6700439453125,1745.93994140625,6594010000,1745.93994140625
2023-03-16,1733.5,1781.0999755859375,1717.5899658203125,1771.239990234375,5695790000,1771.239990234375
2023-03-17,1765.1600341796875,1765.1600341796875,1720.9200439453125,1725.8900146484375,9354280000,1725.8900146484375
2023-03-20,1733.510009765625,1761.739990234375,1733.510009765625,1744.989990234375,5347140000,1744.989990234375
2023-03-21,1761.8699951171875,1788.3699951171875,1761.8699951171875,1777.739990234375,4920240000,1777.739990234375
2023-03-22,1776.510009765625,1779.719970703125,1726.6099853515625,1727.3599853515625,4533010000,1727.3599853515625
2023-03-23,1733.5,1758.9100341796875,1706.3399658203125,1720.2900390625,4991600000,1720.2900390625
2023-03-24,1711.449951171875,1735.760009765625,1695.22998046875,1734.9200439453125,4583970000,1734.9200439453125
2023-03-27,1747.9300537109375,1762.6500244140625,1742.06005859375,1753.6700439453125,4233540000,1753.6700439453125
2023-03-28,1749.6300048828125,1759.469970703125,1745.1300048828125,1752.6300048828125,4014600000,1752.6300048828125
2023-03-29,1763.1300048828125,1771.7099609375,1759.050048828125,1771.5999755859375,4145250000,1771.5999755859375
2023-03-30,1778.6800537109375,1787.6400146484375,1762.3399658203125,1768.3800048828125,3930860000,1768.3800048828125
2023-03-31,1775.050048828125,1802.699951171875,1775.050048828125,1802.47998046875,4525120000,1802.47998046875
2023-04-03,1804.02001953125,1812.3699951171875,1783.469970703125,1802.31005859375,4234700000,1802.31005859375
2023-04-04,1804.47998046875,1806.699951171875,1760.989990234375,1769.6500244140625,4227800000,1769.6500244140625
2023-04-05,1764.219970703125,1764.219970703125,1742.780029296875,1752.1300048828125,3968020000,1752.1300048828125
2023-04-06,1753.1099853515625,1758.4300537109375,1744.5,1754.4599609375,3486690000,1754.4599609375
2023-04-10,1749.31005859375,1773.22998046875,1745.4599609375,1772.43994140625,3423650000,1772.43994140625
2023-04-11,1776.9000244140625,1794.449951171875,1776.9000244140625,1786.5899658203125,3665830000,1786.5899658203125
2023-04-12,1793.6600341796875,1803.18994140625,1772.3900146484375,1773.699951171875,3633120000,1773.699951171875
2023-04-13,1778.469970703125,1800.6400146484375,1778.469970703125,1796.6800537109375,3596590000,1796.6800537109375
2023-04-14,1798.1500244140625,1805.02001953125,1770.56005859375,1781.1500244140625,3575690000,1781.1500244140625
2023-04-17,1784.3800048828125,1802.8399658203125,1784.1199951171875,1802.8399658203125,3611180000,1802.8399658203125
2023-04-18,1807.239990234375,1809.5899658203125,1787.0,1795.550048828125,3536640000,1795.550048828125
2023-04-19,1789.989990234375,1802.7900390625,1782.719970703125,1799.43994140625,3572560000,1799.43994140625
2023-04-20,1790.68994140625,1797.469970703125,1782.3499755859375,1789.699951171875,3772080000,1789.699951171875
2023-04-21,1790.56005859375,1793.31005859375,1777.4000244140625,1791.510009765625,3611750000,1791.510009765625
2023-04-24,1790.25,1797.6099853515625,1781.6700439453125,1788.8699951171875,3290940000,1788.8699951171875
2023-04-25,1779.3299560546875,1779.3299560546875,1745.9100341796875,1745.949951171875,3978640000,1745.949951171875
2023-04-26,1741.2900390625,1747.280029296875,1725.8199462890625,1730.4100341796875,3837030000,1730.4100341796875
2023-04-27,1733.4000244140625,1752.0,1726.77001953125,1751.219970703125,3750550000,1751.219970703125
2023-04-28,1749.8499755859375,1773.02001953125,1746.8399658203125,1768.989990234375,4087800000,1768.989990234375
2023-05-01,1765.449951171875,1785.199951171875,1764.3199462890625,1769.2099609375,3321370000,1769.2099609375
2023-05-02,1761.1500244140625,1761.1500244140625,1716.219970703125,1732.1099853515625,4486130000,1732.1099853515625
2023-05-03,1735.68994140625,1767.699951171875,1735.68994140625,1739.280029296875,4246510000,1739.280029296875
2023-05-04,1727.239990234375,1728.3900146484375,1704.8199462890625,1718.81005859375,4920090000,1718.81005859375
2023-05-05,1742.52001953125,1763.780029296875,1742.52001953125,1759.8800048828125,4186270000,1759.8800048828125
2023-05-08,1766.4200439453125,1768.2099609375,1748.3199462890625,1754.469970703125,3641640000,1754.469970703125
2023-05-09,1747.43994140625,1756.0899658203125,1737.699951171875,1749.6800537109375,3810140000,1749.6800537109375
2023-05-10,1769.5799560546875,1772.9300537109375,1743.6300048828125,1759.510009765625,4057160000,1759.510009765625
2023-05-11,1748.8900146484375,1749.43994140625,1736.8399658203125,1744.7099609375,3752900000,1744.7099609375
2023-05-12,1748.1400146484375,1753.22998046875,1731.3399658203125,1740.8499755859375,3533740000,1740.8499755859375
2023-05-15,1744.6600341796875,1768.75,1744.2099609375,1761.550048828125,3562170000,1761.550048828125
2023-05-16,1755.1600341796875,1755.1600341796875,1736.1600341796875,1736.1800537109375,3654200000,1736.1800537109375
2023-05-17,1744.1099853515625,1776.9000244140625,1737.3900146484375,1774.5,4039080000,1774.5
2023-05-18,1770.8199462890625,1787.3599853515625,1766.2900390625,1784.8599853515625,3980500000,1784.8599853515625
2023-05-19,1795.989990234375,1800.52001953125,1769.02001953125,1773.719970703125,4041900000,1773.719970703125
2023-05-22,1777.6400146484375,1801.3900146484375,1776.9599609375,1795.3800048828125,3728520000,1795.3800048828125
2023-05-23,1792.3299560546875,1816.4000244140625,1787.52001953125,1787.7099609375,4155320000,1787.7099609375
2023-05-24,1792.3299560546875,1816.4000244140625,1761.199951171875,1767.0,3739190000,1767.0
2023-05-25,1767.0999755859375,1767.0999755859375,1741.239990234375,1754.5999755859375,4147760000,1754.5999755859375
2023-05-26,1755.3599853515625,1774.68994140625,1755.2900390625,1773.02001953125,3715460000,1773.02001953125
2023-05-30,1776.6099853515625,1784.7099609375,1761.3499755859375,1767.2900390625,4228510000,1767.2900390625
2023-05-31,1761.3299560546875,1765.4100341796875,1736.8199462890625,1749.6500244140625,5980670000,1749.6500244140625
2023-06-01,1750.8599853515625,1773.010009765625,1744.3699951171875,1767.93994140625,4391860000,1767.93994140625
2023-06-02,1782.3399658203125,1831.7099609375,1782.3399658203125,1830.9100341796875,4454200000,1830.9100341796875
2023-06-05,1825.77001953125,1825.77001953125,1797.27001953125,1806.7099609375,3813290000,1806.7099609375
2023-06-06,1804.6700439453125,1859.3900146484375,1801.5999755859375,1855.4000244140625,3996560000,1855.4000244140625
2023-06-07,1861.199951171875,1893.56005859375,1861.199951171875,1888.449951171875,4537800000,1888.449951171875
2023-06-08,1886.030029296875,1886.030029296875,1867.9100341796875,1880.780029296875,3826740000,1880.780029296875
2023-06-09,1881.27001953125,1881.739990234375,1862.5,1865.7099609375,3786510000,1865.7099609375
2023-06-12,1866.77001953125,1880.449951171875,1863.0999755859375,1873.2099609375,3945670000,1873.2099609375
2023-06-13,1878.0899658203125,1903.0,1878.0899658203125,1896.3299560546875,4275400000,1896.3299560546875
2023-06-14,1898.739990234375,1904.9200439453125,1864.0799560546875,1874.0999755859375,4252110000,1874.0999755859375
2023-06-15,1870.1700439453125,1890.0899658203125,1866.260009765625,1889.280029296875,4176690000,1889.280029296875
2023-06-16,1900.1199951171875,1906.8299560546875,1868.6500244140625,1875.469970703125,6848600000,1875.469970703125
2023-06-20,1871.489990234375,1871.489990234375,1856.199951171875,1866.699951171875,4055790000,1866.699951171875
2023-06-21,1862.3900146484375,1873.9599609375,1855.0799560546875,1863.010009765625,3709330000,1863.010009765625
2023-06-22,1860.030029296875,1860.030029296875,1843.9200439453125,1848.1800537109375,3511000000,1848.1800537109375
2023-06-23,1835.4300537109375,1838.1600341796875,1818.81005859375,1821.6300048828125,6053620000,1821.6300048828125
2023-06-26,1821.3399658203125,1841.06005859375,1819.800048828125,1823.260009765625,3415030000,1823.260009765625
2023-06-27,1825.760009765625,1855.1099853515625,1823.5400390625,1849.9300537109375,3573500000,1849.9300537109375
2023-06-28,1847.5999755859375,1859.0,1842.300048828125,1858.7099609375,3739330000,1858.7099609375
2023-06-29,1860.260009765625,1883.77001953125,1860.260009765625,1881.5899658203125,3696660000,1881.5899658203125
2023-06-30,1889.199951171875,1898.4000244140625,1887.550048828125,1888.72998046875,3923450000,1888.72998046875
2023-07-03,1887.030029296875,1898.5999755859375,1885.6300048828125,1896.780029296875,2034280000,1896.780029296875
2023-07-05,1891.9599609375,1891.9599609375,1872.9100341796875,1872.9100341796875,0,1872.9100341796875
2023-07-06,1867.1300048828125,1867.1300048828125,1823.9100341796875,1842.22998046875,3682020000,1842.22998046875
2023-07-07,1843.1600341796875,1878.9000244140625,1843.1600341796875,1864.6600341796875,3630480000,1864.6600341796875
2023-07-10,1862.2099609375,1895.5699462890625,1860.4200439453125,1895.25,3429600000,1895.25
2023-07-11,1899.260009765625,1915.1800537109375,1895.8800048828125,1913.3599853515625,3624220000,1913.3599853515625
2023-07-12,1931.8299560546875,1944.22998046875,1931.280029296875,1933.3800048828125,3920290000,1933.3800048828125
2023-07-13,1937.9000244140625,1952.5400390625,1936.510009765625,1950.8900146484375,3839530000,1950.8900146484375
2023-07-14,1949.8599853515625,1949.8599853515625,1920.3399658203125,1931.0899658203125,3647450000,1931.0899658203125
2023-07-17,1929.4200439453125,1958.050048828125,1926.6400146484375,1951.27001953125,3538240000,1951.27001953125
2023-07-18,1952.1099853515625,1977.5799560546875,1952.1099853515625,1976.0699462890625,0,1976.0699462890625
2023-07-19,1981.780029296875,1990.25,1977.25,1984.8900146484375,4115670000,1984.8900146484375
2023-07-20,1984.52001953125,1984.52001953125,1960.1700439453125,1967.1600341796875,3761770000,1967.1600341796875
2023-07-21,1976.93994140625,1981.6400146484375,1958.739990234375,1960.260009765625,3570190000,1960.260009765625
2023-07-24,1961.0400390625,1973.3199462890625,1958.3299560546875,1965.6800537109375,3856250000,1965.6800537109375
2023-07-25,1963.6199951171875,1976.9300537109375,1961.4200439453125,1966.1099853515625,0,1966.1099853515625
2023-07-26,1964.5699462890625,1984.780029296875,1962.489990234375,1980.3599853515625,3990290000,1980.3599853515625
2023-07-27,1988.6199951171875,1994.8199462890625,1949.0899658203125,1954.9000244140625,4553210000,1954.9000244140625
2023-07-28,1964.969970703125,1983.8399658203125,1964.969970703125,1981.5400390625,3981010000,1981.5400390625
2023-07-31,1984.800048828125,2003.6199951171875,1984.800048828125,2003.1800537109375,4503600000,2003.1800537109375
2023-08-01,1996.8900146484375,1996.8900146484375,1976.7900390625,1994.1700439453125,4042370000,1994.1700439453125
2023-08-02,1981.280029296875,1981.280029296875,1957.1300048828125,1966.8299560546875,4270710000,1966.8299560546875
2023-08-03,1962.4000244140625,1970.5400390625,1948.699951171875,1961.4000244140625,4149120000,1961.4000244140625
2023-08-04,1961.77001953125,1977.489990234375,1955.1400146484375,1957.4599609375,4143310000,1957.4599609375
2023-08-07,1959.1199951171875,1961.489990234375,1944.81005859375,1958.93994140625,3493920000,1958.93994140625
2023-08-08,1945.0999755859375,1947.6300048828125,1924.22998046875,1947.4200439453125,3884910000,1947.4200439453125
2023-08-09,1946.6600341796875,1946.6600341796875,1925.1300048828125,1930.77001953125,3803100000,1930.77001953125
2023-08-10,1933.97998046875,1953.1400146484375,1916.6099853515625,1922.6199951171875,4504370000,1922.6199951171875
2023-08-11,1918.199951171875,1929.3800048828125,1914.0999755859375,1925.1099853515625,3753290000,1925.1099853515625
2023-08-14,1919.949951171875,1920.9000244140625,1903.52001953125,1920.489990234375,3896410000,1920.489990234375
2023-08-15,1913.6300048828125,1913.6300048828125,1895.75,1895.75,3832250000,1895.75
2023-08-16,1893.97998046875,1901.4300537109375,1871.52001953125,1871.52001953125,3753910000,1871.52001953125
2023-08-17,1874.1600341796875,1877.8299560546875,1850.06005859375,1850.06005859375,3943700000,1850.06005859375
2023-08-18,1841.010009765625,1864.6800537109375,1830.8399658203125,1859.4200439453125,3940400000,1859.4200439453125
2023-08-21,1860.1300048828125,1863.7099609375,1846.300048828125,1856.010009765625,3726850000,1856.010009765625
2023-08-22,1860.0,1866.18994140625,1847.27001953125,1850.8399658203125,3522760000,1850.8399658203125
2023-08-23,1851.8599853515625,1873.47998046875,1849.8299560546875,1870.030029296875,3837270000,1870.030029296875
2023-08-24,1868.3199462890625,1871.8599853515625,1845.97998046875,1846.280029296875,3723470000,1846.280029296875
2023-08-25,1850.6099853515625,1861.8499755859375,1831.949951171875,1853.6300048828125,3296180000,1853.6300048828125
2023-08-28,1859.3299560546875,1877.449951171875,1859.3299560546875,1869.010009765625,2957230000,1869.010009765625
2023-08-29,1868.6700439453125,1896.6600341796875,1864.1500244140625,1895.5400390625,3354820000,1895.5400390625
2023-08-30,1893.469970703125,1908.8900146484375,1889.280029296875,1903.2099609375,3064110000,1903.2099609375
2023-08-31,1904.3599853515625,1913.199951171875,1898.949951171875,1899.6800537109375,3946360000,1899.6800537109375
2023-09-01,1908.1700439453125,1926.81005859375,1908.1700439453125,1920.8299560546875,3246260000,1920.8299560546875
2023-09-05,1916.280029296875,1916.280029296875,1880.449951171875,1880.449951171875,3526250000,1880.449951171875
2023-09-06,1880.739990234375,1890.8299560546875,1864.4599609375,1874.280029296875,3418850000,1874.280029296875
2023-09-07,1871.6199951171875,1871.6199951171875,1848.719970703125,1855.760009765625,3763760000,1855.760009765625
2023-09-08,1856.050048828125,1857.8599853515625,1848.5899658203125,1851.5400390625,3259290000,1851.5400390625
2023-09-11,1863.1099853515625,1866.550048828125,1853.8800048828125,1855.1400146484375,3369920000,1855.1400146484375
2023-09-12,1851.5699462890625,1864.3299560546875,1851.2900390625,1855.3199462890625,3435740000,1855.3199462890625
2023-09-13,1855.25,1857.0,1837.56005859375,1840.8399658203125,3529430000,1840.8399658203125
2023-09-14,1855.300048828125,1868.1700439453125,1854.3699951171875,1866.6300048828125,3648720000,1866.6300048828125
2023-09-15,1861.56005859375,1861.6800537109375,1840.0,1847.030029296875,6932230000,1847.030029296875
2023-09-18,1847.7099609375,1847.7099609375,1834.300048828125,1834.300048828125,3161230000,1834.300048828125
2023-09-19,1834.3900146484375,1840.56005859375,1823.050048828125,1826.530029296875,3614880000,1826.530029296875
2023-09-20,1834.43994140625,1843.5,1810.0799560546875,1810.0999755859375,3308450000,1810.0999755859375
2023-09-21,1795.219970703125,1795.800048828125,1781.8199462890625,1781.8299560546875,3662340000,1781.8299560546875
2023-09-22,1787.52001953125,1791.1400146484375,1776.5,1776.5,3349570000,1776.5
2023-09-25,1768.6700439453125,1788.030029296875,1766.5400390625,1784.239990234375,3195650000,1784.239990234375
2023-09-26,1774.6400146484375,1786.050048828125,1761.6099853515625,1761.6099853515625,3472340000,1761.6099853515625
2023-09-27,1771.1600341796875,1786.5999755859375,1765.6400146484375,1778.9000244140625,3875880000,1778.9000244140625
2023-09-28,1778.030029296875,1802.6099853515625,1777.8900146484375,1794.31005859375,3846230000,1794.31005859375
2023-09-29,1805.469970703125,1809.68994140625,1781.050048828125,1785.0999755859375,3865960000,1785.0999755859375
2023-10-02,1780.8599853515625,1782.02001953125,1749.4300537109375,1756.8199462890625,3938660000,1756.8199462890625
2023-10-03,1749.18994140625,1749.18994140625,1721.47998046875,1727.1500244140625,3953830000,1727.1500244140625
2023-10-04,1727.0899658203125,1731.22998046875,1709.5899658203125,1729.010009765625,3777600000,1729.010009765625
2023-10-05,1724.68994140625,1734.31005859375,1717.3399658203125,1731.510009765625,3581470000,1731.510009765625
2023-10-06,1723.7099609375,1754.25,1713.9200439453125,1745.56005859375,3902030000,1745.56005859375
2023-10-09,1738.3900146484375,1761.02001953125,1735.72998046875,1755.989990234375,3174630000,1755.989990234375
2023-10-10,1759.52001953125,1785.8900146484375,1759.52001953125,1775.949951171875,3520240000,1775.949951171875
2023-10-11,1777.5699462890625,1786.6400146484375,1761.81005859375,1773.300048828125,3601660000,1773.300048828125
2023-10-12,1774.3399658203125,1774.9200439453125,1725.43994140625,1734.25,3713140000,1734.25
2023-10-13,1738.0899658203125,1740.5699462890625,1715.3199462890625,1719.7099609375,3566560000,1719.7099609375
2023-10-16,1734.1300048828125,1749.2099609375,1728.1800537109375,1747.06005859375,3409960000,1747.06005859375
2023-10-17,1735.75,1779.8499755859375,1735.7099609375,1766.050048828125,3794850000,1766.050048828125
2023-10-18,1752.9200439453125,1752.9200439453125,1727.239990234375,1728.81005859375,3686030000,1728.81005859375
2023-10-19,1725.699951171875,1734.5799560546875,1700.239990234375,1702.699951171875,3969730000,1702.699951171875
2023-10-20,1705.550048828125,1706.02001953125,1680.0899658203125,1680.7900390625,4004030000,1680.7900390625
2023-10-23,1671.760009765625,1687.739990234375,1662.6400146484375,1665.8800048828125,3776100000,1665.8800048828125
2023-10-24,1677.739990234375,1690.4100341796875,1671.27001953125,1679.5,3821820000,1679.5
2023-10-25,1666.8399658203125,1668.1700439453125,1649.8499755859375,1651.4300537109375,3869370000,1651.4300537109375
2023-10-26,1656.6099853515625,1670.0899658203125,1648.8299560546875,1657.0,4277640000,1657.0
2023-10-27,1660.739990234375,1661.18994140625,1633.6700439453125,1636.93994140625,4019500000,1636.93994140625
2023-10-30,1646.3599853515625,1657.3199462890625,1635.4100341796875,1647.2900390625,3911140000,1647.2900390625
2023-10-31,1648.5999755859375,1663.5,1644.989990234375,1662.280029296875,4249470000,1662.280029296875
2023-11-01,1661.4100341796875,1669.7900390625,1649.06005859375,1669.699951171875,4224900000,1669.699951171875
2023-11-02,1684.449951171875,1714.6099853515625,1684.449951171875,1714.2099609375,4669780000,1714.2099609375
2023-11-03,1733.6099853515625,1770.5799560546875,1733.6099853515625,1760.699951171875,4570960000,1760.699951171875
2023-11-06,1760.1800537109375,1760.8599853515625,1731.6800537109375,1737.93994140625,3656340000,1737.93994140625
2023-11-07,1733.72998046875,1739.260009765625,1723.550048828125,1733.1500244140625,3791230000,1733.1500244140625
2023-11-08,1732.9599609375,1733.1099853515625,1709.239990234375,1714.0699462890625,3729510000,1714.0699462890625
2023-11-09,1720.699951171875,1724.8299560546875,1685.27001953125,1687.239990234375,3900780000,1687.239990234375
2023-11-10,1692.77001953125,1709.239990234375,1684.199951171875,1705.3199462890625,3665080000,1705.3199462890625
2023-11-13,1698.739990234375,1709.5699462890625,1690.9200439453125,1705.5,3326240000,1705.5
2023-11-14,1741.739990234375,1798.3199462890625,1741.739990234375,1798.3199462890625,4700350000,1798.3199462890625
2023-11-15,1798.199951171875,1830.0,1797.5899658203125,1801.219970703125,4347170000,1801.219970703125
2023-11-16,1797.0,1797.0,1767.4200439453125,1773.760009765625,3964520000,1773.760009765625
2023-11-17,1784.8599853515625,1798.43994140625,1784.8599853515625,1797.77001953125,3777240000,1797.77001953125
2023-11-20,1798.56005859375,1809.2099609375,1794.7099609375,1807.0799560546875,3644790000,1807.0799560546875
2023-11-21,1799.3299560546875,1799.3299560546875,1783.260009765625,1783.260009765625,3511080000,1783.260009765625
2023-11-22,1792.510009765625,1803.1199951171875,1789.8800048828125,1795.5400390625,3042810000,1795.5400390625
2023-11-24,1794.989990234375,1810.260009765625,1794.68994140625,1807.5,1639500000,1807.5
2023-11-27,1801.030029296875,1804.5,1790.949951171875,1801.1500244140625,3403990000,1801.1500244140625
2023-11-28,1799.7099609375,1804.1099853515625,1789.199951171875,1792.81005859375,3586240000,1792.81005859375
2023-11-29,1804.22998046875,1827.06005859375,1801.9100341796875,1803.81005859375,4418760000,1803.81005859375
2023-11-30,1808.6199951171875,1816.530029296875,1805.219970703125,1809.02001953125,5399300000,1809.02001953125
2023-12-01,1806.1300048828125,1863.6600341796875,1800.81005859375,1862.6400146484375,4397120000,1862.6400146484375
2023-12-04,1857.1700439453125,1882.0899658203125,1854.3800048828125,1882.02001953125,4369910000,1882.02001953125
2023-12-05,1876.5999755859375,1876.5999755859375,1855.050048828125,1856.0400390625,3909950000,1856.0400390625
2023-12-06,1864.22998046875,1888.719970703125,1851.9599609375,1852.050048828125,4245680000,1852.050048828125
2023-12-07,1854.530029296875,1868.25,1848.780029296875,1868.25,3818880000,1868.25
2023-12-08,1866.77001953125,1887.81005859375,1863.6600341796875,1880.8199462890625,3707010000,1880.8199462890625
2023-12-11,1879.6600341796875,1885.4200439453125,1873.5799560546875,1883.6800537109375,3823210000,1883.6800537109375
2023-12-12,1883.1800537109375,1887.949951171875,1871.010009765625,1881.27001953125,3808380000,1881.27001953125
2023-12-13,1882.1400146484375,1948.050048828125,1870.3399658203125,1947.510009765625,5063650000,1947.510009765625
2023-12-14,1966.8800048828125,2008.6600341796875,1966.8800048828125,2000.510009765625,6314040000,2000.510009765625
2023-12-15,2005.1500244140625,2009.0799560546875,1975.1300048828125,1985.1300048828125,8218980000,1985.1300048828125
2023-12-18,1991.6099853515625,1996.510009765625,1980.75,1982.4200439453125,4060340000,1982.4200439453125
2023-12-19,1996.3299560546875,2024.25,1995.239990234375,2020.949951171875,4026970000,2020.949951171875
2023-12-20,2016.8699951171875,2039.81005859375,1982.56005859375,1982.8399658203125,4201320000,1982.8399658203125
2023-12-21,2005.8199462890625,2017.1800537109375,1997.449951171875,2017.06005859375,3431180000,2017.06005859375
2023-12-22,2028.219970703125,2042.469970703125,2025.75,2033.9599609375,3046770000,2033.9599609375
2023-12-26,2043.1400146484375,2064.639892578125,2039.3499755859375,2059.18994140625,2513910000,2059.18994140625
2023-12-27,2063.590087890625,2071.780029296875,2056.3701171875,2066.2099609375,2748450000,2066.2099609375
2023-12-28,2058.179931640625,2068.85009765625,2053.639892578125,2058.340087890625,2698860000,2058.340087890625
2023-12-29,2054.22998046875,2056.6201171875,2027.0699462890625,2027.0699462890625,3126060000,2027.0699462890625
2024-01-02,2012.75,2032.489990234375,2003.4100341796875,2012.800048828125,3743050000,2012.800048828125
2024-01-03,1995.1700439453125,1995.1700439453125,1958.030029296875,1959.199951171875,3950760000,1959.199951171875
2024-01-04,1964.3499755859375,1970.5400390625,1956.699951171875,1957.72998046875,3715480000,1957.72998046875
2024-01-05,1943.5,1967.989990234375,1941.77001953125,1951.1400146484375,3844370000,1951.1400146484375
2024-01-08,1948.9000244140625,1989.010009765625,1944.8599853515625,1989.010009765625,3742320000,1989.010009765625
2024-01-09,1964.719970703125,1975.22998046875,1957.4200439453125,1968.0400390625,3529960000,1968.0400390625
2024-01-10,1965.469970703125,1971.25,1953.0,1970.260009765625,3498680000,1970.260009765625
2024-01-11,1963.1099853515625,1964.22998046875,1934.3199462890625,1955.4599609375,3759890000,1955.4599609375
2024-01-12,1977.8800048828125,1983.81005859375,1947.5,1950.9599609375,3486340000,1950.9599609375
2024-01-16,1934.6400146484375,1939.81005859375,1921.81005859375,1927.300048828125,4260550000,1927.300048828125
2024-01-17,1899.1800537109375,1914.2099609375,1898.239990234375,1913.1700439453125,3928600000,1913.1700439453125
2024-01-18,1924.010009765625,1926.050048828125,1901.6500244140625,1923.6500244140625,4019000000,1923.6500244140625
2024-01-19,1934.0899658203125,1944.3900146484375,1914.469970703125,1944.3900146484375,4287200000,1944.3900146484375
2024-01-22,1960.93994140625,1984.1199951171875,1960.93994140625,1983.3800048828125,4297610000,1983.3800048828125
2024-01-23,2000.5899658203125,2001.1400146484375,1969.93994140625,1976.27001953125,3912800000,1976.27001953125
2024-01-24,2000.1800537109375,2000.1800537109375,1960.47998046875,1961.8599853515625,4330030000,1961.8599853515625
2024-01-25,1987.25,1989.2099609375,1963.8900146484375,1975.8800048828125,4020430000,1975.8800048828125
2024-01-26,1986.6700439453125,1993.43994140625,1974.6300048828125,1978.3299560546875,3353400000,1978.3299560546875
2024-01-29,1978.1400146484375,2011.6500244140625,1972.780029296875,2011.4200439453125,3525160000,2011.4200439453125
2024-01-30,2002.3599853515625,2005.219970703125,1990.8199462890625,1996.239990234375,3836130000,1996.239990234375
2024-01-31,1989.3199462890625,2003.1500244140625,1946.8900146484375,1947.3399658203125,4696120000,1947.3399658203125
2024-02-01,1959.5799560546875,1974.4200439453125,1936.22998046875,1974.4200439453125,4386090000,1974.4200439453125
2024-02-02,1950.780029296875,1971.510009765625,1944.5999755859375,1962.72998046875,3974350000,1962.72998046875
2024-02-05,1951.77001953125,1951.77001953125,1921.3599853515625,1937.239990234375,4023640000,1937.239990234375
2024-02-06,1936.77001953125,1954.0400390625,1932.0799560546875,1953.6300048828125,4440880000,1953.6300048828125
2024-02-07,1954.3599853515625,1958.0699462890625,1939.969970703125,1950.3599853515625,4895590000,1950.3599853515625
2024-02-08,1949.760009765625,1980.1500244140625,1948.6400146484375,1979.699951171875,4341860000,1979.699951171875
2024-02-09,1984.1099853515625,2010.77001953125,1984.1099853515625,2009.989990234375,3912990000,2009.989990234375
2024-02-12,2014.68994140625,2052.0,2014.68994140625,2045.260009765625,3805740000,2045.260009765625
2024-02-13,1987.260009765625,1992.97998046875,1950.469970703125,1964.1700439453125,4302190000,1964.1700439453125
2024-02-14,1992.1300048828125,2014.06005859375,1983.0999755859375,2012.0999755859375,3845600000,2012.0999755859375
2024-02-15,2027.530029296875,2062.800048828125,2027.06005859375,2061.47998046875,4137970000,2061.47998046875
2024-02-16,2049.8798828125,2050.239990234375,2032.1600341796875,2045.1400146484375,3833270000,2045.1400146484375
2024-02-20,2008.780029296875,2011.530029296875,1998.0899658203125,2004.1400146484375,4034880000,2004.1400146484375
2024-02-21,1993.43994140625,1997.5999755859375,1982.43994140625,1994.739990234375,3788390000,1994.739990234375
2024-02-22,2003.510009765625,2016.8299560546875,1998.800048828125,2013.8399658203125,4051710000,2013.8399658203125
2024-02-23,2011.449951171875,2026.4300537109375,2004.6400146484375,2016.68994140625,3672790000,2016.68994140625
2024-02-26,2012.9300537109375,2031.9599609375,2011.8599853515625,2028.969970703125,3683930000,2028.969970703125
2024-02-27,2046.5699462890625,2058.06005859375,2045.3699951171875,2056.110107421875,3925950000,2056.110107421875
2024-02-28,2043.0400390625,2053.52001953125,2038.6300048828125,2040.31005859375,3789370000,2040.31005859375
2024-02-29,2060.72998046875,2072.969970703125,2044.800048828125,2054.840087890625,5219740000,2054.840087890625
2024-03-01,2058.47998046875,2077.969970703125,2052.429931640625,2076.389892578125,4748110000,2076.389892578125
2024-03-04,2087.6298828125,2091.800048828125,2071.989990234375,2074.31005859375,4758440000,2074.31005859375
2024-03-05,2060.72998046875,2072.300048828125,2048.1298828125,2053.7099609375,4418410000,2053.7099609375
2024-03-06,2069.81005859375,2075.64990234375,2059.860107421875,2068.090087890625,4559050000,2068.090087890625
2024-03-07,2079.320068359375,2090.7900390625,2079.320068359375,2084.739990234375,4137980000,2084.739990234375
2024-03-08,2099.60009765625,2115.949951171875,2075.89990234375,2082.7099609375,4208870000,2082.7099609375
2024-03-11,2075.739990234375,2079.969970703125,2063.780029296875,2065.8798828125,3896430000,2065.8798828125
2024-03-12,2066.14990234375,2072.949951171875,2052.929931640625,2065.47998046875,4080510000,2065.47998046875
2024-03-13,2062.75,2080.18994140625,2062.35009765625,2071.7099609375,4282890000,2071.7099609375
2024-03-14,2064.280029296875,2064.280029296875,2017.280029296875,2031.1800537109375,4687970000,2031.1800537109375
2024-03-15,2020.6300048828125,2041.8800048828125,2018.949951171875,2039.3199462890625,7753670000,2039.3199462890625
2024-03-18,2042.1199951171875,2044.0699462890625,2024.5699462890625,2024.739990234375,4036220000,2024.739990234375
2024-03-19,2012.030029296875,2039.8299560546875,2009.81005859375,2035.7099609375,4031760000,2035.7099609375
2024-03-20,2030.3800048828125,2081.330078125,2028.56005859375,2074.8798828125,4064850000,2074.8798828125
2024-03-21,2087.85009765625,2106.31005859375,2087.85009765625,2098.56005859375,4207730000,2098.56005859375
2024-03-22,2098.030029296875,2099.110107421875,2071.7900390625,2072.0,3374700000,2072.0
2024-03-25,2075.06005859375,2088.47998046875,2074.159912109375,2074.159912109375,3331360000,2074.159912109375
2024-03-26,2083.43994140625,2093.52001953125,2070.0,2070.159912109375,3871790000,2070.159912109375
2024-03-27,2079.699951171875,2114.64990234375,2079.699951171875,2114.35009765625,3850500000,2114.35009765625
2024-03-28,2115.77001953125,2135.4599609375,2115.77001953125,2124.550048828125,3998270000,2124.550048828125
2024-04-01,2125.909912109375,2126.06005859375,2100.139892578125,2102.840087890625,3325930000,2102.840087890625
2024-04-02,2087.419921875,2087.419921875,2054.340087890625,2065.0400390625,3886590000,2065.0400390625
2024-04-03,2056.68994140625,2080.39990234375,2052.10009765625,2076.199951171875,3703250000,2076.199951171875
2024-04-04,2089.070068359375,2101.469970703125,2051.320068359375,2053.830078125,4075680000,2053.830078125
2024-04-05,2051.8798828125,2073.320068359375,2048.25,2063.469970703125,3386780000,2063.469970703125
2024-04-08,2074.68994140625,2079.030029296875,2066.1201171875,2073.7099609375,3278180000,2073.7099609375
2024-04-09,2079.35009765625,2084.06005859375,2065.1298828125,2080.800048828125,3400680000,2080.800048828125
2024-04-10,2043.219970703125,2044.27001953125,2016.550048828125,2028.3900146484375,3845930000,2028.3900146484375
2024-04-11,2036.22998046875,2045.0400390625,2021.5,2042.5999755859375,3509380000,2042.5999755859375
2024-04-12,2031.0799560546875,2032.93994140625,1994.8299560546875,2003.1700439453125,3963220000,2003.1700439453125
2024-04-15,2010.9100341796875,2016.6600341796875,1968.1099853515625,1975.7099609375,3950210000,1975.7099609375
2024-04-16,1965.8499755859375,1976.2099609375,1953.010009765625,1967.47998046875,4006200000,1967.47998046875
2024-04-17,1977.2900390625,1982.8399658203125,1947.75,1947.949951171875,3596130000,1947.949951171875
2024-04-18,1951.239990234375,1971.3900146484375,1941.3199462890625,1942.9599609375,3619760000,1942.9599609375
2024-04-19,1935.77001953125,1956.300048828125,1931.5400390625,1947.6600341796875,3878750000,1947.6600341796875
2024-04-22,1953.239990234375,1978.4300537109375,1947.8499755859375,1967.469970703125,3820250000,1967.469970703125
2024-04-23,1969.739990234375,2010.47998046875,1969.6400146484375,2002.6400146484375,3751400000,2002.6400146484375
2024-04-24,2000.449951171875,2006.1300048828125,1983.6199951171875,1995.4300537109375,3656740000,1995.4300537109375
2024-04-25,1980.530029296875,1984.489990234375,1957.8199462890625,1981.1199951171875,3958050000,1981.1199951171875
2024-04-26,1984.530029296875,2005.010009765625,1984.4200439453125,2002.0,3604140000,2002.0
2024-04-29,2005.0999755859375,2020.6300048828125,2005.0999755859375,2016.030029296875,3447450000,2016.030029296875
2024-04-30,2001.7099609375,2003.4100341796875,1973.8499755859375,1973.9100341796875,4082470000,1973.9100341796875
2024-05-01,1973.3699951171875,2017.699951171875,1968.030029296875,1980.22998046875,4544170000,1980.22998046875
2024-05-02,1998.3199462890625,2016.5,1984.6800537109375,2016.1099853515625,4381660000,2016.1099853515625
2024-05-03,2044.219970703125,2054.85009765625,2030.8199462890625,2035.719970703125,3924990000,2035.719970703125
2024-05-06,2048.510009765625,2064.2900390625,2048.510009765625,2060.669921875,3683250000,2060.669921875
2024-05-07,2062.159912109375,2077.81005859375,2062.159912109375,2064.64990234375,3987890000,2064.64990234375
2024-05-08,2050.780029296875,2055.639892578125,2043.8499755859375,2055.139892578125,3842100000,2055.139892578125
2024-05-09,2056.97998046875,2075.3701171875,2053.050048828125,2073.6298828125,3727370000,2073.6298828125
2024-05-10,2079.949951171875,2082.0400390625,2054.8701171875,2059.780029296875,3617900000,2059.780029296875
2024-05-13,2072.139892578125,2081.449951171875,2062.1201171875,2062.1201171875,4255710000,2062.1201171875
2024-05-14,2078.739990234375,2088.360107421875,2076.030029296875,2085.68994140625,4763580000,2085.68994140625
2024-05-15,2105.419921875,2112.320068359375,2095.429931640625,2109.4599609375,4360810000,2109.4599609375
2024-05-16,2107.090087890625,2107.360107421875,2095.820068359375,2096.25,3817470000,2096.25
2024-05-17,2103.669921875,2104.1298828125,2090.43994140625,2095.719970703125,3578120000,2095.719970703125
2024-05-20,2096.489990234375,2109.699951171875,2095.0,2102.5,3420100000,2102.5
2024-05-21,2097.469970703125,2101.60009765625,2094.02001953125,2098.360107421875,3662240000,2098.360107421875
2024-05-22,2093.72998046875,2096.889892578125,2075.780029296875,2081.7099609375,3847130000,2081.7099609375
2024-05-23,2089.52001953125,2090.389892578125,2040.6800537109375,2048.409912109375,3869520000,2048.409912109375
2024-05-24,2061.0,2070.22998046875,2056.35009765625,2069.669921875,3005510000,2069.669921875
2024-05-28,2075.719970703125,2086.280029296875,2057.68994140625,2066.85009765625,3751540000,2066.85009765625
2024-05-29,2050.4599609375,2050.4599609375,2036.1300048828125,2036.18994140625,3552750000,2036.18994140625
2024-05-30,2043.72998046875,2063.18994140625,2043.72998046875,2056.60009765625,3818750000,2056.60009765625
2024-05-31,2061.22998046875,2073.669921875,2047.4000244140625,2070.1298828125,5437160000,2070.1298828125
2024-06-03,2082.39990234375,2088.14990234375,2048.06005859375,2059.679931640625,4046920000,2059.679931640625
2024-06-04,2050.389892578125,2050.389892578125,2032.1400146484375,2033.93994140625,3707900000,2033.93994140625
2024-06-05,2044.1500244140625,2063.8701171875,2036.3399658203125,2063.8701171875,3591460000,2063.8701171875
2024-06-06,2058.47998046875,2060.449951171875,2046.530029296875,2049.43994140625,3609990000,2049.43994140625
2024-06-07,2035.1199951171875,2043.4599609375,2023.1400146484375,2026.550048828125,3692760000,2026.550048828125
2024-06-10,2012.219970703125,2033.6500244140625,2008.300048828125,2031.6099853515625,3622280000,2031.6099853515625
2024-06-11,2019.1199951171875,2027.530029296875,2006.0699462890625,2024.3499755859375,3568030000,2024.3499755859375
2024-06-12,2065.7900390625,2088.530029296875,2052.169921875,2057.10009765625,3962840000,2057.10009765625
2024-06-13,2053.530029296875,2053.570068359375,2025.6400146484375,2038.9100341796875,3530380000,2038.9100341796875
2024-06-14,2020.18994140625,2020.18994140625,1999.02001953125,2006.1600341796875,3438650000,2006.1600341796875
2024-06-17,2002.5699462890625,2024.9100341796875,1993.22998046875,2022.010009765625,3447840000,2022.010009765625
2024-06-18,2022.0899658203125,2033.550048828125,2020.8199462890625,2025.22998046875,3544330000,2025.22998046875
2024-06-20,2021.9100341796875,2033.280029296875,2012.510009765625,2017.3900146484375,3847060000,2017.3900146484375
2024-06-21,2016.3499755859375,2022.260009765625,2006.8499755859375,2022.030029296875,6773800000,2022.030029296875
2024-06-24,2023.22998046875,2043.0999755859375,2023.22998046875,2030.81005859375,3696750000,2030.81005859375
2024-06-25,2029.6600341796875,2029.6600341796875,2017.6500244140625,2022.3499755859375,3591960000,2022.3499755859375
2024-06-26,2014.1800537109375,2020.3900146484375,2010.3599853515625,2018.1199951171875,3563920000,2018.1199951171875
2024-06-27,2020.949951171875,2038.469970703125,2020.25,2038.3399658203125,3589530000,2038.3399658203125
2024-06-28,2050.56005859375,2057.280029296875,2033.699951171875,2047.68994140625,7199220000,2047.68994140625
2024-07-01,2050.60009765625,2053.35009765625,2024.4100341796875,2030.0699462890625,3488760000,2030.0699462890625
2024-07-02,2031.0699462890625,2037.2099609375,2027.780029296875,2033.8699951171875,3329950000,2033.8699951171875
2024-07-03,2038.4100341796875,2049.39990234375,2035.56005859375,2036.6199951171875,2179470000,2036.6199951171875
2024-07-05,2031.8800048828125,2032.510009765625,2019.06005859375,2026.72998046875,3253080000,2026.72998046875
2024-07-08,2038.3800048828125,2050.159912109375,2036.550048828125,2038.6700439453125,3185670000,2038.6700439453125
2024-07-09,2035.760009765625,2039.969970703125,2023.9200439453125,2029.469970703125,3232920000,2029.469970703125
2024-07-10,2037.0799560546875,2051.75,2032.1800537109375,2051.75,3336100000,2051.75
2024-07-11,2081.699951171875,2128.550048828125,2081.699951171875,2125.0400390625,4020950000,2125.0400390625
2024-07-12,2139.22998046875,2163.60009765625,2139.22998046875,2148.27001953125,3700280000,2148.27001953125
2024-07-15,2162.0,2198.489990234375,2160.5,2187.02001953125,3620470000,2187.02001953125
2024-07-16,2198.429931640625,2265.2099609375,2198.429931640625,2263.669921875,4041760000,2263.669921875
2024-07-17,2246.43994140625,2278.1298828125,2236.25,2239.669921875,4246450000,2239.669921875
2024-07-18,2233.969970703125,2261.159912109375,2189.6298828125,2198.2900390625,4007510000,2198.2900390625
2024-07-19,2233.969970703125,2261.159912109375,2179.949951171875,2184.35009765625,3760570000,2184.35009765625
2024-07-22,2191.22998046875,2223.090087890625,2176.47998046875,2220.64990234375,3375180000,2220.64990234375
2024-07-23,2210.64990234375,2253.929931640625,2208.409912109375,2243.27001953125,3500210000,2243.27001953125
2024-07-24,2232.840087890625,2246.85009765625,2195.3701171875,2195.3701171875,3945550000,2195.3701171875
2024-07-25,2201.669921875,2255.7099609375,2199.6201171875,2222.97998046875,4592120000,2222.97998046875
2024-07-26,2247.820068359375,2267.909912109375,2238.669921875,2260.070068359375,3638770000,2260.070068359375
2024-07-29,2265.610107421875,2269.159912109375,2228.169921875,2235.330078125,3379970000,2235.330078125
2024-07-30,2242.43994140625,2255.860107421875,2231.02001953125,2243.139892578125,3777740000,2243.139892578125
2024-07-31,2253.570068359375,2300.0,2242.77001953125,2254.47998046875,4546910000,2254.47998046875
2024-08-01,2253.5,2262.72998046875,2171.050048828125,2186.159912109375,4703620000,2186.159912109375
2024-08-02,2127.25,2127.25,2090.840087890625,2109.31005859375,5156450000,2109.31005859375
2024-08-05,2021.8599853515625,2061.739990234375,1993.27001953125,2039.1600341796875,5333250000,2039.1600341796875
2024-08-06,2045.199951171875,2087.0400390625,2035.52001953125,2064.300048828125,4690190000,2064.300048828125
2024-08-07,2088.110107421875,2094.800048828125,2033.9599609375,2035.1099853515625,4558260000,2035.1099853515625
2024-08-08,2056.89990234375,2084.889892578125,2054.570068359375,2084.419921875,4016830000,2084.419921875
2024-08-09,2085.5,2086.760009765625,2068.919921875,2080.919921875,3516400000,2080.919921875
2024-08-12,2083.050048828125,2085.030029296875,2058.1201171875,2062.080078125,3360160000,2062.080078125
2024-08-13,2073.77001953125,2098.699951171875,2068.9599609375,2095.18994140625,3648980000,2095.18994140625
2024-08-14,2103.840087890625,2104.7099609375,2077.27001953125,2084.320068359375,3380050000,2084.320068359375
2024-08-15,2117.56005859375,2145.260009765625,2117.56005859375,2135.469970703125,3723310000,2135.469970703125
2024-08-16,2131.169921875,2149.840087890625,2130.7099609375,2141.919921875,3357690000,2141.919921875
2024-08-19,2143.97998046875,2167.510009765625,2143.97998046875,2167.5,3222050000,2167.5
2024-08-20,2164.56005859375,2165.35009765625,2138.14990234375,2142.18994140625,2994420000,2142.18994140625
2024-08-21,2146.610107421875,2171.27001953125,2146.610107421875,2170.56005859375,3119670000,2170.56005859375
2024-08-22,2170.72998046875,2174.8798828125,2147.8701171875,2150.030029296875,2981530000,2150.030029296875
2024-08-23,2159.97998046875,2222.75,2159.97998046875,2218.699951171875,3291940000,2218.699951171875
2024-08-26,2230.2099609375,2237.68994140625,2216.93994140625,2217.919921875,2938570000,2217.919921875
2024-08-27,2210.8798828125,2210.8798828125,2195.070068359375,2203.0,2798990000,2203.0
2024-08-28,2198.050048828125,2202.97998046875,2180.159912109375,2188.639892578125,3053450000,2188.639892578125
2024-08-29,2199.110107421875,2223.010009765625,2192.429931640625,2202.97998046875,3065640000,2202.97998046875
2024-08-30,2208.699951171875,2218.050048828125,2192.409912109375,2217.6298828125,4185850000,2217.6298828125
2024-09-03,2206.409912109375,2206.409912109375,2145.469970703125,2149.2099609375,3866350000,2149.2099609375
2024-09-04,2144.590087890625,2166.0400390625,2138.820068359375,2145.219970703125,3478140000,2145.219970703125
2024-09-05,2146.5400390625,2150.68994140625,2126.199951171875,2132.050048828125,3521650000,2132.050048828125
2024-09-06,2133.159912109375,2139.659912109375,2087.949951171875,2091.409912109375,3822800000,2091.409912109375
2024-09-09,2093.090087890625,2115.080078125,2093.090087890625,2097.780029296875,3825940000,2097.780029296875
2024-09-10,2099.8798828125,2101.85009765625,2072.889892578125,2097.43994140625,3848180000,2097.43994140625
2024-09-11,2090.860107421875,2105.360107421875,2058.679931640625,2103.85009765625,3839450000,2103.85009765625
2024-09-12,2109.090087890625,2138.5,2102.360107421875,2129.429931640625,3655070000,2129.429931640625
2024-09-13,2143.280029296875,2183.5400390625,2143.280029296875,2182.489990234375,3500790000,2182.489990234375
2024-09-16,2186.1298828125,2192.1201171875,2178.39990234375,2189.169921875,3437070000,2189.169921875
2024-09-17,2199.169921875,2229.0,2199.169921875,2205.47998046875,3443600000,2205.47998046875
2024-09-18,2206.510009765625,2259.25,2197.85009765625,2206.340087890625,3691390000,2206.340087890625
2024-09-19,2233.280029296875,2258.780029296875,2233.280029296875,2252.7099609375,4024530000,2252.7099609375
2024-09-20,2249.1298828125,2249.1298828125,2227.18994140625,2227.889892578125,7867260000,2227.889892578125
2024-09-23,2230.97998046875,2238.409912109375,2215.260009765625,2220.280029296875,3529550000,2220.280029296875
2024-09-24,2228.75,2230.3798828125,2212.8798828125,2223.989990234375,3872710000,2223.989990234375
2024-09-25,2223.889892578125,2224.090087890625,2196.889892578125,2197.449951171875,3624910000,2197.449951171875
2024-09-26,2223.22998046875,2227.889892578125,2206.330078125,2209.8701171875,4391180000,2209.8701171875
2024-09-27,2229.949951171875,2243.64990234375,2218.7900390625,2224.699951171875,3898530000,2224.699951171875
2024-09-30,2216.429931640625,2234.1298828125,2209.8798828125,2229.969970703125,4425730000,2229.969970703125
2024-10-01,2223.1201171875,2223.570068359375,2186.860107421875,2197.030029296875,4025180000,2197.030029296875
2024-10-02,2189.280029296875,2204.510009765625,2184.739990234375,2195.010009765625,3829050000,2195.010009765625
2024-10-03,2181.75,2189.389892578125,2173.300048828125,2180.14990234375,3597450000,2180.14990234375
2024-10-04,2211.139892578125,2214.860107421875,2196.1201171875,2212.800048828125,3479400000,2212.800048828125
2024-10-07,2206.090087890625,2206.090087890625,2181.239990234375,2193.090087890625,3637790000,2193.090087890625
2024-10-08,2194.050048828125,2201.909912109375,2188.239990234375,2194.97998046875,3393400000,2194.97998046875
2024-10-09,2194.239990234375,2213.139892578125,2190.4599609375,2200.590087890625,3650340000,2200.590087890625
2024-10-10,2186.56005859375,2188.419921875,2170.610107421875,2188.419921875,3208790000,2188.419921875
2024-10-11,2188.6298828125,2234.9599609375,2188.6298828125,2234.409912109375,3208720000,2234.409912109375
2024-10-14,2233.699951171875,2250.22998046875,2228.25,2248.639892578125,3005250000,2248.639892578125
2024-10-15,2246.52001953125,2272.159912109375,2243.7099609375,2249.820068359375,3882120000,2249.820068359375
2024-10-16,2260.139892578125,2289.489990234375,2260.139892578125,2286.679931640625,3467230000,2286.679931640625
2024-10-17,2287.409912109375,2288.639892578125,2272.010009765625,2280.85009765625,3480010000,2280.85009765625
2024-10-18,2283.760009765625,2287.14990234375,2275.489990234375,2276.090087890625,3374490000,2276.090087890625
2024-10-21,2275.330078125,2275.60009765625,2238.300048828125,2239.7099609375,3407010000,2239.7099609375
2024-10-22,2235.77001953125,2235.77001953125,2225.06005859375,2231.530029296875,3342080000,2231.530029296875
2024-10-23,2224.64990234375,2226.409912109375,2195.469970703125,2213.840087890625,3532650000,2213.840087890625
2024-10-24,2216.989990234375,2227.0,2206.35009765625,2218.919921875,3543030000,2218.919921875
2024-10-25,2225.77001953125,2236.68994140625,2207.239990234375,2207.989990234375,3501280000,2207.989990234375
2024-10-28,2217.669921875,2247.3798828125,2217.669921875,2244.070068359375,3691280000,2244.070068359375
2024-10-29,2236.510009765625,2238.090087890625,2221.75,2238.090087890625,3879100000,2238.090087890625
2024-10-30,2232.659912109375,2260.47998046875,2229.7900390625,2233.0400390625,3851120000,2233.0400390625
2024-10-31,2231.3701171875,2232.159912109375,2196.64990234375,2196.64990234375,4425660000,2196.64990234375
2024-11-01,2202.179931640625,2227.35009765625,2202.179931640625,2210.1298828125,3796450000,2210.1298828125
2024-11-04,2206.56005859375,2233.18994140625,2200.300048828125,2219.030029296875,3602060000,2219.030029296875
2024-11-05,2216.6201171875,2260.919921875,2212.27001953125,2260.840087890625,3768310000,2260.840087890625
2024-11-06,2300.97998046875,2393.85009765625,2300.97998046875,2392.919921875,6329530000,2392.919921875
2024-11-07,2391.260009765625,2402.360107421875,2378.169921875,2382.68994140625,4925740000,2382.68994140625
2024-11-08,2384.080078125,2401.909912109375,2376.419921875,2399.639892578125,4666740000,2399.639892578125
2024-11-11,2411.699951171875,2441.719970703125,2411.699951171875,2434.97998046875,4333000000,2434.97998046875
2024-11-12,2428.139892578125,2432.39990234375,2387.81005859375,2391.85009765625,4243400000,2391.85009765625
2024-11-13,2401.85009765625,2414.550048828125,2368.469970703125,2369.3701171875,4220180000,2369.3701171875
2024-11-14,2374.139892578125,2379.590087890625,2333.27001953125,2336.93994140625,4184570000,2336.93994140625
2024-11-15,2339.9599609375,2346.449951171875,2297.52001953125,2303.840087890625,4590960000,2303.840087890625
2024-11-18,2306.52001953125,2322.070068359375,2301.8701171875,2306.340087890625,3983860000,2306.340087890625
2024-11-19,2295.780029296875,2325.06005859375,2284.199951171875,2324.830078125,4036940000,2324.830078125
2024-11-20,2323.31005859375,2325.8798828125,2303.7900390625,2325.530029296875,3772620000,2325.530029296875
2024-11-21,2331.4599609375,2372.25,2331.4599609375,2364.02001953125,4230120000,2364.02001953125
2024-11-22,2366.43994140625,2409.219970703125,2366.43994140625,2406.669921875,4141420000,2406.669921875
2024-11-25,2419.080078125,2466.489990234375,2419.080078125,2442.030029296875,5633150000,2442.030029296875
2024-11-26,2439.02001953125,2439.02001953125,2415.919921875,2424.31005859375,3835170000,2424.31005859375
2024-11-27,2430.1298828125,2449.860107421875,2424.510009765625,2426.18994140625,3363340000,2426.18994140625
2024-11-29,2433.0,2445.639892578125,2433.0,2434.72998046875,2444420000,2434.72998046875
2024-12-02,2437.2099609375,2442.610107421875,2420.7099609375,2434.139892578125,4412470000,2434.139892578125
2024-12-03,2433.909912109375,2435.31005859375,2412.85009765625,2416.35009765625,4095000000,2416.35009765625
2024-12-04,2419.10009765625,2430.030029296875,2412.739990234375,2426.56005859375,4003390000,2426.56005859375
2024-12-05,2425.0400390625,2425.81005859375,2395.159912109375,2396.169921875,4212020000,2396.169921875
2024-12-06,2408.090087890625,2414.179931640625,2401.77001953125,2408.989990234375,3924830000,2408.989990234375
2024-12-09,2418.830078125,2428.159912109375,2392.699951171875,2392.840087890625,4556460000,2392.840087890625
2024-12-10,2392.429931640625,2402.659912109375,2378.610107421875,2382.77001953125,4048410000,2382.77001953125
2024-12-11,2399.050048828125,2407.739990234375,2386.3701171875,2394.159912109375,4269950000,2394.159912109375
2024-12-12,2387.3798828125,2391.860107421875,2360.590087890625,2361.080078125,3678010000,2361.080078125
2024-12-13,2357.800048828125,2361.840087890625,2336.280029296875,2346.89990234375,3584960000,2346.89990234375
2024-12-16,2344.8701171875,2370.429931640625,2339.739990234375,2361.989990234375,4391100000,2361.989990234375
2024-12-17,2350.7900390625,2354.56005859375,2329.260009765625,2334.080078125,4544500000,2334.080078125
2024-12-18,2342.280029296875,2349.97998046875,2215.739990234375,2231.510009765625,5246960000,2231.510009765625
2024-12-19,2251.090087890625,2265.35009765625,2217.14990234375,2221.5,4896880000,2221.5
2024-12-20,2201.7099609375,2264.47998046875,2194.89990234375,2242.3701171875,8223220000,2242.3701171875
2024-12-23,2239.090087890625,2241.909912109375,2219.419921875,2237.43994140625,3593280000,2237.43994140625
2024-12-24,2240.25,2259.85009765625,2233.31005859375,2259.85009765625,1757720000,2259.85009765625
2024-12-26,2248.800048828125,2281.830078125,2243.800048828125,2280.18994140625,2904530000,2280.18994140625
2024-12-27,2268.969970703125,2273.800048828125,2227.169921875,2244.590087890625,3159610000,2244.590087890625
2024-12-30,2230.830078125,2237.919921875,2202.669921875,2227.780029296875,3433250000,2227.780029296875
2024-12-31,2237.929931640625,2250.39990234375,2224.530029296875,2230.159912109375,3128350000,2230.159912109375
2025-01-02,2241.820068359375,2261.75,2219.919921875,2231.669921875,3621680000,2231.669921875
2025-01-03,2237.72998046875,2269.050048828125,2237.72998046875,2268.469970703125,3667340000,2268.469970703125
2025-01-06,2275.7099609375,2292.300048828125,2264.419921875,2266.64990234375,4940120000,2266.64990234375
2025-01-07,2271.31005859375,2286.179931640625,2236.550048828125,2249.800048828125,4517330000,2249.800048828125
2025-01-08,2236.1201171875,2241.889892578125,2211.7099609375,2238.9599609375,4441740000,2238.9599609375
2025-01-10,2215.22998046875,2215.22998046875,2176.030029296875,2189.22998046875,4751930000,2189.22998046875
2025-01-13,2176.489990234375,2194.68994140625,2158.6298828125,2194.39990234375,4421200000,2194.39990234375
2025-01-14,2206.159912109375,2221.330078125,2194.85009765625,2219.239990234375,4142280000,2219.239990234375
2025-01-15,2256.56005859375,2278.169921875,2252.739990234375,2263.2900390625,4544570000,2263.2900390625
2025-01-16,2261.969970703125,2273.0400390625,2252.889892578125,2266.7900390625,4285810000,2266.7900390625
2025-01-17,2281.659912109375,2289.969970703125,2269.219970703125,2275.8798828125,4366830000,2275.8798828125
2025-01-21,2286.39990234375,2318.81005859375,2286.39990234375,2317.969970703125,4702920000,2317.969970703125
2025-01-22,2316.139892578125,2318.6298828125,2301.89990234375,2303.719970703125,4323040000,2303.719970703125
2025-01-23,2296.110107421875,2314.719970703125,2289.27001953125,2314.60009765625,4432250000,2314.60009765625
2025-01-24,2312.3798828125,2322.27001953125,2303.14990234375,2307.739990234375,4214250000,2307.739990234375
2025-01-27,2290.14990234375,2311.7900390625,2273.669921875,2284.02001953125,5198750000,2284.02001953125
2025-01-28,2287.110107421875,2294.669921875,2275.080078125,2288.860107421875,4473640000,2288.860107421875
2025-01-29,2286.570068359375,2300.8701171875,2269.110107421875,2283.10009765625,4115310000,2283.10009765625
2025-01-30,2299.820068359375,2320.530029296875,2293.7099609375,2307.449951171875,4634620000,2307.449951171875
2025-01-31,2307.699951171875,2322.2900390625,2278.780029296875,2287.68994140625,4843770000,2287.68994140625
2025-02-03,2244.820068359375,2271.2099609375,2229.510009765625,2258.419921875,4797210000,2258.419921875
2025-02-04,2257.18994140625,2291.3798828125,2257.110107421875,2290.2099609375,4410160000,2290.2099609375
2025-02-05,2297.739990234375,2316.22998046875,2293.3798828125,2316.22998046875,4756250000,2316.22998046875
2025-02-06,2323.300048828125,2326.949951171875,2295.679931640625,2307.1201171875,4847120000,2307.1201171875
2025-02-07,2308.18994140625,2311.510009765625,2277.6298828125,2279.7099609375,4766900000,2279.7099609375
2025-02-10,2289.3798828125,2294.7099609375,2281.64990234375,2287.93994140625,4458760000,2287.93994140625
2025-02-11,2278.159912109375,2282.2099609375,2270.889892578125,2275.699951171875,4324880000,2275.699951171875
2025-02-12,2250.7099609375,2262.570068359375,2240.510009765625,2255.889892578125,4627960000,2255.889892578125
2025-02-13,2264.830078125,2282.419921875,2259.070068359375,2282.179931640625,4763800000,2282.179931640625
2025-02-14,2287.85009765625,2297.7099609375,2276.6298828125,2279.97998046875,4335190000,2279.97998046875
2025-02-18,2281.56005859375,2294.590087890625,2277.169921875,2290.35009765625,4684980000,2290.35009765625
2025-02-19,2278.2900390625,2288.75,2273.6298828125,2282.4599609375,4562330000,2282.4599609375
2025-02-20,2280.300048828125,2280.300048828125,2250.110107421875,2261.739990234375,4813690000,2261.739990234375
2025-02-21,2275.9599609375,2282.6298828125,2194.110107421875,2195.35009765625,5434560000,2195.35009765625
2025-02-24,2200.7099609375,2202.06005859375,2169.5400390625,2178.27001953125,4990120000,2178.27001953125
2025-02-25,2180.469970703125,2184.760009765625,2154.35009765625,2170.080078125,5374690000,2170.080078125
2025-02-26,2175.43994140625,2199.919921875,2166.860107421875,2174.169921875,4869580000,2174.169921875
2025-02-27,2175.1298828125,2177.7900390625,2139.409912109375,2139.659912109375,5057680000,2139.659912109375
2025-02-28,2135.590087890625,2163.22998046875,2126.080078125,2163.070068359375,6441140000,2163.070068359375
2025-03-03,2168.02001953125,2173.570068359375,2092.169921875,2102.239990234375,5613850000,2102.239990234375
2025-03-04,2083.699951171875,2112.10009765625,2048.010009765625,2079.530029296875,6138110000,2079.530029296875
2025-03-05,2080.489990234375,2102.949951171875,2066.14990234375,2100.75,5285970000,2100.75
2025-03-06,2081.570068359375,2093.389892578125,2055.419921875,2066.550048828125,5165080000,2066.550048828125
2025-03-07,2065.5,2084.39990234375,2033.68994140625,2075.47998046875,5705140000,2075.47998046875
2025-03-10,2058.090087890625,2058.090087890625,2003.4200439453125,2019.0699462890625,6409370000,2019.0699462890625
2025-03-11,2022.52001953125,2043.489990234375,2001.18994140625,2023.5899658203125,6221240000,2023.5899658203125
2025-03-12,2037.9100341796875,2050.2099609375,2012.5699462890625,2026.469970703125,5219830000,2026.469970703125
2025-03-13,2026.0799560546875,2031.1600341796875,1984.9200439453125,1993.68994140625,5018980000,1993.68994140625
2025-03-14,2008.530029296875,2044.510009765625,2008.530029296875,2044.0999755859375,4863180000,2044.0999755859375
2025-03-17,2041.52001953125,2073.919921875,2039.9599609375,2068.330078125,5031770000,2068.330078125
2025-03-18,2060.969970703125,2060.969970703125,2043.8699951171875,2049.93994140625,4666270000,2049.93994140625
2025-03-19,2051.280029296875,2092.030029296875,2051.280029296875,2082.080078125,4660090000,2082.080078125
2025-03-20,2068.60009765625,2089.97998046875,2060.489990234375,2068.6298828125,4678420000,2068.6298828125
2025-03-21,2057.7900390625,2060.77001953125,2040.1400146484375,2056.97998046875,9367460000,2056.97998046875
2025-03-24,2075.47998046875,2110.5400390625,2075.47998046875,2109.3798828125,4517990000,2109.3798828125
2025-03-25,2108.25,2110.080078125,2090.0400390625,2095.3798828125,4467340000,2095.3798828125
2025-03-26,2097.179931640625,2103.7099609375,2066.300048828125,2073.830078125,4183140000,2073.830078125
2025-03-27,2072.47998046875,2079.300048828125,2057.60009765625,2065.699951171875,4403460000,2065.699951171875
2025-03-28,2063.31005859375,2063.31005859375,2013.0,2023.27001953125,4513330000,2023.27001953125
2025-03-31,1997.969970703125,2021.949951171875,1973.0799560546875,2011.9100341796875,5257250000,2011.9100341796875
2025-04-01,2007.5899658203125,2027.0,1985.6700439453125,2012.239990234375,4434500000,2012.239990234375
2025-04-02,1998.3299560546875,2048.14990234375,1986.3299560546875,2045.3599853515625,4243830000,2045.3599853515625
2025-04-03,1981.6700439453125,1981.6700439453125,1909.699951171875,1910.550048828125,7210470000,1910.550048828125
2025-04-04,1866.0,1866.0,1783.06005859375,1827.030029296875,8853500000,1827.030029296875
2025-04-07,1775.1199951171875,1891.1600341796875,1733.1600341796875,1810.1400146484375,8691980000,1810.1400146484375
2025-04-08,1850.9100341796875,1868.989990234375,1738.8199462890625,1760.7099609375,7408140000,1760.7099609375
2025-04-09,1743.18994140625,1930.5999755859375,1732.989990234375,1913.1600341796875,9489600000,1913.1600341796875
2025-04-10,1864.77001953125,1864.77001953125,1788.97998046875,1831.3900146484375,6677140000,1831.3900146484375
2025-04-11,1827.6600341796875,1860.8499755859375,1802.22998046875,1860.199951171875,5602550000,1860.199951171875
2025-04-14,1890.6600341796875,1892.8800048828125,1848.530029296875,1880.8800048828125,5031440000,1880.8800048828125
2025-04-15,1879.6800537109375,1902.3199462890625,1874.989990234375,1882.9200439453125,4317110000,1882.9200439453125
2025-04-16,1872.760009765625,1879.9000244140625,1842.1500244140625,1863.47998046875,4607750000,1863.47998046875
2025-04-17,1863.5,1887.6400146484375,1861.300048828125,1880.6199951171875,4714880000,1880.6199951171875
2025-04-21,1862.7099609375,1863.2099609375,1823.3800048828125,1840.3199462890625,4226340000,1840.3199462890625
2025-04-22,1863.93994140625,1892.9200439453125,1860.800048828125,1890.280029296875,4666950000,1890.280029296875
2025-04-23,1938.31005859375,1967.9200439453125,1914.6199951171875,1919.1400146484375,5371390000,1919.1400146484375
2025-04-24,1922.4599609375,1958.7099609375,1919.050048828125,1957.5899658203125,4697710000,1957.5899658203125
2025-04-25,1944.72998046875,1957.6199951171875,1934.3800048828125,1957.6199951171875,4236580000,1957.6199951171875
2025-04-28,1960.3900146484375,1973.93994140625,1942.02001953125,1965.550048828125,4257880000,1965.550048828125
2025-04-29,1957.93994140625,1982.8399658203125,1948.1600341796875,1976.52001953125,4747150000,1976.52001953125
2025-04-30,1950.0699462890625,1969.4000244140625,1925.3499755859375,1964.1199951171875,5449490000,1964.1199951171875
2025-05-01,1974.780029296875,1990.699951171875,1960.489990234375,1975.8599853515625,4935270000,1975.8599853515625
2025-05-02,1997.72998046875,2026.530029296875,1997.72998046875,2020.739990234375,4854380000,2020.739990234375
2025-05-05,2003.97998046875,2020.0899658203125,2000.2900390625,2004.260009765625,4358260000,2004.260009765625
2025-05-06,1984.699951171875,1998.3199462890625,1976.8599853515625,1983.18994140625,4717260000,1983.18994140625
2025-05-07,1993.72998046875,1998.7900390625,1977.6099853515625,1989.6600341796875,4987440000,1989.6600341796875
2025-05-08,2009.72998046875,2040.4599609375,2000.1199951171875,2026.4100341796875,5627400000,2026.4100341796875
2025-05-09,2031.1300048828125,2037.300048828125,2016.2900390625,2023.0699462890625,4645090000,2023.0699462890625
2025-05-12,2086.81005859375,2104.7099609375,2076.909912109375,2092.199951171875,6014580000,2092.199951171875
2025-05-13,2101.550048828125,2109.949951171875,2095.239990234375,2102.35009765625,5516290000,2102.35009765625
2025-05-14,2096.4599609375,2099.340087890625,2082.81005859375,2083.800048828125,5233450000,2083.800048828125
2025-05-15,2077.39990234375,2094.969970703125,2069.340087890625,2094.68994140625,4991290000,2094.68994140625
2025-05-16,2096.02001953125,2114.949951171875,2094.35009765625,2113.25,4850850000,2113.25
2025-05-19,2082.199951171875,2104.5400390625,2081.47998046875,2104.429931640625,4144010000,2104.429931640625
2025-05-20,2101.3798828125,2111.18994140625,2095.550048828125,2105.580078125,4416850000,2105.580078125
2025-05-21,2084.110107421875,2087.070068359375,2043.1800537109375,2046.56005859375,5254250000,2046.56005859375
2025-05-22,2042.030029296875,2057.010009765625,2032.4000244140625,2045.56005859375,5157050000,2045.56005859375
2025-05-23,2014.1099853515625,2044.8900146484375,2011.199951171875,2039.8499755859375,4662820000,2039.8499755859375
2025-05-27,2059.179931640625,2090.56005859375,2058.199951171875,2090.39990234375,5366380000,2090.39990234375
2025-05-28,2089.909912109375,2092.389892578125,2066.43994140625,2067.800048828125,4665050000,2067.800048828125
2025-05-29,2077.669921875,2081.52001953125,2061.02001953125,2074.780029296875,4569750000,2074.780029296875
2025-05-30,2067.330078125,2074.739990234375,2051.1201171875,2066.2900390625,6378540000,2066.2900390625
2025-06-02,2066.5,2070.5400390625,2043.5999755859375,2070.159912109375,4832240000,2070.159912109375
2025-06-03,2074.030029296875,2107.389892578125,2070.860107421875,2102.97998046875,5026680000,2102.97998046875
2025-06-04,2103.280029296875,2110.219970703125,2096.72998046875,2098.47998046875,4767050000,2098.47998046875
2025-06-05,2099.56005859375,2110.080078125,2086.7900390625,2097.35009765625,5091850000,2097.35009765625
2025-06-06,2115.2099609375,2132.35009765625,2115.2099609375,2132.25,4355710000,2132.25
2025-06-09,2144.159912109375,2154.389892578125,2139.050048828125,2144.449951171875,4642360000,2144.449951171875
2025-06-10,2150.739990234375,2164.469970703125,2150.739990234375,2156.409912109375,4882880000,2156.409912109375
2025-06-11,2163.550048828125,2170.489990234375,2146.909912109375,2148.22998046875,5111550000,2148.22998046875
2025-06-12,2142.280029296875,2142.8798828125,2131.070068359375,2140.090087890625,4669500000,2140.090087890625
2025-06-13,2120.22998046875,2125.080078125,2095.64990234375,2100.510009765625,5258910000,2100.510009765625
2025-06-16,2115.070068359375,2134.7099609375,2115.070068359375,2124.1298828125,5111710000,2124.1298828125
2025-06-17,2113.860107421875,2120.3798828125,2101.590087890625,2101.9599609375,4955700000,2101.9599609375
2025-06-18,2101.360107421875,2127.669921875,2100.43994140625,2112.9599609375,5106470000,2112.9599609375
2025-06-20,2123.39990234375,2127.550048828125,2103.320068359375,2109.27001953125,7451500000,2109.27001953125
2025-06-23,2105.52001953125,2133.360107421875,2088.070068359375,2132.679931640625,5597000000,2132.679931640625
2025-06-24,2144.9599609375,2164.89990234375,2142.739990234375,2161.2099609375,5443690000,2161.2099609375
2025-06-25,2163.010009765625,2163.669921875,2135.9599609375,2136.179931640625,5171110000,2136.179931640625
2025-06-26,2141.469970703125,2172.1298828125,2141.469970703125,2172.110107421875,5308140000,2172.110107421875
2025-06-27,2176.739990234375,2189.179931640625,2159.800048828125,2172.530029296875,7889350000,2172.530029296875
2025-06-30,2177.820068359375,2182.3701171875,2173.199951171875,2175.0400390625,5782900000,2175.0400390625
2025-07-01,2165.6298828125,2218.590087890625,2160.6298828125,2197.5400390625,6275310000,2197.5400390625
2025-07-02,2199.659912109375,2226.7900390625,2194.260009765625,2226.3798828125,5645710000,2226.3798828125
2025-07-03,2232.300048828125,2249.0400390625,2232.300048828125,2249.0400390625,3378110000,2249.0400390625
2025-07-07,2237.52001953125,2243.3798828125,2204.31005859375,2214.22998046875,5236740000,2214.22998046875
2025-07-08,2219.10009765625,2238.530029296875,2219.10009765625,2228.739990234375,5739030000,2228.739990234375
2025-07-09,2236.35009765625,2252.77001953125,2229.35009765625,2252.489990234375,4813340000,2252.489990234375
2025-07-10,2251.0400390625,2275.699951171875,2247.18994140625,2263.409912109375,5367350000,2263.409912109375
2025-07-11,2253.949951171875,2253.949951171875,2233.409912109375,2234.830078125,4656210000,2234.830078125
2025-07-14,2231.679931640625,2250.199951171875,2229.4599609375,2249.72998046875,4722250000,2249.72998046875
2025-07-15,2254.77001953125,2257.570068359375,2205.050048828125,2205.050048828125,5133670000,2205.050048828125
2025-07-16,2212.8798828125,2229.949951171875,2189.300048828125,2226.989990234375,5177460000,2226.989990234375
2025-07-17,2228.050048828125,2258.4599609375,2227.199951171875,2253.679931640625,5512290000,2253.679931640625
2025-07-18,2265.14990234375,2269.610107421875,2238.110107421875,2240.010009765625,5184700000,2240.010009765625
2025-07-21,2248.25,2259.219970703125,2230.02001953125,2231.1298828125,5010840000,2231.1298828125
2025-07-22,2231.179931640625,2254.570068359375,2224.330078125,2248.760009765625,5662040000,2248.760009765625
2025-07-23,2259.18994140625,2283.199951171875,2259.18994140625,2283.1298828125,5642510000,2283.1298828125
2025-07-24,2276.469970703125,2276.469970703125,2251.77001953125,2252.1298828125,5282720000,2252.1298828125
2025-07-25,2257.2900390625,2262.580078125,2244.4599609375,2261.070068359375,4470720000,2261.070068359375
2025-07-28,2267.570068359375,2270.169921875,2252.97998046875,2256.72998046875,4565620000,2256.72998046875
2025-07-29,2268.330078125,2273.3798828125,2239.090087890625,2242.9599609375,5076120000,2242.9599609375
2025-07-30,2249.320068359375,2265.81005859375,2220.300048828125,2232.39990234375,5375070000,2232.39990234375
2025-07-31,2225.639892578125,2235.6298828125,2207.389892578125,2211.64990234375,6077080000,2211.64990234375
2025-08-01,2192.93994140625,2192.93994140625,2143.429931640625,2166.780029296875,5827150000,2166.780029296875
2025-08-04,2177.10009765625,2212.449951171875,2177.10009765625,2212.300048828125,4842580000,2212.300048828125
2025-08-05,2218.43994140625,2228.47998046875,2200.72998046875,2225.669921875,5517410000,2225.669921875
2025-08-06,2224.25,2225.360107421875,2211.2099609375,2221.2900390625,5408560000,2221.2900390625
2025-08-07,2234.580078125,2243.159912109375,2202.8701171875,2214.719970703125,5306090000,2214.719970703125
2025-08-08,2222.7900390625,2228.300048828125,2214.27001953125,2218.419921875,4769910000,2218.419921875
2025-08-11,2221.909912109375,2229.72998046875,2213.5400390625,2216.510009765625,4652400000,2216.510009765625
2025-08-12,2232.06005859375,2283.669921875,2229.679931640625,2282.780029296875,5135300000,2282.780029296875
2025-08-13,2296.18994140625,2329.260009765625,2296.030029296875,2328.06005859375,5195950000,2328.06005859375
2025-08-14,2304.489990234375,2304.489990234375,2279.860107421875,2299.080078125,4462050000,2299.080078125
2025-08-15,2304.199951171875,2305.0,2279.570068359375,2286.52001953125,4575060000,2286.52001953125
2025-08-18,2287.110107421875,2298.27001953125,2285.800048828125,2294.469970703125,4162290000,2294.469970703125
2025-08-19,2295.1201171875,2300.510009765625,2272.860107421875,2276.610107421875,4377440000,2276.610107421875
2025-08-20,2273.7900390625,2274.68994140625,2252.429931640625,2269.35009765625,4470390000,2269.35009765625
2025-08-21,2258.93994140625,2277.010009765625,2254.550048828125,2274.10009765625,4013560000,2274.10009765625
2025-08-22,2285.179931640625,2366.60009765625,2285.179931640625,2361.949951171875,5046860000,2361.949951171875
2025-08-25,2357.389892578125,2357.389892578125,2339.070068359375,2339.169921875,4059070000,2339.169921875
2025-08-26,2339.169921875,2361.7099609375,2339.169921875,2358.60009765625,4867680000,2358.60009765625
2025-08-27,2353.929931640625,2375.7099609375,2352.780029296875,2373.800048828125,4143680000,2373.800048828125
2025-08-28,2382.590087890625,2384.010009765625,2370.1201171875,2378.409912109375,4283760000,2378.409912109375
2025-08-29,2381.159912109375,2382.1298828125,2359.39990234375,2366.419921875,4234840000,2366.419921875
2025-09-02,2339.860107421875,2354.989990234375,2329.949951171875,2352.2099609375,4784000000,2352.2099609375
2025-09-03,2352.3701171875,2359.199951171875,2340.489990234375,2349.969970703125,4465360000,2349.969970703125
2025-09-04,2354.409912109375,2379.7900390625,2351.340087890625,2379.610107421875,4670770000,2379.610107421875
2025-09-05,2389.97998046875,2407.3701171875,2366.780029296875,2391.050048828125,5066120000,2391.050048828125
2025-09-08,2395.64990234375,2398.139892578125,2378.820068359375,2394.889892578125,5211500000,2394.889892578125
2025-09-09,2393.550048828125,2393.989990234375,2370.2099609375,2381.820068359375,4798350000,2381.820068359375
2025-09-10,2384.68994140625,2394.159912109375,2369.010009765625,2378.010009765625,5253010000,2378.010009765625
2025-09-11,2380.93994140625,2422.330078125,2379.989990234375,2421.530029296875,5426460000,2421.530029296875
2025-09-12,2416.0,2416.050048828125,2396.7099609375,2397.06005859375,4641640000,2397.06005859375
2025-09-15,2402.93994140625,2411.52001953125,2399.780029296875,2405.1298828125,5045020000,2405.1298828125
2025-09-16,2405.0,2406.919921875,2388.25,2403.030029296875,5359510000,2403.030029296875
2025-09-17,2406.10009765625,2453.360107421875,2396.10009765625,2407.340087890625,5805340000,2407.340087890625
2025-09-18,2420.590087890625,2470.070068359375,2420.590087890625,2467.699951171875,5292400000,2467.699951171875
2025-09-19,2471.9599609375,2472.27001953125,2445.860107421875,2448.77001953125,9125960000,2448.77001953125
2025-09-22,2445.89990234375,2466.889892578125,2431.6201171875,2463.340087890625,5642620000,2463.340087890625
2025-09-23,2467.27001953125,2488.840087890625,2455.070068359375,2457.510009765625,5633620000,2457.510009765625
2025-09-24,2459.2900390625,2461.489990234375,2434.97998046875,2434.97998046875,5459180000,2434.97998046875
2025-09-25,2418.97998046875,2418.97998046875,2393.81005859375,2411.0400390625,5874670000,2411.0400390625
2025-09-26,2414.969970703125,2435.14990234375,2413.550048828125,2434.320068359375,5103110000,2434.320068359375
2025-09-29,2442.659912109375,2449.260009765625,2428.300048828125,2435.25,5358760000,2435.25
2025-09-30,2432.639892578125,2438.330078125,2413.280029296875,2436.47998046875,6057210000,2436.47998046875
2025-10-01,2428.22998046875,2447.4599609375,2424.8798828125,2442.35009765625,6037950000,2442.35009765625
2025-10-02,2448.97998046875,2458.550048828125,2435.7900390625,2458.489990234375,5416130000,2458.489990234375
2025-10-03,2466.679931640625,2497.360107421875,2466.679931640625,2476.179931640625,5713110000,2476.179931640625
2025-10-06,2489.139892578125,2501.919921875,2481.340087890625,2486.35009765625,5604460000,2486.35009765625
2025-10-07,2490.429931640625,2493.10009765625,2451.31005859375,2458.419921875,5546150000,2458.419921875
2025-10-08,2467.6298828125,2487.639892578125,2458.669921875,2483.989990234375,5383130000,2483.989990234375
2025-10-09,2485.739990234375,2490.75,2459.6298828125,2468.85009765625,5385020000,2468.85009765625
2025-10-10,2473.2900390625,2484.35009765625,2393.85009765625,2394.590087890625,5385020000,2394.590087890625
2025-10-13,2423.0,2462.919921875,2423.0,2461.419921875,5303960000,2461.419921875
2025-10-14,2444.22998046875,2512.679931640625,2417.739990234375,2495.5,5666920000,2495.5
2025-10-15,2510.570068359375,2541.669921875,2490.56005859375,2519.75,5633060000,2519.75
2025-10-16,2523.050048828125,2529.2900390625,2458.25,2467.02001953125,6048180000,2467.02001953125
2025-10-17,2455.659912109375,2465.090087890625,2433.18994140625,2452.169921875,5358120000,2452.169921875
2025-10-20,2471.14990234375,2500.530029296875,2471.14990234375,2499.909912109375,4672170000,2499.909912109375
2025-10-21,2495.679931640625,2500.550048828125,2473.570068359375,2487.68994140625,5245020000,2487.68994140625
2025-10-22,2483.330078125,2485.139892578125,2426.530029296875,2451.550048828125,5710010000,2451.550048828125
2025-10-23,2457.330078125,2488.35009765625,2457.330078125,2482.659912109375,5565750000,2482.659912109375
2025-10-24,2502.110107421875,2526.840087890625,2502.110107421875,2513.469970703125,5058220000,2513.469970703125
2025-10-27,2527.2099609375,2539.93994140625,2515.570068359375,2520.43994140625,5290650000,2520.43994140625
2025-10-28,2516.1201171875,2523.780029296875,2500.81005859375,2506.64990234375,5695930000,2506.64990234375
2025-10-29,2505.43994140625,2527.5400390625,2467.7099609375,2484.81005859375,6280130000,2484.81005859375
2025-10-30,2476.830078125,2496.050048828125,2464.81005859375,2465.949951171875,6052700000,2465.949951171875
2025-10-31,2469.179931640625,2484.199951171875,2455.969970703125,2479.3798828125,6398280000,2479.3798828125
2025-11-03,2481.050048828125,2481.050048828125,2441.909912109375,2471.239990234375,6065720000,2471.239990234375
2025-11-04,2447.610107421875,2457.1201171875,2426.6201171875,2427.340087890625,5739510000,2427.340087890625
2025-11-05,2429.1298828125,2473.360107421875,2429.1298828125,2464.780029296875,5939600000,2464.780029296875
2025-11-06,2460.239990234375,2461.469970703125,2417.090087890625,2418.820068359375,6051900000,2418.820068359375
2025-11-07,2407.969970703125,2432.909912109375,2380.070068359375,2432.820068359375,5926070000,2432.820068359375
2025-11-10,2451.75,2468.889892578125,2440.330078125,2455.64990234375,5366050000,2455.64990234375
2025-11-11,2451.81005859375,2463.570068359375,2443.409912109375,2458.280029296875,4983490000,2458.280029296875
2025-11-12,2463.360107421875,2478.139892578125,2449.530029296875,2450.800048828125,5293610000,2450.800048828125
2025-11-13,2441.610107421875,2441.610107421875,2375.3701171875,2382.97998046875,5473720000,2382.97998046875
2025-11-14,2359.159912109375,2400.449951171875,2345.10009765625,2388.22998046875,5042660000,2388.22998046875
2025-11-17,2381.68994140625,2390.919921875,2334.260009765625,2341.3798828125,5204220000,2341.3798828125
2025-11-18,2333.409912109375,2363.580078125,2325.110107421875,2348.739990234375,5159390000,2348.739990234375
2025-11-19,2349.35009765625,2375.3798828125,2340.550048828125,2347.889892578125,5021610000,2347.889892578125
2025-11-20,2365.330078125,2404.25,2303.4599609375,2305.110107421875,5596080000,2305.110107421875
2025-11-21,2306.780029296875,2383.550048828125,2306.780029296875,2369.590087890625,5929930000,2369.590087890625
2025-11-24,2372.800048828125,2418.31005859375,2372.340087890625,2414.280029296875,6039740000,2414.280029296875
2025-11-25,2417.669921875,2470.830078125,2417.669921875,2465.97998046875,5003330000,2465.97998046875
2025-11-26,2466.010009765625,2502.9599609375,2464.7099609375,2486.1201171875,4485000000,2486.1201171875
2025-11-28,2492.050048828125,2501.4599609375,2492.050048828125,2500.429931640625,2558540000,2500.429931640625
2025-12-01,2482.22998046875,2488.580078125,2468.010009765625,2469.1298828125,4549370000,2469.1298828125
2025-12-02,2480.050048828125,2487.639892578125,2464.97998046875,2464.97998046875,4582290000,2464.97998046875
2025-12-03,2469.639892578125,2512.449951171875,2468.64990234375,2512.139892578125,4736780000,2512.139892578125
2025-12-04,2508.239990234375,2540.010009765625,2501.77001953125,2531.159912109375,4872440000,2531.159912109375
2025-12-05,2530.449951171875,2538.3701171875,2517.909912109375,2521.47998046875,4944560000,2521.47998046875
2025-12-08,2532.419921875,2540.89990234375,2517.139892578125,2520.97998046875,4757130000,2520.97998046875
2025-12-09,2515.7900390625,2541.77001953125,2514.090087890625,2526.239990234375,4508050000,2526.239990234375
2025-12-10,2524.47998046875,2576.31005859375,2519.169921875,2559.610107421875,5526570000,2559.610107421875
2025-12-11,2560.97998046875,2593.889892578125,2558.4599609375,2590.610107421875,5021060000,2590.610107421875
2025-12-12,2593.360107421875,2595.97998046875,2548.81005859375,2551.4599609375,4910160000,2551.4599609375
2025-12-15,2562.5,2567.4599609375,2529.3701171875,2530.669921875,4975600000,2530.669921875
2025-12-16,2526.5,2536.6201171875,2506.550048828125,2519.300048828125,4983180000,2519.300048828125
2025-12-17,2522.110107421875,2540.25,2487.97998046875,2492.300048828125,5122120000,2492.300048828125
2025-12-18,2517.659912109375,2531.7900390625,2504.489990234375,2507.8701171875,5101190000,2507.8701171875
2025-12-19,2508.590087890625,2534.820068359375,2508.590087890625,2529.429931640625,8554470000,2529.429931640625
2025-12-22,2538.800048828125,2572.89990234375,2538.800048828125,2558.780029296875,4465030000,2558.780029296875
2025-12-23,2548.639892578125,2553.199951171875,2537.93994140625,2541.1201171875,3820560000,2541.1201171875
2025-12-24,2539.330078125,2549.9599609375,2535.1298828125,2548.080078125,1798270000,2548.080078125
2025-12-26,2546.780029296875,2546.780029296875,2527.360107421875,2534.35009765625,2586550000,2534.35009765625
2025-12-29,2524.840087890625,2533.64990234375,2515.679931640625,2519.800048828125,3541750000,2519.800048828125
2025-12-30,2519.89990234375,2520.909912109375,2500.489990234375,2500.590087890625,3309930000,2500.590087890625
2025-12-31,2500.3701171875,2501.77001953125,2480.679931640625,2481.909912109375,3261830000,2481.909912109375
2026-01-02,2491.820068359375,2509.719970703125,2481.590087890625,2508.219970703125,4184120000,2508.219970703125
2026-01-05,2516.81005859375,2556.239990234375,2516.81005859375,2547.919921875,5771930000,2547.919921875
2026-01-06,2544.9599609375,2582.989990234375,2541.6298828125,2582.89990234375,5509680000,2582.89990234375
2026-01-07,2585.6201171875,2585.6201171875,2563.39990234375,2575.419921875,5214480000,2575.419921875
2026-01-08,2567.610107421875,2608.580078125,2566.659912109375,2603.909912109375,5333200000,2603.909912109375
2026-01-09,2614.72998046875,2635.800048828125,2606.659912109375,2624.219970703125,5163900000,2624.219970703125
2026-01-12,2614.090087890625,2636.719970703125,2606.89990234375,2635.68994140625,5019040000,2635.68994140625
2026-01-13,2644.489990234375,2647.0400390625,2627.39990234375,2633.110107421875,5091730000,2633.110107421875
2026-01-14,2631.06005859375,2653.31005859375,2624.2900390625,2651.639892578125,5530830000,2651.639892578125
2026-01-15,2661.110107421875,2689.280029296875,2659.2900390625,2674.56005859375,5114050000,2674.56005859375
2026-01-16,2676.81005859375,2692.22998046875,2668.56005859375,2677.739990234375,5356550000,2677.739990234375
2026-01-20,2636.840087890625,2670.320068359375,2632.360107421875,2645.360107421875,5769500000,2645.360107421875
2026-01-21,2662.1201171875,2703.75,2651.469970703125,2698.169921875,5835520000,2698.169921875
2026-01-22,2717.800048828125,2735.10009765625,2714.989990234375,2718.77001953125,5307580000,2718.77001953125
2026-01-23,2712.699951171875,2712.699951171875,2664.550048828125,2669.159912109375,4871930000,2669.159912109375
2026-01-26,2672.3701171875,2684.989990234375,2657.419921875,2659.669921875,4968050000,2659.669921875
2026-01-27,2659.929931640625,2668.56005859375,2650.639892578125,2666.699951171875,5331720000,2666.699951171875
2026-01-28,2681.010009765625,2685.860107421875,2647.6298828125,2653.550048828125,5507670000,2653.550048828125
2026-01-29,2660.610107421875,2665.06005859375,2616.139892578125,2654.780029296875,6877780000,2654.780029296875
2026-01-30,2633.7900390625,2648.27001953125,2599.570068359375,2613.739990234375,6697340000,2613.739990234375
2026-02-02,2604.47998046875,2654.840087890625,2603.7900390625,2640.280029296875,5772050000,2640.280029296875
2026-02-03,2648.1298828125,2666.85009765625,2605.8798828125,2648.5,7017660000,2648.5
2026-02-04,2657.449951171875,2660.43994140625,2591.8701171875,2624.550048828125,7475750000,2624.550048828125
2026-02-05,2606.7099609375,2629.830078125,2569.22998046875,2577.64990234375,6989120000,2577.64990234375
2026-02-06,2611.2900390625,2676.219970703125,2611.2900390625,2670.340087890625,6283680000,2670.340087890625
2026-02-09,2667.43994140625,2695.449951171875,2659.9599609375,2689.050048828125,5650260000,2689.050048828125
2026-02-10,2691.7900390625,2704.080078125,2678.5,2679.77001953125,5595950000,2679.77001953125
2026-02-11,2700.330078125,2706.360107421875,2643.159912109375,2669.469970703125,6175510000,2669.469970703125
2026-02-12,2684.989990234375,2692.77001953125,2604.5,2615.830078125,7118700000,2615.830078125
2026-02-13,2620.139892578125,2668.2900390625,2610.340087890625,2646.699951171875,5718360000,2646.699951171875
2026-02-17,2644.199951171875,2659.4599609375,2611.340087890625,2646.590087890625,5418480000,2646.590087890625
2026-02-18,2646.929931640625,2686.760009765625,2644.47998046875,2658.610107421875,5098160000,2658.610107421875
2026-02-19,2648.10009765625,2665.219970703125,2637.580078125,2665.090087890625,5151690000,2665.090087890625
2026-02-20,2660.2900390625,2682.419921875,2642.070068359375,2663.780029296875,5432480000,2663.780029296875
2026-02-23,2654.830078125,2659.300048828125,2600.989990234375,2620.989990234375,5638350000,2620.989990234375
2026-02-24,2620.31005859375,2656.139892578125,2619.030029296875,2652.330078125,5266090000,2652.330078125
2026-02-25,2661.10009765625,2671.25,2643.919921875,2663.330078125,5328060000,2663.330078125
2026-02-26,2665.18994140625,2679.610107421875,2640.659912109375,2677.2900390625,5889550000,2677.2900390625
2026-02-27,2652.75,2652.75,2616.10009765625,2632.360107421875,6665660000,2632.360107421875
2026-03-02,2608.889892578125,2658.6201171875,2596.68994140625,2655.93994140625,6079080000,2655.93994140625
2026-03-03,2613.64990234375,2624.89990234375,2550.969970703125,2608.360107421875,6442080000,2608.360107421875
2026-03-04,2621.56005859375,2644.14990234375,2608.5,2636.010009765625,5252170000,2636.010009765625
2026-03-05,2619.31005859375,2621.64990234375,2560.989990234375,2585.570068359375,5989300000,2585.570068359375
2026-03-06,2554.659912109375,2554.659912109375,2518.31005859375,2525.300048828125,5793120000,2525.300048828125
2026-03-09,2503.18994140625,2559.169921875,2463.3798828125,2553.669921875,6709410000,2553.669921875
2026-03-10,2551.010009765625,2591.330078125,2544.389892578125,2548.080078125,5944950000,2548.080078125
2026-03-11,2538.919921875,2556.85009765625,2524.530029296875,2542.89990234375,5511090000,2542.89990234375
2026-03-12,2520.830078125,2520.830078125,2483.320068359375,2488.989990234375,6292170000,2488.989990234375
2026-03-13,2501.409912109375,2519.929931640625,2471.909912109375,2480.050048828125,5337120000,2480.050048828125
2026-03-16,2499.669921875,2525.6201171875,2499.110107421875,2503.2900390625,5176290000,2503.2900390625
2026-03-17,2512.8701171875,2534.68994140625,2511.590087890625,2519.989990234375,5063390000,2519.989990234375
2026-03-18,2511.159912109375,2511.159912109375,2478.1201171875,2478.639892578125,5275480000,2478.639892578125
2026-03-19,2459.050048828125,2515.010009765625,2447.719970703125,2494.7099609375,5973390000,2494.7099609375
2026-03-20,2494.27001953125,2496.590087890625,2422.989990234375,2438.449951171875,10025820000,2438.449951171875
2026-03-23,2465.39990234375,2529.550048828125,2465.39990234375,2494.22998046875,6020650000,2494.22998046875
2026-03-24,2481.330078125,2517.85009765625,2472.199951171875,2505.43994140625,5278580000,2505.43994140625
2026-03-25,2526.56005859375,2547.929931640625,2518.35009765625,2536.3798828125,4936720000,2536.3798828125
2026-03-26,2517.010009765625,2534.639892578125,2490.510009765625,2493.320068359375,4845560000,2493.320068359375
2026-03-27,2481.110107421875,2482.1298828125,2443.6298828125,2449.699951171875,5303490000,2449.699951171875
2026-03-30,2461.550048828125,2467.010009765625,2404.989990234375,2414.010009765625,5458640000,2414.010009765625
2026-03-31,2437.669921875,2501.7900390625,2437.669921875,2496.3701171875,6396100000,2496.3701171875
2026-04-01,2510.8798828125,2540.590087890625,2510.8798828125,2512.3701171875,5637260000,2512.3701171875
2026-04-02,2482.590087890625,2535.320068359375,2468.7900390625,2530.0400390625,4740740000,2530.0400390625
2026-04-06,2527.8798828125,2544.89990234375,2523.639892578125,2540.639892578125,3906440000,2540.639892578125
2026-04-07,2534.550048828125,2547.919921875,2515.5,2544.949951171875,4555680000,2544.949951171875
2026-04-08,2596.1298828125,2636.52001953125,2596.1298828125,2620.4599609375,5904880000,2620.4599609375
2026-04-09,2612.64990234375,2645.14990234375,2608.969970703125,2636.31005859375,4912410000,2636.31005859375
2026-04-10,2640.820068359375,2646.3701171875,2623.070068359375,2630.590087890625,4393220000,2630.590087890625
2026-04-13,2625.68994140625,2671.050048828125,2622.139892578125,2670.489990234375,4785840000,2670.489990234375
2026-04-14,2679.7099609375,2711.919921875,2679.7099609375,2705.669921875,5032380000,2705.669921875
2026-04-15,2705.989990234375,2714.9599609375,2694.830078125,2713.659912109375,5278610000,2713.659912109375
2026-04-16,2713.989990234375,2720.050048828125,2700.93994140625,2719.60009765625,5173650000,2719.60009765625
2026-04-17,2741.739990234375,2793.1201171875,2741.739990234375,2776.89990234375,6145300000,2776.89990234375
2026-04-20,2771.139892578125,2795.510009765625,2764.6298828125,2792.9599609375,4661130000,2792.9599609375
2026-04-21,2798.510009765625,2817.9599609375,2759.1201171875,2764.969970703125,5160270000,2764.969970703125
2026-04-22,2783.27001953125,2799.27001953125,2770.02001953125,2785.3798828125,4919460000,2785.3798828125
2026-04-23,2784.820068359375,2796.10009765625,2741.5400390625,2775.10009765625,5307260000,2775.10009765625
2026-04-24,2783.47998046875,2796.679931640625,2762.22998046875,2787.0,4608830000,2787.0
2026-04-27,2788.6201171875,2796.739990234375,2781.5,2788.18994140625,4783750000,2788.18994140625
2026-04-28,2782.280029296875,2790.60009765625,2746.0,2756.050048828125,4900650000,2756.050048828125
2026-04-29,2753.68994140625,2760.64990234375,2725.22998046875,2739.469970703125,5123100000,2739.469970703125
2026-04-30,2744.7900390625,2801.080078125,2744.090087890625,2799.909912109375,5723790000,2799.909912109375
2026-05-01,2803.85009765625,2815.68994140625,2788.52001953125,2812.820068359375,4847390000,2812.820068359375
2026-05-04,2809.8798828125,2826.409912109375,2782.489990234375,2796.0,5215480000,2796.0
2026-05-05,2806.0,2846.669921875,2806.0,2845.0,5279760000,2845.0
2026-05-06,2857.110107421875,2888.6201171875,2853.97998046875,2886.77001953125,6579640000,2886.77001953125
2026-05-07,2886.8798828125,2886.8798828125,2832.72998046875,2839.6298828125,6237040000,2839.6298828125
2026-05-08,2852.06494140625,2857.567626953125,2844.07568359375,2850.3076171875,0,2850.3076171875
