date,Open,High,Low,Close,Volume,Adj Close
2010-12-31,2759.162109375,2808.926025390625,2758.131103515625,2808.076904296875,83400.0,2808.076904296875
2011-01-04,2825.3291015625,2855.39599609375,2810.10791015625,2852.64794921875,110000.0,2852.64794921875
2011-01-05,2833.115966796875,2850.492919921875,2824.2958984375,2839.220947265625,104400.0,2839.220947265625
2011-01-06,2838.43505859375,2853.875,2816.950927734375,2824.197021484375,84800.0,2824.197021484375
2011-01-07,2820.6650390625,2868.0048828125,2807.8701171875,2838.801025390625,113200.0,2838.801025390625
2011-01-10,2832.6220703125,2847.35791015625,2786.861083984375,2791.80908203125,90800.0,2791.80908203125
2011-01-11,2783.47607421875,2810.761962890625,2770.337890625,2804.047119140625,80600.0,2804.047119140625
2011-01-12,2811.784912109375,2828.468017578125,2788.1298828125,2821.304931640625,79200.0,2821.304931640625
2011-01-13,2830.533935546875,2837.52587890625,2810.8740234375,2827.7119140625,74800.0,2827.7119140625
2011-01-14,2817.048095703125,2817.048095703125,2780.43798828125,2791.343994140625,76800.0,2791.343994140625
2011-01-17,2772.449951171875,2780.94189453125,2698.781005859375,2706.659912109375,92600.0,2706.659912109375
2011-01-18,2696.14697265625,2715.406005859375,2683.366943359375,2708.97900390625,60400.0,2708.97900390625
2011-01-19,2707.81591796875,2759.60205078125,2700.81103515625,2758.096923828125,78400.0,2758.096923828125
2011-01-20,2752.799072265625,2752.799072265625,2676.12890625,2677.652099609375,86000.0,2677.652099609375
2011-01-21,2668.677001953125,2746.177978515625,2667.285888671875,2715.2939453125,95600.0,2715.2939453125
2011-01-24,2716.52392578125,2736.10888671875,2690.652099609375,2695.718994140625,88000.0,2695.718994140625
2011-01-25,2691.693115234375,2701.0439453125,2661.447998046875,2677.431884765625,69400.0,2677.431884765625
2011-01-26,2677.172119140625,2710.738037109375,2676.76904296875,2708.81396484375,60800.0,2708.81396484375
2011-01-27,2690.824951171875,2753.0009765625,2677.2099609375,2749.14990234375,105600.0,2749.14990234375
2011-01-28,2741.31396484375,2759.43994140625,2733.291015625,2752.75,85400.0,2752.75
2011-01-31,2751.527099609375,2790.9208984375,2748.5380859375,2790.694091796875,91600.0,2790.694091796875
2011-02-01,2795.071044921875,2805.049072265625,2785.2958984375,2798.9599609375,73400.0,2798.9599609375
2011-02-09,2778.700927734375,2804.2080078125,2764.865966796875,2774.06494140625,87200.0,2774.06494140625
2011-02-10,2769.64599609375,2819.06298828125,2760.175048828125,2818.1630859375,98000.0,2818.1630859375
2011-02-11,2815.118896484375,2835.410888671875,2807.60498046875,2827.327880859375,107800.0,2827.327880859375
2011-02-14,2828.571044921875,2906.260009765625,2828.571044921875,2899.134033203125,154200.0,2899.134033203125
2011-02-15,2900.427001953125,2934.467041015625,2892.636962890625,2899.237060546875,152400.0,2899.237060546875
2011-02-16,2893.681884765625,2924.18798828125,2882.549072265625,2923.89599609375,127800.0,2923.89599609375
2011-02-17,2929.2548828125,2939.283935546875,2905.031982421875,2926.964111328125,130400.0,2926.964111328125
2011-02-18,2924.22998046875,2924.22998046875,2890.261962890625,2899.7919921875,113800.0,2899.7919921875
2011-02-21,2886.5400390625,2932.820068359375,2884.19091796875,2932.24609375,118800.0,2932.24609375
2011-02-22,2941.318115234375,2944.4130859375,2851.6201171875,2855.51611328125,153000.0,2855.51611328125
2011-02-23,2844.989990234375,2868.48388671875,2839.195068359375,2862.635009765625,111000.0,2862.635009765625
2011-02-24,2861.39306640625,2881.537109375,2854.56298828125,2878.60302734375,109800.0,2878.60302734375
2011-02-25,2876.777099609375,2890.323974609375,2848.64990234375,2878.56494140625,100000.0,2878.56494140625
2011-02-28,2880.169921875,2906.1689453125,2861.81689453125,2905.052978515625,118800.0,2905.052978515625
2011-03-01,2906.284912109375,2931.580078125,2901.552001953125,2918.919921875,136600.0,2918.919921875
2011-03-02,2905.513916015625,2924.962890625,2883.56591796875,2913.80810546875,133400.0,2913.80810546875
2011-03-03,2918.73095703125,2937.556884765625,2900.760986328125,2902.97802734375,150400.0,2902.97802734375
2011-03-04,2902.18994140625,2944.458984375,2898.083984375,2942.305908203125,118200.0,2942.305908203125
2011-03-07,2952.720947265625,3000.428955078125,2952.720947265625,2996.2109375,160200.0,2996.2109375
2011-03-08,2996.72705078125,3001.625,2976.60009765625,2999.94189453125,126600.0,2999.94189453125
2011-03-09,3002.5458984375,3012.0439453125,2989.342041015625,3002.154052734375,124800.0,3002.154052734375
2011-03-10,2995.76806640625,2995.76806640625,2954.366943359375,2957.14306640625,123800.0,2957.14306640625
2011-03-11,2942.4189453125,2966.97998046875,2927.68310546875,2933.7958984375,116000.0,2933.7958984375
2011-03-14,2923.98193359375,2939.652099609375,2914.4580078125,2937.626953125,117000.0,2937.626953125
2011-03-15,2927.98388671875,2927.98388671875,2850.945068359375,2896.256103515625,155000.0,2896.256103515625
2011-03-16,2894.251953125,2934.01806640625,2894.251953125,2930.803955078125,130800.0,2930.803955078125
2011-03-17,2906.955078125,2935.625,2885.65087890625,2897.298095703125,137800.0,2897.298095703125
2011-03-18,2920.805908203125,2930.60595703125,2900.8720703125,2906.885009765625,100600.0,2906.885009765625
2011-03-21,2913.9130859375,2927.072998046875,2895.154052734375,2909.136962890625,96800.0,2909.136962890625
2011-03-22,2917.68701171875,2923.39208984375,2884.7509765625,2919.14208984375,95200.0,2919.14208984375
2011-03-23,2919.01611328125,2950.422119140625,2911.6259765625,2948.47705078125,112600.0,2948.47705078125
2011-03-24,2949.85009765625,2958.6630859375,2942.134033203125,2946.7060546875,109000.0,2946.7060546875
2011-03-25,2948.5419921875,2985.0830078125,2946.697021484375,2977.81396484375,136400.0,2977.81396484375
2011-03-28,2985.35595703125,3005.781982421875,2979.196044921875,2984.0048828125,156000.0,2984.0048828125
2011-03-29,2979.864990234375,2994.174072265625,2953.5400390625,2958.076904296875,168600.0,2958.076904296875
2011-03-30,2955.452880859375,2968.181884765625,2935.7470703125,2955.77099609375,126400.0,2955.77099609375
2011-03-31,2954.653076171875,2961.6298828125,2914.384033203125,2928.111083984375,109000.0,2928.111083984375
2011-04-01,2932.48095703125,2967.846923828125,2924.39404296875,2967.409912109375,99800.0,2967.409912109375
2011-04-06,2964.2119140625,3005.238037109375,2963.89892578125,3001.360107421875,141600.0,3001.360107421875
2011-04-07,3003.2041015625,3012.2880859375,2990.31103515625,3007.908935546875,124800.0,3007.908935546875
2011-04-08,3005.367919921875,3031.096923828125,2998.340087890625,3030.02099609375,114400.0,3030.02099609375
2011-04-11,3037.909912109375,3059.56689453125,3019.885009765625,3022.74609375,147200.0,3022.74609375
2011-04-12,3012.794921875,3039.1240234375,3003.445068359375,3021.368896484375,146000.0,3021.368896484375
2011-04-13,3006.830078125,3050.40087890625,2994.465087890625,3050.39697265625,128200.0,3050.39697265625
2011-04-14,3049.6669921875,3058.239013671875,3036.72607421875,3042.635009765625,129400.0,3042.635009765625
2011-04-15,3036.344970703125,3062.530029296875,3020.156005859375,3050.52587890625,128600.0,3050.52587890625
2011-04-18,3040.531005859375,3067.4560546875,3037.18896484375,3057.3291015625,137400.0,3057.3291015625
2011-04-19,3038.806884765625,3038.806884765625,2996.221923828125,2999.041015625,141800.0,2999.041015625
2011-04-20,3005.97509765625,3019.123046875,2992.672119140625,3007.037109375,119800.0,3007.037109375
2011-04-21,3021.77001953125,3035.470947265625,3012.5439453125,3026.6669921875,121600.0,3026.6669921875
2011-04-22,3025.697998046875,3032.965087890625,3004.465087890625,3010.51708984375,118600.0,3010.51708984375
2011-04-25,3003.031005859375,3003.610107421875,2964.64306640625,2964.950927734375,117400.0,2964.950927734375
2011-04-26,2956.948974609375,2970.278076171875,2931.501953125,2938.98095703125,95200.0,2938.98095703125
2011-04-27,2946.326904296875,2961.133056640625,2907.662109375,2925.407958984375,105400.0,2925.407958984375
2011-04-28,2937.947021484375,2953.193115234375,2884.839111328125,2887.04296875,105200.0,2887.04296875
2011-04-29,2886.62890625,2913.555908203125,2871.010009765625,2911.510009765625,87600.0,2911.510009765625
2011-05-03,2911.510009765625,2933.4599609375,2890.22509765625,2932.18798828125,96400.0,2932.18798828125
2011-05-04,2916.844970703125,2916.969970703125,2860.074951171875,2866.01708984375,111400.0,2866.01708984375
2011-05-05,2854.76806640625,2880.125,2849.909912109375,2872.404052734375,91000.0,2872.404052734375
2011-05-06,2842.763916015625,2881.7060546875,2834.4560546875,2863.885986328125,91000.0,2863.885986328125
2011-05-09,2868.235107421875,2885.177978515625,2861.4189453125,2872.4599609375,81600.0,2872.4599609375
2011-05-10,2876.97998046875,2891.033935546875,2865.10400390625,2890.634033203125,81200.0,2890.634033203125
2011-05-11,2890.35302734375,2897.14111328125,2868.34912109375,2883.419921875,92400.0,2883.419921875
2011-05-12,2864.97607421875,2876.447998046875,2843.096923828125,2844.0830078125,100200.0,2844.0830078125
2011-05-13,2846.31103515625,2871.991943359375,2832.25390625,2871.031005859375,93200.0,2871.031005859375
2011-05-16,2864.376953125,2877.091064453125,2846.305908203125,2849.06689453125,84600.0,2849.06689453125
2011-05-17,2846.447021484375,2869.22998046875,2821.202880859375,2852.77294921875,94800.0,2852.77294921875
2011-05-18,2846.72509765625,2877.427001953125,2843.676025390625,2872.77099609375,76800.0,2872.77099609375
2011-05-19,2879.386962890625,2884.14111328125,2856.8291015625,2859.573974609375,77000.0,2859.573974609375
2011-05-20,2858.31103515625,2866.762939453125,2850.445068359375,2858.458984375,70800.0,2858.458984375
2011-05-23,2853.285888671875,2853.285888671875,2771.116943359375,2774.569091796875,98600.0,2774.569091796875
2011-05-24,2766.05908203125,2771.748046875,2744.777099609375,2767.055908203125,74800.0,2767.055908203125
2011-05-25,2764.56005859375,2771.177001953125,2737.330078125,2741.740966796875,74400.0,2741.740966796875
2011-05-26,2755.39404296875,2764.889892578125,2734.535888671875,2736.527099609375,78800.0,2736.527099609375
2011-05-27,2739.386962890625,2746.842041015625,2708.548095703125,2709.947021484375,82600.0,2709.947021484375
2011-05-30,2704.485107421875,2728.06201171875,2689.2060546875,2706.361083984375,65200.0,2706.361083984375
2011-05-31,2707.55908203125,2744.93408203125,2702.094970703125,2743.471923828125,68000.0,2743.471923828125
2011-06-01,2737.056884765625,2744.55908203125,2726.4951171875,2743.572021484375,68600.0,2743.572021484375
2011-06-02,2715.31591796875,2727.9951171875,2676.5380859375,2705.180908203125,86000.0,2705.180908203125
2011-06-03,2701.77294921875,2732.427001953125,2701.25,2728.02001953125,68000.0,2728.02001953125
2011-06-07,2720.969970703125,2745.77001953125,2717.31298828125,2744.300048828125,65000.0,2744.300048828125
2011-06-08,2742.0419921875,2754.1220703125,2715.25,2750.2880859375,74200.0,2750.2880859375
2011-06-09,2743.5390625,2747.33203125,2702.695068359375,2703.344970703125,83400.0,2703.344970703125
2011-06-10,2696.1298828125,2707.741943359375,2672.320068359375,2705.14306640625,73400.0,2705.14306640625
2011-06-13,2687.653076171875,2703.423095703125,2669.39599609375,2700.37890625,63000.0,2700.37890625
2011-06-14,2696.222900390625,2735.552001953125,2691.6708984375,2730.0400390625,83000.0,2730.0400390625
2011-06-15,2717.677001953125,2730.47607421875,2705.072021484375,2705.430908203125,74800.0,2705.430908203125
2011-06-16,2685.632080078125,2691.944091796875,2663.1201171875,2664.281982421875,71000.0,2664.281982421875
2011-06-17,2661.4140625,2675.027099609375,2641.39208984375,2642.818115234375,64400.0,2642.818115234375
2011-06-20,2635.833984375,2637.883056640625,2610.989990234375,2621.2529296875,60000.0,2621.2529296875
2011-06-21,2628.02197265625,2648.02392578125,2618.806884765625,2646.48291015625,64800.0,2646.48291015625
2011-06-22,2648.533935546875,2657.72509765625,2633.47412109375,2649.321044921875,58400.0,2649.321044921875
2011-06-23,2640.659912109375,2693.4169921875,2630.3359375,2688.2490234375,73800.0,2688.2490234375
2011-06-24,2678.052001953125,2759.7099609375,2674.302978515625,2746.2109375,125800.0,2746.2109375
2011-06-27,2746.787109375,2769.0419921875,2743.49609375,2758.22998046875,101600.0,2758.22998046875
2011-06-28,2759.712890625,2763.280029296875,2736.39794921875,2759.201904296875,88200.0,2759.201904296875
2011-06-29,2757.39990234375,2759.23095703125,2727.2529296875,2728.48291015625,88200.0,2728.48291015625
2011-06-30,2729.991943359375,2774.364990234375,2729.991943359375,2762.075927734375,91000.0,2762.075927734375
2011-07-01,2767.8330078125,2778.66796875,2752.966064453125,2759.362060546875,92000.0,2759.362060546875
2011-07-04,2770.93994140625,2813.27001953125,2770.93994140625,2812.818115234375,122000.0,2812.818115234375
2011-07-05,2812.721923828125,2818.14111328125,2799.110107421875,2816.35400390625,110200.0,2816.35400390625
2011-07-06,2811.81494140625,2811.81494140625,2780.72900390625,2810.47900390625,103200.0,2810.47900390625
2011-07-07,2813.193115234375,2825.123046875,2793.89208984375,2794.26708984375,116600.0,2794.26708984375
2011-07-08,2797.02587890625,2807.37890625,2784.125,2797.77294921875,86200.0,2797.77294921875
2011-07-11,2789.4541015625,2807.322021484375,2780.6650390625,2802.69189453125,86000.0,2802.69189453125
2011-07-12,2783.721923828125,2783.721923828125,2752.18603515625,2754.58203125,96600.0,2754.58203125
2011-07-13,2756.031982421875,2797.26611328125,2756.031982421875,2795.47607421875,92000.0,2795.47607421875
2011-07-14,2798.2119140625,2811.7041015625,2788.98193359375,2810.444091796875,104600.0,2810.444091796875
2011-07-15,2803.5849609375,2821.339111328125,2794.158935546875,2820.1689453125,107400.0,2820.1689453125
2011-07-18,2821.35791015625,2826.958984375,2807.10791015625,2816.68798828125,108200.0,2816.68798828125
2011-07-19,2804.923095703125,2809.31494140625,2790.68505859375,2796.98291015625,92800.0,2796.98291015625
2011-07-20,2810.43603515625,2817.284912109375,2779.381103515625,2794.205078125,84000.0,2794.205078125
2011-07-21,2795.89599609375,2799.85205078125,2763.41796875,2765.89404296875,81800.0,2765.89404296875
2011-07-22,2769.863037109375,2782.1689453125,2763.800048828125,2770.7900390625,70200.0,2770.7900390625
2011-07-25,2759.6279296875,2759.6279296875,2680.7470703125,2688.74609375,111200.0,2688.74609375
2011-07-26,2685.75390625,2704.93896484375,2677.118896484375,2703.02587890625,72800.0,2703.02587890625
2011-07-27,2690.14404296875,2726.802001953125,2680.43310546875,2723.491943359375,80400.0,2723.491943359375
2011-07-28,2701.77099609375,2712.090087890625,2684.660888671875,2708.777099609375,78400.0,2708.777099609375
2011-07-29,2706.4970703125,2721.530029296875,2681.27197265625,2701.72900390625,75400.0,2701.72900390625
2011-08-01,2697.574951171875,2712.887939453125,2688.529052734375,2703.782958984375,59000.0,2703.782958984375
2011-08-02,2689.970947265625,2689.970947265625,2651.281005859375,2679.259033203125,70000.0,2679.259033203125
2011-08-03,2659.117919921875,2688.06494140625,2654.364013671875,2678.485107421875,64000.0,2678.485107421875
2011-08-04,2683.19091796875,2698.81494140625,2675.533935546875,2684.0390625,58800.0,2684.0390625
2011-08-05,2620.277099609375,2644.5810546875,2605.135986328125,2626.423095703125,78600.0,2626.423095703125
2011-08-08,2599.2890625,2614.18994140625,2497.91796875,2526.81591796875,110400.0,2526.81591796875
2011-08-09,2468.031982421875,2537.408935546875,2437.679931640625,2526.070068359375,103800.0,2526.070068359375
2011-08-10,2562.39306640625,2579.156005859375,2544.951904296875,2549.176025390625,100400.0,2549.176025390625
2011-08-11,2508.85693359375,2582.155029296875,2505.011962890625,2581.508056640625,95600.0,2581.508056640625
2011-08-12,2593.39501953125,2605.447021484375,2585.845947265625,2593.173095703125,97200.0,2593.173095703125
2011-08-15,2598.137939453125,2627.10400390625,2584.406982421875,2626.77001953125,88600.0,2626.77001953125
2011-08-16,2627.85400390625,2636.360107421875,2601.5009765625,2608.166015625,85200.0,2608.166015625
2011-08-17,2603.9609375,2617.1650390625,2596.0390625,2601.260986328125,70200.0,2601.260986328125
2011-08-18,2601.989990234375,2603.485107421875,2556.85888671875,2559.471923828125,71000.0,2559.471923828125
2011-08-19,2519.64501953125,2538.27197265625,2513.75390625,2534.35791015625,70600.0,2534.35791015625
2011-08-22,2534.570068359375,2553.4150390625,2507.781982421875,2515.863037109375,61200.0,2515.863037109375
2011-08-23,2524.876953125,2554.177978515625,2514.948974609375,2554.01904296875,61000.0,2554.01904296875
2011-08-24,2562.410888671875,2569.278076171875,2536.256103515625,2541.091064453125,65400.0,2541.091064453125
2011-08-25,2546.402099609375,2616.302978515625,2545.053955078125,2615.260986328125,104600.0,2615.260986328125
2011-08-26,2602.2080078125,2616.635986328125,2593.238037109375,2612.18798828125,77800.0,2612.18798828125
2011-08-29,2595.466064453125,2595.466064453125,2570.843994140625,2576.4130859375,73600.0,2576.4130859375
2011-08-30,2592.596923828125,2615.135009765625,2563.68896484375,2566.594970703125,76000.0,2566.594970703125
2011-08-31,2566.529052734375,2574.4150390625,2545.095947265625,2567.340087890625,59200.0,2567.340087890625
2011-09-01,2569.799072265625,2584.803955078125,2547.85400390625,2556.0419921875,57200.0,2556.0419921875
2011-09-02,2551.555908203125,2557.31005859375,2517.617919921875,2528.280029296875,54400.0,2528.280029296875
2011-09-05,2510.10009765625,2510.10009765625,2478.195068359375,2478.739013671875,55000.0,2478.739013671875
2011-09-06,2465.56494140625,2482.241943359375,2459.54296875,2470.52392578125,49200.0,2470.52392578125
2011-09-07,2480.94091796875,2516.75390625,2475.218017578125,2516.090087890625,59600.0,2516.090087890625
2011-09-08,2523.9619140625,2524.3759765625,2498.113037109375,2498.943115234375,55200.0,2498.943115234375
2011-09-09,2506.968994140625,2528.422119140625,2487.14501953125,2497.7529296875,51200.0,2497.7529296875
2011-09-13,2467.72998046875,2477.0830078125,2453.7958984375,2471.304931640625,50000.0,2471.304931640625
2011-09-14,2478.5859375,2485.93408203125,2439.3720703125,2484.826904296875,54000.0,2484.826904296875
2011-09-15,2482.85888671875,2496.572021484375,2477.65087890625,2479.054931640625,56000.0,2479.054931640625
2011-09-16,2490.177001953125,2499.48095703125,2475.758056640625,2482.343017578125,48000.0,2482.343017578125
2011-09-19,2469.60009765625,2469.60009765625,2437.1650390625,2437.794921875,48800.0,2437.794921875
2011-09-20,2433.720947265625,2460.033935546875,2426.702880859375,2447.7548828125,46200.0,2447.7548828125
2011-09-21,2450.114990234375,2517.673095703125,2438.85205078125,2512.962890625,86600.0,2512.962890625
2011-09-22,2491.2119140625,2499.97607421875,2442.4609375,2443.055908203125,74600.0,2443.055908203125
2011-09-23,2411.8330078125,2440.7509765625,2400.14111328125,2433.158935546875,67400.0,2433.158935546875
2011-09-26,2416.22607421875,2441.72900390625,2384.639892578125,2393.18310546875,57400.0,2393.18310546875
2011-09-27,2410.989990234375,2423.9130859375,2395.1640625,2415.053955078125,55200.0,2415.053955078125
2011-09-28,2427.2890625,2430.27001953125,2383.39599609375,2392.06201171875,55800.0,2392.06201171875
2011-09-29,2378.423095703125,2387.5380859375,2358.572021484375,2365.343017578125,59200.0,2365.343017578125
2011-09-30,2368.39794921875,2377.5419921875,2348.217041015625,2359.218994140625,48800.0,2359.218994140625
2011-10-10,2363.077880859375,2368.14892578125,2338.68505859375,2344.787109375,41800.0,2344.787109375
2011-10-11,2401.738037109375,2412.375,2323.412109375,2348.51611328125,64000.0,2348.51611328125
2011-10-12,2335.488037109375,2421.69189453125,2318.6279296875,2420.0,91600.0,2420.0
2011-10-13,2412.83203125,2439.639892578125,2406.281982421875,2438.7900390625,87800.0,2438.7900390625
2011-10-14,2429.885009765625,2437.593994140625,2409.2880859375,2431.375,60600.0,2431.375
2011-10-17,2434.486083984375,2452.989990234375,2424.72607421875,2440.402099609375,58200.0,2440.402099609375
2011-10-18,2423.281982421875,2425.64599609375,2378.6669921875,2383.485107421875,79600.0,2383.485107421875
2011-10-19,2387.8310546875,2401.68798828125,2374.4169921875,2377.511962890625,58600.0,2377.511962890625
2011-10-20,2365.908935546875,2368.639892578125,2315.89990234375,2331.365966796875,65400.0,2331.365966796875
2011-10-21,2330.511962890625,2340.31494140625,2313.781982421875,2317.27490234375,48400.0,2317.27490234375
2011-10-24,2322.02001953125,2371.092041015625,2307.14599609375,2370.3330078125,70800.0,2370.3330078125
2011-10-25,2366.39794921875,2414.049072265625,2357.386962890625,2409.672119140625,90800.0,2409.672119140625
2011-10-26,2398.18701171875,2448.98095703125,2394.73193359375,2427.47998046875,107400.0,2427.47998046875
2011-10-27,2432.471923828125,2449.700927734375,2426.31494140625,2435.614990234375,82400.0,2435.614990234375
2011-10-28,2462.0849609375,2483.759033203125,2456.177001953125,2473.409912109375,110000.0,2473.409912109375
2011-10-31,2470.25390625,2478.306884765625,2455.205078125,2468.25,84200.0,2468.25
2011-11-01,2450.3310546875,2491.35498046875,2445.527099609375,2470.01904296875,88800.0,2470.01904296875
2011-11-02,2437.8701171875,2505.12109375,2433.715087890625,2504.10791015625,105400.0,2504.10791015625
2011-11-03,2510.842041015625,2535.239990234375,2507.297119140625,2508.090087890625,136600.0,2508.090087890625
2011-11-04,2525.243896484375,2536.779052734375,2512.904052734375,2528.2939453125,101800.0,2528.2939453125
2011-11-07,2518.89794921875,2536.179931640625,2507.614990234375,2509.799072265625,78800.0,2509.799072265625
2011-11-08,2514.259033203125,2524.820068359375,2500.02001953125,2503.8359375,78600.0,2503.8359375
2011-11-09,2512.5869140625,2527.702880859375,2489.02490234375,2524.9189453125,78200.0,2524.9189453125
2011-11-10,2498.593994140625,2507.451904296875,2478.138916015625,2479.535888671875,87200.0,2479.535888671875
2011-11-11,2483.95703125,2496.527099609375,2472.760986328125,2481.083984375,66200.0,2481.083984375
2011-11-14,2498.672119140625,2529.632080078125,2496.3349609375,2528.714111328125,81200.0,2528.714111328125
2011-11-15,2525.947998046875,2534.05908203125,2518.701904296875,2529.760986328125,79200.0,2529.760986328125
2011-11-16,2529.072998046875,2529.4580078125,2456.85595703125,2466.958984375,93400.0,2466.958984375
2011-11-17,2467.7041015625,2482.528076171875,2459.1650390625,2463.0458984375,66400.0,2463.0458984375
2011-11-18,2448.386962890625,2448.510009765625,2411.0419921875,2416.56201171875,72200.0,2416.56201171875
2011-11-21,2416.73193359375,2419.243896484375,2396.0859375,2415.1298828125,50200.0,2415.1298828125
2011-11-22,2400.98388671875,2414.85009765625,2387.825927734375,2412.625,51400.0,2412.625
2011-11-23,2415.197021484375,2418.56005859375,2390.654052734375,2395.06396484375,50600.0,2395.06396484375
2011-11-24,2379.14599609375,2409.718994140625,2370.695068359375,2397.553955078125,52200.0,2397.553955078125
2011-11-25,2393.326904296875,2403.94189453125,2372.6220703125,2380.22412109375,45400.0,2380.22412109375
2011-11-28,2383.89306640625,2396.826904296875,2372.156005859375,2383.033935546875,46000.0,2383.033935546875
2011-11-29,2398.993896484375,2413.325927734375,2388.201904296875,2412.39306640625,55200.0,2412.39306640625
2011-11-30,2406.3291015625,2407.325927734375,2319.43994140625,2333.4140625,76600.0,2333.4140625
2011-12-01,2392.485107421875,2423.55908203125,2376.916015625,2386.860107421875,98600.0,2386.860107421875
2011-12-02,2374.89892578125,2378.299072265625,2344.845947265625,2360.6640625,59800.0,2360.6640625
2011-12-05,2363.111083984375,2363.126953125,2327.610107421875,2333.22900390625,52200.0,2333.22900390625
2011-12-06,2326.659912109375,2331.89208984375,2310.155029296875,2325.905029296875,46000.0,2325.905029296875
2011-12-07,2325.56201171875,2339.846923828125,2317.81396484375,2332.72998046875,41600.0,2332.72998046875
2011-12-08,2329.909912109375,2346.654052734375,2302.64208984375,2329.820068359375,51400.0,2329.820068359375
2011-12-09,2315.512939453125,2331.259033203125,2309.45703125,2315.27001953125,40000.0,2315.27001953125
2011-12-12,2312.14990234375,2315.81103515625,2290.262939453125,2291.544921875,39600.0,2291.544921875
2011-12-13,2283.222900390625,2285.81396484375,2245.867919921875,2248.590087890625,58600.0,2248.590087890625
2011-12-14,2241.386962890625,2256.743896484375,2224.72509765625,2228.52490234375,44000.0,2228.52490234375
2011-12-15,2215.7919921875,2216.908935546875,2179.467041015625,2180.89501953125,56800.0,2180.89501953125
2011-12-16,2179.509033203125,2225.5380859375,2170.748046875,2224.840087890625,57200.0,2224.840087890625
2011-12-19,2208.071044921875,2221.447998046875,2164.886962890625,2218.235107421875,57800.0,2218.235107421875
2011-12-20,2209.698974609375,2239.85888671875,2206.51904296875,2215.929931640625,52800.0,2215.929931640625
2011-12-21,2230.179931640625,2237.466064453125,2188.7099609375,2191.14794921875,50800.0,2191.14794921875
2011-12-22,2178.572021484375,2201.5869140625,2149.423095703125,2186.2958984375,59000.0,2186.2958984375
2011-12-23,2183.910888671875,2219.785888671875,2178.14111328125,2204.783935546875,52400.0,2204.783935546875
2011-12-26,2193.658935546875,2213.452880859375,2186.070068359375,2190.110107421875,43600.0,2190.110107421875
2011-12-27,2186.708984375,2196.971923828125,2162.722900390625,2166.205078125,45800.0,2166.205078125
2011-12-28,2157.64990234375,2170.672119140625,2134.01708984375,2170.012939453125,49600.0,2170.012939453125
2011-12-29,2161.18408203125,2181.955078125,2157.114990234375,2173.56103515625,44800.0,2173.56103515625
2011-12-30,2177.51708984375,2200.988037109375,2177.51708984375,2199.4169921875,52000.0,2199.4169921875
2012-01-04,2211.9951171875,2217.52001953125,2168.64404296875,2169.389892578125,49200.0,2169.389892578125
2012-01-05,2160.89697265625,2183.404052734375,2145.555908203125,2148.451904296875,58800.0,2148.451904296875
2012-01-06,2148.14697265625,2164.322021484375,2132.6259765625,2163.39501953125,50600.0,2163.39501953125
2012-01-09,2164.740966796875,2226.218017578125,2148.452880859375,2225.889892578125,76800.0,2225.889892578125
2012-01-10,2221.83203125,2288.6279296875,2218.27490234375,2285.743896484375,109600.0,2285.743896484375
2012-01-11,2282.9130859375,2290.64404296875,2265.18505859375,2276.0458984375,84400.0,2276.0458984375
2012-01-12,2268.739013671875,2295.22412109375,2265.256103515625,2275.010009765625,71600.0,2275.010009765625
2012-01-13,2277.080078125,2281.531982421875,2225.736083984375,2244.580078125,71400.0,2244.580078125
2012-01-16,2230.43310546875,2241.259033203125,2206.044921875,2206.193115234375,45800.0,2206.193115234375
2012-01-17,2206.531005859375,2298.375,2196.115966796875,2298.375,87800.0,2298.375
2012-01-18,2298.8330078125,2311.5791015625,2257.89794921875,2266.384033203125,90000.0,2266.384033203125
2012-01-19,2266.075927734375,2305.70703125,2259.3369140625,2296.074951171875,72400.0,2296.074951171875
2012-01-20,2300.5,2322.89111328125,2293.89306640625,2319.117919921875,70000.0,2319.117919921875
2012-01-30,2324.492919921875,2324.492919921875,2284.291015625,2285.0380859375,58400.0,2285.0380859375
2012-01-31,2285.9541015625,2296.385009765625,2277.055908203125,2292.610107421875,48800.0,2292.610107421875
2012-02-01,2288.06591796875,2305.863037109375,2263.342041015625,2268.080078125,53600.0,2268.080078125
2012-02-02,2273.85009765625,2312.555908203125,2268.68701171875,2312.555908203125,63400.0,2312.555908203125
2012-02-03,2306.656005859375,2336.26708984375,2300.98193359375,2330.405029296875,79000.0,2330.405029296875
2012-02-06,2334.248046875,2341.574951171875,2317.422119140625,2331.135986328125,75800.0,2331.135986328125
2012-02-07,2319.4208984375,2319.7080078125,2278.824951171875,2291.902099609375,67400.0,2291.902099609375
2012-02-08,2291.81201171875,2350.965087890625,2286.819091796875,2347.530029296875,87200.0,2347.530029296875
2012-02-09,2344.22412109375,2363.613037109375,2333.93505859375,2349.589111328125,98000.0,2349.589111328125
2012-02-10,2342.010986328125,2368.97900390625,2339.885009765625,2351.98095703125,96600.0,2351.98095703125
2012-02-13,2332.054931640625,2365.339111328125,2325.028076171875,2351.85400390625,86200.0,2351.85400390625
2012-02-14,2348.876953125,2352.468994140625,2332.2470703125,2344.77099609375,73200.0,2344.77099609375
2012-02-15,2340.455078125,2374.281982421875,2335.10107421875,2366.701904296875,98800.0,2366.701904296875
2012-02-16,2363.89697265625,2373.803955078125,2342.072998046875,2356.860107421875,95000.0,2356.860107421875
2012-02-17,2366.6298828125,2372.511962890625,2344.760009765625,2357.180908203125,72000.0,2357.180908203125
2012-02-20,2383.68603515625,2388.009033203125,2362.011962890625,2363.596923828125,89000.0,2363.596923828125
2012-02-21,2365.487060546875,2382.14599609375,2345.052978515625,2381.429931640625,79400.0,2381.429931640625
2012-02-22,2380.5029296875,2404.44189453125,2374.030029296875,2403.5869140625,118600.0,2403.5869140625
2012-02-23,2401.738037109375,2416.803955078125,2396.7099609375,2409.553955078125,112600.0,2409.553955078125
2012-02-24,2410.881103515625,2439.97705078125,2405.27392578125,2439.626953125,135000.0,2439.626953125
2012-02-27,2447.406005859375,2478.375,2444.62890625,2447.056884765625,158000.0,2447.056884765625
2012-02-28,2440.9140625,2458.65087890625,2431.827880859375,2451.85693359375,118400.0,2451.85693359375
2012-02-29,2446.22802734375,2453.06591796875,2426.3291015625,2428.487060546875,95600.0,2428.487060546875
2012-03-01,2418.7880859375,2437.8740234375,2418.333984375,2426.114990234375,75000.0,2426.114990234375
2012-03-02,2430.096923828125,2461.12109375,2430.096923828125,2460.693115234375,103200.0,2460.693115234375
2012-03-05,2464.84912109375,2469.841064453125,2442.114990234375,2445.001953125,112600.0,2445.001953125
2012-03-06,2439.779052734375,2442.0009765625,2406.055908203125,2410.445068359375,103800.0,2410.445068359375
2012-03-07,2391.201904296875,2413.695068359375,2388.51904296875,2394.7939453125,94800.0,2394.7939453125
2012-03-08,2401.10205078125,2426.697998046875,2401.10205078125,2420.27587890625,96800.0,2420.27587890625
2012-03-09,2425.885009765625,2440.510986328125,2414.966064453125,2439.4619140625,100600.0,2439.4619140625
2012-03-12,2438.5458984375,2440.85693359375,2420.840087890625,2434.85791015625,106200.0,2434.85791015625
2012-03-13,2432.843017578125,2457.219970703125,2428.60888671875,2455.7939453125,104600.0,2455.7939453125
2012-03-14,2464.9150390625,2476.216064453125,2382.8359375,2391.22998046875,179800.0,2391.22998046875
2012-03-15,2388.06298828125,2403.741943359375,2366.02392578125,2373.77392578125,120000.0,2373.77392578125
2012-03-16,2377.757080078125,2406.14794921875,2368.31103515625,2404.736083984375,103600.0,2404.736083984375
2012-03-19,2401.217041015625,2412.3359375,2383.674072265625,2410.18408203125,102200.0,2410.18408203125
2012-03-20,2407.5419921875,2407.5419921875,2376.031005859375,2376.839111328125,98000.0,2376.839111328125
2012-03-21,2384.708984375,2396.721923828125,2361.221923828125,2378.195068359375,95600.0,2378.195068359375
2012-03-22,2376.990966796875,2386.097900390625,2364.12890625,2375.77197265625,79400.0,2375.77197265625
2012-03-23,2369.076904296875,2371.261962890625,2342.118896484375,2349.5390625,76800.0,2349.5390625
2012-03-26,2349.0859375,2357.99609375,2339.139892578125,2350.59912109375,55400.0,2350.59912109375
2012-03-27,2358.544921875,2363.76611328125,2344.303955078125,2347.178955078125,60800.0,2347.178955078125
2012-03-28,2341.0029296875,2341.419921875,2281.43310546875,2284.881103515625,83600.0,2284.881103515625
2012-03-29,2276.739990234375,2280.9580078125,2242.344970703125,2252.159912109375,74200.0,2252.159912109375
2012-03-30,2256.0419921875,2266.2080078125,2246.2451171875,2262.7880859375,62000.0,2262.7880859375
2012-04-05,2258.031005859375,2303.823974609375,2251.39306640625,2302.240966796875,80200.0,2302.240966796875
2012-04-06,2299.053955078125,2309.638916015625,2291.55908203125,2306.552001953125,72200.0,2306.552001953125
2012-04-09,2300.051025390625,2304.64990234375,2284.44189453125,2285.777099609375,59800.0,2285.777099609375
2012-04-10,2281.02392578125,2306.386962890625,2258.85302734375,2305.863037109375,67400.0,2305.863037109375
2012-04-11,2286.716064453125,2319.052978515625,2280.034912109375,2308.925048828125,75200.0,2308.925048828125
2012-04-12,2310.48388671875,2351.054931640625,2307.841064453125,2350.864013671875,97600.0,2350.864013671875
2012-04-13,2351.512939453125,2369.700927734375,2346.944091796875,2359.160888671875,98800.0,2359.160888671875
2012-04-16,2346.306884765625,2364.111083984375,2342.198974609375,2357.02587890625,85400.0,2357.02587890625
2012-04-17,2355.368896484375,2363.012939453125,2333.341064453125,2334.985107421875,84600.0,2334.985107421875
2012-04-18,2341.135009765625,2383.639892578125,2337.85595703125,2380.847900390625,108600.0,2380.847900390625
2012-04-19,2378.632080078125,2386.97802734375,2369.4580078125,2378.634033203125,94200.0,2378.634033203125
2012-04-20,2374.662109375,2407.2939453125,2372.1298828125,2406.863037109375,115600.0,2406.863037109375
2012-04-23,2403.52099609375,2411.510009765625,2383.068115234375,2388.587890625,123000.0,2388.587890625
2012-04-24,2380.236083984375,2415.75,2350.39892578125,2388.833984375,133800.0,2388.833984375
2012-04-25,2382.2109375,2411.4208984375,2376.625,2406.81298828125,131000.0,2406.81298828125
2012-04-26,2408.55810546875,2414.7529296875,2393.264892578125,2404.697021484375,115600.0,2404.697021484375
2012-04-27,2402.430908203125,2408.419921875,2393.866943359375,2396.31591796875,91200.0,2396.31591796875
2012-05-02,2421.08203125,2446.35009765625,2407.7880859375,2438.43603515625,128000.0,2438.43603515625
2012-05-03,2433.589111328125,2441.952880859375,2427.72802734375,2440.080078125,102200.0,2440.080078125
2012-05-04,2437.465087890625,2453.73095703125,2427.968994140625,2452.013916015625,102200.0,2452.013916015625
2012-05-07,2441.757080078125,2451.947021484375,2432.736083984375,2451.947021484375,108800.0,2451.947021484375
2012-05-08,2451.574951171875,2451.597900390625,2431.02490234375,2448.884033203125,104800.0,2448.884033203125
2012-05-09,2432.471923828125,2432.471923828125,2407.509033203125,2408.5859375,98000.0,2408.5859375
2012-05-10,2409.945068359375,2419.12109375,2402.2041015625,2410.22900390625,81600.0,2410.22900390625
2012-05-11,2406.073974609375,2415.97705078125,2393.3779296875,2394.98193359375,74800.0,2394.98193359375
2012-05-14,2408.261962890625,2411.27099609375,2377.98291015625,2380.72509765625,90600.0,2380.72509765625
2012-05-15,2367.0830078125,2376.593994140625,2354.614013671875,2374.843017578125,78000.0,2374.843017578125
2012-05-16,2369.2939453125,2372.031982421875,2344.5,2346.19189453125,76800.0,2346.19189453125
2012-05-17,2347.177001953125,2383.305908203125,2342.35205078125,2378.885986328125,86800.0,2378.885986328125
2012-05-18,2364.89892578125,2369.597900390625,2338.240966796875,2344.52099609375,89600.0,2344.52099609375
2012-05-21,2343.574951171875,2360.385986328125,2330.324951171875,2348.300048828125,74800.0,2348.300048828125
2012-05-22,2355.73193359375,2374.055908203125,2354.867919921875,2373.305908203125,76800.0,2373.305908203125
2012-05-23,2369.264892578125,2378.076904296875,2350.548095703125,2363.43701171875,84200.0,2363.43701171875
2012-05-24,2359.681884765625,2373.056884765625,2344.580078125,2350.972900390625,79200.0,2350.972900390625
2012-05-25,2350.541015625,2355.80810546875,2327.407958984375,2333.552978515625,74000.0,2333.552978515625
2012-05-28,2325.31689453125,2361.743896484375,2309.072021484375,2361.366943359375,95000.0,2361.366943359375
2012-05-29,2361.0029296875,2393.279052734375,2358.3740234375,2389.635986328125,117200.0,2389.635986328125
2012-05-30,2385.39208984375,2391.69091796875,2378.133056640625,2384.66796875,89800.0,2384.66796875
2012-05-31,2370.007080078125,2382.989013671875,2362.31298828125,2372.23388671875,77800.0,2372.23388671875
2012-06-01,2373.22412109375,2388.0859375,2365.44189453125,2373.43603515625,77000.0,2373.43603515625
2012-06-04,2346.98388671875,2348.198974609375,2308.22900390625,2308.550048828125,90200.0,2308.550048828125
2012-06-05,2313.739990234375,2323.298095703125,2304.0458984375,2311.916015625,66000.0,2311.916015625
2012-06-06,2315.56103515625,2323.113037109375,2301.034912109375,2309.554931640625,58600.0,2309.554931640625
2012-06-07,2324.672119140625,2328.672119140625,2288.6650390625,2293.1298828125,60200.0,2293.1298828125
2012-06-08,2306.218994140625,2306.882080078125,2276.714111328125,2281.447021484375,68000.0,2281.447021484375
2012-06-11,2282.89111328125,2311.77197265625,2278.1630859375,2305.85595703125,64200.0,2305.85595703125
2012-06-12,2295.070068359375,2298.948974609375,2280.950927734375,2289.791015625,60000.0,2289.791015625
2012-06-13,2289.70703125,2319.714111328125,2284.64990234375,2318.924072265625,78400.0,2318.924072265625
2012-06-14,2306.781005859375,2314.5849609375,2293.06396484375,2295.946044921875,71600.0,2295.946044921875
2012-06-15,2299.781005859375,2314.241943359375,2283.39990234375,2306.85009765625,68600.0,2306.85009765625
2012-06-18,2313.530029296875,2325.052001953125,2309.708984375,2316.052001953125,60600.0,2316.052001953125
2012-06-19,2313.455078125,2313.455078125,2298.39404296875,2300.794921875,60200.0,2300.794921875
2012-06-20,2300.406005859375,2304.4580078125,2291.541015625,2292.876953125,54200.0,2292.876953125
2012-06-21,2288.4541015625,2288.4541015625,2253.7890625,2260.876953125,59000.0,2260.876953125
2012-06-25,2253.513916015625,2253.513916015625,2223.053955078125,2224.114013671875,59800.0,2224.114013671875
2012-06-26,2214.64892578125,2229.239990234375,2203.944091796875,2222.06689453125,53000.0,2222.06689453125
2012-06-27,2219.944091796875,2233.54296875,2213.322998046875,2216.93408203125,51000.0,2216.93408203125
2012-06-28,2220.236083984375,2224.155029296875,2195.35498046875,2195.843017578125,54200.0,2195.843017578125
2012-06-29,2190.574951171875,2226.485107421875,2188.716064453125,2225.429931640625,61400.0,2225.429931640625
2012-07-02,2234.320068359375,2234.873046875,2215.35791015625,2226.110107421875,62200.0,2226.110107421875
2012-07-03,2225.56689453125,2244.83203125,2219.050048828125,2229.19189453125,62800.0,2229.19189453125
2012-07-04,2233.3349609375,2239.27001953125,2219.447998046875,2227.31494140625,55200.0,2227.31494140625
2012-07-05,2218.216064453125,2218.216064453125,2192.64794921875,2201.35302734375,58000.0,2201.35302734375
2012-07-06,2203.72998046875,2227.472900390625,2185.52197265625,2223.5791015625,76600.0,2223.5791015625
2012-07-09,2210.714111328125,2216.697021484375,2168.60791015625,2170.81396484375,75200.0,2170.81396484375
2012-07-10,2166.947021484375,2178.195068359375,2156.72607421875,2164.43798828125,59000.0,2164.43798828125
2012-07-11,2160.02001953125,2176.490966796875,2156.595947265625,2175.383056640625,58600.0,2175.383056640625
2012-07-12,2172.06396484375,2197.0439453125,2152.675048828125,2185.490966796875,82200.0,2185.490966796875
2012-07-13,2180.172119140625,2198.660888671875,2177.924072265625,2185.89501953125,57600.0,2185.89501953125
2012-07-16,2187.886962890625,2188.06298828125,2146.154052734375,2147.955078125,67400.0,2147.955078125
2012-07-17,2142.429931640625,2165.3349609375,2141.48095703125,2161.18603515625,55200.0,2161.18603515625
2012-07-18,2159.85693359375,2170.2958984375,2138.7919921875,2169.09912109375,66600.0,2169.09912109375
2012-07-19,2164.27392578125,2197.7900390625,2159.943115234375,2184.841064453125,79400.0,2184.841064453125
2012-07-20,2180.011962890625,2185.73291015625,2162.06298828125,2168.637939453125,64400.0,2168.637939453125
2012-07-23,2154.1708984375,2154.1708984375,2135.56298828125,2141.402099609375,55600.0,2141.402099609375
2012-07-24,2132.31689453125,2158.947998046875,2131.012939453125,2146.587890625,54400.0,2146.587890625
2012-07-25,2141.035888671875,2151.449951171875,2132.8330078125,2136.15087890625,48600.0,2136.15087890625
2012-07-26,2134.987060546875,2147.6640625,2124.155029296875,2126.00390625,52800.0,2126.00390625
2012-07-27,2132.009033203125,2139.154052734375,2120.6298828125,2128.764892578125,52000.0,2128.764892578125
2012-07-30,2128.158935546875,2137.736083984375,2107.634033203125,2109.9140625,52000.0,2109.9140625
2012-07-31,2109.324951171875,2116.904052734375,2100.251953125,2103.635009765625,53400.0,2103.635009765625
2012-08-01,2101.722900390625,2130.7119140625,2101.7080078125,2123.360107421875,53800.0,2123.360107421875
2012-08-02,2120.14599609375,2126.4599609375,2103.4951171875,2111.181884765625,53400.0,2111.181884765625
2012-08-03,2113.964111328125,2133.26611328125,2108.330078125,2132.7958984375,53400.0,2132.7958984375
2012-08-06,2129.14794921875,2158.680908203125,2127.262939453125,2154.916015625,71800.0,2154.916015625
2012-08-07,2153.093017578125,2159.68310546875,2148.89697265625,2157.6201171875,75000.0,2157.6201171875
2012-08-08,2158.98193359375,2168.73388671875,2153.02001953125,2160.989990234375,72800.0,2160.989990234375
2012-08-09,2159.43408203125,2175.544921875,2148.694091796875,2174.10205078125,72600.0,2174.10205078125
2012-08-10,2172.964111328125,2176.794921875,2165.283935546875,2168.81396484375,68400.0,2168.81396484375
2012-08-13,2164.04296875,2164.04296875,2134.553955078125,2136.077880859375,71400.0,2136.077880859375
2012-08-14,2137.047119140625,2144.006103515625,2119.2529296875,2142.52392578125,67600.0,2142.52392578125
2012-08-15,2138.278076171875,2139.14208984375,2118.5029296875,2118.945068359375,54600.0,2118.945068359375
2012-08-16,2116.080078125,2122.68310546875,2109.657958984375,2112.197021484375,45200.0,2112.197021484375
2012-08-17,2111.653076171875,2120.714111328125,2100.787109375,2114.89111328125,44400.0,2114.89111328125
2012-08-20,2102.23095703125,2110.780029296875,2089.01806640625,2106.95703125,46800.0,2106.95703125
2012-08-21,2106.381103515625,2124.195068359375,2103.071044921875,2118.26806640625,60800.0,2118.26806640625
2012-08-22,2118.881103515625,2121.14892578125,2097.60498046875,2107.7109375,58400.0,2107.7109375
2012-08-23,2106.9599609375,2118.736083984375,2097.0830078125,2113.072021484375,58400.0,2113.072021484375
2012-08-24,2108.360107421875,2109.822021484375,2089.217041015625,2092.10400390625,60200.0,2092.10400390625
2012-08-27,2085.373046875,2085.373046875,2055.3759765625,2055.7080078125,60400.0,2055.7080078125
2012-08-28,2054.967041015625,2083.9560546875,2052.491943359375,2073.154052734375,54400.0,2073.154052734375
2012-08-29,2066.820068359375,2073.948974609375,2051.77392578125,2053.235107421875,52200.0,2053.235107421875
2012-08-30,2044.032958984375,2060.18505859375,2032.5369873046875,2052.5849609375,62000.0,2052.5849609375
2012-08-31,2046.2889404296875,2059.302001953125,2044.6500244140625,2047.52197265625,46200.0,2047.52197265625
2012-09-03,2044.823974609375,2066.780029296875,2041.1610107421875,2059.14697265625,60600.0,2059.14697265625
2012-09-04,2060.613037109375,2063.81689453125,2039.2659912109375,2043.6490478515625,57400.0,2043.6490478515625
2012-09-05,2038.873046875,2048.319091796875,2029.052978515625,2037.6810302734375,57600.0,2037.6810302734375
2012-09-06,2040.66796875,2052.949951171875,2036.365966796875,2051.91796875,56000.0,2051.91796875
2012-09-07,2062.989990234375,2145.0029296875,2062.989990234375,2127.761962890625,140000.0,2127.761962890625
2012-09-10,2128.06494140625,2140.16796875,2120.486083984375,2134.89306640625,103600.0,2134.89306640625
2012-09-11,2127.51904296875,2127.51904296875,2107.218994140625,2120.553955078125,80400.0,2120.553955078125
2012-09-12,2129.68701171875,2137.889892578125,2109.136962890625,2126.553955078125,84200.0,2126.553955078125
2012-09-13,2123.840087890625,2130.0791015625,2109.99609375,2110.37890625,79000.0,2110.37890625
2012-09-14,2127.388916015625,2136.22607421875,2111.1201171875,2123.846923828125,91200.0,2123.846923828125
2012-09-17,2120.616943359375,2121.5830078125,2077.48388671875,2078.5,76400.0,2078.5
2012-09-18,2069.343017578125,2074.761962890625,2053.662109375,2059.54296875,53800.0,2059.54296875
2012-09-19,2061.06103515625,2069.949951171875,2055.197998046875,2067.8310546875,52200.0,2067.8310546875
2012-09-20,2060.305908203125,2060.305908203125,2023.0849609375,2024.8370361328125,67400.0,2024.8370361328125
2012-09-21,2020.553955078125,2041.947998046875,2018.262939453125,2026.68994140625,60200.0,2026.68994140625
2012-09-24,2015.7669677734375,2040.8499755859375,2005.262939453125,2033.1920166015625,57600.0,2033.1920166015625
2012-09-25,2028.6319580078125,2039.095947265625,2021.8089599609375,2029.29296875,48200.0,2029.29296875
2012-09-26,2027.85498046875,2033.0360107421875,1999.4840087890625,2004.1719970703125,50400.0,2004.1719970703125
2012-09-27,2003.0989990234375,2068.071044921875,2002.323974609375,2056.322998046875,76600.0,2056.322998046875
2012-09-28,2042.885986328125,2089.633056640625,2040.3499755859375,2086.1689453125,79400.0,2086.1689453125
2012-10-08,2084.84912109375,2096.259033203125,2063.089111328125,2074.4189453125,55200.0,2074.4189453125
2012-10-09,2081.587890625,2119.3359375,2081.587890625,2115.22900390625,84600.0,2115.22900390625
2012-10-10,2111.5869140625,2121.991943359375,2102.534912109375,2119.94189453125,79000.0,2119.94189453125
2012-10-11,2114.23193359375,2117.839111328125,2101.139892578125,2102.867919921875,74400.0,2102.867919921875
2012-10-12,2109.070068359375,2127.306884765625,2092.510986328125,2104.931884765625,68200.0,2104.931884765625
2012-10-15,2105.02392578125,2107.198974609375,2085.114990234375,2098.702880859375,54000.0,2098.702880859375
2012-10-16,2097.050048828125,2111.780029296875,2089.695068359375,2098.80810546875,57800.0,2098.80810546875
2012-10-17,2104.280029296875,2113.162109375,2088.0439453125,2105.617919921875,59800.0,2105.617919921875
2012-10-18,2108.498046875,2137.68603515625,2107.491943359375,2131.68798828125,87200.0,2131.68798828125
2012-10-19,2129.820068359375,2136.868896484375,2125.736083984375,2128.302001953125,67600.0,2128.302001953125
2012-10-22,2118.52099609375,2138.027099609375,2112.751953125,2132.758056640625,60200.0,2132.758056640625
2012-10-23,2132.10791015625,2136.218017578125,2111.923095703125,2114.447021484375,72600.0,2114.447021484375
2012-10-24,2106.830078125,2123.998046875,2104.669921875,2115.989990234375,72800.0,2115.989990234375
2012-10-25,2114.763916015625,2128.739990234375,2100.60888671875,2101.580078125,85400.0,2101.580078125
2012-10-26,2100.10009765625,2102.162109375,2058.06298828125,2066.208984375,78600.0,2066.208984375
2012-10-29,2061.846923828125,2068.237060546875,2053.092041015625,2058.943115234375,53600.0,2058.943115234375
2012-10-30,2059.201904296875,2075.905029296875,2054.263916015625,2062.346923828125,60600.0,2062.346923828125
2012-10-31,2061.1240234375,2070.47900390625,2053.5830078125,2068.8798828125,59600.0,2068.8798828125
2012-11-01,2070.02001953125,2109.49609375,2069.947998046875,2104.427001953125,82800.0,2104.427001953125
2012-11-02,2105.448974609375,2119.22412109375,2096.531005859375,2117.0458984375,76600.0,2117.0458984375
2012-11-05,2113.327880859375,2123.326904296875,2104.5830078125,2114.027099609375,71600.0,2114.027099609375
2012-11-06,2113.657958984375,2114.791015625,2078.471923828125,2105.9990234375,71400.0,2105.9990234375
2012-11-07,2102.4189453125,2112.631103515625,2093.2890625,2105.72998046875,59400.0,2105.72998046875
2012-11-08,2091.25390625,2092.56494140625,2070.64892578125,2071.509033203125,66600.0,2071.509033203125
2012-11-09,2066.4951171875,2077.22802734375,2062.4169921875,2069.06689453125,54200.0,2069.06689453125
2012-11-12,2069.214111328125,2079.571044921875,2061.840087890625,2079.27294921875,56600.0,2079.27294921875
2012-11-13,2078.133056640625,2078.133056640625,2044.0360107421875,2047.8890380859375,61000.0,2047.8890380859375
2012-11-14,2047.2569580078125,2056.488037109375,2040.1719970703125,2055.4189453125,48000.0,2055.4189453125
2012-11-15,2045.4560546875,2053.56005859375,2029.8740234375,2030.2900390625,50600.0,2030.2900390625
2012-11-16,2026.56298828125,2028.68603515625,2001.7149658203125,2014.7249755859375,49600.0,2014.7249755859375
2012-11-19,2013.2459716796875,2018.3800048828125,1995.720947265625,2016.9820556640625,45400.0,2016.9820556640625
2012-11-20,2020.4329833984375,2023.6109619140625,2004.1700439453125,2008.9229736328125,42600.0,2008.9229736328125
2012-11-21,2008.2110595703125,2031.1490478515625,1995.1739501953125,2030.3189697265625,53200.0,2030.3189697265625
2012-11-22,2021.208984375,2023.0849609375,2009.719970703125,2015.6109619140625,45600.0,2015.6109619140625
2012-11-23,2020.0150146484375,2034.884033203125,2017.0040283203125,2027.384033203125,51600.0,2027.384033203125
2012-11-26,2023.3389892578125,2027.2740478515625,2014.029052734375,2017.4639892578125,44800.0,2017.4639892578125
2012-11-27,2012.074951171875,2014.2099609375,1990.3360595703125,1991.1650390625,56600.0,1991.1650390625
2012-11-28,1984.47998046875,1984.863037109375,1968.2130126953125,1973.52294921875,50600.0,1973.52294921875
2012-11-29,1972.925048828125,1980.5560302734375,1961.822021484375,1963.488037109375,49600.0,1963.488037109375
2012-11-30,1961.81494140625,1983.4189453125,1959.333984375,1980.116943359375,56800.0,1980.116943359375
2012-12-03,1977.2540283203125,1988.1910400390625,1957.884033203125,1959.7669677734375,61600.0,1959.7669677734375
2012-12-04,1956.615966796875,1980.1190185546875,1949.45703125,1975.1429443359375,62400.0,1975.1429443359375
2012-12-05,1973.1070556640625,2040.60400390625,1970.2020263671875,2031.906982421875,120000.0,2031.906982421875
2012-12-06,2029.56201171875,2036.6090087890625,2018.3790283203125,2029.237060546875,81400.0,2029.237060546875
2012-12-07,2028.7659912109375,2065.743896484375,2023.9610595703125,2061.785888671875,115200.0,2061.785888671875
2012-12-10,2067.323974609375,2087.007080078125,2064.614990234375,2083.77001953125,115400.0,2083.77001953125
2012-12-11,2077.556884765625,2088.635009765625,2070.19189453125,2074.7041015625,93400.0,2074.7041015625
2012-12-12,2073.27099609375,2085.93408203125,2066.39111328125,2082.72607421875,78600.0,2082.72607421875
2012-12-13,2077.4169921875,2081.363037109375,2059.471923828125,2061.47607421875,72200.0,2061.47607421875
2012-12-14,2062.68896484375,2152.49609375,2062.5419921875,2150.625,160800.0,2150.625
2012-12-17,2152.096923828125,2169.570068359375,2151.93603515625,2160.342041015625,144200.0,2160.342041015625
2012-12-18,2155.85791015625,2183.712890625,2144.73291015625,2162.464111328125,126000.0,2162.464111328125
2012-12-19,2158.669921875,2175.39501953125,2154.287109375,2162.239013671875,94400.0,2162.239013671875
2012-12-20,2156.193115234375,2174.819091796875,2142.950927734375,2168.35302734375,99400.0,2168.35302734375
2012-12-21,2169.570068359375,2190.39794921875,2148.169921875,2153.31005859375,103400.0,2153.31005859375
2012-12-24,2150.654052734375,2170.39404296875,2149.823974609375,2159.052978515625,78400.0,2159.052978515625
2012-12-25,2154.320068359375,2220.262939453125,2146.862060546875,2213.611083984375,143400.0,2213.611083984375
2012-12-26,2211.593994140625,2220.47509765625,2206.787109375,2219.132080078125,121800.0,2219.132080078125
2012-12-27,2223.655029296875,2234.72412109375,2204.7900390625,2205.89697265625,129000.0,2205.89697265625
2012-12-28,2207.9130859375,2234.868896484375,2204.0029296875,2233.251953125,116000.0,2233.251953125
2012-12-31,2236.4609375,2269.511962890625,2236.4609375,2269.1279296875,128000.0,2269.1279296875
2013-01-04,2289.510009765625,2296.113037109375,2256.56005859375,2276.991943359375,139400.0,2276.991943359375
2013-01-07,2271.6630859375,2293.31689453125,2266.862060546875,2285.364013671875,118200.0,2285.364013671875
2013-01-08,2284.654052734375,2289.138916015625,2262.97900390625,2276.070068359375,123000.0,2276.070068359375
2013-01-09,2271.299072265625,2283.89599609375,2259.051025390625,2275.340087890625,122000.0,2275.340087890625
2013-01-10,2274.376953125,2295.48388671875,2268.64794921875,2283.656982421875,120000.0,2283.656982421875
2013-01-11,2285.18505859375,2290.205078125,2234.947021484375,2242.9970703125,125000.0,2242.9970703125
2013-01-14,2236.2880859375,2317.616943359375,2235.10693359375,2311.739990234375,144800.0,2311.739990234375
2013-01-15,2312.468017578125,2332.782958984375,2309.322998046875,2325.681884765625,165600.0,2325.681884765625
2013-01-16,2322.157958984375,2326.763916015625,2279.507080078125,2309.4990234375,153600.0,2309.4990234375
2013-01-17,2305.139892578125,2305.60205078125,2275.876953125,2284.908935546875,119200.0,2284.908935546875
2013-01-18,2295.80908203125,2324.509033203125,2285.971923828125,2317.070068359375,125400.0,2317.070068359375
2013-01-21,2321.489990234375,2329.5810546875,2305.09912109375,2328.220947265625,134600.0,2328.220947265625
2013-01-22,2326.489990234375,2335.805908203125,2301.301025390625,2315.138916015625,149400.0,2315.138916015625
2013-01-23,2308.52099609375,2325.117919921875,2296.490966796875,2320.910888671875,118200.0,2320.910888671875
2013-01-24,2320.258056640625,2362.943115234375,2287.2958984375,2302.597900390625,161000.0,2302.597900390625
2013-01-25,2300.0009765625,2308.3798828125,2288.261962890625,2291.303955078125,92600.0,2291.303955078125
2013-01-28,2295.35205078125,2346.9208984375,2295.35205078125,2346.5048828125,128400.0,2346.5048828125
2013-01-29,2347.215087890625,2363.797119140625,2337.35302734375,2358.97705078125,141800.0,2358.97705078125
2013-01-30,2360.748046875,2383.762939453125,2347.889892578125,2382.47509765625,149800.0,2382.47509765625
2013-01-31,2383.426025390625,2391.821044921875,2371.22607421875,2385.422119140625,139800.0,2385.422119140625
2013-02-01,2377.4140625,2421.154052734375,2369.570068359375,2419.02001953125,140800.0,2419.02001953125
2013-02-04,2425.9208984375,2440.3759765625,2417.5849609375,2428.154052734375,167600.0,2428.154052734375
2013-02-05,2411.0009765625,2437.4150390625,2403.302001953125,2433.1298828125,150800.0,2433.1298828125
2013-02-06,2432.677001953125,2441.72607421875,2427.698974609375,2434.47705078125,116600.0,2434.47705078125
2013-02-07,2430.68798828125,2433.89306640625,2394.218017578125,2418.530029296875,120000.0,2418.530029296875
2013-02-08,2416.618896484375,2443.031982421875,2414.39697265625,2432.402099609375,109000.0,2432.402099609375
2013-02-18,2441.906005859375,2444.803955078125,2415.428955078125,2421.55810546875,116200.0,2421.55810546875
2013-02-19,2420.264892578125,2427.074951171875,2373.534912109375,2382.9140625,123400.0,2382.9140625
2013-02-20,2383.492919921875,2397.94091796875,2370.60791015625,2397.177978515625,110200.0,2397.177978515625
2013-02-21,2378.822021484375,2378.822021484375,2309.1708984375,2325.950927734375,144000.0,2325.950927734375
2013-02-22,2322.93994140625,2330.87890625,2308.760009765625,2314.1640625,97000.0,2314.1640625
2013-02-25,2320.617919921875,2338.780029296875,2315.011962890625,2325.819091796875,88400.0,2325.819091796875
2013-02-26,2313.739990234375,2340.7080078125,2289.885986328125,2293.341064453125,117600.0,2293.341064453125
2013-02-27,2297.76708984375,2324.626953125,2292.033935546875,2313.219970703125,97800.0,2313.219970703125
2013-02-28,2322.322998046875,2366.1640625,2308.916015625,2365.593017578125,127000.0,2365.593017578125
2013-03-01,2364.5439453125,2369.64892578125,2330.85791015625,2359.506103515625,120400.0,2359.506103515625
2013-03-04,2332.080078125,2333.5400390625,2259.2470703125,2273.404052734375,161800.0,2273.404052734375
2013-03-05,2274.80810546875,2328.14306640625,2270.10009765625,2326.305908203125,131200.0,2326.305908203125
2013-03-06,2333.614990234375,2351.44091796875,2321.60009765625,2347.178955078125,141400.0,2347.178955078125
2013-03-07,2340.43603515625,2352.02099609375,2304.27001953125,2324.29296875,139800.0,2324.29296875
2013-03-08,2326.4169921875,2333.6669921875,2314.5869140625,2318.611083984375,98800.0,2318.611083984375
2013-03-11,2314.68310546875,2320.9599609375,2296.5830078125,2310.593017578125,84200.0,2310.593017578125
2013-03-12,2309.157958984375,2333.285888671875,2264.8291015625,2286.60498046875,117600.0,2286.60498046875
2013-03-13,2282.169921875,2286.3291015625,2253.2490234375,2263.968017578125,91000.0,2263.968017578125
2013-03-14,2255.77490234375,2276.220947265625,2253.31005859375,2270.277099609375,80200.0,2270.277099609375
2013-03-15,2269.31494140625,2312.077880859375,2250.0048828125,2278.40087890625,116400.0,2278.40087890625
2013-03-18,2267.287109375,2276.050048828125,2239.214111328125,2240.01611328125,93200.0,2240.01611328125
2013-03-19,2244.264892578125,2261.31396484375,2232.02294921875,2257.43408203125,87600.0,2257.43408203125
2013-03-20,2257.737060546875,2317.860107421875,2257.419921875,2317.375,131200.0,2317.375
2013-03-21,2318.205078125,2330.81298828125,2311.60302734375,2324.241943359375,119200.0,2324.241943359375
2013-03-22,2321.403076171875,2331.9951171875,2314.967041015625,2328.278076171875,101200.0,2328.278076171875
2013-03-25,2334.735107421875,2344.89404296875,2319.907958984375,2326.715087890625,97000.0,2326.715087890625
2013-03-26,2318.577880859375,2319.988037109375,2281.117919921875,2297.6689453125,104400.0,2297.6689453125
2013-03-27,2299.376953125,2323.47705078125,2288.9951171875,2301.260009765625,96400.0,2301.260009765625
2013-03-28,2273.552001953125,2273.552001953125,2232.906005859375,2236.302001953125,127600.0,2236.302001953125
2013-03-29,2238.485107421875,2246.867919921875,2228.81298828125,2236.62109375,85600.0,2236.62109375
2013-04-01,2229.4599609375,2243.947998046875,2227.31396484375,2234.39501953125,77400.0,2234.39501953125
2013-04-02,2234.90087890625,2253.4208984375,2220.43896484375,2227.739990234375,89800.0,2227.739990234375
2013-04-03,2232.694091796875,2241.340087890625,2217.251953125,2225.294921875,81800.0,2225.294921875
2013-04-08,2196.238037109375,2212.5859375,2180.673095703125,2211.592041015625,86200.0,2211.592041015625
2013-04-09,2215.467041015625,2234.72509765625,2215.467041015625,2225.77392578125,82800.0,2225.77392578125
2013-04-10,2224.93408203125,2233.0400390625,2212.56103515625,2226.1259765625,80600.0,2226.1259765625
2013-04-11,2236.98291015625,2242.47900390625,2217.264892578125,2219.552978515625,73600.0,2219.552978515625
2013-04-12,2218.093994140625,2226.261962890625,2204.43798828125,2206.780029296875,66800.0,2206.780029296875
2013-04-15,2199.9140625,2204.987060546875,2177.387939453125,2181.94091796875,71600.0,2181.94091796875
2013-04-16,2169.6298828125,2196.431884765625,2165.783935546875,2194.844970703125,80000.0,2194.844970703125
2013-04-17,2195.031982421875,2197.508056640625,2178.468994140625,2193.7958984375,68400.0,2193.7958984375
2013-04-18,2181.822021484375,2206.027099609375,2175.444091796875,2197.60205078125,71600.0,2197.60205078125
2013-04-19,2201.1220703125,2250.110107421875,2200.5830078125,2244.64306640625,109600.0,2244.64306640625
2013-04-22,2236.402099609375,2245.118896484375,2232.258056640625,2242.1689453125,95200.0,2242.1689453125
2013-04-23,2242.615966796875,2242.615966796875,2182.805908203125,2184.5380859375,96600.0,2184.5380859375
2013-04-24,2187.34912109375,2226.115966796875,2184.10888671875,2218.318115234375,91600.0,2218.318115234375
2013-04-25,2213.18505859375,2224.6298828125,2191.847900390625,2199.306884765625,96800.0,2199.306884765625
2013-04-26,2203.888916015625,2210.5810546875,2173.864013671875,2177.912109375,76600.0,2177.912109375
2013-05-02,2170.782958984375,2179.64697265625,2161.139892578125,2174.123046875,68400.0,2174.123046875
2013-05-03,2179.049072265625,2222.81103515625,2179.049072265625,2205.4970703125,88600.0,2205.4970703125
2013-05-06,2212.4951171875,2236.06591796875,2212.4951171875,2231.166015625,92200.0,2231.166015625
2013-05-07,2227.861083984375,2240.256103515625,2219.43505859375,2235.574951171875,86400.0,2235.574951171875
2013-05-08,2242.39306640625,2255.2080078125,2235.4169921875,2246.300048828125,90400.0,2246.300048828125
2013-05-09,2246.962890625,2247.864013671875,2221.384033203125,2232.970947265625,98600.0,2232.970947265625
2013-05-10,2228.819091796875,2247.674072265625,2225.81201171875,2246.8310546875,90400.0,2246.8310546875
2013-05-13,2247.677978515625,2250.85400390625,2231.363037109375,2241.919921875,86200.0,2241.919921875
2013-05-14,2238.904052734375,2239.926025390625,2205.873046875,2217.010009765625,83200.0,2217.010009765625
2013-05-15,2217.0859375,2225.18603515625,2213.58203125,2224.797119140625,71800.0,2224.797119140625
2013-05-16,2221.3369140625,2252.8720703125,2210.77001953125,2251.804931640625,110200.0,2251.804931640625
2013-05-17,2249.81103515625,2288.091064453125,2248.4130859375,2282.8701171875,126200.0,2282.8701171875
2013-05-20,2286.327880859375,2309.39208984375,2281.89892578125,2299.986083984375,139200.0,2299.986083984375
2013-05-21,2297.110107421875,2305.301025390625,2290.1240234375,2305.114013671875,124200.0,2305.114013671875
2013-05-22,2303.75,2314.18310546875,2292.430908203125,2302.403076171875,128400.0,2302.403076171875
2013-05-23,2293.80908203125,2304.952880859375,2274.10205078125,2275.6669921875,124000.0,2275.6669921875
2013-05-24,2281.445068359375,2292.594970703125,2270.25,2288.531982421875,101400.0,2288.531982421875
2013-05-27,2286.660888671875,2301.701904296875,2283.93505859375,2293.076904296875,107400.0,2293.076904296875
2013-05-28,2293.39990234375,2322.09912109375,2281.468017578125,2321.318115234375,132600.0,2321.318115234375
2013-05-29,2323.5390625,2334.3349609375,2321.166015625,2324.01708984375,125200.0,2324.01708984375
2013-05-30,2316.2529296875,2325.720947265625,2310.491943359375,2317.7490234375,112000.0,2317.7490234375
2013-05-31,2320.739013671875,2325.533935546875,2299.368896484375,2300.594970703125,108200.0,2300.594970703125
2013-06-03,2300.208984375,2313.425048828125,2294.113037109375,2299.251953125,96800.0,2299.251953125
2013-06-04,2297.10009765625,2297.10009765625,2264.760986328125,2272.4169921875,101800.0,2272.4169921875
2013-06-05,2270.7119140625,2276.864990234375,2260.87109375,2270.929931640625,76400.0,2270.929931640625
2013-06-06,2264.425048828125,2266.69189453125,2240.070068359375,2242.110107421875,81600.0,2242.110107421875
2013-06-07,2242.262939453125,2250.62890625,2205.06591796875,2210.89794921875,90000.0,2210.89794921875
2013-06-13,2190.10107421875,2190.10107421875,2126.216064453125,2148.35498046875,94400.0,2148.35498046875
2013-06-14,2150.06005859375,2163.845947265625,2142.780029296875,2162.041015625,77800.0,2162.041015625
2013-06-17,2165.993896484375,2169.35595703125,2147.029052734375,2156.215087890625,75800.0,2156.215087890625
2013-06-18,2158.5458984375,2161.680908203125,2138.346923828125,2159.291015625,69600.0,2159.291015625
2013-06-19,2150.81591796875,2150.81591796875,2115.7919921875,2143.4541015625,75400.0,2143.4541015625
2013-06-20,2132.81298828125,2132.81298828125,2082.824951171875,2084.02099609375,77800.0,2084.02099609375
2013-06-21,2058.97900390625,2085.860107421875,2042.8790283203125,2073.094970703125,79600.0,2073.094970703125
2013-06-24,2068.862060546875,2068.862060546875,1958.4010009765625,1963.2349853515625,109200.0,1963.2349853515625
2013-06-25,1948.31494140625,1963.5660400390625,1849.6529541015625,1959.508056640625,138200.0,1959.508056640625
2013-06-26,1954.4739990234375,1959.157958984375,1922.823974609375,1951.4949951171875,101200.0,1951.4949951171875
2013-06-27,1955.1259765625,1980.5400390625,1942.3709716796875,1950.011962890625,105800.0,1950.011962890625
2013-06-28,1935.5159912109375,1987.9840087890625,1925.6510009765625,1979.2060546875,100800.0,1979.2060546875
2013-07-01,1965.987060546875,1995.916015625,1957.571044921875,1995.241943359375,78000.0,1995.241943359375
2013-07-02,1992.8900146484375,2007.6199951171875,1978.427978515625,2006.56005859375,86400.0,2006.56005859375
2013-07-03,1996.5059814453125,1996.5369873046875,1965.51904296875,1994.2679443359375,93400.0,1994.2679443359375
2013-07-04,1982.8699951171875,2022.135986328125,1974.10302734375,2006.0980224609375,100400.0,2006.0980224609375
2013-07-05,2006.1910400390625,2021.541015625,2002.366943359375,2007.198974609375,91400.0,2007.198974609375
2013-07-08,1983.2139892578125,1983.2139892578125,1953.1209716796875,1958.27294921875,84200.0,1958.27294921875
2013-07-09,1953.60205078125,1969.1490478515625,1946.365966796875,1965.4539794921875,64600.0,1965.4539794921875
2013-07-10,1962.8399658203125,2009.3599853515625,1960.2769775390625,2008.1259765625,89800.0,2008.1259765625
2013-07-11,2011.02001953125,2092.867919921875,2010.4000244140625,2072.990966796875,160000.0,2072.990966796875
2013-07-12,2068.0439453125,2074.85693359375,2036.050048828125,2039.4859619140625,121200.0,2039.4859619140625
2013-07-15,2046.1190185546875,2076.6650390625,2037.248046875,2059.389892578125,101400.0,2059.389892578125
2013-07-16,2054.60009765625,2066.363037109375,2038.5350341796875,2065.719970703125,96800.0,2065.719970703125
2013-07-17,2061.18603515625,2075.81298828125,2043.23095703125,2044.9219970703125,103200.0,2044.9219970703125
2013-07-18,2038.4000244140625,2043.3719482421875,2016.8990478515625,2023.39599609375,92200.0,2023.39599609375
2013-07-19,2025.3170166015625,2035.219970703125,1990.2530517578125,1992.64794921875,104600.0,1992.64794921875
2013-07-22,1977.7330322265625,2005.4739990234375,1970.6390380859375,2004.761962890625,83000.0,2004.761962890625
2013-07-23,2008.9549560546875,2051.52587890625,2005.092041015625,2043.8759765625,109600.0,2043.8759765625
2013-07-24,2035.6910400390625,2042.77294921875,2010.4239501953125,2033.3289794921875,106600.0,2033.3289794921875
2013-07-25,2037.3360595703125,2045.364990234375,2016.4310302734375,2021.1739501953125,98600.0,2021.1739501953125
2013-07-26,2013.18994140625,2021.573974609375,2000.7969970703125,2010.8499755859375,73800.0,2010.8499755859375
2013-07-29,1997.8380126953125,1997.8380126953125,1969.85302734375,1976.3060302734375,78700.0,1976.3060302734375
2013-07-30,1981.4520263671875,2006.2320556640625,1965.3609619140625,1990.06396484375,77200.0,1990.06396484375
2013-07-31,2000.7939453125,2015.4720458984375,1987.8800048828125,1993.7989501953125,70200.0,1993.7989501953125
2013-08-01,2000.8179931640625,2029.927978515625,1997.0579833984375,2029.0670166015625,91200.0,2029.0670166015625
2013-08-02,2039.5140380859375,2047.083984375,2025.654052734375,2029.41796875,93600.0,2029.41796875
2013-08-05,2031.7239990234375,2050.910888671875,2025.2259521484375,2050.48095703125,85500.0,2050.48095703125
2013-08-06,2043.6529541015625,2066.739990234375,2034.95703125,2060.5,105600.0,2060.5
2013-08-07,2056.366943359375,2069.56103515625,2043.75,2046.7779541015625,107700.0,2046.7779541015625
2013-08-08,2044.43603515625,2058.56103515625,2037.2509765625,2044.89501953125,84100.0,2044.89501953125
2013-08-09,2052.243896484375,2061.7080078125,2030.126953125,2052.235107421875,95300.0,2052.235107421875
2013-08-12,2058.416015625,2102.346923828125,2055.715087890625,2101.282958984375,135100.0,2101.282958984375
2013-08-13,2101.323974609375,2106.39599609375,2093.7958984375,2106.156005859375,117700.0,2106.156005859375
2013-08-14,2109.22509765625,2122.965087890625,2093.04296875,2100.136962890625,114400.0,2100.136962890625
2013-08-15,2099.279052734375,2108.405029296875,2079.968994140625,2081.8798828125,99400.0,2081.8798828125
2013-08-16,2075.98291015625,2198.847900390625,2061.654052734375,2068.451904296875,153100.0,2068.451904296875
2013-08-19,2055.1279296875,2091.132080078125,2052.702880859375,2085.60205078125,97400.0,2085.60205078125
2013-08-20,2081.965087890625,2098.97998046875,2066.072021484375,2072.594970703125,107400.0,2072.594970703125
2013-08-21,2076.27099609375,2076.31689453125,2056.9130859375,2072.9609375,87400.0,2072.9609375
2013-08-22,2069.31298828125,2083.3330078125,2062.366943359375,2067.1240234375,90900.0,2067.1240234375
2013-08-23,2075.928955078125,2079.845947265625,2029.364990234375,2057.4580078125,112400.0,2057.4580078125
2013-08-26,2061.4169921875,2097.343017578125,2056.133056640625,2096.47412109375,119900.0,2096.47412109375
2013-08-27,2095.43994140625,2105.375,2090.425048828125,2103.56591796875,126400.0,2103.56591796875
2013-08-28,2092.31103515625,2113.81591796875,2080.861083984375,2101.301025390625,161400.0,2101.301025390625
2013-08-29,2108.43603515625,2110.89404296875,2088.236083984375,2097.22705078125,133200.0,2097.22705078125
2013-08-30,2097.217041015625,2114.39306640625,2089.094970703125,2098.382080078125,170000.0,2098.382080078125
2013-09-02,2104.090087890625,2108.68310546875,2078.455078125,2098.447998046875,149200.0,2098.447998046875
2013-09-03,2100.448974609375,2123.845947265625,2095.455078125,2123.112060546875,138800.0,2123.112060546875
2013-09-04,2121.679931640625,2132.99609375,2115.7529296875,2127.617919921875,142000.0,2127.617919921875
2013-09-05,2125.2548828125,2127.85498046875,2115.236083984375,2122.429931640625,126500.0,2122.429931640625
2013-09-06,2119.3330078125,2143.243896484375,2119.02099609375,2139.992919921875,143200.0,2139.992919921875
2013-09-09,2151.346923828125,2218.529052734375,2151.346923828125,2212.51611328125,219400.0,2212.51611328125
2013-09-10,2214.81396484375,2238.551025390625,2202.81591796875,2237.98388671875,237200.0,2237.98388671875
2013-09-11,2244.9619140625,2258.074951171875,2233.0029296875,2241.26806640625,244300.0,2241.26806640625
2013-09-12,2236.1708984375,2270.26806640625,2226.2880859375,2255.60400390625,209700.0,2255.60400390625
2013-09-13,2251.4619140625,2259.424072265625,2228.48291015625,2236.217041015625,172000.0,2236.217041015625
2013-09-16,2244.462890625,2248.470947265625,2226.1708984375,2231.40087890625,154800.0,2231.40087890625
2013-09-17,2230.387939453125,2230.927978515625,2184.922119140625,2185.56005859375,154500.0,2185.56005859375
2013-09-18,2185.93603515625,2195.904052734375,2172.04296875,2191.85107421875,115100.0,2191.85107421875
2013-09-23,2199.361083984375,2223.068115234375,2198.3359375,2221.0439453125,133200.0,2221.0439453125
2013-09-24,2219.467041015625,2219.54296875,2187.236083984375,2207.531005859375,160400.0,2207.531005859375
2013-09-25,2206.22509765625,2217.97412109375,2193.721923828125,2198.514892578125,160200.0,2198.514892578125
2013-09-26,2192.22607421875,2192.22607421875,2154.720947265625,2155.80908203125,140400.0,2155.80908203125
2013-09-27,2150.9609375,2165.777099609375,2149.593994140625,2160.027099609375,105400.0,2160.027099609375
2013-09-30,2167.73388671875,2176.302978515625,2165.162109375,2174.6650390625,92800.0,2174.6650390625
2013-10-08,2171.904052734375,2200.01806640625,2161.489013671875,2198.198974609375,126700.0,2198.198974609375
2013-10-09,2191.39208984375,2212.346923828125,2185.180908203125,2211.76904296875,130900.0,2211.76904296875
2013-10-10,2214.405029296875,2214.592041015625,2186.47998046875,2190.928955078125,149800.0,2190.928955078125
2013-10-11,2201.408935546875,2228.87109375,2200.530029296875,2228.14599609375,156900.0,2228.14599609375
2013-10-14,2232.218017578125,2242.98388671875,2226.403076171875,2237.77294921875,166000.0,2237.77294921875
2013-10-15,2237.930908203125,2240.25,2221.138916015625,2233.412109375,153700.0,2233.412109375
2013-10-16,2228.113037109375,2228.113037109375,2183.403076171875,2193.073974609375,154600.0,2193.073974609375
2013-10-17,2201.7099609375,2211.030029296875,2183.24609375,2188.5419921875,126800.0,2188.5419921875
2013-10-18,2188.714111328125,2203.291015625,2184.360107421875,2193.780029296875,103700.0,2193.780029296875
2013-10-21,2198.114013671875,2230.284912109375,2190.39404296875,2229.237060546875,136700.0,2229.237060546875
2013-10-22,2227.341064453125,2227.341064453125,2204.243896484375,2210.652099609375,149100.0,2210.652099609375
2013-10-23,2213.27392578125,2226.846923828125,2177.72509765625,2183.10693359375,146300.0,2183.10693359375
2013-10-24,2178.820068359375,2183.412109375,2159.87109375,2164.322021484375,103000.0,2164.322021484375
2013-10-25,2163.68896484375,2170.612060546875,2122.677978515625,2132.955078125,113900.0,2132.955078125
2013-10-28,2135.87890625,2140.95703125,2123.069091796875,2133.868896484375,88400.0,2133.868896484375
2013-10-29,2135.22607421875,2163.656982421875,2093.197021484375,2128.864013671875,143100.0,2128.864013671875
2013-10-30,2126.68994140625,2161.93505859375,2121.841064453125,2160.462890625,119600.0,2160.462890625
2013-10-31,2155.510986328125,2155.510986328125,2137.466064453125,2141.614013671875,108100.0,2141.614013671875
2013-11-01,2139.8798828125,2157.31298828125,2132.62890625,2149.56201171875,89100.0,2149.56201171875
2013-11-04,2156.0869140625,2160.577880859375,2143.20703125,2149.634033203125,76100.0,2149.634033203125
2013-11-05,2139.8369140625,2158.14794921875,2124.844970703125,2157.239990234375,91900.0,2157.239990234375
2013-11-06,2149.389892578125,2166.1708984375,2138.780029296875,2139.60693359375,100500.0,2139.60693359375
2013-11-07,2136.626953125,2141.60009765625,2119.18603515625,2129.39990234375,81800.0,2129.39990234375
2013-11-08,2120.923095703125,2128.5810546875,2103.510009765625,2106.126953125,83100.0,2106.126953125
2013-11-11,2103.299072265625,2117.280029296875,2093.6259765625,2109.470947265625,69700.0,2109.470947265625
2013-11-12,2110.72412109375,2127.93798828125,2108.39599609375,2126.77197265625,79400.0,2126.77197265625
2013-11-13,2117.885986328125,2117.912109375,2086.006103515625,2087.94091796875,88300.0,2087.94091796875
2013-11-14,2087.118896484375,2102.3798828125,2078.988037109375,2100.506103515625,83800.0,2100.506103515625
2013-11-15,2100.89990234375,2153.212890625,2100.785888671875,2135.826904296875,125900.0,2135.826904296875
2013-11-18,2147.373046875,2198.31591796875,2143.76806640625,2197.218994140625,157500.0,2197.218994140625
2013-11-19,2198.318115234375,2203.2958984375,2186.114013671875,2193.125,125000.0,2193.125
2013-11-20,2201.47412109375,2207.10498046875,2186.64208984375,2206.613037109375,119000.0,2206.613037109375
2013-11-21,2197.008056640625,2206.531005859375,2177.735107421875,2205.76611328125,137200.0,2205.76611328125
2013-11-22,2206.469970703125,2211.06591796875,2188.76708984375,2196.3779296875,113800.0,2196.3779296875
2013-11-25,2186.05810546875,2209.14794921875,2181.41796875,2186.114990234375,108300.0,2186.114990234375
2013-11-26,2184.33203125,2192.5791015625,2176.177001953125,2183.072998046875,100500.0,2183.072998046875
2013-11-27,2181.72509765625,2207.616943359375,2176.846923828125,2201.070068359375,115400.0,2201.070068359375
2013-11-28,2204.3779296875,2234.386962890625,2202.623046875,2219.3720703125,134500.0,2219.3720703125
2013-11-29,2221.617919921875,2224.944091796875,2212.262939453125,2220.50390625,107000.0,2220.50390625
2013-12-02,2203.1220703125,2231.9208984375,2172.633056640625,2207.37109375,174300.0,2207.37109375
2013-12-03,2196.823974609375,2227.925048828125,2193.2509765625,2222.669921875,113500.0,2222.669921875
2013-12-04,2219.965087890625,2260.87109375,2215.916015625,2251.761962890625,157300.0,2251.761962890625
2013-12-05,2252.722900390625,2255.260986328125,2239.14404296875,2247.06298828125,122000.0,2247.06298828125
2013-12-06,2242.56298828125,2248.14697265625,2228.632080078125,2237.10791015625,103700.0,2237.10791015625
2013-12-09,2241.79296875,2249.1689453125,2231.73388671875,2238.199951171875,93300.0,2238.199951171875
2013-12-10,2239.864013671875,2250.50390625,2231.679931640625,2237.491943359375,109000.0,2237.491943359375
2013-12-11,2228.633056640625,2228.633056640625,2193.159912109375,2204.166015625,109400.0,2204.166015625
2013-12-12,2199.31689453125,2214.548095703125,2194.90087890625,2202.7958984375,86100.0,2202.7958984375
2013-12-13,2188.259033203125,2204.636962890625,2183.842041015625,2196.074951171875,85100.0,2196.074951171875
2013-12-16,2197.23388671875,2201.696044921875,2159.987060546875,2160.861083984375,101400.0,2160.861083984375
2013-12-17,2161.535888671875,2165.54296875,2146.31396484375,2151.0791015625,78600.0,2151.0791015625
2013-12-18,2150.412109375,2156.593017578125,2142.6240234375,2148.284912109375,64200.0,2148.284912109375
2013-12-19,2153.674072265625,2159.14208984375,2126.24609375,2127.7919921875,73100.0,2127.7919921875
2013-12-20,2128.3740234375,2131.737060546875,2082.85498046875,2084.7939453125,86800.0,2084.7939453125
2013-12-23,2089.5390625,2099.52197265625,2068.54296875,2089.70703125,68100.0,2089.70703125
2013-12-24,2094.072998046875,2111.804931640625,2079.81005859375,2092.905029296875,70300.0,2092.905029296875
2013-12-25,2095.01904296875,2107.23193359375,2088.297119140625,2106.35400390625,65200.0,2106.35400390625
2013-12-26,2102.659912109375,2102.659912109375,2070.5458984375,2073.09912109375,78500.0,2073.09912109375
2013-12-27,2074.592041015625,2110.35693359375,2069.590087890625,2101.2509765625,76800.0,2101.2509765625
2013-12-30,2108.883056640625,2112.009033203125,2095.06298828125,2097.529052734375,74100.0,2097.529052734375
2013-12-31,2090.678955078125,2120.27392578125,2087.4150390625,2115.97802734375,80500.0,2115.97802734375
2014-01-02,2112.1259765625,2113.110107421875,2101.01611328125,2109.386962890625,68500.0,2109.386962890625
2014-01-03,2101.5419921875,2102.1669921875,2075.89892578125,2083.135009765625,84500.0,2083.135009765625
2014-01-06,2078.68408203125,2078.68408203125,2034.0059814453125,2045.708984375,89600.0,2045.708984375
2014-01-07,2034.2239990234375,2052.279052734375,2029.2459716796875,2047.3170166015625,63400.0,2047.3170166015625
2014-01-08,2047.2559814453125,2062.951904296875,2037.1099853515625,2044.3399658203125,71600.0,2044.3399658203125
2014-01-09,2041.77294921875,2057.196044921875,2026.446044921875,2027.6219482421875,75900.0,2027.6219482421875
2014-01-10,2023.5350341796875,2029.2969970703125,2008.0069580078125,2013.2979736328125,75600.0,2013.2979736328125
2014-01-13,2014.97802734375,2027.1810302734375,2000.404052734375,2009.56396484375,66500.0,2009.56396484375
2014-01-14,2007.156005859375,2027.427978515625,2001.135009765625,2026.842041015625,70400.0,2026.842041015625
2014-01-15,2024.22802734375,2027.4090576171875,2010.2039794921875,2023.3480224609375,67400.0,2023.3480224609375
2014-01-16,2022.5379638671875,2034.70703125,2014.406982421875,2023.7010498046875,72800.0,2023.7010498046875
2014-01-17,2017.52197265625,2017.8680419921875,2001.3299560546875,2004.948974609375,67300.0,2004.948974609375
2014-01-20,2001.89404296875,2005.93798828125,1984.823974609375,1991.2530517578125,56300.0,1991.2530517578125
2014-01-21,1992.0150146484375,2014.1519775390625,1992.0150146484375,2008.31298828125,59800.0,2008.31298828125
2014-01-22,2009.968994140625,2052.339111328125,2008.9300537109375,2051.7490234375,98900.0,2051.7490234375
2014-01-23,2048.3310546875,2052.528076171875,2039.052001953125,2042.1800537109375,84200.0,2042.1800537109375
2014-01-24,2037.6669921875,2060.986083984375,2034.4530029296875,2054.39208984375,92900.0,2054.39208984375
2014-01-27,2044.27197265625,2044.845947265625,2029.6259765625,2033.300048828125,88800.0,2033.300048828125
2014-01-28,2036.4019775390625,2047.1290283203125,2026.987060546875,2038.512939453125,72500.0,2038.512939453125
2014-01-29,2042.176025390625,2051.5830078125,2039.77099609375,2049.9140625,73900.0,2049.9140625
2014-01-30,2045.9310302734375,2045.9310302734375,2031.4659423828125,2033.0830078125,62600.0,2033.0830078125
2014-02-07,2022.322998046875,2044.72998046875,2014.697998046875,2044.4969482421875,73600.0,2044.4969482421875
2014-02-10,2049.98388671875,2087.97509765625,2049.98388671875,2086.06689453125,124300.0,2086.06689453125
2014-02-11,2086.177001953125,2111.06103515625,2082.52099609375,2103.6708984375,142200.0,2103.6708984375
2014-02-12,2103.827880859375,2110.904052734375,2096.509033203125,2109.955078125,126300.0,2109.955078125
2014-02-13,2106.93408203125,2122.825927734375,2096.966064453125,2098.40087890625,146500.0,2098.40087890625
2014-02-14,2097.320068359375,2116.18603515625,2095.090087890625,2115.847900390625,111500.0,2115.847900390625
2014-02-17,2124.8798828125,2136.447021484375,2117.68896484375,2135.4150390625,140200.0,2135.4150390625
2014-02-18,2134.14306640625,2134.14306640625,2113.1279296875,2119.06591796875,142900.0,2119.06591796875
2014-02-19,2116.9189453125,2152.9609375,2111.16796875,2142.553955078125,151300.0,2142.553955078125
2014-02-20,2152.89111328125,2177.97802734375,2136.48095703125,2138.781982421875,157100.0,2138.781982421875
2014-02-21,2131.592041015625,2132.702880859375,2098.327880859375,2113.693115234375,117700.0,2113.693115234375
2014-02-24,2099.717041015625,2099.717041015625,2058.791015625,2076.68603515625,123600.0,2076.68603515625
2014-02-25,2077.284912109375,2087.615966796875,2026.54296875,2034.218994140625,140100.0,2034.218994140625
2014-02-26,2026.6099853515625,2041.626953125,2014.3809814453125,2041.2540283203125,110100.0,2041.2540283203125
2014-02-27,2045.095947265625,2068.31396484375,2036.3909912109375,2047.35400390625,132200.0,2047.35400390625
2014-02-28,2040.6240234375,2058.489013671875,2020.93505859375,2056.302001953125,111600.0,2056.302001953125
2014-03-03,2052.074951171875,2078.3330078125,2047.0670166015625,2075.235107421875,127500.0,2075.235107421875
2014-03-04,2068.10693359375,2074.02490234375,2050.125,2071.472900390625,115900.0,2071.472900390625
2014-03-05,2073.294921875,2074.81494140625,2050.175048828125,2053.083984375,107700.0,2053.083984375
2014-03-06,2050.031982421875,2065.7900390625,2030.946044921875,2059.577880859375,109300.0,2059.577880859375
2014-03-07,2058.375,2079.489990234375,2050.469970703125,2057.907958984375,103700.0,2057.907958984375
2014-03-10,2042.35205078125,2042.634033203125,1995.5489501953125,1999.06494140625,115700.0,1999.06494140625
2014-03-11,1994.4150390625,2008.071044921875,1985.5989990234375,2001.156982421875,92700.0,2001.156982421875
2014-03-12,1996.239013671875,2011.06005859375,1974.3819580078125,1997.6920166015625,101400.0,1997.6920166015625
2014-03-13,2000.6949462890625,2029.1199951171875,1996.529052734375,2019.1109619140625,101000.0,2019.1109619140625
2014-03-14,2008.824951171875,2017.9129638671875,1990.97998046875,2004.3389892578125,87800.0,2004.3389892578125
2014-03-17,2009.8819580078125,2024.3719482421875,1999.2490234375,2023.6729736328125,86300.0,2023.6729736328125
2014-03-18,2026.2239990234375,2034.9169921875,2020.4100341796875,2025.196044921875,96800.0,2025.196044921875
2014-03-19,2019.97998046875,2022.1810302734375,2002.4410400390625,2021.7340087890625,95200.0,2021.7340087890625
2014-03-20,2017.219970703125,2030.8470458984375,1993.001953125,1993.47900390625,110300.0,1993.47900390625
2014-03-21,1987.678955078125,2052.471923828125,1986.071044921875,2047.6190185546875,144500.0,2047.6190185546875
2014-03-24,2050.826904296875,2074.055908203125,2043.3299560546875,2066.279052734375,147700.0,2066.279052734375
2014-03-25,2063.322998046875,2079.551025390625,2057.490966796875,2067.31103515625,131800.0,2067.31103515625
2014-03-26,2070.573974609375,2074.572021484375,2057.64794921875,2063.669921875,102600.0,2063.669921875
2014-03-27,2060.81201171875,2073.98095703125,2042.7130126953125,2046.5880126953125,119100.0,2046.5880126953125
2014-03-28,2046.8509521484375,2060.134033203125,2035.2430419921875,2041.7120361328125,121700.0,2041.7120361328125
2014-03-31,2043.0450439453125,2048.134033203125,2024.18505859375,2033.3060302734375,94400.0,2033.3060302734375
2014-04-01,2031.0050048828125,2050.680908203125,2028.095947265625,2047.4599609375,83300.0,2047.4599609375
2014-04-02,2049.423095703125,2060.778076171875,2046.741943359375,2058.988037109375,102700.0,2058.988037109375
2014-04-03,2063.4970703125,2066.007080078125,2037.447021484375,2043.7020263671875,108600.0,2043.7020263671875
2014-04-04,2037.552001953125,2060.10400390625,2035.220947265625,2058.8310546875,83200.0,2058.8310546875
2014-04-08,2054.530029296875,2102.451904296875,2052.89990234375,2098.283935546875,133400.0,2098.283935546875
2014-04-09,2100.65087890625,2108.75,2095.639892578125,2105.237060546875,105300.0,2105.237060546875
2014-04-10,2105.8759765625,2146.669921875,2098.0791015625,2134.300048828125,156800.0,2134.300048828125
2014-04-11,2130.367919921875,2138.65087890625,2120.178955078125,2130.5419921875,131800.0,2130.5419921875
2014-04-14,2127.408935546875,2134.43408203125,2116.610107421875,2131.5390625,102100.0,2131.5390625
2014-04-15,2125.902099609375,2125.902099609375,2098.14990234375,2101.60107421875,107500.0,2101.60107421875
2014-04-16,2097.212890625,2112.050048828125,2092.156982421875,2105.1220703125,89400.0,2105.1220703125
2014-04-17,2108.947021484375,2110.716064453125,2095.714111328125,2098.885009765625,89900.0,2098.885009765625
2014-04-18,2091.47998046875,2099.636962890625,2081.18505859375,2097.748046875,88200.0,2097.748046875
2014-04-21,2085.97998046875,2103.077880859375,2065.23388671875,2065.825927734375,96400.0,2065.825927734375
2014-04-22,2062.787109375,2073.6630859375,2047.33203125,2072.8310546875,98700.0,2072.8310546875
2014-04-23,2068.083984375,2076.34912109375,2059.10888671875,2067.382080078125,78500.0,2067.382080078125
2014-04-24,2064.156005859375,2075.757080078125,2056.193115234375,2057.032958984375,78200.0,2057.032958984375
2014-04-25,2060.5380859375,2065.64306640625,2035.5660400390625,2036.51904296875,93000.0,2036.51904296875
2014-04-28,2033.3370361328125,2035.989990234375,2000.136962890625,2003.487060546875,89800.0,2003.487060546875
2014-04-29,2001.89599609375,2021.6800537109375,1997.6400146484375,2020.3409423828125,76200.0,2020.3409423828125
2014-04-30,2020.43798828125,2029.5379638671875,2016.5770263671875,2026.3580322265625,74500.0,2026.3580322265625
2014-05-05,2022.177978515625,2028.95703125,2007.3509521484375,2027.35302734375,79900.0,2027.35302734375
2014-05-06,2024.2559814453125,2038.7049560546875,2021.4849853515625,2028.0379638671875,74600.0,2028.0379638671875
2014-05-07,2023.1519775390625,2024.6309814453125,2008.4510498046875,2010.0830078125,74400.0,2010.0830078125
2014-05-08,2006.85302734375,2036.9410400390625,2005.68505859375,2015.2740478515625,77900.0,2015.2740478515625
2014-05-09,2016.5009765625,2020.4539794921875,2001.300048828125,2011.135009765625,76200.0,2011.135009765625
2014-05-12,2022.9320068359375,2055.506103515625,2016.637939453125,2052.87109375,115700.0,2052.87109375
2014-05-13,2055.0791015625,2061.05908203125,2043.5469970703125,2050.72802734375,97200.0,2050.72802734375
2014-05-14,2049.27001953125,2056.573974609375,2042.7440185546875,2047.9100341796875,72000.0,2047.9100341796875
2014-05-15,2044.376953125,2047.3160400390625,2022.8609619140625,2024.9739990234375,75800.0,2024.9739990234375
2014-05-16,2023.595947265625,2027.7559814453125,2012.6939697265625,2026.5040283203125,66400.0,2026.5040283203125
2014-05-19,2023.0140380859375,2023.2669677734375,1996.0150146484375,2005.1829833984375,65300.0,2005.1829833984375
2014-05-20,2011.845947265625,2018.156005859375,2002.759033203125,2008.1190185546875,61300.0,2008.1190185546875
2014-05-21,2001.3060302734375,2025.1939697265625,1991.0550537109375,2024.9510498046875,61800.0,2024.9510498046875
2014-05-22,2023.14794921875,2041.9599609375,2018.876953125,2021.2850341796875,74700.0,2021.2850341796875
2014-05-23,2020.114990234375,2034.5689697265625,2017.739013671875,2034.5689697265625,63500.0,2034.5689697265625
2014-05-26,2042.0279541015625,2045.3809814453125,2035.093994140625,2041.4759521484375,70300.0,2041.4759521484375
2014-05-27,2039.791015625,2044.14794921875,2032.8389892578125,2034.56494140625,67600.0,2034.56494140625
2014-05-28,2034.56103515625,2052.656005859375,2029.3360595703125,2050.22802734375,81300.0,2050.22802734375
2014-05-29,2051.840087890625,2057.076904296875,2039.238037109375,2040.594970703125,81200.0,2040.594970703125
2014-05-30,2040.39404296875,2046.9599609375,2031.373046875,2039.2120361328125,75100.0,2039.2120361328125
2014-06-03,2039.196044921875,2049.575927734375,2037.300048828125,2038.3050537109375,71600.0,2038.3050537109375
2014-06-04,2037.989013671875,2038.48095703125,2012.9129638671875,2024.833984375,72400.0,2024.833984375
2014-06-05,2019.4420166015625,2041.7010498046875,2016.175048828125,2040.8780517578125,68000.0,2040.8780517578125
2014-06-06,2040.864013671875,2041.572998046875,2022.157958984375,2029.9560546875,66000.0,2029.9560546875
2014-06-09,2024.9420166015625,2045.2550048828125,2023.197998046875,2030.501953125,64800.0,2030.501953125
2014-06-10,2033.20703125,2052.764892578125,2026.3890380859375,2052.531982421875,79600.0,2052.531982421875
2014-06-11,2049.1279296875,2056.631103515625,2045.406982421875,2054.947998046875,74400.0,2054.947998046875
2014-06-12,2051.58203125,2057.10498046875,2045.9620361328125,2051.712890625,81700.0,2051.712890625
2014-06-13,2049.2060546875,2073.595947265625,2048.617919921875,2070.715087890625,97200.0,2070.715087890625
2014-06-16,2070.698974609375,2087.322021484375,2069.44091796875,2085.98291015625,95900.0,2085.98291015625
2014-06-17,2080.48193359375,2080.48193359375,2064.666015625,2066.697998046875,87800.0,2066.697998046875
2014-06-18,2064.383056640625,2066.9130859375,2051.74609375,2055.51904296875,87200.0,2055.51904296875
2014-06-19,2054.6201171875,2059.2548828125,2017.6529541015625,2023.7349853515625,92900.0,2023.7349853515625
2014-06-20,2013.4139404296875,2027.14794921875,2010.530029296875,2026.6739501953125,67200.0,2026.6739501953125
2014-06-23,2026.2259521484375,2033.3199462890625,2022.9169921875,2024.364990234375,70500.0,2024.364990234375
2014-06-24,2023.698974609375,2034.70703125,2021.75,2033.9310302734375,71200.0,2033.9310302734375
2014-06-25,2030.4329833984375,2030.615966796875,2018.3599853515625,2025.501953125,67500.0,2025.501953125
2014-06-26,2025.6619873046875,2040.7540283203125,2025.31396484375,2038.677001953125,81000.0,2038.677001953125
2014-06-27,2031.906982421875,2043.9820556640625,2025.072998046875,2036.510009765625,97600.0,2036.510009765625
2014-06-30,2038.613037109375,2052.342041015625,2038.5269775390625,2048.326904296875,96700.0,2048.326904296875
2014-07-01,2051.22509765625,2052.635009765625,2041.93701171875,2050.381103515625,98500.0,2050.381103515625
2014-07-02,2049.485107421875,2060.594970703125,2044.0350341796875,2059.41796875,109600.0,2059.41796875
2014-07-03,2051.632080078125,2066.64111328125,2048.0810546875,2063.22900390625,122900.0,2063.22900390625
2014-07-04,2062.35791015625,2065.077880859375,2054.217041015625,2059.375,105000.0,2059.375
2014-07-07,2058.1279296875,2064.04296875,2050.886962890625,2059.927001953125,97200.0,2059.927001953125
2014-07-08,2058.134033203125,2064.43310546875,2047.2039794921875,2064.02099609375,95100.0,2064.02099609375
2014-07-09,2061.635009765625,2062.47412109375,2037.6009521484375,2038.612060546875,113300.0,2038.612060546875
2014-07-10,2036.5400390625,2045.5269775390625,2034.9560546875,2038.342041015625,97900.0,2038.342041015625
2014-07-11,2033.8690185546875,2051.737060546875,2033.0040283203125,2046.9610595703125,105100.0,2046.9610595703125
2014-07-14,2047.7440185546875,2067.342041015625,2044.9010009765625,2066.64599609375,115100.0,2066.64599609375
2014-07-15,2065.89990234375,2070.35791015625,2059.678955078125,2070.35693359375,124500.0,2070.35693359375
2014-07-16,2068.343017578125,2075.492919921875,2061.572021484375,2067.27587890625,137100.0,2067.27587890625
2014-07-17,2062.886962890625,2062.886962890625,2046.18896484375,2055.591064453125,104500.0,2055.591064453125
2014-07-18,2047.498046875,2067.23291015625,2045.9959716796875,2059.06689453125,106600.0,2059.06689453125
2014-07-21,2057.76708984375,2061.822998046875,2049.175048828125,2054.47900390625,93900.0,2054.47900390625
2014-07-22,2050.5,2078.0849609375,2049.81494140625,2075.48095703125,123200.0,2075.48095703125
2014-07-23,2074.195068359375,2088.19189453125,2072.22900390625,2078.489013671875,137300.0,2078.489013671875
2014-07-24,2079.632080078125,2107.946044921875,2079.632080078125,2105.06201171875,165700.0,2105.06201171875
2014-07-25,2108.714111328125,2127.217041015625,2106.714111328125,2126.614013671875,142500.0,2126.614013671875
2014-07-28,2135.2490234375,2181.49609375,2135.2490234375,2177.947998046875,236200.0,2177.947998046875
2014-07-29,2179.825927734375,2193.52294921875,2172.10205078125,2183.19189453125,200300.0,2183.19189453125
2014-07-30,2178.178955078125,2194.572021484375,2177.243896484375,2181.242919921875,184900.0,2181.242919921875
2014-07-31,2179.54296875,2202.1259765625,2173.89990234375,2201.56201171875,164700.0,2201.56201171875
2014-08-01,2194.169921875,2218.7890625,2184.64111328125,2185.302978515625,191500.0,2185.302978515625
2014-08-04,2190.035888671875,2224.068115234375,2186.9169921875,2223.3310546875,174100.0,2223.3310546875
2014-08-05,2224.632080078125,2226.837890625,2206.85009765625,2219.945068359375,175400.0,2219.945068359375
2014-08-06,2212.0029296875,2223.89306640625,2192.992919921875,2217.465087890625,177700.0,2217.465087890625
2014-08-07,2216.658935546875,2220.568115234375,2185.762939453125,2187.6689453125,175200.0,2187.6689453125
2014-08-08,2188.708984375,2199.577880859375,2180.596923828125,2194.425048828125,135200.0,2194.425048828125
2014-08-11,2199.43310546875,2225.9609375,2198.31396484375,2224.654052734375,150600.0,2224.654052734375
2014-08-12,2222.696044921875,2222.97900390625,2210.0,2221.594970703125,154800.0,2221.594970703125
2014-08-13,2223.051025390625,2230.990966796875,2202.443115234375,2222.876953125,178100.0,2222.876953125
2014-08-14,2221.541015625,2230.89404296875,2204.384033203125,2206.466064453125,170100.0,2206.466064453125
2014-08-15,2207.22607421875,2230.8720703125,2203.241943359375,2226.73388671875,150000.0,2226.73388671875
2014-08-18,2229.803955078125,2242.034912109375,2228.134033203125,2239.466064453125,163900.0,2239.466064453125
2014-08-19,2242.340087890625,2246.01611328125,2227.925048828125,2245.330078125,177700.0,2245.330078125
2014-08-20,2241.6640625,2248.93896484375,2233.89208984375,2240.2109375,167700.0,2240.2109375
2014-08-21,2239.568115234375,2240.076904296875,2211.6298828125,2230.4580078125,165700.0,2230.4580078125
2014-08-22,2228.97412109375,2243.302978515625,2225.26708984375,2240.81201171875,160100.0,2240.81201171875
2014-08-25,2241.10009765625,2241.552978515625,2222.009033203125,2229.27392578125,162100.0,2229.27392578125
2014-08-26,2225.291015625,2232.784912109375,2200.617919921875,2207.10595703125,163500.0,2207.10595703125
2014-08-27,2207.030029296875,2216.669921875,2204.048095703125,2209.465087890625,120900.0,2209.465087890625
2014-08-28,2210.48388671875,2219.472900390625,2194.861083984375,2195.818115234375,124200.0,2195.818115234375
2014-08-29,2198.946044921875,2218.696044921875,2193.262939453125,2217.199951171875,105200.0,2217.199951171875
2014-09-01,2220.12890625,2236.285888671875,2217.68505859375,2235.510986328125,129200.0,2235.510986328125
2014-09-02,2239.68408203125,2267.509033203125,2234.3779296875,2266.0458984375,192100.0,2266.0458984375
2014-09-03,2268.39501953125,2290.547119140625,2268.10009765625,2288.626953125,212500.0,2288.626953125
2014-09-04,2290.029052734375,2307.700927734375,2283.277099609375,2306.862060546875,199500.0,2306.862060546875
2014-09-05,2311.304931640625,2327.556884765625,2307.447021484375,2326.431884765625,213200.0,2326.431884765625
2014-09-09,2328.426025390625,2331.9169921875,2315.89404296875,2326.527099609375,197000.0,2326.527099609375
2014-09-10,2318.49609375,2321.907958984375,2306.4208984375,2318.304931640625,189800.0,2318.304931640625
2014-09-11,2315.73193359375,2343.594970703125,2304.60205078125,2311.678955078125,222200.0,2311.678955078125
2014-09-12,2308.345947265625,2331.949951171875,2302.77490234375,2331.949951171875,193500.0,2331.949951171875
2014-09-15,2330.18701171875,2340.448974609375,2321.593017578125,2339.139892578125,215100.0,2339.139892578125
2014-09-16,2341.027099609375,2347.93505859375,2293.868896484375,2296.554931640625,302700.0,2296.554931640625
2014-09-17,2298.98193359375,2309.048095703125,2282.794921875,2307.89306640625,210800.0,2307.89306640625
2014-09-18,2303.85009765625,2319.875,2297.930908203125,2315.927978515625,189100.0,2315.927978515625
2014-09-19,2312.98388671875,2331.56103515625,2305.51708984375,2329.450927734375,174600.0,2329.450927734375
2014-09-22,2323.553955078125,2323.553955078125,2284.3779296875,2289.865966796875,175800.0,2289.865966796875
2014-09-23,2289.091064453125,2311.52490234375,2289.02392578125,2309.718017578125,156900.0,2309.718017578125
2014-09-24,2302.23095703125,2345.7470703125,2297.8759765625,2343.574951171875,222500.0,2343.574951171875
2014-09-25,2352.864990234375,2365.154052734375,2336.804931640625,2345.10302734375,225700.0,2345.10302734375
2014-09-26,2339.2880859375,2350.10888671875,2329.955078125,2347.718017578125,174700.0,2347.718017578125
2014-09-29,2353.7080078125,2363.05908203125,2346.5791015625,2357.7109375,200100.0,2357.7109375
2014-09-30,2361.318115234375,2365.490966796875,2354.26806640625,2363.8701171875,193900.0,2363.8701171875
2014-10-08,2368.575927734375,2382.7939453125,2354.2900390625,2382.7939453125,204400.0,2382.7939453125
2014-10-09,2383.85888671875,2391.347900390625,2367.111083984375,2389.37109375,235900.0,2389.37109375
2014-10-10,2380.7548828125,2386.277099609375,2365.074951171875,2374.5400390625,224700.0,2374.5400390625
2014-10-13,2366.426025390625,2366.862060546875,2341.1240234375,2366.009033203125,200900.0,2366.009033203125
2014-10-14,2362.802001953125,2380.514892578125,2349.194091796875,2359.47509765625,196800.0,2359.47509765625
2014-10-15,2358.23291015625,2374.80810546875,2344.373046875,2373.669921875,202800.0,2373.669921875
2014-10-16,2361.1298828125,2389.675048828125,2353.406005859375,2356.4990234375,248200.0,2356.4990234375
2014-10-17,2352.783935546875,2360.596923828125,2312.825927734375,2341.18408203125,212300.0,2341.18408203125
2014-10-20,2346.052001953125,2357.509033203125,2340.458984375,2356.72802734375,160000.0,2356.72802734375
2014-10-21,2355.032958984375,2361.653076171875,2337.551025390625,2339.656982421875,168800.0,2339.656982421875
2014-10-22,2339.222900390625,2352.1240234375,2324.590087890625,2326.552978515625,152700.0,2326.552978515625
2014-10-23,2322.31591796875,2329.927001953125,2297.330078125,2302.41796875,162600.0,2302.41796875
2014-10-24,2303.080078125,2314.875,2296.656982421875,2302.280029296875,132200.0,2302.280029296875
2014-10-27,2293.572998046875,2293.64404296875,2279.8359375,2290.43701171875,130300.0,2290.43701171875
2014-10-28,2294.011962890625,2338.278076171875,2294.011962890625,2337.87109375,178600.0,2337.87109375
2014-10-29,2343.719970703125,2381.64306640625,2339.7119140625,2373.030029296875,265600.0,2373.030029296875
2014-10-30,2371.89111328125,2397.256103515625,2365.9189453125,2391.075927734375,294600.0,2391.075927734375
2014-10-31,2393.177978515625,2423.595947265625,2384.48291015625,2420.177978515625,325800.0,2420.177978515625
2014-11-03,2425.22509765625,2436.784912109375,2418.1669921875,2430.970947265625,298800.0,2430.970947265625
2014-11-04,2428.27099609375,2435.222900390625,2417.220947265625,2430.737060546875,309000.0,2430.737060546875
2014-11-05,2432.1689453125,2434.363037109375,2415.501953125,2420.39599609375,263600.0,2420.39599609375
2014-11-06,2419.616943359375,2426.889892578125,2401.75,2425.80908203125,222000.0,2425.80908203125
2014-11-07,2427.89794921875,2454.423095703125,2407.44189453125,2419.14599609375,291200.0,2419.14599609375
2014-11-10,2436.6279296875,2474.156005859375,2428.18505859375,2473.18310546875,300600.0,2473.18310546875
2014-11-11,2483.64794921875,2508.623046875,2445.9599609375,2470.594970703125,411900.0,2470.594970703125
2014-11-12,2454.60205078125,2494.9169921875,2444.81396484375,2494.27587890625,252900.0,2494.27587890625
2014-11-13,2494.998046875,2507.742919921875,2471.406982421875,2486.669921875,295000.0,2486.669921875
2014-11-14,2477.966064453125,2481.02490234375,2457.044921875,2479.18505859375,220600.0,2479.18505859375
2014-11-17,2506.864013671875,2508.76708984375,2472.446044921875,2475.1201171875,215700.0,2475.1201171875
2014-11-18,2474.181884765625,2477.052001953125,2449.81298828125,2457.529052734375,201100.0,2457.529052734375
2014-11-19,2452.14990234375,2461.490966796875,2442.7099609375,2451.1669921875,186200.0,2451.1669921875
2014-11-20,2443.27587890625,2458.319091796875,2437.47607421875,2452.616943359375,165500.0,2452.616943359375
2014-11-21,2452.635009765625,2488.200927734375,2446.64599609375,2487.111083984375,212200.0,2487.111083984375
2014-11-24,2505.531982421875,2546.74609375,2495.52099609375,2533.887939453125,363500.0,2533.887939453125
2014-11-25,2531.998046875,2568.381103515625,2527.076904296875,2567.596923828125,314300.0,2567.596923828125
2014-11-26,2572.64892578125,2605.070068359375,2570.404052734375,2604.886962890625,337100.0,2604.886962890625
2014-11-27,2615.366943359375,2631.39892578125,2599.10791015625,2630.0458984375,364100.0,2630.0458984375
2014-11-28,2629.6259765625,2683.179931640625,2622.06103515625,2682.9189453125,465900.0,2682.9189453125
2014-12-01,2691.72509765625,2720.742919921875,2668.841064453125,2680.739990234375,446800.0,2680.739990234375
2014-12-02,2667.820068359375,2777.3720703125,2665.68603515625,2763.31689453125,437700.0,2763.31689453125
2014-12-03,2768.677978515625,2824.178955078125,2733.867919921875,2779.736083984375,562100.0,2779.736083984375
2014-12-04,2783.468994140625,2900.508056640625,2772.431884765625,2900.362060546875,532700.0,2900.362060546875
2014-12-05,2926.572998046875,2978.029052734375,2813.052001953125,2938.781005859375,640500.0,2938.781005859375
2014-12-08,2907.81494140625,3041.656982421875,2879.846923828125,3021.52392578125,587600.0,3021.52392578125
2014-12-09,2992.489990234375,3091.323974609375,2834.592041015625,2859.9189453125,772000.0,2859.9189453125
2014-12-10,2855.93994140625,2946.70703125,2807.677978515625,2940.876953125,512900.0,2940.876953125
2014-12-11,2912.345947265625,2965.675048828125,2892.611083984375,2925.742919921875,482600.0,2925.742919921875
2014-12-12,2929.360107421875,2962.510009765625,2914.9560546875,2938.173095703125,409500.0,2938.173095703125
2014-12-15,2921.446044921875,2960.22705078125,2890.904052734375,2953.4208984375,400400.0,2953.4208984375
2014-12-16,2953.81103515625,3021.89697265625,2943.912109375,3021.51806640625,453800.0,3021.51806640625
2014-12-17,3031.951904296875,3076.59912109375,2993.3330078125,3061.02001953125,542500.0,3061.02001953125
2014-12-18,3062.801025390625,3089.791015625,3030.319091796875,3057.52099609375,435900.0,3057.52099609375
2014-12-19,3053.074951171875,3117.527099609375,3018.4208984375,3108.595947265625,521100.0,3108.595947265625
2014-12-22,3129.26708984375,3189.866943359375,3090.509033203125,3127.445068359375,679400.0,3127.445068359375
2014-12-23,3085.080078125,3136.837890625,3025.6669921875,3032.612060546875,437800.0,3032.612060546875
2014-12-24,3039.2060546875,3050.507080078125,2934.910888671875,2972.531982421875,376800.0,2972.531982421875
2014-12-25,,,,,,
2014-12-26,3078.0048828125,3164.155029296875,3064.176025390625,3157.60302734375,460700.0,3157.60302734375
2014-12-29,3212.55908203125,3223.860107421875,3126.944091796875,3168.01611328125,510100.0,3168.01611328125
2014-12-30,3160.801025390625,3190.299072265625,3130.35302734375,3165.81494140625,397700.0,3165.81494140625
2014-12-31,3172.596923828125,3239.35693359375,3157.259033203125,3234.677001953125,406000.0,3234.677001953125
2015-01-05,3258.626953125,3369.281005859375,3253.883056640625,3350.51904296875,531400.0,3350.51904296875
2015-01-06,3330.799072265625,3394.22412109375,3303.18408203125,3351.446044921875,501700.0,3351.446044921875
2015-01-07,3326.64892578125,3374.89599609375,3312.2109375,3373.9541015625,391900.0,3373.9541015625
2015-01-08,3371.95703125,3381.56591796875,3285.094970703125,3293.4560546875,371100.0,3293.4560546875
2015-01-09,3276.965087890625,3404.833984375,3267.509033203125,3285.412109375,410200.0,3285.412109375
2015-01-12,3258.212890625,3275.18505859375,3191.58203125,3229.31591796875,322100.0,3229.31591796875
2015-01-13,3223.5419921875,3259.385986328125,3214.412109375,3235.301025390625,230700.0,3235.301025390625
2015-01-14,3242.3369140625,3268.48291015625,3193.97802734375,3222.43701171875,240200.0,3222.43701171875
2015-01-15,3224.070068359375,3337.083984375,3207.544921875,3336.455078125,282500.0,3336.455078125
2015-01-16,3343.60302734375,3400.318115234375,3340.489990234375,3376.4951171875,339900.0,3376.4951171875
2015-01-19,3189.72705078125,3262.20703125,3095.06591796875,3116.35107421875,401100.0,3116.35107421875
2015-01-20,3114.56005859375,3190.2451171875,3100.47705078125,3173.052001953125,357100.0,3173.052001953125
2015-01-21,3189.0849609375,3337.00390625,3178.343017578125,3323.611083984375,411000.0,3323.611083984375
2015-01-22,3327.319091796875,3352.384033203125,3293.97802734375,3343.343994140625,353400.0,3343.343994140625
2015-01-23,3357.095947265625,3406.785888671875,3328.29296875,3351.763916015625,366200.0,3351.763916015625
2015-01-26,3347.257080078125,3384.798095703125,3321.31494140625,3383.181884765625,317500.0,3383.181884765625
2015-01-27,3389.85302734375,3390.216064453125,3290.218994140625,3352.9599609375,374500.0,3352.9599609375
2015-01-28,3325.721923828125,3354.802001953125,3294.655029296875,3305.738037109375,301900.0,3305.738037109375
2015-01-29,3258.9970703125,3286.785888671875,3234.240966796875,3262.304931640625,274700.0,3262.304931640625
2015-01-30,3273.7470703125,3288.5029296875,3210.30810546875,3210.363037109375,258300.0,3210.363037109375
2015-02-02,3148.135986328125,3175.134033203125,3122.572021484375,3128.300048828125,250900.0,3128.300048828125
2015-02-03,3156.0859375,3207.93505859375,3129.73193359375,3204.906982421875,248200.0,3204.906982421875
2015-02-04,3212.822021484375,3238.98193359375,3171.14404296875,3174.1259765625,249100.0,3174.1259765625
2015-02-05,3251.2119140625,3251.2119140625,3135.819091796875,3136.531005859375,306100.0,3136.531005859375
2015-02-06,3120.090087890625,3129.5390625,3052.93896484375,3075.906982421875,246700.0,3075.906982421875
2015-02-09,3063.510009765625,3119.033935546875,3049.111083984375,3095.1240234375,206100.0,3095.1240234375
2015-02-10,3090.489990234375,3142.09912109375,3084.2529296875,3141.593017578125,193800.0,3141.593017578125
2015-02-11,3145.764892578125,3166.4208984375,3139.052001953125,3157.7041015625,172800.0,3157.7041015625
2015-02-12,3157.958984375,3181.76611328125,3134.243896484375,3173.416015625,194600.0,3173.416015625
2015-02-13,3186.80810546875,3237.158935546875,3182.7939453125,3203.826904296875,261300.0,3203.826904296875
2015-02-16,3206.136962890625,3228.845947265625,3195.884033203125,3222.363037109375,223800.0,3222.363037109375
2015-02-17,3230.884033203125,3255.72509765625,3230.77197265625,3246.906005859375,228300.0,3246.906005859375
2015-02-25,3256.47900390625,3257.222900390625,3215.552001953125,3228.843017578125,233300.0,3228.843017578125
2015-02-26,3222.15087890625,3300.615966796875,3202.18798828125,3298.35888671875,301300.0,3298.35888671875
2015-02-27,3296.8310546875,3324.5458984375,3291.007080078125,3310.302978515625,299200.0,3310.302978515625
2015-03-02,3332.720947265625,3336.760009765625,3298.6689453125,3336.284912109375,346400.0,3336.284912109375
2015-03-03,3317.695068359375,3317.695068359375,3260.428955078125,3263.052001953125,382000.0,3263.052001953125
2015-03-04,3264.181884765625,3286.587890625,3250.48388671875,3279.532958984375,293600.0,3279.532958984375
2015-03-05,3264.0849609375,3266.637939453125,3221.666015625,3248.47607421875,320700.0,3248.47607421875
2015-03-06,3248.035888671875,3266.93310546875,3234.532958984375,3241.18701171875,282900.0,3241.18701171875
2015-03-09,3224.31396484375,3307.701904296875,3198.3701171875,3302.407958984375,321500.0,3302.407958984375
2015-03-10,3289.0849609375,3309.9150390625,3277.094970703125,3286.068115234375,285800.0,3286.068115234375
2015-03-11,3289.593994140625,3325.053955078125,3278.470947265625,3290.89990234375,283000.0,3290.89990234375
2015-03-12,3314.81298828125,3360.053955078125,3300.488037109375,3349.322998046875,357300.0,3349.322998046875
2015-03-13,3359.488037109375,3391.2548828125,3352.14990234375,3372.910888671875,328400.0,3372.910888671875
2015-03-16,3391.157958984375,3449.304931640625,3377.0869140625,3449.304931640625,399100.0,3449.304931640625
2015-03-17,3469.60302734375,3504.123046875,3459.694091796875,3502.846923828125,520900.0,3502.846923828125
2015-03-18,3510.5009765625,3577.662109375,3503.85302734375,3577.301025390625,545200.0,3577.301025390625
2015-03-19,3576.01904296875,3600.68408203125,3546.843994140625,3582.27099609375,537300.0,3582.27099609375
2015-03-20,3587.083984375,3632.337890625,3569.3798828125,3617.318115234375,516700.0,3617.318115234375
2015-03-23,3640.10400390625,3688.2490234375,3635.485107421875,3687.72802734375,536100.0,3687.72802734375
2015-03-24,3692.569091796875,3715.873046875,3600.697998046875,3691.409912109375,639600.0,3691.409912109375
2015-03-25,3680.952880859375,3693.15087890625,3634.55908203125,3660.72705078125,521900.0,3660.72705078125
2015-03-26,3641.94189453125,3707.318115234375,3615.010986328125,3682.094970703125,488600.0,3682.094970703125
2015-03-27,3686.134033203125,3710.47705078125,3656.8310546875,3691.095947265625,408900.0,3691.095947265625
2015-03-30,3710.612060546875,3795.93505859375,3710.612060546875,3786.568115234375,564700.0,3786.568115234375
2015-03-31,3822.987060546875,3835.56689453125,3737.04296875,3747.89892578125,561700.0,3747.89892578125
2015-04-01,3748.340087890625,3817.08203125,3742.212890625,3810.2939453125,447500.0,3810.2939453125
2015-04-02,3827.68896484375,3835.450927734375,3775.89404296875,3825.783935546875,479300.0,3825.783935546875
2015-04-03,3803.383056640625,3864.405029296875,3792.2109375,3863.928955078125,473000.0,3863.928955078125
2015-04-07,3899.419921875,3961.666015625,3891.72802734375,3961.3779296875,570400.0,3961.3779296875
2015-04-08,3976.531982421875,4000.219970703125,3903.64794921875,3994.81103515625,618100.0,3994.81103515625
2015-04-09,4006.1298828125,4016.39599609375,3900.027099609375,3957.533935546875,585200.0,3957.533935546875
2015-04-10,3947.491943359375,4040.347900390625,3929.319091796875,4034.31005859375,484300.0,4034.31005859375
2015-04-13,4072.722900390625,4128.07177734375,4057.29296875,4121.71484375,589800.0,4121.71484375
2015-04-14,4125.7822265625,4168.34619140625,4091.257080078125,4135.56494140625,610700.0,4135.56494140625
2015-04-15,4135.64794921875,4175.494140625,4069.007080078125,4084.1630859375,613000.0,4084.1630859375
2015-04-16,4055.916015625,4195.30517578125,4031.243896484375,4194.8232421875,551200.0,4194.8232421875
2015-04-17,4254.72314453125,4317.22314453125,4238.91015625,4287.2958984375,701700.0,4287.2958984375
2015-04-20,4301.35205078125,4356.0009765625,4190.68115234375,4217.0771484375,857100.0,4217.0771484375
2015-04-21,4212.18505859375,4294.375,4188.56884765625,4293.623046875,634500.0,4293.623046875
2015-04-22,4304.59716796875,4400.19287109375,4297.951171875,4398.494140625,680300.0,4398.494140625
2015-04-23,4414.48486328125,4444.41015625,4358.84423828125,4414.5078125,667300.0,4414.5078125
2015-04-24,4355.951171875,4416.3759765625,4318.119140625,4393.68603515625,628600.0,4393.68603515625
2015-04-27,4441.92919921875,4529.73486328125,4441.92919921875,4527.39599609375,671100.0,4527.39599609375
2015-04-28,4527.634765625,4572.39111328125,4432.90380859375,4476.21484375,767700.0,4476.21484375
2015-04-29,4446.119140625,4499.94482421875,4398.63916015625,4476.6201171875,519800.0,4476.6201171875
2015-04-30,4483.01318359375,4507.34423828125,4441.05419921875,4441.65478515625,526700.0,4441.65478515625
2015-05-04,4441.3427734375,4487.56982421875,4387.42578125,4480.4638671875,494200.0,4480.4638671875
2015-05-05,4479.84814453125,4488.865234375,4282.23681640625,4298.7060546875,572900.0,4298.7060546875
2015-05-06,4311.64111328125,4376.35302734375,4187.3681640625,4229.26611328125,481700.0,4229.26611328125
2015-05-07,4197.89599609375,4213.76416015625,4108.0087890625,4112.2138671875,394600.0,4112.2138671875
2015-05-08,4152.98388671875,4206.85986328125,4099.0419921875,4205.9169921875,397400.0,4205.9169921875
2015-05-11,4231.27099609375,4334.876953125,4187.81982421875,4333.583984375,488800.0,4333.583984375
2015-05-12,4342.3701171875,4402.30908203125,4317.97509765625,4401.21923828125,521900.0,4401.21923828125
2015-05-13,4402.3779296875,4415.62890625,4342.48095703125,4375.759765625,510500.0,4375.759765625
2015-05-14,4372.81591796875,4397.7451171875,4329.0419921875,4378.31103515625,449100.0,4378.31103515625
2015-05-15,4366.82177734375,4366.82177734375,4278.55322265625,4308.69091796875,439700.0,4308.69091796875
2015-05-18,4277.89501953125,4324.826171875,4260.5087890625,4283.4912109375,380100.0,4283.4912109375
2015-05-19,4285.77685546875,4418.40283203125,4285.77685546875,4417.5517578125,436700.0,4417.5517578125
2015-05-20,4434.97900390625,4520.5380859375,4432.27880859375,4446.2880859375,514100.0,4446.2880859375
2015-05-21,4456.43505859375,4530.47802734375,4438.2578125,4529.421875,465000.0,4529.421875
2015-05-22,4584.98388671875,4658.27294921875,4562.98876953125,4657.59619140625,655600.0,4657.59619140625
2015-05-25,4660.0751953125,4814.671875,4656.8251953125,4813.7978515625,682500.0,4813.7978515625
2015-05-26,4854.85009765625,4911.68505859375,4779.0751953125,4910.89697265625,704900.0,4910.89697265625
2015-05-27,4932.84619140625,4958.15576171875,4857.05615234375,4941.7138671875,681200.0,4941.7138671875
2015-05-28,4943.7421875,4986.5029296875,4614.2412109375,4620.26611328125,783000.0,4620.26611328125
2015-05-29,4603.46484375,4698.19287109375,4431.56298828125,4611.744140625,611300.0,4611.744140625
2015-06-01,4633.09814453125,4829.501953125,4615.23095703125,4828.73779296875,593400.0,4828.73779296875
2015-06-02,4844.7041015625,4911.57421875,4797.5517578125,4910.52685546875,623700.0,4910.52685546875
2015-06-03,4924.380859375,4942.06494140625,4822.44189453125,4909.97802734375,611500.0,4909.97802734375
2015-06-04,4912.94482421875,4947.96484375,4647.4072265625,4947.10205078125,675000.0,4947.10205078125
2015-06-05,5016.087890625,5051.6259765625,4898.06787109375,5023.09619140625,772200.0,5023.09619140625
2015-06-08,5045.69384765625,5146.94921875,4997.48095703125,5131.880859375,855000.0,5131.880859375
2015-06-09,5145.97802734375,5147.4541015625,5042.962890625,5113.5341796875,729900.0,5113.5341796875
2015-06-10,5049.19677734375,5164.162109375,5001.48876953125,5106.0361328125,597000.0,5106.0361328125
2015-06-11,5101.43994140625,5122.45703125,5050.76513671875,5121.5927734375,564000.0,5121.5927734375
2015-06-12,5143.3427734375,5178.19091796875,5103.40087890625,5166.35009765625,625600.0,5166.35009765625
2015-06-15,5174.41796875,5176.794921875,5048.7421875,5062.9931640625,637800.0,5062.9931640625
2015-06-16,5004.412109375,5029.68408203125,4842.10009765625,4887.43212890625,550800.0,4887.43212890625
2015-06-17,4890.55078125,4983.658203125,4767.2158203125,4967.89794921875,537100.0,4967.89794921875
2015-06-18,4942.52001953125,4966.76708984375,4780.873046875,4785.35595703125,507400.0,4785.35595703125
2015-06-19,4689.92919921875,4744.0810546875,4476.5009765625,4478.36376953125,452700.0,4478.36376953125
2015-06-23,4471.61279296875,4577.93896484375,4264.77197265625,4576.4921875,473500.0,4576.4921875
2015-06-24,4604.5791015625,4691.76806640625,4552.12890625,4690.14990234375,543000.0,4690.14990234375
2015-06-25,4711.76318359375,4720.701171875,4483.5478515625,4527.77880859375,572800.0,4527.77880859375
2015-06-26,4399.93310546875,4456.89599609375,4139.52978515625,4192.873046875,565200.0,4192.873046875
2015-06-29,4289.77099609375,4297.47509765625,3875.050048828125,4053.030029296875,673800.0,4053.030029296875
2015-06-30,4006.75390625,4279.96923828125,3847.8798828125,4277.22216796875,709200.0,4277.22216796875
2015-07-01,4214.14990234375,4317.05322265625,4043.366943359375,4053.699951171875,598800.0,4053.699951171875
2015-07-02,4058.6240234375,4080.386962890625,3795.2529296875,3912.76708984375,586000.0,3912.76708984375
2015-07-03,3793.7119140625,3927.1279296875,3629.555908203125,3686.9150390625,548200.0,3686.9150390625
2015-07-06,3975.214111328125,3975.214111328125,3653.037109375,3775.912109375,831100.0,3775.912109375
2015-07-07,3654.778076171875,3750.570068359375,3585.39892578125,3727.125,698800.0,3727.125
2015-07-08,3467.39892578125,3599.2529296875,3421.52490234375,3507.19189453125,680400.0,3507.19189453125
2015-07-09,3432.4541015625,3748.47900390625,3373.5400390625,3709.330078125,656900.0,3709.330078125
2015-07-10,3707.4580078125,3959.219970703125,3677.43505859375,3877.802978515625,586400.0,3877.802978515625
2015-07-13,3918.989990234375,4030.195068359375,3858.636962890625,3970.387939453125,643500.0,3970.387939453125
2015-07-14,3958.373046875,4035.43505859375,3855.56005859375,3924.487060546875,670600.0,3924.487060546875
2015-07-15,3874.968017578125,3914.27294921875,3741.25,3805.702880859375,601300.0,3805.702880859375
2015-07-16,3758.5048828125,3877.513916015625,3688.44189453125,3823.176025390625,492300.0,3823.176025390625
2015-07-17,3831.4208984375,3994.47705078125,3814.14697265625,3957.35205078125,481700.0,3957.35205078125
2015-07-20,3948.4208984375,4021.325927734375,3927.12109375,3992.110107421875,539100.0,3992.110107421875
2015-07-21,3939.89794921875,4041.819091796875,3912.801025390625,4017.675048828125,504300.0,4017.675048828125
2015-07-22,3996.427001953125,4042.337890625,3960.864013671875,4026.044921875,520700.0,4026.044921875
2015-07-23,4022.26806640625,4132.61181640625,4019.0380859375,4123.9228515625,563600.0,4123.9228515625
2015-07-24,4124.7548828125,4184.44921875,4044.8310546875,4070.907958984375,627400.0,4070.907958984375
2015-07-27,3985.570068359375,4051.158935546875,3720.444091796875,3725.55810546875,556000.0,3725.55810546875
2015-07-28,3573.14306640625,3762.52587890625,3537.35791015625,3663.001953125,563300.0,3663.001953125
2015-07-29,3689.824951171875,3792.072021484375,3612.06396484375,3789.16796875,434400.0,3789.16796875
2015-07-30,3773.7880859375,3844.3740234375,3685.9560546875,3705.76611328125,457900.0,3705.76611328125
2015-07-31,3655.6669921875,3729.511962890625,3620.1650390625,3663.72607421875,351000.0,3663.72607421875
2015-08-03,3614.989990234375,3648.943115234375,3549.49609375,3622.905029296875,364000.0,3622.905029296875
2015-08-04,3621.85498046875,3757.029052734375,3601.2890625,3756.544921875,362900.0,3756.544921875
2015-08-05,3745.64599609375,3782.35205078125,3676.389892578125,3694.572998046875,366400.0,3694.572998046875
2015-08-06,3625.50390625,3710.570068359375,3614.741943359375,3661.5390625,274100.0,3661.5390625
2015-08-07,3692.614013671875,3756.739990234375,3686.300048828125,3744.205078125,340800.0,3744.205078125
2015-08-10,3786.032958984375,3943.6240234375,3775.85400390625,3928.4150390625,497300.0,3928.4150390625
2015-08-11,3928.80810546875,3970.3369140625,3891.178955078125,3927.907958984375,538900.0,3927.907958984375
2015-08-12,3881.22802734375,3937.77197265625,3871.135986328125,3886.320068359375,442700.0,3886.320068359375
2015-08-13,3869.910888671875,3955.7890625,3838.158935546875,3954.555908203125,430100.0,3954.555908203125
2015-08-14,3976.405029296875,4000.68408203125,3939.8349609375,3965.3349609375,468000.0,3965.3349609375
2015-08-17,3947.843994140625,3994.537109375,3907.39892578125,3993.66796875,460400.0,3993.66796875
2015-08-18,3999.134033203125,4006.3369140625,3743.39404296875,3748.1640625,543800.0,3748.1640625
2015-08-19,3646.802978515625,3811.427001953125,3558.383056640625,3794.10888671875,475400.0,3794.10888671875
2015-08-20,3754.56689453125,3788.0048828125,3663.60693359375,3664.291015625,390100.0,3664.291015625
2015-08-21,3609.958984375,3652.8369140625,3490.5400390625,3507.743896484375,369900.0,3507.743896484375
2015-08-24,3373.47802734375,3388.364013671875,3191.87890625,3209.905029296875,334700.0,3209.905029296875
2015-08-25,3004.1259765625,3123.033935546875,2947.944091796875,2964.967041015625,352300.0,2964.967041015625
2015-08-26,2980.7939453125,3092.041015625,2850.714111328125,2927.2880859375,466700.0,2927.2880859375
2015-08-27,2978.030029296875,3085.422119140625,2906.489990234375,3083.591064453125,400300.0,3083.591064453125
2015-08-28,3125.263916015625,3235.839111328125,3102.945068359375,3232.35009765625,443100.0,3232.35009765625
2015-08-31,3203.55908203125,3207.862060546875,3109.1630859375,3205.986083984375,397400.0,3205.986083984375
2015-09-01,3157.83203125,3180.3310546875,3053.738037109375,3166.6240234375,432400.0,3166.6240234375
2015-09-02,3027.677978515625,3194.485107421875,3019.0869140625,3160.1669921875,438200.0,3160.1669921875
2015-09-07,3149.3798828125,3217.5791015625,3066.303955078125,3080.419921875,296500.0,3080.419921875
2015-09-08,3054.444091796875,3174.708984375,3011.116943359375,3170.451904296875,255400.0,3170.451904296875
2015-09-09,3182.552001953125,3256.742919921875,3165.696044921875,3243.089111328125,375300.0,3243.089111328125
2015-09-10,3190.552978515625,3243.281005859375,3178.904052734375,3197.89306640625,273300.0,3197.89306640625
2015-09-11,3189.47900390625,3223.761962890625,3163.448974609375,3200.23388671875,224600.0,3200.23388671875
2015-09-14,3221.1650390625,3229.48193359375,3049.22998046875,3114.798095703125,346600.0,3114.798095703125
2015-09-15,3043.804931640625,3081.702880859375,2983.919921875,3005.172119140625,249200.0,3005.172119140625
2015-09-16,2998.035888671875,3182.93408203125,2983.534912109375,3152.262939453125,277500.0,3152.262939453125
2015-09-17,3131.98193359375,3204.701904296875,3085.31396484375,3086.06103515625,317600.0,3086.06103515625
2015-09-18,3100.280029296875,3122.048095703125,3070.3359375,3097.9169921875,209200.0,3097.9169921875
2015-09-21,3072.093994140625,3159.883056640625,3060.85595703125,3156.5400390625,239900.0,3156.5400390625
2015-09-22,3161.318115234375,3213.47607421875,3152.48095703125,3185.618896484375,274800.0,3185.618896484375
2015-09-23,3137.722900390625,3164.041015625,3104.743896484375,3115.887939453125,236300.0,3115.887939453125
2015-09-24,3126.490966796875,3151.1650390625,3109.69091796875,3142.68701171875,212900.0,3142.68701171875
2015-09-25,3130.85107421875,3149.947998046875,3062.9951171875,3092.346923828125,236300.0,3092.346923828125
2015-09-28,3085.56689453125,3103.069091796875,3042.31005859375,3100.756103515625,156700.0,3100.756103515625
2015-09-29,3055.218017578125,3068.298095703125,3021.156982421875,3038.136962890625,163200.0,3038.136962890625
2015-09-30,3052.841064453125,3073.300048828125,3039.741943359375,3052.781005859375,146600.0,3052.781005859375
2015-10-08,3156.074951171875,3172.281005859375,3133.126953125,3143.35693359375,234300.0,3143.35693359375
2015-10-09,3146.64404296875,3192.717041015625,3137.7880859375,3183.152099609375,234900.0,3183.152099609375
2015-10-12,3193.5400390625,3318.714111328125,3188.406982421875,3287.662109375,386300.0,3287.662109375
2015-10-13,3262.156005859375,3298.6259765625,3253.2490234375,3293.22998046875,297200.0,3293.22998046875
2015-10-14,3280.02001953125,3307.31494140625,3256.2529296875,3262.44091796875,295100.0,3262.44091796875
2015-10-15,3255.031982421875,3338.297119140625,3254.39208984375,3338.072998046875,316300.0,3338.072998046875
2015-10-16,3358.297119140625,3393.01806640625,3334.85400390625,3391.35205078125,395500.0,3391.35205078125
2015-10-19,3401.626953125,3423.402099609375,3355.56591796875,3386.699951171875,378100.0,3386.699951171875
2015-10-20,3377.547119140625,3425.51611328125,3357.861083984375,3425.330078125,319000.0,3425.330078125
2015-10-21,3428.56103515625,3447.258056640625,3265.43603515625,3320.676025390625,458500.0,3320.676025390625
2015-10-22,3292.291015625,3373.77587890625,3282.992919921875,3368.739013671875,323700.0,3368.739013671875
2015-10-23,3377.548095703125,3422.02197265625,3360.218017578125,3412.43408203125,347400.0,3412.43408203125
2015-10-26,3448.64892578125,3457.51708984375,3402.0,3429.5810546875,365600.0,3429.5810546875
2015-10-27,3409.136962890625,3441.56494140625,3332.615966796875,3434.3359375,328200.0,3434.3359375
2015-10-28,3417.010986328125,3439.758056640625,3367.23095703125,3375.196044921875,293500.0,3375.196044921875
2015-10-29,3387.77392578125,3411.714111328125,3362.509033203125,3387.31494140625,235700.0,3387.31494140625
2015-10-30,3380.283935546875,3417.200927734375,3346.591064453125,3382.56103515625,243600.0,3382.56103515625
2015-11-02,3337.577880859375,3391.06396484375,3322.31201171875,3325.0849609375,231000.0,3325.0849609375
2015-11-03,3330.31591796875,3346.27490234375,3302.18408203125,3316.695068359375,192900.0,3316.695068359375
2015-11-04,3325.618896484375,3459.64599609375,3325.618896484375,3459.639892578125,339100.0,3459.639892578125
2015-11-05,3459.215087890625,3585.656982421875,3455.52490234375,3522.819091796875,553300.0,3522.819091796875
2015-11-06,3514.43603515625,3596.382080078125,3508.826904296875,3590.031982421875,429200.0,3590.031982421875
2015-11-09,3588.498046875,3673.760009765625,3588.498046875,3646.881103515625,503000.0,3646.881103515625
2015-11-10,3617.39599609375,3669.532958984375,3607.89111328125,3640.485107421875,429700.0,3640.485107421875
2015-11-11,3635.00390625,3654.876953125,3605.62109375,3650.2490234375,361000.0,3650.2490234375
2015-11-12,3656.81689453125,3659.31494140625,3603.22802734375,3632.902099609375,361700.0,3632.902099609375
2015-11-13,3600.763916015625,3632.555908203125,3564.80908203125,3580.839111328125,345900.0,3580.839111328125
2015-11-16,3522.4609375,3607.612060546875,3519.4208984375,3606.95703125,276200.0,3606.95703125
2015-11-17,3629.97705078125,3678.27294921875,3598.068115234375,3604.794921875,383600.0,3604.794921875
2015-11-18,3605.06103515625,3617.069091796875,3558.697021484375,3568.468017578125,297600.0,3568.468017578125
2015-11-19,3573.77587890625,3618.212890625,3561.0439453125,3617.06201171875,247900.0,3617.06201171875
2015-11-20,3620.791015625,3640.529052734375,3607.9150390625,3630.5,310800.0,3630.5
2015-11-23,3630.866943359375,3654.75390625,3598.87109375,3610.31494140625,316000.0,3610.31494140625
2015-11-24,3602.886962890625,3616.48388671875,3563.10400390625,3616.113037109375,248800.0,3616.113037109375
2015-11-25,3614.068115234375,3648.366943359375,3607.51806640625,3647.929931640625,273000.0,3647.929931640625
2015-11-26,3659.573974609375,3668.3759765625,3629.864990234375,3635.552001953125,306800.0,3635.552001953125
2015-11-27,3616.5439453125,3621.89697265625,3412.427001953125,3436.302978515625,354300.0,3436.302978515625
2015-11-30,3433.85498046875,3470.37109375,3327.81201171875,3445.405029296875,304200.0,3445.405029296875
2015-12-01,3442.44091796875,3483.4140625,3417.544921875,3456.30908203125,252400.0,3456.30908203125
2015-12-02,3450.278076171875,3538.846923828125,3427.660888671875,3536.905029296875,301500.0,3536.905029296875
2015-12-03,3525.72705078125,3591.72998046875,3517.22998046875,3584.823974609375,281100.0,3584.823974609375
2015-12-04,3558.14892578125,3568.969970703125,3510.412109375,3524.991943359375,251700.0,3524.991943359375
2015-12-07,3529.805908203125,3543.945068359375,3506.625,3536.927001953125,208300.0,3536.927001953125
2015-12-08,3518.64794921875,3518.64794921875,3466.7900390625,3470.070068359375,224400.0,3470.070068359375
2015-12-09,3462.5830078125,3495.701904296875,3454.87890625,3472.43896484375,195700.0,3472.43896484375
2015-12-10,3469.805908203125,3503.654052734375,3446.27294921875,3455.4951171875,200400.0,3455.4951171875
2015-12-11,3441.596923828125,3455.548095703125,3410.924072265625,3434.5810546875,182900.0,3434.5810546875
2015-12-14,3403.507080078125,3521.779052734375,3399.280029296875,3520.66796875,215400.0,3520.66796875
2015-12-15,3518.1259765625,3529.9609375,3496.85400390625,3510.35400390625,200500.0,3510.35400390625
2015-12-16,3522.091064453125,3538.68896484375,3506.291015625,3516.18701171875,193500.0,3516.18701171875
2015-12-17,3533.6279296875,3583.407958984375,3533.6279296875,3579.9990234375,283900.0,3579.9990234375
2015-12-18,3574.93994140625,3614.697998046875,3568.160888671875,3578.964111328125,273700.0,3578.964111328125
2015-12-21,3568.5810546875,3651.055908203125,3565.7509765625,3642.471923828125,299800.0,3642.471923828125
2015-12-22,3645.989990234375,3652.635009765625,3616.8701171875,3651.76708984375,261200.0,3651.76708984375
2015-12-23,3653.281982421875,3684.56689453125,3633.02490234375,3636.089111328125,298200.0,3636.089111328125
2015-12-24,3631.31298828125,3640.220947265625,3572.277099609375,3612.485107421875,227800.0,3612.485107421875
2015-12-25,3614.053955078125,3635.256103515625,3601.738037109375,3628.0009765625,192500.0,3628.0009765625
2015-12-28,3635.76904296875,3641.587890625,3533.779052734375,3533.779052734375,270000.0,3533.779052734375
2015-12-29,3528.39501953125,3564.1708984375,3515.52001953125,3563.736083984375,182600.0,3563.736083984375
2015-12-30,3566.73095703125,3573.68408203125,3538.112060546875,3572.8759765625,187900.0,3572.8759765625
2015-12-31,3570.467041015625,3580.60205078125,3538.35302734375,3539.181884765625,177000.0,3539.181884765625
2016-01-04,3536.589111328125,3538.68896484375,3295.740966796875,3296.258056640625,184400.0,3296.258056640625
2016-01-05,3196.65087890625,3328.138916015625,3189.60498046875,3287.7109375,266900.0,3287.7109375
2016-01-06,3291.195068359375,3362.97412109375,3288.93310546875,3361.840087890625,238900.0,3361.840087890625
2016-01-07,3309.656982421875,3309.656982421875,3115.885009765625,3125.001953125,70600.0,3125.001953125
2016-01-08,3194.625,3235.450927734375,3056.8779296875,3186.412109375,286400.0,3186.412109375
2016-01-11,3131.85302734375,3166.215087890625,3016.697021484375,3016.7041015625,271600.0,3016.7041015625
2016-01-12,3026.158935546875,3047.6640625,2978.462890625,3022.861083984375,207700.0,3022.861083984375
2016-01-13,3041.10693359375,3059.014892578125,2949.2900390625,2949.596923828125,194300.0,2949.596923828125
2016-01-14,2874.049072265625,3012.29296875,2867.552978515625,3007.64892578125,212900.0,3007.64892578125
2016-01-15,2988.048095703125,3001.7080078125,2883.867919921875,2900.969970703125,198700.0,2900.969970703125
2016-01-18,2847.5390625,2945.449951171875,2844.7041015625,2913.8369140625,164700.0,2913.8369140625
2016-01-19,2914.407958984375,3012.068115234375,2906.404052734375,3007.739013671875,205300.0,3007.739013671875
2016-01-20,2993.013916015625,3016.282958984375,2951.922119140625,2976.694091796875,216500.0,2976.694091796875
2016-01-21,2934.39111328125,2998.7900390625,2880.0849609375,2880.48193359375,191700.0,2880.48193359375
2016-01-22,2911.112060546875,2931.35888671875,2851.73291015625,2916.56201171875,159800.0,2916.56201171875
2016-01-25,2934.077880859375,2955.782958984375,2911.8291015625,2938.514892578125,153000.0,2938.514892578125
2016-01-26,2907.718017578125,2911.990966796875,2743.839111328125,2749.784912109375,210800.0,2749.784912109375
2016-01-27,2756.08203125,2768.77197265625,2638.302001953125,2735.55810546875,215700.0,2735.55810546875
2016-01-28,2711.157958984375,2740.535888671875,2647.492919921875,2655.660888671875,171100.0,2655.660888671875
2016-01-29,2652.85400390625,2755.366943359375,2649.791015625,2737.60009765625,186700.0,2737.60009765625
2016-02-01,2730.98388671875,2735.2548828125,2655.623046875,2688.85400390625,156400.0,2688.85400390625
2016-02-02,2687.98193359375,2755.158935546875,2687.98193359375,2749.570068359375,158100.0,2749.570068359375
2016-02-03,2719.573974609375,2746.072021484375,2696.884033203125,2739.2470703125,148400.0,2739.2470703125
2016-02-04,2751.431884765625,2793.298095703125,2751.31396484375,2781.02294921875,170400.0,2781.02294921875
2016-02-05,2783.075927734375,2790.06103515625,2762.159912109375,2763.491943359375,141200.0,2763.491943359375
2016-02-15,2684.9609375,2760.35888671875,2682.090087890625,2746.196044921875,129300.0,2746.196044921875
2016-02-16,2758.5791015625,2840.6220703125,2758.5791015625,2836.571044921875,196000.0,2836.571044921875
2016-02-17,2829.763916015625,2868.700927734375,2824.35595703125,2867.337890625,216900.0,2867.337890625
2016-02-18,2881.777099609375,2893.215087890625,2857.698974609375,2862.89306640625,219200.0,2862.89306640625
2016-02-19,2854.904052734375,2872.72412109375,2840.488037109375,2860.02099609375,163400.0,2860.02099609375
2016-02-22,2888.597900390625,2933.964111328125,2880.346923828125,2927.175048828125,232200.0,2927.175048828125
2016-02-23,2925.7080078125,2928.048095703125,2872.281982421875,2903.3310546875,199700.0,2903.3310546875
2016-02-24,2889.885009765625,2929.87109375,2872.27392578125,2928.89599609375,213400.0,2928.89599609375
2016-02-25,2922.237060546875,2922.237060546875,2729.85107421875,2741.2451171875,270300.0,2741.2451171875
2016-02-26,2760.05810546875,2784.7529296875,2715.8740234375,2767.2099609375,191100.0,2767.2099609375
2016-02-29,2754.81396484375,2755.889892578125,2638.962890625,2687.97900390625,207400.0,2687.97900390625
2016-03-01,2688.3798828125,2747.56201171875,2668.757080078125,2733.169921875,187200.0,2733.169921875
2016-03-02,2733.76708984375,2852.699951171875,2732.5390625,2849.680908203125,271000.0,2849.680908203125
2016-03-03,2847.3310546875,2878.445068359375,2840.8740234375,2859.758056640625,287500.0,2859.758056640625
2016-03-04,2848.5380859375,2880.3720703125,2808.84912109375,2874.14697265625,312500.0,2874.14697265625
2016-03-07,2886.639892578125,2911.839111328125,2871.345947265625,2897.340087890625,217500.0,2897.340087890625
2016-03-08,2895.666015625,2902.62109375,2802.56298828125,2901.386962890625,233500.0,2901.386962890625
2016-03-09,2839.410888671875,2863.014892578125,2811.718017578125,2862.555908203125,183400.0,2862.555908203125
2016-03-10,2847.56689453125,2863.176025390625,2803.47607421875,2804.72607421875,139000.0,2804.72607421875
2016-03-11,2781.60009765625,2815.60693359375,2772.551025390625,2810.306884765625,127200.0,2810.306884765625
2016-03-14,2830.083984375,2889.81591796875,2823.028076171875,2859.4990234375,194800.0,2859.4990234375
2016-03-15,2853.97802734375,2865.787109375,2819.794921875,2864.367919921875,163400.0,2864.367919921875
2016-03-16,2858.708984375,2881.529052734375,2854.19189453125,2870.429931640625,186500.0,2870.429931640625
2016-03-17,2875.410888671875,2921.0,2857.19091796875,2904.83203125,200300.0,2904.83203125
2016-03-18,2915.51806640625,2971.551025390625,2908.741943359375,2955.14990234375,313300.0,2955.14990234375
2016-03-21,2978.455078125,3028.322021484375,2973.758056640625,3018.802001953125,352400.0,3018.802001953125
2016-03-22,3001.6298828125,3019.10107421875,2988.426025390625,2999.363037109375,270400.0,2999.363037109375
2016-03-23,2991.1689453125,3012.56005859375,2980.85498046875,3009.9599609375,217000.0,3009.9599609375
2016-03-24,2986.801025390625,2998.154052734375,2960.537109375,2960.969970703125,237000.0,2960.969970703125
2016-03-25,2956.199951171875,2981.407958984375,2952.10595703125,2979.1259765625,169800.0,2979.1259765625
2016-03-28,2988.010009765625,3008.16796875,2948.52587890625,2957.820068359375,202000.0,2957.820068359375
2016-03-29,2956.705078125,2962.202880859375,2905.2509765625,2919.83203125,183000.0,2919.83203125
2016-03-30,2941.218017578125,3001.10595703125,2941.218017578125,3000.64501953125,210400.0,3000.64501953125
2016-03-31,3009.366943359375,3023.408935546875,2992.916015625,3003.9150390625,220400.0,3003.9150390625
2016-04-01,2997.087890625,3009.673095703125,2956.2470703125,3009.530029296875,206500.0,3009.530029296875
2016-04-05,3000.93798828125,3057.330078125,2993.14794921875,3053.06494140625,256700.0,3053.06494140625
2016-04-06,3039.7451171875,3059.7939453125,3029.0048828125,3050.592041015625,232300.0,3050.592041015625
2016-04-07,3058.339111328125,3062.35791015625,3007.06005859375,3008.419921875,220900.0,3008.419921875
2016-04-08,2988.199951171875,2996.1708984375,2960.4599609375,2984.9580078125,187900.0,2984.9580078125
2016-04-11,3006.908935546875,3048.97705078125,3006.908935546875,3033.95703125,220000.0,3033.95703125
2016-04-12,3031.301025390625,3036.824951171875,3001.31494140625,3023.64599609375,182700.0,3023.64599609375
2016-04-13,3041.35791015625,3097.1650390625,3041.35791015625,3066.637939453125,310000.0,3066.637939453125
2016-04-14,3080.090087890625,3086.697998046875,3056.989013671875,3082.362060546875,208200.0,3082.362060546875
2016-04-15,3085.02587890625,3089.950927734375,3066.8720703125,3078.116943359375,189600.0,3078.116943359375
2016-04-18,3058.462890625,3058.462890625,3022.969970703125,3033.659912109375,183300.0,3033.659912109375
2016-04-19,3047.133056640625,3054.5029296875,3024.89501953125,3042.822998046875,156500.0,3042.822998046875
2016-04-20,3050.381103515625,3055.68896484375,2905.049072265625,2972.583984375,283100.0,2972.583984375
2016-04-21,2954.3701171875,2990.673095703125,2943.464111328125,2952.89111328125,189400.0,2952.89111328125
2016-04-22,2933.034912109375,2960.208984375,2926.77587890625,2959.239990234375,137200.0,2959.239990234375
2016-04-25,2949.972900390625,2954.092041015625,2917.02001953125,2946.669921875,125900.0,2946.669921875
2016-04-26,2944.716064453125,2965.428955078125,2933.970947265625,2964.699951171875,117700.0,2964.699951171875
2016-04-27,2967.18994140625,2976.02197265625,2949.431884765625,2953.6708984375,130900.0,2953.6708984375
2016-04-28,2955.741943359375,2959.511962890625,2916.3740234375,2945.589111328125,138700.0,2945.589111328125
2016-04-29,2935.3759765625,2950.575927734375,2930.35693359375,2938.323974609375,109300.0,2938.323974609375
2016-05-03,2940.39208984375,2993.534912109375,2929.81494140625,2992.64306640625,168700.0,2992.64306640625
2016-05-04,2983.027099609375,3004.41796875,2978.330078125,2991.27197265625,165400.0,2991.27197265625
2016-05-05,2987.02197265625,2999.117919921875,2977.199951171875,2997.842041015625,144800.0,2997.842041015625
2016-05-06,2998.402099609375,3003.590087890625,2913.035888671875,2913.248046875,206800.0,2913.248046875
2016-05-09,2896.162109375,2896.162109375,2821.825927734375,2832.113037109375,180400.0,2832.113037109375
2016-05-10,2822.326904296875,2845.238037109375,2820.1640625,2832.591064453125,120800.0,2832.591064453125
2016-05-11,2843.544921875,2857.25390625,2818.698974609375,2837.037109375,135800.0,2837.037109375
2016-05-12,2812.10791015625,2839.27587890625,2781.236083984375,2835.862060546875,136300.0,2835.862060546875
2016-05-13,2828.4619140625,2850.093017578125,2814.114990234375,2827.10888671875,114300.0,2827.10888671875
2016-05-16,2816.77490234375,2851.22900390625,2804.990966796875,2850.862060546875,114700.0,2850.862060546875
2016-05-17,2850.926025390625,2860.321044921875,2832.458984375,2843.68408203125,123400.0,2843.68408203125
2016-05-18,2828.177978515625,2828.2548828125,2781.4169921875,2807.513916015625,140500.0,2807.513916015625
2016-05-19,2802.31494140625,2829.402099609375,2801.548095703125,2806.906005859375,111600.0,2806.906005859375
2016-05-20,2792.887939453125,2825.951904296875,2785.080078125,2825.48291015625,108700.0,2825.48291015625
2016-05-23,2826.31201171875,2848.071044921875,2826.256103515625,2843.64501953125,120500.0,2843.64501953125
2016-05-24,2839.681884765625,2839.695068359375,2807.18798828125,2821.666015625,111500.0,2821.666015625
2016-05-25,2835.029052734375,2843.1650390625,2807.7490234375,2815.0859375,103500.0,2815.0859375
2016-05-26,2813.54296875,2827.092041015625,2780.762939453125,2822.443115234375,114800.0,2822.443115234375
2016-05-27,2817.968017578125,2832.799072265625,2809.799072265625,2821.0458984375,109800.0,2821.0458984375
2016-05-30,2814.65087890625,2830.969970703125,2794.660888671875,2822.450927734375,106300.0,2822.450927734375
2016-05-31,2822.593017578125,2917.135009765625,2822.593017578125,2916.615966796875,215300.0,2916.615966796875
2016-06-01,2917.154052734375,2929.075927734375,2909.511962890625,2913.508056640625,188400.0,2913.508056640625
2016-06-02,2911.218994140625,2925.669921875,2906.52392578125,2925.22900390625,159700.0,2925.22900390625
2016-06-03,2929.7880859375,2945.51904296875,2915.18505859375,2938.681884765625,172000.0,2938.681884765625
2016-06-06,2940.993896484375,2945.94189453125,2922.282958984375,2934.097900390625,142000.0,2934.097900390625
2016-06-07,2936.281982421875,2938.444091796875,2923.501953125,2936.044921875,133000.0,2936.044921875
2016-06-08,2932.3759765625,2937.986083984375,2908.366943359375,2927.158935546875,143000.0,2927.158935546875
2016-06-13,2897.27294921875,2911.157958984375,2832.507080078125,2833.071044921875,169300.0,2833.071044921875
2016-06-14,2824.22900390625,2843.4560546875,2822.06103515625,2842.18896484375,119800.0,2842.18896484375
2016-06-15,2814.693115234375,2894.263916015625,2811.781005859375,2887.2099609375,166700.0,2887.2099609375
2016-06-16,2878.402099609375,2887.742919921875,2865.387939453125,2872.81689453125,173900.0,2872.81689453125
2016-06-17,2873.009033203125,2900.299072265625,2872.18505859375,2885.10498046875,171500.0,2885.10498046875
2016-06-20,2887.635986328125,2891.657958984375,2864.02001953125,2888.80908203125,136600.0,2888.80908203125
2016-06-21,2898.384033203125,2919.302001953125,2869.176025390625,2878.55810546875,164400.0,2878.55810546875
2016-06-22,2872.73388671875,2905.97802734375,2869.512939453125,2905.550048828125,130600.0,2905.550048828125
2016-06-23,2902.39794921875,2904.112060546875,2878.660888671875,2891.9599609375,136100.0,2891.9599609375
2016-06-24,2883.759033203125,2899.569091796875,2807.597900390625,2854.285888671875,190800.0,2854.285888671875
2016-06-27,2840.55908203125,2895.73095703125,2840.277099609375,2895.702880859375,156700.0,2895.702880859375
2016-06-28,2885.010986328125,2913.58203125,2878.823974609375,2912.556884765625,173900.0,2912.556884765625
2016-06-29,2918.533935546875,2933.9970703125,2915.06201171875,2931.592041015625,193200.0,2931.592041015625
2016-06-30,2931.48095703125,2938.136962890625,2922.31201171875,2929.60595703125,154500.0,2929.60595703125
2016-07-01,2931.802001953125,2944.989013671875,2925.81005859375,2932.47607421875,141200.0,2932.47607421875
2016-07-04,2924.29296875,2992.498046875,2922.52001953125,2988.60400390625,222000.0,2988.60400390625
2016-07-05,2991.751953125,3010.27490234375,2990.64208984375,3006.39208984375,235200.0,3006.39208984375
2016-07-06,2998.52099609375,3017.652099609375,2984.827880859375,3017.2919921875,212400.0,3017.2919921875
2016-07-07,3009.35302734375,3024.10888671875,2994.64306640625,3016.846923828125,222700.0,3016.846923828125
2016-07-08,3000.325927734375,3001.551025390625,2983.881103515625,2988.093994140625,169000.0,2988.093994140625
2016-07-11,2993.7490234375,3022.944091796875,2990.906982421875,2994.9169921875,224300.0,2994.9169921875
2016-07-12,2992.52001953125,3049.680908203125,2984.4208984375,3049.381103515625,259500.0,3049.381103515625
2016-07-13,3049.512939453125,3069.047119140625,3048.198974609375,3060.68896484375,253700.0,3060.68896484375
2016-07-14,3054.97509765625,3057.0458984375,3036.52294921875,3054.01806640625,180200.0,3054.01806640625
2016-07-15,3056.681884765625,3062.68310546875,3044.5380859375,3054.2958984375,172900.0,3054.2958984375
2016-07-18,3047.636962890625,3058.321044921875,3031.638916015625,3043.56396484375,177500.0,3043.56396484375
2016-07-19,3040.22607421875,3043.60009765625,3014.2890625,3036.597900390625,155400.0,3036.597900390625
2016-07-20,3034.714111328125,3042.9970703125,3022.631103515625,3027.89990234375,138200.0,3027.89990234375
2016-07-21,3027.60400390625,3053.333984375,3027.367919921875,3039.009033203125,163800.0,3039.009033203125
2016-07-22,3038.117919921875,3039.27001953125,3007.45703125,3012.81591796875,162000.0,3012.81591796875
2016-07-25,3008.093994140625,3027.123046875,3003.2919921875,3015.827880859375,144200.0,3015.827880859375
2016-07-26,3014.0400390625,3050.614990234375,3013.802001953125,3050.166015625,156700.0,3050.166015625
2016-07-27,3050.367919921875,3057.424072265625,2939.22705078125,2991.9990234375,280200.0,2991.9990234375
2016-07-28,2980.5009765625,3003.363037109375,2968.181884765625,2994.322998046875,190600.0,2994.322998046875
2016-07-29,2992.535888671875,3000.054931640625,2972.9169921875,2979.339111328125,150100.0,2979.339111328125
2016-08-01,2971.948974609375,2972.875,2931.962890625,2953.385009765625,147400.0,2953.385009765625
2016-08-02,2950.080078125,2971.279052734375,2946.636962890625,2971.279052734375,115500.0,2971.279052734375
2016-08-03,2963.215087890625,2981.156005859375,2956.785888671875,2978.4609375,141100.0,2978.4609375
2016-08-04,2976.409912109375,2982.860107421875,2958.93310546875,2982.426025390625,133900.0,2982.426025390625
2016-08-05,2978.778076171875,2991.677001953125,2971.56396484375,2976.696044921875,141900.0,2976.696044921875
2016-08-08,2972.625,3004.718017578125,2959.048095703125,3004.277099609375,155700.0,3004.277099609375
2016-08-09,3001.305908203125,3025.910888671875,2998.677001953125,3025.680908203125,170000.0,3025.680908203125
2016-08-10,3023.471923828125,3033.196044921875,3017.090087890625,3018.74609375,164700.0,3018.74609375
2016-08-11,3013.677978515625,3038.048095703125,3001.16796875,3002.637939453125,161900.0,3002.637939453125
2016-08-12,3000.27294921875,3051.053955078125,2999.0390625,3050.6669921875,168200.0,3050.6669921875
2016-08-15,3056.48388671875,3137.47607421875,3053.87109375,3125.195068359375,297600.0,3125.195068359375
2016-08-16,3130.532958984375,3140.44091796875,3102.06494140625,3110.037109375,278300.0,3110.037109375
2016-08-17,3106.990966796875,3114.2548828125,3090.281005859375,3109.554931640625,213800.0,3109.554931640625
2016-08-18,3107.7529296875,3125.5810546875,3093.31689453125,3104.114013671875,229400.0,3104.114013671875
2016-08-19,3100.39111328125,3113.343994140625,3082.77099609375,3108.10205078125,194300.0,3108.10205078125
2016-08-22,3107.381103515625,3112.739990234375,3083.593017578125,3084.804931640625,185400.0,3084.804931640625
2016-08-23,3081.572021484375,3101.110107421875,3073.529052734375,3089.7060546875,161400.0,3089.7060546875
2016-08-24,3092.02001953125,3097.14794921875,3079.548095703125,3085.8798828125,145700.0,3085.8798828125
2016-08-25,3073.444091796875,3073.444091796875,3041.5048828125,3068.3291015625,174000.0,3068.3291015625
2016-08-26,3069.85009765625,3087.652099609375,3063.89404296875,3070.30908203125,149700.0,3070.30908203125
2016-08-29,3068.4599609375,3074.943115234375,3058.784912109375,3070.027099609375,144500.0,3070.027099609375
2016-08-30,3071.43994140625,3082.988037109375,3065.970947265625,3074.677001953125,140400.0,3074.677001953125
2016-08-31,3072.916015625,3087.697998046875,3063.39599609375,3085.490966796875,141400.0,3085.490966796875
2016-09-01,3083.9609375,3088.7041015625,3062.8759765625,3063.304931640625,155200.0,3063.304931640625
2016-09-02,3057.4951171875,3072.52587890625,3050.491943359375,3067.35205078125,150400.0,3067.35205078125
2016-09-05,3070.70703125,3085.485107421875,3065.3291015625,3072.094970703125,145000.0,3072.094970703125
2016-09-06,3071.054931640625,3095.509033203125,3053.18701171875,3090.712890625,172900.0,3090.712890625
2016-09-07,3091.3291015625,3105.677978515625,3087.87890625,3091.927978515625,187000.0,3091.927978515625
2016-09-08,3089.952880859375,3096.782958984375,3083.902099609375,3095.9541015625,145900.0,3095.9541015625
2016-09-09,3095.427001953125,3101.7919921875,3078.218017578125,3078.85498046875,160700.0,3078.85498046875
2016-09-12,3037.507080078125,3040.951904296875,2999.928955078125,3021.97705078125,206000.0,3021.97705078125
2016-09-13,3025.034912109375,3029.720947265625,3008.740966796875,3023.510009765625,135400.0,3023.510009765625
2016-09-14,3008.904052734375,3017.945068359375,2995.416015625,3002.84912109375,133400.0,3002.84912109375
2016-09-19,3005.322998046875,3026.65087890625,3005.322998046875,3026.051025390625,119200.0,3026.051025390625
2016-09-20,3027.172119140625,3027.81689453125,3015.8798828125,3023.0,118900.0,3023.0
2016-09-21,3021.575927734375,3032.449951171875,3017.541015625,3025.8740234375,115700.0,3025.8740234375
2016-09-22,3038.422119140625,3054.43505859375,3035.070068359375,3042.31298828125,139300.0,3042.31298828125
2016-09-23,3044.785888671875,3046.804931640625,3032.802001953125,3033.89599609375,125600.0,3033.89599609375
2016-09-26,3028.242919921875,3028.242919921875,2980.116943359375,2980.429931640625,144300.0,2980.429931640625
2016-09-27,2974.593017578125,2998.23291015625,2969.132080078125,2998.172119140625,121700.0,2998.172119140625
2016-09-28,3000.695068359375,3000.695068359375,2984.321044921875,2987.85791015625,104600.0,2987.85791015625
2016-09-29,2992.16796875,3009.197998046875,2991.908935546875,2998.48291015625,113200.0,2998.48291015625
2016-09-30,2994.2509765625,3009.195068359375,2993.06201171875,3004.702880859375,101300.0,3004.702880859375
2016-10-10,3020.45703125,3048.236083984375,3014.6201171875,3048.14306640625,160100.0,3048.14306640625
2016-10-11,3051.6220703125,3066.10400390625,3048.01806640625,3065.25,167300.0,3065.25
2016-10-12,3057.31591796875,3060.513916015625,3048.887939453125,3058.498046875,142500.0,3058.498046875
2016-10-13,3057.971923828125,3064.9990234375,3052.639892578125,3061.345947265625,154800.0,3061.345947265625
2016-10-14,3056.992919921875,3064.7900390625,3043.18408203125,3063.80908203125,155400.0,3063.80908203125
2016-10-17,3064.69091796875,3068.81201171875,3033.7529296875,3041.166015625,163700.0,3041.166015625
2016-10-18,3037.404052734375,3084.18701171875,3037.404052734375,3083.875,182000.0,3083.875
2016-10-19,3085.7490234375,3096.222900390625,3076.77099609375,3084.718994140625,182500.0,3084.718994140625
2016-10-20,3084.907958984375,3089.681884765625,3076.294921875,3084.4580078125,160700.0,3084.4580078125
2016-10-21,3081.388916015625,3101.84912109375,3069.26708984375,3090.94091796875,187400.0,3090.94091796875
2016-10-24,3092.047119140625,3137.033935546875,3090.785888671875,3128.2470703125,240500.0,3128.2470703125
2016-10-25,3127.968017578125,3132.5048828125,3121.050048828125,3131.93896484375,203400.0,3131.93896484375
2016-10-26,3129.837890625,3129.837890625,3110.386962890625,3116.31201171875,191700.0,3116.31201171875
2016-10-27,3112.60302734375,3114.759033203125,3100.39208984375,3112.35009765625,158000.0,3112.35009765625
2016-10-28,3111.7041015625,3128.64306640625,3101.237060546875,3104.27001953125,181800.0,3104.27001953125
2016-10-31,3097.18798828125,3102.302001953125,3081.072021484375,3100.491943359375,151500.0,3100.491943359375
2016-11-01,3101.6640625,3122.614990234375,3097.0419921875,3122.43603515625,160200.0,3122.43603515625
2016-11-02,3115.72900390625,3118.97705078125,3099.820068359375,3102.73291015625,182700.0,3102.73291015625
2016-11-03,3096.764892578125,3140.929931640625,3094.10302734375,3128.93603515625,223000.0,3128.93603515625
2016-11-04,3126.34912109375,3141.333984375,3119.534912109375,3125.31689453125,197700.0,3125.31689453125
2016-11-07,3124.89208984375,3139.201904296875,3117.095947265625,3133.3330078125,179400.0,3133.3330078125
2016-11-08,3140.944091796875,3156.881103515625,3134.955078125,3147.887939453125,190800.0,3147.887939453125
2016-11-09,3146.077880859375,3146.949951171875,3096.947021484375,3128.3701171875,241100.0,3128.3701171875
2016-11-10,3148.5439453125,3172.30908203125,3148.5439453125,3171.281982421875,244200.0,3171.281982421875
2016-11-11,3169.40087890625,3202.739990234375,3166.070068359375,3196.0439453125,310900.0,3196.0439453125
2016-11-14,3187.708984375,3221.4580078125,3186.7958984375,3210.37109375,329600.0,3210.37109375
2016-11-15,3209.955078125,3214.2919921875,3195.034912109375,3206.986083984375,240900.0,3206.986083984375
2016-11-16,3208.4970703125,3210.89306640625,3195.410888671875,3205.056884765625,221800.0,3205.056884765625
2016-11-17,3198.4990234375,3211.052978515625,3187.2060546875,3208.452880859375,214200.0,3208.452880859375
2016-11-18,3207.193115234375,3212.39404296875,3187.49609375,3192.85595703125,209800.0,3192.85595703125
2016-11-21,3188.49609375,3229.757080078125,3188.280029296875,3218.14794921875,230700.0,3218.14794921875
2016-11-22,3220.98291015625,3249.677001953125,3220.98291015625,3248.35205078125,261600.0,3248.35205078125
2016-11-23,3247.945068359375,3262.87890625,3231.5859375,3241.136962890625,250000.0,3241.136962890625
2016-11-24,3237.427978515625,3257.85693359375,3232.868896484375,3241.736083984375,232300.0,3241.736083984375
2016-11-25,3241.242919921875,3262.43798828125,3209.597900390625,3261.93798828125,233900.0,3261.93798828125
2016-11-28,3270.047119140625,3288.3369140625,3267.674072265625,3277.0,281600.0,3277.0
2016-11-29,3269.23388671875,3301.212890625,3263.39697265625,3282.924072265625,320800.0,3282.924072265625
2016-11-30,3272.14208984375,3277.26904296875,3239.52099609375,3250.033935546875,243600.0,3250.033935546875
2016-12-01,3257.027099609375,3279.6708984375,3256.256103515625,3273.30908203125,237800.0,3273.30908203125
2016-12-02,3270.12109375,3279.714111328125,3235.277099609375,3243.843017578125,259600.0,3243.843017578125
2016-12-05,3203.783935546875,3219.51806640625,3194.87890625,3204.708984375,223000.0,3204.708984375
2016-12-06,3202.029052734375,3215.31103515625,3196.52490234375,3199.64697265625,157600.0,3199.64697265625
2016-12-07,3198.47509765625,3222.427978515625,3189.485107421875,3222.241943359375,169100.0,3222.241943359375
2016-12-08,3225.550048828125,3228.1220703125,3211.470947265625,3215.365966796875,170700.0,3215.365966796875
2016-12-09,3209.340087890625,3244.801025390625,3207.04296875,3232.883056640625,204000.0,3232.883056640625
2016-12-12,3233.666015625,3245.094970703125,3149.89599609375,3152.969970703125,274700.0,3152.969970703125
2016-12-13,3138.988037109375,3162.49609375,3118.7119140625,3155.037109375,185200.0,3155.037109375
2016-12-14,3149.376953125,3170.02099609375,3136.347900390625,3140.531005859375,201400.0,3140.531005859375
2016-12-15,3125.757080078125,3138.779052734375,3100.9130859375,3117.677001953125,190000.0,3117.677001953125
2016-12-16,3111.514892578125,3128.8740234375,3106.345947265625,3122.98193359375,165000.0,3122.98193359375
2016-12-19,3120.696044921875,3125.283935546875,3110.08203125,3118.0849609375,154200.0,3118.0849609375
2016-12-20,3115.89794921875,3117.014892578125,3084.800048828125,3102.8759765625,157400.0,3102.8759765625
2016-12-21,3107.239990234375,3140.2509765625,3107.239990234375,3137.429931640625,186700.0,3137.429931640625
2016-12-22,3132.156005859375,3143.1689453125,3126.886962890625,3139.55810546875,167800.0,3139.55810546875
2016-12-23,3134.928955078125,3138.404052734375,3103.748046875,3110.154052734375,166200.0,3110.154052734375
2016-12-26,3095.5791015625,3122.881103515625,3068.4150390625,3122.569091796875,152600.0,3122.569091796875
2016-12-27,3117.386962890625,3127.883056640625,3113.7451171875,3114.6640625,141500.0,3114.6640625
2016-12-28,3113.76708984375,3118.781982421875,3094.549072265625,3102.236083984375,135700.0,3102.236083984375
2016-12-29,3095.844970703125,3111.799072265625,3087.343994140625,3096.096923828125,132600.0,3096.096923828125
2016-12-30,3097.344970703125,3108.839111328125,3089.989013671875,3103.636962890625,133300.0,3103.636962890625
2017-01-03,3105.30908203125,3136.4560546875,3105.30908203125,3135.9208984375,141600.0,3135.9208984375
2017-01-04,3133.787109375,3160.10302734375,3130.114990234375,3158.7939453125,167900.0,3158.7939453125
2017-01-05,3157.906005859375,3168.501953125,3154.281005859375,3165.410888671875,174700.0,3165.410888671875
2017-01-06,3163.77587890625,3172.034912109375,3153.02490234375,3154.321044921875,183700.0,3154.321044921875
2017-01-09,3148.531982421875,3173.135986328125,3147.735107421875,3171.236083984375,171700.0,3171.236083984375
2017-01-10,3167.570068359375,3174.577880859375,3157.33203125,3161.6708984375,179800.0,3161.6708984375
2017-01-11,3156.68603515625,3167.029052734375,3136.26708984375,3136.75390625,178400.0,3136.75390625
2017-01-12,3133.60205078125,3144.969970703125,3115.97900390625,3119.2890625,148900.0,3119.2890625
2017-01-13,3116.0830078125,3130.514892578125,3102.1630859375,3112.763916015625,156300.0,3112.763916015625
2017-01-16,3104.491943359375,3105.14208984375,3044.291015625,3103.427978515625,257900.0,3103.427978515625
2017-01-17,3087.030029296875,3108.906982421875,3072.337890625,3108.77490234375,136200.0,3108.77490234375
2017-01-18,3104.76611328125,3123.719970703125,3098.5859375,3113.011962890625,131800.0,3113.011962890625
2017-01-19,3104.971923828125,3115.778076171875,3094.006103515625,3101.299072265625,123900.0,3101.299072265625
2017-01-20,3095.819091796875,3125.659912109375,3095.215087890625,3123.138916015625,122400.0,3123.138916015625
2017-01-23,3125.4208984375,3145.841064453125,3125.4208984375,3136.77490234375,132700.0,3136.77490234375
2017-01-24,3134.592041015625,3149.531005859375,3131.218017578125,3142.552978515625,126000.0,3142.552978515625
2017-01-25,3137.64599609375,3151.471923828125,3133.19091796875,3149.554931640625,112100.0,3149.554931640625
2017-01-26,3149.217041015625,3163.10400390625,3148.907958984375,3159.166015625,113900.0,3159.166015625
2017-02-03,3160.08203125,3162.677001953125,3136.012939453125,3140.169921875,92200.0,3140.169921875
2017-02-06,3143.093017578125,3158.843017578125,3135.386962890625,3156.98388671875,127200.0,3156.98388671875
2017-02-07,3154.405029296875,3159.5439453125,3140.035888671875,3153.087890625,128300.0,3153.087890625
2017-02-08,3148.0859375,3167.447021484375,3132.032958984375,3166.98193359375,144900.0,3166.98193359375
2017-02-09,3164.68798828125,3186.837890625,3162.573974609375,3183.178955078125,191600.0,3183.178955078125
2017-02-10,3183.007080078125,3205.049072265625,3182.802001953125,3196.698974609375,239300.0,3196.698974609375
2017-02-13,3198.9951171875,3219.406982421875,3198.9951171875,3216.839111328125,220200.0,3216.839111328125
2017-02-14,3216.136962890625,3219.405029296875,3205.284912109375,3217.927978515625,188800.0,3217.927978515625
2017-02-15,3215.464111328125,3235.998046875,3206.56103515625,3212.986083984375,241500.0,3212.986083984375
2017-02-16,3210.35693359375,3230.27490234375,3207.784912109375,3229.617919921875,217000.0,3229.617919921875
2017-02-17,3227.70703125,3238.39599609375,3199.425048828125,3202.075927734375,226200.0,3202.075927734375
2017-02-20,3198.962890625,3241.4580078125,3198.962890625,3239.9609375,232200.0,3239.9609375
2017-02-21,3242.222900390625,3254.3359375,3239.8779296875,3253.325927734375,211700.0,3253.325927734375
2017-02-22,3252.68994140625,3261.381103515625,3243.840087890625,3261.218017578125,207500.0,3261.218017578125
2017-02-23,3258.83203125,3264.08203125,3236.35498046875,3251.375,209200.0,3251.375
2017-02-24,3246.860107421875,3253.9560546875,3233.534912109375,3253.43310546875,186400.0,3253.43310546875
2017-02-27,3249.195068359375,3251.654052734375,3224.087890625,3228.659912109375,182600.0,3228.659912109375
2017-02-28,3225.968994140625,3242.678955078125,3225.968994140625,3241.73291015625,151200.0,3241.73291015625
2017-03-01,3240.072998046875,3259.97802734375,3237.87109375,3246.93408203125,190700.0,3246.93408203125
2017-03-02,3250.51806640625,3256.806884765625,3228.6650390625,3230.028076171875,181200.0,3230.028076171875
2017-03-03,3219.201904296875,3221.155029296875,3206.613037109375,3218.31201171875,157100.0,3218.31201171875
2017-03-06,3217.3349609375,3234.6630859375,3215.06689453125,3233.865966796875,156100.0,3233.865966796875
2017-03-07,3233.093994140625,3242.658935546875,3226.822021484375,3242.406005859375,164100.0,3242.406005859375
2017-03-08,3240.531982421875,3245.303955078125,3230.60791015625,3240.6650390625,160700.0,3240.6650390625
2017-03-09,3233.700927734375,3233.875,3205.279052734375,3216.74609375,167400.0,3216.74609375
2017-03-10,3213.72900390625,3222.319091796875,3208.447021484375,3212.760009765625,136700.0,3212.760009765625
2017-03-13,3209.448974609375,3237.12109375,3193.156982421875,3237.02392578125,163700.0,3237.02392578125
2017-03-14,3235.251953125,3246.3291015625,3231.52099609375,3239.327880859375,146900.0,3239.327880859375
2017-03-15,3235.403076171875,3243.712890625,3227.738037109375,3241.760009765625,144100.0,3241.760009765625
2017-03-16,3247.1630859375,3269.77001953125,3247.1630859375,3268.93505859375,189400.0,3268.93505859375
2017-03-17,3271.866943359375,3274.18994140625,3232.281005859375,3237.447021484375,200600.0,3237.447021484375
2017-03-20,3241.110107421875,3251.126953125,3228.117919921875,3250.80810546875,170500.0,3250.80810546875
2017-03-21,3250.2470703125,3262.220947265625,3246.696044921875,3261.611083984375,162700.0,3261.611083984375
2017-03-22,3246.222900390625,3255.778076171875,3229.1279296875,3245.219970703125,189700.0,3245.219970703125
2017-03-23,3245.80810546875,3262.091064453125,3221.93408203125,3248.550048828125,193000.0,3248.550048828125
2017-03-24,3247.35009765625,3275.20703125,3241.123046875,3269.445068359375,219800.0,3269.445068359375
2017-03-27,3268.924072265625,3283.239013671875,3262.117919921875,3266.955078125,201900.0,3266.955078125
2017-03-28,3265.634033203125,3265.634033203125,3246.0859375,3252.947998046875,161700.0,3252.947998046875
2017-03-29,3252.864990234375,3262.097900390625,3233.280029296875,3241.31396484375,216100.0,3241.31396484375
2017-03-30,3235.136962890625,3240.01708984375,3195.85205078125,3210.237060546875,247100.0,3210.237060546875
2017-03-31,3206.2529296875,3226.248046875,3205.537109375,3222.513916015625,196400.0,3222.513916015625
2017-04-05,3235.659912109375,3270.64501953125,3233.237060546875,3270.304931640625,248300.0,3270.304931640625
2017-04-06,3272.193115234375,3286.674072265625,3265.764892578125,3281.0048828125,245300.0,3281.0048828125
2017-04-07,3280.6240234375,3295.18701171875,3275.051025390625,3286.615966796875,236100.0,3286.615966796875
2017-04-10,3285.458984375,3285.458984375,3265.011962890625,3269.39306640625,232700.0,3269.39306640625
2017-04-11,3266.221923828125,3290.388916015625,3244.405029296875,3288.966064453125,281300.0,3288.966064453125
2017-04-12,3283.8369140625,3284.93408203125,3262.277099609375,3273.830078125,269400.0,3273.830078125
2017-04-13,3265.218017578125,3281.136962890625,3261.489990234375,3275.9599609375,207300.0,3275.9599609375
2017-04-14,3276.137939453125,3276.7109375,3238.89599609375,3244.48291015625,208100.0,3244.48291015625
2017-04-17,3229.948974609375,3229.948974609375,3199.912109375,3222.1669921875,212700.0,3222.1669921875
2017-04-18,3215.39599609375,3225.054931640625,3196.488037109375,3196.712890625,188700.0,3196.712890625
2017-04-19,3184.666015625,3189.43701171875,3147.06591796875,3170.68701171875,213200.0,3170.68701171875
2017-04-20,3165.6650390625,3178.18310546875,3148.18408203125,3172.10009765625,190900.0,3172.10009765625
2017-04-21,3170.2900390625,3180.7939453125,3158.62890625,3173.15087890625,164800.0,3173.15087890625
2017-04-24,3164.248046875,3164.248046875,3111.215087890625,3129.531005859375,186300.0,3129.531005859375
2017-04-25,3123.89404296875,3145.26708984375,3117.448974609375,3134.56689453125,153400.0,3134.56689453125
2017-04-26,3132.91796875,3152.952880859375,3131.41796875,3140.846923828125,169900.0,3140.846923828125
2017-04-27,3131.35009765625,3155.0029296875,3097.3330078125,3152.18701171875,211800.0,3152.18701171875
2017-04-28,3144.02197265625,3154.72705078125,3136.577880859375,3154.657958984375,162900.0,3154.657958984375
2017-05-02,3147.22802734375,3154.781005859375,3136.5390625,3143.7119140625,154200.0,3143.7119140625
2017-05-03,3138.306884765625,3148.285888671875,3123.7509765625,3135.345947265625,163800.0,3135.345947265625
2017-05-04,3127.10595703125,3143.818115234375,3111.39111328125,3127.368896484375,178000.0,3127.368896484375
2017-05-05,3114.77392578125,3117.614013671875,3092.092041015625,3103.0380859375,176200.0,3103.0380859375
2017-05-08,3090.06494140625,3093.451904296875,3067.694091796875,3078.613037109375,180500.0,3078.613037109375
2017-05-09,3064.847900390625,3084.2080078125,3056.55810546875,3080.527099609375,135100.0,3080.527099609375
2017-05-10,3078.173095703125,3090.819091796875,3051.590087890625,3052.784912109375,160800.0,3052.784912109375
2017-05-11,3036.7890625,3063.56396484375,3016.531005859375,3061.5,191300.0,3061.5
2017-05-12,3054.112060546875,3090.490966796875,3051.87109375,3083.512939453125,159700.0,3083.512939453125
2017-05-15,3085.931884765625,3098.9130859375,3085.931884765625,3090.22900390625,135700.0,3090.22900390625
2017-05-16,3082.8720703125,3113.511962890625,3060.533935546875,3112.964111328125,173800.0,3112.964111328125
2017-05-17,3107.802001953125,3119.58203125,3101.294921875,3104.44189453125,168700.0,3104.44189453125
2017-05-18,3082.3291015625,3103.44091796875,3077.962890625,3090.138916015625,148600.0,3090.138916015625
2017-05-19,3086.705078125,3095.48291015625,3081.278076171875,3090.631103515625,129600.0,3090.631103515625
2017-05-22,3087.1708984375,3103.93798828125,3063.153076171875,3075.676025390625,153700.0,3075.676025390625
2017-05-23,3069.39404296875,3084.235107421875,3050.842041015625,3061.947021484375,178300.0,3061.947021484375
2017-05-24,3047.568115234375,3064.81298828125,3022.302978515625,3064.075927734375,139800.0,3064.075927734375
2017-05-25,3055.343017578125,3114.657958984375,3052.8310546875,3107.8310546875,191400.0,3107.8310546875
2017-05-26,3101.285888671875,3120.6630859375,3100.387939453125,3110.05908203125,155900.0,3110.05908203125
2017-05-31,3125.324951171875,3143.279052734375,3111.555908203125,3117.177978515625,153000.0,3117.177978515625
2017-06-01,3108.4208984375,3113.52099609375,3097.678955078125,3102.623046875,163000.0,3102.623046875
2017-06-02,3094.22509765625,3110.388916015625,3081.84912109375,3105.5400390625,142500.0,3105.5400390625
2017-06-05,3102.110107421875,3105.506103515625,3084.830078125,3091.656005859375,132600.0,3091.656005859375
2017-06-06,3084.5400390625,3102.863037109375,3078.787109375,3102.1259765625,113400.0,3102.1259765625
2017-06-07,3101.760986328125,3140.77392578125,3098.950927734375,3140.324951171875,173200.0,3140.324951171875
2017-06-08,3136.470947265625,3153.263916015625,3132.827880859375,3150.333984375,152300.0,3150.333984375
2017-06-09,3147.452880859375,3165.919921875,3146.10791015625,3158.39990234375,160100.0,3158.39990234375
2017-06-12,3149.527099609375,3164.949951171875,3135.31396484375,3139.876953125,146700.0,3139.876953125
2017-06-13,3134.009033203125,3155.989990234375,3131.04296875,3153.742919921875,128300.0,3153.742919921875
2017-06-14,3146.748046875,3149.173095703125,3125.35498046875,3130.674072265625,138300.0,3130.674072265625
2017-06-15,3125.5869140625,3137.5849609375,3117.083984375,3132.486083984375,147000.0,3132.486083984375
2017-06-16,3126.373046875,3134.2509765625,3117.85693359375,3123.166015625,129700.0,3123.166015625
2017-06-19,3122.157958984375,3146.77001953125,3121.779052734375,3144.3740234375,134900.0,3144.3740234375
2017-06-20,3148.01904296875,3150.465087890625,3134.611083984375,3140.013916015625,141200.0,3140.013916015625
2017-06-21,3148.986083984375,3157.028076171875,3132.616943359375,3156.2119140625,136700.0,3156.2119140625
2017-06-22,3152.241943359375,3186.98193359375,3146.64306640625,3147.452880859375,191300.0,3147.452880859375
2017-06-23,3138.444091796875,3158.047119140625,3118.094970703125,3157.873046875,154800.0,3157.873046875
2017-06-26,3157.001953125,3187.888916015625,3156.97705078125,3185.444091796875,173600.0,3185.444091796875
2017-06-27,3183.419921875,3193.4609375,3172.462890625,3191.197021484375,148200.0,3191.197021484375
2017-06-28,3183.633056640625,3193.43994140625,3170.785888671875,3173.200927734375,146500.0,3173.200927734375
2017-06-29,3174.98095703125,3188.77392578125,3174.283935546875,3188.06298828125,128800.0,3188.06298828125
2017-06-30,3176.947998046875,3193.240966796875,3171.570068359375,3192.427001953125,121500.0,3192.427001953125
2017-07-03,3191.998046875,3196.285888671875,3177.02392578125,3195.912109375,140300.0,3195.912109375
2017-07-04,3192.888916015625,3193.06396484375,3174.31396484375,3182.803955078125,141100.0,3182.803955078125
2017-07-05,3179.217041015625,3207.31005859375,3174.7080078125,3207.134033203125,148300.0,3207.134033203125
2017-07-06,3203.863037109375,3215.949951171875,3188.77294921875,3212.444091796875,175800.0,3212.444091796875
2017-07-07,3203.822998046875,3219.52294921875,3195.291015625,3217.95703125,176700.0,3217.95703125
2017-07-10,3208.462890625,3223.340087890625,3203.208984375,3212.632080078125,198900.0,3212.632080078125
2017-07-11,3201.51708984375,3226.907958984375,3199.22412109375,3203.0380859375,187800.0,3203.0380859375
2017-07-12,3201.928955078125,3215.196044921875,3177.93505859375,3197.5439453125,186900.0,3197.5439453125
2017-07-13,3192.362060546875,3219.26806640625,3190.339111328125,3218.1630859375,195300.0,3218.1630859375
2017-07-14,3212.031982421875,3222.97802734375,3204.85302734375,3222.4169921875,160100.0,3222.4169921875
2017-07-17,3219.791015625,3230.35400390625,3139.50390625,3176.465087890625,266200.0,3176.465087890625
2017-07-18,3159.73193359375,3187.6708984375,3150.1279296875,3187.56689453125,190600.0,3187.56689453125
2017-07-19,3181.402099609375,3232.94091796875,3179.72998046875,3230.97607421875,272400.0,3230.97607421875
2017-07-20,3227.506103515625,3246.236083984375,3225.43310546875,3244.864990234375,232100.0,3244.864990234375
2017-07-21,3236.587890625,3247.7119140625,3231.9560546875,3237.98193359375,206000.0,3237.98193359375
2017-07-24,3230.89794921875,3261.10498046875,3230.071044921875,3250.59912109375,233100.0,3250.59912109375
2017-07-25,3249.137939453125,3261.64501953125,3233.137939453125,3243.68896484375,205600.0,3243.68896484375
2017-07-26,3244.4609375,3264.847900390625,3228.0390625,3247.675048828125,213500.0,3247.675048828125
2017-07-27,3243.764892578125,3251.926025390625,3220.636962890625,3249.781005859375,228500.0,3249.781005859375
2017-07-28,3240.173095703125,3256.37109375,3232.962890625,3253.239990234375,182200.0,3253.239990234375
2017-07-31,3252.751953125,3276.946044921875,3251.194091796875,3273.028076171875,246000.0,3273.028076171875
2017-08-01,3274.368896484375,3292.637939453125,3273.50390625,3292.637939453125,237200.0,3292.637939453125
2017-08-02,3288.51806640625,3305.430908203125,3282.0380859375,3285.056884765625,266700.0,3285.056884765625
2017-08-03,3279.986083984375,3293.368896484375,3262.155029296875,3272.928955078125,233300.0,3272.928955078125
2017-08-04,3269.318115234375,3287.193115234375,3261.306884765625,3262.0810546875,275900.0,3262.0810546875
2017-08-07,3257.669921875,3280.10400390625,3243.715087890625,3279.45703125,231200.0,3279.45703125
2017-08-08,3277.18896484375,3285.48291015625,3269.657958984375,3281.873046875,252000.0,3281.873046875
2017-08-09,3277.80810546875,3277.943115234375,3263.846923828125,3275.572998046875,235600.0,3275.572998046875
2017-08-10,3269.735107421875,3282.51904296875,3236.18310546875,3261.7490234375,240700.0,3261.7490234375
2017-08-11,3237.922119140625,3245.115966796875,3200.748046875,3208.541015625,263000.0,3208.541015625
2017-08-14,3206.0439453125,3240.052001953125,3206.0439453125,3237.360107421875,190300.0,3237.360107421875
2017-08-15,3235.22998046875,3263.589111328125,3235.10107421875,3251.261962890625,182300.0,3251.261962890625
2017-08-16,3247.85302734375,3248.784912109375,3228.87109375,3246.450927734375,176900.0,3246.450927734375
2017-08-17,3253.845947265625,3269.138916015625,3251.458984375,3268.429931640625,203600.0,3268.429931640625
2017-08-18,3253.242919921875,3275.075927734375,3248.0830078125,3268.72412109375,191100.0,3268.72412109375
2017-08-21,3274.5810546875,3287.51904296875,3270.47509765625,3286.906005859375,186100.0,3286.906005859375
2017-08-22,3287.614990234375,3293.47607421875,3274.94091796875,3290.22607421875,186500.0,3290.22607421875
2017-08-23,3283.797119140625,3299.45703125,3274.43994140625,3287.705078125,179800.0,3287.705078125
2017-08-24,3287.958984375,3297.989013671875,3266.35888671875,3271.511962890625,163500.0,3271.511962890625
2017-08-25,3271.4609375,3331.9150390625,3271.4609375,3331.52197265625,205800.0,3331.52197265625
2017-08-28,3336.1259765625,3375.033935546875,3336.1259765625,3362.65087890625,257500.0,3362.65087890625
2017-08-29,3362.06005859375,3374.594970703125,3354.462890625,3365.22607421875,219500.0,3365.22607421875
2017-08-30,3361.821044921875,3376.64794921875,3357.080078125,3363.626953125,246900.0,3363.626953125
2017-08-31,3361.4619140625,3367.35791015625,3340.68701171875,3360.81005859375,234400.0,3360.81005859375
2017-09-01,3365.990966796875,3381.925048828125,3358.471923828125,3367.118896484375,282500.0,3367.118896484375
2017-09-04,3369.718994140625,3381.403076171875,3359.131103515625,3379.8359375,259400.0,3379.8359375
2017-09-05,3377.197021484375,3390.822998046875,3371.571044921875,3384.31689453125,216600.0,3384.31689453125
2017-09-06,3372.427978515625,3391.010986328125,3364.764892578125,3385.388916015625,229100.0,3385.388916015625
2017-09-07,3383.6279296875,3387.7958984375,3363.177001953125,3365.4970703125,221100.0,3365.4970703125
2017-09-08,3364.427978515625,3380.889892578125,3353.68798828125,3365.242919921875,198400.0,3365.242919921875
2017-09-11,3365.35107421875,3384.81005859375,3360.0458984375,3376.4189453125,219000.0,3376.4189453125
2017-09-12,3381.487060546875,3391.069091796875,3370.85205078125,3379.488037109375,272900.0,3379.488037109375
2017-09-13,3374.718994140625,3387.139892578125,3366.541015625,3384.14697265625,194600.0,3384.14697265625
2017-09-14,3383.469970703125,3391.64404296875,3361.333984375,3371.426025390625,221300.0,3371.426025390625
2017-09-15,3365.14501953125,3365.528076171875,3345.327880859375,3353.618896484375,219800.0,3353.618896484375
2017-09-18,3352.512939453125,3371.7490234375,3352.512939453125,3362.85888671875,190300.0,3362.85888671875
2017-09-19,3365.531982421875,3370.40087890625,3344.705078125,3356.844970703125,191100.0,3356.844970703125
2017-09-20,3352.18505859375,3370.097900390625,3346.535888671875,3365.99609375,192200.0,3365.99609375
2017-09-21,3364.697998046875,3377.884033203125,3356.875,3357.81201171875,197400.0,3357.81201171875
2017-09-22,3347.156982421875,3356.450927734375,3334.985107421875,3352.529052734375,179200.0,3352.529052734375
2017-09-25,3344.589111328125,3350.9609375,3334.944091796875,3341.549072265625,169600.0,3341.549072265625
2017-09-26,3336.35009765625,3347.1630859375,3332.59912109375,3343.5830078125,132600.0,3343.5830078125
2017-09-27,3340.822021484375,3349.695068359375,3340.299072265625,3345.27197265625,143100.0,3345.27197265625
2017-09-28,3343.844970703125,3344.60107421875,3336.177978515625,3339.64208984375,149400.0,3339.64208984375
2017-09-29,3340.31103515625,3357.014892578125,3340.31103515625,3348.943115234375,144900.0,3348.943115234375
2017-10-09,3403.24609375,3410.169921875,3366.965087890625,3374.3779296875,191700.0,3374.3779296875
2017-10-10,3373.344970703125,3384.02587890625,3358.794921875,3382.988037109375,179400.0,3382.988037109375
2017-10-11,3381.488037109375,3395.779052734375,3379.1630859375,3388.283935546875,181500.0,3388.283935546875
2017-10-12,3385.532958984375,3390.2041015625,3372.532958984375,3386.10009765625,161800.0,3386.10009765625
2017-10-13,3384.488037109375,3395.748046875,3383.239013671875,3390.52294921875,140000.0,3390.52294921875
2017-10-16,3393.2060546875,3400.510986328125,3374.76904296875,3378.469970703125,174300.0,3378.469970703125
2017-10-17,3373.23388671875,3382.406982421875,3365.56494140625,3372.041015625,125400.0,3372.041015625
2017-10-18,3373.528076171875,3383.23193359375,3371.925048828125,3381.7939453125,157200.0,3381.7939453125
2017-10-19,3374.64404296875,3378.736083984375,3359.6279296875,3370.172119140625,158500.0,3370.172119140625
2017-10-20,3363.513916015625,3379.764892578125,3360.10009765625,3378.64794921875,127200.0,3378.64794921875
2017-10-23,3382.280029296875,3385.284912109375,3374.705078125,3380.698974609375,130800.0,3380.698974609375
2017-10-24,3376.59912109375,3388.68896484375,3374.125,3388.248046875,139900.0,3388.248046875
2017-10-25,3384.85791015625,3398.303955078125,3382.033935546875,3396.89794921875,123100.0,3396.89794921875
2017-10-26,3397.51904296875,3414.241943359375,3391.455078125,3407.56689453125,183800.0,3407.56689453125
2017-10-27,3404.498046875,3421.10302734375,3402.114013671875,3416.81201171875,170300.0,3416.81201171875
2017-10-30,3413.867919921875,3419.73193359375,3357.27587890625,3390.3369140625,208300.0,3390.3369140625
2017-10-31,3380.9990234375,3397.09912109375,3376.1240234375,3393.342041015625,153500.0,3393.342041015625
2017-11-01,3393.968017578125,3410.35205078125,3388.597900390625,3395.9130859375,180600.0,3395.9130859375
2017-11-02,3391.652099609375,3391.652099609375,3372.212890625,3383.31005859375,166900.0,3383.31005859375
2017-11-03,3377.736083984375,3380.570068359375,3347.360107421875,3371.743896484375,172700.0,3371.743896484375
2017-11-06,3369.68505859375,3389.383056640625,3356.533935546875,3388.174072265625,154600.0,3388.174072265625
2017-11-07,3389.471923828125,3415.14794921875,3387.946044921875,3413.574951171875,190600.0,3413.574951171875
2017-11-08,3409.14697265625,3434.491943359375,3404.881103515625,3415.4599609375,185400.0,3415.4599609375
2017-11-09,3410.672119140625,3428.77001953125,3408.618896484375,3427.794921875,158700.0,3427.794921875
2017-11-10,3423.18505859375,3438.7919921875,3414.3291015625,3432.673095703125,189300.0,3432.673095703125
2017-11-13,3435.18408203125,3449.1640625,3435.0849609375,3447.8359375,205400.0,3447.8359375
2017-11-14,3446.544921875,3450.4951171875,3419.69189453125,3429.548095703125,196500.0,3429.548095703125
2017-11-15,3416.2109375,3423.75,3396.381103515625,3402.52490234375,168800.0,3402.52490234375
2017-11-16,3393.194091796875,3409.653076171875,3390.589111328125,3399.25,156700.0,3399.25
2017-11-17,3392.68310546875,3403.285888671875,3373.2958984375,3382.907958984375,249500.0,3382.907958984375
2017-11-20,3361.35595703125,3393.10595703125,3337.115966796875,3392.39892578125,176500.0,3392.39892578125
2017-11-21,3382.360107421875,3419.802001953125,3377.59912109375,3410.498046875,196900.0,3410.498046875
2017-11-22,3417.3310546875,3442.177978515625,3404.287109375,3430.464111328125,213600.0,3430.464111328125
2017-11-23,3425.009033203125,3429.424072265625,3342.33203125,3352.989013671875,208800.0,3352.989013671875
2017-11-24,3340.384033203125,3360.74609375,3328.333984375,3353.821044921875,159600.0,3353.821044921875
2017-11-27,3346.656982421875,3347.051025390625,3315.263916015625,3322.22998046875,166400.0,3322.22998046875
2017-11-28,3311.23193359375,3333.800048828125,3300.781005859375,3333.656982421875,138200.0,3333.656982421875
2017-11-29,3335.56689453125,3343.06201171875,3305.572021484375,3337.862060546875,183800.0,3337.862060546875
2017-11-30,3328.64306640625,3340.919921875,3306.282958984375,3317.18798828125,156600.0,3317.18798828125
2017-12-01,3315.10498046875,3324.51611328125,3302.43994140625,3317.616943359375,139200.0,3317.616943359375
2017-12-04,3310.381103515625,3323.99609375,3304.10302734375,3309.617919921875,148100.0,3309.617919921875
2017-12-05,3301.69091796875,3315.737060546875,3300.511962890625,3303.675048828125,208300.0,3303.675048828125
2017-12-06,3291.31298828125,3296.200927734375,3254.611083984375,3293.965087890625,151600.0,3293.965087890625
2017-12-07,3283.279052734375,3291.281982421875,3259.1640625,3272.053955078125,132100.0,3272.053955078125
2017-12-08,3264.47802734375,3297.1298828125,3258.759033203125,3289.991943359375,133200.0,3289.991943359375
2017-12-11,3290.488037109375,3322.674072265625,3288.294921875,3322.196044921875,132000.0,3322.196044921875
2017-12-12,3320.31005859375,3320.31005859375,3280.3291015625,3280.81396484375,124600.0,3280.81396484375
2017-12-13,3278.39697265625,3304.010009765625,3273.324951171875,3303.037109375,112000.0,3303.037109375
2017-12-14,3302.931884765625,3309.530029296875,3282.572998046875,3292.43896484375,120500.0,3292.43896484375
2017-12-15,3287.529052734375,3287.529052734375,3259.387939453125,3266.136962890625,130900.0,3266.136962890625
2017-12-18,3268.033935546875,3280.5439453125,3254.177978515625,3267.922119140625,120700.0,3267.922119140625
2017-12-19,3266.01904296875,3296.93994140625,3266.01904296875,3296.5380859375,115100.0,3296.5380859375
2017-12-20,3296.739990234375,3300.2119140625,3276.1201171875,3287.60595703125,137700.0,3287.60595703125
2017-12-21,3281.117919921875,3309.222900390625,3267.404052734375,3300.05908203125,142100.0,3300.05908203125
2017-12-22,3297.68505859375,3307.327880859375,3293.44189453125,3297.06298828125,124000.0,3297.06298828125
2017-12-25,3296.2109375,3312.300048828125,3270.44091796875,3280.839111328125,142500.0,3280.839111328125
2017-12-26,3277.8369140625,3307.299072265625,3274.326904296875,3306.125,142400.0,3306.125
2017-12-27,3302.4609375,3307.080078125,3270.34912109375,3275.782958984375,162700.0,3275.782958984375
2017-12-28,3272.291015625,3304.095947265625,3263.72802734375,3296.385009765625,175400.0,3296.385009765625
2017-12-29,3295.24609375,3308.22509765625,3292.77001953125,3307.172119140625,141600.0,3307.172119140625
2018-01-02,3314.031005859375,3349.052978515625,3314.031005859375,3348.325927734375,202300.0,3348.325927734375
2018-01-03,3347.742919921875,3379.9150390625,3345.2890625,3369.10791015625,213800.0,3369.10791015625
2018-01-04,3371.0,3392.825927734375,3365.294921875,3385.7099609375,207000.0,3385.7099609375
2018-01-05,3386.464111328125,3402.069091796875,3380.2451171875,3391.75,213100.0,3391.75
2018-01-08,3391.552978515625,3412.73095703125,3384.55908203125,3409.47998046875,236200.0,3409.47998046875
2018-01-09,3406.112060546875,3417.22802734375,3403.5869140625,3413.89990234375,191500.0,3413.89990234375
2018-01-10,3414.113037109375,3430.214111328125,3398.842041015625,3421.833984375,209100.0,3421.833984375
2018-01-11,3415.5849609375,3426.48291015625,3405.638916015625,3425.344970703125,173800.0,3425.344970703125
2018-01-12,3423.87890625,3435.424072265625,3417.97998046875,3428.94091796875,174100.0,3428.94091796875
2018-01-15,3428.950927734375,3442.5009765625,3402.31201171875,3410.488037109375,232000.0,3410.488037109375
2018-01-16,3403.468994140625,3437.5830078125,3401.9609375,3436.593994140625,211500.0,3436.593994140625
2018-01-17,3438.575927734375,3465.205078125,3430.510986328125,3444.6708984375,261000.0,3444.6708984375
2018-01-18,3449.881103515625,3476.5458984375,3448.7890625,3474.75390625,220000.0,3474.75390625
2018-01-19,3481.6201171875,3498.43408203125,3474.2919921875,3487.864013671875,247500.0,3487.864013671875
2018-01-22,3476.993896484375,3503.385986328125,3475.673095703125,3501.362060546875,217500.0,3501.362060546875
2018-01-23,3504.343994140625,3547.221923828125,3504.343994140625,3546.5048828125,238700.0,3546.5048828125
2018-01-24,3553.47900390625,3569.489013671875,3527.112060546875,3559.465087890625,253000.0,3559.465087890625
2018-01-25,3555.16796875,3571.48095703125,3528.034912109375,3548.306884765625,243400.0,3548.306884765625
2018-01-26,3535.492919921875,3574.905029296875,3534.195068359375,3558.12890625,222700.0,3558.12890625
2018-01-29,3563.639892578125,3587.031982421875,3510.26904296875,3523.0009765625,236000.0,3523.0009765625
2018-01-30,3511.5009765625,3523.051025390625,3484.656005859375,3488.009033203125,186400.0,3488.009033203125
2018-01-31,3470.509033203125,3495.452880859375,3454.72607421875,3480.8330078125,207300.0,3480.8330078125
2018-02-01,3478.669921875,3495.093017578125,3424.4189453125,3446.97998046875,260500.0,3446.97998046875
2018-02-02,3419.22509765625,3463.1640625,3388.860107421875,3462.0810546875,208100.0,3462.0810546875
2018-02-05,3411.669921875,3487.720947265625,3406.240966796875,3487.4970703125,217700.0,3487.4970703125
2018-02-06,3418.010009765625,3440.1240234375,3364.216064453125,3370.652099609375,280600.0,3370.652099609375
2018-02-07,3412.743896484375,3425.5380859375,3304.007080078125,3309.260009765625,260900.0,3309.260009765625
2018-02-08,3281.0458984375,3307.162109375,3225.7119140625,3262.050048828125,201300.0,3262.050048828125
2018-02-09,3172.85107421875,3180.110107421875,3062.742919921875,3129.85107421875,256400.0,3129.85107421875
2018-02-12,3128.37109375,3168.1259765625,3113.60498046875,3154.125,153300.0,3154.125
2018-02-13,3176.10693359375,3219.217041015625,3176.10693359375,3184.958984375,151500.0,3184.958984375
2018-02-14,3188.248046875,3203.4970703125,3171.384033203125,3199.158935546875,100300.0,3199.158935546875
2018-02-22,3237.569091796875,3269.916015625,3234.114990234375,3268.55908203125,138700.0,3268.55908203125
2018-02-23,3275.428955078125,3294.134033203125,3258.488037109375,3289.02392578125,145800.0,3289.02392578125
2018-02-26,3307.294921875,3335.986083984375,3281.614990234375,3329.573974609375,188600.0,3329.573974609375
2018-02-27,3328.672119140625,3328.672119140625,3284.62890625,3292.068115234375,174200.0,3292.068115234375
2018-02-28,3264.05908203125,3277.83203125,3239.843994140625,3259.407958984375,151000.0,3259.407958984375
2018-03-01,3235.089111328125,3280.14892578125,3228.5849609375,3273.7548828125,159100.0,3273.7548828125
2018-03-02,3248.446044921875,3269.93798828125,3242.26708984375,3254.528076171875,150900.0,3254.528076171875
2018-03-05,3255.87109375,3269.39990234375,3236.717041015625,3256.926025390625,144800.0,3256.926025390625
2018-03-06,3266.487060546875,3290.2529296875,3243.654052734375,3289.64208984375,195400.0,3289.64208984375
2018-03-07,3288.864990234375,3308.406005859375,3264.763916015625,3271.66796875,168700.0,3271.66796875
2018-03-08,3268.346923828125,3289.4970703125,3261.552001953125,3288.406005859375,149800.0,3288.406005859375
2018-03-09,3291.426025390625,3309.715087890625,3283.55908203125,3307.166015625,168400.0,3307.166015625
2018-03-12,3319.208984375,3333.56103515625,3313.554931640625,3326.698974609375,206500.0,3326.698974609375
2018-03-13,3324.1220703125,3333.875,3307.3759765625,3310.239013671875,177100.0,3310.239013671875
2018-03-14,3298.666015625,3304.97900390625,3287.35595703125,3291.382080078125,157500.0,3291.382080078125
2018-03-15,3277.513916015625,3297.097900390625,3273.200927734375,3291.112060546875,148600.0,3291.112060546875
2018-03-16,3290.208984375,3300.56494140625,3269.282958984375,3269.882080078125,141200.0,3269.882080078125
2018-03-19,3264.927978515625,3280.56689453125,3251.047119140625,3279.251953125,138000.0,3279.251953125
2018-03-20,3257.218994140625,3292.573974609375,3252.43310546875,3290.639892578125,139900.0,3290.639892578125
2018-03-21,3299.73095703125,3314.208984375,3268.8779296875,3280.951904296875,168400.0,3280.951904296875
2018-03-22,3281.264892578125,3288.797119140625,3242.761962890625,3263.47998046875,150400.0,3263.47998046875
2018-03-23,3172.77197265625,3188.235107421875,3110.6640625,3152.760986328125,275500.0,3152.760986328125
2018-03-26,3117.319091796875,3134.27587890625,3091.4580078125,3133.721923828125,186400.0,3133.721923828125
2018-03-27,3164.798095703125,3172.778076171875,3143.570068359375,3166.64892578125,189100.0,3166.64892578125
2018-03-28,3130.571044921875,3165.212890625,3117.533935546875,3122.2900390625,163500.0,3122.2900390625
2018-03-29,3127.262939453125,3174.509033203125,3098.2470703125,3160.531005859375,170300.0,3160.531005859375
2018-03-30,3161.785888671875,3177.720947265625,3152.888916015625,3168.89697265625,154600.0,3168.89697265625
2018-04-02,3169.779052734375,3192.340087890625,3159.986083984375,3163.178955078125,177700.0,3163.178955078125
2018-04-03,3130.012939453125,3144.33203125,3119.132080078125,3136.633056640625,152200.0,3136.633056640625
2018-04-04,3147.049072265625,3163.340087890625,3128.866943359375,3131.111083984375,147000.0,3131.111083984375
2018-04-09,3125.44189453125,3146.093017578125,3110.302978515625,3138.2939453125,139600.0,3138.2939453125
2018-04-10,3144.257080078125,3190.64892578125,3139.0810546875,3190.322021484375,168200.0,3190.322021484375
2018-04-11,3197.3720703125,3220.844970703125,3191.5869140625,3208.08203125,175900.0,3208.08203125
2018-04-12,3203.278076171875,3205.251953125,3177.049072265625,3180.157958984375,148200.0,3180.157958984375
2018-04-13,3192.0419921875,3197.89599609375,3155.506103515625,3159.052001953125,127600.0,3159.052001953125
2018-04-16,3152.887939453125,3153.10595703125,3096.10009765625,3110.64892578125,154400.0,3110.64892578125
2018-04-17,3112.97509765625,3118.760009765625,3064.028076171875,3066.797119140625,147200.0,3066.797119140625
2018-04-18,3091.909912109375,3096.888916015625,3041.625,3091.39892578125,159300.0,3091.39892578125
2018-04-19,3094.27392578125,3127.43896484375,3090.287109375,3117.3759765625,160100.0,3117.3759765625
2018-04-20,3105.4619140625,3111.1708984375,3065.9208984375,3071.54296875,155100.0,3071.54296875
2018-04-23,3063.443115234375,3085.056884765625,3045.93701171875,3068.011962890625,131700.0,3068.011962890625
2018-04-24,3069.74609375,3136.0400390625,3069.74609375,3128.927001953125,162300.0,3128.927001953125
2018-04-25,3112.39794921875,3122.907958984375,3107.0009765625,3117.97412109375,127300.0,3117.97412109375
2018-04-26,3119.49609375,3121.93310546875,3067.928955078125,3075.030029296875,134000.0,3075.030029296875
2018-04-27,3082.4150390625,3088.034912109375,3049.9140625,3082.23193359375,131200.0,3082.23193359375
2018-05-02,3087.408935546875,3097.60400390625,3064.762939453125,3081.177001953125,134200.0,3081.177001953125
2018-05-03,3074.51708984375,3105.659912109375,3056.156982421875,3100.85888671875,140000.0,3100.85888671875
2018-05-04,3093.116943359375,3104.093017578125,3086.784912109375,3091.032958984375,118700.0,3091.032958984375
2018-05-07,3094.89892578125,3136.8359375,3091.657958984375,3136.64501953125,138900.0,3136.64501953125
2018-05-08,3135.2958984375,3169.700927734375,3134.06201171875,3161.498046875,146900.0,3161.498046875
2018-05-09,3160.137939453125,3165.373046875,3145.656982421875,3159.14990234375,122600.0,3159.14990234375
2018-05-10,3169.050048828125,3176.137939453125,3155.532958984375,3174.4130859375,133000.0,3174.4130859375
2018-05-11,3179.797119140625,3180.756103515625,3162.2119140625,3163.262939453125,130700.0,3163.262939453125
2018-05-14,3167.0419921875,3183.81591796875,3163.47607421875,3174.031982421875,129300.0,3174.031982421875
2018-05-15,3180.425048828125,3192.806884765625,3164.51806640625,3192.117919921875,124500.0,3192.117919921875
2018-05-16,3180.22607421875,3191.947998046875,3166.81103515625,3169.56494140625,130500.0,3169.56494140625
2018-05-17,3170.006103515625,3172.76611328125,3148.62109375,3154.282958984375,114000.0,3154.282958984375
2018-05-18,3151.08203125,3193.452880859375,3144.77587890625,3193.302978515625,136500.0,3193.302978515625
2018-05-21,3206.176025390625,3219.739990234375,3203.3359375,3213.840087890625,164500.0,3213.840087890625
2018-05-22,3211.2470703125,3214.589111328125,3192.22802734375,3214.35009765625,144300.0,3214.35009765625
2018-05-23,3205.43701171875,3205.43701171875,3168.964111328125,3168.964111328125,157800.0,3168.964111328125
2018-05-24,3167.93896484375,3173.531005859375,3152.069091796875,3154.65087890625,124100.0,3154.65087890625
2018-05-25,3148.409912109375,3156.72607421875,3131.068115234375,3141.302978515625,128600.0,3141.302978515625
2018-05-28,3136.80908203125,3149.6650390625,3115.958984375,3135.08203125,128800.0,3135.08203125
2018-05-29,3129.62109375,3143.2080078125,3112.153076171875,3120.4609375,135700.0,3120.4609375
2018-05-30,3081.14208984375,3085.39697265625,3041.0,3041.443115234375,155100.0,3041.443115234375
2018-05-31,3061.8291015625,3098.075927734375,3054.26904296875,3095.47412109375,140500.0,3095.47412109375
2018-06-01,3084.75390625,3102.087890625,3059.785888671875,3075.136962890625,129900.0,3075.136962890625
2018-06-04,3083.427001953125,3098.402099609375,3076.993896484375,3091.19091796875,114600.0,3091.19091796875
2018-06-05,3088.008056640625,3114.76904296875,3080.0458984375,3114.2060546875,118700.0,3114.2060546875
2018-06-06,3109.175048828125,3117.52490234375,3103.532958984375,3115.179931640625,120200.0,3115.179931640625
2018-06-07,3121.18408203125,3128.715087890625,3105.577880859375,3109.4990234375,127800.0,3109.4990234375
2018-06-08,3100.60400390625,3100.68505859375,3053.2880859375,3067.14794921875,134700.0,3067.14794921875
2018-06-11,3057.339111328125,3063.610107421875,3037.9140625,3052.782958984375,108600.0,3052.782958984375
2018-06-12,3053.028076171875,3081.447021484375,3034.10107421875,3079.802001953125,113300.0,3079.802001953125
2018-06-13,3071.464111328125,3071.464111328125,3044.1201171875,3049.797119140625,119600.0,3049.797119140625
2018-06-14,3038.070068359375,3066.047119140625,3032.406005859375,3044.159912109375,115500.0,3044.159912109375
2018-06-15,3037.451904296875,3048.797119140625,3008.73193359375,3021.90087890625,144500.0,3021.90087890625
2018-06-19,2982.64990234375,2984.970947265625,2871.35498046875,2907.822021484375,230600.0,2907.822021484375
2018-06-20,2889.98388671875,2925.56103515625,2872.1630859375,2915.73095703125,144300.0,2915.73095703125
2018-06-21,2912.0029296875,2940.5859375,2872.618896484375,2875.81005859375,154400.0,2875.81005859375
2018-06-22,2855.5849609375,2891.968994140625,2837.14404296875,2889.760009765625,126100.0,2889.760009765625
2018-06-25,2903.449951171875,2908.6240234375,2857.87109375,2859.3359375,121900.0,2859.3359375
2018-06-26,2829.9951171875,2850.239990234375,2803.784912109375,2844.508056640625,125900.0,2844.508056640625
2018-06-27,2842.39599609375,2854.258056640625,2798.800048828125,2813.177978515625,129400.0,2813.177978515625
2018-06-28,2799.904052734375,2825.987060546875,2782.446044921875,2786.89697265625,118400.0,2786.89697265625
2018-06-29,2789.81103515625,2848.3720703125,2782.381103515625,2847.41796875,125700.0,2847.41796875
2018-07-02,2841.580078125,2845.679931640625,2756.81494140625,2775.556884765625,137000.0,2775.556884765625
2018-07-03,2774.570068359375,2786.887939453125,2722.448974609375,2786.887939453125,142500.0,2786.887939453125
2018-07-04,2776.632080078125,2793.178955078125,2754.155029296875,2759.1259765625,123300.0,2759.1259765625
2018-07-05,2755.339111328125,2777.52294921875,2727.93994140625,2733.882080078125,129200.0,2733.882080078125
2018-07-06,2731.35302734375,2768.8740234375,2691.02099609375,2747.22900390625,136300.0,2747.22900390625
2018-07-09,2752.447021484375,2815.7900390625,2752.447021484375,2815.110107421875,121500.0,2815.110107421875
2018-07-10,2819.7119140625,2828.492919921875,2800.625,2827.625,117100.0,2827.625
2018-07-11,2780.7041015625,2794.360107421875,2752.43505859375,2777.77099609375,126800.0,2777.77099609375
2018-07-12,2771.041015625,2844.193115234375,2771.041015625,2837.658935546875,147000.0,2837.658935546875
2018-07-13,2831.427978515625,2835.462890625,2818.847900390625,2831.18408203125,117700.0,2831.18408203125
2018-07-16,2827.08203125,2837.509033203125,2804.492919921875,2814.0419921875,107800.0,2814.0419921875
2018-07-17,2806.885009765625,2806.9189453125,2774.761962890625,2798.1259765625,105400.0,2798.1259765625
2018-07-18,2801.777099609375,2818.39501953125,2786.0400390625,2787.257080078125,121000.0,2787.257080078125
2018-07-19,2791.01611328125,2805.010986328125,2764.486083984375,2772.544921875,114500.0,2772.544921875
2018-07-20,2769.75390625,2837.862060546875,2753.840087890625,2829.27099609375,145900.0,2829.27099609375
2018-07-23,2815.200927734375,2863.571044921875,2809.615966796875,2859.5419921875,173400.0,2859.5419921875
2018-07-24,2862.26708984375,2911.465087890625,2862.26708984375,2905.56201171875,229600.0,2905.56201171875
2018-07-25,2911.452880859375,2912.31298828125,2894.0390625,2903.64697265625,167800.0,2903.64697265625
2018-07-26,2905.7939453125,2915.297119140625,2875.700927734375,2882.22509765625,168400.0,2882.22509765625
2018-07-27,2879.68994140625,2889.694091796875,2864.110107421875,2873.593994140625,146400.0,2873.593994140625
2018-07-30,2871.93994140625,2896.010986328125,2850.2958984375,2869.050048828125,151700.0,2869.050048828125
2018-07-31,2866.89892578125,2884.679931640625,2854.320068359375,2876.40087890625,118900.0,2876.40087890625
2018-08-01,2882.506103515625,2897.39990234375,2823.928955078125,2824.533935546875,149500.0,2824.533935546875
2018-08-02,2815.343994140625,2815.343994140625,2726.48291015625,2768.02392578125,174200.0,2768.02392578125
2018-08-03,2763.39599609375,2777.656982421875,2740.431884765625,2740.443115234375,127000.0,2740.443115234375
2018-08-06,2736.52587890625,2760.47412109375,2692.322021484375,2705.156982421875,129800.0,2705.156982421875
2018-08-07,2711.736083984375,2779.3740234375,2696.0390625,2779.3740234375,149600.0,2779.3740234375
2018-08-08,2771.12890625,2779.912109375,2741.06689453125,2744.070068359375,147700.0,2744.070068359375
2018-08-09,2729.5791015625,2801.658935546875,2726.215087890625,2794.382080078125,151700.0,2794.382080078125
2018-08-10,2791.402099609375,2806.114990234375,2777.506103515625,2795.31005859375,121500.0,2795.31005859375
2018-08-13,2769.01708984375,2789.798095703125,2742.56005859375,2785.8720703125,127500.0,2785.8720703125
2018-08-14,2780.736083984375,2789.444091796875,2766.569091796875,2780.965087890625,109600.0,2780.965087890625
2018-08-15,2777.2490234375,2777.702880859375,2721.239990234375,2723.258056640625,116200.0,2723.258056640625
2018-08-16,2691.426025390625,2732.948974609375,2672.740966796875,2705.19189453125,120300.0,2705.19189453125
2018-08-17,2723.886962890625,2730.3330078125,2665.592041015625,2668.966064453125,112400.0,2668.966064453125
2018-08-20,2673.06591796875,2698.466064453125,2653.112060546875,2698.466064453125,110800.0,2698.466064453125
2018-08-21,2700.342041015625,2739.173095703125,2696.2919921875,2733.825927734375,113600.0,2733.825927734375
2018-08-22,2731.9580078125,2731.9580078125,2709.06201171875,2714.60791015625,93700.0,2714.60791015625
2018-08-23,2714.866943359375,2736.010009765625,2700.803955078125,2724.6240234375,98400.0,2724.6240234375
2018-08-24,2717.0810546875,2748.823974609375,2705.323974609375,2729.430908203125,100500.0,2729.430908203125
2018-08-27,2736.319091796875,2780.89892578125,2736.319091796875,2780.89892578125,132800.0,2780.89892578125
2018-08-28,2782.29296875,2791.389892578125,2769.40087890625,2777.98095703125,118700.0,2777.98095703125
2018-08-29,2774.864990234375,2778.5390625,2762.35009765625,2769.294921875,100200.0,2769.294921875
2018-08-30,2769.33203125,2780.527099609375,2736.345947265625,2737.737060546875,106100.0,2737.737060546875
2018-08-31,2730.113037109375,2744.631103515625,2710.537109375,2725.25,109800.0,2725.25
2018-09-03,2716.404052734375,2722.85205078125,2692.364013671875,2720.73388671875,102200.0,2720.73388671875
2018-09-04,2720.64794921875,2756.60693359375,2712.3759765625,2750.580078125,109000.0,2750.580078125
2018-09-05,2741.3798828125,2745.467041015625,2704.3369140625,2704.3369140625,105000.0,2704.3369140625
2018-09-06,2697.577880859375,2719.406005859375,2683.7451171875,2691.593017578125,99000.0,2691.593017578125
2018-09-07,2696.677978515625,2728.5458984375,2683.718994140625,2702.301025390625,107500.0,2702.301025390625
2018-09-10,2698.010986328125,2703.428955078125,2667.31689453125,2669.485107421875,103600.0,2669.485107421875
2018-09-11,2668.487060546875,2680.572998046875,2652.7041015625,2664.800048828125,99900.0,2664.800048828125
2018-09-12,2659.743896484375,2672.073974609375,2647.169921875,2656.110107421875,90000.0,2656.110107421875
2018-09-13,2679.2080078125,2689.06201171875,2653.18896484375,2686.577880859375,107300.0,2686.577880859375
2018-09-14,2688.779052734375,2694.919921875,2675.2900390625,2681.64306640625,100000.0,2681.64306640625
2018-09-17,2671.291015625,2671.291015625,2647.9150390625,2651.7890625,88200.0,2651.7890625
2018-09-18,2644.2958984375,2700.193115234375,2644.2958984375,2699.949951171875,115800.0,2699.949951171875
2018-09-19,2694.799072265625,2746.080078125,2690.993896484375,2730.85009765625,141600.0,2730.85009765625
2018-09-20,2732.169921875,2743.965087890625,2724.083984375,2729.243896484375,111400.0,2729.243896484375
2018-09-21,2733.8740234375,2797.485107421875,2722.031982421875,2797.485107421875,158000.0,2797.485107421875
2018-09-25,2775.06591796875,2790.031982421875,2771.159912109375,2781.138916015625,112000.0,2781.138916015625
2018-09-26,2785.31689453125,2827.341064453125,2783.342041015625,2806.81298828125,139600.0,2806.81298828125
2018-09-27,2805.79296875,2810.506103515625,2786.322021484375,2791.77490234375,124000.0,2791.77490234375
2018-09-28,2794.263916015625,2821.7548828125,2791.8359375,2821.35009765625,134300.0,2821.35009765625
2018-10-08,2768.2080078125,2771.93798828125,2710.177978515625,2716.510009765625,149500.0,2716.510009765625
2018-10-09,2713.73193359375,2734.31396484375,2711.197021484375,2721.012939453125,116800.0,2721.012939453125
2018-10-10,2723.72412109375,2743.548095703125,2703.06298828125,2725.8369140625,113500.0,2725.8369140625
2018-10-11,2643.073974609375,2661.285888671875,2560.31591796875,2583.4580078125,197200.0,2583.4580078125
2018-10-12,2574.0419921875,2615.9169921875,2536.6650390625,2606.9130859375,170100.0,2606.9130859375
2018-10-15,2605.912109375,2611.968994140625,2564.738037109375,2568.097900390625,118600.0,2568.097900390625
2018-10-16,2567.763916015625,2597.715087890625,2536.44091796875,2546.330078125,119400.0,2546.330078125
2018-10-17,2574.31298828125,2582.549072265625,2517.572998046875,2561.614013671875,130000.0,2561.614013671875
2018-10-18,2544.910888671875,2544.910888671875,2485.618896484375,2486.4189453125,125400.0,2486.4189453125
2018-10-19,2460.0810546875,2553.386962890625,2449.197021484375,2550.465087890625,147300.0,2550.465087890625
2018-10-22,2565.64404296875,2675.406005859375,2565.64404296875,2654.8759765625,211900.0,2654.8759765625
2018-10-23,2652.64794921875,2659.81201171875,2583.260986328125,2594.825927734375,178300.0,2594.825927734375
2018-10-24,2579.971923828125,2640.402099609375,2577.77294921875,2603.294921875,160100.0,2603.294921875
2018-10-25,2540.93505859375,2606.10107421875,2531.534912109375,2603.800048828125,162000.0,2603.800048828125
2018-10-26,2610.89794921875,2626.115966796875,2580.844970703125,2598.846923828125,158900.0,2598.846923828125
2018-10-29,2593.591064453125,2595.537109375,2529.18798828125,2542.10302734375,134200.0,2542.10302734375
2018-10-30,2538.573974609375,2586.9189453125,2521.783935546875,2568.048095703125,166700.0,2568.048095703125
2018-10-31,2573.014892578125,2612.922119140625,2567.027099609375,2602.782958984375,180600.0,2602.782958984375
2018-11-01,2617.032958984375,2636.799072265625,2603.65087890625,2606.237060546875,200900.0,2606.237060546875
2018-11-02,2649.2509765625,2676.47607421875,2628.8701171875,2676.47607421875,225000.0,2676.47607421875
2018-11-05,2665.427001953125,2673.18798828125,2639.27099609375,2665.430908203125,193800.0,2665.430908203125
2018-11-06,2660.718994140625,2660.863037109375,2635.321044921875,2659.35595703125,163700.0,2659.35595703125
2018-11-07,2659.844970703125,2675.677001953125,2639.24609375,2641.342041015625,173200.0,2641.342041015625
2018-11-08,2660.0869140625,2662.368896484375,2632.301025390625,2635.632080078125,159600.0,2635.632080078125
2018-11-09,2621.238037109375,2621.238037109375,2598.160888671875,2598.8720703125,152400.0,2598.8720703125
2018-11-12,2593.199951171875,2631.169921875,2590.2109375,2630.52001953125,175000.0,2630.52001953125
2018-11-13,2600.5,2666.485107421875,2597.347900390625,2654.8798828125,249300.0,2654.8798828125
2018-11-14,2648.30908203125,2658.306884765625,2627.95703125,2632.242919921875,238400.0,2632.242919921875
2018-11-15,2632.137939453125,2668.169921875,2631.887939453125,2668.169921875,207800.0,2668.169921875
2018-11-16,2669.780029296875,2695.569091796875,2657.033935546875,2679.110107421875,242200.0,2679.110107421875
2018-11-19,2681.89892578125,2703.511962890625,2674.177978515625,2703.511962890625,231700.0,2703.511962890625
2018-11-20,2684.287109375,2690.830078125,2643.35888671875,2645.85498046875,215900.0,2645.85498046875
2018-11-21,2619.821044921875,2653.7958984375,2617.77587890625,2651.5048828125,182600.0,2651.5048828125
2018-11-22,2655.89599609375,2658.0009765625,2634.48291015625,2645.43408203125,149300.0,2645.43408203125
2018-11-23,2640.6669921875,2642.035888671875,2577.35107421875,2579.48291015625,191500.0,2579.48291015625
2018-11-26,2580.842041015625,2594.9970703125,2568.034912109375,2575.81005859375,134300.0,2575.81005859375
2018-11-27,2585.825927734375,2592.534912109375,2566.166015625,2574.678955078125,123700.0,2574.678955078125
2018-11-28,2575.4541015625,2601.962890625,2561.56201171875,2601.737060546875,146000.0,2601.737060546875
2018-11-29,2613.781005859375,2617.548095703125,2567.443115234375,2567.443115234375,157200.0,2567.443115234375
2018-11-30,2564.56396484375,2590.2099609375,2555.322021484375,2588.18798828125,139300.0,2588.18798828125
2018-12-03,2647.132080078125,2665.298095703125,2629.18408203125,2654.798095703125,207500.0,2654.798095703125
2018-12-04,2651.56103515625,2666.077880859375,2644.89599609375,2665.9580078125,167900.0,2665.9580078125
2018-12-05,2629.8330078125,2660.388916015625,2625.9130859375,2649.804931640625,154500.0,2649.804931640625
2018-12-06,2629.820068359375,2633.677978515625,2603.132080078125,2605.180908203125,141700.0,2605.180908203125
2018-12-07,2609.341064453125,2614.58203125,2599.278076171875,2605.887939453125,109100.0,2605.887939453125
2018-12-10,2589.194091796875,2599.761962890625,2576.241943359375,2584.58203125,113200.0,2584.58203125
2018-12-11,2587.014892578125,2596.14599609375,2583.196044921875,2594.087890625,101300.0,2594.087890625
2018-12-12,2608.114013671875,2610.009033203125,2595.074951171875,2602.153076171875,103500.0,2602.153076171875
2018-12-13,2607.14404296875,2645.8369140625,2599.458984375,2634.049072265625,150700.0,2634.049072265625
2018-12-14,2627.282958984375,2629.1640625,2593.740966796875,2593.740966796875,145900.0,2593.740966796875
2018-12-17,2587.262939453125,2598.967041015625,2573.866943359375,2597.97412109375,117400.0,2597.97412109375
2018-12-18,2583.634033203125,2599.14794921875,2563.572998046875,2576.64990234375,117000.0,2576.64990234375
2018-12-19,2578.675048828125,2579.8740234375,2547.077880859375,2549.56298828125,107700.0,2549.56298828125
2018-12-20,2544.5048828125,2554.85888671875,2516.01904296875,2536.26806640625,120600.0,2536.26806640625
2018-12-21,2526.553955078125,2527.4208984375,2498.694091796875,2516.2509765625,115700.0,2516.2509765625
2018-12-24,2506.737060546875,2529.43994140625,2500.443115234375,2527.007080078125,97300.0,2527.007080078125
2018-12-25,2503.949951171875,2513.964111328125,2462.844970703125,2504.819091796875,136500.0,2504.819091796875
2018-12-26,2501.1201171875,2513.825927734375,2492.075927734375,2498.2939453125,108800.0,2498.2939453125
2018-12-27,2527.717041015625,2532.001953125,2483.0859375,2483.0859375,135400.0,2483.0859375
2018-12-28,2483.616943359375,2505.114013671875,2478.324951171875,2493.89599609375,119200.0,2493.89599609375
2019-01-02,2497.881103515625,2500.278076171875,2456.423095703125,2465.291015625,109900.0,2465.291015625
2019-01-03,2461.782958984375,2488.47900390625,2455.926025390625,2464.363037109375,124400.0,2464.363037109375
2019-01-04,2446.01904296875,2515.31591796875,2440.906982421875,2514.867919921875,168900.0,2514.867919921875
2019-01-07,2528.698974609375,2536.97802734375,2515.508056640625,2533.089111328125,177300.0,2533.089111328125
2019-01-08,2530.300048828125,2531.344970703125,2520.1650390625,2526.4619140625,158100.0,2526.4619140625
2019-01-09,2536.4169921875,2574.407958984375,2536.156982421875,2544.344970703125,191900.0,2544.344970703125
2019-01-10,2543.85302734375,2551.825927734375,2531.6640625,2535.09912109375,159900.0,2535.09912109375
2019-01-11,2539.549072265625,2554.787109375,2533.35888671875,2553.8310546875,149400.0,2553.8310546875
2019-01-14,2553.327880859375,2556.2939453125,2533.010009765625,2535.764892578125,144800.0,2535.764892578125
2019-01-15,2537.3701171875,2571.501953125,2532.43310546875,2570.344970703125,160300.0,2570.344970703125
2019-01-16,2569.070068359375,2574.236083984375,2563.006103515625,2570.422119140625,149300.0,2570.422119140625
2019-01-17,2573.575927734375,2582.555908203125,2557.7109375,2559.636962890625,162500.0,2559.636962890625
2019-01-18,2567.739013671875,2598.884033203125,2565.904052734375,2596.006103515625,190800.0,2596.006103515625
2019-01-21,2599.05810546875,2618.97998046875,2599.05810546875,2610.509033203125,163400.0,2610.509033203125
2019-01-22,2609.64208984375,2609.64208984375,2573.06201171875,2579.7041015625,152500.0,2579.7041015625
2019-01-23,2575.258056640625,2589.512939453125,2572.405029296875,2581.00390625,131400.0,2581.00390625
2019-01-24,2584.64794921875,2597.2890625,2569.699951171875,2591.694091796875,154000.0,2591.694091796875
2019-01-25,2596.261962890625,2617.001953125,2595.62890625,2601.722900390625,159400.0,2601.722900390625
2019-01-28,2615.7119140625,2630.318115234375,2591.10009765625,2596.97705078125,147000.0,2596.97705078125
2019-01-29,2592.35498046875,2601.736083984375,2559.98193359375,2594.25390625,155600.0,2594.25390625
2019-01-30,2584.74609375,2598.81494140625,2575.408935546875,2575.575927734375,120500.0,2575.575927734375
2019-01-31,2581.33203125,2606.6279296875,2571.5791015625,2584.572021484375,154300.0,2584.572021484375
2019-02-01,2597.778076171875,2618.47705078125,2590.553955078125,2618.23193359375,132000.0,2618.23193359375
2019-02-11,2613.174072265625,2654.095947265625,2613.174072265625,2653.89599609375,154900.0,2653.89599609375
2019-02-12,2654.034912109375,2674.47802734375,2648.830078125,2671.89404296875,184100.0,2671.89404296875
2019-02-13,2674.52001953125,2727.074951171875,2666.52197265625,2721.068115234375,243800.0,2721.068115234375
2019-02-14,2715.535888671875,2729.455078125,2707.487060546875,2719.699951171875,197000.0,2719.699951171875
2019-02-15,2712.785888671875,2715.632080078125,2679.784912109375,2682.385009765625,196000.0,2682.385009765625
2019-02-18,2699.81689453125,2754.35693359375,2699.81689453125,2754.35693359375,260400.0,2754.35693359375
2019-02-19,2759.49609375,2780.783935546875,2737.5859375,2755.64599609375,288000.0,2755.64599609375
2019-02-20,2761.05908203125,2767.410888671875,2739.97802734375,2761.218994140625,246000.0,2761.218994140625
2019-02-21,2759.93798828125,2794.012939453125,2744.97607421875,2751.801025390625,298600.0,2751.801025390625
2019-02-22,2749.4619140625,2804.22607421875,2736.33203125,2804.22607421875,301500.0,2804.22607421875
2019-02-25,2838.389892578125,2961.794921875,2838.389892578125,2961.282958984375,528700.0,2961.282958984375
2019-02-26,2969.097900390625,2995.676025390625,2938.623046875,2941.51611328125,565600.0,2941.51611328125
2019-02-27,2939.928955078125,2997.488037109375,2924.64306640625,2953.823974609375,475000.0,2953.823974609375
2019-02-28,2950.054931640625,2965.303955078125,2930.195068359375,2940.9541015625,350200.0,2940.9541015625
2019-03-01,2954.402099609375,2994.0048828125,2930.8349609375,2994.0048828125,345800.0,2994.0048828125
2019-03-04,3015.943115234375,3090.7958984375,3006.94189453125,3027.575927734375,525600.0,3027.575927734375
2019-03-05,3019.8798828125,3054.9619140625,3009.447998046875,3054.2470703125,424100.0,3054.2470703125
2019-03-06,3060.43310546875,3103.824951171875,3050.111083984375,3102.09912109375,555000.0,3102.09912109375
2019-03-07,3103.66796875,3129.93994140625,3074.97802734375,3106.41796875,583800.0,3106.41796875
2019-03-08,3038.3359375,3075.0458984375,2969.58203125,2969.861083984375,577900.0,2969.861083984375
2019-03-11,2969.080078125,3028.25390625,2963.5830078125,3026.992919921875,426200.0,3026.992919921875
2019-03-12,3049.083984375,3093.39111328125,3029.89990234375,3060.306884765625,511200.0,3060.306884765625
2019-03-13,3062.326904296875,3065.2880859375,3013.931884765625,3026.950927734375,453200.0,3026.950927734375
2019-03-14,3013.596923828125,3041.156005859375,2968.823974609375,2990.68505859375,373100.0,2990.68505859375
2019-03-15,3000.87890625,3048.12109375,2999.431884765625,3021.7509765625,341200.0,3021.7509765625
2019-03-18,3027.801025390625,3096.41796875,3009.507080078125,3096.41796875,397800.0,3096.41796875
2019-03-19,3099.89697265625,3113.43310546875,3076.363037109375,3090.97509765625,350900.0,3090.97509765625
2019-03-20,3084.169921875,3102.52001953125,3053.451904296875,3090.639892578125,358600.0,3090.639892578125
2019-03-21,3094.125,3125.01904296875,3086.85009765625,3101.455078125,414300.0,3101.455078125
2019-03-22,3100.72607421875,3107.27490234375,3064.884033203125,3104.14892578125,364800.0,3104.14892578125
2019-03-25,3058.802001953125,3086.99609375,3041.949951171875,3043.031005859375,380300.0,3043.031005859375
2019-03-26,3057.55908203125,3062.68994140625,2988.490966796875,2997.094970703125,353500.0,2997.094970703125
2019-03-27,3012.257080078125,3022.761962890625,2987.77197265625,3022.719970703125,291400.0,3022.719970703125
2019-03-28,3009.799072265625,3025.779052734375,2991.779052734375,2994.943115234375,288100.0,2994.943115234375
2019-03-29,3000.677978515625,3093.032958984375,2999.987060546875,3090.758056640625,375100.0,3090.758056640625
2019-04-01,3111.662109375,3176.6220703125,3111.662109375,3170.361083984375,466100.0,3170.361083984375
2019-04-02,3183.27392578125,3193.27197265625,3164.906982421875,3176.822998046875,447100.0,3176.822998046875
2019-04-03,3159.14697265625,3219.256103515625,3152.33203125,3216.294921875,430500.0,3216.294921875
2019-04-04,3233.68896484375,3254.139892578125,3216.85498046875,3246.571044921875,469100.0,3246.571044921875
2019-04-08,3271.27197265625,3288.452880859375,3210.514892578125,3244.81005859375,504500.0,3244.81005859375
2019-04-09,3240.39404296875,3251.64599609375,3215.705078125,3239.6640625,364200.0,3239.6640625
2019-04-10,3224.64501953125,3264.778076171875,3204.87890625,3241.929931640625,380100.0,3241.929931640625
2019-04-11,3241.547119140625,3254.1259765625,3185.5458984375,3189.9619140625,353000.0,3189.9619140625
2019-04-12,3184.860107421875,3199.278076171875,3168.0419921875,3188.6259765625,289800.0,3188.6259765625
2019-04-15,3233.4580078125,3253.97607421875,3177.27001953125,3177.787109375,348800.0,3177.787109375
2019-04-16,3164.39697265625,3253.597900390625,3153.2060546875,3253.597900390625,357900.0,3253.597900390625
2019-04-17,3250.152099609375,3275.333984375,3239.804931640625,3263.117919921875,357500.0,3263.117919921875
2019-04-18,3261.073974609375,3271.387939453125,3241.825927734375,3250.200927734375,325500.0,3250.200927734375
2019-04-19,3250.14501953125,3274.3349609375,3226.81201171875,3270.797119140625,305700.0,3270.797119140625
2019-04-22,3278.490966796875,3279.489013671875,3206.8779296875,3215.04296875,353200.0,3215.04296875
2019-04-23,3211.8720703125,3231.58203125,3186.757080078125,3198.593994140625,328400.0,3198.593994140625
2019-04-24,3203.55908203125,3210.65087890625,3156.60693359375,3201.614013671875,274900.0,3201.614013671875
2019-04-25,3190.5849609375,3193.7490234375,3123.02587890625,3123.825927734375,325900.0,3123.825927734375
2019-04-26,3108.1640625,3129.212890625,3085.804931640625,3086.39892578125,280900.0,3086.39892578125
2019-05-06,2984.72705078125,2986.5400390625,2876.468994140625,2906.464111328125,327000.0,2906.464111328125
2019-05-07,2914.291015625,2937.282958984375,2889.072998046875,2926.39111328125,253300.0,2926.39111328125
2019-05-08,2873.14306640625,2929.430908203125,2866.7041015625,2893.757080078125,231500.0,2893.757080078125
2019-05-09,2871.197021484375,2888.860107421875,2845.037109375,2850.9541015625,200000.0,2850.9541015625
2019-05-10,2878.23388671875,2941.4541015625,2838.385009765625,2939.2109375,282300.0,2939.2109375
2019-05-13,2905.06689453125,2921.409912109375,2892.175048828125,2903.712890625,212000.0,2903.712890625
2019-05-14,2872.833984375,2909.2041015625,2872.833984375,2883.611083984375,208300.0,2883.611083984375
2019-05-15,2902.64208984375,2945.39501953125,2902.64208984375,2938.677978515625,230500.0,2938.677978515625
2019-05-16,2933.4951171875,2956.1708984375,2929.06494140625,2955.7109375,248400.0,2955.7109375
2019-05-17,2955.76708984375,2956.782958984375,2873.800048828125,2882.2958984375,266300.0,2882.2958984375
2019-05-20,2874.801025390625,2882.62890625,2838.452880859375,2870.60498046875,209500.0,2870.60498046875
2019-05-21,2867.70703125,2919.237060546875,2862.4951171875,2905.968994140625,211400.0,2905.968994140625
2019-05-22,2905.52392578125,2912.39501953125,2879.64404296875,2891.705078125,200000.0,2891.705078125
2019-05-23,2880.843017578125,2885.138916015625,2846.9560546875,2852.514892578125,197300.0,2852.514892578125
2019-05-24,2847.8359375,2871.85595703125,2846.02197265625,2852.9951171875,167200.0,2852.9951171875
2019-05-27,2851.281005859375,2898.12890625,2833.035888671875,2892.3779296875,196700.0,2892.3779296875
2019-05-28,2890.26611328125,2924.0400390625,2887.083984375,2909.910888671875,223300.0,2909.910888671875
2019-05-29,2894.830078125,2934.97705078125,2890.6650390625,2914.696044921875,199000.0,2914.696044921875
2019-05-30,2903.425048828125,2907.845947265625,2881.3798828125,2905.804931640625,205800.0,2905.804931640625
2019-05-31,2904.498046875,2922.907958984375,2895.577880859375,2898.696044921875,195200.0,2898.696044921875
2019-06-03,2901.741943359375,2920.8291015625,2875.902099609375,2890.0810546875,215900.0,2890.0810546875
2019-06-04,2887.64111328125,2888.385986328125,2851.972900390625,2862.280029296875,188500.0,2862.280029296875
2019-06-05,2882.93701171875,2888.76806640625,2858.572021484375,2861.41796875,181600.0,2861.41796875
2019-06-06,2862.3330078125,2862.3330078125,2822.18505859375,2827.798095703125,177100.0,2827.798095703125
2019-06-10,2833.014892578125,2861.131103515625,2824.35498046875,2852.1298828125,166600.0,2852.1298828125
2019-06-11,2854.070068359375,2927.429931640625,2854.070068359375,2925.716064453125,260500.0,2925.716064453125
2019-06-12,2917.22412109375,2924.701904296875,2903.883056640625,2909.3798828125,240300.0,2909.3798828125
2019-06-13,2905.2880859375,2918.423095703125,2885.923095703125,2910.740966796875,213000.0,2910.740966796875
2019-06-14,2912.9990234375,2924.320068359375,2879.656982421875,2881.97412109375,215400.0,2881.97412109375
2019-06-17,2880.423095703125,2902.48095703125,2877.39404296875,2887.6220703125,154000.0,2887.6220703125
2019-06-18,2891.092041015625,2898.330078125,2874.31298828125,2890.157958984375,147700.0,2890.157958984375
2019-06-19,2944.114990234375,2953.3359375,2916.215087890625,2917.802978515625,230800.0,2917.802978515625
2019-06-20,2917.3310546875,2997.388916015625,2915.090087890625,2987.118896484375,291000.0,2987.118896484375
2019-06-21,2990.368896484375,3010.34912109375,2989.2451171875,3001.97998046875,287000.0,3001.97998046875
2019-06-24,3004.2890625,3012.825927734375,2994.422119140625,3008.14794921875,210500.0,3008.14794921875
2019-06-25,3004.909912109375,3004.909912109375,2948.990966796875,2982.073974609375,243700.0,2982.073974609375
2019-06-26,2964.614990234375,2986.9140625,2958.462890625,2976.283935546875,174400.0,2976.283935546875
2019-06-27,2982.613037109375,3011.5380859375,2981.044921875,2996.79296875,195400.0,2996.79296875
2019-06-28,2992.242919921875,2992.242919921875,2961.222900390625,2978.8779296875,181400.0,2978.8779296875
2019-07-01,3024.6240234375,3045.366943359375,3014.68701171875,3044.903076171875,243300.0,3044.903076171875
2019-07-02,3042.580078125,3048.48388671875,3033.781005859375,3043.943115234375,208100.0,3043.943115234375
2019-07-03,3031.83203125,3031.83203125,3006.324951171875,3015.262939453125,205900.0,3015.262939453125
2019-07-04,3015.678955078125,3024.501953125,2991.907958984375,3005.2490234375,188600.0,3005.2490234375
2019-07-05,3004.738037109375,3014.846923828125,2990.925048828125,3011.05908203125,152100.0,3011.05908203125
2019-07-08,2997.806884765625,2997.806884765625,2918.716064453125,2933.363037109375,205200.0,2933.363037109375
2019-07-09,2928.819091796875,2937.761962890625,2912.805908203125,2928.22998046875,140700.0,2928.22998046875
2019-07-10,2935.18603515625,2936.751953125,2908.162109375,2915.302001953125,131400.0,2915.302001953125
2019-07-11,2928.054931640625,2945.802001953125,2907.885009765625,2917.760986328125,139400.0,2917.760986328125
2019-07-12,2915.340087890625,2938.530029296875,2905.81005859375,2930.550048828125,133700.0,2930.550048828125
2019-07-15,2921.550048828125,2955.0,2886.699951171875,2942.18994140625,162600.0,2942.18994140625
2019-07-16,2938.639892578125,2944.820068359375,2931.2900390625,2937.6201171875,127800.0,2937.6201171875
2019-07-17,2933.02001953125,2942.070068359375,2924.4599609375,2931.68994140625,145100.0,2931.68994140625
2019-07-18,2921.739990234375,2921.739990234375,2901.179931640625,2901.179931640625,145400.0,2901.179931640625
2019-07-19,2909.679931640625,2939.60009765625,2909.679931640625,2924.199951171875,145000.0,2924.199951171875
2019-07-22,2925.7880859375,2927.159912109375,2879.68994140625,2886.97412109375,175300.0,2886.97412109375
2019-07-23,2886.89990234375,2901.360107421875,2883.050048828125,2899.93994140625,125400.0,2899.93994140625
2019-07-24,2907.929931640625,2936.449951171875,2907.7900390625,2923.280029296875,150500.0,2923.280029296875
2019-07-25,2923.18994140625,2937.360107421875,2916.14990234375,2937.360107421875,141300.0,2937.360107421875
2019-07-26,2928.06005859375,2948.330078125,2924.449951171875,2944.5400390625,135100.0,2944.5400390625
2019-07-29,2943.919921875,2948.469970703125,2932.97998046875,2941.010009765625,124200.0,2941.010009765625
2019-07-30,2946.260009765625,2965.6298828125,2946.260009765625,2952.340087890625,143900.0,2952.340087890625
2019-07-31,2944.39990234375,2944.39990234375,2926.489990234375,2932.510009765625,136900.0,2932.510009765625
2019-08-01,2920.85009765625,2927.340087890625,2901.75,2908.77001953125,138100.0,2908.77001953125
2019-08-02,2861.330078125,2872.469970703125,2851.43994140625,2867.840087890625,179400.0,2867.840087890625
2019-08-05,2854.580078125,2863.68994140625,2821.5,2821.5,162400.0,2821.5
2019-08-06,2776.989013671875,2787.4189453125,2733.924072265625,2777.555908203125,224200.0,2777.555908203125
2019-08-07,2789.01904296875,2792.693115234375,2768.679931640625,2768.679931640625,153000.0,2768.679931640625
2019-08-08,2784.18408203125,2799.68603515625,2782.2451171875,2794.552001953125,145000.0,2794.552001953125
2019-08-09,2805.590087890625,2808.330078125,2770.47998046875,2774.75,143800.0,2774.75
2019-08-12,2781.97998046875,2814.989990234375,2776.6201171875,2814.989990234375,131600.0,2814.989990234375
2019-08-13,2798.050048828125,2802.0400390625,2790.610107421875,2797.260009765625,130900.0,2797.260009765625
2019-08-14,2824.489990234375,2829.889892578125,2807.719970703125,2808.909912109375,144000.0,2808.909912109375
2019-08-15,2762.340087890625,2815.89990234375,2756.830078125,2815.800048828125,152800.0,2815.800048828125
2019-08-16,2817.570068359375,2840.320068359375,2811.800048828125,2823.820068359375,148600.0,2823.820068359375
2019-08-19,2835.52001953125,2883.10009765625,2829.85009765625,2883.10009765625,214500.0,2883.10009765625
2019-08-20,2879.080078125,2892.080078125,2875.0,2880.0,189700.0,2880.0
2019-08-21,2875.469970703125,2885.590087890625,2872.56005859375,2880.330078125,159000.0,2880.330078125
2019-08-22,2887.659912109375,2888.5,2867.550048828125,2883.43994140625,149200.0,2883.43994140625
2019-08-23,2885.14990234375,2902.4599609375,2878.739990234375,2897.429931640625,159200.0,2897.429931640625
2019-08-26,2851.02001953125,2870.489990234375,2849.239990234375,2863.570068359375,169900.0,2863.570068359375
2019-08-27,2879.52001953125,2919.639892578125,2879.409912109375,2902.18994140625,208100.0,2902.18994140625
2019-08-28,2901.6298828125,2905.43994140625,2887.010009765625,2893.760009765625,183100.0,2893.760009765625
2019-08-29,2896.0,2898.60009765625,2878.590087890625,2890.919921875,178600.0,2890.919921875
2019-08-30,2907.3798828125,2914.580078125,2874.10009765625,2886.239990234375,194000.0,2886.239990234375
2019-09-02,2886.94189453125,2928.47900390625,2883.681884765625,2924.10595703125,202800.0,2924.10595703125
2019-09-03,2925.93994140625,2930.14990234375,2915.199951171875,2930.14990234375,189000.0,2930.14990234375
2019-09-04,2927.75,2957.409912109375,2925.8798828125,2957.409912109375,225500.0,2957.409912109375
2019-09-05,2972.659912109375,3015.840087890625,2972.659912109375,2985.860107421875,305400.0,2985.860107421875
2019-09-06,2996.6201171875,2999.93994140625,2981.60009765625,2999.60009765625,216800.0,2999.60009765625
2019-09-09,3023.780029296875,3026.239990234375,3005.68994140625,3024.739990234375,243400.0,3024.739990234375
2019-09-10,3027.409912109375,3027.409912109375,3005.3798828125,3021.199951171875,240000.0,3021.199951171875
2019-09-11,3029.929931640625,3030.56005859375,3004.219970703125,3008.81005859375,229800.0,3008.81005859375
2019-09-12,3016.6298828125,3033.469970703125,3005.18994140625,3031.239990234375,197000.0,3031.239990234375
2019-09-16,3041.919921875,3042.929931640625,3020.050048828125,3030.75,221900.0,3030.75
2019-09-17,3023.7099609375,3023.7099609375,2970.570068359375,2978.1201171875,223300.0,2978.1201171875
2019-09-18,2984.080078125,2996.39990234375,2982.39990234375,2985.659912109375,168000.0,2985.659912109375
2019-09-19,2992.919921875,2999.280029296875,2975.39990234375,2999.280029296875,162700.0,2999.280029296875
2019-09-20,3004.81005859375,3011.340087890625,2996.18994140625,3006.449951171875,182100.0,3006.449951171875
2019-09-23,2998.39990234375,2998.39990234375,2960.830078125,2977.080078125,168100.0,2977.080078125
2019-09-24,2979.47998046875,3002.89990234375,2973.760009765625,2985.340087890625,163900.0,2985.340087890625
2019-09-25,2977.669921875,2977.669921875,2955.429931640625,2955.429931640625,168500.0,2955.429931640625
2019-09-26,2964.47998046875,2970.0400390625,2928.260009765625,2929.090087890625,188900.0,2929.090087890625
2019-09-27,2929.489990234375,2939.080078125,2920.929931640625,2932.169921875,132900.0,2932.169921875
2019-09-30,2927.919921875,2936.47998046875,2905.18994140625,2905.18994140625,116600.0,2905.18994140625
2019-10-08,2905.760009765625,2933.02001953125,2905.760009765625,2913.570068359375,125500.0,2913.570068359375
2019-10-09,2902.080078125,2924.860107421875,2891.5400390625,2924.860107421875,130400.0,2924.860107421875
2019-10-10,2923.7099609375,2949.239990234375,2918.22998046875,2947.7099609375,134200.0,2947.7099609375
2019-10-11,2954.820068359375,2980.7900390625,2943.010009765625,2973.659912109375,161200.0,2973.659912109375
2019-10-14,2993.9599609375,3026.3798828125,2989.81005859375,3007.8798828125,208600.0,3007.8798828125
2019-10-15,3005.659912109375,3005.659912109375,2986.300048828125,2991.050048828125,155400.0,2991.050048828125
2019-10-16,2992.610107421875,3010.419921875,2975.919921875,2978.7099609375,149900.0,2978.7099609375
2019-10-17,2979.989990234375,2986.719970703125,2969.570068359375,2977.330078125,122500.0,2977.330078125
2019-10-18,2982.340087890625,2987.199951171875,2933.239990234375,2938.139892578125,150000.0,2938.139892578125
2019-10-21,2933.89990234375,2940.320068359375,2917.68994140625,2939.6201171875,132500.0,2939.6201171875
2019-10-22,2945.60009765625,2954.639892578125,2934.389892578125,2954.3798828125,117500.0,2954.3798828125
2019-10-23,2952.969970703125,2957.300048828125,2934.6298828125,2941.6201171875,123800.0,2941.6201171875
2019-10-24,2944.010009765625,2953.0400390625,2927.06005859375,2940.919921875,126500.0,2940.919921875
2019-10-25,2940.469970703125,2958.239990234375,2920.52001953125,2954.929931640625,136900.0,2954.929931640625
2019-10-28,2958.68994140625,2980.1298828125,2956.9599609375,2980.050048828125,173700.0,2980.050048828125
2019-10-29,2979.0400390625,2979.0400390625,2954.179931640625,2954.179931640625,166100.0,2954.179931640625
2019-10-30,2949.4599609375,2953.300048828125,2934.830078125,2939.320068359375,158800.0,2939.320068359375
2019-10-31,2944.840087890625,2946.75,2923.52001953125,2929.06005859375,161600.0,2929.06005859375
2019-11-01,2924.340087890625,2959.830078125,2917.14990234375,2958.199951171875,159900.0,2958.199951171875
2019-11-04,2964.580078125,2983.06005859375,2964.580078125,2975.489990234375,167200.0,2975.489990234375
2019-11-05,2977.699951171875,3008.31005859375,2968.030029296875,2991.56005859375,179900.0,2991.56005859375
2019-11-06,2992.0400390625,2995.56005859375,2969.719970703125,2978.60009765625,165300.0,2978.60009765625
2019-11-07,2978.14990234375,2988.9599609375,2969.1201171875,2978.7099609375,137000.0,2978.7099609375
2019-11-08,2993.97998046875,2998.760009765625,2962.840087890625,2964.179931640625,149700.0,2964.179931640625
2019-11-11,2949.9599609375,2949.9599609375,2906.77001953125,2909.969970703125,157900.0,2909.969970703125
2019-11-12,2913.0,2918.300048828125,2891.510009765625,2914.820068359375,129700.0,2914.820068359375
2019-11-13,2913.02001953125,2913.860107421875,2893.969970703125,2905.239990234375,129800.0,2905.239990234375
2019-11-14,2907.739990234375,2917.3701171875,2899.6201171875,2909.8701171875,129100.0,2909.8701171875
2019-11-15,2911.35009765625,2917.830078125,2891.199951171875,2891.340087890625,135500.0,2891.340087890625
2019-11-18,2889.550048828125,2911.3798828125,2884.090087890625,2909.199951171875,124400.0,2909.199951171875
2019-11-19,2904.280029296875,2933.989990234375,2902.860107421875,2933.989990234375,135400.0,2933.989990234375
2019-11-20,2928.110107421875,2930.489990234375,2907.419921875,2911.050048828125,137400.0,2911.050048828125
2019-11-21,2902.550048828125,2910.360107421875,2891.530029296875,2903.639892578125,123500.0,2903.639892578125
2019-11-22,2906.239990234375,2925.02001953125,2873.989990234375,2885.2900390625,158600.0,2885.2900390625
2019-11-25,2885.610107421875,2906.610107421875,2880.64990234375,2906.169921875,178600.0,2906.169921875
2019-11-26,2912.52001953125,2915.0400390625,2897.929931640625,2907.06005859375,170000.0,2907.06005859375
2019-11-27,2905.39990234375,2914.489990234375,2893.419921875,2903.18994140625,133900.0,2903.18994140625
2019-11-28,2902.364013671875,2909.840087890625,2883.43408203125,2889.693115234375,119500.0,2889.693115234375
2019-11-29,2885.969970703125,2892.389892578125,2858.580078125,2871.97998046875,122600.0,2871.97998046875
2019-12-02,2874.449951171875,2888.889892578125,2870.239990234375,2875.81005859375,128800.0,2875.81005859375
2019-12-03,2869.8798828125,2884.860107421875,2857.320068359375,2884.699951171875,123800.0,2884.699951171875
2019-12-04,2876.907958984375,2882.498046875,2869.422119140625,2878.115966796875,125500.0,2878.115966796875
2019-12-05,2886.51611328125,2902.001953125,2885.080078125,2899.468994140625,143200.0,2899.468994140625
2019-12-06,2902.278076171875,2912.013916015625,2894.7509765625,2912.013916015625,134100.0,2912.013916015625
2019-12-09,2914.4580078125,2919.589111328125,2905.25,2914.47802734375,160800.0,2914.47802734375
2019-12-10,2908.944091796875,2919.200927734375,2902.7900390625,2917.31591796875,170100.0,2917.31591796875
2019-12-11,2922.60205078125,2928.256103515625,2915.0009765625,2924.4169921875,165500.0,2924.4169921875
2019-12-12,2926.342041015625,2926.342041015625,2913.47607421875,2915.697998046875,151800.0,2915.697998046875
2019-12-13,2937.77587890625,2969.98095703125,2935.84912109375,2967.676025390625,212000.0,2967.676025390625
2019-12-16,2970.968994140625,2984.64111328125,2958.7060546875,2984.39306640625,211900.0,2984.39306640625
2019-12-17,2985.261962890625,3039.383056640625,2982.49609375,3022.422119140625,293000.0,3022.422119140625
2019-12-18,3021.466064453125,3033.23388671875,3011.720947265625,3017.0439453125,244100.0,3017.0439453125
2019-12-19,3017.153076171875,3021.41796875,3007.991943359375,3017.06591796875,208600.0,3017.06591796875
2019-12-20,3019.639892578125,3027.48388671875,3002.260009765625,3004.93798828125,215100.0,3004.93798828125
2019-12-23,2999.035888671875,3009.337890625,2960.43505859375,2962.7509765625,205700.0,2962.7509765625
2019-12-24,2965.825927734375,2983.819091796875,2960.68408203125,2982.680908203125,163000.0,2982.680908203125
2019-12-25,2980.427978515625,2988.2919921875,2970.656982421875,2981.881103515625,175700.0,2981.881103515625
2019-12-26,2981.2490234375,3007.35498046875,2980.39697265625,3007.35498046875,182400.0,3007.35498046875
2019-12-27,3006.85205078125,3036.113037109375,3003.631103515625,3005.035888671875,247100.0,3005.035888671875
2019-12-30,2998.1689453125,3041.39697265625,2983.343994140625,3040.02392578125,248100.0,3040.02392578125
2019-12-31,3036.385986328125,3051.677001953125,3030.511962890625,3050.1240234375,217400.0,3050.1240234375
2020-01-02,3066.3359375,3098.10009765625,3066.3359375,3085.197998046875,292500.0,3085.197998046875
2020-01-03,3089.02197265625,3093.819091796875,3074.51806640625,3083.785888671875,261500.0,3083.785888671875
2020-01-06,3070.908935546875,3107.202880859375,3065.30908203125,3083.407958984375,312600.0,3083.407958984375
2020-01-07,3085.488037109375,3105.450927734375,3084.3291015625,3104.802001953125,276600.0,3104.802001953125
2020-01-08,3094.239013671875,3094.239013671875,3059.131103515625,3066.89306640625,297900.0,3066.89306640625
2020-01-09,3082.639892578125,3097.3291015625,3080.131103515625,3094.882080078125,243400.0,3094.882080078125
2020-01-10,3102.2939453125,3105.22509765625,3081.39599609375,3092.291015625,210400.0,3092.291015625
2020-01-13,3091.492919921875,3115.570068359375,3075.384033203125,3115.570068359375,210600.0,3115.570068359375
2020-01-14,3120.6669921875,3127.1689453125,3105.60498046875,3106.820068359375,230000.0,3106.820068359375
2020-01-15,3103.169921875,3107.93994140625,3082.0400390625,3090.0400390625,202300.0,3090.0400390625
2020-01-16,3095.73388671875,3096.3720703125,3070.884033203125,3074.0810546875,203400.0,3074.0810546875
2020-01-17,3081.464111328125,3091.951904296875,3067.2529296875,3075.49609375,190300.0,3075.49609375
2020-01-20,3082.113037109375,3096.31103515625,3070.47998046875,3095.787109375,210500.0,3095.787109375
2020-01-21,3085.7900390625,3085.7900390625,3051.22998046875,3052.139892578125,234800.0,3052.139892578125
2020-01-22,3038.487060546875,3069.2529296875,3006.26806640625,3060.7548828125,223900.0,3060.7548828125
2020-01-23,3037.951904296875,3045.041015625,2955.345947265625,2976.528076171875,272800.0,2976.528076171875
2020-02-03,2716.697998046875,2766.576904296875,2716.697998046875,2746.60595703125,215900.0,2746.60595703125
2020-02-04,2685.26904296875,2786.1640625,2685.26904296875,2783.2880859375,364000.0,2783.2880859375
2020-02-05,2792.37109375,2842.742919921875,2778.864013671875,2818.087890625,309800.0,2818.087890625
2020-02-06,2826.889892578125,2876.590087890625,2807.610107421875,2866.510009765625,316400.0,2866.510009765625
2020-02-07,2858.929931640625,2875.9599609375,2838.77001953125,2875.9599609375,309500.0,2875.9599609375
2020-02-10,2860.4990234375,2891.847900390625,2851.050048828125,2890.488037109375,294900.0,2890.488037109375
2020-02-11,2894.5400390625,2913.820068359375,2882.239990234375,2901.669921875,269200.0,2901.669921875
2020-02-12,2895.555908203125,2926.89892578125,2892.424072265625,2926.89892578125,248700.0,2926.89892578125
2020-02-13,2927.14404296875,2935.406005859375,2901.242919921875,2906.073974609375,274800.0,2906.073974609375
2020-02-14,2899.865966796875,2926.943115234375,2899.573974609375,2917.008056640625,250700.0,2917.008056640625
2020-02-17,2924.990966796875,2983.636962890625,2924.990966796875,2983.6220703125,313200.0,2983.6220703125
2020-02-18,2981.409912109375,2990.60009765625,2960.77490234375,2984.971923828125,311700.0,2984.971923828125
2020-02-19,2979.52197265625,2998.27197265625,2971.822021484375,2975.402099609375,315100.0,2975.402099609375
2020-02-20,2981.8798828125,3031.37109375,2968.445068359375,3030.154052734375,345700.0,3030.154052734375
2020-02-21,3022.24609375,3058.89794921875,3020.14111328125,3039.6689453125,364600.0,3039.6689453125
2020-02-24,3027.89306640625,3042.181884765625,3007.35595703125,3031.23291015625,370400.0,3031.23291015625
2020-02-25,2982.070068359375,3016.946044921875,2943.717041015625,3013.050048828125,441600.0,3013.050048828125
2020-02-26,2978.419921875,3028.780029296875,2974.93994140625,2987.928955078125,469000.0,2987.928955078125
2020-02-27,2992.489990234375,3009.4599609375,2980.47998046875,2991.330078125,350500.0,2991.330078125
2020-02-28,2924.64111328125,2948.1259765625,2878.5439453125,2880.303955078125,401200.0,2880.303955078125
2020-03-02,2899.31005859375,2982.507080078125,2899.31005859375,2970.930908203125,367300.0,2970.930908203125
2020-03-03,3006.888916015625,3026.842041015625,2976.623046875,2992.89697265625,410100.0,2992.89697265625
2020-03-04,2981.805908203125,3012.00390625,2974.35791015625,3011.666015625,353300.0,3011.666015625
2020-03-05,3036.155029296875,3074.257080078125,3022.926025390625,3071.677001953125,445400.0,3071.677001953125
2020-03-06,3039.93994140625,3052.444091796875,3029.462890625,3034.510986328125,362100.0,3034.510986328125
2020-03-09,2987.180908203125,2989.205078125,2940.714111328125,2943.291015625,414600.0,2943.291015625
2020-03-10,2918.93505859375,3000.2958984375,2904.799072265625,2996.761962890625,393300.0,2996.761962890625
2020-03-11,3001.761962890625,3010.029052734375,2968.51708984375,2968.51708984375,352500.0,2968.51708984375
2020-03-12,2936.01611328125,2944.465087890625,2906.283935546875,2923.486083984375,307800.0,2923.486083984375
2020-03-13,2804.23193359375,2910.881103515625,2799.98388671875,2887.427001953125,366500.0,2887.427001953125
2020-03-16,2897.301025390625,2898.034912109375,2784.662109375,2789.25390625,351900.0,2789.25390625
2020-03-17,2796.283935546875,2826.906982421875,2715.220947265625,2779.64111328125,306100.0,2779.64111328125
2020-03-18,2792.322021484375,2815.8740234375,2728.756103515625,2728.756103515625,291200.0,2728.756103515625
2020-03-19,2719.406005859375,2736.820068359375,2646.804931640625,2702.1298828125,302300.0,2702.1298828125
2020-03-20,2727.01904296875,2751.89599609375,2702.492919921875,2745.617919921875,252000.0,2745.617919921875
2020-03-23,2677.590087890625,2703.330078125,2656.5,2660.169921875,249800.0,2660.169921875
2020-03-24,2703.01904296875,2723.406982421875,2667.133056640625,2722.43798828125,257000.0,2722.43798828125
2020-03-25,2775.302978515625,2788.635009765625,2757.802001953125,2781.591064453125,273100.0,2781.591064453125
2020-03-26,2761.89599609375,2788.50390625,2753.427978515625,2764.910888671875,234100.0,2764.910888671875
2020-03-27,2792.98388671875,2805.548095703125,2771.756103515625,2772.202880859375,240800.0,2772.202880859375
2020-03-30,2739.718994140625,2759.09912109375,2723.053955078125,2747.214111328125,239700.0,2747.214111328125
2020-03-31,2767.306884765625,2771.16796875,2743.114990234375,2750.2958984375,218600.0,2750.2958984375
2020-04-01,2743.541015625,2773.364013671875,2731.0791015625,2734.52197265625,217300.0,2734.52197265625
2020-04-02,2720.22802734375,2780.637939453125,2719.904052734375,2780.637939453125,217900.0,2780.637939453125
2020-04-03,2773.575927734375,2780.5869140625,2754.072998046875,2763.987060546875,200800.0,2763.987060546875
2020-04-07,2806.968017578125,2823.277099609375,2801.839111328125,2820.762939453125,270200.0,2820.762939453125
2020-04-08,2805.9169921875,2823.214111328125,2800.2958984375,2815.368896484375,243500.0,2815.368896484375
2020-04-09,2825.839111328125,2832.39501953125,2820.43310546875,2825.904052734375,238200.0,2825.904052734375
2020-04-10,2827.18701171875,2833.014892578125,2789.97607421875,2796.631103515625,233500.0,2796.631103515625
2020-04-13,2784.597900390625,2792.89111328125,2774.0810546875,2783.048095703125,177100.0,2783.048095703125
2020-04-14,2794.801025390625,2827.298095703125,2789.427978515625,2827.282958984375,202700.0,2827.282958984375
2020-04-15,2826.662109375,2829.75,2808.7041015625,2811.174072265625,205600.0,2811.174072265625
2020-04-16,2798.429931640625,2823.337890625,2796.839111328125,2819.93505859375,203000.0,2819.93505859375
2020-04-17,2835.55810546875,2854.9599609375,2830.02197265625,2838.4951171875,245700.0,2838.4951171875
2020-04-20,2840.408935546875,2852.989990234375,2833.261962890625,2852.552978515625,211800.0,2852.552978515625
2020-04-21,2842.237060546875,2842.237060546875,2808.02099609375,2827.012939453125,233200.0,2827.012939453125
2020-04-22,2814.06591796875,2843.97998046875,2808.48193359375,2843.97998046875,217300.0,2843.97998046875
2020-04-23,2850.510009765625,2853.635986328125,2835.89599609375,2838.4990234375,248800.0,2838.4990234375
2020-04-24,2834.93896484375,2834.93896484375,2802.4990234375,2808.529052734375,235200.0,2808.529052734375
2020-04-27,2812.241943359375,2832.666015625,2802.9580078125,2815.4951171875,210100.0,2815.4951171875
2020-04-28,2819.990966796875,2821.7451171875,2758.24609375,2810.02392578125,253900.0,2810.02392578125
2020-04-29,2801.383056640625,2831.763916015625,2800.738037109375,2822.44189453125,202100.0,2822.44189453125
2020-04-30,2832.384033203125,2865.590087890625,2832.384033203125,2860.08203125,242500.0,2860.08203125
2020-05-06,2831.633056640625,2879.262939453125,2830.654052734375,2878.139892578125,249800.0,2878.139892578125
2020-05-07,2876.472900390625,2882.02197265625,2864.5810546875,2871.52294921875,226700.0,2871.52294921875
2020-05-08,2882.7099609375,2903.800048828125,2879.199951171875,2895.340087890625,226800.0,2895.340087890625
2020-05-11,2901.570068359375,2914.280029296875,2884.3798828125,2894.800048828125,225100.0,2894.800048828125
2020-05-12,2894.616943359375,2897.902099609375,2871.22998046875,2891.555908203125,197100.0,2891.555908203125
2020-05-13,2882.955078125,2900.259033203125,2875.534912109375,2898.050048828125,185100.0,2898.050048828125
2020-05-14,2887.05810546875,2887.05810546875,2869.18310546875,2870.342041015625,197800.0,2870.342041015625
2020-05-15,2880.70703125,2884.219970703125,2863.3701171875,2868.458984375,189000.0,2868.458984375
2020-05-18,2872.52392578125,2889.97998046875,2862.27099609375,2875.41796875,226000.0,2875.41796875
2020-05-19,2897.68701171875,2900.218994140625,2887.576904296875,2898.575927734375,197200.0,2898.575927734375
2020-05-20,2896.466064453125,2896.466064453125,2876.177001953125,2883.738037109375,210500.0,2883.738037109375
2020-05-21,2890.720947265625,2891.51806640625,2864.20703125,2867.924072265625,203500.0,2867.924072265625
2020-05-22,2863.0458984375,2863.0458984375,2808.01806640625,2813.764892578125,209100.0,2813.764892578125
2020-05-25,2816.240966796875,2821.498046875,2802.465087890625,2817.969970703125,172900.0,2817.969970703125
2020-05-26,2827.89697265625,2848.3369140625,2825.90087890625,2846.547119140625,174600.0,2846.547119140625
2020-05-27,2847.320068359375,2848.9970703125,2831.927978515625,2836.803955078125,198100.0,2836.803955078125
2020-05-28,2838.20703125,2861.924072265625,2820.14599609375,2846.221923828125,207500.0,2846.221923828125
2020-05-29,2835.583984375,2855.3759765625,2829.626953125,2852.35107421875,206800.0,2852.35107421875
2020-06-01,2871.964111328125,2917.15087890625,2871.964111328125,2915.430908203125,260200.0,2915.430908203125
2020-06-02,2916.31689453125,2926.35888671875,2909.1279296875,2921.39794921875,256100.0,2921.39794921875
2020-06-03,2930.39111328125,2942.760009765625,2922.660888671875,2923.37109375,255700.0,2923.37109375
2020-06-04,2931.837890625,2932.968017578125,2910.751953125,2919.2509765625,226600.0,2919.2509765625
2020-06-05,2923.18896484375,2930.799072265625,2909.117919921875,2930.799072265625,217400.0,2930.799072265625
2020-06-08,2941.98193359375,2950.06591796875,2934.2099609375,2937.77099609375,231100.0,2937.77099609375
2020-06-09,2939.534912109375,2957.118896484375,2932.93896484375,2956.112060546875,209000.0,2956.112060546875
2020-06-10,2951.278076171875,2951.330078125,2934.843017578125,2943.7529296875,207900.0,2943.7529296875
2020-06-11,2939.791015625,2952.65087890625,2912.193115234375,2920.89697265625,233700.0,2920.89697265625
2020-06-12,2876.802978515625,2930.2548828125,2872.616943359375,2919.740966796875,236000.0,2919.740966796875
2020-06-15,2908.280029296875,2922.5400390625,2890.030029296875,2890.030029296875,243200.0,2890.030029296875
2020-06-16,2912.830078125,2931.780029296875,2909.1298828125,2931.75,223300.0,2931.75
2020-06-17,2932.669921875,2936.6201171875,2919.0400390625,2935.8701171875,234700.0,2935.8701171875
2020-06-18,2929.8798828125,2942.89990234375,2920.110107421875,2939.320068359375,258700.0,2939.320068359375
2020-06-19,2938.7900390625,2973.320068359375,2935.820068359375,2967.6298828125,264300.0,2967.6298828125
2020-06-22,2966.90087890625,2983.43798828125,2959.034912109375,2965.27197265625,267900.0,2965.27197265625
2020-06-23,2960.887939453125,2972.403076171875,2949.846923828125,2970.6201171875,225200.0,2970.6201171875
2020-06-24,2972.98291015625,2982.943115234375,2971.22412109375,2979.551025390625,213200.0,2979.551025390625
2020-06-29,2973.075927734375,2977.912109375,2951.77001953125,2961.51611328125,220600.0,2961.51611328125
2020-06-30,2965.10498046875,2990.824951171875,2965.10498046875,2984.674072265625,215000.0,2984.674072265625
2020-07-01,2991.180908203125,3026.18603515625,2984.98388671875,3025.98095703125,273300.0,3025.98095703125
2020-07-02,3023.718994140625,3092.443115234375,3021.674072265625,3090.569091796875,391100.0,3090.569091796875
2020-07-03,3103.9951171875,3152.81298828125,3103.9951171875,3152.81298828125,458800.0,3152.81298828125
2020-07-06,3187.839111328125,3337.27197265625,3187.839111328125,3332.881103515625,643900.0,3332.881103515625
2020-07-07,3380.9541015625,3407.0810546875,3336.241943359375,3345.3369140625,657800.0,3345.3369140625
2020-07-08,3337.552001953125,3421.531005859375,3327.7060546875,3403.43994140625,587100.0,3403.43994140625
2020-07-09,3403.48291015625,3456.971923828125,3393.637939453125,3450.593994140625,620000.0,3450.593994140625
2020-07-10,3418.93505859375,3433.10888671875,3372.507080078125,3383.322021484375,556100.0,3383.322021484375
2020-07-13,3379.386962890625,3458.791015625,3369.0380859375,3443.285888671875,558000.0,3443.285888671875
2020-07-14,3435.02392578125,3451.221923828125,3366.0830078125,3414.618896484375,543200.0,3414.618896484375
2020-07-15,3422.077880859375,3432.450927734375,3345.7490234375,3361.303955078125,492000.0,3361.303955078125
2020-07-16,3356.35888671875,3373.531982421875,3209.72705078125,3210.09912109375,490600.0,3210.09912109375
2020-07-17,3214.402099609375,3252.779052734375,3181.27490234375,3214.12890625,359700.0,3214.12890625
2020-07-20,3243.910888671875,3314.14892578125,3220.68408203125,3314.14892578125,418600.0,3314.14892578125
2020-07-21,3330.547119140625,3336.678955078125,3300.572021484375,3320.89501953125,359300.0,3320.89501953125
2020-07-22,3315.181884765625,3381.97607421875,3311.785888671875,3333.1640625,393300.0,3333.1640625
2020-07-23,3306.14892578125,3336.300048828125,3257.826904296875,3325.110107421875,407000.0,3325.110107421875
2020-07-24,3310.64501953125,3319.126953125,3184.965087890625,3196.76806640625,427100.0,3196.76806640625
2020-07-27,3210.385986328125,3221.985107421875,3174.657958984375,3205.22705078125,299300.0,3205.22705078125
2020-07-28,3226.133056640625,3245.297119140625,3208.493896484375,3227.9599609375,289400.0,3227.9599609375
2020-07-29,3221.988037109375,3294.552001953125,3209.989990234375,3294.552001953125,324900.0,3294.552001953125
2020-07-30,3299.572021484375,3312.450927734375,3282.162109375,3286.822021484375,340700.0,3286.822021484375
2020-07-31,3280.7958984375,3333.785888671875,3261.614013671875,3310.007080078125,353800.0,3310.007080078125
2020-08-03,3332.18310546875,3368.10302734375,3327.677001953125,3367.966064453125,407500.0,3367.966064453125
2020-08-04,3376.43994140625,3391.070068359375,3352.5,3371.68994140625,442300.0,3371.68994140625
2020-08-05,3363.330078125,3383.639892578125,3333.8798828125,3377.56005859375,385800.0,3377.56005859375
2020-08-06,3380.760009765625,3392.699951171875,3334.330078125,3386.4599609375,415300.0,3386.4599609375
2020-08-07,3370.587890625,3374.133056640625,3307.712890625,3354.034912109375,403900.0,3354.034912109375
2020-08-10,3341.528076171875,3399.931884765625,3335.04296875,3379.251953125,381400.0,3379.251953125
2020-08-11,3379.487060546875,3409.05908203125,3336.094970703125,3340.2900390625,400500.0,3340.2900390625
2020-08-12,3327.492919921875,3335.72900390625,3263.264892578125,3319.26611328125,378300.0,3319.26611328125
2020-08-13,3328.175048828125,3338.152099609375,3309.462890625,3320.72607421875,324300.0,3320.72607421875
2020-08-14,3315.6689453125,3362.027099609375,3302.736083984375,3360.09912109375,306000.0,3360.09912109375
2020-08-17,3373.902099609375,3450.89892578125,3369.3740234375,3438.801025390625,434600.0,3438.801025390625
2020-08-18,3441.93408203125,3456.720947265625,3432.639892578125,3451.089111328125,380700.0,3451.089111328125
2020-08-19,3444.56494140625,3454.4609375,3406.1640625,3408.12890625,405700.0,3408.12890625
2020-08-20,3385.965087890625,3394.556884765625,3352.777099609375,3363.89892578125,335600.0,3363.89892578125
2020-08-21,3380.22705078125,3393.91796875,3358.0009765625,3380.68310546875,287500.0,3380.68310546875
2020-08-24,3391.113037109375,3396.56591796875,3368.02587890625,3385.637939453125,266200.0,3385.637939453125
2020-08-25,3392.8798828125,3408.8701171875,3364.159912109375,3373.577880859375,277100.0,3373.577880859375
2020-08-26,3371.80810546875,3382.60302734375,3320.135986328125,3329.739013671875,294500.0,3329.739013671875
2020-08-27,3333.489990234375,3351.830078125,3312.989990234375,3350.110107421875,237100.0,3350.110107421875
2020-08-28,3346.2890625,3405.876953125,3339.64892578125,3403.806884765625,271300.0,3403.806884765625
2020-08-31,3416.550048828125,3442.736083984375,3395.468017578125,3395.677978515625,323500.0,3395.677978515625
2020-09-01,3389.741943359375,3410.60693359375,3381.7109375,3410.60693359375,247000.0,3410.60693359375
2020-09-02,3420.468994140625,3421.39599609375,3377.2109375,3404.802001953125,261500.0,3404.802001953125
2020-09-03,3404.031982421875,3425.62890625,3374.262939453125,3384.98095703125,255300.0,3384.98095703125
2020-09-04,3336.407958984375,3360.10595703125,3328.552001953125,3355.366943359375,221600.0,3355.366943359375
2020-09-07,3349.91796875,3368.2451171875,3285.633056640625,3292.591064453125,260600.0,3292.591064453125
2020-09-08,3301.217041015625,3324.39306640625,3276.443115234375,3316.4169921875,271100.0,3316.4169921875
2020-09-09,3280.9970703125,3289.614990234375,3238.56103515625,3254.6279296875,351500.0,3254.6279296875
2020-09-10,3282.23193359375,3285.472900390625,3227.64404296875,3234.822998046875,312500.0,3234.822998046875
2020-09-11,3225.783935546875,3262.498046875,3220.535888671875,3260.345947265625,221700.0,3260.345947265625
2020-09-14,3275.91796875,3283.532958984375,3261.14794921875,3278.81396484375,213900.0,3278.81396484375
2020-09-15,3277.1279296875,3297.68994140625,3263.751953125,3295.679931640625,197700.0,3295.679931640625
2020-09-16,3293.16796875,3302.4560546875,3271.074951171875,3283.924072265625,200400.0,3283.924072265625
2020-09-17,3277.323974609375,3290.408935546875,3248.4990234375,3270.43505859375,202900.0,3270.43505859375
2020-09-18,3270.910888671875,3338.323974609375,3268.52587890625,3338.090087890625,256300.0,3338.090087890625
2020-09-21,3348.89892578125,3350.589111328125,3313.071044921875,3316.93505859375,216500.0,3316.93505859375
2020-09-22,3290.666015625,3320.22802734375,3265.702880859375,3274.302001953125,214000.0,3274.302001953125
2020-09-23,3278.8359375,3289.761962890625,3264.89111328125,3279.7109375,169200.0,3279.7109375
2020-09-24,3262.87890625,3265.344970703125,3221.237060546875,3223.176025390625,206700.0,3223.176025390625
2020-09-25,3234.3740234375,3239.466064453125,3208.034912109375,3219.41796875,164800.0,3219.41796875
2020-09-28,3224.97705078125,3238.18310546875,3210.89306640625,3217.534912109375,156000.0,3217.534912109375
2020-09-29,3231.85498046875,3242.7939453125,3219.7900390625,3224.35888671875,151300.0,3224.35888671875
2020-09-30,3232.7099609375,3244.9130859375,3202.343994140625,3218.052001953125,153500.0,3218.052001953125
2020-10-09,3262.611083984375,3280.511962890625,3260.18701171875,3272.075927734375,188300.0,3272.075927734375
2020-10-12,3287.327880859375,3359.153076171875,3286.111083984375,3358.465087890625,259600.0,3358.465087890625
2020-10-13,3353.12109375,3361.83203125,3334.4990234375,3359.75,204900.0,3359.75
2020-10-14,3353.625,3353.625,3332.964111328125,3340.778076171875,198700.0,3340.778076171875
2020-10-15,3342.922119140625,3354.577880859375,3330.0009765625,3332.18310546875,191000.0,3332.18310546875
2020-10-16,3334.45703125,3348.9541015625,3319.110107421875,3336.35791015625,194300.0,3336.35791015625
2020-10-19,3351.10009765625,3371.090087890625,3307.840087890625,3312.669921875,212300.0,3312.669921875
2020-10-20,3307.14990234375,3328.10009765625,3293.77001953125,3328.10009765625,165100.0,3328.10009765625
2020-10-21,3332.14990234375,3332.14990234375,3304.169921875,3325.02001953125,177600.0,3325.02001953125
2020-10-22,3315.820068359375,3320.8798828125,3281.3701171875,3312.5,165900.0,3312.5
2020-10-23,3308.157958984375,3326.049072265625,3276.6201171875,3277.9970703125,174200.0,3277.9970703125
2020-10-26,3258.702880859375,3264.446044921875,3226.60205078125,3251.118896484375,167700.0,3251.118896484375
2020-10-27,3240.739990234375,3258.3369140625,3235.5439453125,3254.31591796875,149100.0,3254.31591796875
2020-10-28,3256.219970703125,3275.8701171875,3238.3798828125,3269.239990234375,173200.0,3269.239990234375
2020-10-29,3235.760009765625,3289.77001953125,3231.1201171875,3272.72998046875,184700.0,3272.72998046875
2020-10-30,3278.631103515625,3279.85595703125,3219.422119140625,3224.532958984375,230200.0,3224.532958984375
2020-11-02,3228.715087890625,3242.803955078125,3209.908935546875,3225.1201171875,226800.0,3225.1201171875
2020-11-03,3239.805908203125,3278.381103515625,3237.85400390625,3271.073974609375,215300.0,3271.073974609375
2020-11-04,3273.43310546875,3286.62109375,3254.111083984375,3277.43994140625,188500.0,3277.43994140625
2020-11-05,3305.580078125,3320.407958984375,3291.60009765625,3320.133056640625,226800.0,3320.133056640625
2020-11-06,3326.465087890625,3326.465087890625,3292.15087890625,3312.158935546875,234900.0,3312.158935546875
2020-11-09,3329.428955078125,3380.823974609375,3329.428955078125,3373.72998046875,310200.0,3373.72998046875
2020-11-10,3387.6220703125,3387.6220703125,3346.172119140625,3360.14892578125,278700.0,3360.14892578125
2020-11-11,3354.02490234375,3365.8359375,3339.041015625,3342.202880859375,271200.0,3342.202880859375
2020-11-12,3344.4599609375,3350.280029296875,3329.489990234375,3338.679931640625,216500.0,3338.679931640625
2020-11-13,3327.22900390625,3327.22900390625,3291.64306640625,3310.10498046875,227900.0,3310.10498046875
2020-11-16,3325.62109375,3346.968994140625,3313.64697265625,3346.968994140625,279600.0,3346.968994140625
2020-11-17,3347.14990234375,3347.699951171875,3323.949951171875,3339.89990234375,283600.0,3339.89990234375
2020-11-18,3337.33203125,3358.89404296875,3333.991943359375,3347.302978515625,287500.0,3347.302978515625
2020-11-19,3339.0859375,3367.3330078125,3330.449951171875,3363.087890625,253300.0,3363.087890625
2020-11-20,3359.60009765625,3380.14990234375,3356.31005859375,3377.72998046875,261300.0,3377.72998046875
2020-11-23,3384.10009765625,3431.64990234375,3377.989990234375,3414.489990234375,373900.0,3414.489990234375
2020-11-24,3407.408935546875,3413.926025390625,3396.243896484375,3402.822998046875,301000.0,3402.822998046875
2020-11-25,3417.514892578125,3423.485107421875,3362.326904296875,3362.326904296875,322100.0,3362.326904296875
2020-11-26,3360.06103515625,3371.4541015625,3344.281982421875,3369.73291015625,255900.0,3369.73291015625
2020-11-27,3373.843017578125,3408.306884765625,3364.491943359375,3408.306884765625,280600.0,3408.306884765625
2020-11-30,3418.159912109375,3456.739990234375,3391.760009765625,3391.760009765625,385000.0,3391.760009765625
2020-12-01,3388.989990234375,3457.639892578125,3386.909912109375,3451.93994140625,316200.0,3451.93994140625
2020-12-02,3453.51806640625,3465.72900390625,3435.87109375,3449.381103515625,312800.0,3449.381103515625
2020-12-03,3448.5400390625,3452.160888671875,3428.803955078125,3442.135986328125,298500.0,3442.135986328125
2020-12-04,3436.72900390625,3448.404052734375,3417.048095703125,3444.5810546875,256300.0,3444.5810546875
2020-12-07,3446.64794921875,3449.577880859375,3414.31396484375,3416.60400390625,254500.0,3416.60400390625
2020-12-08,3417.68994140625,3428.659912109375,3403.030029296875,3410.179931640625,226900.0,3410.179931640625
2020-12-09,3416.077880859375,3422.535888671875,3371.916015625,3371.964111328125,260700.0,3371.964111328125
2020-12-10,3365.73095703125,3384.887939453125,3357.7529296875,3373.27587890625,247300.0,3373.27587890625
2020-12-11,3381.008056640625,3383.177978515625,3325.172119140625,3347.19091796875,298600.0,3347.19091796875
2020-12-14,3349.533935546875,3371.12890625,3338.6259765625,3369.1201171875,239800.0,3369.1201171875
2020-12-15,3366.580078125,3373.56005859375,3348.419921875,3367.22998046875,225700.0,3367.22998046875
2020-12-16,3371.262939453125,3378.6630859375,3359.1708984375,3366.98291015625,220800.0,3366.98291015625
2020-12-17,3367.277099609375,3406.155029296875,3354.010986328125,3404.873046875,275500.0,3404.873046875
2020-12-18,3400.489990234375,3413.81005859375,3382.75,3394.89990234375,281000.0,3394.89990234375
2020-12-21,3394.39501953125,3423.60888671875,3381.115966796875,3420.569091796875,283800.0,3420.569091796875
2020-12-22,3410.968017578125,3415.75390625,3353.85791015625,3356.781982421875,323000.0,3356.781982421875
2020-12-23,3362.471923828125,3394.208984375,3360.201904296875,3382.320068359375,299500.0,3382.320068359375
2020-12-24,3382.193115234375,3394.074951171875,3354.02197265625,3363.113037109375,275000.0,3363.113037109375
2020-12-25,3351.7900390625,3397.007080078125,3348.344970703125,3396.56298828125,294500.0,3396.56298828125
2020-12-28,3396.35888671875,3412.51904296875,3383.654052734375,3397.284912109375,316200.0,3397.284912109375
2020-12-29,3399.2939453125,3407.087890625,3376.087890625,3379.035888671875,311800.0,3379.035888671875
2020-12-30,3375.009033203125,3414.4541015625,3374.416015625,3414.452880859375,291000.0,3414.452880859375
2020-12-31,3419.72705078125,3474.91796875,3419.72705078125,3473.069091796875,335700.0,3473.069091796875
2021-01-04,3474.678955078125,3511.655029296875,3457.2060546875,3502.9580078125,380800.0,3502.9580078125
2021-01-05,3492.19091796875,3528.677001953125,3484.715087890625,3528.677001953125,408000.0,3528.677001953125
2021-01-06,3530.906982421875,3556.802001953125,3513.1259765625,3550.876953125,370200.0,3550.876953125
2021-01-07,3552.908935546875,3576.205078125,3526.616943359375,3576.205078125,405300.0,3576.205078125
2021-01-08,3577.68994140625,3588.06005859375,3544.889892578125,3570.110107421875,345600.0,3570.110107421875
2021-01-11,3571.321044921875,3597.701904296875,3516.986083984375,3531.498046875,362500.0,3531.498046875
2021-01-12,3518.010009765625,3608.340087890625,3517.469970703125,3608.340087890625,323400.0,3608.340087890625
2021-01-13,3613.281005859375,3622.347900390625,3575.594970703125,3598.652099609375,388100.0,3598.652099609375
2021-01-14,3584.931884765625,3599.05810546875,3559.60009765625,3565.905029296875,347700.0,3565.905029296875
2021-01-15,3566.284912109375,3589.26611328125,3533.7880859375,3566.3779296875,324600.0,3566.3779296875
2021-01-18,3554.800048828125,3608.77001953125,3544.260009765625,3596.219970703125,301700.0,3596.219970703125
2021-01-19,3596.360107421875,3603.14990234375,3553.02001953125,3566.3798828125,323400.0,3566.3798828125
2021-01-20,3564.12109375,3589.9619140625,3556.443115234375,3583.092041015625,272300.0,3583.092041015625
2021-01-21,3590.925048828125,3636.243896484375,3585.802001953125,3621.263916015625,327500.0,3621.263916015625
2021-01-22,3616.5400390625,3616.5400390625,3585.033935546875,3606.75,324500.0,3606.75
2021-01-25,3605.361083984375,3637.10009765625,3591.02001953125,3624.238037109375,327300.0,3624.238037109375
2021-01-26,3610.968994140625,3610.968994140625,3564.741943359375,3569.428955078125,278100.0,3569.428955078125
2021-01-27,3567.550048828125,3578.800048828125,3546.489990234375,3573.340087890625,264100.0,3573.340087890625
2021-01-28,3534.6689453125,3549.5439453125,3496.87890625,3505.176025390625,270900.0,3505.176025390625
2021-01-29,3521.718017578125,3531.597900390625,3446.547119140625,3483.069091796875,293700.0,3483.069091796875
2021-02-01,3477.172119140625,3506.388916015625,3469.875,3505.283935546875,277600.0,3505.283935546875
2021-02-02,3510.80810546875,3535.501953125,3495.568115234375,3533.68505859375,264500.0,3533.68505859375
2021-02-03,3531.14892578125,3544.009033203125,3508.507080078125,3517.30810546875,297400.0,3517.30810546875
2021-02-04,3503.779052734375,3524.721923828125,3465.77099609375,3501.85888671875,298800.0,3501.85888671875
2021-02-05,3509.489990234375,3536.5400390625,3492.9599609375,3496.330078125,290100.0,3496.330078125
2021-02-08,3504.56298828125,3542.2080078125,3492.12890625,3532.447021484375,249800.0,3532.447021484375
2021-02-09,3539.77294921875,3604.010986328125,3528.676025390625,3603.489013671875,253800.0,3603.489013671875
2021-02-10,3612.613037109375,3662.76611328125,3612.5048828125,3655.087890625,257900.0,3655.087890625
2021-02-18,3721.0869140625,3731.68701171875,3663.6640625,3675.35693359375,340300.0,3675.35693359375
2021-02-19,3661.782958984375,3699.64990234375,3634.014892578125,3696.16796875,361100.0,3696.16796875
2021-02-22,3707.18994140625,3717.27001953125,3642.43994140625,3642.43994140625,488800.0,3642.43994140625
2021-02-23,3617.699951171875,3672.14990234375,3617.699951171875,3636.360107421875,398900.0,3636.360107421875
2021-02-24,3638.93603515625,3645.64697265625,3531.593994140625,3564.080078125,362200.0,3564.080078125
2021-02-25,3595.5400390625,3608.56005859375,3568.469970703125,3585.050048828125,366200.0,3585.050048828125
2021-02-26,3514.56005859375,3550.409912109375,3500.699951171875,3509.080078125,333300.0,3509.080078125
2021-03-01,3531.47998046875,3552.56689453125,3511.989013671875,3551.39990234375,315500.0,3551.39990234375
2021-03-02,3566.85205078125,3566.85205078125,3485.364013671875,3508.591064453125,339800.0,3508.591064453125
2021-03-03,3500.159912109375,3577.6201171875,3498.719970703125,3576.89990234375,347700.0,3576.89990234375
2021-03-04,3546.639892578125,3552.199951171875,3487.3798828125,3503.489990234375,393600.0,3503.489990234375
2021-03-05,3463.30908203125,3523.568115234375,3456.6669921875,3501.987060546875,356400.0,3501.987060546875
2021-03-08,3524.97998046875,3542.300048828125,3421.219970703125,3421.409912109375,387000.0,3421.409912109375
2021-03-09,3415.340087890625,3429.14990234375,3328.31005859375,3359.2900390625,407700.0,3359.2900390625
2021-03-10,3389.840087890625,3397.030029296875,3354.820068359375,3357.739990234375,299700.0,3357.739990234375
2021-03-11,3369.89990234375,3436.830078125,3369.89990234375,3436.830078125,322100.0,3436.830078125
2021-03-12,3447.199951171875,3454.510009765625,3417.239990234375,3453.080078125,358000.0,3453.080078125
2021-03-15,3441.8798828125,3457.489990234375,3392.510009765625,3419.949951171875,367800.0,3419.949951171875
2021-03-16,3424.652099609375,3448.883056640625,3406.175048828125,3446.73291015625,316700.0,3446.73291015625
2021-03-17,3435.73193359375,3454.055908203125,3410.281982421875,3445.551025390625,280100.0,3445.551025390625
2021-03-18,3449.64111328125,3478.14501953125,3449.376953125,3463.068115234375,284400.0,3463.068115234375
2021-03-19,3423.8701171875,3439.52001953125,3389.2900390625,3404.659912109375,309200.0,3404.659912109375
2021-03-22,3406.1201171875,3443.659912109375,3404.22998046875,3443.43994140625,312600.0,3443.43994140625
2021-03-23,3445.340087890625,3445.419921875,3390.050048828125,3411.510009765625,326400.0,3411.510009765625
2021-03-24,3394.1298828125,3415.2900390625,3362.179931640625,3367.06005859375,317400.0,3367.06005859375
2021-03-25,3355.070068359375,3382.22998046875,3344.969970703125,3363.590087890625,270700.0,3363.590087890625
2021-03-26,3373.31689453125,3423.222900390625,3373.31689453125,3418.326904296875,274600.0,3418.326904296875
2021-03-29,3429.632080078125,3449.833984375,3409.886962890625,3435.300048828125,284800.0,3435.300048828125
2021-03-30,3432.530029296875,3457.6298828125,3423.320068359375,3456.679931640625,285400.0,3456.679931640625
2021-03-31,3452.2099609375,3452.2099609375,3420.830078125,3441.909912109375,283000.0,3441.909912109375
2021-04-01,3444.81005859375,3470.030029296875,3438.830078125,3466.330078125,275200.0,3466.330078125
2021-04-02,3472.6279296875,3487.5859375,3462.83203125,3484.39208984375,262700.0,3484.39208984375
2021-04-06,3491.6298828125,3493.280029296875,3471.760009765625,3482.969970703125,234700.0,3482.969970703125
2021-04-07,3483.419921875,3483.419921875,3453.18994140625,3479.6298828125,295800.0,3479.6298828125
2021-04-08,3467.489990234375,3495.909912109375,3459.320068359375,3482.550048828125,331800.0,3482.550048828125
2021-04-09,3475.43994140625,3475.449951171875,3442.139892578125,3450.679931640625,280100.0,3450.679931640625
2021-04-12,3445.969970703125,3456.159912109375,3403.89990234375,3412.949951171875,309600.0,3412.949951171875
2021-04-13,3411.2900390625,3425.389892578125,3387.89990234375,3396.469970703125,270600.0,3396.469970703125
2021-04-14,3397.02001953125,3420.030029296875,3392.97998046875,3416.719970703125,233200.0,3416.719970703125
2021-04-15,3409.610107421875,3409.610107421875,3373.090087890625,3398.989990234375,234000.0,3398.989990234375
2021-04-16,3407.18994140625,3432.6298828125,3394.1298828125,3426.6201171875,258600.0,3426.6201171875
2021-04-19,3427.550048828125,3479.010009765625,3414.360107421875,3477.550048828125,302700.0,3477.550048828125
2021-04-20,3467.14990234375,3494.300048828125,3463.4599609375,3472.93994140625,285300.0,3472.93994140625
2021-04-21,3456.300048828125,3481.25,3450.110107421875,3472.929931640625,253800.0,3472.929931640625
2021-04-22,3482.830078125,3485.360107421875,3456.320068359375,3465.110107421875,251100.0,3465.110107421875
2021-04-23,3462.090087890625,3482.360107421875,3456.330078125,3474.169921875,249400.0,3474.169921875
2021-04-26,3484.110107421875,3497.1201171875,3438.570068359375,3441.169921875,277000.0,3441.169921875
2021-04-27,3440.090087890625,3443.85009765625,3417.260009765625,3442.610107421875,253000.0,3442.610107421875
2021-04-28,3432.159912109375,3457.070068359375,3423.330078125,3457.070068359375,247400.0,3457.070068359375
2021-04-29,3458.080078125,3478.22998046875,3447.590087890625,3474.89990234375,276600.0,3474.89990234375
2021-04-30,3468.300048828125,3469.090087890625,3426.89990234375,3446.860107421875,312700.0,3446.860107421875
2021-05-06,3446.070068359375,3471.239990234375,3426.85009765625,3441.280029296875,310400.0,3441.280029296875
2021-05-07,3446.409912109375,3457.889892578125,3416.780029296875,3418.8701171875,353800.0,3418.8701171875
2021-05-10,3423.590087890625,3429.739990234375,3401.929931640625,3427.989990234375,374200.0,3427.989990234375
2021-05-11,3406.60009765625,3448.10009765625,3384.699951171875,3441.85009765625,350900.0,3441.85009765625
2021-05-12,3429.75,3466.3701171875,3428.389892578125,3462.75,311400.0,3462.75
2021-05-13,3432.139892578125,3448.02001953125,3418.3798828125,3429.5400390625,319300.0,3429.5400390625
2021-05-14,3436.090087890625,3490.639892578125,3422.56005859375,3490.3798828125,337000.0,3490.3798828125
2021-05-17,3490.409912109375,3530.510009765625,3490.139892578125,3517.6201171875,322100.0,3517.6201171875
2021-05-18,3520.64990234375,3529.010009765625,3510.860107421875,3529.010009765625,271300.0,3529.010009765625
2021-05-19,3521.110107421875,3521.110107421875,3503.820068359375,3510.9599609375,278300.0,3510.9599609375
2021-05-20,3500.8798828125,3517.739990234375,3486.070068359375,3506.93994140625,326000.0,3506.93994140625
2021-05-21,3510.840087890625,3518.3798828125,3479.669921875,3486.56005859375,283800.0,3486.56005859375
2021-05-24,3486.27001953125,3498.300048828125,3469.8701171875,3497.280029296875,289500.0,3497.280029296875
2021-05-25,3502.5400390625,3584.580078125,3502.43994140625,3581.340087890625,341200.0,3581.340087890625
2021-05-26,3586.840087890625,3603.489990234375,3585.3701171875,3593.360107421875,342000.0,3593.360107421875
2021-05-27,3585.72998046875,3626.360107421875,3579.260009765625,3608.85009765625,309600.0,3608.85009765625
2021-05-28,3610.77001953125,3622.179931640625,3582.360107421875,3600.780029296875,349200.0,3600.780029296875
2021-05-31,3600.070068359375,3615.659912109375,3580.64990234375,3615.47998046875,331500.0,3615.47998046875
2021-06-01,3608.60009765625,3626.070068359375,3581.909912109375,3624.7099609375,352800.0,3624.7099609375
2021-06-02,3626.330078125,3629.2900390625,3584.60009765625,3597.139892578125,348600.0,3597.139892578125
2021-06-03,3595.419921875,3618.510009765625,3584.2099609375,3584.2099609375,354200.0,3584.2099609375
2021-06-04,3565.469970703125,3618.800048828125,3561.889892578125,3591.840087890625,330900.0,3591.840087890625
2021-06-07,3597.139892578125,3600.3798828125,3581.89990234375,3599.5400390625,303700.0,3599.5400390625
2021-06-08,3598.75,3621.52001953125,3563.25,3580.110107421875,304500.0,3580.110107421875
2021-06-09,3576.800048828125,3598.7099609375,3572.639892578125,3591.39990234375,298300.0,3591.39990234375
2021-06-10,3587.530029296875,3624.340087890625,3584.1298828125,3610.860107421875,318200.0,3610.860107421875
2021-06-11,3614.110107421875,3614.39990234375,3587.14990234375,3589.75,360600.0,3589.75
2021-06-15,3587.469970703125,3592.949951171875,3547.18994140625,3556.56005859375,349200.0,3556.56005859375
2021-06-16,3556.7099609375,3561.090087890625,3513.56005859375,3518.330078125,312600.0,3518.330078125
2021-06-17,3508.320068359375,3534.199951171875,3507.35009765625,3525.60009765625,277200.0,3525.60009765625
2021-06-18,3520.5,3535.6201171875,3503.179931640625,3525.10009765625,296700.0,3525.10009765625
2021-06-21,3515.5,3540.300048828125,3504.010009765625,3529.179931640625,280900.0,3529.179931640625
2021-06-22,3539.7900390625,3560.18994140625,3536.81005859375,3557.409912109375,307500.0,3557.409912109375
2021-06-23,3559.39990234375,3577.469970703125,3549.85009765625,3566.219970703125,310700.0,3566.219970703125
2021-06-24,3568.580078125,3570.489990234375,3548.820068359375,3566.64990234375,335400.0,3566.64990234375
2021-06-25,3567.3798828125,3614.300048828125,3564.52001953125,3607.56005859375,346100.0,3607.56005859375
2021-06-28,3612.25,3614.360107421875,3594.219970703125,3606.3701171875,321300.0,3606.3701171875
2021-06-29,3601.679931640625,3601.830078125,3570.530029296875,3573.179931640625,306100.0,3573.179931640625
2021-06-30,3572.6201171875,3594.1201171875,3569.5,3591.199951171875,268200.0,3591.199951171875
2021-07-01,3600.550048828125,3607.699951171875,3573.93994140625,3588.780029296875,291900.0,3588.780029296875
2021-07-02,3569.889892578125,3569.889892578125,3514.340087890625,3518.760009765625,291900.0,3518.760009765625
2021-07-05,3516.919921875,3534.320068359375,3510.580078125,3534.320068359375,288100.0,3534.320068359375
2021-07-06,3533.1298828125,3538.35009765625,3496.929931640625,3530.260009765625,314100.0,3530.260009765625
2021-07-07,3508.590087890625,3557.8798828125,3504.469970703125,3553.719970703125,318800.0,3553.719970703125
2021-07-08,3557.219970703125,3558.679931640625,3521.06005859375,3525.5,350900.0,3525.5
2021-07-09,3512.22998046875,3529.31005859375,3485.050048828125,3524.090087890625,349900.0,3524.090087890625
2021-07-12,3545.199951171875,3565.030029296875,3527.389892578125,3547.840087890625,403600.0,3547.840087890625
2021-07-13,3547.590087890625,3567.47998046875,3542.820068359375,3566.52001953125,362400.0,3566.52001953125
2021-07-14,3560.830078125,3560.830078125,3525.489990234375,3528.5,372200.0,3528.5
2021-07-15,3519.06005859375,3565.929931640625,3514.260009765625,3564.590087890625,363300.0,3564.590087890625
2021-07-16,3559.530029296875,3566.0,3537.72998046875,3539.300048828125,366000.0,3539.300048828125
2021-07-19,3530.489990234375,3544.8798828125,3506.340087890625,3539.1201171875,336800.0,3539.1201171875
2021-07-20,3515.070068359375,3538.639892578125,3509.18994140625,3536.7900390625,293800.0,3536.7900390625
2021-07-21,3543.052978515625,3569.090087890625,3543.052978515625,3562.660888671875,339000.0,3562.660888671875
2021-07-22,3563.660888671875,3576.472900390625,3558.29296875,3574.73388671875,381100.0,3574.73388671875
2021-07-23,3571.719970703125,3571.85009765625,3541.510009765625,3550.39990234375,446400.0,3550.39990234375
2021-07-26,3538.013916015625,3538.013916015625,3424.741943359375,3467.43994140625,442900.0,3467.43994140625
2021-07-27,3467.447021484375,3483.8740234375,3380.27587890625,3381.179931640625,469100.0,3381.179931640625
2021-07-28,3355.820068359375,3385.5400390625,3312.719970703125,3361.590087890625,395800.0,3361.590087890625
2021-07-29,3403.840087890625,3416.610107421875,3382.570068359375,3411.719970703125,344600.0,3411.719970703125
2021-07-30,3398.199951171875,3404.8798828125,3370.449951171875,3397.360107421875,381400.0,3397.360107421875
2021-08-02,3385.68994140625,3464.2900390625,3367.639892578125,3464.2900390625,432900.0,3464.2900390625
2021-08-03,3446.780029296875,3470.659912109375,3435.4599609375,3447.989990234375,400700.0,3447.989990234375
2021-08-04,3442.93994140625,3477.60009765625,3440.780029296875,3477.219970703125,348700.0,3477.219970703125
2021-08-05,3461.719970703125,3486.159912109375,3449.389892578125,3466.550048828125,348400.0,3466.550048828125
2021-08-06,3465.47998046875,3466.389892578125,3436.929931640625,3458.22998046875,336800.0,3458.22998046875
2021-08-09,3441.75,3502.840087890625,3438.699951171875,3494.6298828125,349900.0,3494.6298828125
2021-08-10,3488.659912109375,3529.929931640625,3477.06005859375,3529.929931640625,345100.0,3529.929931640625
2021-08-11,3527.110107421875,3544.090087890625,3524.0400390625,3532.6201171875,383800.0,3532.6201171875
2021-08-12,3522.719970703125,3538.39990234375,3513.449951171875,3524.739990234375,381100.0,3524.739990234375
2021-08-13,3514.469970703125,3540.080078125,3500.800048828125,3516.300048828125,378200.0,3516.300048828125
2021-08-16,3514.340087890625,3537.85009765625,3510.89990234375,3517.340087890625,391100.0,3517.340087890625
2021-08-17,3512.10888671875,3531.72509765625,3438.123046875,3446.97607421875,422900.0,3446.97607421875
2021-08-18,3442.346923828125,3487.43603515625,3437.69091796875,3485.285888671875,389200.0,3485.285888671875
2021-08-19,3475.298095703125,3480.4599609375,3446.014892578125,3465.554931640625,382400.0,3465.554931640625
2021-08-20,3442.506103515625,3453.153076171875,3394.971923828125,3427.333984375,391100.0,3427.333984375
2021-08-23,3436.800048828125,3481.25,3436.669921875,3477.1298828125,384700.0,3477.1298828125
2021-08-24,3482.26611328125,3522.697021484375,3481.14111328125,3514.470947265625,430200.0,3514.470947265625
2021-08-25,3517.919921875,3540.389892578125,3510.070068359375,3540.3798828125,450000.0,3540.3798828125
2021-08-26,3537.31396484375,3537.31591796875,3499.452880859375,3501.6640625,502900.0,3501.6640625
2021-08-27,3494.41796875,3530.193115234375,3493.375,3522.156982421875,455300.0,3522.156982421875
2021-08-30,3535.072998046875,3539.493896484375,3512.992919921875,3528.15087890625,512800.0,3528.15087890625
2021-08-31,3519.02001953125,3543.93994140625,3496.389892578125,3543.93994140625,524200.0,3543.93994140625
2021-09-01,3543.8701171875,3582.320068359375,3514.669921875,3567.10009765625,667300.0,3567.10009765625
2021-09-02,3559.89990234375,3597.3701171875,3557.679931640625,3597.0400390625,572700.0,3597.0400390625
2021-09-03,3602.739990234375,3613.949951171875,3569.39990234375,3581.72998046875,614500.0,3581.72998046875
2021-09-06,3580.139892578125,3626.2900390625,3580.139892578125,3621.860107421875,521700.0,3621.860107421875
2021-09-07,3621.7099609375,3681.929931640625,3615.139892578125,3676.590087890625,547700.0,3676.590087890625
2021-09-08,3673.39990234375,3695.320068359375,3661.0,3675.18994140625,586400.0,3675.18994140625
2021-09-09,3666.820068359375,3693.449951171875,3662.159912109375,3693.1298828125,604800.0,3693.1298828125
2021-09-10,3691.18603515625,3722.873046875,3681.64208984375,3703.110107421875,635200.0,3703.110107421875
2021-09-13,3699.25,3716.830078125,3692.820068359375,3715.3701171875,557500.0,3715.3701171875
2021-09-14,3709.6298828125,3723.85009765625,3655.6298828125,3662.60009765625,565000.0,3662.60009765625
2021-09-15,3651.159912109375,3677.530029296875,3638.320068359375,3656.219970703125,475000.0,3656.219970703125
2021-09-16,3664.840087890625,3677.919921875,3606.72998046875,3607.090087890625,546700.0,3607.090087890625
2021-09-17,3595.27001953125,3620.9599609375,3569.27001953125,3613.969970703125,516900.0,3613.969970703125
2021-09-22,3563.2099609375,3629.449951171875,3560.5,3628.489990234375,472300.0,3628.489990234375
2021-09-23,3651.27001953125,3670.949951171875,3632.280029296875,3642.219970703125,535000.0,3642.219970703125
2021-09-24,3637.8701171875,3651.429931640625,3607.7900390625,3613.070068359375,507300.0,3613.070068359375
2021-09-27,3625.9599609375,3640.81005859375,3559.919921875,3582.830078125,510800.0,3582.830078125
2021-09-28,3577.889892578125,3610.919921875,3568.820068359375,3602.219970703125,444200.0,3602.219970703125
2021-09-29,3573.52001953125,3573.52001953125,3518.050048828125,3536.2900390625,452500.0,3536.2900390625
2021-09-30,3541.929931640625,3572.429931640625,3541.929931640625,3568.169921875,395600.0,3568.169921875
2021-10-08,3609.090087890625,3612.550048828125,3571.72998046875,3592.169921875,407200.0,3592.169921875
2021-10-11,3600.360107421875,3614.699951171875,3586.75,3591.7099609375,394400.0,3591.7099609375
2021-10-12,3581.300048828125,3583.639892578125,3515.139892578125,3546.93994140625,405400.0,3546.93994140625
2021-10-13,3543.489990234375,3569.1298828125,3515.64990234375,3561.760009765625,325100.0,3561.760009765625
2021-10-14,3555.110107421875,3569.68994140625,3547.179931640625,3558.280029296875,295000.0,3558.280029296875
2021-10-15,3551.989990234375,3578.77001953125,3542.68994140625,3572.3701171875,320300.0,3572.3701171875
2021-10-18,3571.050048828125,3571.050048828125,3539.47998046875,3568.139892578125,341000.0,3568.139892578125
2021-10-19,3562.300048828125,3596.7900390625,3560.6201171875,3593.14990234375,334200.0,3593.14990234375
2021-10-20,3583.239990234375,3596.050048828125,3574.300048828125,3587.0,344200.0,3587.0
2021-10-21,3590.050048828125,3610.9599609375,3576.35009765625,3594.780029296875,352300.0,3594.780029296875
2021-10-22,3594.75,3607.580078125,3578.760009765625,3582.60009765625,353200.0,3582.60009765625
2021-10-25,3574.260009765625,3611.090087890625,3564.2099609375,3609.860107421875,321200.0,3609.860107421875
2021-10-26,3612.830078125,3625.02001953125,3589.7099609375,3597.639892578125,337300.0,3597.639892578125
2021-10-27,3589.860107421875,3589.860107421875,3553.1298828125,3562.31005859375,350600.0,3562.31005859375
2021-10-28,3548.699951171875,3552.0400390625,3509.489990234375,3518.419921875,378200.0,3518.419921875
2021-10-29,3519.330078125,3547.340087890625,3502.800048828125,3547.340087890625,358800.0,3547.340087890625
2021-11-01,3530.39990234375,3556.590087890625,3519.2900390625,3544.47998046875,382300.0,3544.47998046875
2021-11-02,3543.3798828125,3559.050048828125,3477.659912109375,3505.6298828125,417600.0,3505.6298828125
2021-11-03,3501.110107421875,3512.610107421875,3480.489990234375,3498.5400390625,306600.0,3498.5400390625
2021-11-04,3505.889892578125,3527.949951171875,3503.010009765625,3526.8701171875,319400.0,3526.8701171875
2021-11-05,3520.2099609375,3525.8701171875,3491.4599609375,3491.570068359375,354500.0,3491.570068359375
2021-11-08,3491.969970703125,3507.27001953125,3484.239990234375,3498.6298828125,298200.0,3498.6298828125
2021-11-09,3507.110107421875,3514.949951171875,3489.0400390625,3507.0,287300.0,3507.0
2021-11-10,3498.93994140625,3498.93994140625,3448.43994140625,3492.4599609375,307000.0,3492.4599609375
2021-11-11,3486.449951171875,3534.199951171875,3482.830078125,3532.7900390625,322100.0,3532.7900390625
2021-11-12,3534.14990234375,3543.64990234375,3527.389892578125,3539.10009765625,308700.0,3539.10009765625
2021-11-15,3542.89990234375,3550.43994140625,3521.2900390625,3533.300048828125,313000.0,3533.300048828125
2021-11-16,3530.4599609375,3549.77001953125,3517.81005859375,3521.7900390625,310400.0,3521.7900390625
2021-11-17,3518.56005859375,3537.510009765625,3513.52001953125,3537.3701171875,276700.0,3537.3701171875
2021-11-18,3531.489990234375,3537.97998046875,3513.110107421875,3520.7099609375,312400.0,3520.7099609375
2021-11-19,3519.280029296875,3561.909912109375,3517.64990234375,3560.3701171875,318000.0,3560.3701171875
2021-11-22,3562.762939453125,3585.18798828125,3562.7509765625,3582.080078125,330000.0,3582.080078125
2021-11-23,3580.506103515625,3598.375,3577.361083984375,3589.089111328125,360000.0,3589.089111328125
2021-11-24,3590.01904296875,3602.735107421875,3575.2880859375,3592.702880859375,336800.0,3592.702880859375
2021-11-25,3593.389892578125,3597.14990234375,3579.530029296875,3584.179931640625,306500.0,3584.179931640625
2021-11-26,3576.110107421875,3576.110107421875,3554.8798828125,3564.090087890625,301000.0,3564.090087890625
2021-11-29,3528.669921875,3563.679931640625,3526.360107421875,3562.699951171875,333600.0,3562.699951171875
2021-11-30,3570.75,3582.1201171875,3546.360107421875,3563.889892578125,349200.0,3563.889892578125
2021-12-01,3561.889892578125,3576.889892578125,3558.68994140625,3576.889892578125,329900.0,3576.889892578125
2021-12-02,3573.25,3586.8701171875,3567.139892578125,3573.840087890625,354000.0,3573.840087890625
2021-12-03,3576.449951171875,3608.469970703125,3573.2099609375,3607.429931640625,377600.0,3607.429931640625
2021-12-06,3615.239990234375,3626.1298828125,3586.81005859375,3589.31005859375,418700.0,3589.31005859375
2021-12-07,3611.219970703125,3614.219970703125,3572.570068359375,3595.090087890625,403800.0,3595.090087890625
2021-12-08,3602.820068359375,3637.719970703125,3591.989990234375,3637.570068359375,361000.0,3637.570068359375
2021-12-09,3641.159912109375,3688.39990234375,3638.699951171875,3673.0400390625,431900.0,3673.0400390625
2021-12-10,3654.3701171875,3667.85009765625,3651.35009765625,3666.35009765625,420000.0,3666.35009765625
2021-12-13,3686.93994140625,3708.93994140625,3678.06005859375,3681.080078125,424100.0,3681.080078125
2021-12-14,3669.81005859375,3671.679931640625,3654.659912109375,3661.530029296875,362200.0,3661.530029296875
2021-12-15,3655.050048828125,3668.39990234375,3645.239990234375,3647.6298828125,377500.0,3647.6298828125
2021-12-16,3648.929931640625,3675.02001953125,3644.659912109375,3675.02001953125,381300.0,3675.02001953125
2021-12-17,3670.260009765625,3673.64990234375,3631.659912109375,3632.360107421875,408500.0,3632.360107421875
2021-12-20,3620.0400390625,3643.949951171875,3589.360107421875,3593.60009765625,423900.0,3593.60009765625
2021-12-21,3591.449951171875,3627.090087890625,3591.449951171875,3625.1298828125,408200.0,3625.1298828125
2021-12-22,3632.679931640625,3635.89990234375,3616.550048828125,3622.6201171875,394800.0,3622.6201171875
2021-12-23,3625.469970703125,3643.550048828125,3618.050048828125,3643.340087890625,382900.0,3643.340087890625
2021-12-24,3645.39501953125,3648.9560546875,3612.06689453125,3618.053955078125,390300.0,3618.053955078125
2021-12-27,3613.050048828125,3632.18994140625,3601.93994140625,3615.969970703125,329200.0,3615.969970703125
2021-12-28,3619.64208984375,3631.076904296875,3607.364013671875,3630.112060546875,316200.0,3630.112060546875
2021-12-29,3630.919921875,3630.919921875,3596.320068359375,3597.0,305100.0,3597.0
2021-12-30,3596.489990234375,3628.919921875,3595.5,3619.18994140625,307800.0,3619.18994140625
2021-12-31,3626.239990234375,3642.840087890625,3624.93994140625,3639.780029296875,329700.0,3639.780029296875
2022-01-04,3649.14990234375,3651.889892578125,3610.090087890625,3632.330078125,405000.0,3632.330078125
2022-01-05,3628.260009765625,3628.260009765625,3583.469970703125,3595.179931640625,423900.0,3595.179931640625
2022-01-06,3581.219970703125,3594.489990234375,3559.8798828125,3586.080078125,371500.0,3586.080078125
2022-01-07,3588.989990234375,3607.22998046875,3577.10009765625,3579.5400390625,436300.0,3579.5400390625
2022-01-10,3572.739990234375,3593.52001953125,3555.1298828125,3593.52001953125,356200.0,3593.52001953125
2022-01-11,3589.89990234375,3602.14990234375,3562.75,3567.43994140625,359800.0,3567.43994140625
2022-01-12,3578.159912109375,3599.5,3572.10009765625,3597.429931640625,343100.0,3597.429931640625
2022-01-13,3601.030029296875,3601.070068359375,3555.159912109375,3555.260009765625,369400.0,3555.260009765625
2022-01-14,3544.070068359375,3548.419921875,3519.320068359375,3521.260009765625,376900.0,3521.260009765625
2022-01-17,3522.090087890625,3546.090087890625,3519.429931640625,3541.669921875,312900.0,3541.669921875
2022-01-18,3541.889892578125,3579.31005859375,3531.330078125,3569.909912109375,377100.0,3569.909912109375
2022-01-19,3567.6298828125,3578.72998046875,3541.659912109375,3558.179931640625,333200.0,3558.179931640625
2022-01-20,3556.22998046875,3576.260009765625,3540.550048828125,3555.06005859375,379500.0,3555.06005859375
2022-01-21,3546.75,3547.0,3514.889892578125,3522.570068359375,326500.0,3522.570068359375
2022-01-24,3508.239990234375,3531.610107421875,3500.139892578125,3524.110107421875,280300.0,3524.110107421875
2022-01-25,3509.280029296875,3519.830078125,3433.06005859375,3433.06005859375,327400.0,3433.06005859375
2022-01-26,3442.68994140625,3462.1201171875,3417.760009765625,3455.669921875,275100.0,3455.669921875
2022-01-27,3456.10009765625,3456.360107421875,3392.02001953125,3394.25,280600.0,3394.25
2022-01-28,3407.590087890625,3417.050048828125,3356.56005859375,3361.43994140625,290900.0,3361.43994140625
2022-02-07,3407.760009765625,3434.030029296875,3407.760009765625,3429.580078125,320500.0,3429.580078125
2022-02-08,3428.5400390625,3453.18994140625,3390.4599609375,3452.6298828125,366100.0,3452.6298828125
2022-02-09,3450.820068359375,3484.739990234375,3444.080078125,3479.949951171875,350200.0,3479.949951171875
2022-02-10,3481.909912109375,3488.860107421875,3464.219970703125,3485.909912109375,355700.0,3485.909912109375
2022-02-11,3472.280029296875,3500.14990234375,3459.330078125,3462.949951171875,361400.0,3462.949951171875
2022-02-14,3451.85009765625,3457.260009765625,3415.449951171875,3428.8798828125,315300.0,3428.8798828125
2022-02-15,3428.0400390625,3447.489990234375,3421.639892578125,3446.090087890625,275600.0,3446.090087890625
2022-02-16,3457.070068359375,3475.06005859375,3453.800048828125,3465.830078125,275000.0,3465.830078125
2022-02-17,3464.2099609375,3480.969970703125,3454.280029296875,3468.0400390625,297300.0,3468.0400390625
2022-02-18,3451.6298828125,3490.760009765625,3447.030029296875,3490.760009765625,295100.0,3490.760009765625
2022-02-21,3488.409912109375,3492.199951171875,3471.68994140625,3490.610107421875,301500.0,3490.610107421875
2022-02-22,3473.2900390625,3473.389892578125,3437.669921875,3457.14990234375,326300.0,3457.14990234375
2022-02-23,3458.510009765625,3490.760009765625,3458.179931640625,3489.14990234375,325600.0,3489.14990234375
2022-02-24,3474.3701171875,3486.97998046875,3400.2099609375,3429.9599609375,488400.0,3429.9599609375
2022-02-25,3445.340087890625,3480.179931640625,3440.929931640625,3451.409912109375,377500.0,3451.409912109375
2022-02-28,3450.320068359375,3462.31005859375,3425.52001953125,3462.31005859375,345800.0,3462.31005859375
2022-03-01,3471.360107421875,3491.1298828125,3465.719970703125,3488.830078125,326000.0,3488.830078125
2022-03-02,3478.2900390625,3486.6201171875,3467.0,3484.18994140625,329400.0,3484.18994140625
2022-03-03,3495.929931640625,3500.2900390625,3473.340087890625,3481.110107421875,412600.0,3481.110107421875
2022-03-04,3459.97998046875,3474.8798828125,3437.699951171875,3447.64990234375,393500.0,3447.64990234375
2022-03-07,3438.56005859375,3438.56005859375,3360.739990234375,3372.860107421875,393600.0,3372.860107421875
2022-03-08,3372.550048828125,3383.6298828125,3287.340087890625,3293.530029296875,415900.0,3293.530029296875
2022-03-09,3303.7099609375,3321.47998046875,3147.679931640625,3256.389892578125,466300.0,3256.389892578125
2022-03-10,3312.179931640625,3326.580078125,3291.239990234375,3296.090087890625,378300.0,3296.090087890625
2022-03-11,3259.320068359375,3315.659912109375,3217.419921875,3309.75,384100.0,3309.75
2022-03-14,3271.889892578125,3297.800048828125,3223.530029296875,3223.530029296875,338000.0,3223.530029296875
2022-03-15,3192.360107421875,3196.919921875,3063.969970703125,3063.969970703125,465000.0,3063.969970703125
2022-03-16,3107.669921875,3177.7900390625,3023.300048828125,3170.7099609375,444700.0,3170.7099609375
2022-03-17,3215.010009765625,3260.169921875,3202.929931640625,3215.0400390625,420800.0,3215.0400390625
2022-03-18,3207.14990234375,3260.780029296875,3197.360107421875,3251.070068359375,373000.0,3251.070068359375
2022-03-21,3255.6201171875,3267.5,3223.389892578125,3253.68994140625,354200.0,3253.68994140625
2022-03-22,3249.5400390625,3279.110107421875,3239.530029296875,3259.860107421875,361200.0,3259.860107421875
2022-03-23,3264.7900390625,3279.889892578125,3251.97998046875,3271.030029296875,349900.0,3271.030029296875
2022-03-24,3256.06005859375,3266.889892578125,3236.659912109375,3250.260009765625,329000.0,3250.260009765625
2022-03-25,3247.159912109375,3257.110107421875,3211.639892578125,3212.239990234375,340000.0,3212.239990234375
2022-03-28,3185.169921875,3230.219970703125,3159.830078125,3214.5,345000.0,3214.5
2022-03-29,3216.010009765625,3229.179931640625,3196.4599609375,3203.93994140625,316300.0,3203.93994140625
2022-03-30,3217.590087890625,3266.60009765625,3216.300048828125,3266.60009765625,366800.0,3266.60009765625
2022-03-31,3256.139892578125,3272.0400390625,3246.06005859375,3252.199951171875,398400.0,3252.199951171875
2022-04-01,3234.669921875,3287.22998046875,3226.300048828125,3282.719970703125,378200.0,3282.719970703125
2022-04-06,3269.429931640625,3288.110107421875,3255.68994140625,3283.429931640625,429600.0,3283.429931640625
2022-04-07,3267.81005859375,3290.260009765625,3236.47998046875,3236.699951171875,402600.0,3236.699951171875
2022-04-08,3239.8798828125,3257.090087890625,3208.35009765625,3251.85009765625,413800.0,3251.85009765625
2022-04-11,3239.860107421875,3239.860107421875,3156.510009765625,3167.1298828125,424200.0,3167.1298828125
2022-04-12,3165.1201171875,3214.5400390625,3140.89990234375,3213.330078125,418300.0,3213.330078125
2022-04-13,3199.800048828125,3225.469970703125,3183.530029296875,3186.820068359375,391200.0,3186.820068359375
2022-04-14,3203.6298828125,3240.0,3200.22998046875,3225.639892578125,371200.0,3225.639892578125
2022-04-15,3210.699951171875,3229.865966796875,3200.133056640625,3211.2451171875,407800.0,3211.2451171875
2022-04-18,3185.93994140625,3204.030029296875,3166.97998046875,3195.52001953125,347400.0,3195.52001953125
2022-04-19,3192.090087890625,3207.830078125,3174.7099609375,3194.030029296875,339900.0,3194.030029296875
2022-04-20,3189.889892578125,3191.830078125,3142.050048828125,3151.050048828125,362000.0,3151.050048828125
2022-04-21,3138.429931640625,3160.89990234375,3069.679931640625,3079.81005859375,391900.0,3079.81005859375
2022-04-22,3058.39990234375,3105.659912109375,3049.360107421875,3086.919921875,342000.0,3086.919921875
2022-04-25,3034.27001953125,3043.820068359375,2928.510009765625,2928.510009765625,433600.0,2928.510009765625
2022-04-26,2930.449951171875,2957.679931640625,2878.260009765625,2886.429931640625,401600.0,2886.429931640625
2022-04-27,2866.820068359375,2959.179931640625,2863.64990234375,2958.280029296875,423100.0,2958.280029296875
2022-04-28,2945.81005859375,2991.510009765625,2936.7900390625,2975.47998046875,100.0,2975.47998046875
2022-04-29,2986.06005859375,3048.489990234375,2968.330078125,3047.06005859375,423900.0,3047.06005859375
2022-05-05,3044.85009765625,3082.22998046875,3042.1201171875,3067.760009765625,383100.0,3067.760009765625
2022-05-06,3011.320068359375,3030.68994140625,2992.719970703125,3001.56005859375,343300.0,3001.56005859375
2022-05-09,2990.199951171875,3015.93994140625,2983.610107421875,3004.139892578125,292100.0,3004.139892578125
2022-05-10,2965.780029296875,3043.780029296875,2957.39990234375,3035.840087890625,370700.0,3035.840087890625
2022-05-11,3035.389892578125,3100.89990234375,3034.669921875,3058.699951171875,424000.0,3058.699951171875
2022-05-12,3044.800048828125,3072.159912109375,3032.949951171875,3054.989990234375,344400.0,3054.989990234375
2022-05-13,3068.030029296875,3086.10009765625,3059.25,3084.280029296875,331700.0,3084.280029296875
2022-05-16,3100.550048828125,3102.580078125,3063.39990234375,3073.75,338100.0,3073.75
2022-05-17,3076.5,3093.699951171875,3057.639892578125,3093.699951171875,330400.0,3093.699951171875
2022-05-18,3095.889892578125,3105.840087890625,3071.31005859375,3085.97998046875,315000.0,3085.97998046875
2022-05-19,3046.7099609375,3096.9599609375,3042.669921875,3096.9599609375,336600.0,3096.9599609375
2022-05-20,3107.090087890625,3146.570068359375,3107.090087890625,3146.570068359375,372300.0,3146.570068359375
2022-05-23,3150.489990234375,3150.510009765625,3127.89990234375,3146.860107421875,353400.0,3146.860107421875
2022-05-24,3149.06005859375,3153.1298828125,3070.929931640625,3070.929931640625,416300.0,3070.929931640625
2022-05-25,3070.169921875,3107.6298828125,3069.949951171875,3107.4599609375,342300.0,3107.4599609375
2022-05-26,3111.47998046875,3133.280029296875,3079.47998046875,3123.110107421875,370300.0,3123.110107421875
2022-05-27,3135.030029296875,3151.050048828125,3112.5400390625,3130.239990234375,359500.0,3130.239990234375
2022-05-30,3141.9599609375,3150.889892578125,3123.14990234375,3149.06005859375,349400.0,3149.06005859375
2022-05-31,3149.93994140625,3188.60009765625,3142.0,3186.429931640625,374500.0,3186.429931640625
2022-06-01,3179.68994140625,3190.610107421875,3160.0400390625,3182.159912109375,365700.0,3182.159912109375
2022-06-02,3170.31005859375,3197.280029296875,3163.760009765625,3195.4599609375,361800.0,3195.4599609375
2022-06-06,3196.9599609375,3237.070068359375,3181.64990234375,3236.3701171875,422000.0,3236.3701171875
2022-06-07,3235.419921875,3253.090087890625,3222.639892578125,3241.760009765625,402200.0,3241.760009765625
2022-06-08,3245.02001953125,3266.6298828125,3216.010009765625,3263.7900390625,434200.0,3263.7900390625
2022-06-09,3259.489990234375,3270.56005859375,3223.47998046875,3238.949951171875,422700.0,3238.949951171875
2022-06-10,3214.179931640625,3286.6201171875,3210.81005859375,3284.830078125,439900.0,3284.830078125
2022-06-13,3256.280029296875,3272.989990234375,3229.31005859375,3255.550048828125,438600.0,3255.550048828125
2022-06-14,3224.2099609375,3289.1298828125,3195.820068359375,3288.909912109375,450400.0,3288.909912109375
2022-06-15,3289.10009765625,3358.550048828125,3288.85009765625,3305.409912109375,550600.0,3305.409912109375
2022-06-16,3306.840087890625,3319.68994140625,3277.530029296875,3285.3798828125,433200.0,3285.3798828125
2022-06-17,3265.510009765625,3323.280029296875,3262.889892578125,3316.7900390625,395300.0,3316.7900390625
2022-06-20,3315.780029296875,3333.89990234375,3292.929931640625,3315.429931640625,413500.0,3315.429931640625
2022-06-21,3313.7900390625,3329.389892578125,3279.830078125,3306.719970703125,394500.0,3306.719970703125
2022-06-22,3309.1201171875,3311.02001953125,3266.5400390625,3267.199951171875,375500.0,3267.199951171875
2022-06-23,3269.050048828125,3320.14990234375,3262.2900390625,3320.14990234375,400600.0,3320.14990234375
2022-06-24,3324.739990234375,3356.7099609375,3322.949951171875,3349.75,390800.0,3349.75
2022-06-27,3364.0,3393.31005859375,3364.0,3379.18994140625,414100.0,3379.18994140625
2022-06-28,3377.679931640625,3412.10009765625,3358.8701171875,3409.2099609375,412100.0,3409.2099609375
2022-06-29,3399.679931640625,3414.64990234375,3358.469970703125,3361.52001953125,440600.0,3361.52001953125
2022-06-30,3358.929931640625,3417.010009765625,3358.929931640625,3398.6201171875,381200.0,3398.6201171875
2022-07-01,3400.260009765625,3404.050048828125,3378.360107421875,3387.639892578125,350500.0,3387.639892578125
2022-07-04,3381.820068359375,3405.6201171875,3364.090087890625,3405.429931640625,357700.0,3405.429931640625
2022-07-05,3411.1298828125,3424.840087890625,3372.06005859375,3404.030029296875,411700.0,3404.030029296875
2022-07-06,3391.030029296875,3391.030029296875,3333.10009765625,3355.35009765625,384600.0,3355.35009765625
2022-07-07,3353.1298828125,3375.860107421875,3332.31005859375,3364.39990234375,334400.0,3364.39990234375
2022-07-08,3380.3701171875,3386.31005859375,3354.1201171875,3356.080078125,322900.0,3356.080078125
2022-07-11,3341.10009765625,3341.10009765625,3297.010009765625,3313.580078125,342700.0,3313.580078125
2022-07-12,3307.219970703125,3319.25,3277.080078125,3281.469970703125,334600.0,3281.469970703125
2022-07-13,3279.60009765625,3297.02001953125,3266.47998046875,3284.2900390625,331800.0,3284.2900390625
2022-07-14,3277.449951171875,3299.25,3261.489990234375,3281.739990234375,355900.0,3281.739990234375
2022-07-15,3261.3798828125,3288.919921875,3228.06005859375,3228.06005859375,380200.0,3228.06005859375
2022-07-18,3235.090087890625,3278.469970703125,3226.22998046875,3278.10009765625,348300.0,3278.10009765625
2022-07-19,3278.719970703125,3283.929931640625,3256.02001953125,3279.429931640625,315700.0,3279.429931640625
2022-07-20,3291.550048828125,3308.35009765625,3287.739990234375,3304.719970703125,301500.0,3304.719970703125
2022-07-21,3297.659912109375,3300.530029296875,3272.0,3272.0,332400.0,3272.0
2022-07-22,3276.199951171875,3293.639892578125,3246.72998046875,3269.969970703125,300700.0,3269.969970703125
2022-07-25,3269.7099609375,3273.179931640625,3243.030029296875,3250.389892578125,271200.0,3250.389892578125
2022-07-26,3254.18994140625,3282.409912109375,3246.0400390625,3277.43994140625,259500.0,3277.43994140625
2022-07-27,3271.780029296875,3282.570068359375,3265.72998046875,3275.760009765625,249100.0,3275.760009765625
2022-07-28,3287.5,3305.7099609375,3277.110107421875,3282.580078125,288100.0,3282.580078125
2022-07-29,3282.81005859375,3294.800048828125,3246.3701171875,3253.239990234375,307300.0,3253.239990234375
2022-08-01,3246.6201171875,3264.300048828125,3225.550048828125,3259.9599609375,292200.0,3259.9599609375
2022-08-02,3231.260009765625,3231.260009765625,3155.18994140625,3186.27001953125,394200.0,3186.27001953125
2022-08-03,3188.889892578125,3217.550048828125,3159.4599609375,3163.669921875,324900.0,3163.669921875
2022-08-04,3179.429931640625,3191.0,3155.699951171875,3189.0400390625,260900.0,3189.0400390625
2022-08-05,3195.22998046875,3228.889892578125,3184.449951171875,3227.030029296875,274700.0,3227.030029296875
2022-08-08,3218.85009765625,3237.969970703125,3214.080078125,3236.929931640625,254300.0,3236.929931640625
2022-08-09,3235.739990234375,3248.77001953125,3227.5400390625,3247.429931640625,259600.0,3247.429931640625
2022-08-10,3242.360107421875,3253.169921875,3217.81005859375,3230.02001953125,257600.0,3230.02001953125
2022-08-11,3243.469970703125,3281.669921875,3237.89990234375,3281.669921875,300600.0,3281.669921875
2022-08-12,3275.77001953125,3288.219970703125,3272.840087890625,3276.889892578125,299900.0,3276.889892578125
2022-08-15,3268.3701171875,3286.889892578125,3261.820068359375,3276.090087890625,287100.0,3276.090087890625
2022-08-16,3278.679931640625,3295.02001953125,3271.570068359375,3277.8798828125,303600.0,3277.8798828125
2022-08-17,3282.10009765625,3296.0,3263.35009765625,3292.530029296875,326100.0,3292.530029296875
2022-08-18,3286.3701171875,3289.139892578125,3270.56005859375,3277.5400390625,301700.0,3277.5400390625
2022-08-19,3275.6201171875,3286.489990234375,3258.06005859375,3258.080078125,333500.0,3258.080078125
2022-08-22,3249.699951171875,3278.169921875,3247.18994140625,3277.7900390625,314500.0,3277.7900390625
2022-08-23,3274.429931640625,3284.60009765625,3262.6298828125,3276.219970703125,316600.0,3276.219970703125
2022-08-24,3279.169921875,3281.8798828125,3212.389892578125,3215.199951171875,366100.0,3215.199951171875
2022-08-25,3223.4599609375,3248.35009765625,3199.1201171875,3246.25,336200.0,3246.25
2022-08-26,3250.6298828125,3266.27001953125,3232.280029296875,3236.219970703125,309900.0,3236.219970703125
2022-08-29,3203.10009765625,3240.72998046875,3199.0,3240.72998046875,297000.0,3240.72998046875
2022-08-30,3240.179931640625,3243.75,3212.6298828125,3227.219970703125,294300.0,3227.219970703125
2022-08-31,3216.530029296875,3232.02001953125,3184.389892578125,3202.139892578125,344400.0,3202.139892578125
2022-09-01,3196.5400390625,3214.56005859375,3181.6298828125,3184.97998046875,274700.0,3184.97998046875
2022-09-02,3189.639892578125,3198.280029296875,3173.7900390625,3186.47998046875,250500.0,3186.47998046875
2022-09-05,3183.946044921875,3199.912109375,3172.0390625,3199.912109375,280700.0,3199.912109375
2022-09-06,3207.929931640625,3244.639892578125,3203.820068359375,3243.449951171875,318900.0,3243.449951171875
2022-09-07,3232.139892578125,3253.77001953125,3227.820068359375,3246.2900390625,301000.0,3246.2900390625
2022-09-08,3245.56005859375,3253.699951171875,3233.800048828125,3235.590087890625,281700.0,3235.590087890625
2022-09-09,3241.179931640625,3266.199951171875,3236.510009765625,3262.050048828125,283800.0,3262.050048828125
2022-09-13,3272.050048828125,3278.169921875,3259.659912109375,3263.800048828125,276200.0,3263.800048828125
2022-09-14,3224.679931640625,3250.800048828125,3221.9599609375,3237.5400390625,255200.0,3237.5400390625
2022-09-15,3248.969970703125,3254.179931640625,3174.389892578125,3199.919921875,325200.0,3199.919921875
2022-09-16,3189.830078125,3191.830078125,3126.39990234375,3126.39990234375,316500.0,3126.39990234375
2022-09-19,3122.75,3135.56005859375,3101.219970703125,3115.60009765625,249100.0,3115.60009765625
2022-09-20,3127.840087890625,3140.030029296875,3114.0400390625,3122.409912109375,219900.0,3122.409912109375
2022-09-21,3116.010009765625,3129.820068359375,3091.300048828125,3117.179931640625,233000.0,3117.179931640625
2022-09-22,3098.77001953125,3125.679931640625,3092.820068359375,3108.909912109375,221100.0,3108.909912109375
2022-09-23,3106.81005859375,3124.659912109375,3072.239990234375,3088.3701171875,243100.0,3088.3701171875
2022-09-26,3067.570068359375,3102.64990234375,3048.510009765625,3051.22998046875,262700.0,3051.22998046875
2022-09-27,3056.389892578125,3094.0400390625,3048.3701171875,3093.860107421875,232700.0,3093.860107421875
2022-09-28,3089.10009765625,3089.10009765625,3044.860107421875,3045.070068359375,230100.0,3045.070068359375
2022-09-29,3067.469970703125,3076.760009765625,3026.080078125,3041.199951171875,230000.0,3041.199951171875
2022-09-30,3042.169921875,3054.610107421875,3021.929931640625,3024.389892578125,204100.0,3024.389892578125
2022-10-10,3026.93994140625,3029.449951171875,2968.280029296875,2974.14990234375,243400.0,2974.14990234375
2022-10-11,2978.06005859375,2986.909912109375,2953.5,2979.7900390625,208600.0,2979.7900390625
2022-10-12,2976.719970703125,3025.510009765625,2934.090087890625,3025.510009765625,248000.0,3025.510009765625
2022-10-13,3008.300048828125,3036.25,3004.5,3016.360107421875,249700.0,3016.360107421875
2022-10-14,3035.030029296875,3084.27001953125,3035.030029296875,3071.989990234375,277300.0,3071.989990234375
2022-10-17,3060.52001953125,3087.18994140625,3052.7099609375,3084.93994140625,262600.0,3084.93994140625
2022-10-18,3094.929931640625,3099.919921875,3074.219970703125,3080.9599609375,245600.0,3080.9599609375
2022-10-19,3073.260009765625,3081.389892578125,3044.3798828125,3044.3798828125,230900.0,3044.3798828125
2022-10-20,3029.300048828125,3070.260009765625,3013.68994140625,3035.050048828125,244700.0,3035.050048828125
2022-10-21,3038.0400390625,3055.419921875,3026.9599609375,3038.929931640625,245300.0,3038.929931640625
2022-10-24,3034.75,3064.419921875,2965.169921875,2977.56005859375,298100.0,2977.56005859375
2022-10-25,2969.159912109375,3001.719970703125,2944.260009765625,2976.280029296875,255600.0,2976.280029296875
2022-10-26,2977.56005859375,3028.35009765625,2977.56005859375,2999.5,268700.0,2999.5
2022-10-27,3005.0400390625,3017.260009765625,2981.68994140625,2982.89990234375,265600.0,2982.89990234375
2022-10-28,2967.02001953125,2974.239990234375,2908.97998046875,2915.929931640625,292500.0,2915.929931640625
2022-10-31,2893.199951171875,2926.02001953125,2885.090087890625,2893.47998046875,302000.0,2893.47998046875
2022-11-01,2899.5,2969.199951171875,2896.760009765625,2969.199951171875,319800.0,2969.199951171875
2022-11-02,2960.64990234375,3019.050048828125,2954.949951171875,3003.3701171875,325100.0,3003.3701171875
2022-11-03,2981.199951171875,3003.719970703125,2977.719970703125,2997.81005859375,259300.0,2997.81005859375
2022-11-04,2997.0,3081.590087890625,2997.0,3070.800048828125,329800.0,3070.800048828125
2022-11-07,3062.860107421875,3088.18994140625,3054.4599609375,3077.820068359375,320600.0,3077.820068359375
2022-11-08,3077.31005859375,3078.280029296875,3047.4599609375,3064.489990234375,256500.0,3064.489990234375
2022-11-09,3064.4599609375,3073.919921875,3046.18994140625,3048.169921875,235600.0,3048.169921875
2022-11-10,3031.68994140625,3047.97998046875,3022.85009765625,3036.1298828125,270400.0,3036.1298828125
2022-11-11,3099.64990234375,3117.739990234375,3070.300048828125,3087.2900390625,409600.0,3087.2900390625
2022-11-14,3100.8701171875,3121.409912109375,3075.219970703125,3083.39990234375,361800.0,3083.39990234375
2022-11-15,3081.1298828125,3135.590087890625,3074.5,3134.080078125,331500.0,3134.080078125
2022-11-16,3133.64990234375,3145.75,3115.35009765625,3119.97998046875,303400.0,3119.97998046875
2022-11-17,3110.9599609375,3115.43994140625,3087.169921875,3115.429931640625,287000.0,3115.429931640625
2022-11-18,3116.72998046875,3126.7099609375,3096.889892578125,3097.239990234375,300000.0,3097.239990234375
2022-11-21,3078.056884765625,3085.242919921875,3056.169921875,3085.0439453125,256000.0,3085.0439453125
2022-11-22,3084.23291015625,3118.1201171875,3076.321044921875,3088.943115234375,327600.0,3088.943115234375
2022-11-23,3084.739990234375,3108.243896484375,3075.323974609375,3096.906982421875,326200.0,3096.906982421875
2022-11-24,3104.095947265625,3113.239013671875,3084.85498046875,3089.31005859375,267500.0,3089.31005859375
2022-11-25,3085.4599609375,3111.419921875,3077.969970703125,3101.68994140625,311400.0,3101.68994140625
2022-11-28,3055.2900390625,3080.179931640625,3034.699951171875,3078.550048828125,305800.0,3078.550048828125
2022-11-29,3096.110107421875,3152.0,3096.110107421875,3149.75,391400.0,3149.75
2022-11-30,3141.39990234375,3158.570068359375,3137.3701171875,3151.340087890625,372700.0,3151.340087890625
2022-12-01,3187.989990234375,3198.409912109375,3164.530029296875,3165.469970703125,387000.0,3165.469970703125
2022-12-02,3160.580078125,3170.89990234375,3149.840087890625,3156.139892578125,307800.0,3156.139892578125
2022-12-05,3181.919921875,3213.43994140625,3177.06005859375,3211.81005859375,447400.0,3211.81005859375
2022-12-06,3200.280029296875,3224.820068359375,3195.080078125,3212.530029296875,373600.0,3212.530029296875
2022-12-07,3204.93994140625,3226.080078125,3188.669921875,3199.6201171875,354100.0,3199.6201171875
2022-12-08,3196.02001953125,3206.719970703125,3187.260009765625,3197.35009765625,321000.0,3197.35009765625
2022-12-09,3197.1201171875,3212.110107421875,3182.909912109375,3206.949951171875,373300.0,3206.949951171875
2022-12-12,3195.8701171875,3196.719970703125,3176.580078125,3179.0400390625,333400.0,3179.0400390625
2022-12-13,3179.43994140625,3187.199951171875,3171.47998046875,3176.330078125,285800.0,3176.330078125
2022-12-14,3178.550048828125,3189.840087890625,3168.590087890625,3176.530029296875,265600.0,3176.530029296875
2022-12-15,3177.199951171875,3179.10009765625,3158.449951171875,3168.64990234375,243000.0,3168.64990234375
2022-12-16,3156.135009765625,3175.35302734375,3151.60888671875,3167.85791015625,259800.0,3167.85791015625
2022-12-19,3165.31005859375,3170.260009765625,3096.10009765625,3107.1201171875,278500.0,3107.1201171875
2022-12-20,3098.949951171875,3100.75,3061.510009765625,3073.77001953125,218800.0,3073.77001953125
2022-12-21,3078.330078125,3085.800048828125,3060.550048828125,3068.409912109375,189100.0,3068.409912109375
2022-12-22,3085.800048828125,3096.239990234375,3044.60009765625,3054.429931640625,223600.0,3054.429931640625
2022-12-23,3038.842041015625,3061.866943359375,3031.535888671875,3045.865966796875,192000.0,3045.865966796875
2022-12-26,3048.196044921875,3071.8359375,3047.34912109375,3065.56298828125,206500.0,3065.56298828125
2022-12-27,3077.75,3098.080078125,3074.31005859375,3095.570068359375,222200.0,3095.570068359375
2022-12-28,3088.6201171875,3098.64990234375,3079.429931640625,3087.39990234375,224600.0,3087.39990234375
2022-12-29,3076.72998046875,3086.0,3064.4599609375,3073.699951171875,215600.0,3073.699951171875
2022-12-30,3084.52001953125,3096.31005859375,3082.199951171875,3089.260009765625,217500.0,3089.260009765625
2023-01-03,3087.510009765625,3119.860107421875,3073.050048828125,3116.510009765625,281400.0,3116.510009765625
2023-01-04,3117.570068359375,3129.090087890625,3109.449951171875,3123.52001953125,273300.0,3123.52001953125
2023-01-05,3132.760009765625,3159.429931640625,3130.22998046875,3155.219970703125,257000.0,3155.219970703125
2023-01-06,3155.070068359375,3170.739990234375,3151.840087890625,3157.639892578125,257400.0,3157.639892578125
2023-01-09,3169.3701171875,3183.580078125,3165.429931640625,3176.080078125,258100.0,3176.080078125
2023-01-10,3178.02001953125,3178.159912109375,3165.139892578125,3169.510009765625,233000.0,3169.510009765625
2023-01-11,3172.3798828125,3184.760009765625,3160.889892578125,3161.840087890625,237700.0,3161.840087890625
2023-01-12,3167.27001953125,3171.590087890625,3153.39990234375,3163.449951171875,216700.0,3163.449951171875
2023-01-13,3170.35009765625,3195.31005859375,3167.510009765625,3195.31005859375,220200.0,3195.31005859375
2023-01-16,3198.51904296875,3251.3740234375,3197.319091796875,3227.592041015625,306700.0,3227.592041015625
2023-01-17,3229.43994140625,3231.260009765625,3211.760009765625,3224.239990234375,226600.0,3224.239990234375
2023-01-18,3227.590087890625,3234.820068359375,3220.3701171875,3224.409912109375,212100.0,3224.409912109375
2023-01-19,3221.52001953125,3240.280029296875,3210.3798828125,3240.280029296875,226500.0,3240.280029296875
2023-01-20,3247.199951171875,3267.06005859375,3247.199951171875,3264.81005859375,273200.0,3264.81005859375
2023-01-30,3308.8701171875,3310.489990234375,3266.760009765625,3269.320068359375,353300.0,3269.320068359375
2023-01-31,3266.139892578125,3277.25,3252.010009765625,3255.669921875,300200.0,3255.669921875
2023-02-01,3262.199951171875,3284.919921875,3245.409912109375,3284.919921875,339500.0,3284.919921875
2023-02-02,3291.780029296875,3295.760009765625,3272.409912109375,3285.669921875,333400.0,3285.669921875
2023-02-03,3275.659912109375,3275.659912109375,3235.35009765625,3263.409912109375,293300.0,3263.409912109375
2023-02-06,3244.699951171875,3250.35009765625,3226.2099609375,3238.699951171875,267100.0,3238.699951171875
2023-02-07,3245.22998046875,3250.030029296875,3233.830078125,3248.090087890625,250900.0,3248.090087890625
2023-02-08,3251.5,3257.110107421875,3230.43994140625,3232.110107421875,234500.0,3232.110107421875
2023-02-09,3227.72998046875,3270.3798828125,3225.77001953125,3270.3798828125,254800.0,3270.3798828125
2023-02-10,3266.43994140625,3269.989990234375,3247.22998046875,3260.669921875,260600.0,3260.669921875
2023-02-13,3256.989990234375,3285.090087890625,3252.6298828125,3284.159912109375,297200.0,3284.159912109375
2023-02-14,3288.969970703125,3293.72998046875,3279.18994140625,3293.280029296875,271000.0,3293.280029296875
2023-02-15,3294.02001953125,3296.199951171875,3274.550048828125,3280.489990234375,269900.0,3280.489990234375
2023-02-16,3281.739990234375,3308.830078125,3231.340087890625,3249.030029296875,380900.0,3249.030029296875
2023-02-17,3244.72998046875,3262.469970703125,3223.260009765625,3224.02001953125,278500.0,3224.02001953125
2023-02-20,3230.469970703125,3291.0400390625,3225.840087890625,3290.340087890625,325000.0,3290.340087890625
2023-02-21,3291.6298828125,3308.7900390625,3282.43994140625,3306.52001953125,324400.0,3306.52001953125
2023-02-22,3292.050048828125,3307.030029296875,3286.719970703125,3291.14990234375,255400.0,3291.14990234375
2023-02-23,3293.52001953125,3307.43994140625,3275.360107421875,3287.47998046875,262300.0,3287.47998046875
2023-02-24,3287.260009765625,3288.389892578125,3253.969970703125,3267.159912109375,234200.0,3267.159912109375
2023-02-27,3257.0,3276.580078125,3251.719970703125,3258.030029296875,242900.0,3258.030029296875
2023-02-28,3265.739990234375,3280.419921875,3246.139892578125,3279.610107421875,251600.0,3279.610107421875
2023-03-01,3279.139892578125,3315.159912109375,3272.0400390625,3312.35009765625,318400.0,3312.35009765625
2023-03-02,3308.010009765625,3320.739990234375,3306.4599609375,3310.64990234375,328500.0,3310.64990234375
2023-03-03,3314.77001953125,3330.60009765625,3302.6201171875,3328.389892578125,344000.0,3328.389892578125
2023-03-06,3332.02001953125,3333.06005859375,3308.72998046875,3322.030029296875,340500.0,3322.030029296875
2023-03-07,3320.2099609375,3342.860107421875,3284.409912109375,3285.10009765625,390000.0,3285.10009765625
2023-03-08,3271.8798828125,3283.25,3263.68994140625,3283.25,260400.0,3283.25
2023-03-09,3285.93994140625,3289.06005859375,3260.0,3276.090087890625,264000.0,3276.090087890625
2023-03-10,3255.510009765625,3262.14990234375,3229.5,3230.080078125,281100.0,3230.080078125
2023-03-13,3228.1201171875,3268.699951171875,3228.1201171875,3268.699951171875,294900.0,3268.699951171875
2023-03-14,3261.919921875,3262.0,3216.989990234375,3245.31005859375,319900.0,3245.31005859375
2023-03-15,3261.030029296875,3273.1201171875,3256.860107421875,3263.31005859375,305200.0,3263.31005859375
2023-03-16,3244.469970703125,3257.429931640625,3224.719970703125,3226.889892578125,327400.0,3226.889892578125
2023-03-17,3245.260009765625,3279.919921875,3240.159912109375,3250.550048828125,343000.0,3250.550048828125
2023-03-20,3253.929931640625,3267.989990234375,3231.64990234375,3234.909912109375,392500.0,3234.909912109375
2023-03-21,3240.840087890625,3256.0,3237.889892578125,3255.64990234375,301800.0,3255.64990234375
2023-03-22,3263.409912109375,3279.389892578125,3255.739990234375,3265.75,290800.0,3265.75
2023-03-23,3258.780029296875,3286.64990234375,3252.989990234375,3286.64990234375,306100.0,3286.64990234375
2023-03-24,3282.739990234375,3282.739990234375,3260.840087890625,3265.64990234375,324500.0,3265.64990234375
2023-03-27,3261.820068359375,3261.820068359375,3229.699951171875,3251.39990234375,337900.0,3251.39990234375
2023-03-28,3256.60009765625,3264.10009765625,3241.739990234375,3245.3798828125,295700.0,3245.3798828125
2023-03-29,3253.6201171875,3254.56005859375,3229.580078125,3240.06005859375,296900.0,3240.06005859375
2023-03-30,3243.070068359375,3263.739990234375,3220.97998046875,3261.25,299900.0,3261.25
2023-03-31,3263.409912109375,3278.419921875,3260.0400390625,3272.860107421875,283600.0,3272.860107421875
2023-04-03,3277.340087890625,3299.72998046875,3276.419921875,3296.39990234375,357700.0,3296.39990234375
2023-04-04,3297.179931640625,3312.56005859375,3290.989990234375,3312.56005859375,385900.0,3312.56005859375
2023-04-06,3302.75,3314.530029296875,3296.06005859375,3312.6298828125,327200.0,3312.6298828125
2023-04-07,3312.47998046875,3328.85009765625,3308.06005859375,3327.64990234375,283000.0,3327.64990234375
2023-04-10,3331.510009765625,3332.719970703125,3309.919921875,3315.360107421875,340800.0,3315.360107421875
2023-04-11,3317.080078125,3317.449951171875,3298.25,3313.570068359375,320600.0,3313.570068359375
2023-04-12,3316.860107421875,3330.7099609375,3315.39990234375,3327.179931640625,343000.0,3327.179931640625
2023-04-13,3321.27001953125,3334.469970703125,3309.25,3318.360107421875,347900.0,3318.360107421875
2023-04-14,3326.3701171875,3340.080078125,3316.81005859375,3338.14990234375,338300.0,3338.14990234375
2023-04-17,3337.06005859375,3385.610107421875,3336.389892578125,3385.610107421875,402800.0,3385.610107421875
2023-04-18,3379.22998046875,3396.169921875,3375.780029296875,3393.330078125,348400.0,3393.330078125
2023-04-19,3391.35009765625,3394.9599609375,3364.639892578125,3370.1298828125,346100.0,3370.1298828125
2023-04-20,3367.050048828125,3371.3701171875,3344.02001953125,3367.030029296875,350400.0,3367.030029296875
2023-04-21,3364.0,3367.610107421875,3301.260009765625,3301.260009765625,387400.0,3301.260009765625
2023-04-24,3300.81005859375,3303.090087890625,3264.929931640625,3275.409912109375,354300.0,3275.409912109375
2023-04-25,3276.39990234375,3288.570068359375,3229.449951171875,3264.8701171875,380900.0,3264.8701171875
2023-04-26,3255.219970703125,3277.97998046875,3239.989990234375,3264.10009765625,357900.0,3264.10009765625
2023-04-27,3256.22998046875,3299.300048828125,3253.110107421875,3285.8798828125,341600.0,3285.8798828125
2023-04-28,3283.1201171875,3324.8798828125,3283.1201171875,3323.27001953125,401600.0,3323.27001953125
2023-05-04,3306.47998046875,3352.75,3302.030029296875,3350.4599609375,483400.0,3350.4599609375
2023-05-05,3350.64990234375,3364.139892578125,3321.18994140625,3334.5,436500.0,3334.5
2023-05-08,3340.989990234375,3400.179931640625,3340.989990234375,3395.0,534100.0,3395.0
2023-05-09,3402.389892578125,3418.949951171875,3356.1201171875,3357.669921875,573000.0,3357.669921875
2023-05-10,3347.699951171875,3349.719970703125,3305.25,3319.14990234375,451700.0,3319.14990234375
2023-05-11,3323.659912109375,3333.25,3307.2900390625,3309.550048828125,354300.0,3309.550048828125
2023-05-12,3304.4599609375,3319.1298828125,3271.429931640625,3272.360107421875,347300.0,3272.360107421875
2023-05-15,3269.8798828125,3310.739990234375,3235.8701171875,3310.739990234375,388000.0,3310.739990234375
2023-05-16,3310.159912109375,3317.89990234375,3282.489990234375,3290.989990234375,322500.0,3290.989990234375
2023-05-17,3281.969970703125,3298.52001953125,3269.889892578125,3284.22998046875,285700.0,3284.22998046875
2023-05-18,3288.409912109375,3313.860107421875,3284.169921875,3297.320068359375,310000.0,3297.320068359375
2023-05-19,3288.889892578125,3302.340087890625,3268.219970703125,3283.5400390625,285400.0,3283.5400390625
2023-05-22,3278.60009765625,3308.530029296875,3276.5400390625,3296.469970703125,273900.0,3296.469970703125
2023-05-23,3294.7900390625,3298.22998046875,3246.239990234375,3246.239990234375,275300.0,3246.239990234375
2023-05-24,3237.699951171875,3237.699951171875,3204.3798828125,3204.75,288700.0,3204.75
2023-05-25,3197.360107421875,3207.02001953125,3168.570068359375,3201.260009765625,283600.0,3201.260009765625
2023-05-26,3198.8798828125,3220.77001953125,3179.820068359375,3212.5,261700.0,3212.5
2023-05-29,3219.760009765625,3230.969970703125,3208.9599609375,3221.449951171875,297400.0,3221.449951171875
2023-05-30,3214.669921875,3230.6298828125,3186.6298828125,3224.2099609375,303500.0,3224.2099609375
2023-05-31,3214.659912109375,3216.360107421875,3190.27001953125,3204.56005859375,294600.0,3204.56005859375
2023-06-01,3196.14990234375,3225.090087890625,3189.52001953125,3204.6298828125,312300.0,3204.6298828125
2023-06-02,3212.449951171875,3233.989990234375,3211.739990234375,3230.070068359375,294700.0,3230.070068359375
2023-06-05,3231.81005859375,3244.179931640625,3221.6298828125,3232.43994140625,278100.0,3232.43994140625
2023-06-06,3228.409912109375,3247.35009765625,3189.27001953125,3195.340087890625,308300.0,3195.340087890625
2023-06-07,3197.469970703125,3210.330078125,3188.010009765625,3197.760009765625,258100.0,3197.760009765625
2023-06-08,3194.830078125,3225.530029296875,3180.5400390625,3213.590087890625,293500.0,3213.590087890625
2023-06-09,3213.030029296875,3231.409912109375,3206.10009765625,3231.409912109375,314200.0,3231.409912109375
2023-06-12,3225.300048828125,3239.43994140625,3210.7099609375,3228.830078125,313800.0,3228.830078125
2023-06-13,3223.89990234375,3235.090087890625,3215.5,3233.669921875,280600.0,3233.669921875
2023-06-14,3238.1201171875,3248.4599609375,3226.77001953125,3228.989990234375,303500.0,3228.989990234375
2023-06-15,3230.449951171875,3252.97998046875,3229.14990234375,3252.97998046875,313300.0,3252.97998046875
2023-06-16,3256.300048828125,3276.550048828125,3255.5,3273.330078125,326300.0,3273.330078125
2023-06-19,3271.159912109375,3271.159912109375,3251.780029296875,3255.81005859375,327800.0,3255.81005859375
2023-06-20,3252.5400390625,3252.840087890625,3237.7900390625,3240.360107421875,298300.0,3240.360107421875
2023-06-21,3230.110107421875,3236.360107421875,3197.89990234375,3197.89990234375,294400.0,3197.89990234375
2023-06-26,3177.22998046875,3181.080078125,3144.25,3150.6201171875,308100.0,3150.6201171875
2023-06-27,3153.31005859375,3194.409912109375,3148.27001953125,3189.43994140625,287600.0,3189.43994140625
2023-06-28,3183.489990234375,3192.659912109375,3157.1201171875,3189.3798828125,276200.0,3189.3798828125
2023-06-29,3185.419921875,3196.5,3179.530029296875,3182.3798828125,250300.0,3182.3798828125
2023-06-30,3178.919921875,3212.989990234375,3177.989990234375,3202.06005859375,265400.0,3202.06005859375
2023-07-03,3209.159912109375,3246.860107421875,3209.159912109375,3243.97998046875,312400.0,3243.97998046875
2023-07-04,3241.22998046875,3246.9599609375,3233.989990234375,3245.35009765625,279200.0,3245.35009765625
2023-07-05,3240.050048828125,3241.840087890625,3218.60009765625,3222.949951171875,264000.0,3222.949951171875
2023-07-06,3215.860107421875,3229.47998046875,3199.719970703125,3205.570068359375,246100.0,3205.570068359375
2023-07-07,3197.469970703125,3212.050048828125,3189.2099609375,3196.610107421875,255700.0,3196.610107421875
2023-07-10,3208.72998046875,3216.530029296875,3192.659912109375,3203.699951171875,236600.0,3203.699951171875
2023-07-11,3211.1201171875,3221.679931640625,3200.3798828125,3221.3701171875,227600.0,3221.3701171875
2023-07-12,3220.3798828125,3224.330078125,3193.43994140625,3196.1298828125,271400.0,3196.1298828125
2023-07-13,3202.699951171875,3238.469970703125,3202.699951171875,3236.47998046875,276600.0,3236.47998046875
2023-07-14,3240.969970703125,3248.3798828125,3234.0,3237.699951171875,273300.0,3237.699951171875
2023-07-17,3219.02001953125,3219.02001953125,3195.889892578125,3209.6298828125,250200.0,3209.6298828125
2023-07-18,3206.7900390625,3210.25,3190.0,3197.820068359375,235000.0,3197.820068359375
2023-07-19,3195.010009765625,3204.360107421875,3181.56005859375,3198.840087890625,217400.0,3198.840087890625
2023-07-20,3201.909912109375,3209.06005859375,3165.669921875,3169.52001953125,238900.0,3169.52001953125
2023-07-21,3163.419921875,3185.639892578125,3157.330078125,3167.75,225300.0,3167.75
2023-07-24,3157.469970703125,3178.72998046875,3151.1298828125,3164.159912109375,216600.0,3164.159912109375
2023-07-25,3201.4599609375,3231.75,3201.4599609375,3231.52001953125,348600.0,3231.52001953125
2023-07-26,3228.090087890625,3229.889892578125,3212.8798828125,3223.030029296875,317200.0,3223.030029296875
2023-07-27,3225.47998046875,3245.60009765625,3210.469970703125,3216.669921875,327100.0,3216.669921875
2023-07-28,3206.739990234375,3280.280029296875,3200.989990234375,3275.929931640625,411100.0,3275.929931640625
2023-07-31,3287.208984375,3322.12890625,3281.012939453125,3291.0400390625,459000.0,3291.0400390625
2023-08-01,3288.760009765625,3305.340087890625,3279.56591796875,3290.948974609375,459900.0,3290.948974609375
2023-08-02,3281.85791015625,3290.820068359375,3252.303955078125,3261.68994140625,405300.0,3261.68994140625
2023-08-03,3254.56494140625,3280.864013671875,3247.27197265625,3280.462890625,384700.0,3280.462890625
2023-08-04,3296.093994140625,3315.049072265625,3281.73388671875,3288.083984375,470900.0,3288.083984375
2023-08-07,3276.77587890625,3276.77587890625,3258.537109375,3268.8310546875,360300.0,3268.8310546875
2023-08-08,3260.719970703125,3274.52001953125,3246.669921875,3260.6201171875,316500.0,3260.6201171875
2023-08-09,3251.14990234375,3257.080078125,3240.2900390625,3244.489990234375,271200.0,3244.489990234375
2023-08-10,3242.2099609375,3257.030029296875,3234.1201171875,3254.56005859375,287400.0,3254.56005859375
2023-08-11,3254.47998046875,3254.47998046875,3189.25,3189.25,330100.0,3189.25
2023-08-14,3159.7099609375,3180.510009765625,3141.659912109375,3178.429931640625,299800.0,3178.429931640625
2023-08-15,3180.56005859375,3186.22998046875,3147.35009765625,3176.179931640625,273300.0,3176.179931640625
2023-08-16,3164.699951171875,3176.6298828125,3149.719970703125,3150.1298828125,281700.0,3150.1298828125
2023-08-17,3137.35009765625,3167.449951171875,3123.25,3163.739990234375,294700.0,3163.739990234375
2023-08-18,3165.10009765625,3179.1201171875,3131.949951171875,3131.949951171875,294400.0,3131.949951171875
2023-08-21,3125.989990234375,3134.9599609375,3092.97998046875,3092.97998046875,265800.0,3092.97998046875
2023-08-22,3103.780029296875,3126.780029296875,3074.530029296875,3120.330078125,309300.0,3120.330078125
2023-08-23,3116.27001953125,3116.3798828125,3077.610107421875,3078.39990234375,272200.0,3078.39990234375
2023-08-24,3085.909912109375,3106.179931640625,3072.949951171875,3082.239990234375,300000.0,3082.239990234375
2023-08-25,3068.6201171875,3085.050048828125,3053.0400390625,3064.070068359375,225200.0,3064.070068359375
2023-08-28,3219.0400390625,3219.0400390625,3089.1201171875,3098.639892578125,485600.0,3098.639892578125
2023-08-29,3091.93994140625,3145.760009765625,3090.43994140625,3135.889892578125,398900.0,3135.889892578125
2023-08-30,3144.409912109375,3153.68994140625,3126.89990234375,3137.139892578125,347500.0,3137.139892578125
2023-08-31,3134.550048828125,3139.97998046875,3113.949951171875,3119.8798828125,313400.0,3119.8798828125
2023-09-01,3126.02001953125,3143.85009765625,3123.18994140625,3133.25,292300.0,3133.25
2023-09-04,3145.944091796875,3177.06005859375,3143.37890625,3177.06005859375,366400.0,3177.06005859375
2023-09-05,3169.739990234375,3169.739990234375,3150.080078125,3154.3701171875,294100.0,3154.3701171875
2023-09-06,3147.139892578125,3162.14990234375,3136.89990234375,3158.080078125,267000.0,3158.080078125
2023-09-07,3152.199951171875,3152.27001953125,3120.820068359375,3122.35009765625,269300.0,3122.35009765625
2023-09-08,3114.22998046875,3126.0400390625,3104.669921875,3116.719970703125,228100.0,3116.719970703125
2023-09-11,3119.610107421875,3155.10009765625,3113.820068359375,3142.780029296875,290400.0,3142.780029296875
2023-09-12,3140.340087890625,3147.510009765625,3134.320068359375,3137.06005859375,234700.0,3137.06005859375
2023-09-13,3137.77001953125,3143.760009765625,3106.969970703125,3123.070068359375,249700.0,3123.070068359375
2023-09-14,3124.85009765625,3135.030029296875,3111.860107421875,3126.550048828125,264000.0,3126.550048828125
2023-09-15,3133.590087890625,3141.9599609375,3107.449951171875,3117.739990234375,292000.0,3117.739990234375
2023-09-18,3110.43994140625,3128.699951171875,3098.5,3125.929931640625,259400.0,3125.929931640625
2023-09-19,3123.989990234375,3131.1298828125,3113.530029296875,3124.9599609375,253700.0,3124.9599609375
2023-09-20,3118.6669921875,3122.1279296875,3108.157958984375,3108.568115234375,228100.0,3108.568115234375
2023-09-21,3103.175048828125,3113.493896484375,3084.700927734375,3084.700927734375,228700.0,3084.700927734375
2023-09-22,3084.757080078125,3132.55810546875,3078.801025390625,3132.431884765625,286000.0,3132.431884765625
2023-09-25,3131.2080078125,3131.2080078125,3112.15087890625,3115.60693359375,258100.0,3115.60693359375
2023-09-26,3114.02099609375,3120.2890625,3102.27294921875,3102.27294921875,222600.0,3102.27294921875
2023-09-27,3104.0400390625,3125.447021484375,3103.843994140625,3107.31591796875,240500.0,3107.31591796875
2023-09-28,3117.7548828125,3121.8349609375,3105.93994140625,3110.47509765625,236300.0,3110.47509765625
2023-10-09,3100.0,3103.360107421875,3072.64208984375,3096.922119140625,264400.0,3096.922119140625
2023-10-10,3104.3701171875,3109.97998046875,3073.18994140625,3075.239990234375,255300.0,3075.239990234375
2023-10-11,3085.698974609375,3095.658935546875,3071.93603515625,3078.9560546875,259900.0,3078.9560546875
2023-10-12,3101.705078125,3109.989990234375,3092.177001953125,3107.90087890625,274800.0,3107.90087890625
2023-10-13,3092.0,3094.919921875,3080.550048828125,3088.10009765625,255100.0,3088.10009765625
2023-10-16,3091.06494140625,3091.1259765625,3063.68603515625,3073.81298828125,263900.0,3073.81298828125
2023-10-17,3076.429931640625,3084.070068359375,3064.889892578125,3083.5,259000.0,3083.5
2023-10-18,3076.580078125,3076.580078125,3057.05908203125,3058.7099609375,268600.0,3058.7099609375
2023-10-19,3043.196044921875,3043.196044921875,3004.77490234375,3005.39306640625,304000.0,3005.39306640625
2023-10-20,2995.360107421875,3006.27001953125,2977.169921875,2983.06005859375,267100.0,2983.06005859375
2023-10-23,2969.785888671875,2973.660888671875,2923.510986328125,2939.291015625,278900.0,2939.291015625
2023-10-24,2944.31103515625,2964.760986328125,2929.087890625,2962.243896484375,311000.0,2962.243896484375
2023-10-25,2986.406982421875,2993.294921875,2972.41796875,2974.114013671875,332400.0,2974.114013671875
2023-10-26,2960.10400390625,2990.327880859375,2956.006103515625,2988.299072265625,291800.0,2988.299072265625
2023-10-27,2978.403076171875,3029.2099609375,2974.8798828125,3017.783935546875,321800.0,3017.783935546875
2023-10-30,3009.610107421875,3028.263916015625,3002.347900390625,3021.552978515625,360600.0,3021.552978515625
2023-10-31,3019.64599609375,3023.0009765625,3006.60888671875,3018.77099609375,319900.0,3018.77099609375
2023-11-01,3038.181884765625,3038.330078125,3013.93310546875,3023.076904296875,280100.0,3023.076904296875
2023-11-02,3028.6650390625,3038.64208984375,3009.12109375,3009.406005859375,268800.0,3009.406005859375
2023-11-03,3012.465087890625,3040.98095703125,3012.465087890625,3030.798095703125,268500.0,3030.798095703125
2023-11-06,3047.1298828125,3058.989013671875,3037.694091796875,3058.410888671875,372900.0,3058.410888671875
2023-11-07,3052.919921875,3064.576904296875,3042.468994140625,3057.27001953125,326900.0,3057.27001953125
2023-11-08,3051.153076171875,3062.990966796875,3037.2890625,3052.373046875,335700.0,3052.373046875
2023-11-09,3047.653076171875,3063.467041015625,3045.833984375,3053.279052734375,315600.0,3053.279052734375
2023-11-10,3043.55908203125,3044.0009765625,3027.087890625,3038.969970703125,285500.0,3038.969970703125
2023-11-13,3044.031982421875,3048.62109375,3028.16796875,3046.532958984375,290400.0,3046.532958984375
2023-11-14,3046.81689453125,3059.529052734375,3044.426025390625,3056.070068359375,294800.0,3056.070068359375
2023-11-15,3077.029052734375,3080.1279296875,3064.345947265625,3072.8349609375,304300.0,3072.8349609375
2023-11-16,3066.85498046875,3071.451904296875,3050.926025390625,3050.926025390625,271100.0,3050.926025390625
2023-11-17,3043.6201171875,3055.860107421875,3033.75,3054.3701171875,267600.0,3054.3701171875
2023-11-20,3056.927001953125,3072.512939453125,3043.514892578125,3068.319091796875,287600.0,3068.319091796875
2023-11-21,3074.827880859375,3089.77392578125,3063.344970703125,3067.93310546875,330700.0,3067.93310546875
2023-11-22,3060.498046875,3067.962890625,3043.611083984375,3043.611083984375,289100.0,3043.611083984375
2023-11-23,3041.677978515625,3062.866943359375,3034.297119140625,3061.85595703125,276600.0,3061.85595703125
2023-11-24,3060.3310546875,3060.3310546875,3037.200927734375,3040.971923828125,287800.0,3040.971923828125
2023-11-27,3038.18603515625,3038.35791015625,3015.008056640625,3031.699951171875,310500.0,3031.699951171875
2023-11-28,3028.60009765625,3039.68994140625,3020.22998046875,3038.550048828125,268900.0,3038.550048828125
2023-11-29,3038.464111328125,3038.97705078125,3017.660888671875,3021.68701171875,278000.0,3021.68701171875
2023-11-30,3021.10302734375,3030.908935546875,3013.76806640625,3029.673095703125,282900.0,3029.673095703125
2023-12-01,3027.35302734375,3035.760009765625,3010.23291015625,3031.635986328125,286100.0,3031.635986328125
2023-12-04,3033.298095703125,3038.97900390625,3022.347900390625,3022.9140625,288200.0,3022.9140625
2023-12-05,3017.010009765625,3017.010009765625,2972.2958984375,2972.2958984375,293900.0,2972.2958984375
2023-12-06,2966.947998046875,2985.31396484375,2959.60302734375,2968.93310546875,294100.0,2968.93310546875
2023-12-07,2965.652099609375,2976.014892578125,2949.14404296875,2966.2060546875,296200.0,2966.2060546875
2023-12-08,2965.389892578125,2980.833984375,2962.326904296875,2969.55908203125,369100.0,2969.55908203125
2023-12-11,2956.291015625,2995.669921875,2930.422119140625,2991.43896484375,360200.0,2991.43896484375
2023-12-12,2986.327880859375,3003.74609375,2980.446044921875,3003.43798828125,287600.0,3003.43798828125
2023-12-13,2997.3359375,2997.3359375,2968.760986328125,2968.760986328125,282800.0,2968.760986328125
2023-12-14,2979.698974609375,2986.177001953125,2958.06591796875,2958.986083984375,271500.0,2958.986083984375
2023-12-15,2966.302001953125,2976.30908203125,2940.027099609375,2942.556884765625,289300.0,2942.556884765625
2023-12-18,2936.580078125,2951.14990234375,2924.330078125,2930.800048828125,293100.0,2930.800048828125
2023-12-19,2928.762939453125,2940.5009765625,2914.125,2932.39111328125,265900.0,2932.39111328125
2023-12-20,2932.118896484375,2937.10107421875,2902.0400390625,2902.110107421875,265600.0,2902.110107421875
2023-12-21,2892.02001953125,2924.256103515625,2882.02001953125,2918.715087890625,282500.0,2918.715087890625
2023-12-22,2919.2880859375,2935.699951171875,2906.509033203125,2914.77490234375,296600.0,2914.77490234375
2023-12-25,2909.875,2920.632080078125,2903.987060546875,2918.81298828125,229800.0,2918.81298828125
2023-12-26,2917.969970703125,2917.969970703125,2892.840087890625,2898.8798828125,228100.0,2898.8798828125
2023-12-27,2900.14892578125,2917.9560546875,2890.1650390625,2914.614013671875,247900.0,2914.614013671875
2023-12-28,2913.110107421875,2961.64794921875,2909.388916015625,2954.7041015625,339200.0,2954.7041015625
2023-12-29,2950.8369140625,2975.031982421875,2950.01708984375,2974.93505859375,290700.0,2974.93505859375
2024-01-02,2972.77490234375,2976.26806640625,2962.27587890625,2962.27587890625,304100.0,2962.27587890625
2024-01-03,2957.112060546875,2971.282958984375,2953.2900390625,2967.2470703125,285500.0,2967.2470703125
2024-01-04,2965.509033203125,2966.68310546875,2936.635009765625,2954.34912109375,265000.0,2954.34912109375
2024-01-05,2949.820068359375,2967.969970703125,2916.719970703125,2929.179931640625,301000.0,2929.179931640625
2024-01-08,2923.45703125,2924.4560546875,2887.5380859375,2887.5380859375,270300.0,2887.5380859375
2024-01-09,2887.110107421875,2900.72998046875,2878.409912109375,2893.25,263000.0,2893.25
2024-01-10,2886.98095703125,2903.162109375,2870.416015625,2877.701904296875,244000.0,2877.701904296875
2024-01-11,2873.798095703125,2896.178955078125,2867.721923828125,2886.64990234375,267100.0,2886.64990234375
2024-01-12,2880.0400390625,2904.174072265625,2878.875,2881.97705078125,261600.0,2881.97705078125
2024-01-15,2872.56005859375,2904.4599609375,2869.219970703125,2886.2900390625,244600.0,2886.2900390625
2024-01-16,2881.56005859375,2896.68310546875,2861.1298828125,2893.989013671875,286300.0,2893.989013671875
2024-01-17,2887.2919921875,2887.489013671875,2833.614990234375,2833.614990234375,261300.0,2833.614990234375
2024-01-18,2822.669921875,2849.260009765625,2760.97998046875,2845.780029296875,390400.0,2845.780029296875
2024-01-19,2836.97509765625,2849.8759765625,2822.843017578125,2832.279052734375,266700.0,2832.279052734375
2024-01-22,2826.5,2828.320068359375,2735.3701171875,2756.340087890625,350200.0,2756.340087890625
2024-01-23,2746.89208984375,2784.841064453125,2724.156982421875,2770.97607421875,308700.0,2770.97607421875
2024-01-24,2782.14208984375,2823.695068359375,2743.39697265625,2820.77197265625,369100.0,2820.77197265625
2024-01-25,2823.825927734375,2906.7939453125,2821.708984375,2906.10888671875,442000.0,2906.10888671875
2024-01-26,2897.9150390625,2924.306884765625,2890.48193359375,2910.222900390625,421100.0,2910.222900390625
2024-01-29,2910.610107421875,2923.89990234375,2883.330078125,2883.360107421875,410600.0,2883.360107421875
2024-01-30,2866.280029296875,2881.346923828125,2829.25,2830.527099609375,335700.0,2830.527099609375
2024-01-31,2815.50390625,2834.010986328125,2782.5869140625,2788.548095703125,377100.0,2788.548095703125
2024-02-01,2773.424072265625,2805.014892578125,2752.781982421875,2770.739990234375,352900.0,2770.739990234375
2024-02-02,2773.294921875,2791.676025390625,2666.333984375,2730.152099609375,426200.0,2730.152099609375
2024-02-05,2716.0810546875,2739.738037109375,2635.090087890625,2702.18505859375,479000.0,2702.18505859375
2024-02-06,2680.485107421875,2802.930908203125,2669.673095703125,2789.486083984375,502800.0,2789.486083984375
2024-02-07,2791.514892578125,2829.696044921875,2770.529052734375,2829.696044921875,547100.0,2829.696044921875
2024-02-08,2832.486083984375,2867.47412109375,2827.902099609375,2865.903076171875,531100.0,2865.903076171875
2024-02-19,2886.5869140625,2910.5439453125,2867.7099609375,2910.5439453125,459000.0,2910.5439453125
2024-02-20,2902.876953125,2927.30810546875,2887.47412109375,2922.72998046875,350100.0,2922.72998046875
2024-02-21,2906.02392578125,2994.614990234375,2898.050048828125,2950.9560546875,444200.0,2950.9560546875
2024-02-22,2945.447021484375,2988.35791015625,2944.4990234375,2988.35791015625,354100.0,2988.35791015625
2024-02-23,2992.912109375,3009.135986328125,2979.972900390625,3004.881103515625,380100.0,3004.881103515625
2024-02-26,3002.117919921875,3009.47900390625,2967.056884765625,2977.02197265625,409000.0,2977.02197265625
2024-02-27,2966.4169921875,3015.48095703125,2961.14794921875,3015.48095703125,373000.0,3015.48095703125
2024-02-28,3016.256103515625,3031.488037109375,2957.85205078125,2957.85205078125,544100.0,2957.85205078125
2024-02-29,2943.6240234375,3015.1708984375,2943.6240234375,3015.1708984375,409700.0,3015.1708984375
2024-03-01,3013.822998046875,3032.23193359375,3003.762939453125,3027.02001953125,379100.0,3027.02001953125
2024-03-04,3026.60693359375,3040.344970703125,3007.68310546875,3039.305908203125,387800.0,3039.305908203125
2024-03-05,3027.10302734375,3052.541015625,3022.177978515625,3047.79296875,383500.0,3047.79296875
2024-03-06,3041.751953125,3060.56298828125,3034.35400390625,3039.930908203125,341000.0,3039.930908203125
2024-03-07,3040.2109375,3063.69189453125,3023.117919921875,3027.40087890625,377200.0,3027.40087890625
2024-03-08,3026.1650390625,3049.194091796875,3016.903076171875,3046.01904296875,319200.0,3046.01904296875
2024-03-11,3042.618896484375,3068.455078125,3035.445068359375,3068.455078125,356500.0,3068.455078125
2024-03-12,3068.181884765625,3075.131103515625,3044.85693359375,3055.93505859375,415700.0,3055.93505859375
2024-03-13,3053.341064453125,3061.950927734375,3031.89892578125,3043.8349609375,365000.0,3043.8349609375
2024-03-14,3042.4130859375,3059.998046875,3020.636962890625,3038.23388671875,364100.0,3038.23388671875
2024-03-15,3031.52294921875,3056.447021484375,3023.215087890625,3054.635986328125,360300.0,3054.635986328125
2024-03-18,3057.208984375,3085.31201171875,3055.922119140625,3084.926025390625,406700.0,3084.926025390625
2024-03-19,3077.98095703125,3090.0458984375,3062.6279296875,3062.756103515625,384100.0,3062.756103515625
2024-03-20,3058.64794921875,3081.7548828125,3056.64501953125,3079.68603515625,349200.0,3079.68603515625
2024-03-21,3084.412109375,3090.051025390625,3069.27197265625,3077.113037109375,366900.0,3077.113037109375
2024-03-22,3070.548095703125,3073.2060546875,3027.761962890625,3048.033935546875,394700.0,3048.033935546875
2024-03-25,3040.5009765625,3065.260986328125,3026.305908203125,3026.305908203125,387500.0,3026.305908203125
2024-03-26,3026.922119140625,3036.493896484375,3006.260009765625,3031.48095703125,345900.0,3031.48095703125
2024-03-27,3026.81396484375,3030.449951171875,2993.138916015625,2993.138916015625,343200.0,2993.138916015625
2024-03-28,2988.590087890625,3033.366943359375,2984.1201171875,3010.6640625,353200.0,3010.6640625
2024-03-29,3008.3759765625,3041.298095703125,3008.1669921875,3041.1669921875,334800.0,3041.1669921875
2024-04-01,3049.02099609375,3078.488037109375,3049.02099609375,3077.37890625,375400.0,3077.37890625
2024-04-02,3076.875,3085.537109375,3063.98095703125,3074.958984375,367300.0,3074.958984375
2024-04-03,3074.89306640625,3079.02001953125,3057.39697265625,3069.2958984375,363200.0,3069.2958984375
2024-04-08,3057.325927734375,3077.35107421875,3045.468994140625,3047.052978515625,402900.0,3047.052978515625
2024-04-09,3044.614013671875,3051.5849609375,3033.208984375,3048.537109375,333500.0,3048.537109375
2024-04-10,3045.9609375,3049.60693359375,3013.590087890625,3027.3349609375,349000.0,3027.3349609375
2024-04-11,3013.572998046875,3050.3369140625,3009.89697265625,3034.24609375,340900.0,3034.24609375
2024-04-12,3035.576904296875,3043.56005859375,3014.830078125,3019.47412109375,334200.0,3019.47412109375
2024-04-15,3013.672119140625,3066.94091796875,2995.5419921875,3057.3779296875,461200.0,3057.3779296875
2024-04-16,3043.551025390625,3052.43505859375,3005.340087890625,3007.068115234375,448100.0,3007.068115234375
2024-04-17,3008.06103515625,3071.381103515625,3002.055908203125,3071.381103515625,413400.0,3071.381103515625
2024-04-18,3060.031005859375,3102.552978515625,3057.760986328125,3074.22509765625,416300.0,3074.22509765625
2024-04-19,3060.299072265625,3080.322998046875,3055.05810546875,3065.260986328125,375500.0,3065.260986328125
2024-04-22,3059.06494140625,3078.423095703125,3042.5419921875,3044.594970703125,357200.0,3044.594970703125
2024-04-23,3038.612060546875,3044.944091796875,3016.51708984375,3021.97802734375,325600.0,3021.97802734375
2024-04-24,3029.403076171875,3045.639892578125,3019.1240234375,3044.822021484375,305300.0,3044.822021484375
2024-04-25,3037.927001953125,3060.263916015625,3034.64990234375,3052.89990234375,292300.0,3052.89990234375
2024-04-26,3054.97900390625,3092.429931640625,3054.97900390625,3088.635986328125,439400.0,3088.635986328125
2024-04-29,3086.681884765625,3119.68603515625,3080.5859375,3113.04296875,506900.0,3113.04296875
2024-04-30,3110.158935546875,3123.2880859375,3104.2939453125,3104.824951171875,440200.0,3104.824951171875
2024-05-06,3132.511962890625,3142.382080078125,3126.76904296875,3140.719970703125,450700.0,3140.719970703125
2024-05-07,3139.6640625,3151.218994140625,3133.68994140625,3147.738037109375,379100.0,3147.738037109375
2024-05-08,3141.487060546875,3144.986083984375,3126.173095703125,3128.47998046875,334000.0,3128.47998046875
2024-05-09,3128.1640625,3158.465087890625,3128.1640625,3154.320068359375,360900.0,3154.320068359375
2024-05-10,3158.589111328125,3163.14404296875,3137.152099609375,3154.547119140625,384300.0,3154.547119140625
2024-05-13,3139.47509765625,3157.365966796875,3126.169921875,3148.02099609375,397000.0,3148.02099609375
2024-05-14,3148.84912109375,3155.806884765625,3137.60888671875,3145.77392578125,343500.0,3145.77392578125
2024-05-15,3141.251953125,3142.972900390625,3117.928955078125,3119.902099609375,321000.0,3119.902099609375
2024-05-16,3127.18408203125,3137.8779296875,3116.1630859375,3122.40087890625,367400.0,3122.40087890625
2024-05-17,3121.712890625,3154.02587890625,3116.783935546875,3154.02587890625,383900.0,3154.02587890625
2024-05-20,3156.14794921875,3174.26611328125,3155.989990234375,3171.14501953125,426900.0,3171.14501953125
2024-05-21,3164.68310546875,3165.22412109375,3148.342041015625,3157.966064453125,335800.0,3157.966064453125
2024-05-22,3157.18896484375,3166.9189453125,3152.45703125,3158.5400390625,354100.0,3158.5400390625
2024-05-23,3149.875,3150.6279296875,3110.277099609375,3116.386962890625,353900.0,3116.386962890625
2024-05-24,3110.7529296875,3130.425048828125,3087.7939453125,3088.87109375,306500.0,3088.87109375
2024-05-27,3094.139892578125,3125.506103515625,3091.989013671875,3124.04296875,319400.0,3124.04296875
2024-05-28,3122.387939453125,3130.31005859375,3106.364990234375,3109.572021484375,310100.0,3109.572021484375
2024-05-29,3108.027099609375,3128.136962890625,3100.97998046875,3111.01806640625,290000.0,3111.01806640625
2024-05-30,3103.7080078125,3121.218017578125,3085.384033203125,3091.677978515625,302400.0,3091.677978515625
2024-05-31,3094.759033203125,3107.60400390625,3086.81298828125,3086.81298828125,276100.0,3086.81298828125
2024-06-03,3085.98095703125,3097.2041015625,3061.277099609375,3078.489013671875,357600.0,3078.489013671875
2024-06-04,3071.320068359375,3095.322021484375,3063.587890625,3091.198974609375,309300.0,3091.198974609375
2024-06-05,3086.051025390625,3092.345947265625,3064.736083984375,3065.403076171875,290500.0,3065.403076171875
2024-06-06,3069.43896484375,3077.673095703125,3040.830078125,3048.7939453125,369900.0,3048.7939453125
2024-06-07,3053.9150390625,3065.02490234375,3031.0439453125,3051.279052734375,316300.0,3051.279052734375
2024-06-11,3042.134033203125,3043.199951171875,3013.861083984375,3028.044921875,310500.0,3028.044921875
2024-06-12,3025.2958984375,3042.0419921875,3021.30908203125,3037.468017578125,279500.0,3037.468017578125
2024-06-13,3038.0859375,3040.402099609375,3022.822021484375,3028.9189453125,297900.0,3028.9189453125
2024-06-14,3020.958984375,3037.905029296875,3011.576904296875,3032.633056640625,348700.0,3032.633056640625
2024-06-17,3017.717041015625,3026.6240234375,3012.044921875,3015.89111328125,295800.0,3015.89111328125
2024-06-18,3015.071044921875,3031.97607421875,3012.52294921875,3030.24609375,273600.0,3030.24609375
2024-06-19,3029.09912109375,3030.22607421875,3015.325927734375,3018.049072265625,261300.0,3018.049072265625
2024-06-20,3015.721923828125,3028.513916015625,3001.76806640625,3005.43701171875,295500.0,3005.43701171875
2024-06-21,2998.240966796875,3011.9140625,2985.928955078125,2998.137939453125,255000.0,2998.137939453125
2024-06-24,2982.825927734375,2990.64306640625,2960.126953125,2963.09912109375,298700.0,2963.09912109375
2024-06-25,2962.764892578125,2971.653076171875,2935.5380859375,2949.99609375,273200.0,2949.99609375
2024-06-26,2943.447021484375,2976.6689453125,2933.330078125,2972.52490234375,282400.0,2972.52490234375
2024-06-27,2962.696044921875,2963.06396484375,2944.89794921875,2945.85205078125,270500.0,2945.85205078125
2024-06-28,2940.302978515625,2985.468017578125,2939.98388671875,2967.403076171875,315200.0,2967.403076171875
2024-07-01,2965.2451171875,2996.408935546875,2961.85595703125,2994.72998046875,297800.0,2994.72998046875
2024-07-02,2992.85595703125,3004.987060546875,2989.469970703125,2997.010986328125,281400.0,2997.010986328125
2024-07-03,2995.6640625,2998.537109375,2978.069091796875,2982.3759765625,246300.0,2982.3759765625
2024-07-04,2984.830078125,2995.570068359375,2955.2900390625,2957.56689453125,274300.0,2957.56689453125
2024-07-05,2954.3720703125,2957.10693359375,2920.205078125,2949.93310546875,272300.0,2949.93310546875
2024-07-08,2939.8369140625,2947.610107421875,2917.23193359375,2922.449951171875,277500.0,2922.449951171875
2024-07-09,2919.572998046875,2963.781982421875,2904.0390625,2959.3720703125,315100.0,2959.3720703125
2024-07-10,2949.02587890625,2958.85888671875,2935.330078125,2939.364013671875,301500.0,2939.364013671875
2024-07-11,2957.25,2971.361083984375,2947.403076171875,2970.386962890625,328400.0,2970.386962890625
2024-07-12,2965.612060546875,2977.14208984375,2963.302978515625,2971.294921875,303700.0,2971.294921875
2024-07-15,2963.846923828125,2977.31298828125,2959.12890625,2974.010986328125,269000.0,2974.010986328125
2024-07-16,2963.89990234375,2977.361083984375,2959.666015625,2976.303955078125,260800.0,2976.303955078125
2024-07-17,2970.80810546875,2972.794921875,2957.947998046875,2962.85498046875,282300.0,2962.85498046875
2024-07-18,2951.14306640625,2978.092041015625,2937.905029296875,2977.133056640625,278000.0,2977.133056640625
2024-07-19,2963.513916015625,2986.242919921875,2955.1201171875,2982.30908203125,280900.0,2982.30908203125
2024-07-22,2978.193115234375,2978.60107421875,2946.56103515625,2964.216064453125,278700.0,2964.216064453125
2024-07-23,2960.5,2960.5,2915.367919921875,2915.368896484375,296300.0,2915.368896484375
2024-07-24,2909.152099609375,2922.030029296875,2894.2890625,2901.951904296875,306100.0,2901.951904296875
2024-07-25,2891.89208984375,2897.76708984375,2872.85009765625,2886.741943359375,274600.0,2886.741943359375
2024-07-26,2885.9951171875,2899.115966796875,2875.39599609375,2890.89697265625,278400.0,2890.89697265625
2024-07-29,2889.472900390625,2898.950927734375,2878.5830078125,2891.844970703125,256900.0,2891.844970703125
2024-07-30,2885.215087890625,2885.215087890625,2865.14892578125,2879.300048828125,262500.0,2879.300048828125
2024-07-31,2877.541015625,2940.593017578125,2876.301025390625,2938.7490234375,412700.0,2938.7490234375
2024-08-01,2940.1201171875,2947.876953125,2928.825927734375,2932.386962890625,346600.0,2932.386962890625
2024-08-02,2913.02001953125,2931.259033203125,2902.719970703125,2905.337890625,312200.0,2905.337890625
2024-08-05,2889.363037109375,2919.02490234375,2860.697998046875,2860.697998046875,355500.0,2860.697998046875
2024-08-06,2878.65087890625,2888.200927734375,2845.3349609375,2867.283935546875,297300.0,2867.283935546875
2024-08-07,2864.010009765625,2886.94189453125,2857.72509765625,2869.833984375,263100.0,2869.833984375
2024-08-08,2864.758056640625,2886.39892578125,2850.875,2869.90087890625,289100.0,2869.90087890625
2024-08-09,2879.873046875,2887.84912109375,2862.194091796875,2862.194091796875,284300.0,2862.194091796875
2024-08-12,2858.89501953125,2869.26904296875,2851.294921875,2858.205078125,244200.0,2858.205078125
2024-08-13,2860.409912109375,2867.946044921875,2845.31005859375,2867.946044921875,231700.0,2867.946044921875
2024-08-14,2866.242919921875,2866.242919921875,2850.40087890625,2850.654052734375,217900.0,2850.654052734375
2024-08-15,2844.200927734375,2889.0869140625,2839.387939453125,2877.35791015625,271900.0,2877.35791015625
2024-08-16,2877.93994140625,2888.675048828125,2873.06005859375,2879.429931640625,263700.0,2879.429931640625
2024-08-19,2877.9541015625,2905.155029296875,2877.77099609375,2893.674072265625,261700.0,2893.674072265625
2024-08-20,2895.551025390625,2896.51904296875,2855.3291015625,2866.660888671875,263700.0,2866.660888671875
2024-08-21,2858.93896484375,2863.89111328125,2848.15087890625,2856.583984375,229200.0,2856.583984375
2024-08-22,2856.199951171875,2861.60693359375,2845.501953125,2848.77197265625,245400.0,2848.77197265625
2024-08-23,2844.77001953125,2860.73291015625,2839.3369140625,2854.367919921875,226700.0,2854.367919921875
2024-08-26,2855.47412109375,2860.655029296875,2844.383056640625,2855.52001953125,227400.0,2855.52001953125
2024-08-27,2850.876953125,2853.780029296875,2843.157958984375,2848.73095703125,230700.0,2848.73095703125
2024-08-28,2844.326904296875,2852.56201171875,2830.9619140625,2837.428955078125,228700.0,2837.428955078125
2024-08-29,2829.450927734375,2831.430908203125,2815.383056640625,2823.10595703125,277500.0,2823.10595703125
2024-08-30,2819.64990234375,2867.965087890625,2817.013916015625,2842.214111328125,397500.0,2842.214111328125
2024-09-02,2832.35009765625,2839.278076171875,2810.3740234375,2811.034912109375,340700.0,2811.034912109375
2024-09-03,2809.173095703125,2814.903076171875,2794.910888671875,2802.97900390625,275700.0,2802.97900390625
2024-09-04,2786.5048828125,2800.60693359375,2781.93505859375,2784.278076171875,257500.0,2784.278076171875
2024-09-05,2785.263916015625,2796.01904296875,2777.470947265625,2788.31396484375,242000.0,2788.31396484375
2024-09-06,2791.764892578125,2804.093017578125,2765.638916015625,2765.806884765625,253600.0,2765.806884765625
2024-09-09,2754.72412109375,2756.555908203125,2726.967041015625,2736.488037109375,261500.0,2736.488037109375
2024-09-10,2737.881103515625,2750.117919921875,2718.626953125,2744.19189453125,262200.0,2744.19189453125
2024-09-11,2732.73095703125,2732.73095703125,2710.62109375,2721.794921875,242300.0,2721.794921875
2024-09-12,2722.137939453125,2734.68310546875,2716.554931640625,2717.123046875,240100.0,2717.123046875
2024-09-13,2718.986083984375,2728.780029296875,2703.368896484375,2704.090087890625,251300.0,2704.090087890625
2024-09-18,2705.344970703125,2724.114013671875,2689.695068359375,2717.281005859375,247800.0,2717.281005859375
2024-09-19,2723.205078125,2747.739990234375,2697.77587890625,2736.02197265625,315200.0,2736.02197265625
2024-09-20,2734.22802734375,2741.155029296875,2717.945068359375,2736.81396484375,285600.0,2736.81396484375
2024-09-23,2735.389892578125,2760.47998046875,2731.35693359375,2748.91796875,257600.0,2748.91796875
2024-09-24,2770.75390625,2863.152099609375,2761.3720703125,2863.1259765625,477600.0,2863.1259765625
2024-09-25,2901.4189453125,2952.450927734375,2889.048095703125,2896.305908203125,568300.0,2896.305908203125
2024-09-26,2893.7451171875,3000.952880859375,2889.013916015625,3000.952880859375,576300.0,3000.952880859375
2024-09-27,3049.10302734375,3087.529052734375,3017.445068359375,3087.529052734375,492300.0,3087.529052734375
2024-09-30,3194.721923828125,3358.587890625,3153.697021484375,3336.4970703125,1102300.0,3336.4970703125
2024-10-08,3674.405029296875,3674.405029296875,3372.18701171875,3489.77490234375,1313500.0,3489.77490234375
2024-10-09,3427.219970703125,3437.156982421875,3249.158935546875,3258.85791015625,992800.0,3258.85791015625
2024-10-10,3277.69189453125,3379.804931640625,3228.125,3301.926025390625,834500.0,3301.926025390625
2024-10-11,3287.873046875,3297.751953125,3187.988037109375,3217.738037109375,606000.0,3217.738037109375
2024-10-14,3241.427978515625,3294.6201171875,3203.90087890625,3284.322998046875,631500.0,3284.322998046875
2024-10-15,3265.74609375,3285.215087890625,3201.2919921875,3201.2919921875,566100.0,3201.2919921875
2024-10-16,3169.1689453125,3236.847900390625,3167.736083984375,3202.947998046875,515800.0,3202.947998046875
2024-10-17,3220.73291015625,3241.568115234375,3169.384033203125,3169.384033203125,528600.0,3169.384033203125
2024-10-18,3165.97509765625,3313.97802734375,3152.821044921875,3261.56298828125,693000.0,3261.56298828125
2024-10-21,3276.06005859375,3300.6640625,3239.096923828125,3268.110107421875,668200.0,3268.110107421875
2024-10-22,3263.822021484375,3294.9609375,3255.137939453125,3285.866943359375,574900.0,3285.866943359375
2024-10-23,3285.2470703125,3331.08203125,3277.06591796875,3302.802978515625,650400.0,3302.802978515625
2024-10-24,3287.823974609375,3292.945068359375,3266.882080078125,3280.262939453125,519800.0,3280.262939453125
2024-10-25,3280.761962890625,3319.35693359375,3276.1298828125,3299.699951171875,595700.0,3299.699951171875
2024-10-28,3300.462890625,3322.197998046875,3279.715087890625,3322.197998046875,672400.0,3322.197998046875
2024-10-29,3328.089111328125,3340.4580078125,3284.2109375,3286.406982421875,725300.0,3286.406982421875
2024-10-30,3273.64208984375,3291.679931640625,3244.805908203125,3266.238037109375,669000.0,3266.238037109375
2024-10-31,3267.97509765625,3295.741943359375,3252.389892578125,3279.823974609375,784600.0,3279.823974609375
2024-11-01,3275.576904296875,3305.318115234375,3258.735107421875,3272.013916015625,852100.0,3272.013916015625
2024-11-04,3275.678955078125,3310.20703125,3263.842041015625,3310.20703125,665100.0,3310.20703125
2024-11-05,3306.81005859375,3386.987060546875,3302.047119140625,3386.987060546875,821100.0,3386.987060546875
2024-11-06,3395.221923828125,3420.9990234375,3367.0810546875,3383.805908203125,895900.0,3383.805908203125
2024-11-07,3359.985107421875,3470.660888671875,3356.258056640625,3470.660888671875,959600.0,3470.660888671875
2024-11-08,3502.133056640625,3509.818115234375,3443.193115234375,3452.297119140625,964000.0,3452.297119140625
2024-11-11,3432.366943359375,3471.1220703125,3416.72705078125,3470.06591796875,818000.0,3470.06591796875
2024-11-12,3469.89111328125,3489.424072265625,3402.0419921875,3421.969970703125,817900.0,3421.969970703125
2024-11-13,3406.916015625,3442.298095703125,3404.52490234375,3439.278076171875,673700.0,3439.278076171875
2024-11-14,3429.5048828125,3441.77490234375,3376.153076171875,3379.839111328125,631600.0,3379.839111328125
2024-11-15,3369.80908203125,3391.320068359375,3330.72607421875,3330.72607421875,630300.0,3330.72607421875
2024-11-18,3344.68994140625,3386.903076171875,3309.008056640625,3323.84912109375,744000.0,3323.84912109375
2024-11-19,3324.883056640625,3346.758056640625,3284.133056640625,3346.010009765625,625000.0,3346.010009765625
2024-11-20,3337.677978515625,3375.248046875,3333.001953125,3367.989013671875,566200.0,3367.989013671875
2024-11-21,3362.944091796875,3378.51806640625,3348.85498046875,3370.404052734375,530300.0,3370.404052734375
2024-11-22,3368.04296875,3372.0029296875,3267.19189453125,3267.19189453125,630700.0,3267.19189453125
2024-11-25,3274.884033203125,3285.4560546875,3232.91796875,3263.760009765625,538900.0,3263.760009765625
2024-11-26,3256.85791015625,3285.327880859375,3252.865966796875,3259.757080078125,472200.0,3259.757080078125
2024-11-27,3250.591064453125,3309.881103515625,3227.35498046875,3309.779052734375,511200.0,3309.779052734375
2024-11-28,3308.280029296875,3319.256103515625,3290.364013671875,3295.697998046875,512000.0,3295.697998046875
2024-11-29,3295.2099609375,3357.5009765625,3293.68994140625,3326.4560546875,580200.0,3326.4560546875
2024-12-02,3328.48193359375,3369.302978515625,3323.009033203125,3363.98193359375,668500.0,3363.98193359375
2024-12-03,3366.284912109375,3386.617919921875,3348.3740234375,3378.805908203125,663000.0,3378.805908203125
2024-12-04,3376.572021484375,3388.02392578125,3352.943115234375,3364.64990234375,621000.0,3364.64990234375
2024-12-05,3353.056884765625,3377.054931640625,3353.056884765625,3368.85498046875,543900.0,3368.85498046875
2024-12-06,3370.94091796875,3418.260986328125,3364.2060546875,3404.075927734375,698200.0,3404.075927734375
2024-12-09,3402.62890625,3426.64501953125,3385.958984375,3402.533935546875,694900.0,3402.533935546875
2024-12-10,3490.2890625,3494.866943359375,3417.764892578125,3422.660888671875,794700.0,3422.660888671875
2024-12-11,3416.0869140625,3437.81005859375,3416.0869140625,3432.489990234375,681500.0,3432.489990234375
2024-12-12,3432.279052734375,3464.115966796875,3425.97607421875,3461.5,700100.0,3461.5
2024-12-13,3442.926025390625,3442.926025390625,3390.75390625,3391.8779296875,777500.0,3391.8779296875
2024-12-16,3390.0830078125,3401.926025390625,3376.535888671875,3386.3310546875,625600.0,3386.3310546875
2024-12-17,3381.81396484375,3396.20703125,3357.76904296875,3361.485107421875,568900.0,3361.485107421875
2024-12-18,3371.2958984375,3396.4599609375,3371.2958984375,3382.2080078125,512500.0,3382.2080078125
2024-12-19,3355.904052734375,3377.531982421875,3346.468994140625,3370.032958984375,513900.0,3370.032958984375
2024-12-20,3364.48095703125,3390.617919921875,3362.819091796875,3368.069091796875,491000.0,3368.069091796875
2024-12-23,3367.904052734375,3384.991943359375,3348.277099609375,3351.257080078125,556700.0,3351.257080078125
2024-12-24,3353.534912109375,3394.904052734375,3352.947021484375,3393.528076171875,472000.0,3393.528076171875
2024-12-25,3395.10693359375,3406.212890625,3374.010986328125,3393.35009765625,471300.0,3393.35009765625
2024-12-26,3389.337890625,3401.094970703125,3380.2548828125,3398.076904296875,422200.0,3398.076904296875
2024-12-27,3397.2939453125,3418.951904296875,3388.322021484375,3400.14208984375,500500.0,3400.14208984375
2024-12-30,3395.39599609375,3412.841064453125,3394.965087890625,3407.325927734375,455300.0,3407.325927734375
2024-12-31,3406.965087890625,3413.455078125,3351.762939453125,3351.762939453125,502700.0,3351.762939453125
2025-01-02,3347.93896484375,3351.721923828125,3242.0869140625,3262.56103515625,561400.0,3262.56103515625
2025-01-03,3267.076904296875,3273.56591796875,3205.77587890625,3211.429931640625,517600.0,3211.429931640625
2025-01-06,3209.782958984375,3219.488037109375,3185.462890625,3206.923095703125,431000.0,3206.923095703125
2025-01-07,3203.306884765625,3230.85302734375,3190.4609375,3229.64404296875,409700.0,3229.64404296875
2025-01-08,3218.85791015625,3246.291015625,3175.72509765625,3230.16796875,472900.0,3230.16796875
2025-01-09,3220.720947265625,3228.972900390625,3205.909912109375,3211.39306640625,382900.0,3211.39306640625
2025-01-10,3211.70703125,3220.10693359375,3168.52392578125,3168.52392578125,403700.0,3168.52392578125
2025-01-13,3148.825927734375,3172.699951171875,3140.97802734375,3160.7548828125,372700.0,3160.7548828125
2025-01-14,3165.160888671875,3245.219970703125,3159.431884765625,3240.93994140625,469200.0,3240.93994140625
2025-01-15,3234.715087890625,3245.904052734375,3222.236083984375,3227.116943359375,404700.0,3227.116943359375
2025-01-16,3239.02587890625,3265.281982421875,3217.096923828125,3236.031982421875,430700.0,3236.031982421875
2025-01-17,3226.761962890625,3256.507080078125,3219.77294921875,3241.821044921875,383600.0,3241.821044921875
2025-01-20,3256.14892578125,3268.262939453125,3238.12109375,3244.3779296875,403300.0,3244.3779296875
2025-01-21,3256.8330078125,3258.610107421875,3229.069091796875,3242.623046875,384600.0,3242.623046875
2025-01-22,3235.492919921875,3235.5009765625,3203.3798828125,3213.6240234375,364800.0,3213.6240234375
2025-01-23,3237.59912109375,3273.52001953125,3229.572021484375,3230.1640625,458200.0,3230.1640625
2025-01-24,3222.876953125,3260.010986328125,3221.7119140625,3252.6259765625,398700.0,3252.6259765625
2025-01-27,3256.614013671875,3274.39208984375,3250.60107421875,3250.60107421875,387500.0,3250.60107421875
2025-02-05,3270.159912109375,3271.02197265625,3220.279052734375,3229.488037109375,406400.0,3229.488037109375
2025-02-06,3226.574951171875,3271.427001953125,3225.845947265625,3270.658935546875,460800.0,3270.658935546875
2025-02-07,3269.22705078125,3324.427978515625,3262.509033203125,3303.6669921875,600600.0,3303.6669921875
2025-02-10,3308.0400390625,3325.35595703125,3299.242919921875,3322.169921875,546600.0,3322.169921875
2025-02-11,3323.6689453125,3324.173095703125,3304.444091796875,3318.056884765625,511900.0,3318.056884765625
2025-02-12,3312.257080078125,3346.385009765625,3310.389892578125,3346.385009765625,513400.0,3346.385009765625
2025-02-13,3343.235107421875,3359.180908203125,3332.48291015625,3332.48291015625,568600.0,3332.48291015625
2025-02-14,3328.48291015625,3349.083984375,3322.529052734375,3346.72412109375,532300.0,3346.72412109375
2025-02-17,3355.4169921875,3357.12109375,3333.195068359375,3355.830078125,589500.0,3355.830078125
2025-02-18,3348.98291015625,3366.011962890625,3314.301025390625,3324.490966796875,562700.0,3324.490966796875
2025-02-19,3320.780029296875,3352.0869140625,3320.5810546875,3351.5390625,502900.0,3351.5390625
2025-02-20,3347.589111328125,3355.556884765625,3338.033935546875,3350.782958984375,504400.0,3350.782958984375
2025-02-21,3356.695068359375,3381.05810546875,3339.02587890625,3379.113037109375,608200.0,3379.113037109375
2025-02-24,3374.0810546875,3384.81103515625,3355.868896484375,3373.028076171875,598200.0,3373.028076171875
2025-02-25,3345.653076171875,3369.55810546875,3337.844970703125,3346.0400390625,527600.0,3346.0400390625
2025-02-26,3351.208984375,3380.214111328125,3351.208984375,3380.214111328125,554000.0,3380.214111328125
2025-02-27,3378.448974609375,3388.781005859375,3353.571044921875,3388.06201171875,575800.0,3388.06201171875
2025-02-28,3374.6640625,3383.19091796875,3318.716064453125,3320.89697265625,568300.0,3320.89697265625
2025-03-03,3328.39599609375,3349.01708984375,3304.593017578125,3316.925048828125,502400.0,3316.925048828125
2025-03-04,3300.498046875,3327.823974609375,3297.530029296875,3324.2099609375,430000.0,3324.2099609375
2025-03-05,3324.696044921875,3342.714111328125,3314.14794921875,3341.965087890625,461000.0,3341.965087890625
2025-03-06,3353.570068359375,3387.053955078125,3348.68408203125,3381.097900390625,540000.0,3381.097900390625
2025-03-07,3373.180908203125,3390.944091796875,3363.928955078125,3372.5458984375,517700.0,3372.5458984375
2025-03-10,3373.259033203125,3375.798095703125,3347.18603515625,3366.1630859375,450400.0,3366.1630859375
2025-03-11,3335.43896484375,3379.8291015625,3334.8310546875,3379.827880859375,448500.0,3379.827880859375
2025-03-12,3385.68505859375,3392.408935546875,3370.219970703125,3371.924072265625,502200.0,3371.924072265625
2025-03-13,3371.094970703125,3377.117919921875,3341.117919921875,3358.72900390625,519000.0,3358.72900390625
2025-03-14,3361.68603515625,3421.23291015625,3360.60595703125,3419.56201171875,582700.0,3419.56201171875
2025-03-17,3430.80908203125,3436.35205078125,3422.4619140625,3426.12890625,515700.0,3426.12890625
2025-03-18,3434.56494140625,3437.06494140625,3423.301025390625,3429.759033203125,454900.0,3429.759033203125
2025-03-19,3424.173095703125,3439.0458984375,3414.593017578125,3426.428955078125,440300.0,3426.428955078125
2025-03-20,3425.216064453125,3427.044921875,3404.662109375,3408.947998046875,451600.0,3408.947998046875
2025-03-21,3401.759033203125,3414.708984375,3355.840087890625,3364.8310546875,520900.0,3364.8310546875
2025-03-24,3364.833984375,3373.694091796875,3340.238037109375,3370.028076171875,513300.0,3370.028076171875
2025-03-25,3370.0009765625,3379.988037109375,3361.0458984375,3369.97607421875,456400.0,3369.97607421875
2025-03-26,3365.666015625,3382.342041015625,3365.666015625,3368.697021484375,428500.0,3368.697021484375
2025-03-27,3362.7119140625,3394.034912109375,3351.174072265625,3373.7490234375,414800.0,3373.7490234375
2025-03-28,3372.0390625,3375.052978515625,3346.0810546875,3351.306884765625,412300.0,3351.306884765625
2025-03-31,3343.343994140625,3361.741943359375,3317.738037109375,3335.74609375,472600.0,3335.74609375
2025-04-01,3340.7119140625,3357.6220703125,3338.779052734375,3348.43505859375,422600.0,3348.43505859375
2025-04-02,3344.1708984375,3361.134033203125,3343.115966796875,3350.126953125,350100.0,3350.126953125
2025-04-03,3319.60595703125,3358.426025390625,3319.60595703125,3342.008056640625,400500.0,3342.008056640625
2025-04-07,3193.10205078125,3217.781982421875,3040.693115234375,3096.575927734375,662200.0,3096.575927734375
2025-04-08,3094.261962890625,3145.549072265625,3085.123046875,3145.549072265625,662200.0,3145.549072265625
2025-04-09,3110.010009765625,3186.81005859375,3070.077880859375,3186.81005859375,684800.0,3186.81005859375
2025-04-10,3227.8359375,3239.94091796875,3201.571044921875,3223.637939453125,591200.0,3223.637939453125
2025-04-11,3219.5048828125,3249.85400390625,3211.35009765625,3238.22705078125,475500.0,3238.22705078125
2025-04-14,3251.97802734375,3272.719970703125,3244.73291015625,3262.80810546875,471400.0,3262.80810546875
2025-04-15,3260.68505859375,3268.985107421875,3246.3369140625,3267.662109375,396700.0,3267.662109375
2025-04-16,3267.6650390625,3276.0048828125,3233.791015625,3276.00390625,429500.0,3276.00390625
2025-04-17,3261.718017578125,3285.9150390625,3258.14501953125,3280.341064453125,382000.0,3280.341064453125
2025-04-18,3270.35302734375,3283.090087890625,3262.39208984375,3276.72998046875,358800.0,3276.72998046875
2025-04-21,3273.137939453125,3298.639892578125,3270.012939453125,3291.43408203125,379300.0,3291.43408203125
2025-04-22,3289.166015625,3311.153076171875,3288.33203125,3299.757080078125,403200.0,3299.757080078125
2025-04-23,3308.15087890625,3312.19189453125,3293.06298828125,3296.35498046875,411600.0,3296.35498046875
2025-04-24,3295.14892578125,3313.509033203125,3286.236083984375,3297.2880859375,392800.0,3297.2880859375
2025-04-25,3300.39208984375,3305.261962890625,3288.7548828125,3295.06005859375,411000.0,3295.06005859375
2025-04-28,3292.055908203125,3296.931884765625,3279.876953125,3288.4150390625,410700.0,3288.4150390625
2025-04-29,3281.445068359375,3294.98193359375,3277.626953125,3286.655029296875,389000.0,3286.655029296875
2025-04-30,3284.0810546875,3292.199951171875,3277.550048828125,3279.031005859375,435800.0,3279.031005859375
2025-05-06,3295.25,3316.447998046875,3286.989013671875,3316.114013671875,474400.0,3316.114013671875
2025-05-07,3354.97412109375,3356.68798828125,3324.80908203125,3342.6650390625,511200.0,3342.6650390625
2025-05-08,3331.205078125,3359.73095703125,3327.902099609375,3351.99609375,428400.0,3351.99609375
2025-05-09,3350.405029296875,3351.219970703125,3335.126953125,3341.9990234375,398900.0,3341.9990234375
2025-05-12,3352.969970703125,3372.471923828125,3344.26904296875,3369.2451171875,418200.0,3369.2451171875
2025-05-13,3386.23388671875,3386.23388671875,3370.251953125,3374.87109375,426200.0,3374.87109375
2025-05-14,3374.235107421875,3417.31396484375,3368.077880859375,3403.947998046875,464900.0,3403.947998046875
2025-05-15,3398.427001953125,3402.865966796875,3378.02099609375,3380.821044921875,424100.0,3380.821044921875
2025-05-16,3374.7060546875,3380.2900390625,3356.660888671875,3367.4619140625,395400.0,3367.4619140625
2025-05-19,3365.882080078125,3373.59912109375,3356.64794921875,3367.5830078125,403100.0,3367.5830078125
2025-05-20,3371.68896484375,3387.803955078125,3369.962890625,3380.47802734375,405500.0,3380.47802734375
2025-05-21,3380.208984375,3394.75390625,3380.208984375,3387.573974609375,412500.0,3387.573974609375
2025-05-22,3381.864990234375,3390.593017578125,3376.23291015625,3380.18896484375,394200.0,3380.18896484375
2025-05-23,3376.868896484375,3389.468994140625,3348.3720703125,3348.3720703125,400200.0,3348.3720703125
2025-05-26,3346.56103515625,3362.306884765625,3336.35498046875,3346.839111328125,347600.0,3346.839111328125
2025-05-27,3346.5029296875,3351.572021484375,3332.489990234375,3340.68701171875,344100.0,3340.68701171875
2025-05-28,3341.85205078125,3348.23388671875,3336.72705078125,3339.931884765625,341600.0,3339.931884765625
2025-05-29,3340.40087890625,3368.633056640625,3337.4150390625,3363.446044921875,393200.0,3363.446044921875
2025-05-30,3358.80908203125,3361.27490234375,3341.64794921875,3347.487060546875,385600.0,3347.487060546875
2025-06-03,3340.06689453125,3366.9970703125,3340.06689453125,3361.97607421875,398100.0,3361.97607421875
2025-06-04,3363.39111328125,3379.639892578125,3363.39111328125,3376.202880859375,386500.0,3376.202880859375
2025-06-05,3378.217041015625,3387.764892578125,3371.14599609375,3384.09912109375,406300.0,3384.09912109375
2025-06-06,3384.294921875,3391.450927734375,3379.763916015625,3385.35791015625,380100.0,3385.35791015625
2025-06-09,3388.778076171875,3402.050048828125,3383.073974609375,3399.77197265625,427300.0,3399.77197265625
2025-06-10,3402.012939453125,3406.451904296875,3365.6669921875,3384.81591796875,481600.0,3384.81591796875
2025-06-11,3385.45703125,3413.512939453125,3385.45703125,3402.31591796875,424100.0,3402.31591796875
2025-06-12,3397.971923828125,3408.205078125,3388.865966796875,3402.657958984375,409500.0,3402.657958984375
2025-06-13,3397.48388671875,3401.552978515625,3370.592041015625,3376.99609375,510100.0,3376.99609375
2025-06-16,3369.365966796875,3389.756103515625,3368.8759765625,3388.72900390625,405400.0,3388.72900390625
2025-06-17,3388.179931640625,3393.31298828125,3376.419921875,3387.405029296875,390000.0,3387.405029296875
2025-06-18,3386.135986328125,3391.708984375,3369.986083984375,3388.80908203125,378700.0,3388.80908203125
2025-06-19,3384.29296875,3386.9189453125,3353.93603515625,3362.10791015625,415300.0,3362.10791015625
2025-06-20,3358.9130859375,3370.798095703125,3357.7060546875,3359.89501953125,350200.0,3359.89501953125
2025-06-23,3349.4599609375,3389.451904296875,3347.65087890625,3381.58203125,384600.0,3381.58203125
2025-06-24,3380.080078125,3423.783935546875,3380.080078125,3420.56591796875,461000.0,3420.56591796875
2025-06-25,3419.091064453125,3459.009033203125,3417.410888671875,3455.97412109375,509400.0,3455.97412109375
2025-06-26,3451.718994140625,3462.751953125,3446.18603515625,3448.452880859375,496500.0,3448.452880859375
2025-06-27,3450.68603515625,3462.626953125,3421.0400390625,3424.22705078125,523100.0,3424.22705078125
2025-06-30,3423.47412109375,3447.4599609375,3420.112060546875,3444.426025390625,457300.0,3444.426025390625
2025-07-01,3445.845947265625,3459.5869140625,3441.0380859375,3457.7470703125,444400.0,3457.7470703125
2025-07-02,3458.1708984375,3461.327880859375,3447.9560546875,3454.7919921875,498100.0,3454.7919921875
2025-07-03,3456.152099609375,3463.6201171875,3446.97412109375,3461.15087890625,438500.0,3461.15087890625
2025-07-04,3459.592041015625,3497.22509765625,3455.493896484375,3472.319091796875,500200.0,3472.319091796875
2025-07-07,3467.985107421875,3474.801025390625,3462.7919921875,3473.126953125,436600.0,3473.126953125
2025-07-08,3474.632080078125,3499.885986328125,3474.632080078125,3497.47509765625,493500.0,3497.47509765625
2025-07-09,3498.72412109375,3512.6689453125,3491.200927734375,3493.050048828125,523900.0,3493.050048828125
2025-07-10,3491.4970703125,3526.590087890625,3491.4970703125,3509.681884765625,564200.0,3509.681884765625
2025-07-11,3511.364990234375,3555.218017578125,3506.799072265625,3510.177001953125,664200.0,3510.177001953125
2025-07-14,3513.2509765625,3532.117919921875,3513.2509765625,3519.64990234375,572100.0,3519.64990234375
2025-07-15,3519.804931640625,3527.0380859375,3483.3798828125,3504.9990234375,572100.0,3504.9990234375
2025-07-16,3502.89892578125,3511.805908203125,3489.136962890625,3503.777099609375,470900.0,3503.777099609375
2025-07-17,3500.3720703125,3517.284912109375,3499.18603515625,3516.824951171875,472200.0,3516.824951171875
2025-07-18,3519.47509765625,3536.013916015625,3518.23095703125,3534.48291015625,493500.0,3534.48291015625
2025-07-21,3542.81591796875,3560.6279296875,3542.568115234375,3559.791015625,633600.0,3559.791015625
2025-07-22,3561.632080078125,3584.718994140625,3547.251953125,3581.861083984375,716200.0,3581.861083984375
2025-07-23,3588.8779296875,3613.02197265625,3577.593994140625,3582.298095703125,767700.0,3582.298095703125
2025-07-24,3578.912109375,3608.72802734375,3577.113037109375,3605.72705078125,773300.0,3605.72705078125
2025-07-25,3604.449951171875,3610.029052734375,3586.219970703125,3593.655029296875,697200.0,3593.655029296875
2025-07-28,3594.23095703125,3606.27392578125,3582.14892578125,3597.93701171875,594200.0,3597.93701171875
2025-07-29,3595.81005859375,3611.35302734375,3585.944091796875,3609.7109375,610600.0,3609.7109375
2025-07-30,3608.35400390625,3636.1669921875,3593.73388671875,3615.717041015625,637200.0,3615.717041015625
2025-07-31,3604.696044921875,3606.375,3562.60693359375,3573.2080078125,654500.0,3573.2080078125
2025-08-01,3568.260986328125,3581.74609375,3550.04296875,3559.951904296875,509600.0,3559.951904296875
2025-08-04,3547.1630859375,3583.30908203125,3547.1630859375,3583.30908203125,458600.0,3583.30908203125
2025-08-05,3588.80810546875,3617.597900390625,3586.968994140625,3617.597900390625,499800.0,3617.597900390625
2025-08-06,3615.80810546875,3634.31298828125,3613.989990234375,3633.9951171875,512500.0,3633.9951171875
2025-08-07,3637.781005859375,3645.116943359375,3622.52197265625,3639.6669921875,535500.0,3639.6669921875
2025-08-08,3634.85400390625,3645.366943359375,3625.450927734375,3635.1279296875,526400.0,3635.1279296875
2025-08-11,3637.052978515625,3656.85205078125,3629.626953125,3647.547119140625,551400.0,3647.547119140625
2025-08-12,3647.9619140625,3669.0380859375,3647.9619140625,3665.91796875,536600.0,3665.91796875
2025-08-13,3668.657958984375,3688.6279296875,3666.547119140625,3683.465087890625,613500.0,3683.465087890625
2025-08-14,3685.52197265625,3704.77099609375,3662.570068359375,3666.443115234375,647800.0,3666.443115234375
2025-08-15,3659.81494140625,3702.2548828125,3658.3759765625,3696.77099609375,678500.0,3696.77099609375
2025-08-18,3712.4951171875,3745.93896484375,3702.3798828125,3728.027099609375,776000.0,3728.027099609375
2025-08-19,3728.485107421875,3746.6689453125,3718.14697265625,3727.2880859375,696100.0,3727.2880859375
2025-08-20,3716.68505859375,3767.429931640625,3704.990966796875,3766.2099609375,679800.0,3766.2099609375
2025-08-21,3770.676025390625,3787.98095703125,3757.991943359375,3771.09912109375,691600.0,3771.09912109375
2025-08-22,3772.277099609375,3825.759033203125,3772.277099609375,3825.759033203125,698100.0,3825.759033203125
2025-08-25,3848.1630859375,3883.56201171875,3839.971923828125,3883.56201171875,885500.0,3883.56201171875
2025-08-26,3871.470947265625,3888.597900390625,3859.758056640625,3868.382080078125,734600.0,3868.382080078125
2025-08-27,3869.612060546875,3887.197998046875,3800.35009765625,3800.35009765625,858600.0,3800.35009765625
2025-08-28,3796.7109375,3845.0869140625,3761.422119140625,3843.596923828125,788400.0,3843.596923828125
2025-08-29,3842.822998046875,3867.60595703125,3839.2060546875,3857.927001953125,739500.0,3857.927001953125
2025-09-01,3869.74609375,3879.044921875,3853.657958984375,3875.531005859375,747700.0,3875.531005859375
2025-09-02,3877.0859375,3885.31396484375,3828.677001953125,3858.133056640625,762600.0,3858.133056640625
2025-09-03,3865.285888671875,3868.387939453125,3794.884033203125,3813.556884765625,645700.0,3813.556884765625
2025-09-04,3807.757080078125,3808.39599609375,3732.840087890625,3765.8759765625,710200.0,3765.8759765625
2025-09-05,3761.8798828125,3817.158935546875,3745.30908203125,3812.513916015625,626200.0,3812.513916015625
2025-09-08,3811.6689453125,3833.14306640625,3803.60302734375,3826.841064453125,660100.0,3826.841064453125
2025-09-09,3816.656982421875,3834.6708984375,3791.72412109375,3807.2919921875,600200.0,3807.2919921875
2025-09-10,3806.583984375,3826.99609375,3794.056884765625,3812.220947265625,534500.0,3812.220947265625
2025-09-11,3806.055908203125,3875.30908203125,3796.43505859375,3875.30908203125,617000.0,3875.30908203125
2025-09-12,3875.507080078125,3892.738037109375,3866.5390625,3870.597900390625,700600.0,3870.597900390625
2025-09-15,3876.096923828125,3879.737060546875,3855.971923828125,3860.50390625,644800.0,3860.50390625
2025-09-16,3865.97998046875,3876.68994140625,3838.64794921875,3861.864990234375,673400.0,3861.864990234375
2025-09-17,3854.072998046875,3882.6689453125,3848.946044921875,3876.341064453125,663400.0,3876.341064453125
2025-09-18,3876.05908203125,3899.958984375,3800.9951171875,3831.656005859375,876000.0,3831.656005859375
2025-09-19,3830.444091796875,3843.169921875,3811.903076171875,3820.089111328125,682300.0,3820.089111328125
2025-09-22,3822.010009765625,3831.739990234375,3806.201904296875,3828.575927734375,568300.0,3828.575927734375
2025-09-23,3830.137939453125,3838.60595703125,3774.528076171875,3821.8330078125,701900.0,3821.8330078125
2025-09-24,3804.48291015625,3854.923095703125,3804.327880859375,3853.64208984375,602100.0,3853.64208984375
2025-09-25,3852.430908203125,3866.10595703125,3840.458984375,3853.302001953125,590000.0,3853.302001953125
2025-09-26,3839.85498046875,3856.60595703125,3828.10595703125,3828.10595703125,551300.0,3828.10595703125
2025-09-29,3828.166015625,3881.001953125,3809.534912109375,3862.531982421875,608500.0,3862.531982421875
2025-09-30,3869.705078125,3887.570068359375,3866.281005859375,3882.777099609375,569700.0,3882.777099609375
2025-10-09,3898.306884765625,3936.575927734375,3885.743896484375,3933.971923828125,725200.0,3933.971923828125
2025-10-10,3915.47509765625,3933.0048828125,3886.304931640625,3897.028076171875,718900.0,3897.028076171875
2025-10-13,3800.10498046875,3895.830078125,3800.10498046875,3889.501953125,709500.0,3889.501953125
2025-10-14,3910.781982421875,3918.43603515625,3851.12109375,3865.22900390625,800800.0,3865.22900390625
2025-10-15,3867.535888671875,3912.291015625,3857.6669921875,3912.208984375,645000.0,3912.208984375
2025-10-16,3900.68310546875,3931.050048828125,3899.1669921875,3916.22802734375,595500.0,3916.22802734375
2025-10-17,3912.0400390625,3921.06494140625,3835.364990234375,3839.7548828125,617600.0,3839.7548828125
2025-10-20,3865.552001953125,3877.720947265625,3850.366943359375,3863.89306640625,549300.0,3863.89306640625
2025-10-21,3870.7490234375,3919.318115234375,3868.14501953125,3916.33203125,599400.0,3916.33203125
2025-10-22,3896.072998046875,3918.592041015625,3893.324951171875,3913.758056640625,543100.0,3913.758056640625
2025-10-23,3904.158935546875,3926.217041015625,3877.529052734375,3922.409912109375,565200.0,3922.409912109375
2025-10-24,3929.114990234375,3950.31201171875,3928.9599609375,3950.31201171875,567900.0,3950.31201171875
2025-10-27,3969.219970703125,3999.06689453125,3963.10205078125,3996.945068359375,637600.0,3996.945068359375
2025-10-28,3986.89111328125,4010.72802734375,3976.8330078125,3988.22412109375,577400.0,3988.22412109375
2025-10-29,3990.264892578125,4016.3310546875,3986.94091796875,4016.3310546875,612900.0,4016.3310546875
2025-10-30,4007.821044921875,4025.705078125,3984.827880859375,3986.90087890625,668500.0,3986.90087890625
2025-10-31,3985.06396484375,3986.742919921875,3951.73095703125,3954.7900390625,675600.0,3954.7900390625
2025-11-03,3954.077880859375,3977.304931640625,3937.02099609375,3976.52099609375,641200.0,3976.52099609375
2025-11-04,3973.4580078125,3985.882080078125,3938.52001953125,3960.18603515625,615500.0,3960.18603515625
2025-11-05,3922.583984375,3979.75390625,3922.583984375,3969.248046875,615000.0,3969.248046875
2025-11-06,3973.34912109375,4008.799072265625,3973.34912109375,4007.760009765625,627400.0,4007.760009765625
2025-11-07,3994.31689453125,4012.0048828125,3993.69091796875,3997.555908203125,596500.0,3997.555908203125
2025-11-10,4001.7939453125,4018.696044921875,3990.8359375,4018.596923828125,634000.0,4018.596923828125
2025-11-11,4023.876953125,4024.93896484375,3991.51611328125,4002.758056640625,582000.0,4002.758056640625
2025-11-12,3996.56494140625,4020.376953125,3980.676025390625,4000.139892578125,586200.0,4000.139892578125
2025-11-13,3996.513916015625,4030.39794921875,3994.77099609375,4029.5009765625,613000.0,4029.5009765625
2025-11-14,4007.1259765625,4034.0791015625,3990.306884765625,3990.491943359375,622000.0,3990.491943359375
2025-11-17,3988.555908203125,3992.404052734375,3958.947998046875,3972.034912109375,592000.0,3972.034912109375
2025-11-18,3962.444091796875,3966.885009765625,3926.587890625,3939.81298828125,594400.0,3939.81298828125
2025-11-19,3937.919921875,3960.052001953125,3930.073974609375,3946.741943359375,531100.0,3946.741943359375
2025-11-20,3960.698974609375,3967.970947265625,3927.511962890625,3931.051025390625,534700.0,3931.051025390625
2025-11-21,3896.6650390625,3912.006103515625,3834.7490234375,3834.89111328125,631600.0,3834.89111328125
2025-11-24,3848.656005859375,3854.3310546875,3816.575927734375,3836.764892578125,504600.0,3836.764892578125
2025-11-25,3850.571044921875,3882.030029296875,3845.137939453125,3870.02294921875,478700.0,3870.02294921875
2025-11-26,3867.428955078125,3879.923095703125,3861.177001953125,3864.18408203125,457600.0,3864.18408203125
2025-11-27,3867.197021484375,3895.589111328125,3864.131103515625,3875.260009765625,444000.0,3875.260009765625
2025-11-28,3870.944091796875,3888.887939453125,3856.25,3888.595947265625,449900.0,3888.595947265625
2025-12-01,3894.212890625,3914.464111328125,3890.947998046875,3914.006103515625,537600.0,3914.006103515625
2025-12-02,3908.4560546875,3908.76904296875,3888.326904296875,3897.7119140625,455600.0,3897.7119140625
2025-12-03,3894.156005859375,3901.696044921875,3869.952880859375,3878.0,485600.0,3878.0
2025-12-04,3879.741943359375,3888.860107421875,3859.049072265625,3875.79296875,445000.0,3875.79296875
2025-12-05,3873.12109375,3907.781005859375,3863.31396484375,3902.80810546875,500400.0,3902.80810546875
2025-12-08,3909.22607421875,3936.31103515625,3904.738037109375,3924.077880859375,547300.0,3924.077880859375
2025-12-09,3916.509033203125,3923.89892578125,3902.1279296875,3909.52099609375,524500.0,3909.52099609375
2025-12-10,3901.126953125,3906.115966796875,3876.47509765625,3900.49609375,497300.0,3900.49609375
2025-12-11,3903.89501953125,3904.962890625,3862.821044921875,3873.318115234375,525700.0,3873.318115234375
2025-12-12,3869.4130859375,3891.806884765625,3850.596923828125,3889.345947265625,573900.0,3889.345947265625
2025-12-15,3865.402099609375,3896.97705078125,3863.6298828125,3867.9208984375,500900.0,3867.9208984375
2025-12-16,3861.513916015625,3862.427001953125,3815.843994140625,3824.81201171875,512500.0,3824.81201171875
2025-12-17,3822.509033203125,3881.751953125,3817.99609375,3870.278076171875,512300.0,3870.278076171875
2025-12-18,3857.257080078125,3888.284912109375,3856.423095703125,3876.37109375,461200.0,3876.37109375
2025-12-19,3878.22705078125,3902.6708984375,3871.777099609375,3890.447998046875,513500.0,3890.447998046875
2025-12-22,3900.534912109375,3920.011962890625,3900.514892578125,3917.364013671875,522900.0,3917.364013671875
2025-12-23,3919.10595703125,3937.126953125,3910.7451171875,3919.97900390625,521200.0,3919.97900390625
2025-12-24,3920.346923828125,3947.041015625,3912.31103515625,3940.947021484375,474900.0,3940.947021484375
2025-12-25,3937.718994140625,3964.072998046875,3936.077880859375,3959.62109375,469300.0,3959.62109375
2025-12-26,3957.8330078125,3977.7060546875,3945.52392578125,3963.678955078125,555500.0,3963.678955078125
2025-12-29,3964.65087890625,3983.97900390625,3956.946044921875,3965.280029296875,563700.0,3965.280029296875
2025-12-30,3947.87109375,3979.989990234375,3947.4189453125,3965.115966796875,525900.0,3965.115966796875
2025-12-31,3968.72607421875,3977.535888671875,3955.487060546875,3968.840087890625,490800.0,3968.840087890625
2026-01-05,3986.971923828125,4025.262939453125,3983.575927734375,4023.4169921875,597000.0,4023.4169921875
2026-01-06,4026.01611328125,4083.6669921875,4025.087890625,4083.6669921875,702500.0,4083.6669921875
2026-01-07,4083.843017578125,4098.77685546875,4069.43603515625,4085.77197265625,683400.0,4085.77197265625
2026-01-08,4077.715087890625,4093.8720703125,4067.1220703125,4082.97900390625,666100.0,4082.97900390625
2026-01-09,4086.761962890625,4121.72314453125,4083.614990234375,4120.42578125,729800.0,4120.42578125
2026-01-12,4134.89306640625,4168.35693359375,4119.87890625,4165.287109375,839500.0,4165.287109375
2026-01-13,4169.7041015625,4179.7021484375,4126.23388671875,4138.7578125,868400.0,4138.7578125
2026-01-14,4138.64599609375,4190.8662109375,4103.62109375,4126.0927734375,952600.0,4126.0927734375
2026-01-15,4106.22412109375,4133.0732421875,4096.85009765625,4112.60107421875,680300.0,4112.60107421875
2026-01-16,4127.06298828125,4140.22509765625,4091.81103515625,4101.9130859375,763600.0,4101.9130859375
2026-01-19,4090.718994140625,4126.51806640625,4090.056884765625,4114.0,688900.0,4114.0
2026-01-20,4116.3662109375,4128.93017578125,4080.2939453125,4113.64892578125,734400.0,4113.64892578125
2026-01-21,4103.52880859375,4135.9580078125,4103.52880859375,4116.93994140625,667000.0,4116.93994140625
2026-01-22,4126.07177734375,4140.837890625,4109.9228515625,4122.576171875,709700.0,4122.576171875
2026-01-23,4130.10693359375,4143.75,4120.2041015625,4136.1640625,782100.0,4136.1640625
2026-01-26,4144.77783203125,4160.98486328125,4124.7001953125,4132.60498046875,887400.0,4132.60498046875
2026-01-27,4125.21484375,4158.8017578125,4101.830078125,4139.90380859375,755000.0,4139.90380859375
2026-01-28,4150.21484375,4170.14697265625,4138.01904296875,4151.23779296875,823000.0,4151.23779296875
2026-01-29,4155.91796875,4170.2138671875,4138.298828125,4157.98388671875,905900.0,4157.98388671875
2026-01-30,4131.9931640625,4152.85009765625,4064.777099609375,4117.9482421875,804300.0,4117.9482421875
2026-02-02,4079.7080078125,4103.4072265625,4013.656005859375,4015.74609375,733000.0,4015.74609375
2026-02-03,4043.906005859375,4069.41796875,4002.781982421875,4067.738037109375,637700.0,4067.738037109375
2026-02-04,4064.677001953125,4104.62109375,4062.68310546875,4102.2021484375,674300.0,4102.2021484375
2026-02-05,4075.02490234375,4088.904052734375,4048.93896484375,4075.9169921875,596700.0,4075.9169921875
2026-02-06,4040.299072265625,4095.030029296875,4029.972900390625,4065.5830078125,556700.0,4065.5830078125
2026-02-09,4103.5400390625,4123.1591796875,4093.055908203125,4123.08984375,572600.0,4123.08984375
2026-02-10,4127.76611328125,4134.337890625,4117.56298828125,4128.373046875,524600.0,4128.373046875
2026-02-11,4124.42822265625,4142.56103515625,4122.42822265625,4131.98486328125,500700.0,4131.98486328125
2026-02-12,4136.990234375,4140.5927734375,4124.130859375,4134.01806640625,529400.0,4134.01806640625
2026-02-13,4115.923828125,4123.84423828125,4079.77001953125,4082.072998046875,500800.0,4082.072998046875
2026-02-24,4129.1337890625,4131.5498046875,4105.93701171875,4117.4091796875,566300.0,4117.4091796875
2026-02-25,4123.78076171875,4167.84423828125,4122.69921875,4147.22998046875,724800.0,4147.22998046875
2026-02-26,4151.06787109375,4152.19189453125,4127.15283203125,4146.630859375,651700.0,4146.630859375
2026-02-27,4128.89697265625,4166.23388671875,4128.35986328125,4162.880859375,682000.0,4162.880859375
2026-03-02,4151.80078125,4188.77001953125,4131.3681640625,4182.5908203125,861600.0,4182.5908203125
2026-03-03,4189.408203125,4197.22802734375,4116.01123046875,4122.67578125,921100.0,4122.67578125
2026-03-04,4087.632080078125,4106.0400390625,4055.4130859375,4082.47412109375,765200.0,4082.47412109375
2026-03-05,4109.77685546875,4125.6171875,4090.62109375,4108.56689453125,689700.0,4108.56689453125
2026-03-06,4085.89599609375,4129.46484375,4085.89599609375,4124.19384765625,646800.0,4124.19384765625
2026-03-09,4098.69921875,4106.5341796875,4052.544921875,4096.60302734375,797800.0,4096.60302734375
2026-03-10,4098.5869140625,4123.9580078125,4098.5869140625,4123.13818359375,674900.0,4123.13818359375
2026-03-11,4123.6669921875,4135.8388671875,4112.7998046875,4133.43310546875,707700.0,4133.43310546875
2026-03-12,4133.2001953125,4141.64892578125,4103.1640625,4129.10302734375,786200.0,4129.10302734375
2026-03-13,4117.57421875,4134.080078125,4086.846923828125,4095.447998046875,792100.0,4095.447998046875
2026-03-16,4092.2490234375,4096.1328125,4048.0869140625,4084.785888671875,732200.0,4084.785888671875
2026-03-17,4086.294921875,4108.39990234375,4049.580078125,4049.906982421875,678800.0,4049.906982421875
2026-03-18,4053.304931640625,4065.373046875,4023.030029296875,4062.98388671875,623900.0,4062.98388671875
2026-03-19,4028.5419921875,4042.02197265625,3994.1650390625,4006.552001953125,667300.0,4006.552001953125
2026-03-20,4004.572998046875,4022.702880859375,3955.7109375,3957.052978515625,666800.0,3957.052978515625
2026-03-23,3904.950927734375,3906.6220703125,3794.68408203125,3813.282958984375,804700.0,3813.282958984375
2026-03-24,3849.631103515625,3881.424072265625,3807.993896484375,3881.280029296875,680600.0,3881.280029296875
2026-03-25,3892.26904296875,3933.06103515625,3891.81591796875,3931.8369140625,688300.0,3931.8369140625
2026-03-26,3924.9619140625,3937.10400390625,3880.572998046875,3889.0830078125,616000.0,3889.0830078125
2026-03-27,3852.093994140625,3924.10693359375,3852.093994140625,3913.72412109375,561300.0,3913.72412109375
2026-03-30,3884.277099609375,3924.2890625,3872.77587890625,3923.287109375,595600.0,3923.287109375
2026-03-31,3924.06689453125,3948.81103515625,3891.861083984375,3891.861083984375,606700.0,3891.861083984375
2026-04-01,3939.56591796875,3955.943115234375,3929.9208984375,3948.552001953125,564600.0,3948.552001953125
2026-04-02,3940.799072265625,3952.575927734375,3900.115966796875,3919.284912109375,544200.0,3919.284912109375
2026-04-03,3927.592041015625,3929.529052734375,3871.300048828125,3880.096923828125,492700.0,3880.096923828125
2026-04-07,3884.14990234375,3902.60595703125,3875.68408203125,3890.1650390625,473600.0,3890.1650390625
2026-04-08,3930.2509765625,3994.998046875,3926.2490234375,3994.998046875,644100.0,3994.998046875
2026-04-09,3967.6298828125,3979.126953125,3955.24609375,3966.1708984375,541600.0,3966.1708984375
2026-04-10,3985.464111328125,4011.02392578125,3979.81396484375,3986.22509765625,546400.0,3986.22509765625
2026-04-13,3971.197998046875,3991.261962890625,3966.197998046875,3988.55810546875,545800.0,3988.55810546875
2026-04-14,4006.72705078125,4026.625,3992.406982421875,4026.625,570300.0,4026.625
2026-04-15,4039.470947265625,4050.62109375,4020.904052734375,4027.208984375,569500.0,4027.208984375
2026-04-16,4030.137939453125,4057.8310546875,4028.908935546875,4055.547119140625,545900.0,4055.547119140625
2026-04-17,4043.381103515625,4058.60400390625,4038.428955078125,4051.425048828125,548800.0,4051.425048828125
2026-04-20,4053.375,4083.18994140625,4051.68505859375,4082.126953125,589800.0,4082.126953125
2026-04-21,4075.844970703125,4086.636962890625,4062.133056640625,4085.076904296875,576700.0,4085.076904296875
2026-04-22,4074.81298828125,4106.84423828125,4074.679931640625,4106.2578125,582500.0,4106.2578125
2026-04-23,4110.7880859375,4114.84423828125,4070.4599609375,4093.25,671200.0,4093.25
2026-04-24,4081.032958984375,4092.613037109375,4061.14501953125,4079.89990234375,605000.0,4079.89990234375
2026-04-27,4074.81103515625,4092.8310546875,4071.080078125,4086.343994140625,590000.0,4086.343994140625
2026-04-28,4076.14306640625,4090.200927734375,4062.8720703125,4078.636962890625,600500.0,4078.636962890625
2026-04-29,4061.822021484375,4112.15185546875,4061.822021484375,4107.51416015625,614200.0,4107.51416015625
2026-04-30,4107.296875,4118.7548828125,4100.9658203125,4112.1591796875,656900.0,4112.1591796875
2026-05-06,4135.451171875,4166.14697265625,4129.9111328125,4160.173828125,701200.0,4160.173828125
2026-05-07,4168.44677734375,4180.2099609375,4163.13720703125,4180.091796875,685600.0,4180.091796875
2026-05-08,4163.853515625,4183.06298828125,4154.24560546875,,982432664.0,
