date,foreign_net_buy_value,institution_net_buy_value,ticker
2011-01-03,15745036000,314943000,005930
2011-01-04,57030517000,-55279294000,005930
2011-01-05,42006164000,-61062574000,005930
2011-01-06,-66346724000,1819013000,005930
2011-01-07,-72531442000,-35390381000,005930
2011-01-10,-79629618000,9799185000,005930
2011-01-11,-77934023000,3839781000,005930
2011-01-12,53588806000,9876141000,005930
2011-01-13,43765666000,-74816543000,005930
2011-01-14,-10223281000,13598510000,005930
2011-01-17,96189226000,717211000,005930
2011-01-18,61162920000,99743530000,005930
2011-01-19,63993009000,119466499000,005930
2011-01-20,-68459188000,34764271000,005930
2011-01-21,-43317592000,13941519000,005930
2011-01-24,-42914473000,17647663000,005930
2011-01-25,13871547000,4912928000,005930
2011-01-26,42166203000,-731435000,005930
2011-01-27,55986595000,-27811914000,005930
2011-01-28,30387763000,21596803000,005930
2011-01-31,-147702266000,44752976000,005930
2011-02-01,-2403213000,-21883931000,005930
2011-02-07,-41624801000,-7003264000,005930
2011-02-08,-33576998000,-71201861000,005930
2011-02-09,10489872000,-27931628000,005930
2011-02-10,-125304754000,-10935297000,005930
2011-02-11,-125488411000,15747831000,005930
2011-02-14,51115509000,34624739000,005930
2011-02-15,69126660000,-30760369000,005930
2011-02-16,-53012528000,74701302000,005930
2011-02-17,5722696000,9277846000,005930
2011-02-18,21394892000,1031303000,005930
2011-02-21,50540583000,-68997632000,005930
2011-02-22,-19952029000,16820372000,005930
2011-02-23,-47302537000,50597805000,005930
2011-02-24,45874466000,6306513000,005930
2011-02-25,-33036714000,-8281785000,005930
2011-02-28,-4138371000,18113388000,005930
2011-03-02,-29270263000,16790069000,005930
2011-03-03,3625829000,-48265076000,005930
2011-03-04,64789205000,-41490218000,005930
2011-03-07,-22321231000,-153446069000,005930
2011-03-08,-71781056000,-18634843000,005930
2011-03-09,10480149000,-84455555000,005930
2011-03-10,-262691994000,41395426000,005930
2011-03-11,-44623542000,2202640000,005930
2011-03-14,-4681897000,80867749000,005930
2011-03-15,-104928288000,11059927000,005930
2011-03-16,-36966528000,165149534000,005930
2011-03-17,36897806000,-20838352000,005930
2011-03-18,49593647000,-43015461000,005930
2011-03-21,45879957000,-48056784000,005930
2011-03-22,12799323000,-103728601000,005930
2011-03-23,-10501925000,-60156527000,005930
2011-03-24,6770751000,18574156000,005930
2011-03-25,109509416000,47356153000,005930
2011-03-28,65859438000,20729668000,005930
2011-03-29,18300312000,-22443817000,005930
2011-03-30,112941483000,8749176000,005930
2011-03-31,153691120000,-68422775000,005930
2011-04-01,202176953000,-109741239000,005930
2011-04-04,135146753000,-43438145000,005930
2011-04-05,75379588000,-23362699000,005930
2011-04-06,72563782000,-146095799000,005930
2011-04-07,-40134462000,-54113629000,005930
2011-04-08,36828772000,-155998244000,005930
2011-04-11,55472736000,-97960618000,005930
2011-04-12,-18913868000,-52735439000,005930
2011-04-13,62269258000,-38002336000,005930
2011-04-14,13001541000,-73749713000,005930
2011-04-15,36083040000,-114372470000,005930
2011-04-18,-5146779000,-124970088000,005930
2011-04-19,15177490000,-73235509000,005930
2011-04-20,48709800000,188829280000,005930
2011-04-21,175086948000,-14373908000,005930
2011-04-22,104011691000,-125888641000,005930
2011-04-25,34925852000,-73703151000,005930
2011-04-26,-9631634000,-24196903000,005930
2011-04-27,163951136000,24144452000,005930
2011-04-28,87692508000,-112030134000,005930
2011-04-29,-48632780000,-37757203000,005930
2011-05-02,43577370000,199322486000,005930
2011-05-03,30270017000,108413750000,005930
2011-05-04,-12553813000,-21330586000,005930
2011-05-06,-40918136000,-1984510000,005930
2011-05-09,-21735764000,-37384064000,005930
2011-05-11,-24413176000,-66597479000,005930
2011-05-12,-100917448000,58881146000,005930
2011-05-13,-122148324000,249418555000,005930
2011-05-16,-34656176000,25487118000,005930
2011-05-17,-13603192000,-7650594000,005930
2011-05-18,8901598000,-24179428000,005930
2011-05-19,-47458255000,-42717067000,005930
2011-05-20,14375796000,-15776695000,005930
2011-05-23,4219500000,-22840133000,005930
2011-05-24,-9264018000,-12244059000,005930
2011-05-25,7316804000,-57724912000,005930
2011-05-26,30875890000,-24406908000,005930
2011-05-27,2113909000,63174992000,005930
2011-05-30,-42002495000,27096826000,005930
2011-05-31,65604322000,95086067000,005930
2011-06-01,5440179000,53241933000,005930
2011-06-02,-1446122000,-46770714000,005930
2011-06-03,-12678776000,30868958000,005930
2011-06-07,10055682000,-1887016000,005930
2011-06-08,37618077000,-45467422000,005930
2011-06-09,-29641027000,-62552631000,005930
2011-06-10,4942922000,-81457113000,005930
2011-06-13,-68493662000,54960556000,005930
2011-06-14,-22500657000,37971288000,005930
2011-06-15,-23376066000,24775626000,005930
2011-06-16,-8201255000,-40319087000,005930
2011-06-17,-44541346000,-75772610000,005930
2011-06-20,-93960562000,14900506000,005930
2011-06-21,-438634000,18361295000,005930
2011-06-22,18193237000,6921590000,005930
2011-06-23,42506914000,-7578112000,005930
2011-06-24,-55423097000,147731570000,005930
2011-06-27,27800940000,-55870853000,005930
2011-06-28,10161628000,4706780000,005930
2011-06-29,42222193000,-35219298000,005930
2011-06-30,10742910000,-38933799000,005930
2011-07-01,19819563000,55190024000,005930
2011-07-04,28443456000,95737564000,005930
2011-07-05,133968062000,30070820000,005930
2011-07-06,19310232000,28644044000,005930
2011-07-07,-14605923000,-6948662000,005930
2011-07-08,22395523000,-7123202000,005930
2011-07-11,-2495135000,-38456793000,005930
2011-07-12,-4480076000,-24515909000,005930
2011-07-13,19802062000,-78005807000,005930
2011-07-14,-60465615000,-71991601000,005930
2011-07-15,-83765298000,23523089000,005930
2011-07-18,-55443891000,-71459041000,005930
2011-07-19,-32700186000,21346295000,005930
2011-07-20,41537116000,76459390000,005930
2011-07-21,18053903000,-2137336000,005930
2011-07-22,43709770000,-938006000,005930
2011-07-25,35913754000,-35360954000,005930
2011-07-26,-11107114000,23052929000,005930
2011-07-27,8049626000,-12427952000,005930
2011-07-28,88140756000,-89730927000,005930
2011-07-29,46284333000,-25158270000,005930
2011-08-01,88546452000,28409087000,005930
2011-08-02,-1473424000,14345336000,005930
2011-08-03,-41913275000,-1070700000,005930
2011-08-04,-58085621000,12136000000,005930
2011-08-05,-125342341000,35986746000,005930
2011-08-08,-10776813000,1704928000,005930
2011-08-09,-124883951000,31822290000,005930
2011-08-10,-120701728000,-39823970000,005930
2011-08-11,-46089864000,-38429381000,005930
2011-08-12,23948253000,-59792747000,005930
2011-08-16,206887796000,-97151124000,005930
2011-08-17,43168482000,-22867150000,005930
2011-08-18,72282774000,-172562753000,005930
2011-08-19,-72472265000,40105251000,005930
2011-08-22,-39664314000,84508035000,005930
2011-08-23,1888017000,69130865000,005930
2011-08-24,45478140000,-87470151000,005930
2011-08-25,10701063000,42316786000,005930
2011-08-26,-5731407000,29018381000,005930
2011-08-29,2616493000,-11090000000,005930
2011-08-30,56703034000,-30233984000,005930
2011-08-31,21768885000,-20535018000,005930
2011-09-01,270406293000,-83833734000,005930
2011-09-02,16436969000,-7185878000,005930
2011-09-05,-28179416000,-975699000,005930
2011-09-06,-14890070000,2349662000,005930
2011-09-07,-36448602000,113232351000,005930
2011-09-08,40104675000,105848061000,005930
2011-09-09,5137000000,23401641000,005930
2011-09-14,-95553513000,74302480000,005930
2011-09-15,-60869040000,82609369000,005930
2011-09-16,50761701000,105089449000,005930
2011-09-19,48422676000,-13872423000,005930
2011-09-20,-33751266000,69419636000,005930
2011-09-21,58024734000,4288414000,005930
2011-09-22,-11481219000,-40035849000,005930
2011-09-23,-78492852000,7898302000,005930
2011-09-26,-117717102000,165851712000,005930
2011-09-27,26942063000,17214714000,005930
2011-09-28,29179947000,-3470346000,005930
2011-09-29,45237050000,108903914000,005930
2011-09-30,22062015000,-52461882000,005930
2011-10-04,-163771660000,113932026000,005930
2011-10-05,-136938567000,244802884000,005930
2011-10-06,16142153000,101443565000,005930
2011-10-07,96038904000,-93036956000,005930
2011-10-10,46101199000,23371013000,005930
2011-10-11,90118926000,-67590843000,005930
2011-10-12,19191496000,65304838000,005930
2011-10-13,20895268000,-30890879000,005930
2011-10-14,1000490000,7362640000,005930
2011-10-17,6317142000,5765087000,005930
2011-10-18,-24843295000,40572495000,005930
2011-10-19,-8262182000,-3536160000,005930
2011-10-20,1989962000,180570410000,005930
2011-10-21,-31164885000,41885579000,005930
2011-10-24,35221437000,86593446000,005930
2011-10-25,77231773000,19033025000,005930
2011-10-26,-64938540000,66362972000,005930
2011-10-27,-49363127000,19949483000,005930
2011-10-28,-22641190000,85649454000,005930
2011-10-31,49336126000,75570377000,005930
2011-11-01,-5860900000,165763825000,005930
2011-11-02,-246671227000,184774469000,005930
2011-11-03,-84004291000,60481684000,005930
2011-11-04,-3049564000,166731410000,005930
2011-11-07,31670670000,-8553058000,005930
2011-11-08,-13245354000,-5784810000,005930
2011-11-09,-26330759000,72392645000,005930
2011-11-10,-67173077000,21992308000,005930
2011-11-11,-40203029000,63109546000,005930
2011-11-14,51879409000,36542495000,005930
2011-11-15,-44099853000,62358695000,005930
2011-11-16,5811853000,-21133449000,005930
2011-11-17,-14267510000,-1413930000,005930
2011-11-18,-7516515000,-21332578000,005930
2011-11-21,-45132758000,11942284000,005930
2011-11-22,-19958510000,21286311000,005930
2011-11-23,-68207788000,23383765000,005930
2011-11-24,-43606356000,48408124000,005930
2011-11-25,-29559018000,58676024000,005930
2011-11-28,17190147000,69760005000,005930
2011-11-29,180246489000,58655506000,005930
2011-11-30,19341198000,76273712000,005930
2011-12-01,88387224000,136084165000,005930
2011-12-02,-110667679000,124798708000,005930
2011-12-05,-31403654000,48947056000,005930
2011-12-06,-149939843000,141281619000,005930
2011-12-07,-131422843000,168132416000,005930
2011-12-08,19795498000,24135144000,005930
2011-12-09,-71221422000,46007060000,005930
2011-12-12,-8394772000,55605948000,005930
2011-12-13,-62247001000,18082657000,005930
2011-12-14,-172353307000,97197313000,005930
2011-12-15,-94929961000,21020042000,005930
2011-12-16,47040798000,-40169933000,005930
2011-12-19,-63402218000,9417480000,005930
2011-12-20,-79998223000,72497865000,005930
2011-12-21,102466484000,55503828000,005930
2011-12-22,-41726386000,44370861000,005930
2011-12-23,21741254000,43036451000,005930
2011-12-26,32849119000,-2016803000,005930
2011-12-27,50992206000,20791458000,005930
2011-12-28,13969568000,-31561173000,005930
2011-12-29,-16795815000,2737734000,005930
2012-01-02,-61730580000,96491681000,005930
2012-01-03,14342006000,120746065000,005930
2012-01-04,-9149032000,-15369700000,005930
2012-01-05,-120813697000,34374351000,005930
2012-01-06,-102777538000,-38646486000,005930
2012-01-09,-101860083000,-25438297000,005930
2012-01-10,-143572832000,122392566000,005930
2012-01-11,-53654567000,-3968606000,005930
2012-01-12,-57733415000,16725543000,005930
2012-01-13,37848788000,12892206000,005930
2012-01-16,22528566000,-46385991000,005930
2012-01-17,66043429000,16013265000,005930
2012-01-18,76714473000,-88782715000,005930
2012-01-19,119000244000,31782356000,005930
2012-01-20,313996471000,-57631651000,005930
2012-01-25,130668915000,-9420320000,005930
2012-01-26,43369874000,-5561613000,005930
2012-01-27,113428686000,-33781964000,005930
2012-01-30,59509410000,-51167185000,005930
2012-01-31,67074313000,-80532736000,005930
2012-02-01,166399191000,-150723847000,005930
2012-02-02,105936955000,-157062969000,005930
2012-02-03,-37707267000,-44534256000,005930
2012-02-06,35746444000,-29592268000,005930
2012-02-07,77606723000,-1470906000,005930
2012-02-08,45486160000,-47471307000,005930
2012-02-09,-63391092000,-53525402000,005930
2012-02-10,-10009183000,-46270743000,005930
2012-02-13,63219051000,24528901000,005930
2012-02-14,30764148000,-26467550000,005930
2012-02-15,146410528000,145168102000,005930
2012-02-16,10969361000,37540014000,005930
2012-02-17,128787125000,-7632305000,005930
2012-02-20,67775973000,-32608667000,005930
2012-02-21,50249662000,-36015072000,005930
2012-02-22,85170294000,-36972338000,005930
2012-02-23,-75938089000,4345421000,005930
2012-02-24,52850572000,-29709121000,005930
2012-02-27,26785361000,-22961668000,005930
2012-02-28,-21087511000,43417614000,005930
2012-02-29,129635304000,-33691121000,005930
2012-03-02,12279172000,-49058177000,005930
2012-03-05,-9442278000,-25580998000,005930
2012-03-06,-25609393000,30390926000,005930
2012-03-07,-72224259000,56096160000,005930
2012-03-08,-180043436000,136255123000,005930
2012-03-09,35710074000,57419999000,005930
2012-03-12,-128027136000,82378435000,005930
2012-03-13,-63851022000,61483796000,005930
2012-03-14,10062773000,4491064000,005930
2012-03-15,-90822618000,51951646000,005930
2012-03-16,-44762517000,6905296000,005930
2012-03-19,9509595000,7853603000,005930
2012-03-20,1665112000,-29221280000,005930
2012-03-21,-107868367000,32760446000,005930
2012-03-22,-56411409000,36331883000,005930
2012-03-23,35183690000,-49062570000,005930
2012-03-26,-14249525000,6134283000,005930
2012-03-27,78400647000,-39171404000,005930
2012-03-28,-52795142000,8166494000,005930
2012-03-29,-3686388000,-44675176000,005930
2012-03-30,42365328000,-86117411000,005930
2012-04-02,32847515000,-20611899000,005930
2012-04-03,101532094000,-18058911000,005930
2012-04-04,-16236457000,56155039000,005930
2012-04-05,-8471856000,-2838398000,005930
2012-04-06,8553771000,-51132564000,005930
2012-04-09,-38117485000,-23689158000,005930
2012-04-10,-81684182000,55564971000,005930
2012-04-12,-197251272000,39977862000,005930
2012-04-13,36579165000,187586401000,005930
2012-04-16,-39824796000,-31469245000,005930
2012-04-17,-67527288000,22548537000,005930
2012-04-18,62000846000,-18540148000,005930
2012-04-19,27094770000,3943931000,005930
2012-04-20,-95036575000,45719254000,005930
2012-04-23,-56909965000,34172669000,005930
2012-04-24,-10346993000,-44798093000,005930
2012-04-25,5126442000,30994654000,005930
2012-04-26,137756383000,-20434078000,005930
2012-04-27,137360237000,-70938253000,005930
2012-04-30,15855654000,28030010000,005930
2012-05-02,45281173000,-17579824000,005930
2012-05-03,-12085282000,6123044000,005930
2012-05-04,-100832575000,11974515000,005930
2012-05-07,-150767033000,71476858000,005930
2012-05-08,-102713474000,45018494000,005930
2012-05-09,-145640832000,105010882000,005930
2012-05-10,-106943342000,26614413000,005930
2012-05-11,-104561576000,34225362000,005930
2012-05-14,-111442395000,49080533000,005930
2012-05-15,-106579817000,99471748000,005930
2012-05-16,-318330458000,124267914000,005930
2012-05-17,-121694545000,21281406000,005930
2012-05-18,-203726578000,46010555000,005930
2012-05-21,18044882000,46889890000,005930
2012-05-22,22607437000,-26093560000,005930
2012-05-23,-85438606000,53305926000,005930
2012-05-24,-89250621000,63294925000,005930
2012-05-25,15254696000,-26923091000,005930
2012-05-29,20635642000,116881000,005930
2012-05-30,4882611000,-43651705000,005930
2012-05-31,-67211665000,12296312000,005930
2012-06-01,22463522000,37626327000,005930
2012-06-04,-103242328000,139888717000,005930
2012-06-05,-117210573000,124041807000,005930
2012-06-07,129729378000,8692619000,005930
2012-06-08,21564985000,-10686471000,005930
2012-06-11,19112520000,2562161000,005930
2012-06-12,-9569603000,-7797932000,005930
2012-06-13,6961621000,5004437000,005930
2012-06-14,-44051810000,40319218000,005930
2012-06-15,-195906769000,-7259747000,005930
2012-06-18,19362523000,22452919000,005930
2012-06-19,35676616000,-22175027000,005930
2012-06-20,27685390000,-6495757000,005930
2012-06-21,-35963466000,-899311000,005930
2012-06-22,-193876455000,-94244399000,005930
2012-06-25,-341919024000,47893386000,005930
2012-06-26,-78828548000,54404121000,005930
2012-06-27,-27831443000,87089318000,005930
2012-06-28,-21037362000,36073139000,005930
2012-06-29,5999110000,69474900000,005930
2012-07-02,-10948262000,-41009763000,005930
2012-07-03,-6661865000,16372562000,005930
2012-07-04,-45610562000,81259931000,005930
2012-07-05,-28166115000,1221418000,005930
2012-07-06,-62592720000,-52397442000,005930
2012-07-09,-197297706000,44098801000,005930
2012-07-10,-106586669000,23565860000,005930
2012-07-11,-125255611000,50188412000,005930
2012-07-12,-121627895000,-14111666000,005930
2012-07-13,-15516174000,146477150000,005930
2012-07-16,18477864000,41376143000,005930
2012-07-17,72101701000,39223821000,005930
2012-07-18,47842223000,-31494949000,005930
2012-07-19,63956992000,153385969000,005930
2012-07-20,126748297000,-73464570000,005930
2012-07-23,-44342956000,-5109022000,005930
2012-07-24,-10626496000,31480225000,005930
2012-07-25,-4815723000,19438454000,005930
2012-07-26,53826405000,-19499237000,005930
2012-07-27,303851593000,-22848669000,005930
2012-07-30,195515898000,-23656609000,005930
2012-07-31,294903302000,-25547373000,005930
2012-08-01,23237279000,15668442000,005930
2012-08-02,-34999768000,3228198000,005930
2012-08-03,-9205150000,-23479592000,005930
2012-08-06,66243411000,23047875000,005930
2012-08-07,22202404000,-11078340000,005930
2012-08-08,191376214000,-33952686000,005930
2012-08-09,324434590000,-104238545000,005930
2012-08-10,168016341000,-97639195000,005930
2012-08-13,37061308000,-29394739000,005930
2012-08-14,73938656000,-28986426000,005930
2012-08-16,32026775000,-6179575000,005930
2012-08-17,-62988632000,-22501113000,005930
2012-08-20,-111529877000,29909127000,005930
2012-08-21,24547037000,-1177090000,005930
2012-08-22,-54686744000,-15390217000,005930
2012-08-23,22075656000,-14462896000,005930
2012-08-24,-78424708000,80648340000,005930
2012-08-27,171663642842,-337929172842,005930
2012-08-28,14214717000,-32556177000,005930
2012-08-29,6148977000,37909447000,005930
2012-08-30,-23230447000,-20293063000,005930
2012-08-31,-22853464000,-2994024000,005930
2012-09-03,-3512553000,-5743769000,005930
2012-09-04,16888594000,-4987309000,005930
2012-09-05,-15181277000,-97302124000,005930
2012-09-06,-23714650000,17686329000,005930
2012-09-07,228491381000,-4190273000,005930
2012-09-10,117876559000,-47425672000,005930
2012-09-11,38084722000,-18555455000,005930
2012-09-12,96968424000,66016816000,005930
2012-09-13,76322128000,4922172000,005930
2012-09-14,199507623000,-3563942000,005930
2012-09-17,87597786000,-95127397000,005930
2012-09-18,30938279000,-26025594000,005930
2012-09-19,9831456000,359003000,005930
2012-09-20,21953547000,-61392905000,005930
2012-09-21,35735479000,-933246000,005930
2012-09-24,49137023000,10246769000,005930
2012-09-25,9278002000,29541997000,005930
2012-09-26,25936644000,-19487951000,005930
2012-09-27,20889395000,39030058000,005930
2012-09-28,126722220000,-63629488000,005930
2012-10-02,85286195000,-7763555000,005930
2012-10-04,21907901000,-2211943000,005930
2012-10-05,15105958000,24538980000,005930
2012-10-08,32267868000,9922184000,005930
2012-10-09,17116754000,14581979000,005930
2012-10-10,-20171941000,-43062657000,005930
2012-10-11,-13827720000,-115252958000,005930
2012-10-12,-112038601000,52397795000,005930
2012-10-15,-5995423000,31964316000,005930
2012-10-16,41733006000,-2905420000,005930
2012-10-17,26898580000,-6264295000,005930
2012-10-18,14085268000,8549773000,005930
2012-10-19,-104768489000,61656421000,005930
2012-10-22,-13428749000,12993794000,005930
2012-10-23,20355869000,4749715000,005930
2012-10-24,-94532642000,58306137000,005930
2012-10-25,25337768000,-11346147000,005930
2012-10-26,-114624079000,51063726000,005930
2012-10-29,-102090460000,91596259000,005930
2012-10-30,1127099000,4803211000,005930
2012-10-31,-38637808000,74471927000,005930
2012-11-01,-14219046000,-7412947000,005930
2012-11-02,-33517890000,145553491000,005930
2012-11-05,-4360779000,84518607000,005930
2012-11-06,-29680901000,39214800000,005930
2012-11-07,41936913000,-3279113000,005930
2012-11-08,46744601000,-37473106000,005930
2012-11-09,-39722004000,16810775000,005930
2012-11-12,-65584303000,73633215000,005930
2012-11-13,-2272132000,10637379000,005930
2012-11-14,2989897000,38936440000,005930
2012-11-15,-71129013000,45639038000,005930
2012-11-16,-106084057000,37334437000,005930
2012-11-19,-33581645000,60965295000,005930
2012-11-20,85303007000,45408018000,005930
2012-11-21,90397144000,23849445000,005930
2012-11-22,-7820794000,131409264000,005930
2012-11-23,93034483000,-28582398000,005930
2012-11-26,-53882591000,16298237000,005930
2012-11-27,-50170325000,66375876000,005930
2012-11-28,-71444256000,48981428000,005930
2012-11-29,-67450322000,42745771000,005930
2012-11-30,-51986080000,26431196000,005930
2012-12-03,60822939000,-47178109000,005930
2012-12-04,44559408000,-44587494000,005930
2012-12-05,75684889000,-15663093000,005930
2012-12-06,44163643000,-43887537000,005930
2012-12-07,119035329000,-40156852000,005930
2012-12-10,92001099000,-84288573000,005930
2012-12-11,-15352106000,-13471813000,005930
2012-12-12,223011000,19606881000,005930
2012-12-13,202674297610,-36582991610,005930
2012-12-14,-55937793000,29228212000,005930
2012-12-17,-1394739000,-13014892000,005930
2012-12-18,39490157000,-34141327000,005930
2012-12-20,-43826366000,23420621000,005930
2012-12-21,-110424284000,-9307231000,005930
2012-12-24,82974664000,21661379000,005930
2012-12-26,50946744000,50828936000,005930
2012-12-27,-46457783000,12270109000,005930
2012-12-28,35361222000,38997000,005930
2013-01-02,110873092000,-41310287000,005930
2013-01-03,312118000,-44152852000,005930
2013-01-04,-64585207000,-15547719000,005930
2013-01-07,-69204866000,4307229000,005930
2013-01-08,-80441688000,-13608414000,005930
2013-01-09,-29615141000,-38156262000,005930
2013-01-10,50243903000,-6007185000,005930
2013-01-11,57228060000,-68033844000,005930
2013-01-14,41026506000,13127229000,005930
2013-01-15,-52920669000,-27400833000,005930
2013-01-16,-52032569000,-69658842000,005930
2013-01-17,-95004785000,-1855490000,005930
2013-01-18,30522715000,-46438007000,005930
2013-01-21,-86229659000,9161762000,005930
2013-01-22,-29412868000,63666788000,005930
2013-01-23,45300767000,-50228626000,005930
2013-01-24,-110223638000,-4883458000,005930
2013-01-25,-149478300000,-18646202000,005930
2013-01-28,-320028866000,123413607000,005930
2013-01-29,-5574389000,57698389000,005930
2013-01-30,108247829000,-24677338000,005930
2013-01-31,58378894000,-7356413000,005930
2013-02-01,24462716000,-14057474000,005930
2013-02-04,33384881000,-55155033000,005930
2013-02-05,71355535000,-56026222000,005930
2013-02-06,-25671861000,-1778181000,005930
2013-02-07,-983104000,-19167441000,005930
2013-02-08,73612386000,23448369000,005930
2013-02-12,76585886000,-44978714000,005930
2013-02-13,23826452000,38257224000,005930
2013-02-14,4694135000,-3035986000,005930
2013-02-15,41194641000,15634708000,005930
2013-02-18,-18367680000,9632591000,005930
2013-02-19,9747343000,-4140606000,005930
2013-02-20,141604984000,84397718000,005930
2013-02-21,138232479000,-60912796000,005930
2013-02-22,-96850222000,74849881000,005930
2013-02-25,44750930000,-22902936000,005930
2013-02-26,1551012000,10091511000,005930
2013-02-27,26678674000,-8642927000,005930
2013-02-28,31955739000,66069437000,005930
2013-03-04,94663744000,-88883463000,005930
2013-03-05,90304018000,-35599550000,005930
2013-03-06,5674815000,16043729000,005930
2013-03-07,-71070053000,-91417221000,005930
2013-03-08,-142586019000,6644257000,005930
2013-03-11,-115386928000,108820215000,005930
2013-03-12,-21569549000,-29193577000,005930
2013-03-13,34235880000,-2093252000,005930
2013-03-14,-58513469000,-18092414000,005930
2013-03-15,-442107070000,168541181000,005930
2013-03-18,-377413730000,142922492000,005930
2013-03-19,-49939062000,65833335000,005930
2013-03-20,-151158790000,97432686000,005930
2013-03-21,-103851121000,49477986000,005930
2013-03-22,-139030508000,89854780000,005930
2013-03-25,-15468785000,68142817000,005930
2013-03-26,-20609219000,89539693000,005930
2013-03-27,-149219227000,136840729000,005930
2013-03-28,-53847592000,82453013000,005930
2013-03-29,62327741000,73360104000,005930
2013-04-01,-56758337000,53082938000,005930
2013-04-02,49477054000,4564254000,005930
2013-04-03,-78718655000,81931895000,005930
2013-04-04,-91862616000,100281144000,005930
2013-04-05,-119445307000,113819415000,005930
2013-04-08,-23447822000,93287221000,005930
2013-04-09,-4147266000,44433484000,005930
2013-04-10,-5737422000,-17348371000,005930
2013-04-11,27449297000,49102356000,005930
2013-04-12,-59755514000,52863480000,005930
2013-04-15,9813681000,18599127000,005930
2013-04-16,-6087164000,25100681000,005930
2013-04-17,-25967386000,11852573000,005930
2013-04-18,-141072828000,-2264422000,005930
2013-04-19,-107167175000,-8180897000,005930
2013-04-22,-9297779000,155399000,005930
2013-04-23,-70750471000,23128006000,005930
2013-04-24,-83257821000,38870365000,005930
2013-04-25,-83503487000,48253423000,005930
2013-04-26,-83412549000,39984101000,005930
2013-04-29,-51337813000,42932356000,005930
2013-04-30,55155165000,136293730000,005930
2013-05-02,44616701000,12230025000,005930
2013-05-03,52608738000,4801153000,005930
2013-05-06,-5472940000,-6943214000,005930
2013-05-07,-83112287000,6343015000,005930
2013-05-08,-133830716000,-2397349000,005930
2013-05-09,70003521000,-4311764000,005930
2013-05-10,-72581948000,-54053261000,005930
2013-05-13,-35532217000,2325363000,005930
2013-05-14,71470728000,653896000,005930
2013-05-15,39496465000,-35666420000,005930
2013-05-16,56865856000,47092835000,005930
2013-05-20,-301639000,-11931912000,005930
2013-05-21,-15197196000,-20285655000,005930
2013-05-22,30364132000,27715331000,005930
2013-05-23,-87320982000,15752169000,005930
2013-05-24,-64172324000,-7145652000,005930
2013-05-27,-6786260000,27615744000,005930
2013-05-28,-46523012000,41226570000,005930
2013-05-29,95394990000,41353332000,005930
2013-05-30,199596204000,88021795000,005930
2013-05-31,74234138000,46556919000,005930
2013-06-03,34587627000,-345761000,005930
2013-06-04,18886332000,-15874299000,005930
2013-06-05,-20774622000,50831139000,005930
2013-06-07,-662283839000,59299118000,005930
2013-06-10,-229543699000,32022398000,005930
2013-06-11,-325611139000,79653212000,005930
2013-06-12,-253578381000,90181946000,005930
2013-06-13,-457590748000,95388234000,005930
2013-06-14,-113975527000,81690685000,005930
2013-06-17,2546935000,41238278000,005930
2013-06-18,-67306377000,60917661000,005930
2013-06-19,-88069630000,42726498000,005930
2013-06-20,-177331430000,101990587000,005930
2013-06-21,-225532672000,219667980000,005930
2013-06-24,-51049260000,19387063000,005930
2013-06-25,-102338399000,69151782000,005930
2013-06-26,-137927317000,-14819210000,005930
2013-06-27,95637303000,-39173777000,005930
2013-06-28,107535635000,-73549310000,005930
2013-07-01,-6535222000,-18210192000,005930
2013-07-02,-11453598000,19044610000,005930
2013-07-03,-56622841000,-10864918000,005930
2013-07-04,-27862733000,16676758000,005930
2013-07-05,-128290874000,-168370526000,005930
2013-07-08,-153237173000,57088404000,005930
2013-07-09,-68369159000,47760463000,005930
2013-07-10,24361353000,-6141234000,005930
2013-07-11,58531864000,64516365000,005930
2013-07-12,77546802000,-53718007000,005930
2013-07-15,23496814000,-27029863000,005930
2013-07-16,-12339809000,-30214305000,005930
2013-07-17,10579856000,62022361000,005930
2013-07-18,-108668672000,8967023000,005930
2013-07-19,-72769012000,-26680211000,005930
2013-07-22,6433114000,-21984320000,005930
2013-07-23,101662455000,-2455332000,005930
2013-07-24,28908468000,-1342424000,005930
2013-07-25,42463358000,-14980340000,005930
2013-07-26,30378464000,-46653165071,005930
2013-07-29,-19679815000,-35261241000,005930
2013-07-30,-41574843000,51762394000,005930
2013-07-31,-37387102000,9019690000,005930
2013-08-01,-18367514000,-10950234000,005930
2013-08-02,1674796000,-2943332000,005930
2013-08-05,5933399000,-34962597000,005930
2013-08-06,-80599390000,15102193000,005930
2013-08-07,-162258588000,6241505000,005930
2013-08-08,-156952893000,72785398000,005930
2013-08-09,-4375374000,4870022000,005930
2013-08-12,-43735712000,49786446000,005930
2013-08-13,64137658000,68159570000,005930
2013-08-14,126746931000,-42451486000,005930
2013-08-16,32599891000,1501543000,005930
2013-08-19,30736693000,-49109380000,005930
2013-08-20,74183425000,-51368981000,005930
2013-08-21,-17382480000,-13334071000,005930
2013-08-22,13852774000,3251321000,005930
2013-08-23,154161768000,-40889598000,005930
2013-08-26,78864313000,-21633195000,005930
2013-08-27,49045136000,6848467000,005930
2013-08-28,76797794000,-13950137000,005930
2013-08-29,157235508000,24846896000,005930
2013-08-30,234730566000,-60707303000,005930
2013-09-02,49187407000,-27928710000,005930
2013-09-03,65098112000,-58538140000,005930
2013-09-04,48494874000,-42651294000,005930
2013-09-05,115079359000,-4864743000,005930
2013-09-06,92795302000,-23809848000,005930
2013-09-09,77780588000,-23718453000,005930
2013-09-10,188134276000,-48945240000,005930
2013-09-11,163914938000,-86697139000,005930
2013-09-12,206347935000,-76310974000,005930
2013-09-13,191731887000,-152060661000,005930
2013-09-16,145745549000,-73033897000,005930
2013-09-17,60621773000,-127146201000,005930
2013-09-23,-1844651000,-71759344000,005930
2013-09-24,62527100000,-54019061000,005930
2013-09-25,22266713000,-32652174000,005930
2013-09-26,42364304000,-46731863000,005930
2013-09-27,74374799000,-70391837000,005930
2013-09-30,54440955000,-11244609000,005930
2013-10-01,96907341000,-17923605000,005930
2013-10-02,134344983000,67677960000,005930
2013-10-04,64830129000,2318605000,005930
2013-10-07,48954164000,-10091624000,005930
2013-10-08,43880572000,-25517156000,005930
2013-10-10,47215100000,-55299704000,005930
2013-10-11,35953687992,-5504147992,005930
2013-10-14,82539104000,-69509125000,005930
2013-10-15,130138268000,-31778807000,005930
2013-10-16,76107895000,-44079228000,005930
2013-10-17,107559300000,-56066903000,005930
2013-10-18,73126280000,-27524217000,005930
2013-10-21,36548756000,-32753438000,005930
2013-10-22,18866102000,-10736723000,005930
2013-10-23,79022887000,-72733514000,005930
2013-10-24,49108711000,-56902503000,005930
2013-10-25,46466431000,-38251736000,005930
2013-10-28,93779961000,-2214680000,005930
2013-10-29,84470240000,-19348331000,005930
2013-10-30,147512220000,-28778490000,005930
2013-10-31,41738687000,-29880196000,005930
2013-11-01,162994319000,-49506634000,005930
2013-11-04,62175159000,-20095573000,005930
2013-11-05,14074155000,-39081201000,005930
2013-11-06,15953587300,-127301937300,005930
2013-11-07,-2660003000,-64335845000,005930
2013-11-08,-21088834000,-57937416000,005930
2013-11-11,23566087000,-7887783000,005930
2013-11-12,81924106000,-15872677000,005930
2013-11-13,-27240449000,-23067492000,005930
2013-11-14,2692521000,-27784860000,005930
2013-11-15,15706617000,49881966000,005930
2013-11-18,43817304000,131608000,005930
2013-11-19,75941295000,10912981000,005930
2013-11-20,-34034602157,46018418157,005930
2013-11-21,-58976555000,-5925013000,005930
2013-11-22,-14588454000,-138395000,005930
2013-11-25,37258026000,13906580000,005930
2013-11-26,24698391000,8380272000,005930
2013-11-27,-21917207000,24579613000,005930
2013-11-28,100353902000,53156714000,005930
2013-11-29,53552566000,-23904660000,005930
2013-12-02,21416622000,-19961801000,005930
2013-12-03,24551584000,-13203038000,005930
2013-12-04,-140326565000,17026284000,005930
2013-12-05,-8792301000,-29713731000,005930
2013-12-06,35651208000,-67874203000,005930
2013-12-09,67671284000,-17439037000,005930
2013-12-10,135793000,-1297768000,005930
2013-12-11,-43990214000,-36635801000,005930
2013-12-12,-156016948000,87066423000,005930
2013-12-13,-57580917313,-12162167687,005930
2013-12-16,10964636000,-13055164000,005930
2013-12-17,-15087670126,11192692126,005930
2013-12-18,-19973265000,24122057000,005930
2013-12-19,99289874000,4492730000,005930
2013-12-20,22749916000,14503062000,005930
2013-12-23,60830397000,27625788000,005930
2013-12-24,10891309000,46397373000,005930
2013-12-26,27841369000,108759490000,005930
2013-12-27,88381268000,-158432051000,005930
2013-12-30,-23060538000,-64070158000,005930
2014-01-02,-219030985000,-42166182000,005930
2014-01-03,-169010596000,-6849024000,005930
2014-01-06,30766237000,-47695344000,005930
2014-01-07,101770685000,-94471682000,005930
2014-01-08,57465972000,-91652582000,005930
2014-01-09,13111395000,-123575538000,005930
2014-01-10,-11012676000,-16573480000,005930
2014-01-13,42112186000,-5832323000,005930
2014-01-14,48669229000,26452945000,005930
2014-01-15,-11368884000,-14654718000,005930
2014-01-16,-12483387000,7113947000,005930
2014-01-17,-10590911000,3403786000,005930
2014-01-20,38919355000,4359290000,005930
2014-01-21,46060903000,-2039216000,005930
2014-01-22,15059059000,1988844000,005930
2014-01-23,5316712000,-44043066000,005930
2014-01-24,44949677000,-48505218000,005930
2014-01-27,-24024505000,32968964000,005930
2014-01-28,-55472664000,29301252000,005930
2014-01-29,-21092289000,-19686497000,005930
2014-02-03,-43428327000,30211060000,005930
2014-02-04,-61109033000,-8636248000,005930
2014-02-05,-68021349000,4964818000,005930
2014-02-06,-12200248000,23292105000,005930
2014-02-07,43970393000,-26481645000,005930
2014-02-10,58287431000,-45080717000,005930
2014-02-11,140173119000,-32039010000,005930
2014-02-12,37640313000,-10917224000,005930
2014-02-13,-7413102000,-11347496000,005930
2014-02-14,19672057000,-8523222000,005930
2014-02-17,-14715825000,-13824931000,005930
2014-02-18,4778752000,-7680588000,005930
2014-02-19,14824038000,-30804079000,005930
2014-02-20,55400898000,-40555636000,005930
2014-02-21,197309592000,-45987552000,005930
2014-02-24,25593152000,6843714000,005930
2014-02-25,63350146000,-25317305000,005930
2014-02-26,54987500000,1131501000,005930
2014-02-27,33141660000,-17184133000,005930
2014-02-28,32324821000,12617348000,005930
2014-03-03,16258900000,-39222293000,005930
2014-03-04,5913287000,-19117236000,005930
2014-03-05,21104554000,2749128000,005930
2014-03-06,53235418000,-76775009000,005930
2014-03-07,70727294000,-38290166000,005930
2014-03-10,44434862000,-42677411000,005930
2014-03-11,9321331000,-26866640000,005930
2014-03-12,-13541198000,-39706062000,005930
2014-03-13,-56102693000,37132190000,005930
2014-03-14,-47422562000,-3989245000,005930
2014-03-17,-80028591000,20225114000,005930
2014-03-18,-65961493000,44492654000,005930
2014-03-19,-30772180000,11796424000,005930
2014-03-20,-15740003000,-7761026000,005930
2014-03-21,-10973730000,-18685132000,005930
2014-03-24,-12764813000,853498000,005930
2014-03-25,-51041151000,-73926708000,005930
2014-03-26,-8221971000,113515202000,005930
2014-03-27,212925817000,25536495000,005930
2014-03-28,83989276000,5227165000,005930
2014-03-31,87531508000,-23731054000,005930
2014-04-01,78007822000,-55231694000,005930
2014-04-02,197772804000,-90514317000,005930
2014-04-03,157537924000,30084814000,005930
2014-04-04,12744291000,3056653000,005930
2014-04-07,111731126000,-53337679000,005930
2014-04-08,93525509000,-35840260000,005930
2014-04-09,-23513227000,5629000,005930
2014-04-10,53012896000,-31348641000,005930
2014-04-11,47191642000,-54684168000,005930
2014-04-14,11567638064,-8215575064,005930
2014-04-15,41277174000,-41111891000,005930
2014-04-16,10015669000,29190975000,005930
2014-04-17,1994830000,-7047619000,005930
2014-04-18,-59992315000,70681505000,005930
2014-04-21,8253315000,6871941000,005930
2014-04-22,-2586276000,17995303000,005930
2014-04-23,54745449000,9709870000,005930
2014-04-24,118855991000,-38633874000,005930
2014-04-25,150388637000,-75693534000,005930
2014-04-28,-1766508000,2201951000,005930
2014-04-29,-64823603000,15595446000,005930
2014-04-30,-42902263000,-36842040000,005930
2014-05-02,16547904000,-7326317000,005930
2014-05-07,-20640765000,18628015000,005930
2014-05-08,-19994718000,4221433000,005930
2014-05-09,-46918572000,1233087000,005930
2014-05-12,618600000,111064589000,005930
2014-05-13,33785106000,61782319000,005930
2014-05-14,53554233000,33150884000,005930
2014-05-15,53971171000,-15904132000,005930
2014-05-16,165229473000,-86020090000,005930
2014-05-19,135157144000,-7625070000,005930
2014-05-20,81229949000,-31267108000,005930
2014-05-21,46207578200,-23967934200,005930
2014-05-22,37005672000,-31113075000,005930
2014-05-23,5948769000,6896516000,005930
2014-05-26,9827823000,-5012887000,005930
2014-05-27,5856570000,-10638378000,005930
2014-05-28,-1091435000,18831483000,005930
2014-05-29,85434178000,26879927000,005930
2014-05-30,-16313206000,55786466000,005930
2014-06-02,62597197000,-54528059000,005930
2014-06-03,-30176779000,25596977000,005930
2014-06-05,-27260731000,-9469534000,005930
2014-06-09,-29287952000,-24563176000,005930
2014-06-10,46500841000,-40723899000,005930
2014-06-11,20134619000,-20236120000,005930
2014-06-12,23875429000,-75864898000,005930
2014-06-13,-96538369000,-79892295000,005930
2014-06-16,57205351000,-61794271000,005930
2014-06-17,11472806000,-29562648000,005930
2014-06-18,-587551000,-39901558000,005930
2014-06-19,-147887655000,-10270853000,005930
2014-06-20,-201289647000,91804157000,005930
2014-06-23,4693490000,954186000,005930
2014-06-24,23180507000,5044397000,005930
2014-06-25,-39489805000,5296912000,005930
2014-06-26,-43468733000,36904963000,005930
2014-06-27,-68920975000,9744038000,005930
2014-06-30,34478146000,-37677209000,005930
2014-07-01,62302184000,-96925181000,005930
2014-07-02,65336696000,-46325675000,005930
2014-07-03,50627954000,-51796313000,005930
2014-07-04,-10337451000,-30486893000,005930
2014-07-07,13488397000,-71984827000,005930
2014-07-08,40105940000,-25720872000,005930
2014-07-09,31401864000,-33941524000,005930
2014-07-10,45760096000,-34265523000,005930
2014-07-11,-7574678000,-62245110000,005930
2014-07-14,-1511733000,-1237502000,005930
2014-07-15,115268656000,-63362214000,005930
2014-07-16,30713284000,-22658806000,005930
2014-07-17,51970644000,-13605810000,005930
2014-07-18,11343223000,12649331000,005930
2014-07-21,93539864000,-42064126000,005930
2014-07-22,16875519000,-6011381000,005930
2014-07-23,29710607000,-26341314000,005930
2014-07-24,58409929000,-9980223000,005930
2014-07-25,-18002625000,21373117000,005930
2014-07-28,21675744000,23048869000,005930
2014-07-29,48479465000,49993150000,005930
2014-07-30,83395716000,9645383000,005930
2014-07-31,65439175000,-100059438000,005930
2014-08-01,-199376196000,-2798996000,005930
2014-08-04,79445501000,-59796147000,005930
2014-08-05,56118375000,-40613554000,005930
2014-08-06,4530169000,-52185472000,005930
2014-08-07,-32655417000,-41447241000,005930
2014-08-08,-143579117000,-45561760000,005930
2014-08-11,33409317000,-34711764000,005930
2014-08-12,57910251000,-72610521000,005930
2014-08-13,101044797000,-138669971000,005930
2014-08-14,41745499000,-62370364000,005930
2014-08-18,-17298753000,-31513764000,005930
2014-08-19,50044227000,-31386907000,005930
2014-08-20,48618556000,-45230241000,005930
2014-08-21,-16983493000,-95225781000,005930
2014-08-22,28528168000,-21054854000,005930
2014-08-25,-15793583000,-20423833000,005930
2014-08-26,50863122000,-72183056000,005930
2014-08-27,77332071000,-55016886000,005930
2014-08-28,73404964000,-36832982000,005930
2014-08-29,26235523000,-46203393000,005930
2014-09-01,18918058000,-43220838000,005930
2014-09-02,-44019780000,-52733542000,005930
2014-09-03,62829390000,-74536693000,005930
2014-09-04,51559051000,-15547452000,005930
2014-09-05,35155877000,-38203806000,005930
2014-09-11,26358418000,-39985900000,005930
2014-09-12,25090339000,-13608997000,005930
2014-09-15,24545220000,-21081206000,005930
2014-09-16,16656136000,2795566000,005930
2014-09-17,34072249000,-5765071000,005930
2014-09-18,20831898000,-32592449000,005930
2014-09-19,78256329000,-35246138000,005930
2014-09-22,64222014000,-110777515000,005930
2014-09-23,-33833943000,-15167887000,005930
2014-09-24,85752911000,-76587861000,005930
2014-09-25,74330091000,-75036599000,005930
2014-09-26,102960317000,-59748575000,005930
2014-09-29,34877974000,-6293654000,005930
2014-09-30,44028873000,-60326469000,005930
2014-10-01,4829065000,-25402587000,005930
2014-10-02,-23359980000,-4995850000,005930
2014-10-06,1807429000,-3835151000,005930
2014-10-07,559265000,14291185000,005930
2014-10-08,12943466000,-48400533000,005930
2014-10-10,-8398125000,-21759254000,005930
2014-10-13,-4172470000,20529414000,005930
2014-10-14,47770936000,-278838000,005930
2014-10-15,11280043000,-14052782000,005930
2014-10-16,45962672000,-47148450000,005930
2014-10-17,-21607128000,-239669000,005930
2014-10-20,93649067000,-81969469000,005930
2014-10-21,42973738000,-51953375000,005930
2014-10-22,80733012000,-44525541000,005930
2014-10-23,53008272000,-48207261000,005930
2014-10-24,55070362000,-26926805000,005930
2014-10-27,2758675000,-25912910000,005930
2014-10-28,1109857000,-2135792000,005930
2014-10-29,13704136000,36865235000,005930
2014-10-30,206240517000,-84931314000,005930
2014-10-31,263267758000,-100047534000,005930
2014-11-03,48860320000,-18792265000,005930
2014-11-04,12237778000,-11526748000,005930
2014-11-05,-382370000,-1813629000,005930
2014-11-06,20015342000,-29948342000,005930
2014-11-07,6093662000,-9343263000,005930
2014-11-10,118745410000,-3117418000,005930
2014-11-11,-12206354000,-16394918000,005930
2014-11-12,-1674277000,-8436768000,005930
2014-11-13,23038759000,-65497977000,005930
2014-11-14,4770389000,-32551413000,005930
2014-11-17,3089595000,17452098000,005930
2014-11-18,-6809543000,36118658000,005930
2014-11-19,-22823212000,27138713000,005930
2014-11-20,18121793000,-18609170000,005930
2014-11-21,-2729682000,15644741000,005930
2014-11-24,-35745071000,27337228000,005930
2014-11-25,-91787793000,39007711000,005930
2014-11-26,-77448516000,91683870000,005930
2014-11-27,-2734553000,193553895000,005930
2014-11-28,64110222000,-13361359000,005930
2014-12-01,79375016000,-14707650000,005930
2014-12-02,-17652935000,-10846920000,005930
2014-12-03,23121819000,-11122121000,005930
2014-12-04,11112142000,14393698000,005930
2014-12-05,5608345000,7739111000,005930
2014-12-08,46353893000,37586641000,005930
2014-12-09,52293064000,52205454000,005930
2014-12-10,-121005287900,56977595900,005930
2014-12-11,-196997141000,93991459000,005930
2014-12-12,-121357578000,52755749000,005930
2014-12-15,-142587023000,49146679000,005930
2014-12-16,-125320376000,62622418000,005930
2014-12-17,-157522666900,85516013900,005930
2014-12-18,-86547202000,14493994000,005930
2014-12-19,10803893000,74468063000,005930
2014-12-22,-55151203000,17992728000,005930
2014-12-23,-69779312000,11985487000,005930
2014-12-24,29584072000,14868131000,005930
2014-12-26,54365269000,83861003000,005930
2014-12-29,-41446676000,-74573859000,005930
2014-12-30,-29535621000,-81096653000,005930
2015-01-02,28661116000,-27448674000,005930
2015-01-05,-70494157000,12453321000,005930
2015-01-06,-133456517000,26776551000,005930
2015-01-07,-78013040000,28976493000,005930
2015-01-08,-5538895000,133445000,005930
2015-01-09,-18490438000,12636795000,005930
2015-01-12,-52282809000,2951481000,005930
2015-01-13,-9067156000,-28117343000,005930
2015-01-14,-9306859000,10288033000,005930
2015-01-15,-95627864000,10355200000,005930
2015-01-16,-76146837000,-19728430000,005930
2015-01-19,-4747304000,35015173000,005930
2015-01-20,29128592000,79511323000,005930
2015-01-21,-11699486000,32211898000,005930
2015-01-22,-143967798000,84181158000,005930
2015-01-23,-56126074000,-2203986000,005930
2015-01-26,-66110466000,-4140956000,005930
2015-01-27,21164665000,32337156000,005930
2015-01-28,-15260417580,7552136580,005930
2015-01-29,-74021994000,71049699000,005930
2015-01-30,-33681227000,38906649000,005930
2015-02-02,11781531000,-11137622000,005930
2015-02-03,-965932000,5259742000,005930
2015-02-04,-29066819000,18520790000,005930
2015-02-05,12172705000,-16376637000,005930
2015-02-06,16249101000,-7437897000,005930
2015-02-09,17786784000,42049180000,005930
2015-02-10,3699583000,13466342000,005930
2015-02-11,-24529586000,-7851053000,005930
2015-02-12,-33612310000,5698582000,005930
2015-02-13,3359095000,8870699000,005930
2015-02-16,14317038000,4920348000,005930
2015-02-17,399136000,14107751000,005930
2015-02-23,-15025968000,17635140000,005930
2015-02-24,-16589911000,19833377000,005930
2015-02-25,21066407000,-14414987000,005930
2015-02-26,19130045000,-18543354000,005930
2015-02-27,3193089000,-4929103000,005930
2015-03-02,80045937000,63002246000,005930
2015-03-03,-328206800,-1890799200,005930
2015-03-04,26171833000,-7361222000,005930
2015-03-05,-7615747000,12338137000,005930
2015-03-06,49759470000,1140607000,005930
2015-03-09,-43940095000,37062258000,005930
2015-03-10,20150546000,-8531518000,005930
2015-03-11,128365291000,-29826548000,005930
2015-03-12,-6533415000,-27069665000,005930
2015-03-13,21547638000,7067464000,005930
2015-03-16,28261719000,-10024687000,005930
2015-03-17,101936700000,39862297000,005930
2015-03-18,49721341000,15504449000,005930
2015-03-19,-30389260000,4350461000,005930
2015-03-20,-40837797000,30540705000,005930
2015-03-23,-38902800000,22756099000,005930
2015-03-24,-36694737000,41321420000,005930
2015-03-25,9574256000,11256938000,005930
2015-03-26,-258558373000,160845577000,005930
2015-03-27,-78719754000,57681812000,005930
2015-03-30,-13582893000,10931970000,005930
2015-03-31,32825031000,-20140797000,005930
2015-04-01,-17385485000,18123691000,005930
2015-04-02,-7778888000,9060488000,005930
2015-04-03,-40777976000,43409913000,005930
2015-04-06,22846110000,32939614000,005930
2015-04-07,352757000,5965632000,005930
2015-04-08,-1221301000,19121910000,005930
2015-04-09,29831994000,-15733999000,005930
2015-04-10,23590176000,295728000,005930
2015-04-13,24925819000,-46506617000,005930
2015-04-14,51466091000,-57216834000,005930
2015-04-15,22927867000,-86253968000,005930
2015-04-16,101012562000,-61960100000,005930
2015-04-17,21408113000,-54021386000,005930
2015-04-20,50613798000,-115129825000,005930
2015-04-21,111360562000,-104083725000,005930
2015-04-22,112091143000,-49965328000,005930
2015-04-23,49603724000,-69390791000,005930
2015-04-24,73771547000,-211035295000,005930
2015-04-27,-28535838000,-73860420000,005930
2015-04-28,-78266075000,-35846674000,005930
2015-04-29,18734804000,-3608453000,005930
2015-04-30,70142540000,-195785000,005930
2015-05-04,5930635000,-332781000,005930
2015-05-06,-69577610000,-34949944000,005930
2015-05-07,-13663584000,10403752000,005930
2015-05-08,-41938566000,-32710156000,005930
2015-05-11,14646019000,-17915975000,005930
2015-05-12,-12518343000,-21253706000,005930
2015-05-13,4244075000,-32792092000,005930
2015-05-14,13276958000,-10218246000,005930
2015-05-15,9330023000,-49779126000,005930
2015-05-18,-12289652000,16164622000,005930
2015-05-19,31036807000,-6436211000,005930
2015-05-20,68987894000,7479034000,005930
2015-05-21,33922244000,-37944859000,005930
2015-05-22,-13331132000,3078755000,005930
2015-05-26,14954692000,1007000,005930
2015-05-27,-34685086000,-49269478000,005930
2015-05-28,14951406000,-51190349000,005930
2015-05-29,-6878601000,-31414734000,005930
2015-06-01,248735000,-37871580000,005930
2015-06-02,31083646000,-15013680000,005930
2015-06-03,-13910919000,-35278978000,005930
2015-06-04,156427539000,-40574941000,005930
2015-06-05,6676609000,20116680000,005930
2015-06-08,-48063240000,30969816000,005930
2015-06-09,-83896290000,1495835000,005930
2015-06-10,-78848723000,25240746000,005930
2015-06-11,-39878916000,-24421761000,005930
2015-06-12,43256787000,-14167031000,005930
2015-06-15,31862951000,-18696326000,005930
2015-06-16,-48818941000,31026413000,005930
2015-06-17,16102047000,-17256248000,005930
2015-06-18,-21760384000,38387393000,005930
2015-06-19,-45750740000,52691616000,005930
2015-06-22,31138559000,-9750725000,005930
2015-06-23,100630289000,-19966698000,005930
2015-06-24,36991762000,-49039120000,005930
2015-06-25,5572085000,-47969798000,005930
2015-06-26,61450990000,-52865943000,005930
2015-06-29,5624276000,675210000,005930
2015-06-30,-135481000,-12668384000,005930
2015-07-01,61030612000,-24366224000,005930
2015-07-02,27661731000,-20459065000,005930
2015-07-03,2513349000,-36492765000,005930
2015-07-06,-97462494000,6909174000,005930
2015-07-07,-19916954000,15971894000,005930
2015-07-08,-18839057000,17044224000,005930
2015-07-09,-5406199000,32289391000,005930
2015-07-10,-6520313000,4638386000,005930
2015-07-13,-2381826000,14508846000,005930
2015-07-14,-40702087000,-76949707000,005930
2015-07-15,3994356000,-3736727000,005930
2015-07-16,50014705000,24743020000,005930
2015-07-17,58465114000,50324255000,005930
2015-07-20,-1034542000,-4769711000,005930
2015-07-21,-40405994000,10645033000,005930
2015-07-22,-33920152000,-14323929000,005930
2015-07-23,-98651561000,44499153000,005930
2015-07-24,-46710719000,7796932000,005930
2015-07-27,-7586300000,-2602037000,005930
2015-07-28,-17895322000,35541687000,005930
2015-07-29,1449969000,40566016000,005930
2015-07-30,-122431512000,17930924000,005930
2015-07-31,-63582370000,-41996503000,005930
2015-08-03,-6466235000,-11849881000,005930
2015-08-04,-7214656000,-8508396000,005930
2015-08-05,-13439443000,-40210871000,005930
2015-08-06,-60087655000,-35971770000,005930
2015-08-07,81049528000,-52630809000,005930
2015-08-10,30960932000,-12600606000,005930
2015-08-11,70546022000,-37635930000,005930
2015-08-12,-68837617000,74744515000,005930
2015-08-13,-29651704000,2176300000,005930
2015-08-17,-87787020000,18416503000,005930
2015-08-18,41124237000,4954828000,005930
2015-08-19,155166047000,-83713340000,005930
2015-08-20,-45550268000,14513677000,005930
2015-08-21,-155921670000,130945423000,005930
2015-08-24,-137990331000,69807716000,005930
2015-08-25,-92785483000,-6918453000,005930
2015-08-26,-231882656000,116654401000,005930
2015-08-27,-137550946000,57552524000,005930
2015-08-28,-65071862000,24637341000,005930
2015-08-31,16107405000,-3635919000,005930
2015-09-01,51056789000,-47181579000,005930
2015-09-02,17400757000,17759946000,005930
2015-09-03,36778013000,4483037000,005930
2015-09-04,39830339000,3926115000,005930
2015-09-07,-55822420000,50136410000,005930
2015-09-08,1021898000,13217832000,005930
2015-09-09,-79068746000,98570830000,005930
2015-09-10,-112962303000,96090225000,005930
2015-09-11,-23889928000,-8943802000,005930
2015-09-14,-4295863000,9432534000,005930
2015-09-15,-62641930000,62456886000,005930
2015-09-16,-23104530000,92862075000,005930
2015-09-17,-33828448124,51043807124,005930
2015-09-18,54172503216,4844284784,005930
2015-09-21,-71370904000,4868918000,005930
2015-09-22,-88546889600,57580302600,005930
2015-09-23,-57301908000,44169259000,005930
2015-09-24,-41812938000,30153366000,005930
2015-09-25,-80659170000,35492905000,005930
2015-09-30,21596378000,-11111863000,005930
2015-10-01,-10122771000,19971529000,005930
2015-10-02,-75211893000,47521679000,005930
2015-10-05,-60816342000,35232657000,005930
2015-10-06,-27814115000,75955261000,005930
2015-10-07,193233909000,85424772000,005930
2015-10-08,187749371000,-39609008000,005930
2015-10-12,-6239638000,44783488000,005930
2015-10-13,-38874217000,56042327000,005930
2015-10-14,-40170868000,49969784000,005930
2015-10-15,-47870308152,87782707152,005930
2015-10-16,-42046184000,46520222000,005930
2015-10-19,-21202492000,28777784000,005930
2015-10-20,-20135186000,40211429000,005930
2015-10-21,-10864194000,37004511000,005930
2015-10-22,-70835553000,93095095000,005930
2015-10-23,-49790207000,83274045000,005930
2015-10-26,-5030164000,16006805000,005930
2015-10-27,-11687545000,35362256000,005930
2015-10-28,-102278429000,121427559000,005930
2015-10-29,124448959000,-37528483000,005930
2015-10-30,101393674000,-9712495000,005930
2015-11-02,75321250000,-87771233000,005930
2015-11-03,-69384596000,-8610288000,005930
2015-11-04,-31356563000,-55150887000,005930
2015-11-05,22442455000,-34327343000,005930
2015-11-06,-48573675000,-15929133000,005930
2015-11-09,-14740232000,-32300134000,005930
2015-11-10,-37313690000,-29774355000,005930
2015-11-11,-37604384000,3314883000,005930
2015-11-12,-81226976000,-15062734000,005930
2015-11-13,-49615731000,-10532986000,005930
2015-11-16,-65237200000,6306993000,005930
2015-11-17,-16168709000,-18960930000,005930
2015-11-18,-4015158000,-30276861000,005930
2015-11-19,-83464367000,-2190537000,005930
2015-11-20,-90867501000,4927210000,005930
2015-11-23,-80630858000,14766927000,005930
2015-11-24,-55710913000,35429171000,005930
2015-11-25,-87105586000,27116234000,005930
2015-11-26,-19138125000,5760469000,005930
2015-11-27,-67311117000,-29785063000,005930
2015-11-30,-198115391000,90854761000,005930
2015-12-01,9976729000,-14934571000,005930
2015-12-02,-103096094000,-12741766000,005930
2015-12-03,-49949099000,-32765161000,005930
2015-12-04,-90129475000,-10168214000,005930
2015-12-07,-84481277000,2126676000,005930
2015-12-08,-39920469000,-13324505000,005930
2015-12-09,-96631527000,33402568000,005930
2015-12-10,-114044484000,49929313000,005930
2015-12-11,-88570230000,21715084000,005930
2015-12-14,-125543213000,70901649000,005930
2015-12-15,-99873957000,51460347000,005930
2015-12-16,-56684999000,87942168000,005930
2015-12-17,-84430511000,31253232000,005930
2015-12-18,-36371500000,-4896221000,005930
2015-12-21,-45015770000,-10840000,005930
2015-12-22,-16672361000,2434185000,005930
2015-12-23,-55823667000,64014672000,005930
2015-12-24,-52123684000,69299159000,005930
2015-12-28,-7577674000,14276883000,005930
2015-12-29,-59604764000,-48568569000,005930
2015-12-30,3655303000,-55812940000,005930
2016-01-04,-75262575000,-68909380000,005930
2016-01-05,-32661285000,-18180240000,005930
2016-01-06,-80836636000,-25882233000,005930
2016-01-07,-61868862000,-15573915000,005930
2016-01-08,-55869734000,18555796000,005930
2016-01-11,-78191081000,31351018000,005930
2016-01-12,-45628999000,-13244470000,005930
2016-01-13,-14859936000,9701448000,005930
2016-01-14,-36503729000,18723894000,005930
2016-01-15,-10389120000,1497920000,005930
2016-01-18,-44719366000,34640831000,005930
2016-01-19,53026530000,-23178566000,005930
2016-01-20,-30136072000,9046012000,005930
2016-01-21,-63684244000,58875732000,005930
2016-01-22,-22591401000,47002737000,005930
2016-01-25,-46811458000,36006896000,005930
2016-01-26,-21250939000,2354044000,005930
2016-01-27,-30116373000,43912169000,005930
2016-01-28,30923564000,-93306630000,005930
2016-01-29,-29782829000,-21049459000,005930
2016-02-01,64371025000,-69673424000,005930
2016-02-02,1490613000,-31638611000,005930
2016-02-03,-13247525000,-36383056000,005930
2016-02-04,-15868611000,333660000,005930
2016-02-05,16262668000,-23610229000,005930
2016-02-11,-80970232000,7752786000,005930
2016-02-12,-63509141000,44074252000,005930
2016-02-15,-19168611000,4983857000,005930
2016-02-16,-7799363000,-17861257000,005930
2016-02-17,-22305459000,5221087000,005930
2016-02-18,-72834862000,17985870000,005930
2016-02-19,-18657972000,-33093018000,005930
2016-02-22,-27458026000,-38946511000,005930
2016-02-23,-19477473000,-32401340000,005930
2016-02-24,-41629701000,-20123357000,005930
2016-02-25,-41516764000,-4625168000,005930
2016-02-26,-13141076000,-48155622000,005930
2016-02-29,31748167000,-69414353000,005930
2016-03-02,24562295000,-33469366000,005930
2016-03-03,49632763000,-68309565000,005930
2016-03-04,-1871116000,-29092816000,005930
2016-03-07,4192856000,-34114527000,005930
2016-03-08,-66447824000,-3467048000,005930
2016-03-09,-22422370000,-32344649000,005930
2016-03-10,140447818000,-111823711000,005930
2016-03-11,22474650000,-17182842000,005930
2016-03-14,-9143774000,16054382000,005930
2016-03-15,-45908782000,4048643000,005930
2016-03-16,-35523030000,14658703000,005930
2016-03-17,49403969000,-40729047000,005930
2016-03-18,51238909000,-78440372000,005930
2016-03-21,-6269506000,-53474011000,005930
2016-03-22,-6764694000,-42934379000,005930
2016-03-23,-3475213000,-26103173000,005930
2016-03-24,-4612547000,-16576915000,005930
2016-03-25,-5180042000,-14006626000,005930
2016-03-28,-12483370000,-11205134000,005930
2016-03-29,-23061872000,-14958736000,005930
2016-03-30,-37938142000,19347943000,005930
2016-03-31,-33718938000,-615292000,005930
2016-04-01,-97302167000,37217293000,005930
2016-04-04,22814485000,-67280507000,005930
2016-04-05,-111696994000,7357699000,005930
2016-04-06,44563104000,-102708577000,005930
2016-04-07,32346496000,-119914264000,005930
2016-04-08,9067060000,-98993312000,005930
2016-04-11,20319115000,-61940624000,005930
2016-04-12,6180850000,-43417873000,005930
2016-04-14,15719125000,6910113000,005930
2016-04-15,-8522306000,18352759000,005930
2016-04-18,19216017000,-13911926000,005930
2016-04-19,-14117940000,10732388000,005930
2016-04-20,58521362000,-41181017000,005930
2016-04-21,9604147000,-642409000,005930
2016-04-22,27168951000,-32424042000,005930
2016-04-25,36259999000,-37928316000,005930
2016-04-26,31565820000,413102000,005930
2016-04-27,-6453184000,14042340000,005930
2016-04-28,-55802111000,-3037374000,005930
2016-04-29,23003261000,-91983202000,005930
2016-05-02,21662156000,-56514804000,005930
2016-05-03,44296797000,-52157864000,005930
2016-05-04,85226180000,-62675345000,005930
2016-05-09,-10400849000,31299638000,005930
2016-05-10,-12398562000,-6197904000,005930
2016-05-11,46078383000,-64714980000,005930
2016-05-12,-10599732000,-32618499000,005930
2016-05-13,-56898568000,-27745112000,005930
2016-05-16,-58519177000,1071120000,005930
2016-05-17,36753255000,-41370218000,005930
2016-05-18,17488387000,-41987138000,005930
2016-05-19,-16023761000,-3567414000,005930
2016-05-20,-31776223000,9612810000,005930
2016-05-23,18663930000,-18329469000,005930
2016-05-24,-19721722000,-17894841000,005930
2016-05-25,14643926000,24122980000,005930
2016-05-26,27619453000,4416328000,005930
2016-05-27,-11725570000,-22495484000,005930
2016-05-30,34963727000,-68008175000,005930
2016-05-31,-186565308000,133190529000,005930
2016-06-01,77352822000,85661658000,005930
2016-06-02,127223570000,-36826786000,005930
2016-06-03,-16550494000,58373582000,005930
2016-06-07,35891531000,25107178000,005930
2016-06-08,79687814000,-63156625000,005930
2016-06-09,183708792000,-112479612000,005930
2016-06-10,-54148004000,35092399000,005930
2016-06-13,-1539113000,-30701791000,005930
2016-06-14,52924170000,-88892982000,005930
2016-06-15,20249773000,-27915560000,005930
2016-06-16,55322168000,-84760553000,005930
2016-06-17,-6147053000,25773488000,005930
2016-06-20,-23278191000,20466459000,005930
2016-06-21,-26261384000,27974948000,005930
2016-06-22,-53720982000,35111680000,005930
2016-06-23,-93149849000,64763068000,005930
2016-06-24,-115418280000,70675088000,005930
2016-06-27,-128461400000,114368613000,005930
2016-06-28,-103203282000,55318367000,005930
2016-06-29,-16873321000,-24733229000,005930
2016-06-30,42568208000,-72170845000,005930
2016-07-01,65616999000,3629475000,005930
2016-07-04,-50687344000,19520907000,005930
2016-07-05,-17281434000,-9930693000,005930
2016-07-06,-128646424000,50748275000,005930
2016-07-07,81830934000,-76757608000,005930
2016-07-08,84169759000,-63763846000,005930
2016-07-11,10242945000,63340447000,005930
2016-07-12,-277230000,-7996525000,005930
2016-07-13,108589978000,-111801301000,005930
2016-07-14,152567208000,-83508384000,005930
2016-07-15,103316138000,-16513597000,005930
2016-07-18,83126252000,-38687242000,005930
2016-07-19,152085149000,-136363758000,005930
2016-07-20,60930142000,-39969385000,005930
2016-07-21,-13924785000,27073763000,005930
2016-07-22,-71130720000,71679467000,005930
2016-07-25,-1871593000,-1291162000,005930
2016-07-26,6533504000,7632843000,005930
2016-07-27,10018768000,-9879483000,005930
2016-07-28,19007434000,-40161558000,005930
2016-07-29,80011672000,-51254602000,005930
2016-08-01,17035557000,-17710883000,005930
2016-08-02,-20568139000,-24983542000,005930
2016-08-03,-29912470000,-14854257000,005930
2016-08-04,-19243817000,-18757050000,005930
2016-08-05,-646278000,6959121000,005930
2016-08-08,-57318612000,26747702000,005930
2016-08-09,-43953826000,23568432000,005930
2016-08-10,-68132849000,13006057000,005930
2016-08-11,-79858514000,53158272000,005930
2016-08-12,-83117796000,51188505000,005930
2016-08-16,-46153630000,48942946000,005930
2016-08-17,-53818152000,24534805000,005930
2016-08-18,71442628000,8171415000,005930
2016-08-19,-33839631000,-55753250000,005930
2016-08-22,-133405301000,24759894000,005930
2016-08-23,-49471482000,-64328345000,005930
2016-08-24,-153058241000,26660287000,005930
2016-08-25,-179179284000,104571001000,005930
2016-08-26,-110275593000,89376742000,005930
2016-08-29,7426468000,5845197000,005930
2016-08-30,-41910550000,58895610000,005930
2016-08-31,-77036427000,77295249000,005930
2016-09-01,-125553310000,64621193000,005930
2016-09-02,43966244000,-34159661000,005930
2016-09-05,38169602000,-21437003000,005930
2016-09-06,56455524000,-52141969000,005930
2016-09-07,-26042537000,29560958000,005930
2016-09-08,51869394000,-42184992000,005930
2016-09-09,-76444366000,-5350885000,005930
2016-09-12,-30287370000,-70506161000,005930
2016-09-13,171461697000,-192097033000,005930
2016-09-19,11403234000,-105188288000,005930
2016-09-20,57318093000,-151557649000,005930
2016-09-21,-1267711000,-99163781000,005930
2016-09-22,-14449362000,-57764645000,005930
2016-09-23,-139622065000,16831576000,005930
2016-09-26,-46491005000,-73129242000,005930
2016-09-27,-52948875000,50710151000,005930
2016-09-28,-6696836000,5816992000,005930
2016-09-29,23167542000,1814733000,005930
2016-09-30,-28779041000,28227265000,005930
2016-10-04,-1988965000,4883559000,005930
2016-10-05,-19360304000,17279314000,005930
2016-10-06,8626158000,58876647000,005930
2016-10-07,78484620000,-54302136000,005930
2016-10-10,-26361847000,50140930000,005930
2016-10-11,-315292363000,195420664000,005930
2016-10-12,-448176685000,321212996000,005930
2016-10-13,122084107000,-114379952000,005930
2016-10-14,29188904000,-14747650000,005930
2016-10-17,77825087000,-58404799000,005930
2016-10-18,-17735473000,17758235000,005930
2016-10-19,130681420000,-49547037000,005930
2016-10-20,43830875000,7933712000,005930
2016-10-21,-53977306000,53317090000,005930
2016-10-24,-10302400000,51699443000,005930
2016-10-25,-5004893000,50273371000,005930
2016-10-26,-51323512000,38518730000,005930
2016-10-27,-19000189000,44491122000,005930
2016-10-28,81918329000,-16430879000,005930
2016-10-31,40928528000,35142417000,005930
2016-11-01,43294282000,47201554000,005930
2016-11-02,-27235417000,53133831000,005930
2016-11-03,-83031804000,73472728000,005930
2016-11-04,-12341287000,17979100000,005930
2016-11-07,-20013096000,43276008000,005930
2016-11-08,19173041000,-12865232000,005930
2016-11-09,-106083558000,100887286000,005930
2016-11-10,-18016233000,69904466000,005930
2016-11-11,-159008730000,105783170000,005930
2016-11-14,-182703902000,107706338000,005930
2016-11-15,-113467172000,26321719000,005930
2016-11-16,-1386365000,-28427830000,005930
2016-11-17,36329047000,-36209965000,005930
2016-11-18,55148293000,-36367868000,005930
2016-11-21,19923741000,6683657000,005930
2016-11-22,67300111000,13091484000,005930
2016-11-23,55522064000,1105896000,005930
2016-11-24,-36115221000,53987661000,005930
2016-11-25,-7155520000,11062431000,005930
2016-11-28,89209769000,-54895894000,005930
2016-11-29,193119297000,-140373323000,005930
2016-11-30,210476824000,-106902573000,005930
2016-12-01,49167200000,-49516758000,005930
2016-12-02,-10293852000,2391775000,005930
2016-12-05,-3265639000,-4224182000,005930
2016-12-06,-15930937000,62037403000,005930
2016-12-07,80760609000,-65916971000,005930
2016-12-08,-134686355000,164155574000,005930
2016-12-09,-12887217000,3296971000,005930
2016-12-12,-10968124000,-10483281000,005930
2016-12-13,34963185000,-32883713000,005930
2016-12-14,38385783000,-29884473000,005930
2016-12-15,-37629313000,25201865000,005930
2016-12-16,73842059000,-24453808000,005930
2016-12-19,1858614000,-6494362000,005930
2016-12-20,6094801000,7200356000,005930
2016-12-21,-13416810000,5912068000,005930
2016-12-22,-8694234000,17422804000,005930
2016-12-23,-64688233000,54414538000,005930
2016-12-26,26074990000,36246583000,005930
2016-12-27,-2851384000,51086346000,005930
2016-12-28,54009776000,-111359052000,005930
2016-12-29,48861422000,-86473752000,005930
2017-01-02,1501174000,-23880839000,005930
2017-01-03,30083615000,-49843598000,005930
2017-01-04,1557242000,-50598412000,005930
2017-01-05,-78181977000,2196262000,005930
2017-01-06,43122195000,-32016530000,005930
2017-01-09,161323358000,-132140151000,005930
2017-01-10,18280055000,-25098090000,005930
2017-01-11,18616605000,4778296000,005930
2017-01-12,-43276389000,54363180000,005930
2017-01-13,-182902027000,110235766000,005930
2017-01-16,-196677370000,103411245000,005930
2017-01-17,-26740720000,30464325000,005930
2017-01-18,-44838389000,30116767000,005930
2017-01-19,17459639000,-77457574000,005930
2017-01-20,-66591208000,42334137000,005930
2017-01-23,15522523000,1124592000,005930
2017-01-24,-42426831000,47216550000,005930
2017-01-25,77875176000,-64715893000,005930
2017-01-26,37030256000,-66965045000,005930
2017-01-31,-91794602000,32275965000,005930
2017-02-01,-55909844000,-7417918000,005930
2017-02-02,-1217798000,-39585624000,005930
2017-02-03,-23981962000,-13465374000,005930
2017-02-06,-35132440000,-2917712000,005930
2017-02-07,-93372049000,26184026000,005930
2017-02-08,-130460682000,51517547000,005930
2017-02-09,-15739991000,-47699115000,005930
2017-02-10,-46747630000,14124562000,005930
2017-02-13,-70829165000,35024409000,005930
2017-02-14,-72473250000,32557746000,005930
2017-02-15,-20701785000,-33381207000,005930
2017-02-16,63585094000,-78636549000,005930
2017-02-17,-34366246000,20751883000,005930
2017-02-20,46708936000,-62599174000,005930
2017-02-21,-18689665000,23455720000,005930
2017-02-22,57131472000,-86111333000,005930
2017-02-23,-30652083000,-8962681000,005930
2017-02-24,-89106255000,8850209000,005930
2017-02-27,-102315722000,57454167000,005930
2017-02-28,3548046000,-41618394000,005930
2017-03-02,319776334000,-228189498000,005930
2017-03-03,9987041000,-31332155000,005930
2017-03-06,145230830000,-105965291000,005930
2017-03-07,-39228613000,21837038000,005930
2017-03-08,67881776000,-110561557000,005930
2017-03-09,108382302000,-148005163000,005930
2017-03-10,-9051678000,-54049088000,005930
2017-03-13,7645669000,-35168817000,005930
2017-03-14,54839491000,-89684016000,005930
2017-03-15,-93623710000,15279068000,005930
2017-03-16,-58425319000,12256623000,005930
2017-03-17,-32602667000,-24550427000,005930
2017-03-20,-125963983000,45248901000,005930
2017-03-21,15849003000,-57986623000,005930
2017-03-22,-136066408000,51133099000,005930
2017-03-23,-99949257000,-13897418000,005930
2017-03-24,-102292034000,30845646000,005930
2017-03-27,-58351506000,-7064856000,005930
2017-03-28,-35913645000,-22111595000,005930
2017-03-29,-74030988000,15015072000,005930
2017-03-30,-2873948000,-57546433000,005930
2017-03-31,-101258750000,-1262664000,005930
2017-04-03,-77701133000,28690374000,005930
2017-04-04,32893997000,-39568498000,005930
2017-04-05,-19039747000,-26074986000,005930
2017-04-06,-40480588000,-30233563000,005930
2017-04-07,-81013489000,1952913000,005930
2017-04-10,-23432988000,7907970000,005930
2017-04-11,-47306840000,53364501000,005930
2017-04-12,33417092000,-15424476000,005930
2017-04-13,-20723426000,79313601000,005930
2017-04-14,-25627462000,5660787000,005930
2017-04-17,-85756142000,23010301000,005930
2017-04-18,-3789867000,-14600518000,005930
2017-04-19,-99750195000,37740278000,005930
2017-04-20,-249874723000,118273450000,005930
2017-04-21,14095865000,-2979231000,005930
2017-04-24,2146669000,14298143000,005930
2017-04-25,295717134000,-146630000000,005930
2017-04-26,-46183884000,61594074000,005930
2017-04-27,57534610000,6498730000,005930
2017-04-28,106210746000,-154915769000,005930
2017-05-02,-52914372000,-29871205000,005930
2017-05-04,93979243000,-160778362000,005930
2017-05-08,87342997000,-101803821000,005930
2017-05-10,-238005329000,111165539000,005930
2017-05-11,-219175067000,120174360000,005930
2017-05-12,12896059000,-25233618000,005930
2017-05-15,16991813000,-23857631000,005930
2017-05-16,-27367994000,-7120171000,005930
2017-05-17,7895273000,-68956907000,005930
2017-05-18,12393231000,-88513436000,005930
2017-05-19,-162385077000,-117057507000,005930
2017-05-22,117051492000,-266188750000,005930
2017-05-23,-75020980000,11621412000,005930
2017-05-24,-4787081000,-65174157000,005930
2017-05-25,69989616000,-59297041000,005930
2017-05-26,32594573000,-36557338000,005930
2017-05-29,-29073838000,-40647202000,005930
2017-05-30,-41551298000,-159793612000,005930
2017-05-31,-186857190000,81132996000,005930
2017-06-01,5837972000,-61398797000,005930
2017-06-02,233873364000,-106525208000,005930
2017-06-05,88931693000,-82318364000,005930
2017-06-07,-33758153000,-46115075000,005930
2017-06-08,-25949219000,-70327086000,005930
2017-06-09,94973169000,3572849000,005930
2017-06-12,-8128392000,-128298039000,005930
2017-06-13,-103405978000,43529104000,005930
2017-06-14,16566441000,-42553974000,005930
2017-06-15,116327745000,-130820540000,005930
2017-06-16,-108140492000,92906269000,005930
2017-06-19,122343513000,-14693227000,005930
2017-06-20,317420383000,-186474442000,005930
2017-06-21,-33745676000,-41196648000,005930
2017-06-22,-15936745000,-23930933000,005930
2017-06-23,-95752843000,6183882000,005930
2017-06-26,-4265354000,-29696919000,005930
2017-06-27,16897449000,-94839924000,005930
2017-06-28,-88936471000,238603000,005930
2017-06-29,-10653314000,-9973638000,005930
2017-06-30,-19387634000,-84140582000,005930
2017-07-03,-38693056000,-50449198000,005930
2017-07-04,-130878099000,32648482000,005930
2017-07-05,-56283120000,-1914235000,005930
2017-07-06,67342010000,-87784755000,005930
2017-07-07,-73288260000,42560733000,005930
2017-07-10,37464238000,12970792000,005930
2017-07-11,-12712840000,-7405448000,005930
2017-07-12,84000408000,-103066220000,005930
2017-07-13,23899667000,-67301913000,005930
2017-07-14,-33939268000,-10978280000,005930
2017-07-17,-33441450000,-2464805000,005930
2017-07-18,-46871379000,18912930000,005930
2017-07-19,-60257886000,12050757000,005930
2017-07-20,-17357149000,1784175000,005930
2017-07-21,-64247460000,7666073000,005930
2017-07-24,-102601461000,55950447000,005930
2017-07-25,-133219954000,42257871000,005930
2017-07-26,-138716953000,105597400000,005930
2017-07-27,-193089859000,93840288000,005930
2017-07-28,-314875504000,23305655000,005930
2017-07-31,-111947810000,87685214000,005930
2017-08-01,5283331000,-69250083000,005930
2017-08-02,25762582000,-39486085000,005930
2017-08-03,-86738720000,-34064972000,005930
2017-08-04,-14168164000,-17353808000,005930
2017-08-07,14617713000,-50171902000,005930
2017-08-08,-17574794000,-34519567000,005930
2017-08-09,-219700054000,123328524000,005930
2017-08-10,-232980188000,146642453000,005930
2017-08-11,-377695137000,263399918000,005930
2017-08-14,-273775841000,174083096000,005930
2017-08-16,-124180599000,102952510000,005930
2017-08-17,27875176000,-14711348000,005930
2017-08-18,-21015958000,6629687000,005930
2017-08-21,-28997825000,1908902000,005930
2017-08-22,-47807173000,42473946000,005930
2017-08-23,80889323000,-86021488000,005930
2017-08-24,-41842907000,26511729000,005930
2017-08-25,-45960924000,14609068000,005930
2017-08-28,-32406132000,80878000,005930
2017-08-29,-64794409000,-347962000,005930
2017-08-30,-45337173000,14769572000,005930
2017-08-31,9899361000,-35417175000,005930
2017-09-01,55729675000,-61565992000,005930
2017-09-04,3948567000,50511863000,005930
2017-09-05,-60206619000,67751627000,005930
2017-09-06,-110443048000,111938673000,005930
2017-09-07,-14247668000,77676916000,005930
2017-09-08,17427690000,30119765000,005930
2017-09-11,-66992751000,114086802000,005930
2017-09-12,-73314545000,32283134000,005930
2017-09-13,-7650312000,10858392000,005930
2017-09-14,75830867000,-50191101000,005930
2017-09-15,10717918000,23402899000,005930
2017-09-18,161311129000,-30751629000,005930
2017-09-19,-4725056000,-27454391000,005930
2017-09-20,-53343979000,19806912000,005930
2017-09-21,73911756000,-55983553000,005930
2017-09-22,89971133000,-108863226000,005930
2017-09-25,35393327000,-26933758000,005930
2017-09-26,-215339037000,87781829000,005930
2017-09-27,-2750870000,-59674474000,005930
2017-09-28,-19830709000,-76159830000,005930
2017-09-29,-94242555000,-54148748000,005930
2017-10-10,253384896000,-167505594000,005930
2017-10-11,180467408000,-117487825000,005930
2017-10-12,36327635000,-55960890000,005930
2017-10-13,-37620860000,6363886000,005930
2017-10-16,-27183700000,-34468284000,005930
2017-10-17,93127059000,-97927926000,005930
2017-10-18,24516569000,-65232638000,005930
2017-10-19,-50528187000,-123991984000,005930
2017-10-20,67793892000,-106592040000,005930
2017-10-23,83802663000,-171211452000,005930
2017-10-24,-28053202000,3608888000,005930
2017-10-25,52549539000,-83720434000,005930
2017-10-26,-13078496000,-106494734000,005930
2017-10-27,2406750000,-29019494000,005930
2017-10-30,118413283000,-97083379000,005930
2017-10-31,139062532000,-28678895000,005930
2017-11-01,61986398000,13549262000,005930
2017-11-02,26313119000,-73249831000,005930
2017-11-03,-198808039000,84491692000,005930
2017-11-06,40075888000,-107182660000,005930
2017-11-07,17938059000,-57807339000,005930
2017-11-08,16298023000,-18169410000,005930
2017-11-09,-53819404000,-38462481000,005930
2017-11-10,-33983144000,15016345000,005930
2017-11-13,25953381000,-28295142000,005930
2017-11-14,-115335724000,58240117000,005930
2017-11-15,-95921333000,58197284000,005930
2017-11-16,43441081000,-56484657000,005930
2017-11-17,187454130000,-167459852000,005930
2017-11-20,-27010528000,-122033114000,005930
2017-11-21,-48012203000,18907004000,005930
2017-11-22,-9993519000,38820532000,005930
2017-11-23,-52668906000,-35886541000,005930
2017-11-24,-45233415000,24371713000,005930
2017-11-27,-329938465000,-61328427000,005930
2017-11-28,-94744702000,37407878000,005930
2017-11-29,-142336362000,37872416000,005930
2017-11-30,-341871161000,71489270000,005930
2017-12-01,-143002755000,47249502000,005930
2017-12-04,-55976080000,-23376122000,005930
2017-12-05,-58433996000,6249107000,005930
2017-12-06,-192273870000,49885869000,005930
2017-12-07,-116511296000,141646292000,005930
2017-12-08,75131646000,9314459000,005930
2017-12-11,-115829400000,71965546000,005930
2017-12-12,42093533000,-23562233000,005930
2017-12-13,-206766122000,123493898000,005930
2017-12-14,116772553000,-134464804000,005930
2017-12-15,-136282486000,61465046000,005930
2017-12-18,-46249210000,76245364000,005930
2017-12-19,-37490661000,137381018000,005930
2017-12-20,-161556152000,144859752000,005930
2017-12-21,-163993318000,85159630000,005930
2017-12-22,66926039000,99215204000,005930
2017-12-26,1662673000,241001193000,005930
2017-12-27,-73135341000,-95581798000,005930
2017-12-28,19847632000,11151971000,005930
2018-01-02,-46571208000,-59801412000,005930
2018-01-03,118564889000,-123156838000,005930
2018-01-04,68464355000,-101949136000,005930
2018-01-05,25017844000,14748253000,005930
2018-01-08,23912090000,-46525536000,005930
2018-01-09,-213406040000,19156506000,005930
2018-01-10,-259289438000,-82587286000,005930
2018-01-11,-206929151000,-63403250000,005930
2018-01-12,-424104846000,89918486000,005930
2018-01-15,25289041000,-13580173000,005930
2018-01-16,80143982000,11305183000,005930
2018-01-17,13757079000,-54031884000,005930
2018-01-18,37186119000,27666317000,005930
2018-01-19,-58358049000,-16840196000,005930
2018-01-22,-111973157000,-58378594000,005930
2018-01-23,10535412000,7960073000,005930
2018-01-24,-51532222000,79197457000,005930
2018-01-25,35104554000,55115720000,005930
2018-01-26,57787776000,33593758000,005930
2018-01-29,22067556000,45770459000,005930
2018-01-30,-102462060000,-62407206000,005930
2018-01-31,-616736832000,-113099951000,005930
2018-02-01,-216356763000,-112236310000,005930
2018-02-02,-425402443000,-143470417000,005930
2018-02-05,-308741386000,10244822000,005930
2018-02-06,-75080756000,17067993000,005930
2018-02-07,-85610418000,-225735509000,005930
2018-02-08,81087119000,-154395285000,005930
2018-02-09,-76955814000,-59293688000,005930
2018-02-12,49425054000,-25798111000,005930
2018-02-13,150484888000,15894287000,005930
2018-02-14,130233563000,53705916000,005930
2018-02-19,-54194262000,11855918000,005930
2018-02-20,-23238834000,-61630202000,005930
2018-02-21,-85945758000,1896470000,005930
2018-02-22,-15400956000,-79680755000,005930
2018-02-23,-39502019000,46943327000,005930
2018-02-26,-60876027000,37379938000,005930
2018-02-27,-41198688000,45700299000,005930
2018-02-28,57439171000,-56654196000,005930
2018-03-02,-126943241000,-89443127000,005930
2018-03-05,-88179287000,-50451156000,005930
2018-03-06,31891355000,65392721000,005930
2018-03-07,286608077000,12139535000,005930
2018-03-08,68068001000,-9943648000,005930
2018-03-09,80347363000,54947791000,005930
2018-03-12,34764333000,-60572247000,005930
2018-03-13,372654391000,-25577794000,005930
2018-03-14,28675030000,-28381949000,005930
2018-03-15,6781698000,-14818770000,005930
2018-03-16,30045699000,-78516458000,005930
2018-03-19,-39754910000,8874665000,005930
2018-03-20,-32004863000,35252857000,005930
2018-03-21,-65459550000,53434583000,005930
2018-03-22,42508723000,39731002000,005930
2018-03-23,-102832326000,-98021220000,005930
2018-03-26,-58967869000,8935719000,005930
2018-03-27,-12701126000,-56407237000,005930
2018-03-28,-100755382000,-91214948000,005930
2018-03-29,-62374326000,24545377000,005930
2018-03-30,-81078164000,43047351000,005930
2018-04-02,-92763688000,-34014927000,005930
2018-04-03,-104556685000,-50571560000,005930
2018-04-04,-130936387000,-120830701000,005930
2018-04-05,-14763420000,145523754000,005930
2018-04-06,-112898992000,18617856000,005930
2018-04-09,-33950695920,83924081920,005930
2018-04-10,-51790433088,3749941088,005930
2018-04-11,33262699000,-49794111000,005930
2018-04-12,77021134000,-97405355000,005930
2018-04-13,111376190349,-7671713349,005930
2018-04-16,31918353620,36117622380,005930
2018-04-17,-68085376000,9471562000,005930
2018-04-18,172726007000,27202471000,005930
2018-04-19,203189801000,-34473276000,005930
2018-04-20,-191431629000,67409771000,005930
2018-04-23,-99742411000,36225300000,005930
2018-04-24,-255771128000,-6977142000,005930
2018-04-25,-418702824000,28561475000,005930
2018-04-26,-13913411000,-55482429000,005930
2018-04-27,-117805220000,-197376182000,005930
2018-05-04,-52721756700,-591577541700,005930
2018-05-08,103084648800,-55407203100,005930
2018-05-09,-109499115800,-61438287200,005930
2018-05-10,-32629400900,11920187400,005930
2018-05-11,28836330200,-25470106200,005930
2018-05-14,-104641025850,-49566450100,005930
2018-05-15,-61038613900,-91879426900,005930
2018-05-16,77374444550,66386686250,005930
2018-05-17,-116300126350,37187089350,005930
2018-05-18,-25861542850,5546479000,005930
2018-05-21,10937006796,17999389104,005930
2018-05-23,42933908200,27600015000,005930
2018-05-24,4742797276,-83308810076,005930
2018-05-25,216916274000,38831343300,005930
2018-05-28,3040970200,16254064800,005930
2018-05-29,-16755990000,-65931822800,005930
2018-05-30,-231001334950,-185111434600,005930
2018-05-31,1121196455850,-1145700536900,005930
2018-06-01,118524799802,-27400617852,005930
2018-06-04,54675268700,-22418015400,005930
2018-06-05,56545550900,-49068961000,005930
2018-06-07,-41336712700,-46793413600,005930
2018-06-08,-89117092300,-281250920200,005930
2018-06-11,-79397760100,35266747350,005930
2018-06-12,-79267235600,-30019263150,005930
2018-06-14,-326197829400,47916807500,005930
2018-06-15,-241439644100,67970404300,005930
2018-06-18,-190649464150,128852237900,005930
2018-06-19,-32798745850,49756465600,005930
2018-06-20,-63888426650,10717944150,005930
2018-06-21,-7062555300,-59497104200,005930
2018-06-22,-27644109500,-18395576000,005930
2018-06-25,-50389293250,-2082697250,005930
2018-06-26,-64647021250,95319408900,005930
2018-06-27,96622917350,-23492794350,005930
2018-06-28,-146309938150,35816884200,005930
2018-06-29,17856172950,-63916431350,005930
2018-07-02,-56599843650,-17633775250,005930
2018-07-03,38906265950,-2088012750,005930
2018-07-04,12854115300,-4668919850,005930
2018-07-05,-59031398100,24942231400,005930
2018-07-06,-217490910450,-11529911350,005930
2018-07-09,-18972985050,59282658000,005930
2018-07-10,44992936600,-26232671950,005930
2018-07-11,29740743750,-49237277750,005930
2018-07-12,-12419158900,-20577539300,005930
2018-07-13,14468493550,23011883200,005930
2018-07-16,-36531376400,-28656707100,005930
2018-07-17,-47063111150,21476521200,005930
2018-07-18,88162161200,-29608533000,005930
2018-07-19,32912934800,38614503450,005930
2018-07-20,57776150700,50058951150,005930
2018-07-23,-46308787200,63953601850,005930
2018-07-24,-40557768000,56742046400,005930
2018-07-25,-54431738450,70485032950,005930
2018-07-26,47664004500,14012879050,005930
2018-07-27,-17098946800,26558006350,005930
2018-07-30,7680059550,-45543415850,005930
2018-07-31,-52063426350,18212487400,005930
2018-08-01,43756464150,-25625518900,005930
2018-08-02,-14910793100,-94886523700,005930
2018-08-03,557989000,-43539409350,005930
2018-08-06,76892871800,-35906475000,005930
2018-08-07,103512178050,-48380300250,005930
2018-08-08,58076537200,-42573903000,005930
2018-08-09,-98081283600,107668596550,005930
2018-08-10,-65683633950,-190433033100,005930
2018-08-13,-26973434750,16643541900,005930
2018-08-14,8230384600,11946553700,005930
2018-08-16,-80067612900,7894701000,005930
2018-08-17,19366331850,-66744034400,005930
2018-08-20,-54695661400,9402508850,005930
2018-08-21,-7815461850,29207342650,005930
2018-08-22,162865039150,-68425063400,005930
2018-08-23,35859826900,-22210858600,005930
2018-08-24,34854206700,-17138400850,005930
2018-08-27,42565559450,-19916005350,005930
2018-08-28,48838677050,-14158837000,005930
2018-08-29,65805913350,-11215706950,005930
2018-08-30,234181832900,-70867857850,005930
2018-08-31,157083170150,-11985324000,005930
2018-09-03,-83010995400,28044300750,005930
2018-09-04,22482293200,-23384657050,005930
2018-09-05,68218850,-56000347700,005930
2018-09-06,-60830840850,11916378550,005930
2018-09-07,-351718130500,84546377100,005930
2018-09-10,78286212300,-66334754850,005930
2018-09-11,-12302266150,-8545349300,005930
2018-09-12,-157900468750,57139426150,005930
2018-09-13,-305874280500,126986463750,005930
2018-09-14,121456755450,26198748450,005930
2018-09-17,30024690450,-86069755950,005930
2018-09-18,47770544350,-6754600250,005930
2018-09-19,101621521250,-17531773900,005930
2018-09-20,235156536500,-14528579850,005930
2018-09-21,36082648750,710478900,005930
2018-09-27,94617137300,-59498694050,005930
2018-09-28,-70907912100,43159521650,005930
2018-10-01,18897017400,-37372798150,005930
2018-10-02,-6289379650,-20791613100,005930
2018-10-04,-195456886300,60132115350,005930
2018-10-05,-108105927450,18725834900,005930
2018-10-08,-4129181700,11588298200,005930
2018-10-10,16500466050,36551300300,005930
2018-10-11,-270723956600,93756097100,005930
2018-10-12,60907941850,-26107059600,005930
2018-10-15,25241562850,-63752295700,005930
2018-10-16,5345067000,-30388849650,005930
2018-10-17,22508684750,3445080900,005930
2018-10-18,68935753600,-60112673550,005930
2018-10-19,-55991861950,25360720250,005930
2018-10-22,-27176883700,10960239650,005930
2018-10-23,-55831547750,-6918995500,005930
2018-10-24,-145308723700,170881951150,005930
2018-10-25,-271115067200,215279266750,005930
2018-10-26,-73655142100,61960512850,005930
2018-10-29,-75074343550,180344535600,005930
2018-10-30,-56606108000,113846672450,005930
2018-10-31,33583441350,-105037048650,005930
2018-11-01,63052401600,-87366948600,005930
2018-11-02,145228423550,-42318494250,005930
2018-11-05,77555911100,-86707691800,005930
2018-11-06,15442853450,-19180085000,005930
2018-11-07,25687267600,58583514450,005930
2018-11-08,57085685050,-32046069200,005930
2018-11-09,39689768100,-30755290700,005930
2018-11-12,83404135600,47546265500,005930
2018-11-13,-83137966700,61982100050,005930
2018-11-14,-23214900700,17321486550,005930
2018-11-15,-20261199900,27894696550,005930
2018-11-16,6371546250,-20636969800,005930
2018-11-19,-17743708300,16979228350,005930
2018-11-20,-73427119600,48679396950,005930
2018-11-21,-126447745550,72831504850,005930
2018-11-22,956290050,28408043600,005930
2018-11-23,16297624300,-23462720600,005930
2018-11-26,-73983701100,92895875000,005930
2018-11-27,51655819700,-37891560700,005930
2018-11-28,-16416669950,30797362650,005930
2018-11-29,7032626300,-329878450,005930
2018-11-30,-72326112750,-78583505650,005930
2018-12-03,144950351250,-44163715150,005930
2018-12-04,-94928902500,-74936117500,005930
2018-12-05,-191244252500,73264176750,005930
2018-12-06,-212297547700,31660855250,005930
2018-12-07,10232566100,-15772950600,005930
2018-12-10,-113360387000,37710463300,005930
2018-12-11,15167655900,-24418276750,005930
2018-12-12,-57009312200,25389859350,005930
2018-12-13,44519412350,-132274704700,005930
2018-12-14,-6540395300,-88521800500,005930
2018-12-17,27044603700,54836491600,005930
2018-12-18,-51972713000,70584999050,005930
2018-12-19,-20807916100,38565892100,005930
2018-12-20,-22866769600,11894673000,005930
2018-12-21,-96587069800,114993973200,005930
2018-12-24,56610478100,42282102550,005930
2018-12-26,35454920250,44826351200,005930
2018-12-27,64035449250,-144990267150,005930
2018-12-28,108024178700,-63820975000,005930
2019-01-02,49974911900,-21202169650,005930
2019-01-03,9790670700,-70201495350,005930
2019-01-04,-56379046500,33233455800,005930
2019-01-07,66372420800,-10692786600,005930
2019-01-08,-48549024550,51887332200,005930
2019-01-09,116048613400,591754500,005930
2019-01-10,145570802400,-101746681450,005930
2019-01-11,95693829850,-25121724550,005930
2019-01-14,62724988150,-81559474450,005930
2019-01-15,55141486350,29812307000,005930
2019-01-16,57335541650,-19569744200,005930
2019-01-17,130298541850,-34656211650,005930
2019-01-18,60334190450,1621167250,005930
2019-01-21,71714646700,3264849200,005930
2019-01-22,15417859300,1816965850,005930
2019-01-23,-89605658050,99586696250,005930
2019-01-24,208683437650,-98283476300,005930
2019-01-25,390466930150,-86917061900,005930
2019-01-28,345509711350,-194885530050,005930
2019-01-29,182602610650,-91189770500,005930
2019-01-30,192949979800,-26787076150,005930
2019-01-31,262810861600,-158818265750,005930
2019-02-01,137972503350,-54716936700,005930
2019-02-07,65343355000,-58409346100,005930
2019-02-08,-60650560500,30462003200,005930
2019-02-11,21039818950,-2352659950,005930
2019-02-12,86741837050,-15828326700,005930
2019-02-13,8642584150,27304316350,005930
2019-02-14,140990454100,48239596450,005930
2019-02-15,-59720414100,-38962107350,005930
2019-02-18,-23495791400,23438708950,005930
2019-02-19,-28259049350,19360183400,005930
2019-02-20,144975768150,-29198147050,005930
2019-02-21,82494074950,-71246620300,005930
2019-02-22,31302854600,1662207350,005930
2019-02-25,66124274150,-2369518650,005930
2019-02-26,27796370300,-57370715100,005930
2019-02-27,4727598800,-634552400,005930
2019-02-28,-88600817350,4713908000,005930
2019-03-04,-93555580100,45789756350,005930
2019-03-05,-49198394250,6313489100,005930
2019-03-06,20274641800,-33599987650,005930
2019-03-07,1267922050,5043447350,005930
2019-03-08,-31557926050,9091675850,005930
2019-03-11,-60989971100,46147969150,005930
2019-03-12,54891066450,70315901650,005930
2019-03-13,-8105619850,-41750181150,005930
2019-03-14,-63099937450,6485778900,005930
2019-03-15,-153305241100,165729066500,005930
2019-03-18,-125887466400,59499509000,005930
2019-03-19,22874937850,-27259716250,005930
2019-03-20,-46595248200,29709393700,005930
2019-03-21,194447046850,40056309300,005930
2019-03-22,114235386700,-62608434150,005930
2019-03-25,12147075100,-46664271350,005930
2019-03-26,51864068800,-60334772300,005930
2019-03-27,-23485740800,46449097300,005930
2019-03-28,47378336050,-38681589150,005930
2019-03-29,-44180552900,14273538350,005930
2019-04-01,9708332200,17299663250,005930
2019-04-02,140512794100,-59480846250,005930
2019-04-03,73738755600,58549081050,005930
2019-04-04,105356296900,57911246950,005930
2019-04-05,43682673400,28393828350,005930
2019-04-08,73716737300,-51466102050,005930
2019-04-09,58324986750,-33977336950,005930
2019-04-10,-34048452800,51012785600,005930
2019-04-11,81979005600,-104172546650,005930
2019-04-12,91032340700,-54181080950,005930
2019-04-15,84590543700,-26222011450,005930
2019-04-16,75631937250,-47590436500,005930
2019-04-17,4916189850,439234600,005930
2019-04-18,-122168745800,8740817150,005930
2019-04-19,-109998277550,13046725550,005930
2019-04-22,33014074250,-33358722800,005930
2019-04-23,-8538621200,-24045882800,005930
2019-04-24,-11746494050,-105420932850,005930
2019-04-25,-56923044750,15721285800,005930
2019-04-26,20843628350,-32824301650,005930
2019-04-29,50494876400,31345611950,005930
2019-04-30,29574642600,-13673586700,005930
2019-05-02,-21037646950,9824665050,005930
2019-05-03,32466044800,-78922195500,005930
2019-05-07,68335156850,-116848622550,005930
2019-05-08,-23369635550,-59279171750,005930
2019-05-09,-93133653900,-152254471600,005930
2019-05-10,-83269633150,8648264950,005930
2019-05-13,30434035050,-46237810350,005930
2019-05-14,-96595190000,66531452650,005930
2019-05-15,-22572210350,-26101383100,005930
2019-05-16,-146178840600,688498450,005930
2019-05-17,-28347474400,-32931032200,005930
2019-05-20,69786295200,-9667424550,005930
2019-05-21,82544821200,-47333141050,005930
2019-05-22,76844179000,-64836946250,005930
2019-05-23,142521812650,-79404338050,005930
2019-05-24,-172275454800,102675646100,005930
2019-05-27,-56716497850,40015461700,005930
2019-05-28,-194463063350,164696957300,005930
2019-05-29,-84816022100,36033129900,005930
2019-05-30,68877708050,-33427891700,005930
2019-05-31,18902466800,-26352613100,005930
2019-06-03,141563090350,-49544822950,005930
2019-06-04,-99142083850,74484161050,005930
2019-06-05,-25716151500,70832665700,005930
2019-06-07,27893595850,27659992950,005930
2019-06-10,56497126300,49828040700,005930
2019-06-11,31529554550,18794074900,005930
2019-06-12,-5240363300,16146409050,005930
2019-06-13,-10340146200,-20258556850,005930
2019-06-14,23589740350,-8903000700,005930
2019-06-17,-41974378800,38618611700,005930
2019-06-18,27313508100,1658899700,005930
2019-06-19,110961201300,20675902850,005930
2019-06-20,8571761950,30217974200,005930
2019-06-21,38983913250,-12410330350,005930
2019-06-24,-33238669700,47905180050,005930
2019-06-25,17095962800,11916254050,005930
2019-06-26,21779885250,20093100500,005930
2019-06-27,180001718650,12630779950,005930
2019-06-28,291733198350,-90806019050,005930
2019-07-01,82493887950,-3517702750,005930
2019-07-02,42608515500,6900551750,005930
2019-07-03,6502989250,8243848800,005930
2019-07-04,62757839850,-24620325700,005930
2019-07-05,25703031350,-10420326050,005930
2019-07-08,28681326850,-7440806250,005930
2019-07-09,72017448050,-18465608800,005930
2019-07-10,84217047550,-16355014600,005930
2019-07-11,182202191950,-86016323400,005930
2019-07-12,46380373100,-17936110950,005930
2019-07-15,44651790650,-7326942050,005930
2019-07-16,119448345150,-19403776650,005930
2019-07-17,6277930850,2077423900,005930
2019-07-18,48651272700,-52622710600,005930
2019-07-19,40820364750,81485980350,005930
2019-07-22,186954808400,-74805253800,005930
2019-07-23,81418745700,32525282950,005930
2019-07-24,34815021900,-49570539700,005930
2019-07-25,146949242550,-65083683750,005930
2019-07-26,51539762300,-24192323750,005930
2019-07-29,-61466537750,74617425700,005930
2019-07-30,67816086350,-45681384000,005930
2019-07-31,-64242703550,38030412100,005930
2019-08-01,-41596610050,29558129800,005930
2019-08-02,-96320459700,84966830050,005930
2019-08-05,-199050659350,205750549750,005930
2019-08-06,-253037902150,287937809400,005930
2019-08-07,-77045361000,25565952400,005930
2019-08-08,-92184092450,-38120388850,005930
2019-08-09,-28736753000,-45746364550,005930
2019-08-12,-6200355800,-35594003150,005930
2019-08-13,-113944030800,63421272050,005930
2019-08-14,16554968450,-11196502600,005930
2019-08-16,-11064632800,23396142700,005930
2019-08-19,-79436520250,58368897800,005930
2019-08-20,48215726450,-17053311000,005930
2019-08-21,-23767308200,30687200750,005930
2019-08-22,3813436250,-23197510700,005930
2019-08-23,-8857601000,20824943350,005930
2019-08-26,-41023408500,30680397050,005930
2019-08-27,-42049094850,104778214150,005930
2019-08-28,10443461350,13638048100,005930
2019-08-29,-86038989950,30793727000,005930
2019-08-30,-72619876300,119909237650,005930
2019-09-02,-69777983150,34596064100,005930
2019-09-03,-153977488800,51372171850,005930
2019-09-04,-164800282400,168772930550,005930
2019-09-05,120766103500,80213706750,005930
2019-09-06,94112083100,-3185803050,005930
2019-09-09,102672195050,-9022253800,005930
2019-09-10,63452175000,20309781500,005930
2019-09-11,11177806550,83815869550,005930
2019-09-16,-20802780750,29516015650,005930
2019-09-17,-5886475200,-4671747400,005930
2019-09-18,115654137550,2619066200,005930
2019-09-19,240970209850,-54224085300,005930
2019-09-20,17821687950,88297943550,005930
2019-09-23,2371793250,26527642700,005930
2019-09-24,-53973494900,107123410600,005930
2019-09-25,-67163244400,73542589450,005930
2019-09-26,-5812242400,4225371800,005930
2019-09-27,35191872400,-53825902250,005930
2019-09-30,26296749850,-5888365050,005930
2019-10-01,-90841041050,69939087500,005930
2019-10-02,30712310400,-88242538000,005930
2019-10-04,-11366749200,27277592700,005930
2019-10-07,-37407170400,22261230400,005930
2019-10-08,-9517949800,90558914600,005930
2019-10-10,39686771550,-26510495400,005930
2019-10-11,84362596900,23503844800,005930
2019-10-14,83058899900,83966271100,005930
2019-10-15,15239233600,23642854400,005930
2019-10-16,46902884300,39688069200,005930
2019-10-17,-7011591300,25607410700,005930
2019-10-18,73542151950,-92904626400,005930
2019-10-21,-3413952150,22569758950,005930
2019-10-22,102639344100,111088221600,005930
2019-10-23,63986920200,-58593461900,005930
2019-10-24,-65902062100,45276417400,005930
2019-10-25,-31697001800,40617557300,005930
2019-10-28,27558960300,43665367200,005930
2019-10-29,-48220830300,37522763800,005930
2019-10-30,11860359200,-50562642400,005930
2019-10-31,21068870200,32143402100,005930
2019-11-01,76843393600,-48879203500,005930
2019-11-04,71312015800,99401897700,005930
2019-11-05,124651318300,-45838380300,005930
2019-11-06,224057021100,-118331014500,005930
2019-11-07,-30564812600,11341519300,005930
2019-11-08,-79333617300,15400528200,005930
2019-11-11,-23857367700,-7651506800,005930
2019-11-12,4425794200,16130895500,005930
2019-11-13,40416031400,-59636395400,005930
2019-11-14,-71400296500,79616345200,005930
2019-11-15,-7433982900,230541707200,005930
2019-11-18,-62746774500,37277228200,005930
2019-11-19,4751338300,-25461083400,005930
2019-11-20,-157022322800,11259000700,005930
2019-11-21,-178659771500,110534432400,005930
2019-11-22,-96788180200,104692715300,005930
2019-11-25,-136195081800,127008094400,005930
2019-11-26,-390207335300,363465910900,005930
2019-11-27,-29608983800,42065688100,005930
2019-11-28,-83588798700,27409240100,005930
2019-11-29,-141875121400,-14599352900,005930
2019-12-02,-142911609000,121874117500,005930
2019-12-03,-170838985700,85325193400,005930
2019-12-04,-85900105900,7353418400,005930
2019-12-05,-19549569900,-20791614050,005930
2019-12-06,-28908571200,65039120000,005930
2019-12-09,38586049400,5725547200,005930
2019-12-10,5674222500,42412844600,005930
2019-12-11,24039290100,40285905300,005930
2019-12-12,294763443900,72930012100,005930
2019-12-13,283945036500,134032419500,005930
2019-12-16,-3591318700,128474191900,005930
2019-12-17,343986615700,-17407667900,005930
2019-12-18,106562587200,-94394220800,005930
2019-12-19,82696909400,-60241696000,005930
2019-12-20,25151563200,-7825517500,005930
2019-12-23,-12786635000,58023293500,005930
2019-12-24,-55783589700,76563513000,005930
2019-12-26,-57558003100,162463685500,005930
2019-12-27,-67230499000,34220698600,005930
2019-12-30,-176413645500,104239313000,005930
2020-01-02,-29293793400,-130413548200,005930
2020-01-03,61978391100,-123332624300,005930
2020-01-06,43009120100,-66328642600,005930
2020-01-07,-1833294600,2971900200,005930
2020-01-08,242001549100,4221083100,005930
2020-01-09,215253556100,-135036047800,005930
2020-01-10,96631373900,-174669517900,005930
2020-01-13,85137738600,-90332291400,005930
2020-01-14,20779999100,-100968188500,005930
2020-01-15,-175990493800,14294345200,005930
2020-01-16,68262776000,-40086638000,005930
2020-01-17,61688220900,-78014108900,005930
2020-01-20,-13553071800,14078030900,005930
2020-01-21,-55104276800,-77216954200,005930
2020-01-22,8024136500,101176633900,005930
2020-01-23,-136021655600,-116499881400,005930
2020-01-28,-312103490400,62285509700,005930
2020-01-29,28303027200,-150453533300,005930
2020-01-30,-210554453300,-130225828400,005930
2020-01-31,-216034892500,94522474500,005930
2020-02-03,-91108998500,60327419600,005930
2020-02-04,211516465600,-220774521800,005930
2020-02-05,242196817000,-265739342100,005930
2020-02-06,46997776600,149952938000,005930
2020-02-07,34113705900,-147373381600,005930
2020-02-10,-100102126300,-15549823600,005930
2020-02-11,-99782725700,113615848300,005930
2020-02-12,-59870274800,91618159200,005930
2020-02-13,258218424200,-116566799100,005930
2020-02-14,121515462500,43519765000,005930
2020-02-17,-72662442600,28989320500,005930
2020-02-18,-229788576800,-148450156400,005930
2020-02-19,-113828375700,41727785800,005930
2020-02-20,-11694219900,-22900030100,005930
2020-02-21,47200162800,-141723327300,005930
2020-02-24,-485705363500,150174130600,005930
2020-02-25,-276782466300,78332234300,005930
2020-02-26,-396942226700,28129831400,005930
2020-02-27,-165778175000,-6227399900,005930
2020-02-28,-282309687500,154250414800,005930
2020-03-02,-383898254000,121011164400,005930
2020-03-03,-138436554200,-95822069200,005930
2020-03-04,173752304900,-59080781300,005930
2020-03-05,-126235547600,-48739164000,005930
2020-03-06,-155722596900,-56166890100,005930
2020-03-09,-538598139300,-8358349500,005930
2020-03-10,-350892199400,210882138400,005930
2020-03-11,-546547492300,-151404700100,005930
2020-03-12,-460288353600,178280384350,005930
2020-03-13,-572116530900,197036462050,005930
2020-03-16,-217829990650,-164033984400,005930
2020-03-17,-546124865100,119323104100,005930
2020-03-18,-55805770450,-266246116250,005930
2020-03-19,-256214527950,74618319700,005930
2020-03-20,-230669391050,76646485350,005930
2020-03-23,-347251053250,-139418441650,005930
2020-03-24,130917490500,149442931650,005930
2020-03-25,-131755226250,-83694225450,005930
2020-03-26,27607307450,-180121527550,005930
2020-03-27,-149265321300,46985266750,005930
2020-03-30,-48301105000,11012750,005930
2020-03-31,-9773652850,-143607379700,005930
2020-04-01,-114092715900,-217964688450,005930
2020-04-02,-69523817150,62309246300,005930
2020-04-03,1617495650,-28101960500,005930
2020-04-06,-11256341050,286949607800,005930
2020-04-07,52289309300,54897028650,005930
2020-04-08,96244371700,-142791688800,005930
2020-04-09,5244126450,-65682928800,005930
2020-04-10,25742808950,-118669304050,005930
2020-04-13,-16284098400,-142090971550,005930
2020-04-14,23781017950,129311375400,005930
2020-04-16,-52116538250,15751399050,005930
2020-04-17,262144476300,118431278400,005930
2020-04-20,-61962085200,-181581464700,005930
2020-04-21,-186281920750,-82315664700,005930
2020-04-22,38740221300,-125009331050,005930
2020-04-23,-44424697300,34926622400,005930
2020-04-24,31421184400,-134379938200,005930
2020-04-27,-14221816100,111957886050,005930
2020-04-28,30237646000,-45557699350,005930
2020-04-29,5469430450,19632182650,005930
2020-05-04,-286209403850,-248422520550,005930
2020-05-06,-81166305250,48987301050,005930
2020-05-07,-69692927100,5063457500,005930
2020-05-08,-109430940600,51338500150,005930
2020-05-11,-60900224200,-82008137600,005930
2020-05-12,-94713099850,-156655160650,005930
2020-05-13,-23910426900,-23655556600,005930
2020-05-14,-58246774950,-60938489100,005930
2020-05-15,-101032822600,88372661700,005930
2020-05-18,53703569650,86976018100,005930
2020-05-19,88089978600,261835622500,005930
2020-05-20,9488185600,-6800920350,005930
2020-05-21,95450853650,-117971888300,005930
2020-05-22,-171560869150,-140191957650,005930
2020-05-25,-108433850950,10973377000,005930
2020-05-26,-41401381400,81691589200,005930
2020-05-27,150497239500,7338981750,005930
2020-05-28,123013441700,139959369000,005930
2020-05-29,190166191650,-95446858200,005930
2020-06-01,-2878842900,107175403500,005930
2020-06-02,-16482893600,46442478000,005930
2020-06-03,176531245500,516150920600,005930
2020-06-04,91462362000,89503418800,005930
2020-06-05,-6914754900,151624224000,005930
2020-06-08,-90273295500,-62824022100,005930
2020-06-09,62681000300,-150578759700,005930
2020-06-10,-19265597000,60298161500,005930
2020-06-11,-86818006500,-362229952900,005930
2020-06-12,-41209846000,-95443919800,005930
2020-06-15,-78774876600,-197383406000,005930
2020-06-16,-110381574200,161420735200,005930
2020-06-17,90673152400,-7583593200,005930
2020-06-18,14636862000,-21394545800,005930
2020-06-19,104290438800,-26960617200,005930
2020-06-22,-72207250900,208413800,005930
2020-06-23,-24544072300,-80685328400,005930
2020-06-24,149577559700,67814995600,005930
2020-06-25,85027646900,-200057474700,005930
2020-06-26,120688807700,77269861700,005930
2020-06-29,-28117425000,-46403222000,005930
2020-06-30,87453886000,66026963100,005930
2020-07-01,-86183264300,22181903500,005930
2020-07-02,-4171588500,-24789152700,005930
2020-07-03,86300170800,53038056500,005930
2020-07-06,74001300300,237963648000,005930
2020-07-07,-32569601700,-220827713300,005930
2020-07-08,-11061661100,-79929567000,005930
2020-07-09,80258948600,-120806510300,005930
2020-07-10,84660273500,-189529405500,005930
2020-07-13,58059875400,58934351500,005930
2020-07-14,122894496200,-86142275400,005930
2020-07-15,297400066200,118308688200,005930
2020-07-16,-64036306300,1722620700,005930
2020-07-17,83370216600,19570541300,005930
2020-07-20,61935489400,-64168880700,005930
2020-07-21,313325965600,84770107000,005930
2020-07-22,-21572916600,-50018172400,005930
2020-07-23,-67987873200,-148754424800,005930
2020-07-24,75710665800,-57246485600,005930
2020-07-27,384397076900,86326000000,005930
2020-07-28,917866927500,10483518400,005930
2020-07-29,285980548100,-87294338700,005930
2020-07-30,94318935300,-61201880400,005930
2020-07-31,-75519416500,-128492809000,005930
2020-08-03,-176637918900,-91551224000,005930
2020-08-04,-67712958500,-35646482600,005930
2020-08-05,-83330654700,-163913014100,005930
2020-08-06,36565522000,8800120200,005930
2020-08-07,85111248000,-194084254900,005930
2020-08-10,-12131723700,-36424097400,005930
2020-08-11,76297292200,54507595800,005930
2020-08-12,13162951300,-2750494100,005930
2020-08-13,-77247122800,13543316600,005930
2020-08-14,-72097262700,37092005200,005930
2020-08-18,74231856100,211964480100,005930
2020-08-19,-31513176100,-46587025800,005930
2020-08-20,-21665207900,-296137946800,005930
2020-08-21,64689784400,-88684401000,005930
2020-08-24,10033548800,-66928843800,005930
2020-08-25,16800875000,-66300327900,005930
2020-08-26,63893720000,-181061935800,005930
2020-08-27,3576231100,-158984648700,005930
2020-08-28,-151061701100,23836441100,005930
2020-08-31,-541492178900,-27256105100,005930
2020-09-01,-78540038100,-51891892000,005930
2020-09-02,-65911410800,3208902200,005930
2020-09-03,226304728900,14706883800,005930
2020-09-04,-106872437300,-139497972400,005930
2020-09-07,-4627908000,-50432899400,005930
2020-09-08,266187729400,167396689900,005930
2020-09-09,134290884000,18700593700,005930
2020-09-10,326302602700,-86012847200,005930
2020-09-11,-37098938400,-63915805200,005930
2020-09-14,66335781200,89902058900,005930
2020-09-15,252955890400,-113556723500,005930
2020-09-16,190457161400,-104118157600,005930
2020-09-17,-123734017700,-129350240500,005930
2020-09-18,-112496580200,11075525300,005930
2020-09-21,-55609411200,37216053000,005930
2020-09-22,-411313000,-235070922000,005930
2020-09-23,-7354347800,-104109350900,005930
2020-09-24,-78541734100,-17774643300,005930
2020-09-25,-54733300500,-9183352700,005930
2020-09-28,-84967319100,62231868400,005930
2020-09-29,-90288880700,17660100800,005930
2020-10-05,-57743726600,92799701100,005930
2020-10-06,46225347800,-25712206200,005930
2020-10-07,67870169900,119880558200,005930
2020-10-08,282625321600,-199365964500,005930
2020-10-12,192224298300,45699473700,005930
2020-10-13,131468501100,37580669300,005930
2020-10-14,115710267800,-12457467000,005930
2020-10-15,-48652017400,-14487823300,005930
2020-10-16,-33516475400,7294002900,005930
2020-10-19,19945657100,53869570100,005930
2020-10-20,292491126900,101405870400,005930
2020-10-21,89988530600,-28442300500,005930
2020-10-22,-160883751700,5672801200,005930
2020-10-23,-8326296900,-3549983400,005930
2020-10-26,50039268500,41525258700,005930
2020-10-27,4574102300,-163044983000,005930
2020-10-28,-77099114200,-121901153900,005930
2020-10-29,-170416235400,-264129749500,005930
2020-10-30,-364010253700,-153205264600,005930
2020-11-02,-23843430000,-46783694200,005930
2020-11-03,24859898400,109201523400,005930
2020-11-04,-333490953400,147455262100,005930
2020-11-05,415680032200,122511446500,005930
2020-11-06,156813599200,-38412611300,005930
2020-11-09,129452591700,61670366600,005930
2020-11-10,56722332900,-132295523500,005930
2020-11-11,456796321100,153409014400,005930
2020-11-12,254203819800,-215851832800,005930
2020-11-13,576214078200,159840726100,005930
2020-11-16,371629748000,-27218634400,005930
2020-11-17,96870568300,-119436765500,005930
2020-11-18,-79264326600,23846347800,005930
2020-11-19,-42516508000,-62162259200,005930
2020-11-20,-26996278100,-74308367800,005930
2020-11-23,250482651400,42213690700,005930
2020-11-24,144500781100,-205409260800,005930
2020-11-25,-295221983000,28680172000,005930
2020-11-26,106472981000,-153239190200,005930
2020-11-27,34925330300,-98024528000,005930
2020-11-30,-846684166800,69422445400,005930
2020-12-01,-55013889000,98940972300,005930
2020-12-02,190083573300,-38377229500,005930
2020-12-03,33526571200,-186349757000,005930
2020-12-04,184945229400,-56653035700,005930
2020-12-07,20162430100,-201836034900,005930
2020-12-08,-251326324800,-58605687600,005930
2020-12-09,-24730102600,59966810600,005930
2020-12-10,-599624508500,-87619176000,005930
2020-12-11,-147749924300,1691476200,005930
2020-12-14,-9545228200,-153873687600,005930
2020-12-15,-97937577300,-51307303200,005930
2020-12-16,-157513499000,53435248500,005930
2020-12-17,-258235102500,21581298300,005930
2020-12-18,-72996816700,-45836005700,005930
2020-12-21,-140305099900,6290353800,005930
2020-12-22,-49121007600,-50060262400,005930
2020-12-23,28159015900,133360413500,005930
2020-12-24,10680798300,283078702000,005930
2020-12-28,-188239007800,189134249000,005930
2020-12-29,-247653604500,-481530072500,005930
2020-12-30,-22622884800,97650822600,005930
2021-01-04,-381245371800,-326136950200,005930
2021-01-05,-425999413100,-203963791100,005930
2021-01-06,-584210787500,-442463559600,005930
2021-01-07,-196924541800,250129976600,005930
2021-01-08,604012142600,-436089196200,005930
2021-01-11,-506901229100,-1258341218200,005930
2021-01-12,-219249717700,-526532755100,005930
2021-01-13,-260114727200,-160688802600,005930
2021-01-14,246418252500,-523892327500,005930
2021-01-15,-246282164100,-440769209300,005930
2021-01-18,-79835001500,42323535000,005930
2021-01-19,81211582300,95523053500,005930
2021-01-20,-88619999900,-364476214000,005930
2021-01-21,-161767149700,-60637506300,005930
2021-01-22,-313082522700,-562644916900,005930
2021-01-25,137207128400,267325159400,005930
2021-01-26,-688544353000,-769635519500,005930
2021-01-27,-367935796000,-239565674200,005930
2021-01-28,-581328511200,-187639612100,005930
2021-01-29,-423194890800,-5598823200,005930
2021-02-01,-176239559300,41182582900,005930
2021-02-02,-4062515600,65565211300,005930
2021-02-03,-109878349800,-273962132100,005930
2021-02-04,-289415512500,-605385672200,005930
2021-02-05,33215539400,75574125600,005930
2021-02-08,-21956432000,87971998300,005930
2021-02-09,-153429368500,-45622311700,005930
2021-02-10,-230075222600,-383661112400,005930
2021-02-15,298930886600,-34603154100,005930
2021-02-16,186866449100,-239895438200,005930
2021-02-17,-142680833100,-485176868300,005930
2021-02-18,-203183516800,-295187437200,005930
2021-02-19,-354778637800,-22323230400,005930
2021-02-22,86100819100,-60212302500,005930
2021-02-23,-154843992800,39156902200,005930
2021-02-24,102313263000,126153150600,005930
2021-02-25,691391602800,421837617300,005930
2021-02-26,-879026763900,-274270557400,005930
2021-03-02,303346855400,215683128500,005930
2021-03-03,-223074678200,103260646000,005930
2021-03-04,-197352604500,-471818723100,005930
2021-03-05,-132410250000,-221031427200,005930
2021-03-08,-95048772300,-107130696100,005930
2021-03-09,-393342102400,109062203000,005930
2021-03-10,-127603749100,-109163302600,005930
2021-03-11,492042722900,-220013257400,005930
2021-03-12,183420146400,-23514374600,005930
2021-03-15,-201924523900,-197887823700,005930
2021-03-16,105707599500,99408505000,005930
2021-03-17,49759618500,-132063543700,005930
2021-03-18,208518130400,56183512300,005930
2021-03-19,-118174818700,-336861256500,005930
2021-03-22,-88777838200,-38052864700,005930
2021-03-23,-22570923600,-96743844500,005930
2021-03-24,-252003851300,-202753673000,005930
2021-03-25,10663152200,-33632200700,005930
2021-03-26,-154019704200,-29824515000,005930
2021-03-29,26893444200,-196350469500,005930
2021-03-30,169788496400,29060079100,005930
2021-03-31,-133031717200,-103816036500,005930
2021-04-01,310307314900,47233563000,005930
2021-04-02,501929332000,238285550100,005930
2021-04-05,25067159400,-126098287600,005930
2021-04-06,276488125800,-213029391700,005930
2021-04-07,111429558600,-155062766000,005930
2021-04-08,-101055351300,-271159335200,005930
2021-04-09,-168905202000,-264288396400,005930
2021-04-12,-68154918700,-182968022900,005930
2021-04-13,77067460200,-35689348300,005930
2021-04-14,-50602737700,-339409500,005930
2021-04-15,114944261400,-121861756700,005930
2021-04-16,-5114472700,-219491576200,005930
2021-04-19,-261931614400,-120386769800,005930
2021-04-20,97339769600,-45291099100,005930
2021-04-21,-335889388300,-391651135700,005930
2021-04-22,-204655259700,-140810403900,005930
2021-04-23,-28335243300,-93659633000,005930
2021-04-26,175410632800,-83162416200,005930
2021-04-27,-154607510900,-62928164000,005930
2021-04-28,-128511093700,-163218091500,005930
2021-04-29,-338101131400,-25196099500,005930
2021-04-30,-229417674400,-32890265400,005930
2021-05-03,-79601931900,-34736330300,005930
2021-05-04,33350446400,37715894000,005930
2021-05-06,-210147432600,-9405386100,005930
2021-05-07,-183532506700,2904901500,005930
2021-05-10,78669936100,202098819800,005930
2021-05-11,-788847622500,-494268033400,005930
2021-05-12,-1137895012800,-159970690500,005930
2021-05-13,-769663795400,-36584466700,005930
2021-05-14,-21728021000,-17958933200,005930
2021-05-17,-289197982700,-12944298700,005930
2021-05-18,-444281584000,222587863100,005930
2021-05-20,-127859581700,-33938377900,005930
2021-05-21,25415247900,57605608200,005930
2021-05-24,-128167090300,-50429096400,005930
2021-05-25,-73849510600,213864005600,005930
2021-05-26,-43379310600,19406700800,005930
2021-05-27,-167049614300,2386516000,005930
2021-05-28,-24655531400,157493235400,005930
2021-05-31,254096822500,-246851213000,005930
2021-06-01,1742018300,132554324100,005930
2021-06-02,130008137400,-75533982400,005930
2021-06-03,432216147700,374460662600,005930
2021-06-04,75622447500,-206171680100,005930
2021-06-07,-118907327200,-5287245500,005930
2021-06-08,-85149267500,89563814200,005930
2021-06-09,43192172700,-232601996300,005930
2021-06-10,199373156600,-358403662500,005930
2021-06-11,-243805514000,-38035859300,005930
2021-06-14,-79558924500,-185792753600,005930
2021-06-15,35607837800,-69391137900,005930
2021-06-16,227637780400,-7686272400,005930
2021-06-17,-176871804600,-173860921600,005930
2021-06-18,-448805491600,43436513900,005930
2021-06-21,-339128692700,-261525028000,005930
2021-06-22,-60786130400,-53983654100,005930
2021-06-23,-24997603800,-68079127900,005930
2021-06-24,-3906588100,154520940200,005930
2021-06-25,-57724165800,200220882700,005930
2021-06-28,156655573300,-89170652000,005930
2021-06-29,-19500372300,-155160450900,005930
2021-06-30,-38216362400,-55368180000,005930
2021-07-01,-137928706200,-242200765600,005930
2021-07-02,-183883508300,-31813611100,005930
2021-07-05,-24330020800,32398667900,005930
2021-07-06,104014153800,68380791300,005930
2021-07-07,-32336973200,-205195430900,005930
2021-07-08,-138725611100,-180492105500,005930
2021-07-09,-409991763300,-147776160200,005930
2021-07-12,-41684905100,-29877015000,005930
2021-07-13,-17211096500,43830490200,005930
2021-07-14,-116550435600,-92543563000,005930
2021-07-15,192395368600,60882298700,005930
2021-07-16,-6820426000,-143838600500,005930
2021-07-19,-220759010000,-157752275000,005930
2021-07-20,-167750375100,1110430800,005930
2021-07-21,-191876232400,-48643193800,005930
2021-07-22,-38581113900,232516316600,005930
2021-07-23,-63332935800,56108094100,005930
2021-07-26,-97290417100,-54571074200,005930
2021-07-27,-164626503500,10144337200,005930
2021-07-28,-178715887000,73499449700,005930
2021-07-29,-208058691900,64173182600,005930
2021-07-30,-132072319700,-120289642600,005930
2021-08-02,-94716684600,205356817200,005930
2021-08-03,624559801400,130629620100,005930
2021-08-04,526573575200,294997375200,005930
2021-08-05,-84926625700,140020864000,005930
2021-08-06,-32915903000,-205441900,005930
2021-08-09,-95176690400,-102865662500,005930
2021-08-10,-360802436500,-80752783300,005930
2021-08-11,-1049231279200,-118374110400,005930
2021-08-12,-1702908993600,44650669700,005930
2021-08-13,-2351459854900,-125390791900,005930
2021-08-17,-459750438200,-33604015300,005930
2021-08-18,-701137768000,121181094600,005930
2021-08-19,-162164177700,-30691568400,005930
2021-08-20,-231513770100,19861146300,005930
2021-08-23,-271548149400,190168844900,005930
2021-08-24,-9247946700,71119616800,005930
2021-08-25,3511909300,-76990474100,005930
2021-08-26,-96353201100,-55566537800,005930
2021-08-27,-185001555900,173118394100,005930
2021-08-30,-76900433000,24586418600,005930
2021-08-31,360067252900,-153079724000,005930
2021-09-01,63666690600,-13635113800,005930
2021-09-02,65784406000,-155375899200,005930
2021-09-03,189967206200,-89441655400,005930
2021-09-06,104396417000,3018001800,005930
2021-09-07,-167183256600,-108278004100,005930
2021-09-08,86228886200,-18962464200,005930
2021-09-09,88023645700,-258276756400,005930
2021-09-10,-97777797700,75542425100,005930
2021-09-13,119702151500,80582919100,005930
2021-09-14,246210280900,125102482000,005930
2021-09-15,147008603300,-56755829100,005930
2021-09-16,36174774500,-169972285200,005930
2021-09-17,254338538200,-145497117400,005930
2021-09-23,181568753600,-19786697800,005930
2021-09-24,63928528600,-58548472200,005930
2021-09-27,100404117200,-4307357100,005930
2021-09-28,-42037417100,-263853662600,005930
2021-09-29,-416407144500,-186442492300,005930
2021-09-30,-2968068600,-85077748900,005930
2021-10-01,-56568854300,-160317703400,005930
2021-10-05,-216562811100,90194250300,005930
2021-10-06,-76882974600,-25002783100,005930
2021-10-07,-190375985900,99892861200,005930
2021-10-08,23445743900,-210306835800,005930
2021-10-12,-761537372600,-98087380600,005930
2021-10-13,-363426036800,188319676000,005930
2021-10-14,-261055838600,117628626700,005930
2021-10-15,-95684099600,32223884200,005930
2021-10-18,91803370700,-147372713600,005930
2021-10-19,-31017443500,64315794600,005930
2021-10-20,18790051700,-58678721800,005930
2021-10-21,7746979300,-13879080900,005930
2021-10-22,-9148296000,53635981400,005930
2021-10-25,-112106588200,69429813700,005930
2021-10-26,-38666723400,128370099200,005930
2021-10-27,-148106593400,-70691629600,005930
2021-10-28,-171082982000,90970822200,005930
2021-10-29,-125457343600,-166610816500,005930
2021-11-01,-115702630000,210970782200,005930
2021-11-02,144877825800,259781154000,005930
2021-11-03,-72557472600,-197028860100,005930
2021-11-04,-5690075800,138667211700,005930
2021-11-05,-81995424000,-63997837600,005930
2021-11-08,-43499007800,-6289208300,005930
2021-11-09,-51236614800,84137669400,005930
2021-11-10,101489353200,-50948761300,005930
2021-11-11,-151964542400,-8139112900,005930
2021-11-12,26813319500,144510878200,005930
2021-11-15,68858740600,164747225500,005930
2021-11-16,73708113000,-14285532900,005930
2021-11-17,108420099800,-200036109200,005930
2021-11-18,-51495398500,-40693297100,005930
2021-11-19,22974103100,30734576900,005930
2021-11-22,426058261700,225585537800,005930
2021-11-23,383298311800,-212058176700,005930
2021-11-24,118298715700,-170103606600,005930
2021-11-25,-34769014700,-13665021900,005930
2021-11-26,-53752260600,-78399377000,005930
2021-11-29,-40165804700,218060077800,005930
2021-11-30,86652611300,-204868312500,005930
2021-12-01,436033037100,30072936600,005930
2021-12-02,509550348200,-11811813200,005930
2021-12-03,-1228655500,-11131759800,005930
2021-12-06,191185600200,44416067700,005930
2021-12-07,279931407900,-41090362300,005930
2021-12-08,5604397900,201539850200,005930
2021-12-09,174055894000,-38346834500,005930
2021-12-10,-56185736800,-82575002400,005930
2021-12-13,1863950000,14725697400,005930
2021-12-14,98773287000,-113974630600,005930
2021-12-15,135000991400,-50380659300,005930
2021-12-16,41703478600,-20499937400,005930
2021-12-17,130167314400,-70585361100,005930
2021-12-20,4249636100,-120113046100,005930
2021-12-21,132889427700,230535033400,005930
2021-12-22,356546582500,7025868600,005930
2021-12-23,127670731500,164567654600,005930
2021-12-24,32644890500,303731410500,005930
2021-12-27,5157227900,130183779400,005930
2021-12-28,56015492000,534371894500,005930
2021-12-29,26174772500,-482565594800,005930
2021-12-30,47112751400,-235546761700,005930
2022-01-03,140073897400,-329791819300,005930
2022-01-04,112459125900,-206326913300,005930
2022-01-05,-43353126600,-598003977100,005930
2022-01-06,171028563300,-171750680700,005930
2022-01-07,340496674100,-165044032600,005930
2022-01-10,110791531600,-94245905900,005930
2022-01-11,286211023500,-36364158900,005930
2022-01-12,-38972454300,101839019800,005930
2022-01-13,-1112470000,-127152133200,005930
2022-01-14,75835011400,-189985204500,005930
2022-01-17,58307234100,-54424424900,005930
2022-01-18,-6368075400,-38443679800,005930
2022-01-19,-1786750800,-26279518700,005930
2022-01-20,-42923083100,29476414400,005930
2022-01-21,-59669980200,-153407767100,005930
2022-01-24,-93629688100,228635658300,005930
2022-01-25,-110252042900,-12575525800,005930
2022-01-26,-47924430700,-5228406500,005930
2022-01-27,-112675345600,-261330660000,005930
2022-01-28,-107392868600,66130359600,005930
2022-02-03,-122961298800,14237037800,005930
2022-02-04,61139073400,-30492777500,005930
2022-02-07,26205509700,-283482717700,005930
2022-02-08,68395634900,6858206100,005930
2022-02-09,104603947600,69757463900,005930
2022-02-10,228377310500,-56888559100,005930
2022-02-11,131620360300,-111537089000,005930
2022-02-14,-129024472100,60522818000,005930
2022-02-15,430540800,31951953000,005930
2022-02-16,9103466600,31706119700,005930
2022-02-17,152321525100,79855650900,005930
2022-02-18,-61114242100,-10774371500,005930
2022-02-21,9582262000,-91241748800,005930
2022-02-22,36356236000,-157261844300,005930
2022-02-23,-76774157100,-55855637300,005930
2022-02-24,-164243018600,-187612726800,005930
2022-02-25,-127591373600,34268846000,005930
2022-02-28,-145223030600,-102211682100,005930
2022-03-02,-56837613200,-77827716300,005930
2022-03-03,45619032800,97838906800,005930
2022-03-04,-245498687000,-185599695600,005930
2022-03-07,-253059277100,-385172549600,005930
2022-03-08,-202664586700,-118298969100,005930
2022-03-10,-187075798900,185443813200,005930
2022-03-11,-258333146300,-205270221400,005930
2022-03-14,37830762800,-81823873200,005930
2022-03-15,-153414326100,-49729929100,005930
2022-03-16,-89551962800,80772718100,005930
2022-03-17,-25501580800,96494005000,005930
2022-03-18,-76954588000,-72938939200,005930
2022-03-21,-179711264800,-138107693700,005930
2022-03-22,289098700,6685361500,005930
2022-03-23,-38373752200,26783685800,005930
2022-03-24,954362653300,-1422740570600,005930
2022-03-25,-288314677500,-67313287600,005930
2022-03-28,-213515773000,-5128333700,005930
2022-03-29,-44126016100,66459189800,005930
2022-03-30,-122441259300,-11550187900,005930
2022-03-31,-224332345500,118627300,005930
2022-04-01,-159169422800,-294466867900,005930
2022-04-04,-92700386300,-35011230300,005930
2022-04-05,-21526161800,-84473532800,005930
2022-04-06,-361030649800,-182182456000,005930
2022-04-07,-392919178100,-167255447500,005930
2022-04-08,-338495442800,-17703144000,005930
2022-04-11,-86706027300,-31235403500,005930
2022-04-12,-175905989400,-96839349600,005930
2022-04-13,-2117642200,84182003700,005930
2022-04-14,-186569266700,-134373736700,005930
2022-04-15,-202721477100,-241856405300,005930
2022-04-18,-82724853100,-6215721500,005930
2022-04-19,-120586855800,100366192500,005930
2022-04-20,-127775837100,-85891409600,005930
2022-04-21,-48792421800,135745309200,005930
2022-04-22,-29648556700,-183096204800,005930
2022-04-25,-198190898700,-101900088800,005930
2022-04-26,-300323861100,55792260300,005930
2022-04-27,-336870064600,-79342571500,005930
2022-04-28,-243646956300,-28411755800,005930
2022-04-29,100793883200,206280101200,005930
2022-05-02,-56264578000,-25317016900,005930
2022-05-03,36031348200,-9629674800,005930
2022-05-04,-20277462000,-17963412900,005930
2022-05-06,-276578308200,-68303721800,005930
2022-05-09,-66430599600,-22321047500,005930
2022-05-10,-133969753700,7143454500,005930
2022-05-11,-17071486900,-63889591100,005930
2022-05-12,-117601422200,-73432929800,005930
2022-05-13,-82445553400,244450602700,005930
2022-05-16,-5958896100,-18888662200,005930
2022-05-17,10322180600,220246713800,005930
2022-05-18,113106273100,-77645852800,005930
2022-05-19,873022800,-94453708400,005930
2022-05-20,-98838861300,168087797800,005930
2022-05-23,-20039378000,-220778100,005930
2022-05-24,-159323463300,-104704976500,005930
2022-05-25,-149993932100,58818101600,005930
2022-05-26,-81384117300,-130324508700,005930
2022-05-27,-100830794400,151176871900,005930
2022-05-30,105520933900,82410643100,005930
2022-05-31,96806839000,-235626328200,005930
2022-06-02,-36309439100,-214023092200,005930
2022-06-03,-32947440000,57253486400,005930
2022-06-07,-270705228800,-252340114300,005930
2022-06-08,-200871019100,-25846611100,005930
2022-06-09,-415124435200,29499668900,005930
2022-06-10,-592378947300,-72595459500,005930
2022-06-13,-173848115700,-31940183400,005930
2022-06-14,-70217078100,23493904800,005930
2022-06-15,-262690073700,31531203000,005930
2022-06-16,-32726519100,-13756439100,005930
2022-06-17,-436037767700,36416562700,005930
2022-06-20,-258995482600,130848145900,005930
2022-06-21,-217047850300,113118044000,005930
2022-06-22,-55214120100,-35766934300,005930
2022-06-23,-225973570900,277798066000,005930
2022-06-24,-111724733600,162022105800,005930
2022-06-27,77097959400,-132729268600,005930
2022-06-28,9062959200,-62636212500,005930
2022-06-29,-56975239700,-144439807200,005930
2022-06-30,-170971742700,-56760182800,005930
2022-07-01,-219003085300,907913700,005930
2022-07-04,-49970760800,155821317900,005930
2022-07-05,-103151444100,38233297500,005930
2022-07-06,-9023643600,-122608700400,005930
2022-07-07,154702628900,95745950900,005930
2022-07-08,90261991700,-61106094300,005930
2022-07-11,87092919000,-33470615400,005930
2022-07-12,2989255100,-11449659600,005930
2022-07-13,-122405401900,94864273900,005930
2022-07-14,158149037400,-233924599500,005930
2022-07-15,320276674500,-53956585900,005930
2022-07-18,213961280900,-76505180400,005930
2022-07-19,-64047123700,-16862760700,005930
2022-07-20,-192217885900,2076508100,005930
2022-07-21,182450811300,-60426872800,005930
2022-07-22,46404136400,-114791274900,005930
2022-07-25,-9112527300,15181379300,005930
2022-07-26,58353486900,-24362103700,005930
2022-07-27,18104487400,-19437378100,005930
2022-07-28,48189807600,-34598931900,005930
2022-07-29,-66358384500,-9097328500,005930
2022-08-01,34694075500,-64359363200,005930
2022-08-02,216983370500,-154780842000,005930
2022-08-03,-10948892600,-81811744500,005930
2022-08-04,55771811300,-46751798900,005930
2022-08-05,-36064902500,20895301900,005930
2022-08-08,-15902145800,-113363771300,005930
2022-08-09,-227266593200,10759301400,005930
2022-08-10,-114886360900,-147083281400,005930
2022-08-11,-127944728400,77151826500,005930
2022-08-12,-36910300,-2897766700,005930
2022-08-16,73021735600,1998182900,005930
2022-08-17,-25679100500,-10587971300,005930
2022-08-18,270181712300,-82091760700,005930
2022-08-19,-18975055600,-20752536900,005930
2022-08-22,-11049582700,-75075385500,005930
2022-08-23,-56401454800,-82749462600,005930
2022-08-24,8207467700,-109008937500,005930
2022-08-25,35531152100,-16467503000,005930
2022-08-26,41929825300,13050978600,005930
2022-08-29,-31553134000,-177758594400,005930
2022-08-30,-110395098800,-25953558200,005930
2022-08-31,182147338200,-127930310600,005930
2022-09-01,-32454233400,-226596573400,005930
2022-09-02,-225221577700,-94476978800,005930
2022-09-05,-142611322200,40277658000,005930
2022-09-06,-41592784400,-26647052400,005930
2022-09-07,-257523622900,-65302192500,005930
2022-09-08,-332342557900,118790077300,005930
2022-09-13,75282770700,184365967300,005930
2022-09-14,-5037315000,-76254489600,005930
2022-09-15,-158495991800,-59963414900,005930
2022-09-16,-14187607200,-93737231400,005930
2022-09-19,-40161739100,42100551500,005930
2022-09-20,-189665335800,53176010400,005930
2022-09-21,-166677609800,-13487204500,005930
2022-09-22,-109353970100,-99647569500,005930
2022-09-23,52102673600,-55928064200,005930
2022-09-26,-117755782600,147102910800,005930
2022-09-27,-73642004800,94215039200,005930
2022-09-28,-127960721700,-17010806600,005930
2022-09-29,-10589569400,-9381195400,005930
2022-09-30,68575175600,30019638600,005930
2022-10-04,242449500200,-15727255300,005930
2022-10-05,223249246600,-138026221300,005930
2022-10-06,107038972200,-27214401900,005930
2022-10-07,82875088500,-20405586100,005930
2022-10-11,15625789400,-41635409000,005930
2022-10-12,43760596400,-7164407800,005930
2022-10-13,36774150500,-52531446400,005930
2022-10-14,11203056900,66543327100,005930
2022-10-17,143038645200,-70511513400,005930
2022-10-18,-70047645800,-21724284400,005930
2022-10-19,-52376948300,-8516477100,005930
2022-10-20,64291741500,-82178546300,005930
2022-10-21,11881583400,69689950000,005930
2022-10-24,205485598600,90191607000,005930
2022-10-25,46474146800,76566196300,005930
2022-10-26,310488762800,48386676700,005930
2022-10-27,-20798999400,114493518600,005930
2022-10-28,-146496780400,49391282700,005930
2022-10-31,246152506100,15310560400,005930
2022-11-01,41268127200,58345889100,005930
2022-11-02,88551942800,-102470416500,005930
2022-11-03,84872152000,-142807704200,005930
2022-11-04,-12975193400,13231415800,005930
2022-11-07,56152829700,73669813600,005930
2022-11-08,176699785200,144028645300,005930
2022-11-09,15615215600,110819254300,005930
2022-11-10,-241922589200,55076503600,005930
2022-11-11,184124368700,207573177300,005930
2022-11-14,-12315085100,-50244038600,005930
2022-11-15,39827571700,10843605000,005930
2022-11-16,65305206400,-5150456100,005930
2022-11-17,-113706699500,6377063300,005930
2022-11-18,43659326900,4779552600,005930
2022-11-21,-62368209600,45314833600,005930
2022-11-22,-25502538900,8607754000,005930
2022-11-23,7042943700,9751904300,005930
2022-11-24,35091648000,3273325000,005930
2022-11-25,26212451100,-23285155100,005930
2022-11-28,12426427200,-78858009100,005930
2022-11-29,-17387246100,36612433300,005930
2022-11-30,342739679000,-137829987100,005930
2022-12-01,195545673600,14450685400,005930
2022-12-02,-149778518200,-125044605000,005930
2022-12-05,-106080585100,37962446500,005930
2022-12-06,-115556321600,-46733403900,005930
2022-12-07,-67182352500,19980026900,005930
2022-12-08,-27132933100,12708765600,005930
2022-12-09,11574069700,136033162400,005930
2022-12-12,-44181628400,-32785421400,005930
2022-12-13,-3636269300,1317117600,005930
2022-12-14,83311189300,58778944400,005930
2022-12-15,-926503600,-89687908000,005930
2022-12-16,149692921300,-172491335500,005930
2022-12-19,-10176701800,34047284200,005930
2022-12-20,-90375203900,11974313900,005930
2022-12-21,-98537445400,14111417100,005930
2022-12-22,-50105870400,148819102500,005930
2022-12-23,-21829227600,23550966200,005930
2022-12-26,-62430248500,145476007500,005930
2022-12-27,-89287978600,267835843500,005930
2022-12-28,-166413649200,-133150547500,005930
2022-12-29,-84092386800,-104447156100,005930
2023-01-02,-33675372900,-26810406100,005930
2023-01-03,17424799500,-86326446000,005930
2023-01-04,176119473500,-8643145700,005930
2023-01-05,204733901700,-129221395200,005930
2023-01-06,135516386600,24193018400,005930
2023-01-09,183439156700,157453588600,005930
2023-01-10,37238669900,57064894200,005930
2023-01-11,7201714100,41433824800,005930
2023-01-12,104586538900,-93555961700,005930
2023-01-13,84346109900,26324109500,005930
2023-01-16,65966889800,67758438200,005930
2023-01-17,68372849500,-36979464200,005930
2023-01-18,15695197200,-53854331000,005930
2023-01-19,291173408900,-86638102600,005930
2023-01-20,94882220400,7776362000,005930
2023-01-25,471972097900,10299932400,005930
2023-01-26,227973166600,-3720609800,005930
2023-01-27,375835373700,28829300300,005930
2023-01-30,102025953800,-43458276300,005930
2023-01-31,-415709034300,94237196900,005930
2023-02-01,5899164100,-32282254800,005930
2023-02-02,324271023400,-78175686200,005930
2023-02-03,242245220700,-128604194000,005930
2023-02-06,-140263151200,-110454249100,005930
2023-02-07,34997361600,-63740256700,005930
2023-02-08,187855243800,-42946447500,005930
2023-02-09,97806990500,-81005602700,005930
2023-02-10,110558453600,-138966455900,005930
2023-02-13,141939450300,-114657351500,005930
2023-02-14,25426507700,85817791300,005930
2023-02-15,23949650600,-152996938400,005930
2023-02-16,100806830400,173017035600,005930
2023-02-17,50369519200,-130277834200,005930
2023-02-20,-48208293000,34480308500,005930
2023-02-21,-3226141700,-91666377000,005930
2023-02-22,-13553147400,-149683165000,005930
2023-02-23,42909197000,78039652000,005930
2023-02-24,631162900,-62741013900,005930
2023-02-27,-56373036300,-114071657300,005930
2023-02-28,-22099331100,66256966200,005930
2023-03-02,155642452900,-98372852300,005930
2023-03-03,-60424721700,-14287932600,005930
2023-03-06,78415913700,138752525000,005930
2023-03-07,-38525406200,-40106352500,005930
2023-03-08,93911364500,-198447131200,005930
2023-03-09,-217196431500,138630241100,005930
2023-03-10,-32953567900,-97198202400,005930
2023-03-13,25572816800,59682148400,005930
2023-03-14,-104643967000,3149703100,005930
2023-03-15,56900108400,42183983000,005930
2023-03-16,24403470000,-22690238300,005930
2023-03-17,196336378700,7422677700,005930
2023-03-20,-89652739600,11913361400,005930
2023-03-21,-24642693600,27628935400,005930
2023-03-22,103993308600,46819677500,005930
2023-03-23,249513614000,54715615800,005930
2023-03-24,463938289500,-116002840100,005930
2023-03-27,-2905394900,25179337700,005930
2023-03-28,-863047300,111356160000,005930
2023-03-29,-38947722700,69557594500,005930
2023-03-30,213101597800,-26360390500,005930
2023-03-31,319414024600,26255576100,005930
2023-04-03,59599765900,-98184045900,005930
2023-04-04,118773560300,18815556100,005930
2023-04-05,155297811000,-10999503200,005930
2023-04-06,-17248894400,-115335593800,005930
2023-04-07,876358096200,113258611600,005930
2023-04-10,297105142300,-4634447200,005930
2023-04-11,75406036800,81435524800,005930
2023-04-12,226830187500,-101092834600,005930
2023-04-13,534887200,72876669900,005930
2023-04-14,-109642410600,39494552600,005930
2023-04-17,227044982400,-115581393100,005930
2023-04-18,244928977900,-201069741900,005930
2023-04-19,68962252600,-4554089200,005930
2023-04-20,81803591800,-26245491200,005930
2023-04-21,175830636900,-44103543000,005930
2023-04-24,88263524300,22155572600,005930
2023-04-25,-45495884900,-34613324900,005930
2023-04-26,92641316900,-62394403500,005930
2023-04-27,250190493100,-157697370700,005930
2023-04-28,258069815100,-78797157700,005930
2023-05-02,77642015100,34177084700,005930
2023-05-03,69218237700,-68854185100,005930
2023-05-04,87338709300,-96279312200,005930
2023-05-08,74911339500,102585756600,005930
2023-05-09,-29177460000,13670938100,005930
2023-05-10,-42120876700,-55605501300,005930
2023-05-11,-50015155400,12925470700,005930
2023-05-12,15816678100,-19061128400,005930
2023-05-15,18419389000,12420285200,005930
2023-05-16,211489568900,3553315800,005930
2023-05-17,-30407676900,-2435681700,005930
2023-05-18,361320697600,-64219037100,005930
2023-05-19,526220089200,193402785000,005930
2023-05-22,2651105800,166891078300,005930
2023-05-23,-36946353500,74060916200,005930
2023-05-24,93682677500,-42493927900,005930
2023-05-25,75982599300,-50337514800,005930
2023-05-26,537911880800,-78880709800,005930
2023-05-30,444280591700,-64468933300,005930
2023-05-31,143596954000,-51860467400,005930
2023-06-01,89094553700,-105035463900,005930
2023-06-02,183488847200,2139345900,005930
2023-06-05,-103857062400,70665491100,005930
2023-06-07,-89718620700,110020627500,005930
2023-06-08,15600036200,32475566500,005930
2023-06-09,177199811400,102923242400,005930
2023-06-12,-124315379500,34388628200,005930
2023-06-13,131625948200,69978826800,005930
2023-06-14,51178736000,-31940229500,005930
2023-06-15,49462723400,-24336227400,005930
2023-06-16,108832726900,-119468208000,005930
2023-06-19,27354123600,-39372218700,005930
2023-06-20,67093645300,-30215167300,005930
2023-06-21,-37413778200,-26210254800,005930
2023-06-22,141208426000,23118146800,005930
2023-06-23,314515085100,-113154286500,005930
2023-06-26,247616383900,65101580000,005930
2023-06-27,168293894700,-30159280600,005930
2023-06-28,61018178100,4391932000,005930
2023-06-29,157324785000,-59330988000,005930
2023-06-30,42096623900,-18511228800,005930
2023-07-03,577280500,187613884200,005930
2023-07-04,164570850200,-89000427000,005930
2023-07-05,70684430900,-197279005100,005930
2023-07-06,75913844000,-102480023600,005930
2023-07-07,-85272129400,-222113680100,005930
2023-07-10,2546589100,-53552485300,005930
2023-07-11,62134507400,53908486300,005930
2023-07-12,122973188700,-46560847700,005930
2023-07-13,31428154700,169524865700,005930
2023-07-14,350721089300,280089807000,005930
2023-07-17,112479324200,7086270500,005930
2023-07-18,-56555294200,-46930727800,005930
2023-07-19,33581119900,-86228195400,005930
2023-07-20,-7033496200,-62609419400,005930
2023-07-21,-282540484200,21915273600,005930
2023-07-24,210942932700,-39650525200,005930
2023-07-25,63437140300,-67528130800,005930
2023-07-26,-83981711800,76469002300,005930
2023-07-27,76793196700,220840870100,005930
2023-07-28,-30780395200,-107236497400,005930
2023-07-31,-41158689500,-103643010300,005930
2023-08-01,125441435500,83824343600,005930
2023-08-02,16546538600,-144433384800,005930
2023-08-03,-61330667100,-198307281100,005930
2023-08-04,-98720747500,-96811470400,005930
2023-08-07,97903442000,-79204382400,005930
2023-08-08,-17973277600,-158220784400,005930
2023-08-09,244404239500,-111201892600,005930
2023-08-10,-78664250300,-53305062500,005930
2023-08-11,-118050798200,-51409438000,005930
2023-08-14,18532715700,-107339649900,005930
2023-08-16,32786885200,-96096239100,005930
2023-08-17,-29013525800,-20241228900,005930
2023-08-18,10066430300,-61785354300,005930
2023-08-21,10099681600,-14973652700,005930
2023-08-22,-6910960800,-4392676300,005930
2023-08-23,41549393800,-547100900,005930
2023-08-24,44587759800,95106813900,005930
2023-08-25,-17659319200,-60037179500,005930
2023-08-28,-78464062900,-4320969500,005930
2023-08-29,-43710281300,-21216197400,005930
2023-08-30,15528006900,48393852200,005930
2023-08-31,-122795538700,74718225400,005930
2023-09-01,552339585100,139427490300,005930
2023-09-04,244645538100,-68052267400,005930
2023-09-05,121665832100,-74350579000,005930
2023-09-06,61791174100,-59255465000,005930
2023-09-07,91868175500,-38706263000,005930
2023-09-08,-699281300,-8815820100,005930
2023-09-11,51844568500,31144653600,005930
2023-09-12,-7466859300,29397697100,005930
2023-09-13,6557122900,92926043800,005930
2023-09-14,-345237530100,566399280600,005930
2023-09-15,-67751230700,363034140300,005930
2023-09-18,-111236252400,-49951906400,005930
2023-09-19,45199138600,-183511935300,005930
2023-09-20,-32471363300,-36429817700,005930
2023-09-21,151599259800,-237549291700,005930
2023-09-22,-8136953100,-59352071500,005930
2023-09-25,30944406200,-9666344300,005930
2023-09-26,27014027900,-182725782500,005930
2023-09-27,56695172300,-83699529500,005930
2023-10-04,-123510676400,-85888536200,005930
2023-10-05,-230003334700,24466732800,005930
2023-10-06,-281555939100,55864006600,005930
2023-10-10,-228407853500,241278636200,005930
2023-10-11,30363986700,205910450200,005930
2023-10-12,-27726545900,51824399000,005930
2023-10-13,-50104877500,-2362710400,005930
2023-10-16,-75848308900,2892011500,005930
2023-10-17,324929645600,-92508181100,005930
2023-10-18,343739038900,338795300,005930
2023-10-19,57759991700,-49378047000,005930
2023-10-20,45866283600,-58688545000,005930
2023-10-23,-89362794900,53550479000,005930
2023-10-24,-28367207200,-18709923400,005930
2023-10-25,-33963102400,3999682000,005930
2023-10-26,-92313204600,-5125712300,005930
2023-10-27,-62343814900,54155950500,005930
2023-10-30,-28859464700,43541758400,005930
2023-10-31,-24998118600,4173106700,005930
2023-11-01,3668862700,150786315400,005930
2023-11-02,196972097300,14868527500,005930
2023-11-03,87572041700,1059675700,005930
2023-11-06,35458916800,99362015800,005930
2023-11-07,290787832100,-98451291700,005930
2023-11-08,-9258692400,8670946500,005930
2023-11-09,150484037300,-10813736900,005930
2023-11-10,41917389100,3341127700,005930
2023-11-13,23370152400,72875819900,005930
2023-11-14,-31706772600,194168511000,005930
2023-11-15,329495837200,373078551900,005930
2023-11-16,354922827800,-19684146400,005930
2023-11-17,196411490700,-37041281100,005930
2023-11-20,37294194600,122443190900,005930
2023-11-21,79908767400,16931100600,005930
2023-11-22,161829002700,-115854800400,005930
2023-11-23,27793771600,-47275980800,005930
2023-11-24,-39238215500,11161387000,005930
2023-11-27,-83592279200,61582872600,005930
2023-11-28,40254855800,136541696400,005930
2023-11-29,165939353100,-113505270100,005930
2023-11-30,-62991276400,88434628800,005930
2023-12-01,-16305027500,-64395670000,005930
2023-12-04,110906129300,28767012400,005930
2023-12-05,-67712756400,-75737062900,005930
2023-12-06,40338517900,42145876400,005930
2023-12-07,108150127900,-103752207900,005930
2023-12-08,101343397200,159402334600,005930
2023-12-11,97631513800,35485675200,005930
2023-12-12,14903971600,252596384100,005930
2023-12-13,-44466628500,71420627200,005930
2023-12-14,203685083200,-40421328800,005930
2023-12-15,100923914600,44443010000,005930
2023-12-18,12362742500,-82392806800,005930
2023-12-19,-38080697800,88312657800,005930
2023-12-20,148139688500,370997538800,005930
2023-12-21,200870039700,75035528900,005930
2023-12-22,149577837800,185609858700,005930
2023-12-26,37181286700,303008167200,005930
2023-12-27,320387185300,-85568690500,005930
2023-12-28,85937155800,221751623600,005930
2024-01-02,182974012300,45093469200,005930
2024-01-03,30127750000,-302812522300,005930
2024-01-04,48848576400,-190981455800,005930
2024-01-05,-41292683100,-80547510800,005930
2024-01-08,47025035000,-106207934300,005930
2024-01-09,-100549687800,-93892117000,005930
2024-01-10,-99843210100,-75688229400,005930
2024-01-11,1686454034811,-2273991610611,005930
2024-01-12,-29913616400,-55203048600,005930
2024-01-15,59827862100,19801773300,005930
2024-01-16,-53969698600,-110781823400,005930
2024-01-17,-258437476100,-38182587400,005930
2024-01-18,-61305585100,3886468000,005930
2024-01-19,479002954600,-38198111400,005930
2024-01-22,137244424700,-12373859400,005930
2024-01-23,94053040200,-10062693300,005930
2024-01-24,-13254172100,-68505558000,005930
2024-01-25,61085547700,-6697241900,005930
2024-01-26,60187417500,-58405385500,005930
2024-01-29,220457640000,-30992551000,005930
2024-01-30,-45402918300,1063003100,005930
2024-01-31,-98442017000,-93194906600,005930
2024-02-01,375990585000,-321376557800,005930
2024-02-02,139609326200,148956932600,005930
2024-02-05,144159965900,-365660756800,005930
2024-02-06,24310273200,-36460602700,005930
2024-02-07,55840153500,115085642400,005930
2024-02-08,-364864144700,95226772700,005930
2024-02-13,81403328500,197070505500,005930
2024-02-14,-124739742700,-180874446100,005930
2024-02-15,-123491553100,-150686380700,005930
2024-02-16,-24230564400,-57875538600,005930
2024-02-19,138128065000,41897025500,005930
2024-02-20,22354771500,-92319453100,005930
2024-02-21,-57370236000,-3100722200,005930
2024-02-22,-155511267300,10821968900,005930
2024-02-23,-105442503300,97928236000,005930
2024-02-26,60691608400,-2797593600,005930
2024-02-27,33014193000,-50122824400,005930
2024-02-28,17712145600,24037488000,005930
2024-02-29,95211005200,-177154162600,005930
2024-03-04,240450152500,52873457700,005930
2024-03-05,23115125700,-100597696500,005930
2024-03-06,-231913458300,-49941984800,005930
2024-03-07,-311658535200,6248748500,005930
2024-03-08,-116303066900,244278147800,005930
2024-03-11,-121585056600,-34130436300,005930
2024-03-12,-174890223300,214773937600,005930
2024-03-13,244667119300,68749893200,005930
2024-03-14,10180654700,125062328400,005930
2024-03-15,-507548239900,3815743100,005930
2024-03-18,-58040349500,-17073847100,005930
2024-03-19,40409107700,-208958203300,005930
2024-03-20,909975002200,647369009400,005930
2024-03-21,1062086205000,498654033400,005930
2024-03-22,348622179000,-31398037800,005930
2024-03-25,80912094600,-88120570900,005930
2024-03-26,473531834600,198083799100,005930
2024-03-27,9355753500,129834354400,005930
2024-03-28,401221103500,103035995500,005930
2024-03-29,639385760800,33830192800,005930
2024-04-01,96257860300,-9736170400,005930
2024-04-02,1001894998800,-25828962000,005930
2024-04-03,210040186800,-269992866900,005930
2024-04-04,367421654300,62881199400,005930
2024-04-05,73670760500,-154227261600,005930
2024-04-08,199937656800,-127683215200,005930
2024-04-09,424493447300,-443082878700,005930
2024-04-11,562618484400,-488364920900,005930
2024-04-12,64758282300,-168569670700,005930
2024-04-15,-72375515000,-77749285000,005930
2024-04-16,106987428000,-121003337700,005930
2024-04-17,-144551250600,-16810306200,005930
2024-04-18,75849364900,-50973936300,005930
2024-04-19,-5492713400,-336419739800,005930
2024-04-22,-641318455500,222621206100,005930
2024-04-23,-238935672400,7962553600,005930
2024-04-24,207066852000,60568868200,005930
2024-04-25,-81703987900,-195319290100,005930
2024-04-26,-21869859000,-26630557000,005930
2024-04-29,-116884358200,-26991184500,005930
2024-04-30,46174184400,91232316900,005930
2024-05-02,42309151800,8343612300,005930
2024-05-03,-15388922600,-6089871900,005930
2024-05-07,591548418300,251202002400,005930
2024-05-08,123075253000,-30792549600,005930
2024-05-09,-99066839700,2986623500,005930
2024-05-10,50408194800,-161903452900,005930
2024-05-13,-74411221800,-130479651900,005930
2024-05-14,-30501679900,5002240600,005930
2024-05-16,-297331716900,147609441700,005930
2024-05-17,-262745273600,-7170871600,005930
2024-05-20,13928524600,203571881500,005930
2024-05-21,100608286200,-156321487500,005930
2024-05-22,-112684503100,5842300400,005930
2024-05-23,112885863000,-79750710200,005930
2024-05-24,-564448204600,-300147521200,005930
2024-05-27,-713698883200,253397039300,005930
2024-05-28,-65187086400,193409472000,005930
2024-05-29,-426507727800,38656333200,005930
2024-05-30,-491660408500,-160820388100,005930
2024-05-31,-452088230500,244769468300,005930
2024-06-03,136786358000,62255950800,005930
2024-06-04,-28137011400,-26680394800,005930
2024-06-05,398598025300,-222973253600,005930
2024-06-07,-185504489100,96150544100,005930
2024-06-10,-143713550300,-175759540400,005930
2024-06-11,-180650297600,-55333066000,005930
2024-06-12,-32144701500,-5323290800,005930
2024-06-13,942260517800,-28426626800,005930
2024-06-14,528958291600,-92360678300,005930
2024-06-17,-42587257800,-74200040000,005930
2024-06-18,446484852000,32125703700,005930
2024-06-19,241299305400,312686156400,005930
2024-06-20,327246740900,160266603100,005930
2024-06-21,-123854130400,-31724047300,005930
2024-06-24,20443608900,23228177700,005930
2024-06-25,228144548500,-38324717900,005930
2024-06-26,104184594600,-62753143500,005930
2024-06-27,395572785900,-281342856600,005930
2024-06-28,-77936603600,16372774500,005930
2024-07-01,84028010000,36216500400,005930
2024-07-02,180718827600,-96347972700,005930
2024-07-03,-3484656600,29905162400,005930
2024-07-04,665455741800,587615333800,005930
2024-07-05,1180606603100,586574714500,005930
2024-07-08,343469731700,-99360698100,005930
2024-07-09,331222148100,-483868200,005930
2024-07-10,304149140200,-126914758900,005930
2024-07-11,205788944100,-102710653200,005930
2024-07-12,-307982724600,13333211000,005930
2024-07-15,-58669391400,356045018500,005930
2024-07-16,178304085700,56358279300,005930
2024-07-17,35374268000,-27059085400,005930
2024-07-18,-76992309100,156935708300,005930
2024-07-19,-248075662600,-148662941400,005930
2024-07-22,-29973944300,-20150295800,005930
2024-07-23,208613200600,-142390672600,005930
2024-07-24,-216076706100,-40861223100,005930
2024-07-25,15838994300,-151061318400,005930
2024-07-26,-143549637100,57864991500,005930
2024-07-29,4315834000,-45189537300,005930
2024-07-30,-24903453300,-110867249400,005930
2024-07-31,138809752700,78683436100,005930
2024-08-01,29180215800,-89657307800,005930
2024-08-02,-288083120500,-252702178300,005930
2024-08-05,-1224837025400,-177815603400,005930
2024-08-06,-182816121900,-514351203400,005930
2024-08-07,81757546300,-156686010600,005930
2024-08-08,-240339065200,-278443653600,005930
2024-08-09,42144538200,-1702228200,005930
2024-08-12,35994225500,8510422600,005930
2024-08-13,141393295700,-15577569600,005930
2024-08-14,158134625700,-17801175100,005930
2024-08-16,518537518100,72520226800,005930
2024-08-19,-115378245600,-26566875700,005930
2024-08-20,73385166200,-11292781500,005930
2024-08-21,6352021900,13792111300,005930
2024-08-22,24404713600,-35367394300,005930
2024-08-23,-90096856900,58127384500,005930
2024-08-26,-285126199700,43998466500,005930
2024-08-27,-109625646100,23082123300,005930
2024-08-28,-110697530100,40293400800,005930
2024-08-29,-333962756200,-161701544000,005930
2024-08-30,-187241751600,101116690800,005930
2024-09-02,137715831800,-175982088800,005930
2024-09-03,-423880792700,-123372063500,005930
2024-09-04,-516520456300,-283791061200,005930
2024-09-05,-606058190100,-25791144600,005930
2024-09-06,-166221071500,-28112451300,005930
2024-09-09,-385829881400,-54417914300,005930
2024-09-10,-585688008100,-85543567200,005930
2024-09-11,-905501389300,-39945065100,005930
2024-09-12,-342490074000,58600626100,005930
2024-09-13,-784564713200,31580479800,005930
2024-09-19,-917840786000,336764307400,005930
2024-09-20,-399901603700,79526141600,005930
2024-09-23,-632538802200,116417382400,005930
2024-09-24,-476111760800,177892240600,005930
2024-09-25,-553519463500,201407653100,005930
2024-09-26,-239416949300,307399450600,005930
2024-09-27,-102399739600,-71554750200,005930
2024-09-30,-690514481800,-144319867000,005930
2024-10-02,-110593159300,-154198216400,005930
2024-10-04,-316633106600,-68734181800,005930
2024-10-07,-538840975000,75153987100,005930
2024-10-08,-250554454200,-86828190800,005930
2024-10-10,-321068840600,-256538278600,005930
2024-10-11,-392648684500,229041946400,005930
2024-10-14,-94073075000,152329952200,005930
2024-10-15,-62384766900,10544779300,005930
2024-10-16,-272614342600,-46452166700,005930
2024-10-17,-278009772800,67417847600,005930
2024-10-18,-172316664800,-15791144600,005930
2024-10-21,-41285875600,-43073272100,005930
2024-10-22,-285590661000,-153427518400,005930
2024-10-23,-51148894000,57771134500,005930
2024-10-24,-654576360800,-85250664600,005930
2024-10-25,-322394845400,-41201174600,005930
2024-10-28,9893352300,153891505300,005930
2024-10-29,8520495600,107615447700,005930
2024-10-30,-184204710300,51957796500,005930
2024-10-31,-116448453000,119541307900,005930
2024-11-01,-124322557400,-106474119100,005930
2024-11-04,-124410777500,74743652100,005930
2024-11-05,-180599620400,-49121326600,005930
2024-11-06,-147867648400,-24710719800,005930
2024-11-07,-22294402900,3306233300,005930
2024-11-08,-90674382300,65901393900,005930
2024-11-11,-539566631400,-100887804300,005930
2024-11-12,-429929962700,9418379200,005930
2024-11-13,-731946934700,71482964800,005930
2024-11-14,-469715463100,78194113400,005930
2024-11-15,128793491100,53140228500,005930
2024-11-18,-161450403500,-32034673400,005930
2024-11-19,-127724587700,132204202600,005930
2024-11-20,-68500678000,-14709361100,005930
2024-11-21,-39449192200,51865521500,005930
2024-11-22,-179141329800,78954650100,005930
2024-11-25,-8935390700,129238873400,005930
2024-11-26,53137121500,-114267592500,005930
2024-11-27,-282253861100,-21736528300,005930
2024-11-28,-187008147200,1650113300,005930
2024-11-29,-199742346400,-30113222300,005930
2024-12-02,-212591469300,109468285800,005930
2024-12-03,-112421181000,15783608100,005930
2024-12-04,-75662619300,-18825195400,005930
2024-12-05,-139453890700,135073761800,005930
2024-12-06,-70955896200,169663401500,005930
2024-12-09,-73864468700,132599162600,005930
2024-12-10,-131841047500,58477376100,005930
2024-12-11,-80720291600,6822425500,005930
2024-12-12,-57638464400,152648047300,005930
2024-12-13,-110726400600,37514639300,005930
2024-12-16,-169873143600,10045177700,005930
2024-12-17,-232473728800,35989792200,005930
2024-12-18,40920204300,4331298400,005930
2024-12-19,-327745823300,-149979391000,005930
2024-12-20,-249834853800,-69700337300,005930
2024-12-23,-44488165300,24961655300,005930
2024-12-24,103093057000,3599664600,005930
2024-12-26,-73581477500,-6930760500,005930
2024-12-27,-2171267300,-13922536000,005930
2024-12-30,-143037494300,-3277287800,005930
2025-01-02,-51800676500,-83508751500,005930
2025-01-03,34599915100,116408415900,005930
2025-01-06,94941095900,52991253500,005930
2025-01-07,-49330400000,-13323103000,005930
2025-01-08,273346985300,23450480800,005930
2025-01-09,42830870100,-183638580700,005930
2025-01-10,-110224574600,-91326576700,005930
2025-01-13,-251720723300,-16857617800,005930
2025-01-14,-200614063100,-212138700,005930
2025-01-15,-144953348800,-89480552100,005930
2025-01-16,55219253000,-15198179100,005930
2025-01-17,-271044219800,-107178895700,005930
2025-01-20,-134954023500,-16657375800,005930
2025-01-21,-43502391600,-8012734100,005930
2025-01-22,-70825233200,46469246900,005930
2025-01-23,-103819854600,12566586200,005930
2025-01-24,-95987475600,-5198457100,005930
2025-01-31,-700525851600,109442006500,005930
2025-02-03,-402099934400,-97205947500,005930
2025-02-04,190582196700,-9676792500,005930
2025-02-05,-115391053500,14673671600,005930
2025-02-06,54603694800,72929332700,005930
2025-02-07,-107456573900,73596487900,005930
2025-02-10,41573797900,157326703800,005930
2025-02-11,40037165000,151464802900,005930
2025-02-12,381646656084,-356133811484,005930
2025-02-13,-114256919200,108353145200,005930
2025-02-14,-51177779000,163619030800,005930
2025-02-17,-71416090800,49243524400,005930
2025-02-18,133144361100,56476823200,005930
2025-02-19,110646699700,296426045500,005930
2025-02-20,14482177500,-16938430600,005930
2025-02-21,-56217060100,-26376077700,005930
2025-02-24,10769041600,-89754668600,005930
2025-02-25,38361635600,-70386553800,005930
2025-02-26,-211836087200,47256355700,005930
2025-02-27,36550751900,-100935120100,005930
2025-02-28,-186537932900,-184875697500,005930
2025-03-04,-35366421850,-48124106150,005930
2025-03-05,-121662553200,-140451170150,005930
2025-03-06,-62015487400,-36760449100,005930
2025-03-07,-146370389350,-39312804300,005930
2025-03-10,-78956777400,-18477894750,005930
2025-03-11,-24598717350,-95342786700,005930
2025-03-12,127254346050,372692200,005930
2025-03-13,-162604165050,101067822150,005930
2025-03-14,-105623111350,15548446600,005930
2025-03-17,489616643000,227409473000,005930
2025-03-18,217272587650,-6841657050,005930
2025-03-19,276656301850,134229875300,005930
2025-03-20,501280668900,27374739700,005930
2025-03-21,480766938600,-62412762800,005930
2025-03-24,-39306265600,-19216369350,005930
2025-03-25,-3326965700,-18467825550,005930
2025-03-26,142267244100,31600506950,005930
2025-03-27,320504568300,-66876741900,005930
2025-03-28,-95280054450,-81015820400,005930
2025-03-31,-208714831450,27456897450,005930
2025-04-01,-101220944950,1611043400,005930
2025-04-02,-27692514800,-31738931300,005930
2025-04-03,-304250289750,-19715069700,005930
2025-04-04,-410030096900,3244325200,005930
2025-04-07,-658737467750,69730121000,005930
2025-04-08,-220127019750,-26713639250,005930
2025-04-09,-143646302450,-78666793950,005930
2025-04-10,-11996084200,63255063850,005930
2025-04-11,-224397620250,7840723800,005930
2025-04-14,51178284950,-15985065900,005930
2025-04-15,37478533650,13069621550,005930
2025-04-16,-267635741800,-26900377050,005930
2025-04-17,-113377234850,51483271600,005930
2025-04-18,27355805550,-37997338050,005930
2025-04-21,-2960639500,-27989832750,005930
2025-04-22,-100226125800,-2738922550,005930
2025-04-23,-82756423400,83417533300,005930
2025-04-24,2773295500,-46326537200,005930
2025-04-25,-87539266200,43227306600,005930
2025-04-28,-35649241750,-5950596400,005930
2025-04-29,-9242543950,44064643300,005930
2025-04-30,-90233265600,-37251529900,005930
2025-05-02,-656238792200,61469744300,005930
2025-05-07,-128718876100,8326490500,005930
2025-05-08,5034293150,-110316118900,005930
2025-05-09,-141634250,-33704764150,005930
2025-05-12,134359724900,118805642400,005930
2025-05-13,4429279450,36586924450,005930
2025-05-14,-9591462350,70829690850,005930
2025-05-15,165067957850,-69284844400,005930
2025-05-16,-72732832700,-11354449250,005930
2025-05-19,-34287548100,-57114854250,005930
2025-05-20,-39379715750,5456993000,005930
2025-05-21,-47213632000,-18759359500,005930
2025-05-22,-173136697850,-113793149850,005930
2025-05-23,-142508211100,-53347689050,005930
2025-05-26,-113064227450,58181207600,005930
2025-05-27,-269834988600,22690693800,005930
2025-05-28,118132751750,194042426250,005930
2025-05-29,-8299665450,61297364800,005930
2025-05-30,-7605824750,112488235300,005930
2025-06-02,49110828550,-33974732600,005930
2025-06-04,119775101650,67064831850,005930
2025-06-05,281318315200,137802524700,005930
2025-06-09,309135095150,-129336955150,005930
2025-06-10,-54533069200,-17931077300,005930
2025-06-11,133535624000,24499766250,005930
2025-06-12,19403756100,-69602772800,005930
2025-06-13,766874250,-212188411550,005930
2025-06-16,-396864890450,41216924450,005930
2025-06-17,107060714150,59159294900,005930
2025-06-18,228077295250,44002663750,005930
2025-06-19,-25749834800,-68034543050,005930
2025-06-20,-49695351050,3105071850,005930
2025-06-23,-77738467950,-245738606850,005930
2025-06-24,327219616900,111581731450,005930
2025-06-25,120160165650,-48786073450,005930
2025-06-26,-100832228150,-81358258850,005930
2025-06-27,37663783850,125716175500,005930
2025-06-30,-317875914000,49014711500,005930
2025-07-01,8380303300,68222870950,005930
2025-07-02,-21101593150,55918248050,005930
2025-07-03,563955013650,256353879600,005930
2025-07-04,-11738923300,-52373841300,005930
2025-07-07,-175645428850,-62868264850,005930
2025-07-08,-117906761950,-53416687000,005930
2025-07-09,-202303563250,-125653808250,005930
2025-07-10,39480999200,-106540335950,005930
2025-07-11,307774681950,4230975250,005930
2025-07-14,-42573173300,-9443214750,005930
2025-07-15,230360343350,-25726447000,005930
2025-07-16,372330848400,-66031235600,005930
2025-07-17,525417682400,123824924250,005930
2025-07-18,397374263450,-109016917850,005930
2025-07-21,190992989150,-45683267650,005930
2025-07-22,-46112332150,-53790839650,005930
2025-07-23,-71874241800,-22953416550,005930
2025-07-24,41625005800,-62102504950,005930
2025-07-25,50573911250,-57277474850,005930
2025-07-28,681049551300,254820680650,005930
2025-07-29,252152360850,-43894834450,005930
2025-07-30,587511643450,93381461600,005930
2025-07-31,-74141829600,-154944222250,005930
2025-08-01,-35045531050,-169480224050,005930
2025-08-04,-32312982250,-64964049000,005930
2025-08-05,-178083617350,7745900850,005930
2025-08-06,-41987010150,-65083241250,005930
2025-08-07,-27330730550,43485251800,005930
2025-08-08,165169406950,66953013200,005930
2025-08-11,-144363066250,-40903060500,005930
2025-08-12,37612584850,-25423861000,005930
2025-08-13,20830893700,-16180788250,005930
2025-08-14,-129834295600,94952500150,005930
2025-08-18,-174502855650,-21204154950,005930
2025-08-19,-73385808500,50053758400,005930
2025-08-20,5757552400,133535930450,005930
2025-08-21,137146379450,-94321059150,005930
2025-08-22,30940544000,2410015950,005930
2025-08-25,-137020942000,-36028196400,005930
2025-08-26,-160096063850,-63980732600,005930
2025-08-27,-59270712350,-5716676100,005930
2025-08-28,-242019520950,-55609910350,005930
2025-08-29,-124277529750,-11602837500,005930
2025-09-01,-183723040100,-73530262250,005930
2025-09-02,132038755350,-55718382600,005930
2025-09-03,96569944150,-77284419400,005930
2025-09-04,29136214600,-44842012050,005930
2025-09-05,-107883365100,-7495386100,005930
2025-09-08,48029560650,-11687726750,005930
2025-09-09,273148160150,132396818850,005930
2025-09-10,382780462850,332416855750,005930
2025-09-11,-5512066300,406194743500,005930
2025-09-12,791826522150,451135476000,005930
2025-09-15,261709641150,127216640600,005930
2025-09-16,1024562825300,69269772400,005930
2025-09-17,166415105000,-62696255700,005930
2025-09-18,349313494550,362065903000,005930
2025-09-19,10838944900,-86311260750,005930
2025-09-22,665270173550,159841451550,005930
2025-09-23,163068934650,-110857650500,005930
2025-09-24,68289990650,43945042400,005930
2025-09-25,419151228200,23924816400,005930
2025-09-26,130544274700,-237702043800,005930
2025-09-29,88121582900,81480873400,005930
2025-09-30,106426146200,-20188673000,005930
2025-10-01,526982279850,127175586650,005930
2025-10-02,1714113426300,25184823950,005930
2025-10-10,598803762950,34395449200,005930
2025-10-13,-223933018750,6212750450,005930
2025-10-14,251186034250,-218998935150,005930
2025-10-15,163225599050,149730276450,005930
2025-10-16,558691315650,194533437000,005930
2025-10-17,396817880600,-104446130800,005930
2025-10-20,-96761722800,95264783350,005930
2025-10-21,67130419700,126011207350,005930
2025-10-22,-48035068150,107566530950,005930
2025-10-23,-115117256800,-149456365350,005930
2025-10-24,515222827200,351832056750,005930
2025-10-27,786814695900,164288471000,005930
2025-10-28,-257879125000,-91252563250,005930
2025-10-29,-201262276750,86810318200,005930
2025-10-30,532743874300,6438358900,005930
2025-10-31,1795038804165,-1584698941865,005930
2025-11-03,-273303284800,252024733650,005930
2025-11-04,-593764219200,-82850758150,005930
2025-11-05,-163159151750,-105625235200,005930
2025-11-06,-723578977100,175830166500,005930
2025-11-07,256575904950,-181062599650,005930
2025-11-10,72448937850,112870711150,005930
2025-11-11,235451708500,145061145900,005930
2025-11-12,-444072445800,198244757900,005930
2025-11-13,194031044900,-420368776300,005930
2025-11-14,-585912464600,-324774960700,005930
2025-11-17,304598292000,35725584550,005930
2025-11-18,83267938600,-172702083000,005930
2025-11-19,-200812438900,84098386550,005930
2025-11-20,529221928200,177956176300,005930
2025-11-21,-794721310450,-10318761300,005930
2025-11-24,33917215850,365280519750,005930
2025-11-25,9805152350,32696289250,005930
2025-11-26,210082527850,372113311800,005930
2025-11-27,149879193700,99968044250,005930
2025-11-28,-518361842350,139133435500,005930
2025-12-01,-1366801250,-38750340750,005930
2025-12-02,425848118700,121225251850,005930
2025-12-03,132062276400,185159232850,005930
2025-12-04,-2536744250,52669507500,005930
2025-12-05,435663672950,196150053800,005930
2025-12-08,157374748050,-63680245650,005930
2025-12-09,-388945857200,46212551350,005930
2025-12-10,-93873636250,-106711738200,005930
2025-12-11,267932913350,-466279929950,005930
2025-12-12,-92836839500,330428229600,005930
2025-12-15,-698102575350,-108967381600,005930
2025-12-16,-177868009600,-18042138700,005930
2025-12-17,234617126100,199703508050,005930
2025-12-18,-93495530350,44905935400,005930
2025-12-19,-722729880500,172394696150,005930
2025-12-22,795144233350,576962656850,005930
2025-12-23,599484000750,148873500750,005930
2025-12-24,51201627250,139164113750,005930
2025-12-26,1253478219550,337185326650,005930
2025-12-29,-551379459450,-81086826050,005930
2025-12-30,-148468849150,-33616846650,005930
2026-01-02,301244475700,-115470003550,005930
2026-01-05,337313023300,-443758245550,005930
2026-01-06,-1513220525150,30464305150,005930
2026-01-07,290978846400,-358758526450,005930
2026-01-08,-525045594850,-717839555400,005930
2026-01-09,-917132512450,275762439550,005930
2026-01-12,-948550787250,96145879400,005930
2026-01-13,-519984301000,-11201615600,005930
2026-01-14,22727796150,264047932650,005930
2026-01-15,37795272850,568346762050,005930
2026-01-16,120909187800,187205733950,005930
2026-01-19,-7190644350,-109635980600,005930
2026-01-20,-428779770050,-285984419550,005930
2026-01-21,973521410850,63422202000,005930
2026-01-22,208374401000,20237900550,005930
2026-01-23,-265221499900,-226444993800,005930
2026-01-26,110249989350,-361914274750,005930
2026-01-27,551634900400,128716107750,005930
2026-01-28,-284452502800,-146117056300,005930
2026-01-29,-1195225917650,-287798663000,005930
2026-01-30,-588348762600,184876175400,005930
2026-02-02,-969950841500,-479869374400,005930
2026-02-03,664792254950,580850028550,005930
2026-02-04,-933438220200,649770798350,005930
2026-02-05,-2587455682700,-734609569300,005930
2026-02-06,-889137101400,197645874850,005930
2026-02-09,86564656250,745782696600,005930
2026-02-10,307308863050,147294175950,005930
2026-02-11,619491602300,-8793118050,005930
2026-02-12,2385692529300,34838647900,005930
2026-02-13,-855005617700,100641853100,005930
2026-02-19,-1067140107300,328875189450,005930
2026-02-20,-2055002065100,650707182750,005930
2026-02-23,-1147769330250,144678384600,005930
2026-02-24,-449639521650,745652129800,005930
2026-02-25,-1785674871000,285323630000,005930
2026-02-26,-1663473646250,347837587000,005930
2026-02-27,-4224234828250,329230826750,005930
2026-03-03,-3196726141600,217680314000,005930
2026-03-04,-695276560100,291383446700,005930
2026-03-05,-336092254000,-673468470450,005930
2026-03-06,-1157432886050,-562122649900,005930
2026-03-09,-1379458918250,-526758354800,005930
2026-03-10,775928095600,199226321700,005930
2026-03-11,-148807660000,100572589300,005930
2026-03-12,-912239123350,77668046400,005930
2026-03-13,-518780435050,-410915427400,005930
2026-03-16,-91357709200,173811192000,005930
2026-03-17,74981949450,308947820450,005930
2026-03-18,280225936600,903164318550,005930
2026-03-19,-428151636150,-224799972850,005930
2026-03-20,-77999296884,-1423501162216,005930
2026-03-23,-1511720792600,-1220811824000,005930
2026-03-24,-1169007225350,-39605246500,005930
2026-03-25,-1179334202750,564787397550,005930
2026-03-26,-2031998385250,-303567641850,005930
2026-03-27,-1792987722450,122255464750,005930
2026-03-30,-695678544350,273274897900,005930
2026-03-31,-1981537736250,103102387300,005930
2026-04-01,-10844465750,1257406078200,005930
2026-04-02,-257729805250,-541771080250,005930
2026-04-03,96569944450,355628016600,005930
2026-04-06,231710389800,323263108350,005930
2026-04-07,-539062978900,112930735950,005930
2026-04-08,497216012250,794599900500,005930
2026-04-09,2274646870808,-2754350281808,005930
2026-04-10,98604869500,-98774015250,005930
2026-04-13,-287917483650,-447451231200,005930
2026-04-14,-103147227000,642663860250,005930
2026-04-15,14649703000,122930328750,005930
2026-04-16,370624331500,306013532500,005930
2026-04-17,-687656031000,187711191500,005930
2026-04-20,-621011898000,26064890500,005930
2026-04-21,283999902500,267648062000,005930
2026-04-22,-281816028500,-142166700250,005930
2026-04-23,748672544250,155735536000,005930
2026-04-24,-1074873719000,-13952338500,005930
2026-04-27,1009180671250,458895975500,005930
2026-04-28,-683231102000,201716441000,005930
2026-04-29,455321359250,241309775500,005930
2026-04-30,-173923219000,30726830000,005930
2026-05-04,1197105387250,992846122000,005930
2026-05-06,3084937366750,-587966300500,005930
2026-05-07,-2780444758750,166663960000,005930
2026-05-08,-2538322067000,285970260750,005930
2026-05-11,-2277817724500,457200334000,005930
2026-05-12,-2200286259500,-17641942500,005930
2026-05-13,-1544725915500,456101309000,005930
2026-05-14,228202526000,72805605250,005930
2026-05-15,-2486733891500,-420703382000,005930
2026-05-18,-1241475109250,785961611250,005930
2026-05-19,-2535541066250,394423584000,005930
2026-05-20,-1579582653000,753511476500,005930
