,metric,tag,unit,fy,fp,form,filed,start,end,value
0,assets,Assets,USD,2009,Q2,10-Q,2009-08-20,,2009-01-25,3350727000.0
1,assets,Assets,USD,2009,Q3,10-Q,2009-11-19,,2009-01-25,3350727000.0
2,assets,Assets,USD,2010,FY,10-K,2010-03-18,,2009-01-25,3350727000.0
3,assets,Assets,USD,2009,Q2,10-Q,2009-08-20,,2009-07-26,3298409000.0
4,assets,Assets,USD,2009,Q3,10-Q,2009-11-19,,2009-10-25,3463574000.0
5,assets,Assets,USD,2010,FY,10-K,2010-03-18,,2010-01-31,3585918000.0
6,assets,Assets,USD,2010,Q2,10-Q,2010-05-21,,2010-01-31,3585918000.0
7,assets,Assets,USD,2010,Q3,10-Q,2010-08-30,,2010-01-31,3585918000.0
8,assets,Assets,USD,2010,Q3,10-Q,2010-12-07,,2010-01-31,3585918000.0
9,assets,Assets,USD,2010,FY,10-K,2011-03-16,,2010-01-31,3585918000.0
10,assets,Assets,USD,2010,Q2,10-Q,2010-05-21,,2010-05-02,3803030000.0
11,assets,Assets,USD,2010,Q3,10-Q,2010-08-30,,2010-08-01,3731268000.0
12,assets,Assets,USD,2010,Q3,10-Q,2010-12-07,,2010-10-31,3915579000.0
13,assets,Assets,USD,2010,FY,10-K,2011-03-16,,2011-01-30,4495246000.0
14,assets,Assets,USD,2011,Q1,10-Q,2011-05-27,,2011-01-30,4495246000.0
15,assets,Assets,USD,2011,Q2,10-Q,2011-08-25,,2011-01-30,4495246000.0
16,assets,Assets,USD,2011,Q3,10-Q,2011-11-22,,2011-01-30,4495246000.0
17,assets,Assets,USD,2011,FY,10-K,2012-03-13,,2011-01-30,4495246000.0
18,assets,Assets,USD,2011,Q1,10-Q,2011-05-27,,2011-05-01,4736744000.0
19,assets,Assets,USD,2011,Q2,10-Q,2011-08-25,,2011-07-31,4864424000.0
20,assets,Assets,USD,2011,Q3,10-Q,2011-11-22,,2011-10-30,5089043000.0
21,assets,Assets,USD,2011,FY,10-K,2012-03-13,,2012-01-29,5552928000.0
22,assets,Assets,USD,2012,Q1,10-Q,2012-05-23,,2012-01-29,5552928000.0
23,assets,Assets,USD,2012,Q2,10-Q,2012-08-22,,2012-01-29,5552928000.0
24,assets,Assets,USD,2012,Q3,10-Q,2012-11-19,,2012-01-29,5552928000.0
25,assets,Assets,USD,2012,FY,10-K,2013-03-12,,2012-01-29,5552928000.0
26,assets,Assets,USD,2012,Q1,10-Q,2012-05-23,,2012-04-29,5708167000.0
27,assets,Assets,USD,2012,Q2,10-Q,2012-08-22,,2012-07-29,5891881000.0
28,assets,Assets,USD,2012,Q3,10-Q,2012-11-19,,2012-10-28,6075144000.0
29,assets,Assets,USD,2012,FY,10-K,2013-03-12,,2013-01-27,6412245000.0
30,assets,Assets,USD,2013,Q1,10-Q,2013-05-22,,2013-01-27,6412245000.0
31,assets,Assets,USD,2013,Q2,10-Q,2013-08-21,,2013-01-27,6412245000.0
32,assets,Assets,USD,2013,Q3,10-Q,2013-11-19,,2013-01-27,6412245000.0
33,assets,Assets,USD,2013,FY,10-K,2014-03-13,,2013-01-27,6412245000.0
34,assets,Assets,USD,2013,Q1,10-Q,2013-05-22,,2013-04-28,6279527000.0
35,assets,Assets,USD,2013,Q2,10-Q,2013-08-21,,2013-07-28,5569592000.0
36,assets,Assets,USD,2013,Q3,10-Q,2013-11-19,,2013-10-27,5711373000.0
37,assets,Assets,USD,2013,FY,10-K,2014-03-13,,2014-01-26,7250894000.0
38,assets,Assets,USD,2014,Q1,10-Q,2014-05-21,,2014-01-26,7250894000.0
39,assets,Assets,USD,2015,Q2,10-Q,2014-08-20,,2014-01-26,7250894000.0
40,assets,Assets,USD,2015,Q3,10-Q,2014-11-19,,2014-01-26,7250894000.0
41,assets,Assets,USD,2015,FY,10-K,2015-03-12,,2014-01-26,7250894000.0
42,assets,Assets,USD,2014,Q1,10-Q,2014-05-21,,2014-04-27,6864663000.0
43,assets,Assets,USD,2015,Q2,10-Q,2014-08-20,,2014-07-27,6933719000.0
44,assets,Assets,USD,2015,Q3,10-Q,2014-11-19,,2014-10-26,6885869000.0
45,assets,Assets,USD,2015,FY,10-K,2015-03-12,,2015-01-25,7201368000.0
46,assets,Assets,USD,2016,Q1,10-Q,2015-05-20,,2015-01-25,7201000000.0
47,assets,Assets,USD,2016,Q2,10-Q,2015-08-19,,2015-01-25,7201000000.0
48,assets,Assets,USD,2016,Q3,10-Q,2015-11-18,,2015-01-25,7201000000.0
49,assets,Assets,USD,2016,FY,10-K,2016-03-17,,2015-01-25,7201000000.0
50,assets,Assets,USD,2016,Q1,10-Q,2015-05-20,,2015-04-26,7291000000.0
51,assets,Assets,USD,2016,Q2,10-Q,2015-08-19,,2015-07-26,6979000000.0
52,assets,Assets,USD,2016,Q3,10-Q,2015-11-18,,2015-10-25,7174000000.0
53,assets,Assets,USD,2016,FY,10-K,2016-03-17,,2016-01-31,7370000000.0
54,assets,Assets,USD,2017,Q1,10-Q,2016-05-25,,2016-01-31,7370000000.0
55,assets,Assets,USD,2017,Q2,10-Q,2016-08-23,,2016-01-31,7370000000.0
56,assets,Assets,USD,2017,Q3,10-Q,2016-11-22,,2016-01-31,7370000000.0
57,assets,Assets,USD,2017,FY,10-K,2017-03-01,,2016-01-31,7370000000.0
58,assets,Assets,USD,2017,Q1,10-Q,2016-05-25,,2016-05-01,7108000000.0
59,assets,Assets,USD,2017,Q2,10-Q,2016-08-23,,2016-07-31,7461000000.0
60,assets,Assets,USD,2017,Q3,10-Q,2016-11-22,,2016-10-30,9612000000.0
61,assets,Assets,USD,2017,FY,10-K,2017-03-01,,2017-01-29,9841000000.0
62,assets,Assets,USD,2018,Q1,10-Q,2017-05-23,,2017-01-29,9841000000.0
63,assets,Assets,USD,2018,Q2,10-Q,2017-08-23,,2017-01-29,9841000000.0
64,assets,Assets,USD,2018,Q3,10-Q,2017-11-21,,2017-01-29,9841000000.0
65,assets,Assets,USD,2018,FY,10-K,2018-02-28,,2017-01-29,9841000000.0
66,assets,Assets,USD,2018,Q1,10-Q,2017-05-23,,2017-04-30,9410000000.0
67,assets,Assets,USD,2018,Q2,10-Q,2017-08-23,,2017-07-30,9402000000.0
68,assets,Assets,USD,2018,Q3,10-Q,2017-11-21,,2017-10-29,9830000000.0
69,assets,Assets,USD,2018,FY,10-K,2018-02-28,,2018-01-28,11241000000.0
70,assets,Assets,USD,2019,Q1,10-Q,2018-05-22,,2018-01-28,11241000000.0
71,assets,Assets,USD,2019,Q2,10-Q,2018-08-16,,2018-01-28,11241000000.0
72,assets,Assets,USD,2019,Q3,10-Q,2018-11-15,,2018-01-28,11241000000.0
73,assets,Assets,USD,2019,FY,10-K,2019-02-21,,2018-01-28,11241000000.0
74,assets,Assets,USD,2019,Q1,10-Q,2018-05-22,,2018-04-29,11460000000.0
75,assets,Assets,USD,2019,Q2,10-Q,2018-08-16,,2018-07-29,12882000000.0
76,assets,Assets,USD,2019,Q3,10-Q,2018-11-15,,2018-10-28,13657000000.0
77,assets,Assets,USD,2019,FY,10-K,2019-02-21,,2019-01-27,13292000000.0
78,assets,Assets,USD,2020,Q1,10-Q,2019-05-16,,2019-01-27,13292000000.0
79,assets,Assets,USD,2020,Q2,10-Q,2019-08-15,,2019-01-27,13292000000.0
80,assets,Assets,USD,2020,Q3,10-Q,2019-11-14,,2019-01-27,13292000000.0
81,assets,Assets,USD,2020,FY,10-K,2020-02-20,,2019-01-27,13292000000.0
82,assets,Assets,USD,2020,Q1,10-Q,2019-05-16,,2019-04-28,14021000000.0
83,assets,Assets,USD,2020,Q2,10-Q,2019-08-15,,2019-07-28,14775000000.0
84,assets,Assets,USD,2020,Q3,10-Q,2019-11-14,,2019-10-27,15810000000.0
85,assets,Assets,USD,2020,FY,10-K,2020-02-20,,2020-01-26,17315000000.0
86,assets,Assets,USD,2020,Q1,10-Q,2020-05-21,,2020-01-26,17315000000.0
87,assets,Assets,USD,2020,Q2,10-Q,2020-08-19,,2020-01-26,17315000000.0
88,assets,Assets,USD,2021,Q3,10-Q,2020-11-18,,2020-01-26,17315000000.0
89,assets,Assets,USD,2021,FY,10-K,2021-02-26,,2020-01-26,17315000000.0
90,assets,Assets,USD,2020,Q1,10-Q,2020-05-21,,2020-04-26,23254000000.0
91,assets,Assets,USD,2020,Q2,10-Q,2020-08-19,,2020-07-26,25180000000.0
92,assets,Assets,USD,2021,Q3,10-Q,2020-11-18,,2020-10-25,26881000000.0
93,assets,Assets,USD,2021,FY,10-K,2021-02-26,,2021-01-31,28791000000.0
94,assets,Assets,USD,2022,Q1,10-Q,2021-05-26,,2021-01-31,28791000000.0
95,assets,Assets,USD,2022,Q2,10-Q,2021-08-20,,2021-01-31,28791000000.0
96,assets,Assets,USD,2022,Q3,10-Q,2021-11-22,,2021-01-31,28791000000.0
97,assets,Assets,USD,2022,FY,10-K,2022-03-18,,2021-01-31,28791000000.0
98,assets,Assets,USD,2022,Q1,10-Q,2021-05-26,,2021-05-02,30796000000.0
99,assets,Assets,USD,2022,Q2,10-Q,2021-08-20,,2021-08-01,38650000000.0
100,assets,Assets,USD,2022,Q3,10-Q,2021-11-22,,2021-10-31,40632000000.0
101,assets,Assets,USD,2022,FY,10-K,2022-03-18,,2022-01-30,44187000000.0
102,assets,Assets,USD,2023,Q1,10-Q,2022-05-27,,2022-01-30,44187000000.0
103,assets,Assets,USD,2023,Q2,10-Q,2022-08-31,,2022-01-30,44187000000.0
104,assets,Assets,USD,2023,Q3,10-Q,2022-11-18,,2022-01-30,44187000000.0
105,assets,Assets,USD,2023,FY,10-K,2023-02-24,,2022-01-30,44187000000.0
106,assets,Assets,USD,2023,Q1,10-Q,2022-05-27,,2022-05-01,45212000000.0
107,assets,Assets,USD,2023,Q2,10-Q,2022-08-31,,2022-07-31,43476000000.0
108,assets,Assets,USD,2023,Q3,10-Q,2022-11-18,,2022-10-30,40488000000.0
109,assets,Assets,USD,2023,FY,10-K,2023-02-24,,2023-01-29,41182000000.0
110,assets,Assets,USD,2024,Q1,10-Q,2023-05-26,,2023-01-29,41182000000.0
111,assets,Assets,USD,2024,Q2,10-Q,2023-08-28,,2023-01-29,41182000000.0
112,assets,Assets,USD,2024,Q3,10-Q,2023-11-21,,2023-01-29,41182000000.0
113,assets,Assets,USD,2024,FY,10-K,2024-02-21,,2023-01-29,41182000000.0
114,assets,Assets,USD,2024,Q1,10-Q,2023-05-26,,2023-04-30,44460000000.0
115,assets,Assets,USD,2024,Q2,10-Q,2023-08-28,,2023-07-30,49555000000.0
116,assets,Assets,USD,2024,Q3,10-Q,2023-11-21,,2023-10-29,54148000000.0
117,assets,Assets,USD,2024,FY,10-K,2024-02-21,,2024-01-28,65728000000.0
118,assets,Assets,USD,2025,Q1,10-Q,2024-05-29,,2024-01-28,65728000000.0
119,assets,Assets,USD,2025,Q2,10-Q,2024-08-28,,2024-01-28,65728000000.0
120,assets,Assets,USD,2025,Q3,10-Q,2024-11-20,,2024-01-28,65728000000.0
121,assets,Assets,USD,2025,FY,10-K,2025-02-26,,2024-01-28,65728000000.0
122,assets,Assets,USD,2025,Q1,10-Q,2024-05-29,,2024-04-28,77072000000.0
123,assets,Assets,USD,2025,Q2,10-Q,2024-08-28,,2024-07-28,85227000000.0
124,assets,Assets,USD,2025,Q3,10-Q,2024-11-20,,2024-10-27,96013000000.0
125,assets,Assets,USD,2025,FY,10-K,2025-02-26,,2025-01-26,111601000000.0
126,assets,Assets,USD,2026,Q1,10-Q,2025-05-28,,2025-01-26,111601000000.0
127,assets,Assets,USD,2026,Q2,10-Q,2025-08-27,,2025-01-26,111601000000.0
128,assets,Assets,USD,2026,Q3,10-Q,2025-11-19,,2025-01-26,111601000000.0
129,assets,Assets,USD,2026,FY,10-K,2026-02-25,,2025-01-26,111601000000.0
130,assets,Assets,USD,2026,Q1,10-Q,2025-05-28,,2025-04-27,125254000000.0
131,assets,Assets,USD,2026,Q2,10-Q,2025-08-27,,2025-07-27,140740000000.0
132,assets,Assets,USD,2026,Q3,10-Q,2025-11-19,,2025-10-26,161148000000.0
133,assets,Assets,USD,2026,FY,10-K,2026-02-25,,2026-01-25,206803000000.0
134,capex_purchase_ppe,PaymentsToAcquirePropertyPlantAndEquipment,USD,2011,FY,10-K,2012-03-13,2009-01-26,2010-01-31,77601000.0
135,capex_purchase_ppe,PaymentsToAcquirePropertyPlantAndEquipment,USD,2011,FY,10-K,2012-03-13,2010-02-01,2011-01-30,97890000.0
136,capex_purchase_ppe,PaymentsToAcquirePropertyPlantAndEquipment,USD,2012,Q1,10-Q,2012-05-23,2011-01-31,2011-05-01,31195000.0
137,capex_purchase_ppe,PaymentsToAcquirePropertyPlantAndEquipment,USD,2012,Q2,10-Q,2012-08-22,2011-01-31,2011-07-31,54518000.0
138,capex_purchase_ppe,PaymentsToAcquirePropertyPlantAndEquipment,USD,2012,Q3,10-Q,2012-11-19,2011-01-31,2011-10-30,93553000.0
139,capex_purchase_ppe,PaymentsToAcquirePropertyPlantAndEquipment,USD,2011,FY,10-K,2012-03-13,2011-01-31,2012-01-29,138735000.0
140,capex_purchase_ppe,PaymentsToAcquirePropertyPlantAndEquipment,USD,2012,Q1,10-Q,2012-05-23,2012-01-30,2012-04-29,28923000.0
141,capex_purchase_ppe,PaymentsToAcquirePropertyPlantAndEquipment,USD,2013,Q1,10-Q,2013-05-22,2012-01-30,2012-04-29,28923000.0
142,capex_purchase_ppe,PaymentsToAcquirePropertyPlantAndEquipment,USD,2012,Q2,10-Q,2012-08-22,2012-01-30,2012-07-29,90867000.0
143,capex_purchase_ppe,PaymentsToAcquirePropertyPlantAndEquipment,USD,2013,Q2,10-Q,2013-08-21,2012-01-30,2012-07-29,90867000.0
144,capex_purchase_ppe,PaymentsToAcquirePropertyPlantAndEquipment,USD,2012,Q3,10-Q,2012-11-19,2012-01-30,2012-10-28,135551000.0
145,capex_purchase_ppe,PaymentsToAcquirePropertyPlantAndEquipment,USD,2013,Q3,10-Q,2013-11-19,2012-01-30,2012-10-28,135551000.0
146,capex_purchase_ppe,PaymentsToAcquirePropertyPlantAndEquipment,USD,2013,Q1,10-Q,2013-05-22,2013-01-28,2013-04-28,65667000.0
147,capex_purchase_ppe,PaymentsToAcquirePropertyPlantAndEquipment,USD,2014,Q1,10-Q,2014-05-21,2013-01-28,2013-04-28,65667000.0
148,capex_purchase_ppe,PaymentsToAcquirePropertyPlantAndEquipment,USD,2013,Q2,10-Q,2013-08-21,2013-01-28,2013-07-28,150653000.0
149,capex_purchase_ppe,PaymentsToAcquirePropertyPlantAndEquipment,USD,2015,Q2,10-Q,2014-08-20,2013-01-28,2013-07-28,150653000.0
150,capex_purchase_ppe,PaymentsToAcquirePropertyPlantAndEquipment,USD,2013,Q3,10-Q,2013-11-19,2013-01-28,2013-10-27,188812000.0
151,capex_purchase_ppe,PaymentsToAcquirePropertyPlantAndEquipment,USD,2015,Q3,10-Q,2014-11-19,2013-01-28,2013-10-27,188812000.0
152,capex_purchase_ppe,PaymentsToAcquirePropertyPlantAndEquipment,USD,2014,Q1,10-Q,2014-05-21,2014-01-27,2014-04-27,29068000.0
153,capex_purchase_ppe,PaymentsToAcquirePropertyPlantAndEquipment,USD,2016,Q1,10-Q,2015-05-20,2014-01-27,2014-04-27,29000000.0
154,capex_purchase_ppe,PaymentsToAcquirePropertyPlantAndEquipment,USD,2015,Q2,10-Q,2014-08-20,2014-01-27,2014-07-27,51595000.0
155,capex_purchase_ppe,PaymentsToAcquirePropertyPlantAndEquipment,USD,2016,Q2,10-Q,2015-08-19,2014-01-27,2014-07-27,52000000.0
156,capex_purchase_ppe,PaymentsToAcquirePropertyPlantAndEquipment,USD,2015,Q3,10-Q,2014-11-19,2014-01-27,2014-10-26,91336000.0
157,capex_purchase_ppe,PaymentsToAcquirePropertyPlantAndEquipment,USD,2016,Q3,10-Q,2015-11-18,2014-01-27,2014-10-26,91000000.0
158,capex_purchase_ppe,PaymentsToAcquirePropertyPlantAndEquipment,USD,2016,Q1,10-Q,2015-05-20,2015-01-26,2015-04-26,30000000.0
159,capex_purchase_ppe,PaymentsToAcquirePropertyPlantAndEquipment,USD,2017,Q1,10-Q,2016-05-25,2015-01-26,2015-04-26,30000000.0
160,capex_purchase_ppe,PaymentsToAcquirePropertyPlantAndEquipment,USD,2016,Q2,10-Q,2015-08-19,2015-01-26,2015-07-26,54000000.0
161,capex_purchase_ppe,PaymentsToAcquirePropertyPlantAndEquipment,USD,2017,Q2,10-Q,2016-08-23,2015-01-26,2015-07-26,54000000.0
162,capex_purchase_ppe,PaymentsToAcquirePropertyPlantAndEquipment,USD,2016,Q3,10-Q,2015-11-18,2015-01-26,2015-10-25,71000000.0
163,capex_purchase_ppe,PaymentsToAcquirePropertyPlantAndEquipment,USD,2017,Q3,10-Q,2016-11-22,2015-01-26,2015-10-25,71000000.0
164,capex_purchase_ppe,PaymentsToAcquirePropertyPlantAndEquipment,USD,2017,Q1,10-Q,2016-05-25,2016-02-01,2016-05-01,55000000.0
165,capex_purchase_ppe,PaymentsToAcquirePropertyPlantAndEquipment,USD,2018,Q1,10-Q,2017-05-23,2016-02-01,2016-05-01,55000000.0
166,capex_purchase_ppe,PaymentsToAcquirePropertyPlantAndEquipment,USD,2017,Q2,10-Q,2016-08-23,2016-02-01,2016-07-31,87000000.0
167,capex_purchase_ppe,PaymentsToAcquirePropertyPlantAndEquipment,USD,2018,Q2,10-Q,2017-08-23,2016-02-01,2016-07-31,87000000.0
168,capex_purchase_ppe,PaymentsToAcquirePropertyPlantAndEquipment,USD,2017,Q3,10-Q,2016-11-22,2016-02-01,2016-10-30,125000000.0
169,capex_purchase_ppe,PaymentsToAcquirePropertyPlantAndEquipment,USD,2018,Q3,10-Q,2017-11-21,2016-02-01,2016-10-30,125000000.0
170,capex_purchase_ppe,PaymentsToAcquirePropertyPlantAndEquipment,USD,2018,Q1,10-Q,2017-05-23,2017-01-30,2017-04-30,54000000.0
171,capex_purchase_ppe,PaymentsToAcquirePropertyPlantAndEquipment,USD,2019,Q1,10-Q,2018-05-22,2017-01-30,2017-04-30,54000000.0
172,capex_purchase_ppe,PaymentsToAcquirePropertyPlantAndEquipment,USD,2018,Q2,10-Q,2017-08-23,2017-01-30,2017-07-30,108000000.0
173,capex_purchase_ppe,PaymentsToAcquirePropertyPlantAndEquipment,USD,2019,Q2,10-Q,2018-08-16,2017-01-30,2017-07-30,108000000.0
174,capex_purchase_ppe,PaymentsToAcquirePropertyPlantAndEquipment,USD,2018,Q3,10-Q,2017-11-21,2017-01-30,2017-10-29,177000000.0
175,capex_purchase_ppe,PaymentsToAcquirePropertyPlantAndEquipment,USD,2019,Q3,10-Q,2018-11-15,2017-01-30,2017-10-29,177000000.0
176,capex_purchase_ppe,PaymentsToAcquirePropertyPlantAndEquipment,USD,2019,Q1,10-Q,2018-05-22,2018-01-29,2018-04-29,118000000.0
177,capex_purchase_ppe,PaymentsToAcquirePropertyPlantAndEquipment,USD,2020,Q1,10-Q,2019-05-16,2018-01-29,2018-04-29,118000000.0
178,capex_purchase_ppe,PaymentsToAcquirePropertyPlantAndEquipment,USD,2019,Q2,10-Q,2018-08-16,2018-01-29,2018-07-29,247000000.0
179,capex_purchase_ppe,PaymentsToAcquirePropertyPlantAndEquipment,USD,2020,Q2,10-Q,2019-08-15,2018-01-29,2018-07-29,247000000.0
180,capex_purchase_ppe,PaymentsToAcquirePropertyPlantAndEquipment,USD,2019,Q3,10-Q,2018-11-15,2018-01-29,2018-10-28,397000000.0
181,capex_purchase_ppe,PaymentsToAcquirePropertyPlantAndEquipment,USD,2020,Q3,10-Q,2019-11-14,2018-01-29,2018-10-28,397000000.0
182,capex_purchase_ppe,PaymentsToAcquirePropertyPlantAndEquipment,USD,2020,Q1,10-Q,2019-05-16,2019-01-28,2019-04-28,128000000.0
183,capex_purchase_ppe,PaymentsToAcquirePropertyPlantAndEquipment,USD,2020,Q1,10-Q,2020-05-21,2019-01-28,2019-04-28,128000000.0
184,capex_purchase_ppe,PaymentsToAcquirePropertyPlantAndEquipment,USD,2020,Q2,10-Q,2019-08-15,2019-01-28,2019-07-28,241000000.0
185,capex_purchase_ppe,PaymentsToAcquirePropertyPlantAndEquipment,USD,2020,Q2,10-Q,2020-08-19,2019-01-28,2019-07-28,241000000.0
186,capex_purchase_ppe,PaymentsToAcquirePropertyPlantAndEquipment,USD,2020,Q3,10-Q,2019-11-14,2019-01-28,2019-10-27,344000000.0
187,capex_purchase_ppe,PaymentsToAcquirePropertyPlantAndEquipment,USD,2020,Q1,10-Q,2020-05-21,2020-01-27,2020-04-26,155000000.0
188,capex_purchase_ppe,PaymentsToAcquirePropertyPlantAndEquipment,USD,2020,Q2,10-Q,2020-08-19,2020-01-27,2020-07-26,372000000.0
189,eps_diluted,EarningsPerShareDiluted,USD/shares,2010,FY,10-K,2010-03-18,2007-01-29,2008-01-27,1.31
190,eps_diluted,EarningsPerShareDiluted,USD/shares,2009,Q2,10-Q,2009-08-20,2008-01-25,2008-07-27,0.09
191,eps_diluted,EarningsPerShareDiluted,USD/shares,2009,Q2,10-Q,2009-08-20,2008-04-27,2008-07-27,-0.22
192,eps_diluted,EarningsPerShareDiluted,USD/shares,2009,Q3,10-Q,2009-11-19,2008-01-28,2008-10-26,0.2
193,eps_diluted,EarningsPerShareDiluted,USD/shares,2009,Q3,10-Q,2009-11-19,2008-07-28,2008-10-26,0.11
194,eps_diluted,EarningsPerShareDiluted,USD/shares,2010,FY,10-K,2010-03-18,2008-01-28,2009-01-25,-0.05
195,eps_diluted,EarningsPerShareDiluted,USD/shares,2010,FY,10-K,2011-03-16,2008-01-28,2009-01-25,-0.05
196,eps_diluted,EarningsPerShareDiluted,USD/shares,2010,Q2,10-Q,2010-05-21,2009-01-26,2009-04-26,-0.37
197,eps_diluted,EarningsPerShareDiluted,USD/shares,2010,FY,10-K,2011-03-16,2009-01-26,2009-04-26,-0.37
198,eps_diluted,EarningsPerShareDiluted,USD/shares,2009,Q2,10-Q,2009-08-20,2009-01-25,2009-07-26,-0.56
199,eps_diluted,EarningsPerShareDiluted,USD/shares,2009,Q2,10-Q,2009-08-20,2009-04-27,2009-07-26,-0.19
200,eps_diluted,EarningsPerShareDiluted,USD/shares,2010,Q3,10-Q,2010-08-30,2009-01-26,2009-07-26,-0.56
201,eps_diluted,EarningsPerShareDiluted,USD/shares,2010,Q3,10-Q,2010-08-30,2009-04-27,2009-07-26,-0.19
202,eps_diluted,EarningsPerShareDiluted,USD/shares,2010,FY,10-K,2011-03-16,2009-04-27,2009-07-26,-0.19
203,eps_diluted,EarningsPerShareDiluted,USD/shares,2009,Q3,10-Q,2009-11-19,2009-01-26,2009-10-25,-0.36
204,eps_diluted,EarningsPerShareDiluted,USD/shares,2009,Q3,10-Q,2009-11-19,2009-07-27,2009-10-25,0.19
205,eps_diluted,EarningsPerShareDiluted,USD/shares,2010,Q3,10-Q,2010-12-07,2009-01-26,2009-10-25,-0.36
206,eps_diluted,EarningsPerShareDiluted,USD/shares,2010,Q3,10-Q,2010-12-07,2009-07-27,2009-10-25,0.19
207,eps_diluted,EarningsPerShareDiluted,USD/shares,2010,FY,10-K,2011-03-16,2009-07-27,2009-10-25,0.19
208,eps_diluted,EarningsPerShareDiluted,USD/shares,2010,FY,10-K,2010-03-18,2009-01-26,2010-01-31,-0.12
209,eps_diluted,EarningsPerShareDiluted,USD/shares,2010,FY,10-K,2011-03-16,2009-01-26,2010-01-31,-0.12
210,eps_diluted,EarningsPerShareDiluted,USD/shares,2010,FY,10-K,2011-03-16,2009-10-26,2010-01-31,0.23
211,eps_diluted,EarningsPerShareDiluted,USD/shares,2011,FY,10-K,2012-03-13,2009-01-26,2010-01-31,-0.12
212,eps_diluted,EarningsPerShareDiluted,USD/shares,2010,Q2,10-Q,2010-05-21,2010-02-01,2010-05-02,0.23
213,eps_diluted,EarningsPerShareDiluted,USD/shares,2010,FY,10-K,2011-03-16,2010-02-01,2010-05-02,0.23
214,eps_diluted,EarningsPerShareDiluted,USD/shares,2011,Q1,10-Q,2011-05-27,2010-02-01,2010-05-02,0.23
215,eps_diluted,EarningsPerShareDiluted,USD/shares,2011,FY,10-K,2012-03-13,2010-02-01,2010-05-02,0.23
216,eps_diluted,EarningsPerShareDiluted,USD/shares,2011,FY,10-K,2012-03-13,2010-05-03,2010-07-31,-0.25
217,eps_diluted,EarningsPerShareDiluted,USD/shares,2010,Q3,10-Q,2010-08-30,2010-02-01,2010-08-01,-0.01
218,eps_diluted,EarningsPerShareDiluted,USD/shares,2010,Q3,10-Q,2010-08-30,2010-05-03,2010-08-01,-0.25
219,eps_diluted,EarningsPerShareDiluted,USD/shares,2010,FY,10-K,2011-03-16,2010-05-03,2010-08-01,-0.25
220,eps_diluted,EarningsPerShareDiluted,USD/shares,2011,Q2,10-Q,2011-08-25,2010-02-01,2010-08-01,-0.01
221,eps_diluted,EarningsPerShareDiluted,USD/shares,2011,Q2,10-Q,2011-08-25,2010-05-03,2010-08-01,-0.25
222,eps_diluted,EarningsPerShareDiluted,USD/shares,2010,Q3,10-Q,2010-12-07,2010-02-01,2010-10-31,0.14
223,eps_diluted,EarningsPerShareDiluted,USD/shares,2010,Q3,10-Q,2010-12-07,2010-08-02,2010-10-31,0.15
224,eps_diluted,EarningsPerShareDiluted,USD/shares,2010,FY,10-K,2011-03-16,2010-08-02,2010-10-31,0.15
225,eps_diluted,EarningsPerShareDiluted,USD/shares,2011,Q3,10-Q,2011-11-22,2010-02-01,2010-10-31,0.14
226,eps_diluted,EarningsPerShareDiluted,USD/shares,2011,Q3,10-Q,2011-11-22,2010-08-02,2010-10-31,0.15
227,eps_diluted,EarningsPerShareDiluted,USD/shares,2011,FY,10-K,2012-03-13,2010-08-02,2010-10-31,0.15
228,eps_diluted,EarningsPerShareDiluted,USD/shares,2010,FY,10-K,2011-03-16,2010-02-01,2011-01-30,0.43
229,eps_diluted,EarningsPerShareDiluted,USD/shares,2010,FY,10-K,2011-03-16,2010-11-01,2011-01-30,0.29
230,eps_diluted,EarningsPerShareDiluted,USD/shares,2011,FY,10-K,2012-03-13,2010-02-01,2011-01-30,0.43
231,eps_diluted,EarningsPerShareDiluted,USD/shares,2011,FY,10-K,2012-03-13,2010-11-01,2011-01-30,0.29
232,eps_diluted,EarningsPerShareDiluted,USD/shares,2012,FY,10-K,2013-03-12,2010-02-01,2011-01-30,0.43
233,eps_diluted,EarningsPerShareDiluted,USD/shares,2011,Q1,10-Q,2011-05-27,2011-01-31,2011-05-01,0.22
234,eps_diluted,EarningsPerShareDiluted,USD/shares,2011,FY,10-K,2012-03-13,2011-01-31,2011-05-01,0.22
235,eps_diluted,EarningsPerShareDiluted,USD/shares,2012,Q1,10-Q,2012-05-23,2011-01-31,2011-05-01,0.22
236,eps_diluted,EarningsPerShareDiluted,USD/shares,2012,FY,10-K,2013-03-12,2011-01-31,2011-05-01,0.22
237,eps_diluted,EarningsPerShareDiluted,USD/shares,2011,Q2,10-Q,2011-08-25,2011-01-31,2011-07-31,0.47
238,eps_diluted,EarningsPerShareDiluted,USD/shares,2011,Q2,10-Q,2011-08-25,2011-05-02,2011-07-31,0.25
239,eps_diluted,EarningsPerShareDiluted,USD/shares,2011,FY,10-K,2012-03-13,2011-05-02,2011-07-31,0.25
240,eps_diluted,EarningsPerShareDiluted,USD/shares,2012,Q2,10-Q,2012-08-22,2011-01-31,2011-07-31,0.47
241,eps_diluted,EarningsPerShareDiluted,USD/shares,2012,Q2,10-Q,2012-08-22,2011-05-02,2011-07-31,0.25
242,eps_diluted,EarningsPerShareDiluted,USD/shares,2012,FY,10-K,2013-03-12,2011-05-02,2011-07-31,0.25
243,eps_diluted,EarningsPerShareDiluted,USD/shares,2011,Q3,10-Q,2011-11-22,2011-01-31,2011-10-30,0.76
244,eps_diluted,EarningsPerShareDiluted,USD/shares,2011,Q3,10-Q,2011-11-22,2011-08-01,2011-10-30,0.29
245,eps_diluted,EarningsPerShareDiluted,USD/shares,2011,FY,10-K,2012-03-13,2011-08-01,2011-10-30,0.29
246,eps_diluted,EarningsPerShareDiluted,USD/shares,2012,Q3,10-Q,2012-11-19,2011-01-31,2011-10-30,0.76
247,eps_diluted,EarningsPerShareDiluted,USD/shares,2012,Q3,10-Q,2012-11-19,2011-08-01,2011-10-30,0.29
248,eps_diluted,EarningsPerShareDiluted,USD/shares,2012,FY,10-K,2013-03-12,2011-08-01,2011-10-30,0.29
249,eps_diluted,EarningsPerShareDiluted,USD/shares,2011,FY,10-K,2012-03-13,2011-01-31,2012-01-29,0.94
250,eps_diluted,EarningsPerShareDiluted,USD/shares,2011,FY,10-K,2012-03-13,2011-10-31,2012-01-29,0.19
251,eps_diluted,EarningsPerShareDiluted,USD/shares,2012,FY,10-K,2013-03-12,2011-01-31,2012-01-29,0.94
252,eps_diluted,EarningsPerShareDiluted,USD/shares,2012,FY,10-K,2013-03-12,2011-10-31,2012-01-29,0.19
253,eps_diluted,EarningsPerShareDiluted,USD/shares,2013,FY,10-K,2014-03-13,2011-01-31,2012-01-29,0.94
254,eps_diluted,EarningsPerShareDiluted,USD/shares,2012,Q1,10-Q,2012-05-23,2012-01-30,2012-04-29,0.1
255,eps_diluted,EarningsPerShareDiluted,USD/shares,2012,FY,10-K,2013-03-12,2012-01-30,2012-04-29,0.1
256,eps_diluted,EarningsPerShareDiluted,USD/shares,2013,Q1,10-Q,2013-05-22,2012-01-30,2012-04-29,0.1
257,eps_diluted,EarningsPerShareDiluted,USD/shares,2013,FY,10-K,2014-03-13,2012-01-30,2012-04-29,0.1
258,eps_diluted,EarningsPerShareDiluted,USD/shares,2012,Q2,10-Q,2012-08-22,2012-01-30,2012-07-29,0.29
259,eps_diluted,EarningsPerShareDiluted,USD/shares,2012,Q2,10-Q,2012-08-22,2012-04-30,2012-07-29,0.19
260,eps_diluted,EarningsPerShareDiluted,USD/shares,2012,FY,10-K,2013-03-12,2012-04-30,2012-07-29,0.19
261,eps_diluted,EarningsPerShareDiluted,USD/shares,2013,Q2,10-Q,2013-08-21,2012-01-30,2012-07-29,0.29
262,eps_diluted,EarningsPerShareDiluted,USD/shares,2013,Q2,10-Q,2013-08-21,2012-04-30,2012-07-29,0.19
263,eps_diluted,EarningsPerShareDiluted,USD/shares,2013,FY,10-K,2014-03-13,2012-04-30,2012-07-29,0.19
264,eps_diluted,EarningsPerShareDiluted,USD/shares,2012,Q3,10-Q,2012-11-19,2012-01-30,2012-10-28,0.62
265,eps_diluted,EarningsPerShareDiluted,USD/shares,2012,Q3,10-Q,2012-11-19,2012-07-30,2012-10-28,0.33
266,eps_diluted,EarningsPerShareDiluted,USD/shares,2012,FY,10-K,2013-03-12,2012-07-30,2012-10-28,0.33
267,eps_diluted,EarningsPerShareDiluted,USD/shares,2013,Q3,10-Q,2013-11-19,2012-01-30,2012-10-28,0.62
268,eps_diluted,EarningsPerShareDiluted,USD/shares,2013,Q3,10-Q,2013-11-19,2012-07-30,2012-10-28,0.33
269,eps_diluted,EarningsPerShareDiluted,USD/shares,2013,FY,10-K,2014-03-13,2012-07-30,2012-10-28,0.33
270,eps_diluted,EarningsPerShareDiluted,USD/shares,2012,FY,10-K,2013-03-12,2012-01-30,2013-01-27,0.9
271,eps_diluted,EarningsPerShareDiluted,USD/shares,2012,FY,10-K,2013-03-12,2012-10-29,2013-01-27,0.28
272,eps_diluted,EarningsPerShareDiluted,USD/shares,2013,FY,10-K,2014-03-13,2012-01-30,2013-01-27,0.9
273,eps_diluted,EarningsPerShareDiluted,USD/shares,2013,FY,10-K,2014-03-13,2012-10-29,2013-01-27,0.28
274,eps_diluted,EarningsPerShareDiluted,USD/shares,2015,FY,10-K,2015-03-12,2012-01-30,2013-01-27,0.9
275,eps_diluted,EarningsPerShareDiluted,USD/shares,2013,Q1,10-Q,2013-05-22,2013-01-28,2013-04-28,0.13
276,eps_diluted,EarningsPerShareDiluted,USD/shares,2013,FY,10-K,2014-03-13,2013-01-28,2013-04-28,0.13
277,eps_diluted,EarningsPerShareDiluted,USD/shares,2014,Q1,10-Q,2014-05-21,2013-01-28,2013-04-28,0.13
278,eps_diluted,EarningsPerShareDiluted,USD/shares,2015,FY,10-K,2015-03-12,2013-01-28,2013-04-28,0.13
279,eps_diluted,EarningsPerShareDiluted,USD/shares,2013,Q2,10-Q,2013-08-21,2013-01-28,2013-07-28,0.29
280,eps_diluted,EarningsPerShareDiluted,USD/shares,2013,Q2,10-Q,2013-08-21,2013-04-29,2013-07-28,0.16
281,eps_diluted,EarningsPerShareDiluted,USD/shares,2013,FY,10-K,2014-03-13,2013-04-29,2013-07-28,0.16
282,eps_diluted,EarningsPerShareDiluted,USD/shares,2015,Q2,10-Q,2014-08-20,2013-01-28,2013-07-28,0.29
283,eps_diluted,EarningsPerShareDiluted,USD/shares,2015,Q2,10-Q,2014-08-20,2013-04-29,2013-07-28,0.16
284,eps_diluted,EarningsPerShareDiluted,USD/shares,2015,FY,10-K,2015-03-12,2013-04-29,2013-07-28,0.16
285,eps_diluted,EarningsPerShareDiluted,USD/shares,2013,Q3,10-Q,2013-11-19,2013-01-28,2013-10-27,0.49
286,eps_diluted,EarningsPerShareDiluted,USD/shares,2013,Q3,10-Q,2013-11-19,2013-07-29,2013-10-27,0.2
287,eps_diluted,EarningsPerShareDiluted,USD/shares,2013,FY,10-K,2014-03-13,2013-07-29,2013-10-27,0.2
288,eps_diluted,EarningsPerShareDiluted,USD/shares,2015,Q3,10-Q,2014-11-19,2013-01-28,2013-10-27,0.49
289,eps_diluted,EarningsPerShareDiluted,USD/shares,2015,Q3,10-Q,2014-11-19,2013-07-29,2013-10-27,0.2
290,eps_diluted,EarningsPerShareDiluted,USD/shares,2015,FY,10-K,2015-03-12,2013-07-29,2013-10-27,0.2
291,eps_diluted,EarningsPerShareDiluted,USD/shares,2013,FY,10-K,2014-03-13,2013-01-28,2014-01-26,0.74
292,eps_diluted,EarningsPerShareDiluted,USD/shares,2013,FY,10-K,2014-03-13,2013-10-28,2014-01-26,0.25
293,eps_diluted,EarningsPerShareDiluted,USD/shares,2015,FY,10-K,2015-03-12,2013-01-28,2014-01-26,0.74
294,eps_diluted,EarningsPerShareDiluted,USD/shares,2015,FY,10-K,2015-03-12,2013-10-28,2014-01-26,0.25
295,eps_diluted,EarningsPerShareDiluted,USD/shares,2016,FY,10-K,2016-03-17,2013-01-28,2014-01-26,0.74
296,eps_diluted,EarningsPerShareDiluted,USD/shares,2014,Q1,10-Q,2014-05-21,2014-01-27,2014-04-27,0.24
297,eps_diluted,EarningsPerShareDiluted,USD/shares,2015,FY,10-K,2015-03-12,2014-01-27,2014-04-27,0.24
298,eps_diluted,EarningsPerShareDiluted,USD/shares,2016,Q1,10-Q,2015-05-20,2014-01-27,2014-04-27,0.24
299,eps_diluted,EarningsPerShareDiluted,USD/shares,2016,FY,10-K,2016-03-17,2014-01-27,2014-04-27,0.24
300,eps_diluted,EarningsPerShareDiluted,USD/shares,2015,Q2,10-Q,2014-08-20,2014-01-27,2014-07-27,0.46
301,eps_diluted,EarningsPerShareDiluted,USD/shares,2015,Q2,10-Q,2014-08-20,2014-04-28,2014-07-27,0.22
302,eps_diluted,EarningsPerShareDiluted,USD/shares,2015,FY,10-K,2015-03-12,2014-04-28,2014-07-27,0.22
303,eps_diluted,EarningsPerShareDiluted,USD/shares,2016,Q2,10-Q,2015-08-19,2014-01-27,2014-07-27,0.46
304,eps_diluted,EarningsPerShareDiluted,USD/shares,2016,Q2,10-Q,2015-08-19,2014-04-28,2014-07-27,0.22
305,eps_diluted,EarningsPerShareDiluted,USD/shares,2016,FY,10-K,2016-03-17,2014-04-28,2014-07-27,0.22
306,eps_diluted,EarningsPerShareDiluted,USD/shares,2015,Q3,10-Q,2014-11-19,2014-01-27,2014-10-26,0.77
307,eps_diluted,EarningsPerShareDiluted,USD/shares,2015,Q3,10-Q,2014-11-19,2014-07-28,2014-10-26,0.31
308,eps_diluted,EarningsPerShareDiluted,USD/shares,2015,FY,10-K,2015-03-12,2014-07-28,2014-10-26,0.31
309,eps_diluted,EarningsPerShareDiluted,USD/shares,2016,Q3,10-Q,2015-11-18,2014-01-27,2014-10-26,0.77
310,eps_diluted,EarningsPerShareDiluted,USD/shares,2016,Q3,10-Q,2015-11-18,2014-07-28,2014-10-26,0.31
311,eps_diluted,EarningsPerShareDiluted,USD/shares,2016,FY,10-K,2016-03-17,2014-07-28,2014-10-26,0.31
312,eps_diluted,EarningsPerShareDiluted,USD/shares,2015,FY,10-K,2015-03-12,2014-01-27,2015-01-25,1.12
313,eps_diluted,EarningsPerShareDiluted,USD/shares,2015,FY,10-K,2015-03-12,2014-10-27,2015-01-25,0.35
314,eps_diluted,EarningsPerShareDiluted,USD/shares,2016,FY,10-K,2016-03-17,2014-01-27,2015-01-25,1.12
315,eps_diluted,EarningsPerShareDiluted,USD/shares,2016,FY,10-K,2016-03-17,2014-10-27,2015-01-25,0.35
316,eps_diluted,EarningsPerShareDiluted,USD/shares,2017,FY,10-K,2017-03-01,2014-01-27,2015-01-25,1.12
317,eps_diluted,EarningsPerShareDiluted,USD/shares,2016,Q1,10-Q,2015-05-20,2015-01-26,2015-04-26,0.24
318,eps_diluted,EarningsPerShareDiluted,USD/shares,2016,FY,10-K,2016-03-17,2015-01-26,2015-04-26,0.24
319,eps_diluted,EarningsPerShareDiluted,USD/shares,2017,Q1,10-Q,2016-05-25,2015-01-26,2015-04-26,0.24
320,eps_diluted,EarningsPerShareDiluted,USD/shares,2017,FY,10-K,2017-03-01,2015-01-26,2015-04-26,0.24
321,eps_diluted,EarningsPerShareDiluted,USD/shares,2016,Q2,10-Q,2015-08-19,2015-01-26,2015-07-26,0.28
322,eps_diluted,EarningsPerShareDiluted,USD/shares,2016,Q2,10-Q,2015-08-19,2015-04-27,2015-07-26,0.05
323,eps_diluted,EarningsPerShareDiluted,USD/shares,2016,FY,10-K,2016-03-17,2015-04-27,2015-07-26,0.05
324,eps_diluted,EarningsPerShareDiluted,USD/shares,2017,Q2,10-Q,2016-08-23,2015-01-26,2015-07-26,0.28
325,eps_diluted,EarningsPerShareDiluted,USD/shares,2017,Q2,10-Q,2016-08-23,2015-04-27,2015-07-26,0.05
326,eps_diluted,EarningsPerShareDiluted,USD/shares,2017,FY,10-K,2017-03-01,2015-04-27,2015-07-26,0.05
327,eps_diluted,EarningsPerShareDiluted,USD/shares,2016,Q3,10-Q,2015-11-18,2015-01-26,2015-10-25,0.72
328,eps_diluted,EarningsPerShareDiluted,USD/shares,2016,Q3,10-Q,2015-11-18,2015-07-27,2015-10-25,0.44
329,eps_diluted,EarningsPerShareDiluted,USD/shares,2016,FY,10-K,2016-03-17,2015-07-27,2015-10-25,0.44
330,eps_diluted,EarningsPerShareDiluted,USD/shares,2017,Q3,10-Q,2016-11-22,2015-01-26,2015-10-25,0.72
331,eps_diluted,EarningsPerShareDiluted,USD/shares,2017,Q3,10-Q,2016-11-22,2015-07-27,2015-10-25,0.44
332,eps_diluted,EarningsPerShareDiluted,USD/shares,2017,FY,10-K,2017-03-01,2015-07-27,2015-10-25,0.44
333,eps_diluted,EarningsPerShareDiluted,USD/shares,2016,FY,10-K,2016-03-17,2015-01-26,2016-01-31,1.08
334,eps_diluted,EarningsPerShareDiluted,USD/shares,2016,FY,10-K,2016-03-17,2015-10-26,2016-01-31,0.35
335,eps_diluted,EarningsPerShareDiluted,USD/shares,2017,FY,10-K,2017-03-01,2015-01-26,2016-01-31,1.08
336,eps_diluted,EarningsPerShareDiluted,USD/shares,2017,FY,10-K,2017-03-01,2015-10-26,2016-01-31,0.35
337,eps_diluted,EarningsPerShareDiluted,USD/shares,2018,FY,10-K,2018-02-28,2015-01-26,2016-01-31,1.08
338,eps_diluted,EarningsPerShareDiluted,USD/shares,2017,Q1,10-Q,2016-05-25,2016-02-01,2016-05-01,0.33
339,eps_diluted,EarningsPerShareDiluted,USD/shares,2017,Q3,10-Q,2016-11-22,2016-02-01,2016-05-01,0.35
340,eps_diluted,EarningsPerShareDiluted,USD/shares,2017,FY,10-K,2017-03-01,2016-02-01,2016-05-01,0.35
341,eps_diluted,EarningsPerShareDiluted,USD/shares,2018,Q1,10-Q,2017-05-23,2016-02-01,2016-05-01,0.35
342,eps_diluted,EarningsPerShareDiluted,USD/shares,2018,FY,10-K,2018-02-28,2016-02-01,2016-05-01,0.35
343,eps_diluted,EarningsPerShareDiluted,USD/shares,2017,Q2,10-Q,2016-08-23,2016-02-01,2016-07-31,0.73
344,eps_diluted,EarningsPerShareDiluted,USD/shares,2017,Q2,10-Q,2016-08-23,2016-05-02,2016-07-31,0.4
345,eps_diluted,EarningsPerShareDiluted,USD/shares,2017,Q3,10-Q,2016-11-22,2016-02-01,2016-07-31,0.76
346,eps_diluted,EarningsPerShareDiluted,USD/shares,2017,Q3,10-Q,2016-11-22,2016-05-02,2016-07-31,0.41
347,eps_diluted,EarningsPerShareDiluted,USD/shares,2017,FY,10-K,2017-03-01,2016-02-01,2016-07-31,0.76
348,eps_diluted,EarningsPerShareDiluted,USD/shares,2017,FY,10-K,2017-03-01,2016-05-02,2016-07-31,0.41
349,eps_diluted,EarningsPerShareDiluted,USD/shares,2018,Q2,10-Q,2017-08-23,2016-02-01,2016-07-31,0.76
350,eps_diluted,EarningsPerShareDiluted,USD/shares,2018,Q2,10-Q,2017-08-23,2016-05-02,2016-07-31,0.41
351,eps_diluted,EarningsPerShareDiluted,USD/shares,2018,FY,10-K,2018-02-28,2016-05-02,2016-07-31,0.41
352,eps_diluted,EarningsPerShareDiluted,USD/shares,2017,Q3,10-Q,2016-11-22,2016-02-01,2016-10-30,1.59
353,eps_diluted,EarningsPerShareDiluted,USD/shares,2017,Q3,10-Q,2016-11-22,2016-08-01,2016-10-30,0.83
354,eps_diluted,EarningsPerShareDiluted,USD/shares,2017,FY,10-K,2017-03-01,2016-08-01,2016-10-30,0.83
355,eps_diluted,EarningsPerShareDiluted,USD/shares,2018,Q3,10-Q,2017-11-21,2016-02-01,2016-10-30,1.59
356,eps_diluted,EarningsPerShareDiluted,USD/shares,2018,Q3,10-Q,2017-11-21,2016-08-01,2016-10-30,0.83
357,eps_diluted,EarningsPerShareDiluted,USD/shares,2018,FY,10-K,2018-02-28,2016-08-01,2016-10-30,0.83
358,eps_diluted,EarningsPerShareDiluted,USD/shares,2017,FY,10-K,2017-03-01,2016-02-01,2017-01-29,2.57
359,eps_diluted,EarningsPerShareDiluted,USD/shares,2017,FY,10-K,2017-03-01,2016-10-31,2017-01-29,0.99
360,eps_diluted,EarningsPerShareDiluted,USD/shares,2018,FY,10-K,2018-02-28,2016-02-01,2017-01-29,2.57
361,eps_diluted,EarningsPerShareDiluted,USD/shares,2018,FY,10-K,2018-02-28,2016-10-31,2017-01-29,0.99
362,eps_diluted,EarningsPerShareDiluted,USD/shares,2019,FY,10-K,2019-02-21,2016-02-01,2017-01-29,2.57
363,eps_diluted,EarningsPerShareDiluted,USD/shares,2018,Q1,10-Q,2017-05-23,2017-01-30,2017-04-30,0.79
364,eps_diluted,EarningsPerShareDiluted,USD/shares,2018,FY,10-K,2018-02-28,2017-01-30,2017-04-30,0.79
365,eps_diluted,EarningsPerShareDiluted,USD/shares,2019,Q1,10-Q,2018-05-22,2017-01-30,2017-04-30,0.79
366,eps_diluted,EarningsPerShareDiluted,USD/shares,2019,FY,10-K,2019-02-21,2017-01-30,2017-04-30,0.79
367,eps_diluted,EarningsPerShareDiluted,USD/shares,2018,Q2,10-Q,2017-08-23,2017-01-30,2017-07-30,1.71
368,eps_diluted,EarningsPerShareDiluted,USD/shares,2018,Q2,10-Q,2017-08-23,2017-05-01,2017-07-30,0.92
369,eps_diluted,EarningsPerShareDiluted,USD/shares,2018,FY,10-K,2018-02-28,2017-01-30,2017-07-30,0.92
370,eps_diluted,EarningsPerShareDiluted,USD/shares,2019,Q2,10-Q,2018-08-16,2017-01-30,2017-07-30,1.71
371,eps_diluted,EarningsPerShareDiluted,USD/shares,2019,Q2,10-Q,2018-08-16,2017-05-01,2017-07-30,0.92
372,eps_diluted,EarningsPerShareDiluted,USD/shares,2019,FY,10-K,2019-02-21,2017-05-01,2017-07-30,0.92
373,eps_diluted,EarningsPerShareDiluted,USD/shares,2018,Q3,10-Q,2017-11-21,2017-01-30,2017-10-29,3.05
374,eps_diluted,EarningsPerShareDiluted,USD/shares,2018,Q3,10-Q,2017-11-21,2017-07-31,2017-10-29,1.33
375,eps_diluted,EarningsPerShareDiluted,USD/shares,2018,FY,10-K,2018-02-28,2017-07-31,2017-10-29,1.33
376,eps_diluted,EarningsPerShareDiluted,USD/shares,2019,Q3,10-Q,2018-11-15,2017-01-30,2017-10-29,3.05
377,eps_diluted,EarningsPerShareDiluted,USD/shares,2019,Q3,10-Q,2018-11-15,2017-07-31,2017-10-29,1.33
378,eps_diluted,EarningsPerShareDiluted,USD/shares,2019,FY,10-K,2019-02-21,2017-07-31,2017-10-29,1.33
379,eps_diluted,EarningsPerShareDiluted,USD/shares,2018,FY,10-K,2018-02-28,2017-01-30,2018-01-28,4.82
380,eps_diluted,EarningsPerShareDiluted,USD/shares,2018,FY,10-K,2018-02-28,2017-10-30,2018-01-28,1.78
381,eps_diluted,EarningsPerShareDiluted,USD/shares,2019,FY,10-K,2019-02-21,2017-01-30,2018-01-28,4.82
382,eps_diluted,EarningsPerShareDiluted,USD/shares,2019,FY,10-K,2019-02-21,2017-10-30,2018-01-28,1.78
383,eps_diluted,EarningsPerShareDiluted,USD/shares,2020,FY,10-K,2020-02-20,2017-01-30,2018-01-28,4.82
384,eps_diluted,EarningsPerShareDiluted,USD/shares,2019,Q1,10-Q,2018-05-22,2018-01-29,2018-04-29,1.98
385,eps_diluted,EarningsPerShareDiluted,USD/shares,2019,FY,10-K,2019-02-21,2018-01-29,2018-04-29,1.98
386,eps_diluted,EarningsPerShareDiluted,USD/shares,2020,Q1,10-Q,2019-05-16,2018-01-29,2018-04-29,1.98
387,eps_diluted,EarningsPerShareDiluted,USD/shares,2020,FY,10-K,2020-02-20,2018-01-29,2018-04-29,1.98
388,eps_diluted,EarningsPerShareDiluted,USD/shares,2019,Q2,10-Q,2018-08-16,2018-01-29,2018-07-29,3.74
389,eps_diluted,EarningsPerShareDiluted,USD/shares,2019,Q2,10-Q,2018-08-16,2018-04-30,2018-07-29,1.76
390,eps_diluted,EarningsPerShareDiluted,USD/shares,2019,FY,10-K,2019-02-21,2018-04-30,2018-07-29,1.76
391,eps_diluted,EarningsPerShareDiluted,USD/shares,2020,Q2,10-Q,2019-08-15,2018-01-29,2018-07-29,3.74
392,eps_diluted,EarningsPerShareDiluted,USD/shares,2020,Q2,10-Q,2019-08-15,2018-04-30,2018-07-29,1.76
393,eps_diluted,EarningsPerShareDiluted,USD/shares,2020,FY,10-K,2020-02-20,2018-04-30,2018-07-29,1.76
394,eps_diluted,EarningsPerShareDiluted,USD/shares,2019,Q3,10-Q,2018-11-15,2018-01-29,2018-10-28,5.71
395,eps_diluted,EarningsPerShareDiluted,USD/shares,2019,Q3,10-Q,2018-11-15,2018-07-30,2018-10-28,1.97
396,eps_diluted,EarningsPerShareDiluted,USD/shares,2019,FY,10-K,2019-02-21,2018-07-30,2018-10-28,1.97
397,eps_diluted,EarningsPerShareDiluted,USD/shares,2020,Q3,10-Q,2019-11-14,2018-01-29,2018-10-28,5.71
398,eps_diluted,EarningsPerShareDiluted,USD/shares,2020,Q3,10-Q,2019-11-14,2018-07-30,2018-10-28,1.97
399,eps_diluted,EarningsPerShareDiluted,USD/shares,2020,FY,10-K,2020-02-20,2018-07-30,2018-10-28,1.97
400,eps_diluted,EarningsPerShareDiluted,USD/shares,2019,FY,10-K,2019-02-21,2018-01-29,2019-01-27,6.63
401,eps_diluted,EarningsPerShareDiluted,USD/shares,2019,FY,10-K,2019-02-21,2018-10-29,2019-01-27,0.92
402,eps_diluted,EarningsPerShareDiluted,USD/shares,2020,FY,10-K,2020-02-20,2018-01-29,2019-01-27,6.63
403,eps_diluted,EarningsPerShareDiluted,USD/shares,2020,FY,10-K,2020-02-20,2018-10-29,2019-01-27,0.92
404,eps_diluted,EarningsPerShareDiluted,USD/shares,2021,FY,10-K,2021-02-26,2018-01-29,2019-01-27,6.63
405,eps_diluted,EarningsPerShareDiluted,USD/shares,2020,Q1,10-Q,2019-05-16,2019-01-28,2019-04-28,0.64
406,eps_diluted,EarningsPerShareDiluted,USD/shares,2020,FY,10-K,2020-02-20,2019-01-28,2019-04-28,0.64
407,eps_diluted,EarningsPerShareDiluted,USD/shares,2020,Q1,10-Q,2020-05-21,2019-01-28,2019-04-28,0.64
408,eps_diluted,EarningsPerShareDiluted,USD/shares,2020,Q2,10-Q,2019-08-15,2019-01-28,2019-07-28,1.54
409,eps_diluted,EarningsPerShareDiluted,USD/shares,2020,Q2,10-Q,2019-08-15,2019-04-29,2019-07-28,0.9
410,eps_diluted,EarningsPerShareDiluted,USD/shares,2020,FY,10-K,2020-02-20,2019-04-29,2019-07-28,0.9
411,eps_diluted,EarningsPerShareDiluted,USD/shares,2020,Q2,10-Q,2020-08-19,2019-01-28,2019-07-28,1.54
412,eps_diluted,EarningsPerShareDiluted,USD/shares,2020,Q2,10-Q,2020-08-19,2019-04-29,2019-07-28,0.9
413,eps_diluted,EarningsPerShareDiluted,USD/shares,2020,Q3,10-Q,2019-11-14,2019-01-28,2019-10-27,2.99
414,eps_diluted,EarningsPerShareDiluted,USD/shares,2020,Q3,10-Q,2019-11-14,2019-07-29,2019-10-27,1.45
415,eps_diluted,EarningsPerShareDiluted,USD/shares,2020,FY,10-K,2020-02-20,2019-07-29,2019-10-27,1.45
416,eps_diluted,EarningsPerShareDiluted,USD/shares,2021,Q3,10-Q,2020-11-18,2019-01-28,2019-10-27,2.99
417,eps_diluted,EarningsPerShareDiluted,USD/shares,2021,Q3,10-Q,2020-11-18,2019-07-29,2019-10-27,1.45
418,eps_diluted,EarningsPerShareDiluted,USD/shares,2020,FY,10-K,2020-02-20,2019-01-28,2020-01-26,4.52
419,eps_diluted,EarningsPerShareDiluted,USD/shares,2020,FY,10-K,2020-02-20,2019-10-28,2020-01-26,1.53
420,eps_diluted,EarningsPerShareDiluted,USD/shares,2021,FY,10-K,2021-02-26,2019-01-28,2020-01-26,4.52
421,eps_diluted,EarningsPerShareDiluted,USD/shares,2022,FY,10-K,2022-03-18,2019-01-28,2020-01-26,1.13
422,eps_diluted,EarningsPerShareDiluted,USD/shares,2020,Q1,10-Q,2020-05-21,2020-01-27,2020-04-26,1.47
423,eps_diluted,EarningsPerShareDiluted,USD/shares,2022,Q1,10-Q,2021-05-26,2020-01-27,2020-04-26,1.47
424,eps_diluted,EarningsPerShareDiluted,USD/shares,2020,Q2,10-Q,2020-08-19,2020-01-27,2020-07-26,2.47
425,eps_diluted,EarningsPerShareDiluted,USD/shares,2020,Q2,10-Q,2020-08-19,2020-04-27,2020-07-26,0.99
426,eps_diluted,EarningsPerShareDiluted,USD/shares,2022,Q2,10-Q,2021-08-20,2020-01-27,2020-07-26,0.62
427,eps_diluted,EarningsPerShareDiluted,USD/shares,2022,Q2,10-Q,2021-08-20,2020-04-27,2020-07-26,0.25
428,eps_diluted,EarningsPerShareDiluted,USD/shares,2021,Q3,10-Q,2020-11-18,2020-01-27,2020-10-25,4.59
429,eps_diluted,EarningsPerShareDiluted,USD/shares,2021,Q3,10-Q,2020-11-18,2020-07-27,2020-10-25,2.12
430,eps_diluted,EarningsPerShareDiluted,USD/shares,2022,Q3,10-Q,2021-11-22,2020-01-27,2020-10-25,1.15
431,eps_diluted,EarningsPerShareDiluted,USD/shares,2022,Q3,10-Q,2021-11-22,2020-07-27,2020-10-25,0.53
432,eps_diluted,EarningsPerShareDiluted,USD/shares,2021,FY,10-K,2021-02-26,2020-01-27,2021-01-31,6.9
433,eps_diluted,EarningsPerShareDiluted,USD/shares,2022,FY,10-K,2022-03-18,2020-01-27,2021-01-31,1.73
434,eps_diluted,EarningsPerShareDiluted,USD/shares,2023,FY,10-K,2023-02-24,2020-01-27,2021-01-31,1.73
435,eps_diluted,EarningsPerShareDiluted,USD/shares,2022,Q1,10-Q,2021-05-26,2021-02-01,2021-05-02,3.03
436,eps_diluted,EarningsPerShareDiluted,USD/shares,2023,Q1,10-Q,2022-05-27,2021-02-01,2021-05-02,0.76
437,eps_diluted,EarningsPerShareDiluted,USD/shares,2022,Q2,10-Q,2021-08-20,2021-02-01,2021-08-01,1.69
438,eps_diluted,EarningsPerShareDiluted,USD/shares,2022,Q2,10-Q,2021-08-20,2021-05-03,2021-08-01,0.94
439,eps_diluted,EarningsPerShareDiluted,USD/shares,2023,Q2,10-Q,2022-08-31,2021-02-01,2021-08-01,1.69
440,eps_diluted,EarningsPerShareDiluted,USD/shares,2023,Q2,10-Q,2022-08-31,2021-05-03,2021-08-01,0.94
441,eps_diluted,EarningsPerShareDiluted,USD/shares,2022,Q3,10-Q,2021-11-22,2021-02-01,2021-10-31,2.67
442,eps_diluted,EarningsPerShareDiluted,USD/shares,2022,Q3,10-Q,2021-11-22,2021-08-02,2021-10-31,0.97
443,eps_diluted,EarningsPerShareDiluted,USD/shares,2023,Q3,10-Q,2022-11-18,2021-02-01,2021-10-31,2.67
444,eps_diluted,EarningsPerShareDiluted,USD/shares,2023,Q3,10-Q,2022-11-18,2021-08-02,2021-10-31,0.97
445,eps_diluted,EarningsPerShareDiluted,USD/shares,2022,FY,10-K,2022-03-18,2021-02-01,2022-01-30,3.85
446,eps_diluted,EarningsPerShareDiluted,USD/shares,2023,FY,10-K,2023-02-24,2021-02-01,2022-01-30,3.85
447,eps_diluted,EarningsPerShareDiluted,USD/shares,2024,FY,10-K,2024-02-21,2021-02-01,2022-01-30,3.85
448,eps_diluted,EarningsPerShareDiluted,USD/shares,2023,Q1,10-Q,2022-05-27,2022-01-31,2022-05-01,0.64
449,eps_diluted,EarningsPerShareDiluted,USD/shares,2024,Q1,10-Q,2023-05-26,2022-01-31,2022-05-01,0.64
450,eps_diluted,EarningsPerShareDiluted,USD/shares,2023,Q2,10-Q,2022-08-31,2022-01-31,2022-07-31,0.9
451,eps_diluted,EarningsPerShareDiluted,USD/shares,2023,Q2,10-Q,2022-08-31,2022-05-02,2022-07-31,0.26
452,eps_diluted,EarningsPerShareDiluted,USD/shares,2024,Q2,10-Q,2023-08-28,2022-01-31,2022-07-31,0.9
453,eps_diluted,EarningsPerShareDiluted,USD/shares,2024,Q2,10-Q,2023-08-28,2022-05-02,2022-07-31,0.26
454,eps_diluted,EarningsPerShareDiluted,USD/shares,2023,Q3,10-Q,2022-11-18,2022-01-31,2022-10-30,1.17
455,eps_diluted,EarningsPerShareDiluted,USD/shares,2023,Q3,10-Q,2022-11-18,2022-08-01,2022-10-30,0.27
456,eps_diluted,EarningsPerShareDiluted,USD/shares,2024,Q3,10-Q,2023-11-21,2022-01-31,2022-10-30,1.17
457,eps_diluted,EarningsPerShareDiluted,USD/shares,2024,Q3,10-Q,2023-11-21,2022-08-01,2022-10-30,0.27
458,eps_diluted,EarningsPerShareDiluted,USD/shares,2023,FY,10-K,2023-02-24,2022-01-31,2023-01-29,1.74
459,eps_diluted,EarningsPerShareDiluted,USD/shares,2024,FY,10-K,2024-02-21,2022-01-31,2023-01-29,1.74
460,eps_diluted,EarningsPerShareDiluted,USD/shares,2025,FY,10-K,2025-02-26,2022-01-31,2023-01-29,0.17
461,eps_diluted,EarningsPerShareDiluted,USD/shares,2024,Q1,10-Q,2023-05-26,2023-01-30,2023-04-30,0.82
462,eps_diluted,EarningsPerShareDiluted,USD/shares,2025,Q1,10-Q,2024-05-29,2023-01-30,2023-04-30,0.82
463,eps_diluted,EarningsPerShareDiluted,USD/shares,2024,Q2,10-Q,2023-08-28,2023-01-30,2023-07-30,3.3
464,eps_diluted,EarningsPerShareDiluted,USD/shares,2024,Q2,10-Q,2023-08-28,2023-05-01,2023-07-30,2.48
465,eps_diluted,EarningsPerShareDiluted,USD/shares,2025,Q2,10-Q,2024-08-28,2023-01-30,2023-07-30,0.33
466,eps_diluted,EarningsPerShareDiluted,USD/shares,2025,Q2,10-Q,2024-08-28,2023-05-01,2023-07-30,0.25
467,eps_diluted,EarningsPerShareDiluted,USD/shares,2024,Q3,10-Q,2023-11-21,2023-01-30,2023-10-29,7.01
468,eps_diluted,EarningsPerShareDiluted,USD/shares,2024,Q3,10-Q,2023-11-21,2023-07-31,2023-10-29,3.71
469,eps_diluted,EarningsPerShareDiluted,USD/shares,2025,Q3,10-Q,2024-11-20,2023-01-30,2023-10-29,0.7
470,eps_diluted,EarningsPerShareDiluted,USD/shares,2025,Q3,10-Q,2024-11-20,2023-07-31,2023-10-29,0.37
471,eps_diluted,EarningsPerShareDiluted,USD/shares,2024,FY,10-K,2024-02-21,2023-01-30,2024-01-28,11.93
472,eps_diluted,EarningsPerShareDiluted,USD/shares,2025,FY,10-K,2025-02-26,2023-01-30,2024-01-28,1.19
473,eps_diluted,EarningsPerShareDiluted,USD/shares,2026,FY,10-K,2026-02-25,2023-01-30,2024-01-28,1.19
474,eps_diluted,EarningsPerShareDiluted,USD/shares,2025,Q1,10-Q,2024-05-29,2024-01-29,2024-04-28,5.98
475,eps_diluted,EarningsPerShareDiluted,USD/shares,2026,Q1,10-Q,2025-05-28,2024-01-29,2024-04-28,0.6
476,eps_diluted,EarningsPerShareDiluted,USD/shares,2025,Q2,10-Q,2024-08-28,2024-01-29,2024-07-28,1.27
477,eps_diluted,EarningsPerShareDiluted,USD/shares,2025,Q2,10-Q,2024-08-28,2024-04-29,2024-07-28,0.67
478,eps_diluted,EarningsPerShareDiluted,USD/shares,2026,Q2,10-Q,2025-08-27,2024-01-29,2024-07-28,1.27
479,eps_diluted,EarningsPerShareDiluted,USD/shares,2026,Q2,10-Q,2025-08-27,2024-04-29,2024-07-28,0.67
480,eps_diluted,EarningsPerShareDiluted,USD/shares,2025,Q3,10-Q,2024-11-20,2024-01-29,2024-10-27,2.04
481,eps_diluted,EarningsPerShareDiluted,USD/shares,2025,Q3,10-Q,2024-11-20,2024-07-29,2024-10-27,0.78
482,eps_diluted,EarningsPerShareDiluted,USD/shares,2026,Q3,10-Q,2025-11-19,2024-01-29,2024-10-27,2.04
483,eps_diluted,EarningsPerShareDiluted,USD/shares,2026,Q3,10-Q,2025-11-19,2024-07-29,2024-10-27,0.78
484,eps_diluted,EarningsPerShareDiluted,USD/shares,2025,FY,10-K,2025-02-26,2024-01-29,2025-01-26,2.94
485,eps_diluted,EarningsPerShareDiluted,USD/shares,2026,FY,10-K,2026-02-25,2024-01-29,2025-01-26,2.94
486,eps_diluted,EarningsPerShareDiluted,USD/shares,2026,Q1,10-Q,2025-05-28,2025-01-27,2025-04-27,0.76
487,eps_diluted,EarningsPerShareDiluted,USD/shares,2026,Q2,10-Q,2025-08-27,2025-01-27,2025-07-27,1.84
488,eps_diluted,EarningsPerShareDiluted,USD/shares,2026,Q2,10-Q,2025-08-27,2025-04-28,2025-07-27,1.08
489,eps_diluted,EarningsPerShareDiluted,USD/shares,2026,Q3,10-Q,2025-11-19,2025-01-27,2025-10-26,3.14
490,eps_diluted,EarningsPerShareDiluted,USD/shares,2026,Q3,10-Q,2025-11-19,2025-07-28,2025-10-26,1.3
491,eps_diluted,EarningsPerShareDiluted,USD/shares,2026,FY,10-K,2026-02-25,2025-01-27,2026-01-25,4.9
492,equity,StockholdersEquity,USD,2010,FY,10-K,2010-03-18,,2007-01-28,2006919000.0
493,equity,StockholdersEquity,USD,2010,FY,10-K,2010-03-18,,2008-01-27,2617912000.0
494,equity,StockholdersEquity,USD,2010,FY,10-K,2011-03-16,,2008-01-27,2617912000.0
495,equity,StockholdersEquity,USD,2009,Q2,10-Q,2009-08-20,,2009-01-25,2394652000.0
496,equity,StockholdersEquity,USD,2009,Q3,10-Q,2009-11-19,,2009-01-25,2394652000.0
497,equity,StockholdersEquity,USD,2010,FY,10-K,2010-03-18,,2009-01-25,2394652000.0
498,equity,StockholdersEquity,USD,2010,FY,10-K,2011-03-16,,2009-01-25,2394652000.0
499,equity,StockholdersEquity,USD,2011,FY,10-K,2012-03-13,,2009-01-25,2394652000.0
500,equity,StockholdersEquity,USD,2009,Q2,10-Q,2009-08-20,,2009-07-26,2247409000.0
501,equity,StockholdersEquity,USD,2009,Q3,10-Q,2009-11-19,,2009-10-25,2423635000.0
502,equity,StockholdersEquity,USD,2010,FY,10-K,2010-03-18,,2010-01-31,2665140000.0
503,equity,StockholdersEquity,USD,2010,Q2,10-Q,2010-05-21,,2010-01-31,2665140000.0
504,equity,StockholdersEquity,USD,2010,Q3,10-Q,2010-08-30,,2010-01-31,2665140000.0
505,equity,StockholdersEquity,USD,2010,Q3,10-Q,2010-12-07,,2010-01-31,2665140000.0
506,equity,StockholdersEquity,USD,2010,FY,10-K,2011-03-16,,2010-01-31,2665140000.0
507,equity,StockholdersEquity,USD,2011,FY,10-K,2012-03-13,,2010-01-31,2665140000.0
508,equity,StockholdersEquity,USD,2012,FY,10-K,2013-03-12,,2010-01-31,2665140000.0
509,equity,StockholdersEquity,USD,2010,Q2,10-Q,2010-05-21,,2010-05-02,2860645000.0
510,equity,StockholdersEquity,USD,2010,Q3,10-Q,2010-08-30,,2010-08-01,2760514000.0
511,equity,StockholdersEquity,USD,2010,Q3,10-Q,2010-12-07,,2010-10-31,2897880000.0
512,equity,StockholdersEquity,USD,2010,FY,10-K,2011-03-16,,2011-01-30,3181462000.0
513,equity,StockholdersEquity,USD,2011,Q1,10-Q,2011-05-27,,2011-01-30,3181462000.0
514,equity,StockholdersEquity,USD,2011,Q2,10-Q,2011-08-25,,2011-01-30,3181462000.0
515,equity,StockholdersEquity,USD,2011,Q3,10-Q,2011-11-22,,2011-01-30,3181462000.0
516,equity,StockholdersEquity,USD,2011,FY,10-K,2012-03-13,,2011-01-30,3181462000.0
517,equity,StockholdersEquity,USD,2012,FY,10-K,2013-03-12,,2011-01-30,3181462000.0
518,equity,StockholdersEquity,USD,2013,FY,10-K,2014-03-13,,2011-01-30,3181462000.0
519,equity,StockholdersEquity,USD,2011,Q1,10-Q,2011-05-27,,2011-05-01,3447808000.0
520,equity,StockholdersEquity,USD,2011,Q2,10-Q,2011-08-25,,2011-07-31,3689469000.0
521,equity,StockholdersEquity,USD,2011,Q3,10-Q,2011-11-22,,2011-10-30,3973450000.0
522,equity,StockholdersEquity,USD,2011,FY,10-K,2012-03-13,,2012-01-29,4145724000.0
523,equity,StockholdersEquity,USD,2012,Q1,10-Q,2012-05-23,,2012-01-29,4145724000.0
524,equity,StockholdersEquity,USD,2012,Q2,10-Q,2012-08-22,,2012-01-29,4145724000.0
525,equity,StockholdersEquity,USD,2012,Q3,10-Q,2012-11-19,,2012-01-29,4145724000.0
526,equity,StockholdersEquity,USD,2012,FY,10-K,2013-03-12,,2012-01-29,4145724000.0
527,equity,StockholdersEquity,USD,2013,FY,10-K,2014-03-13,,2012-01-29,4145724000.0
528,equity,StockholdersEquity,USD,2015,FY,10-K,2015-03-12,,2012-01-29,4145724000.0
529,equity,StockholdersEquity,USD,2012,Q1,10-Q,2012-05-23,,2012-04-29,4287428000.0
530,equity,StockholdersEquity,USD,2012,Q2,10-Q,2012-08-22,,2012-07-29,4453665000.0
531,equity,StockholdersEquity,USD,2012,Q3,10-Q,2012-11-19,,2012-10-28,4722846000.0
532,equity,StockholdersEquity,USD,2012,FY,10-K,2013-03-12,,2013-01-27,4827703000.0
533,equity,StockholdersEquity,USD,2013,Q1,10-Q,2013-05-22,,2013-01-27,4827703000.0
534,equity,StockholdersEquity,USD,2013,Q2,10-Q,2013-08-21,,2013-01-27,4827703000.0
535,equity,StockholdersEquity,USD,2013,Q3,10-Q,2013-11-19,,2013-01-27,4827703000.0
536,equity,StockholdersEquity,USD,2013,FY,10-K,2014-03-13,,2013-01-27,4827703000.0
537,equity,StockholdersEquity,USD,2015,FY,10-K,2015-03-12,,2013-01-27,4827703000.0
538,equity,StockholdersEquity,USD,2016,FY,10-K,2016-03-17,,2013-01-27,4827000000.0
539,equity,StockholdersEquity,USD,2013,Q1,10-Q,2013-05-22,,2013-04-28,4824936000.0
540,equity,StockholdersEquity,USD,2013,Q2,10-Q,2013-08-21,,2013-07-28,4172173000.0
541,equity,StockholdersEquity,USD,2013,Q3,10-Q,2013-11-19,,2013-10-27,4320647000.0
542,equity,StockholdersEquity,USD,2013,FY,10-K,2014-03-13,,2014-01-26,4456398000.0
543,equity,StockholdersEquity,USD,2014,Q1,10-Q,2014-05-21,,2014-01-26,4456398000.0
544,equity,StockholdersEquity,USD,2015,Q2,10-Q,2014-08-20,,2014-01-26,4456398000.0
545,equity,StockholdersEquity,USD,2015,Q3,10-Q,2014-11-19,,2014-01-26,4456398000.0
546,equity,StockholdersEquity,USD,2015,FY,10-K,2015-03-12,,2014-01-26,4456398000.0
547,equity,StockholdersEquity,USD,2016,FY,10-K,2016-03-17,,2014-01-26,4455000000.0
548,equity,StockholdersEquity,USD,2017,FY,10-K,2017-03-01,,2014-01-26,4455000000.0
549,equity,StockholdersEquity,USD,2014,Q1,10-Q,2014-05-21,,2014-04-27,4166985000.0
550,equity,StockholdersEquity,USD,2015,Q2,10-Q,2014-08-20,,2014-07-27,4304786000.0
551,equity,StockholdersEquity,USD,2015,Q3,10-Q,2014-11-19,,2014-10-26,4204593000.0
552,equity,StockholdersEquity,USD,2015,FY,10-K,2015-03-12,,2015-01-25,4417982000.0
553,equity,StockholdersEquity,USD,2016,Q1,10-Q,2015-05-20,,2015-01-25,4418000000.0
554,equity,StockholdersEquity,USD,2016,Q2,10-Q,2015-08-19,,2015-01-25,4418000000.0
555,equity,StockholdersEquity,USD,2016,Q3,10-Q,2015-11-18,,2015-01-25,4418000000.0
556,equity,StockholdersEquity,USD,2016,FY,10-K,2016-03-17,,2015-01-25,4418000000.0
557,equity,StockholdersEquity,USD,2017,FY,10-K,2017-03-01,,2015-01-25,4418000000.0
558,equity,StockholdersEquity,USD,2018,FY,10-K,2018-02-28,,2015-01-25,4418000000.0
559,equity,StockholdersEquity,USD,2016,Q1,10-Q,2015-05-20,,2015-04-26,4556000000.0
560,equity,StockholdersEquity,USD,2016,Q2,10-Q,2015-08-19,,2015-07-26,4185000000.0
561,equity,StockholdersEquity,USD,2016,Q3,10-Q,2015-11-18,,2015-10-25,4465000000.0
562,equity,StockholdersEquity,USD,2016,FY,10-K,2016-03-17,,2016-01-31,4469000000.0
563,equity,StockholdersEquity,USD,2017,Q1,10-Q,2016-05-25,,2016-01-31,4469000000.0
564,equity,StockholdersEquity,USD,2017,Q2,10-Q,2016-08-23,,2016-01-31,4469000000.0
565,equity,StockholdersEquity,USD,2017,Q3,10-Q,2016-11-22,,2016-01-31,4469000000.0
566,equity,StockholdersEquity,USD,2017,FY,10-K,2017-03-01,,2016-01-31,4469000000.0
567,equity,StockholdersEquity,USD,2018,FY,10-K,2018-02-28,,2016-01-31,4469000000.0
568,equity,StockholdersEquity,USD,2019,FY,10-K,2019-02-21,,2016-01-31,4469000000.0
569,equity,StockholdersEquity,USD,2017,Q1,10-Q,2016-05-25,,2016-05-01,4196000000.0
570,equity,StockholdersEquity,USD,2017,Q2,10-Q,2016-08-23,,2016-07-31,4480000000.0
571,equity,StockholdersEquity,USD,2017,Q3,10-Q,2016-11-22,,2016-10-30,5324000000.0
572,equity,StockholdersEquity,USD,2017,FY,10-K,2017-03-01,,2017-01-29,5762000000.0
573,equity,StockholdersEquity,USD,2018,Q1,10-Q,2017-05-23,,2017-01-29,5762000000.0
574,equity,StockholdersEquity,USD,2018,Q2,10-Q,2017-08-23,,2017-01-29,5762000000.0
575,equity,StockholdersEquity,USD,2018,Q3,10-Q,2017-11-21,,2017-01-29,5762000000.0
576,equity,StockholdersEquity,USD,2018,FY,10-K,2018-02-28,,2017-01-29,5762000000.0
577,equity,StockholdersEquity,USD,2019,FY,10-K,2019-02-21,,2017-01-29,5762000000.0
578,equity,StockholdersEquity,USD,2020,FY,10-K,2020-02-20,,2017-01-29,5762000000.0
579,equity,StockholdersEquity,USD,2018,Q1,10-Q,2017-05-23,,2017-04-30,6132000000.0
580,equity,StockholdersEquity,USD,2018,Q2,10-Q,2017-08-23,,2017-07-30,5973000000.0
581,equity,StockholdersEquity,USD,2018,Q3,10-Q,2017-11-21,,2017-10-29,6352000000.0
582,equity,StockholdersEquity,USD,2018,FY,10-K,2018-02-28,,2018-01-28,7471000000.0
583,equity,StockholdersEquity,USD,2019,Q1,10-Q,2018-05-22,,2018-01-28,7471000000.0
584,equity,StockholdersEquity,USD,2019,Q2,10-Q,2018-08-16,,2018-01-28,7471000000.0
585,equity,StockholdersEquity,USD,2019,Q3,10-Q,2018-11-15,,2018-01-28,7471000000.0
586,equity,StockholdersEquity,USD,2019,FY,10-K,2019-02-21,,2018-01-28,7471000000.0
587,equity,StockholdersEquity,USD,2020,Q1,10-Q,2019-05-16,,2018-01-28,7471000000.0
588,equity,StockholdersEquity,USD,2020,Q2,10-Q,2019-08-15,,2018-01-28,7471000000.0
589,equity,StockholdersEquity,USD,2020,Q3,10-Q,2019-11-14,,2018-01-28,7471000000.0
590,equity,StockholdersEquity,USD,2020,FY,10-K,2020-02-20,,2018-01-28,7471000000.0
591,equity,StockholdersEquity,USD,2021,FY,10-K,2021-02-26,,2018-01-28,7471000000.0
592,equity,StockholdersEquity,USD,2019,Q1,10-Q,2018-05-22,,2018-04-29,7717000000.0
593,equity,StockholdersEquity,USD,2020,Q1,10-Q,2019-05-16,,2018-04-29,7717000000.0
594,equity,StockholdersEquity,USD,2020,Q2,10-Q,2019-08-15,,2018-04-29,7717000000.0
595,equity,StockholdersEquity,USD,2019,Q2,10-Q,2018-08-16,,2018-07-29,8795000000.0
596,equity,StockholdersEquity,USD,2020,Q2,10-Q,2019-08-15,,2018-07-29,8795000000.0
597,equity,StockholdersEquity,USD,2020,Q3,10-Q,2019-11-14,,2018-07-29,8795000000.0
598,equity,StockholdersEquity,USD,2019,Q3,10-Q,2018-11-15,,2018-10-28,9475000000.0
599,equity,StockholdersEquity,USD,2020,Q3,10-Q,2019-11-14,,2018-10-28,9475000000.0
600,equity,StockholdersEquity,USD,2019,FY,10-K,2019-02-21,,2019-01-27,9342000000.0
601,equity,StockholdersEquity,USD,2020,Q1,10-Q,2019-05-16,,2019-01-27,9342000000.0
602,equity,StockholdersEquity,USD,2020,Q2,10-Q,2019-08-15,,2019-01-27,9342000000.0
603,equity,StockholdersEquity,USD,2020,Q3,10-Q,2019-11-14,,2019-01-27,9342000000.0
604,equity,StockholdersEquity,USD,2020,FY,10-K,2020-02-20,,2019-01-27,9342000000.0
605,equity,StockholdersEquity,USD,2020,Q1,10-Q,2020-05-21,,2019-01-27,9342000000.0
606,equity,StockholdersEquity,USD,2020,Q2,10-Q,2020-08-19,,2019-01-27,9342000000.0
607,equity,StockholdersEquity,USD,2021,Q3,10-Q,2020-11-18,,2019-01-27,9342000000.0
608,equity,StockholdersEquity,USD,2021,FY,10-K,2021-02-26,,2019-01-27,9342000000.0
609,equity,StockholdersEquity,USD,2022,FY,10-K,2022-03-18,,2019-01-27,9342000000.0
610,equity,StockholdersEquity,USD,2020,Q1,10-Q,2019-05-16,,2019-04-28,9704000000.0
611,equity,StockholdersEquity,USD,2020,Q2,10-Q,2019-08-15,,2019-04-28,9704000000.0
612,equity,StockholdersEquity,USD,2020,Q1,10-Q,2020-05-21,,2019-04-28,9704000000.0
613,equity,StockholdersEquity,USD,2020,Q2,10-Q,2020-08-19,,2019-04-28,9704000000.0
614,equity,StockholdersEquity,USD,2020,Q2,10-Q,2019-08-15,,2019-07-28,10336000000.0
615,equity,StockholdersEquity,USD,2020,Q3,10-Q,2019-11-14,,2019-07-28,10336000000.0
616,equity,StockholdersEquity,USD,2020,Q2,10-Q,2020-08-19,,2019-07-28,10336000000.0
617,equity,StockholdersEquity,USD,2021,Q3,10-Q,2020-11-18,,2019-07-28,10336000000.0
618,equity,StockholdersEquity,USD,2020,Q3,10-Q,2019-11-14,,2019-10-27,11214000000.0
619,equity,StockholdersEquity,USD,2021,Q3,10-Q,2020-11-18,,2019-10-27,11214000000.0
620,equity,StockholdersEquity,USD,2020,FY,10-K,2020-02-20,,2020-01-26,12204000000.0
621,equity,StockholdersEquity,USD,2020,Q1,10-Q,2020-05-21,,2020-01-26,12204000000.0
622,equity,StockholdersEquity,USD,2020,Q2,10-Q,2020-08-19,,2020-01-26,12204000000.0
623,equity,StockholdersEquity,USD,2021,Q3,10-Q,2020-11-18,,2020-01-26,12204000000.0
624,equity,StockholdersEquity,USD,2021,FY,10-K,2021-02-26,,2020-01-26,12204000000.0
625,equity,StockholdersEquity,USD,2022,Q1,10-Q,2021-05-26,,2020-01-26,12204000000.0
626,equity,StockholdersEquity,USD,2022,Q2,10-Q,2021-08-20,,2020-01-26,12204000000.0
627,equity,StockholdersEquity,USD,2022,Q3,10-Q,2021-11-22,,2020-01-26,12204000000.0
628,equity,StockholdersEquity,USD,2022,FY,10-K,2022-03-18,,2020-01-26,12204000000.0
629,equity,StockholdersEquity,USD,2023,FY,10-K,2023-02-24,,2020-01-26,12204000000.0
630,equity,StockholdersEquity,USD,2020,Q1,10-Q,2020-05-21,,2020-04-26,13099000000.0
631,equity,StockholdersEquity,USD,2020,Q2,10-Q,2020-08-19,,2020-04-26,13099000000.0
632,equity,StockholdersEquity,USD,2022,Q1,10-Q,2021-05-26,,2020-04-26,13099000000.0
633,equity,StockholdersEquity,USD,2022,Q2,10-Q,2021-08-20,,2020-04-26,13099000000.0
634,equity,StockholdersEquity,USD,2020,Q2,10-Q,2020-08-19,,2020-07-26,13914000000.0
635,equity,StockholdersEquity,USD,2021,Q3,10-Q,2020-11-18,,2020-07-26,13914000000.0
636,equity,StockholdersEquity,USD,2022,Q2,10-Q,2021-08-20,,2020-07-26,13914000000.0
637,equity,StockholdersEquity,USD,2022,Q3,10-Q,2021-11-22,,2020-07-26,13914000000.0
638,equity,StockholdersEquity,USD,2021,Q3,10-Q,2020-11-18,,2020-10-25,15334000000.0
639,equity,StockholdersEquity,USD,2022,Q3,10-Q,2021-11-22,,2020-10-25,15334000000.0
640,equity,StockholdersEquity,USD,2021,FY,10-K,2021-02-26,,2021-01-31,16893000000.0
641,equity,StockholdersEquity,USD,2022,Q1,10-Q,2021-05-26,,2021-01-31,16893000000.0
642,equity,StockholdersEquity,USD,2022,Q2,10-Q,2021-08-20,,2021-01-31,16893000000.0
643,equity,StockholdersEquity,USD,2022,Q3,10-Q,2021-11-22,,2021-01-31,16893000000.0
644,equity,StockholdersEquity,USD,2022,FY,10-K,2022-03-18,,2021-01-31,16893000000.0
645,equity,StockholdersEquity,USD,2023,Q1,10-Q,2022-05-27,,2021-01-31,16893000000.0
646,equity,StockholdersEquity,USD,2023,Q2,10-Q,2022-08-31,,2021-01-31,16893000000.0
647,equity,StockholdersEquity,USD,2023,Q3,10-Q,2022-11-18,,2021-01-31,16893000000.0
648,equity,StockholdersEquity,USD,2023,FY,10-K,2023-02-24,,2021-01-31,16893000000.0
649,equity,StockholdersEquity,USD,2024,FY,10-K,2024-02-21,,2021-01-31,16893000000.0
650,equity,StockholdersEquity,USD,2022,Q1,10-Q,2021-05-26,,2021-05-02,18774000000.0
651,equity,StockholdersEquity,USD,2022,Q2,10-Q,2021-08-20,,2021-05-02,18774000000.0
652,equity,StockholdersEquity,USD,2023,Q1,10-Q,2022-05-27,,2021-05-02,18774000000.0
653,equity,StockholdersEquity,USD,2023,Q2,10-Q,2022-08-31,,2021-05-02,18774000000.0
654,equity,StockholdersEquity,USD,2022,Q2,10-Q,2021-08-20,,2021-08-01,21147000000.0
655,equity,StockholdersEquity,USD,2022,Q3,10-Q,2021-11-22,,2021-08-01,21147000000.0
656,equity,StockholdersEquity,USD,2023,Q2,10-Q,2022-08-31,,2021-08-01,21147000000.0
657,equity,StockholdersEquity,USD,2023,Q3,10-Q,2022-11-18,,2021-08-01,21147000000.0
658,equity,StockholdersEquity,USD,2022,Q3,10-Q,2021-11-22,,2021-10-31,23798000000.0
659,equity,StockholdersEquity,USD,2023,Q3,10-Q,2022-11-18,,2021-10-31,23798000000.0
660,equity,StockholdersEquity,USD,2022,FY,10-K,2022-03-18,,2022-01-30,26612000000.0
661,equity,StockholdersEquity,USD,2023,Q1,10-Q,2022-05-27,,2022-01-30,26612000000.0
662,equity,StockholdersEquity,USD,2023,Q2,10-Q,2022-08-31,,2022-01-30,26612000000.0
663,equity,StockholdersEquity,USD,2023,Q3,10-Q,2022-11-18,,2022-01-30,26612000000.0
664,equity,StockholdersEquity,USD,2023,FY,10-K,2023-02-24,,2022-01-30,26612000000.0
665,equity,StockholdersEquity,USD,2024,Q1,10-Q,2023-05-26,,2022-01-30,26612000000.0
666,equity,StockholdersEquity,USD,2024,Q2,10-Q,2023-08-28,,2022-01-30,26612000000.0
667,equity,StockholdersEquity,USD,2024,Q3,10-Q,2023-11-21,,2022-01-30,26612000000.0
668,equity,StockholdersEquity,USD,2024,FY,10-K,2024-02-21,,2022-01-30,26612000000.0
669,equity,StockholdersEquity,USD,2025,FY,10-K,2025-02-26,,2022-01-30,26612000000.0
670,equity,StockholdersEquity,USD,2023,Q1,10-Q,2022-05-27,,2022-05-01,26320000000.0
671,equity,StockholdersEquity,USD,2023,Q2,10-Q,2022-08-31,,2022-05-01,26320000000.0
672,equity,StockholdersEquity,USD,2024,Q1,10-Q,2023-05-26,,2022-05-01,26320000000.0
673,equity,StockholdersEquity,USD,2024,Q2,10-Q,2023-08-28,,2022-05-01,26320000000.0
674,equity,StockholdersEquity,USD,2023,Q2,10-Q,2022-08-31,,2022-07-31,23851000000.0
675,equity,StockholdersEquity,USD,2023,Q3,10-Q,2022-11-18,,2022-07-31,23851000000.0
676,equity,StockholdersEquity,USD,2024,Q2,10-Q,2023-08-28,,2022-07-31,23851000000.0
677,equity,StockholdersEquity,USD,2024,Q3,10-Q,2023-11-21,,2022-07-31,23851000000.0
678,equity,StockholdersEquity,USD,2023,Q3,10-Q,2022-11-18,,2022-10-30,21349000000.0
679,equity,StockholdersEquity,USD,2024,Q3,10-Q,2023-11-21,,2022-10-30,21349000000.0
680,equity,StockholdersEquity,USD,2023,FY,10-K,2023-02-24,,2023-01-29,22101000000.0
681,equity,StockholdersEquity,USD,2024,Q1,10-Q,2023-05-26,,2023-01-29,22101000000.0
682,equity,StockholdersEquity,USD,2024,Q2,10-Q,2023-08-28,,2023-01-29,22101000000.0
683,equity,StockholdersEquity,USD,2024,Q3,10-Q,2023-11-21,,2023-01-29,22101000000.0
684,equity,StockholdersEquity,USD,2024,FY,10-K,2024-02-21,,2023-01-29,22101000000.0
685,equity,StockholdersEquity,USD,2025,Q1,10-Q,2024-05-29,,2023-01-29,22101000000.0
686,equity,StockholdersEquity,USD,2025,Q2,10-Q,2024-08-28,,2023-01-29,22101000000.0
687,equity,StockholdersEquity,USD,2025,Q3,10-Q,2024-11-20,,2023-01-29,22101000000.0
688,equity,StockholdersEquity,USD,2025,FY,10-K,2025-02-26,,2023-01-29,22101000000.0
689,equity,StockholdersEquity,USD,2026,FY,10-K,2026-02-25,,2023-01-29,22101000000.0
690,equity,StockholdersEquity,USD,2024,Q1,10-Q,2023-05-26,,2023-04-30,24520000000.0
691,equity,StockholdersEquity,USD,2024,Q2,10-Q,2023-08-28,,2023-04-30,24520000000.0
692,equity,StockholdersEquity,USD,2025,Q1,10-Q,2024-05-29,,2023-04-30,24520000000.0
693,equity,StockholdersEquity,USD,2025,Q2,10-Q,2024-08-28,,2023-04-30,24520000000.0
694,equity,StockholdersEquity,USD,2024,Q2,10-Q,2023-08-28,,2023-07-30,27501000000.0
695,equity,StockholdersEquity,USD,2024,Q3,10-Q,2023-11-21,,2023-07-30,27501000000.0
696,equity,StockholdersEquity,USD,2025,Q2,10-Q,2024-08-28,,2023-07-30,27501000000.0
697,equity,StockholdersEquity,USD,2025,Q3,10-Q,2024-11-20,,2023-07-30,27501000000.0
698,equity,StockholdersEquity,USD,2024,Q3,10-Q,2023-11-21,,2023-10-29,33265000000.0
699,equity,StockholdersEquity,USD,2025,Q3,10-Q,2024-11-20,,2023-10-29,33265000000.0
700,equity,StockholdersEquity,USD,2024,FY,10-K,2024-02-21,,2024-01-28,42978000000.0
701,equity,StockholdersEquity,USD,2025,Q1,10-Q,2024-05-29,,2024-01-28,42978000000.0
702,equity,StockholdersEquity,USD,2025,Q2,10-Q,2024-08-28,,2024-01-28,42978000000.0
703,equity,StockholdersEquity,USD,2025,Q3,10-Q,2024-11-20,,2024-01-28,42978000000.0
704,equity,StockholdersEquity,USD,2025,FY,10-K,2025-02-26,,2024-01-28,42978000000.0
705,equity,StockholdersEquity,USD,2026,Q1,10-Q,2025-05-28,,2024-01-28,42978000000.0
706,equity,StockholdersEquity,USD,2026,Q2,10-Q,2025-08-27,,2024-01-28,42978000000.0
707,equity,StockholdersEquity,USD,2026,Q3,10-Q,2025-11-19,,2024-01-28,42978000000.0
708,equity,StockholdersEquity,USD,2026,FY,10-K,2026-02-25,,2024-01-28,42978000000.0
709,equity,StockholdersEquity,USD,2025,Q1,10-Q,2024-05-29,,2024-04-28,49142000000.0
710,equity,StockholdersEquity,USD,2025,Q2,10-Q,2024-08-28,,2024-04-28,49142000000.0
711,equity,StockholdersEquity,USD,2026,Q1,10-Q,2025-05-28,,2024-04-28,49142000000.0
712,equity,StockholdersEquity,USD,2026,Q2,10-Q,2025-08-27,,2024-04-28,49142000000.0
713,equity,StockholdersEquity,USD,2025,Q2,10-Q,2024-08-28,,2024-07-28,58157000000.0
714,equity,StockholdersEquity,USD,2025,Q3,10-Q,2024-11-20,,2024-07-28,58157000000.0
715,equity,StockholdersEquity,USD,2026,Q2,10-Q,2025-08-27,,2024-07-28,58157000000.0
716,equity,StockholdersEquity,USD,2026,Q3,10-Q,2025-11-19,,2024-07-28,58157000000.0
717,equity,StockholdersEquity,USD,2025,Q3,10-Q,2024-11-20,,2024-10-27,65899000000.0
718,equity,StockholdersEquity,USD,2026,Q3,10-Q,2025-11-19,,2024-10-27,65899000000.0
719,equity,StockholdersEquity,USD,2025,FY,10-K,2025-02-26,,2025-01-26,79327000000.0
720,equity,StockholdersEquity,USD,2026,Q1,10-Q,2025-05-28,,2025-01-26,79327000000.0
721,equity,StockholdersEquity,USD,2026,Q2,10-Q,2025-08-27,,2025-01-26,79327000000.0
722,equity,StockholdersEquity,USD,2026,Q3,10-Q,2025-11-19,,2025-01-26,79327000000.0
723,equity,StockholdersEquity,USD,2026,FY,10-K,2026-02-25,,2025-01-26,79327000000.0
724,equity,StockholdersEquity,USD,2026,Q1,10-Q,2025-05-28,,2025-04-27,83843000000.0
725,equity,StockholdersEquity,USD,2026,Q2,10-Q,2025-08-27,,2025-04-27,83843000000.0
726,equity,StockholdersEquity,USD,2026,Q2,10-Q,2025-08-27,,2025-07-27,100131000000.0
727,equity,StockholdersEquity,USD,2026,Q3,10-Q,2025-11-19,,2025-07-27,100131000000.0
728,equity,StockholdersEquity,USD,2026,Q3,10-Q,2025-11-19,,2025-10-26,118897000000.0
729,equity,StockholdersEquity,USD,2026,FY,10-K,2026-02-25,,2026-01-25,157293000000.0
730,gross_profit,GrossProfit,USD,2010,FY,10-K,2010-03-18,2007-01-29,2008-01-27,1869280000.0
731,gross_profit,GrossProfit,USD,2009,Q2,10-Q,2009-08-20,2008-01-25,2008-07-27,664760000.0
732,gross_profit,GrossProfit,USD,2009,Q2,10-Q,2009-08-20,2008-04-27,2008-07-27,149917000.0
733,gross_profit,GrossProfit,USD,2009,Q3,10-Q,2009-11-19,2008-01-28,2008-10-26,1032603000.0
734,gross_profit,GrossProfit,USD,2009,Q3,10-Q,2009-11-19,2008-07-28,2008-10-26,367843000.0
735,gross_profit,GrossProfit,USD,2010,FY,10-K,2010-03-18,2008-01-28,2009-01-25,1174269000.0
736,gross_profit,GrossProfit,USD,2010,FY,10-K,2011-03-16,2008-01-28,2009-01-25,1174269000.0
737,gross_profit,GrossProfit,USD,2010,Q2,10-Q,2010-05-21,2009-01-26,2009-04-26,189696000.0
738,gross_profit,GrossProfit,USD,2010,FY,10-K,2011-03-16,2009-01-26,2009-04-26,189696000.0
739,gross_profit,GrossProfit,USD,2009,Q2,10-Q,2009-08-20,2009-01-25,2009-07-26,346419000.0
740,gross_profit,GrossProfit,USD,2009,Q2,10-Q,2009-08-20,2009-04-27,2009-07-26,156723000.0
741,gross_profit,GrossProfit,USD,2010,Q3,10-Q,2010-08-30,2009-01-26,2009-07-26,346419000.0
742,gross_profit,GrossProfit,USD,2010,Q3,10-Q,2010-08-30,2009-04-27,2009-07-26,156723000.0
743,gross_profit,GrossProfit,USD,2010,FY,10-K,2011-03-16,2009-04-27,2009-07-26,156723000.0
744,gross_profit,GrossProfit,USD,2009,Q3,10-Q,2009-11-19,2009-01-26,2009-10-25,738202000.0
745,gross_profit,GrossProfit,USD,2009,Q3,10-Q,2009-11-19,2009-07-27,2009-10-25,391783000.0
746,gross_profit,GrossProfit,USD,2010,Q3,10-Q,2010-12-07,2009-01-26,2009-10-25,738202000.0
747,gross_profit,GrossProfit,USD,2010,Q3,10-Q,2010-12-07,2009-07-27,2009-10-25,391783000.0
748,gross_profit,GrossProfit,USD,2010,FY,10-K,2011-03-16,2009-07-27,2009-10-25,391783000.0
749,gross_profit,GrossProfit,USD,2010,FY,10-K,2010-03-18,2009-01-26,2010-01-31,1176923000.0
750,gross_profit,GrossProfit,USD,2010,FY,10-K,2011-03-16,2009-01-26,2010-01-31,1176923000.0
751,gross_profit,GrossProfit,USD,2010,FY,10-K,2011-03-16,2009-10-26,2010-01-31,438721000.0
752,gross_profit,GrossProfit,USD,2011,FY,10-K,2012-03-13,2009-01-26,2010-01-31,1176923000.0
753,gross_profit,GrossProfit,USD,2010,Q2,10-Q,2010-05-21,2010-02-01,2010-05-02,456377000.0
754,gross_profit,GrossProfit,USD,2010,FY,10-K,2011-03-16,2010-02-01,2010-05-02,456377000.0
755,gross_profit,GrossProfit,USD,2011,Q1,10-Q,2011-05-27,2010-02-01,2010-05-02,456377000.0
756,gross_profit,GrossProfit,USD,2011,FY,10-K,2012-03-13,2010-02-01,2010-05-02,456377000.0
757,gross_profit,GrossProfit,USD,2011,FY,10-K,2012-03-13,2010-05-03,2010-07-31,134292000.0
758,gross_profit,GrossProfit,USD,2010,Q3,10-Q,2010-08-30,2010-02-01,2010-08-01,590669000.0
759,gross_profit,GrossProfit,USD,2010,Q3,10-Q,2010-08-30,2010-05-03,2010-08-01,134292000.0
760,gross_profit,GrossProfit,USD,2010,FY,10-K,2011-03-16,2010-05-03,2010-08-01,134292000.0
761,gross_profit,GrossProfit,USD,2011,Q2,10-Q,2011-08-25,2010-02-01,2010-08-01,590669000.0
762,gross_profit,GrossProfit,USD,2011,Q2,10-Q,2011-08-25,2010-05-03,2010-08-01,134292000.0
763,gross_profit,GrossProfit,USD,2010,Q3,10-Q,2010-12-07,2010-02-01,2010-10-31,982731000.0
764,gross_profit,GrossProfit,USD,2010,Q3,10-Q,2010-12-07,2010-08-02,2010-10-31,392062000.0
765,gross_profit,GrossProfit,USD,2010,FY,10-K,2011-03-16,2010-08-02,2010-10-31,392062000.0
766,gross_profit,GrossProfit,USD,2011,Q3,10-Q,2011-11-22,2010-02-01,2010-10-31,982731000.0
767,gross_profit,GrossProfit,USD,2011,Q3,10-Q,2011-11-22,2010-08-02,2010-10-31,392062000.0
768,gross_profit,GrossProfit,USD,2011,FY,10-K,2012-03-13,2010-08-02,2010-10-31,392062000.0
769,gross_profit,GrossProfit,USD,2010,FY,10-K,2011-03-16,2010-02-01,2011-01-30,1409090000.0
770,gross_profit,GrossProfit,USD,2010,FY,10-K,2011-03-16,2010-11-01,2011-01-30,426359000.0
771,gross_profit,GrossProfit,USD,2011,FY,10-K,2012-03-13,2010-02-01,2011-01-30,1409090000.0
772,gross_profit,GrossProfit,USD,2011,FY,10-K,2012-03-13,2010-11-01,2011-01-30,426359000.0
773,gross_profit,GrossProfit,USD,2012,FY,10-K,2013-03-12,2010-02-01,2011-01-30,1409090000.0
774,gross_profit,GrossProfit,USD,2011,Q1,10-Q,2011-05-27,2011-01-31,2011-05-01,484503000.0
775,gross_profit,GrossProfit,USD,2011,FY,10-K,2012-03-13,2011-01-31,2011-05-01,484503000.0
776,gross_profit,GrossProfit,USD,2012,Q1,10-Q,2012-05-23,2011-01-31,2011-05-01,484503000.0
777,gross_profit,GrossProfit,USD,2012,FY,10-K,2013-03-12,2011-01-31,2011-05-01,484503000.0
778,gross_profit,GrossProfit,USD,2011,Q2,10-Q,2011-08-25,2011-01-31,2011-07-31,1009787000.0
779,gross_profit,GrossProfit,USD,2011,Q2,10-Q,2011-08-25,2011-05-02,2011-07-31,525284000.0
780,gross_profit,GrossProfit,USD,2011,FY,10-K,2012-03-13,2011-05-02,2011-07-31,525284000.0
781,gross_profit,GrossProfit,USD,2012,Q2,10-Q,2012-08-22,2011-01-31,2011-07-31,1009787000.0
782,gross_profit,GrossProfit,USD,2012,Q2,10-Q,2012-08-22,2011-05-02,2011-07-31,525284000.0
783,gross_profit,GrossProfit,USD,2012,FY,10-K,2013-03-12,2011-05-02,2011-07-31,525284000.0
784,gross_profit,GrossProfit,USD,2011,Q3,10-Q,2011-11-22,2011-01-31,2011-10-30,1566504000.0
785,gross_profit,GrossProfit,USD,2011,Q3,10-Q,2011-11-22,2011-08-01,2011-10-30,556717000.0
786,gross_profit,GrossProfit,USD,2011,FY,10-K,2012-03-13,2011-08-01,2011-10-30,556717000.0
787,gross_profit,GrossProfit,USD,2012,Q3,10-Q,2012-11-19,2011-01-31,2011-10-30,1566504000.0
788,gross_profit,GrossProfit,USD,2012,Q3,10-Q,2012-11-19,2011-08-01,2011-10-30,556717000.0
789,gross_profit,GrossProfit,USD,2012,FY,10-K,2013-03-12,2011-08-01,2011-10-30,556717000.0
790,gross_profit,GrossProfit,USD,2011,FY,10-K,2012-03-13,2011-01-31,2012-01-29,2056517000.0
791,gross_profit,GrossProfit,USD,2011,FY,10-K,2012-03-13,2011-10-31,2012-01-29,490013000.0
792,gross_profit,GrossProfit,USD,2012,FY,10-K,2013-03-12,2011-01-31,2012-01-29,2056517000.0
793,gross_profit,GrossProfit,USD,2012,FY,10-K,2013-03-12,2011-10-31,2012-01-29,490013000.0
794,gross_profit,GrossProfit,USD,2013,FY,10-K,2014-03-13,2011-01-31,2012-01-29,2056517000.0
795,gross_profit,GrossProfit,USD,2012,Q1,10-Q,2012-05-23,2012-01-30,2012-04-29,463364000.0
796,gross_profit,GrossProfit,USD,2012,FY,10-K,2013-03-12,2012-01-30,2012-04-29,463364000.0
797,gross_profit,GrossProfit,USD,2013,Q1,10-Q,2013-05-22,2012-01-30,2012-04-29,463364000.0
798,gross_profit,GrossProfit,USD,2013,FY,10-K,2014-03-13,2012-01-30,2012-04-29,463364000.0
799,gross_profit,GrossProfit,USD,2012,Q2,10-Q,2012-08-22,2012-01-30,2012-07-29,1004083000.0
800,gross_profit,GrossProfit,USD,2012,Q2,10-Q,2012-08-22,2012-04-30,2012-07-29,540719000.0
801,gross_profit,GrossProfit,USD,2012,FY,10-K,2013-03-12,2012-04-30,2012-07-29,540719000.0
802,gross_profit,GrossProfit,USD,2013,Q2,10-Q,2013-08-21,2012-01-30,2012-07-29,1004083000.0
803,gross_profit,GrossProfit,USD,2013,Q2,10-Q,2013-08-21,2012-04-30,2012-07-29,540719000.0
804,gross_profit,GrossProfit,USD,2013,FY,10-K,2014-03-13,2012-04-30,2012-07-29,540719000.0
805,gross_profit,GrossProfit,USD,2012,Q3,10-Q,2012-11-19,2012-01-30,2012-10-28,1640741000.0
806,gross_profit,GrossProfit,USD,2012,Q3,10-Q,2012-11-19,2012-07-30,2012-10-28,636658000.0
807,gross_profit,GrossProfit,USD,2012,FY,10-K,2013-03-12,2012-07-30,2012-10-28,636658000.0
808,gross_profit,GrossProfit,USD,2013,Q3,10-Q,2013-11-19,2012-01-30,2012-10-28,1640741000.0
809,gross_profit,GrossProfit,USD,2013,Q3,10-Q,2013-11-19,2012-07-30,2012-10-28,636658000.0
810,gross_profit,GrossProfit,USD,2013,FY,10-K,2014-03-13,2012-07-30,2012-10-28,636658000.0
811,gross_profit,GrossProfit,USD,2012,FY,10-K,2013-03-12,2012-01-30,2013-01-27,2226343000.0
812,gross_profit,GrossProfit,USD,2012,FY,10-K,2013-03-12,2012-10-29,2013-01-27,585602000.0
813,gross_profit,GrossProfit,USD,2013,FY,10-K,2014-03-13,2012-01-30,2013-01-27,2226343000.0
814,gross_profit,GrossProfit,USD,2013,FY,10-K,2014-03-13,2012-10-29,2013-01-27,585602000.0
815,gross_profit,GrossProfit,USD,2015,FY,10-K,2015-03-12,2012-01-30,2013-01-27,2226343000.0
816,gross_profit,GrossProfit,USD,2013,Q1,10-Q,2013-05-22,2013-01-28,2013-04-28,518568000.0
817,gross_profit,GrossProfit,USD,2013,FY,10-K,2014-03-13,2013-01-28,2013-04-28,518568000.0
818,gross_profit,GrossProfit,USD,2014,Q1,10-Q,2014-05-21,2013-01-28,2013-04-28,518568000.0
819,gross_profit,GrossProfit,USD,2015,FY,10-K,2015-03-12,2013-01-28,2013-04-28,518568000.0
820,gross_profit,GrossProfit,USD,2013,Q2,10-Q,2013-08-21,2013-01-28,2013-07-28,1064106000.0
821,gross_profit,GrossProfit,USD,2013,Q2,10-Q,2013-08-21,2013-04-29,2013-07-28,545538000.0
822,gross_profit,GrossProfit,USD,2013,FY,10-K,2014-03-13,2013-04-29,2013-07-28,545538000.0
823,gross_profit,GrossProfit,USD,2015,Q2,10-Q,2014-08-20,2013-01-28,2013-07-28,1064106000.0
824,gross_profit,GrossProfit,USD,2015,Q2,10-Q,2014-08-20,2013-04-29,2013-07-28,545538000.0
825,gross_profit,GrossProfit,USD,2015,FY,10-K,2015-03-12,2013-04-29,2013-07-28,545538000.0
826,gross_profit,GrossProfit,USD,2013,Q3,10-Q,2013-11-19,2013-01-28,2013-10-27,1648521000.0
827,gross_profit,GrossProfit,USD,2013,Q3,10-Q,2013-11-19,2013-07-29,2013-10-27,584415000.0
828,gross_profit,GrossProfit,USD,2013,FY,10-K,2014-03-13,2013-07-29,2013-10-27,584415000.0
829,gross_profit,GrossProfit,USD,2015,Q3,10-Q,2014-11-19,2013-01-28,2013-10-27,1648521000.0
830,gross_profit,GrossProfit,USD,2015,Q3,10-Q,2014-11-19,2013-07-29,2013-10-27,584415000.0
831,gross_profit,GrossProfit,USD,2015,FY,10-K,2015-03-12,2013-07-29,2013-10-27,584415000.0
832,gross_profit,GrossProfit,USD,2013,FY,10-K,2014-03-13,2013-01-28,2014-01-26,2267763000.0
833,gross_profit,GrossProfit,USD,2013,FY,10-K,2014-03-13,2013-10-28,2014-01-26,619242000.0
834,gross_profit,GrossProfit,USD,2015,FY,10-K,2015-03-12,2013-01-28,2014-01-26,2267763000.0
835,gross_profit,GrossProfit,USD,2015,FY,10-K,2015-03-12,2013-10-28,2014-01-26,619242000.0
836,gross_profit,GrossProfit,USD,2016,FY,10-K,2016-03-17,2013-01-28,2014-01-26,2268000000.0
837,gross_profit,GrossProfit,USD,2014,Q1,10-Q,2014-05-21,2014-01-27,2014-04-27,604202000.0
838,gross_profit,GrossProfit,USD,2015,FY,10-K,2015-03-12,2014-01-27,2014-04-27,604202000.0
839,gross_profit,GrossProfit,USD,2016,Q1,10-Q,2015-05-20,2014-01-27,2014-04-27,604000000.0
840,gross_profit,GrossProfit,USD,2016,FY,10-K,2016-03-17,2014-01-27,2014-04-27,604000000.0
841,gross_profit,GrossProfit,USD,2015,Q2,10-Q,2014-08-20,2014-01-27,2014-07-27,1223176000.0
842,gross_profit,GrossProfit,USD,2015,Q2,10-Q,2014-08-20,2014-04-28,2014-07-27,618974000.0
843,gross_profit,GrossProfit,USD,2015,FY,10-K,2015-03-12,2014-04-28,2014-07-27,618974000.0
844,gross_profit,GrossProfit,USD,2016,Q2,10-Q,2015-08-19,2014-01-27,2014-07-27,1223000000.0
845,gross_profit,GrossProfit,USD,2016,Q2,10-Q,2015-08-19,2014-04-28,2014-07-27,619000000.0
846,gross_profit,GrossProfit,USD,2016,FY,10-K,2016-03-17,2014-04-28,2014-07-27,619000000.0
847,gross_profit,GrossProfit,USD,2015,Q3,10-Q,2014-11-19,2014-01-27,2014-10-26,1899874000.0
848,gross_profit,GrossProfit,USD,2015,Q3,10-Q,2014-11-19,2014-07-28,2014-10-26,676698000.0
849,gross_profit,GrossProfit,USD,2015,FY,10-K,2015-03-12,2014-07-28,2014-10-26,676698000.0
850,gross_profit,GrossProfit,USD,2016,Q3,10-Q,2015-11-18,2014-01-27,2014-10-26,1900000000.0
851,gross_profit,GrossProfit,USD,2016,Q3,10-Q,2015-11-18,2014-07-28,2014-10-26,676000000.0
852,gross_profit,GrossProfit,USD,2016,FY,10-K,2016-03-17,2014-07-28,2014-10-26,677000000.0
853,gross_profit,GrossProfit,USD,2015,FY,10-K,2015-03-12,2014-01-27,2015-01-25,2599477000.0
854,gross_profit,GrossProfit,USD,2015,FY,10-K,2015-03-12,2014-10-27,2015-01-25,699603000.0
855,gross_profit,GrossProfit,USD,2016,FY,10-K,2016-03-17,2014-01-27,2015-01-25,2599000000.0
856,gross_profit,GrossProfit,USD,2016,FY,10-K,2016-03-17,2014-10-27,2015-01-25,699000000.0
857,gross_profit,GrossProfit,USD,2017,FY,10-K,2017-03-01,2014-01-27,2015-01-25,2599000000.0
858,gross_profit,GrossProfit,USD,2016,Q1,10-Q,2015-05-20,2015-01-26,2015-04-26,653000000.0
859,gross_profit,GrossProfit,USD,2016,FY,10-K,2016-03-17,2015-01-26,2015-04-26,653000000.0
860,gross_profit,GrossProfit,USD,2017,Q1,10-Q,2016-05-25,2015-01-26,2015-04-26,653000000.0
861,gross_profit,GrossProfit,USD,2017,FY,10-K,2017-03-01,2015-01-26,2015-04-26,653000000.0
862,gross_profit,GrossProfit,USD,2016,Q2,10-Q,2015-08-19,2015-01-26,2015-07-26,1286000000.0
863,gross_profit,GrossProfit,USD,2016,Q2,10-Q,2015-08-19,2015-04-27,2015-07-26,634000000.0
864,gross_profit,GrossProfit,USD,2016,FY,10-K,2016-03-17,2015-04-27,2015-07-26,634000000.0
865,gross_profit,GrossProfit,USD,2017,Q2,10-Q,2016-08-23,2015-01-26,2015-07-26,1286000000.0
866,gross_profit,GrossProfit,USD,2017,Q2,10-Q,2016-08-23,2015-04-27,2015-07-26,634000000.0
867,gross_profit,GrossProfit,USD,2017,FY,10-K,2017-03-01,2015-04-27,2015-07-26,634000000.0
868,gross_profit,GrossProfit,USD,2016,Q3,10-Q,2015-11-18,2015-01-26,2015-10-25,2020000000.0
869,gross_profit,GrossProfit,USD,2016,Q3,10-Q,2015-11-18,2015-07-27,2015-10-25,734000000.0
870,gross_profit,GrossProfit,USD,2016,FY,10-K,2016-03-17,2015-07-27,2015-10-25,733000000.0
871,gross_profit,GrossProfit,USD,2017,Q3,10-Q,2016-11-22,2015-01-26,2015-10-25,2020000000.0
872,gross_profit,GrossProfit,USD,2017,Q3,10-Q,2016-11-22,2015-07-27,2015-10-25,734000000.0
873,gross_profit,GrossProfit,USD,2017,FY,10-K,2017-03-01,2015-07-27,2015-10-25,733000000.0
874,gross_profit,GrossProfit,USD,2016,FY,10-K,2016-03-17,2015-01-26,2016-01-31,2811000000.0
875,gross_profit,GrossProfit,USD,2016,FY,10-K,2016-03-17,2015-10-26,2016-01-31,791000000.0
876,gross_profit,GrossProfit,USD,2017,FY,10-K,2017-03-01,2015-01-26,2016-01-31,2811000000.0
877,gross_profit,GrossProfit,USD,2017,FY,10-K,2017-03-01,2015-10-26,2016-01-31,791000000.0
878,gross_profit,GrossProfit,USD,2018,FY,10-K,2018-02-28,2015-01-26,2016-01-31,2811000000.0
879,gross_profit,GrossProfit,USD,2017,Q1,10-Q,2016-05-25,2016-02-01,2016-05-01,751000000.0
880,gross_profit,GrossProfit,USD,2017,FY,10-K,2017-03-01,2016-02-01,2016-05-01,751000000.0
881,gross_profit,GrossProfit,USD,2018,Q1,10-Q,2017-05-23,2016-02-01,2016-05-01,751000000.0
882,gross_profit,GrossProfit,USD,2018,FY,10-K,2018-02-28,2016-02-01,2016-05-01,751000000.0
883,gross_profit,GrossProfit,USD,2017,Q2,10-Q,2016-08-23,2016-02-01,2016-07-31,1577000000.0
884,gross_profit,GrossProfit,USD,2017,Q2,10-Q,2016-08-23,2016-05-02,2016-07-31,826000000.0
885,gross_profit,GrossProfit,USD,2017,FY,10-K,2017-03-01,2016-05-02,2016-07-31,826000000.0
886,gross_profit,GrossProfit,USD,2018,Q2,10-Q,2017-08-23,2016-02-01,2016-07-31,1577000000.0
887,gross_profit,GrossProfit,USD,2018,Q2,10-Q,2017-08-23,2016-05-02,2016-07-31,826000000.0
888,gross_profit,GrossProfit,USD,2018,FY,10-K,2018-02-28,2016-05-02,2016-07-31,826000000.0
889,gross_profit,GrossProfit,USD,2017,Q3,10-Q,2016-11-22,2016-02-01,2016-10-30,2760000000.0
890,gross_profit,GrossProfit,USD,2017,Q3,10-Q,2016-11-22,2016-08-01,2016-10-30,1183000000.0
891,gross_profit,GrossProfit,USD,2017,FY,10-K,2017-03-01,2016-08-01,2016-10-30,1183000000.0
892,gross_profit,GrossProfit,USD,2018,Q3,10-Q,2017-11-21,2016-02-01,2016-10-30,2760000000.0
893,gross_profit,GrossProfit,USD,2018,Q3,10-Q,2017-11-21,2016-08-01,2016-10-30,1183000000.0
894,gross_profit,GrossProfit,USD,2018,FY,10-K,2018-02-28,2016-08-01,2016-10-30,1183000000.0
895,gross_profit,GrossProfit,USD,2017,FY,10-K,2017-03-01,2016-02-01,2017-01-29,4063000000.0
896,gross_profit,GrossProfit,USD,2017,FY,10-K,2017-03-01,2016-10-31,2017-01-29,1303000000.0
897,gross_profit,GrossProfit,USD,2018,FY,10-K,2018-02-28,2016-02-01,2017-01-29,4063000000.0
898,gross_profit,GrossProfit,USD,2018,FY,10-K,2018-02-28,2016-10-31,2017-01-29,1303000000.0
899,gross_profit,GrossProfit,USD,2019,FY,10-K,2019-02-21,2016-02-01,2017-01-29,4063000000.0
900,gross_profit,GrossProfit,USD,2018,Q1,10-Q,2017-05-23,2017-01-30,2017-04-30,1150000000.0
901,gross_profit,GrossProfit,USD,2018,FY,10-K,2018-02-28,2017-01-30,2017-04-30,1150000000.0
902,gross_profit,GrossProfit,USD,2019,Q1,10-Q,2018-05-22,2017-01-30,2017-04-30,1150000000.0
903,gross_profit,GrossProfit,USD,2019,FY,10-K,2019-02-21,2017-01-30,2017-04-30,1150000000.0
904,gross_profit,GrossProfit,USD,2018,Q2,10-Q,2017-08-23,2017-01-30,2017-07-30,2452000000.0
905,gross_profit,GrossProfit,USD,2018,Q2,10-Q,2017-08-23,2017-05-01,2017-07-30,1302000000.0
906,gross_profit,GrossProfit,USD,2018,FY,10-K,2018-02-28,2017-01-30,2017-07-30,1302000000.0
907,gross_profit,GrossProfit,USD,2019,Q2,10-Q,2018-08-16,2017-01-30,2017-07-30,2452000000.0
908,gross_profit,GrossProfit,USD,2019,Q2,10-Q,2018-08-16,2017-05-01,2017-07-30,1302000000.0
909,gross_profit,GrossProfit,USD,2019,FY,10-K,2019-02-21,2017-05-01,2017-07-30,1302000000.0
910,gross_profit,GrossProfit,USD,2018,Q3,10-Q,2017-11-21,2017-01-30,2017-10-29,4021000000.0
911,gross_profit,GrossProfit,USD,2018,Q3,10-Q,2017-11-21,2017-07-31,2017-10-29,1569000000.0
912,gross_profit,GrossProfit,USD,2018,FY,10-K,2018-02-28,2017-07-31,2017-10-29,1569000000.0
913,gross_profit,GrossProfit,USD,2019,Q3,10-Q,2018-11-15,2017-01-30,2017-10-29,4021000000.0
914,gross_profit,GrossProfit,USD,2019,Q3,10-Q,2018-11-15,2017-07-31,2017-10-29,1569000000.0
915,gross_profit,GrossProfit,USD,2019,FY,10-K,2019-02-21,2017-07-31,2017-10-29,1569000000.0
916,gross_profit,GrossProfit,USD,2018,FY,10-K,2018-02-28,2017-01-30,2018-01-28,5822000000.0
917,gross_profit,GrossProfit,USD,2018,FY,10-K,2018-02-28,2017-10-30,2018-01-28,1801000000.0
918,gross_profit,GrossProfit,USD,2019,FY,10-K,2019-02-21,2017-01-30,2018-01-28,5822000000.0
919,gross_profit,GrossProfit,USD,2019,FY,10-K,2019-02-21,2017-10-30,2018-01-28,1801000000.0
920,gross_profit,GrossProfit,USD,2020,FY,10-K,2020-02-20,2017-01-30,2018-01-28,5822000000.0
921,gross_profit,GrossProfit,USD,2019,Q1,10-Q,2018-05-22,2018-01-29,2018-04-29,2068000000.0
922,gross_profit,GrossProfit,USD,2019,FY,10-K,2019-02-21,2018-01-29,2018-04-29,2068000000.0
923,gross_profit,GrossProfit,USD,2020,Q1,10-Q,2019-05-16,2018-01-29,2018-04-29,2068000000.0
924,gross_profit,GrossProfit,USD,2020,FY,10-K,2020-02-20,2018-01-29,2018-04-29,2068000000.0
925,gross_profit,GrossProfit,USD,2019,Q2,10-Q,2018-08-16,2018-01-29,2018-07-29,4043000000.0
926,gross_profit,GrossProfit,USD,2019,Q2,10-Q,2018-08-16,2018-04-30,2018-07-29,1975000000.0
927,gross_profit,GrossProfit,USD,2019,FY,10-K,2019-02-21,2018-04-30,2018-07-29,1975000000.0
928,gross_profit,GrossProfit,USD,2020,Q2,10-Q,2019-08-15,2018-01-29,2018-07-29,4043000000.0
929,gross_profit,GrossProfit,USD,2020,Q2,10-Q,2019-08-15,2018-04-30,2018-07-29,1975000000.0
930,gross_profit,GrossProfit,USD,2020,FY,10-K,2020-02-20,2018-04-30,2018-07-29,1975000000.0
931,gross_profit,GrossProfit,USD,2019,Q3,10-Q,2018-11-15,2018-01-29,2018-10-28,5964000000.0
932,gross_profit,GrossProfit,USD,2019,Q3,10-Q,2018-11-15,2018-07-30,2018-10-28,1921000000.0
933,gross_profit,GrossProfit,USD,2019,FY,10-K,2019-02-21,2018-07-30,2018-10-28,1921000000.0
934,gross_profit,GrossProfit,USD,2020,Q3,10-Q,2019-11-14,2018-01-29,2018-10-28,5964000000.0
935,gross_profit,GrossProfit,USD,2020,Q3,10-Q,2019-11-14,2018-07-30,2018-10-28,1921000000.0
936,gross_profit,GrossProfit,USD,2020,FY,10-K,2020-02-20,2018-07-30,2018-10-28,1921000000.0
937,gross_profit,GrossProfit,USD,2019,FY,10-K,2019-02-21,2018-01-29,2019-01-27,7171000000.0
938,gross_profit,GrossProfit,USD,2019,FY,10-K,2019-02-21,2018-10-29,2019-01-27,1207000000.0
939,gross_profit,GrossProfit,USD,2020,FY,10-K,2020-02-20,2018-01-29,2019-01-27,7171000000.0
940,gross_profit,GrossProfit,USD,2020,FY,10-K,2020-02-20,2018-10-29,2019-01-27,1207000000.0
941,gross_profit,GrossProfit,USD,2021,FY,10-K,2021-02-26,2018-01-29,2019-01-27,7171000000.0
942,gross_profit,GrossProfit,USD,2020,Q1,10-Q,2019-05-16,2019-01-28,2019-04-28,1296000000.0
943,gross_profit,GrossProfit,USD,2020,FY,10-K,2020-02-20,2019-01-28,2019-04-28,1296000000.0
944,gross_profit,GrossProfit,USD,2020,Q1,10-Q,2020-05-21,2019-01-28,2019-04-28,1296000000.0
945,gross_profit,GrossProfit,USD,2020,Q2,10-Q,2019-08-15,2019-01-28,2019-07-28,2837000000.0
946,gross_profit,GrossProfit,USD,2020,Q2,10-Q,2019-08-15,2019-04-29,2019-07-28,1541000000.0
947,gross_profit,GrossProfit,USD,2020,FY,10-K,2020-02-20,2019-04-29,2019-07-28,1541000000.0
948,gross_profit,GrossProfit,USD,2020,Q2,10-Q,2020-08-19,2019-01-28,2019-07-28,2837000000.0
949,gross_profit,GrossProfit,USD,2020,Q2,10-Q,2020-08-19,2019-04-29,2019-07-28,1541000000.0
950,gross_profit,GrossProfit,USD,2020,Q3,10-Q,2019-11-14,2019-01-28,2019-10-27,4753000000.0
951,gross_profit,GrossProfit,USD,2020,Q3,10-Q,2019-11-14,2019-07-29,2019-10-27,1916000000.0
952,gross_profit,GrossProfit,USD,2020,FY,10-K,2020-02-20,2019-07-29,2019-10-27,1916000000.0
953,gross_profit,GrossProfit,USD,2021,Q3,10-Q,2020-11-18,2019-01-28,2019-10-27,4753000000.0
954,gross_profit,GrossProfit,USD,2021,Q3,10-Q,2020-11-18,2019-07-29,2019-10-27,1916000000.0
955,gross_profit,GrossProfit,USD,2020,FY,10-K,2020-02-20,2019-01-28,2020-01-26,6768000000.0
956,gross_profit,GrossProfit,USD,2020,FY,10-K,2020-02-20,2019-10-28,2020-01-26,2015000000.0
957,gross_profit,GrossProfit,USD,2021,FY,10-K,2021-02-26,2019-01-28,2020-01-26,6768000000.0
958,gross_profit,GrossProfit,USD,2022,FY,10-K,2022-03-18,2019-01-28,2020-01-26,6768000000.0
959,gross_profit,GrossProfit,USD,2020,Q1,10-Q,2020-05-21,2020-01-27,2020-04-26,2004000000.0
960,gross_profit,GrossProfit,USD,2022,Q1,10-Q,2021-05-26,2020-01-27,2020-04-26,2004000000.0
961,gross_profit,GrossProfit,USD,2020,Q2,10-Q,2020-08-19,2020-01-27,2020-07-26,4279000000.0
962,gross_profit,GrossProfit,USD,2020,Q2,10-Q,2020-08-19,2020-04-27,2020-07-26,2275000000.0
963,gross_profit,GrossProfit,USD,2022,Q2,10-Q,2021-08-20,2020-01-27,2020-07-26,4279000000.0
964,gross_profit,GrossProfit,USD,2022,Q2,10-Q,2021-08-20,2020-04-27,2020-07-26,2275000000.0
965,gross_profit,GrossProfit,USD,2021,Q3,10-Q,2020-11-18,2020-01-27,2020-10-25,7240000000.0
966,gross_profit,GrossProfit,USD,2021,Q3,10-Q,2020-11-18,2020-07-27,2020-10-25,2960000000.0
967,gross_profit,GrossProfit,USD,2022,Q3,10-Q,2021-11-22,2020-01-27,2020-10-25,7240000000.0
968,gross_profit,GrossProfit,USD,2022,Q3,10-Q,2021-11-22,2020-07-27,2020-10-25,2960000000.0
969,gross_profit,GrossProfit,USD,2021,FY,10-K,2021-02-26,2020-01-27,2021-01-31,10396000000.0
970,gross_profit,GrossProfit,USD,2022,FY,10-K,2022-03-18,2020-01-27,2021-01-31,10396000000.0
971,gross_profit,GrossProfit,USD,2023,FY,10-K,2023-02-24,2020-01-27,2021-01-31,10396000000.0
972,gross_profit,GrossProfit,USD,2022,Q1,10-Q,2021-05-26,2021-02-01,2021-05-02,3629000000.0
973,gross_profit,GrossProfit,USD,2023,Q1,10-Q,2022-05-27,2021-02-01,2021-05-02,3629000000.0
974,gross_profit,GrossProfit,USD,2022,Q2,10-Q,2021-08-20,2021-02-01,2021-08-01,7844000000.0
975,gross_profit,GrossProfit,USD,2022,Q2,10-Q,2021-08-20,2021-05-03,2021-08-01,4215000000.0
976,gross_profit,GrossProfit,USD,2023,Q2,10-Q,2022-08-31,2021-02-01,2021-08-01,7844000000.0
977,gross_profit,GrossProfit,USD,2023,Q2,10-Q,2022-08-31,2021-05-03,2021-08-01,4215000000.0
978,gross_profit,GrossProfit,USD,2022,Q3,10-Q,2021-11-22,2021-02-01,2021-10-31,12476000000.0
979,gross_profit,GrossProfit,USD,2022,Q3,10-Q,2021-11-22,2021-08-02,2021-10-31,4631000000.0
980,gross_profit,GrossProfit,USD,2023,Q3,10-Q,2022-11-18,2021-02-01,2021-10-31,12476000000.0
981,gross_profit,GrossProfit,USD,2023,Q3,10-Q,2022-11-18,2021-08-02,2021-10-31,4631000000.0
982,gross_profit,GrossProfit,USD,2022,FY,10-K,2022-03-18,2021-02-01,2022-01-30,17475000000.0
983,gross_profit,GrossProfit,USD,2023,FY,10-K,2023-02-24,2021-02-01,2022-01-30,17475000000.0
984,gross_profit,GrossProfit,USD,2024,FY,10-K,2024-02-21,2021-02-01,2022-01-30,17475000000.0
985,gross_profit,GrossProfit,USD,2023,Q1,10-Q,2022-05-27,2022-01-31,2022-05-01,5431000000.0
986,gross_profit,GrossProfit,USD,2024,Q1,10-Q,2023-05-26,2022-01-31,2022-05-01,5431000000.0
987,gross_profit,GrossProfit,USD,2023,Q2,10-Q,2022-08-31,2022-01-31,2022-07-31,8346000000.0
988,gross_profit,GrossProfit,USD,2023,Q2,10-Q,2022-08-31,2022-05-02,2022-07-31,2915000000.0
989,gross_profit,GrossProfit,USD,2024,Q2,10-Q,2023-08-28,2022-01-31,2022-07-31,8346000000.0
990,gross_profit,GrossProfit,USD,2024,Q2,10-Q,2023-08-28,2022-05-02,2022-07-31,2915000000.0
991,gross_profit,GrossProfit,USD,2023,Q3,10-Q,2022-11-18,2022-01-31,2022-10-30,11523000000.0
992,gross_profit,GrossProfit,USD,2023,Q3,10-Q,2022-11-18,2022-08-01,2022-10-30,3177000000.0
993,gross_profit,GrossProfit,USD,2024,Q3,10-Q,2023-11-21,2022-01-31,2022-10-30,11523000000.0
994,gross_profit,GrossProfit,USD,2024,Q3,10-Q,2023-11-21,2022-08-01,2022-10-30,3177000000.0
995,gross_profit,GrossProfit,USD,2023,FY,10-K,2023-02-24,2022-01-31,2023-01-29,15356000000.0
996,gross_profit,GrossProfit,USD,2024,FY,10-K,2024-02-21,2022-01-31,2023-01-29,15356000000.0
997,gross_profit,GrossProfit,USD,2025,FY,10-K,2025-02-26,2022-01-31,2023-01-29,15356000000.0
998,gross_profit,GrossProfit,USD,2024,Q1,10-Q,2023-05-26,2023-01-30,2023-04-30,4648000000.0
999,gross_profit,GrossProfit,USD,2025,Q1,10-Q,2024-05-29,2023-01-30,2023-04-30,4648000000.0
1000,gross_profit,GrossProfit,USD,2024,Q2,10-Q,2023-08-28,2023-01-30,2023-07-30,14110000000.0
1001,gross_profit,GrossProfit,USD,2024,Q2,10-Q,2023-08-28,2023-05-01,2023-07-30,9462000000.0
1002,gross_profit,GrossProfit,USD,2025,Q2,10-Q,2024-08-28,2023-01-30,2023-07-30,14110000000.0
1003,gross_profit,GrossProfit,USD,2025,Q2,10-Q,2024-08-28,2023-05-01,2023-07-30,9462000000.0
1004,gross_profit,GrossProfit,USD,2024,Q3,10-Q,2023-11-21,2023-01-30,2023-10-29,27510000000.0
1005,gross_profit,GrossProfit,USD,2024,Q3,10-Q,2023-11-21,2023-07-31,2023-10-29,13400000000.0
1006,gross_profit,GrossProfit,USD,2025,Q3,10-Q,2024-11-20,2023-01-30,2023-10-29,27510000000.0
1007,gross_profit,GrossProfit,USD,2025,Q3,10-Q,2024-11-20,2023-07-31,2023-10-29,13400000000.0
1008,gross_profit,GrossProfit,USD,2024,FY,10-K,2024-02-21,2023-01-30,2024-01-28,44301000000.0
1009,gross_profit,GrossProfit,USD,2025,FY,10-K,2025-02-26,2023-01-30,2024-01-28,44301000000.0
1010,gross_profit,GrossProfit,USD,2026,FY,10-K,2026-02-25,2023-01-30,2024-01-28,44301000000.0
1011,gross_profit,GrossProfit,USD,2025,Q1,10-Q,2024-05-29,2024-01-29,2024-04-28,20406000000.0
1012,gross_profit,GrossProfit,USD,2026,Q1,10-Q,2025-05-28,2024-01-29,2024-04-28,20406000000.0
1013,gross_profit,GrossProfit,USD,2025,Q2,10-Q,2024-08-28,2024-01-29,2024-07-28,42979000000.0
1014,gross_profit,GrossProfit,USD,2025,Q2,10-Q,2024-08-28,2024-04-29,2024-07-28,22574000000.0
1015,gross_profit,GrossProfit,USD,2026,Q2,10-Q,2025-08-27,2024-01-29,2024-07-28,42979000000.0
1016,gross_profit,GrossProfit,USD,2026,Q2,10-Q,2025-08-27,2024-04-29,2024-07-28,22574000000.0
1017,gross_profit,GrossProfit,USD,2025,Q3,10-Q,2024-11-20,2024-01-29,2024-10-27,69135000000.0
1018,gross_profit,GrossProfit,USD,2025,Q3,10-Q,2024-11-20,2024-07-29,2024-10-27,26156000000.0
1019,gross_profit,GrossProfit,USD,2026,Q3,10-Q,2025-11-19,2024-01-29,2024-10-27,69135000000.0
1020,gross_profit,GrossProfit,USD,2026,Q3,10-Q,2025-11-19,2024-07-29,2024-10-27,26156000000.0
1021,gross_profit,GrossProfit,USD,2025,FY,10-K,2025-02-26,2024-01-29,2025-01-26,97858000000.0
1022,gross_profit,GrossProfit,USD,2026,FY,10-K,2026-02-25,2024-01-29,2025-01-26,97858000000.0
1023,gross_profit,GrossProfit,USD,2026,Q1,10-Q,2025-05-28,2025-01-27,2025-04-27,26668000000.0
1024,gross_profit,GrossProfit,USD,2026,Q2,10-Q,2025-08-27,2025-01-27,2025-07-27,60521000000.0
1025,gross_profit,GrossProfit,USD,2026,Q2,10-Q,2025-08-27,2025-04-28,2025-07-27,33853000000.0
1026,gross_profit,GrossProfit,USD,2026,Q3,10-Q,2025-11-19,2025-01-27,2025-10-26,102370000000.0
1027,gross_profit,GrossProfit,USD,2026,Q3,10-Q,2025-11-19,2025-07-28,2025-10-26,41849000000.0
1028,gross_profit,GrossProfit,USD,2026,FY,10-K,2026-02-25,2025-01-27,2026-01-25,153463000000.0
1029,inventory,InventoryNet,USD,2009,Q2,10-Q,2009-08-20,,2009-01-25,537834000.0
1030,inventory,InventoryNet,USD,2009,Q3,10-Q,2009-11-19,,2009-01-25,537834000.0
1031,inventory,InventoryNet,USD,2010,FY,10-K,2010-03-18,,2009-01-25,537834000.0
1032,inventory,InventoryNet,USD,2009,Q2,10-Q,2009-08-20,,2009-07-26,279216000.0
1033,inventory,InventoryNet,USD,2009,Q3,10-Q,2009-11-19,,2009-10-25,277643000.0
1034,inventory,InventoryNet,USD,2010,FY,10-K,2010-03-18,,2010-01-31,330674000.0
1035,inventory,InventoryNet,USD,2010,Q2,10-Q,2010-05-21,,2010-01-31,330674000.0
1036,inventory,InventoryNet,USD,2010,Q3,10-Q,2010-08-30,,2010-01-31,330674000.0
1037,inventory,InventoryNet,USD,2010,Q3,10-Q,2010-12-07,,2010-01-31,330674000.0
1038,inventory,InventoryNet,USD,2010,FY,10-K,2011-03-16,,2010-01-31,330674000.0
1039,inventory,InventoryNet,USD,2010,Q2,10-Q,2010-05-21,,2010-05-02,388139000.0
1040,inventory,InventoryNet,USD,2010,Q3,10-Q,2010-08-30,,2010-08-01,434227000.0
1041,inventory,InventoryNet,USD,2010,Q3,10-Q,2010-12-07,,2010-10-31,377812000.0
1042,inventory,InventoryNet,USD,2010,FY,10-K,2011-03-16,,2011-01-30,345525000.0
1043,inventory,InventoryNet,USD,2011,Q1,10-Q,2011-05-27,,2011-01-30,345525000.0
1044,inventory,InventoryNet,USD,2011,Q2,10-Q,2011-08-25,,2011-01-30,345525000.0
1045,inventory,InventoryNet,USD,2011,Q3,10-Q,2011-11-22,,2011-01-30,345525000.0
1046,inventory,InventoryNet,USD,2011,FY,10-K,2012-03-13,,2011-01-30,345525000.0
1047,inventory,InventoryNet,USD,2011,Q1,10-Q,2011-05-27,,2011-05-01,380964000.0
1048,inventory,InventoryNet,USD,2011,Q2,10-Q,2011-08-25,,2011-07-31,361911000.0
1049,inventory,InventoryNet,USD,2011,Q3,10-Q,2011-11-22,,2011-10-30,319602000.0
1050,inventory,InventoryNet,USD,2011,FY,10-K,2012-03-13,,2012-01-29,340297000.0
1051,inventory,InventoryNet,USD,2012,Q1,10-Q,2012-05-23,,2012-01-29,340297000.0
1052,inventory,InventoryNet,USD,2012,Q2,10-Q,2012-08-22,,2012-01-29,340297000.0
1053,inventory,InventoryNet,USD,2012,Q3,10-Q,2012-11-19,,2012-01-29,340297000.0
1054,inventory,InventoryNet,USD,2012,FY,10-K,2013-03-12,,2012-01-29,340297000.0
1055,inventory,InventoryNet,USD,2012,Q1,10-Q,2012-05-23,,2012-04-29,342707000.0
1056,inventory,InventoryNet,USD,2012,Q2,10-Q,2012-08-22,,2012-07-29,387185000.0
1057,inventory,InventoryNet,USD,2012,Q3,10-Q,2012-11-19,,2012-10-28,428983000.0
1058,inventory,InventoryNet,USD,2012,FY,10-K,2013-03-12,,2013-01-27,419686000.0
1059,inventory,InventoryNet,USD,2013,Q1,10-Q,2013-05-22,,2013-01-27,419686000.0
1060,inventory,InventoryNet,USD,2013,Q2,10-Q,2013-08-21,,2013-01-27,412467000.0
1061,inventory,InventoryNet,USD,2013,Q3,10-Q,2013-11-19,,2013-01-27,412467000.0
1062,inventory,InventoryNet,USD,2013,FY,10-K,2014-03-13,,2013-01-27,412467000.0
1063,inventory,InventoryNet,USD,2013,Q1,10-Q,2013-05-22,,2013-04-28,377597000.0
1064,inventory,InventoryNet,USD,2013,Q2,10-Q,2013-08-21,,2013-07-28,378280000.0
1065,inventory,InventoryNet,USD,2013,Q3,10-Q,2013-11-19,,2013-10-27,380319000.0
1066,inventory,InventoryNet,USD,2013,FY,10-K,2014-03-13,,2014-01-26,387765000.0
1067,inventory,InventoryNet,USD,2014,Q1,10-Q,2014-05-21,,2014-01-26,387765000.0
1068,inventory,InventoryNet,USD,2015,Q2,10-Q,2014-08-20,,2014-01-26,387765000.0
1069,inventory,InventoryNet,USD,2015,Q3,10-Q,2014-11-19,,2014-01-26,387765000.0
1070,inventory,InventoryNet,USD,2015,FY,10-K,2015-03-12,,2014-01-26,387765000.0
1071,inventory,InventoryNet,USD,2014,Q1,10-Q,2014-05-21,,2014-04-27,393280000.0
1072,inventory,InventoryNet,USD,2015,Q2,10-Q,2014-08-20,,2014-07-27,387434000.0
1073,inventory,InventoryNet,USD,2015,Q3,10-Q,2014-11-19,,2014-10-26,408081000.0
1074,inventory,InventoryNet,USD,2015,FY,10-K,2015-03-12,,2015-01-25,482893000.0
1075,inventory,InventoryNet,USD,2016,Q1,10-Q,2015-05-20,,2015-01-25,483000000.0
1076,inventory,InventoryNet,USD,2016,Q2,10-Q,2015-08-19,,2015-01-25,483000000.0
1077,inventory,InventoryNet,USD,2016,Q3,10-Q,2015-11-18,,2015-01-25,483000000.0
1078,inventory,InventoryNet,USD,2016,FY,10-K,2016-03-17,,2015-01-25,483000000.0
1079,inventory,InventoryNet,USD,2016,Q1,10-Q,2015-05-20,,2015-04-26,438000000.0
1080,inventory,InventoryNet,USD,2016,Q2,10-Q,2015-08-19,,2015-07-26,441000000.0
1081,inventory,InventoryNet,USD,2016,Q3,10-Q,2015-11-18,,2015-10-25,425000000.0
1082,inventory,InventoryNet,USD,2016,FY,10-K,2016-03-17,,2016-01-31,418000000.0
1083,inventory,InventoryNet,USD,2017,Q1,10-Q,2016-05-25,,2016-01-31,418000000.0
1084,inventory,InventoryNet,USD,2017,Q2,10-Q,2016-08-23,,2016-01-31,418000000.0
1085,inventory,InventoryNet,USD,2017,Q3,10-Q,2016-11-22,,2016-01-31,418000000.0
1086,inventory,InventoryNet,USD,2017,FY,10-K,2017-03-01,,2016-01-31,418000000.0
1087,inventory,InventoryNet,USD,2017,Q1,10-Q,2016-05-25,,2016-05-01,394000000.0
1088,inventory,InventoryNet,USD,2017,Q2,10-Q,2016-08-23,,2016-07-31,521000000.0
1089,inventory,InventoryNet,USD,2017,Q3,10-Q,2016-11-22,,2016-10-30,679000000.0
1090,inventory,InventoryNet,USD,2017,FY,10-K,2017-03-01,,2017-01-29,794000000.0
1091,inventory,InventoryNet,USD,2018,Q1,10-Q,2017-05-23,,2017-01-29,794000000.0
1092,inventory,InventoryNet,USD,2018,Q2,10-Q,2017-08-23,,2017-01-29,794000000.0
1093,inventory,InventoryNet,USD,2018,Q3,10-Q,2017-11-21,,2017-01-29,794000000.0
1094,inventory,InventoryNet,USD,2018,FY,10-K,2018-02-28,,2017-01-29,794000000.0
1095,inventory,InventoryNet,USD,2018,Q1,10-Q,2017-05-23,,2017-04-30,821000000.0
1096,inventory,InventoryNet,USD,2018,Q2,10-Q,2017-08-23,,2017-07-30,855000000.0
1097,inventory,InventoryNet,USD,2018,Q3,10-Q,2017-11-21,,2017-10-29,857000000.0
1098,inventory,InventoryNet,USD,2018,FY,10-K,2018-02-28,,2018-01-28,796000000.0
1099,inventory,InventoryNet,USD,2019,Q1,10-Q,2018-05-22,,2018-01-28,796000000.0
1100,inventory,InventoryNet,USD,2019,Q2,10-Q,2018-08-16,,2018-01-28,796000000.0
1101,inventory,InventoryNet,USD,2019,Q3,10-Q,2018-11-15,,2018-01-28,796000000.0
1102,inventory,InventoryNet,USD,2019,FY,10-K,2019-02-21,,2018-01-28,796000000.0
1103,inventory,InventoryNet,USD,2019,Q1,10-Q,2018-05-22,,2018-04-29,797000000.0
1104,inventory,InventoryNet,USD,2019,Q2,10-Q,2018-08-16,,2018-07-29,1090000000.0
1105,inventory,InventoryNet,USD,2019,Q3,10-Q,2018-11-15,,2018-10-28,1417000000.0
1106,inventory,InventoryNet,USD,2019,FY,10-K,2019-02-21,,2019-01-27,1575000000.0
1107,inventory,InventoryNet,USD,2020,Q1,10-Q,2019-05-16,,2019-01-27,1575000000.0
1108,inventory,InventoryNet,USD,2020,Q2,10-Q,2019-08-15,,2019-01-27,1575000000.0
1109,inventory,InventoryNet,USD,2020,Q3,10-Q,2019-11-14,,2019-01-27,1575000000.0
1110,inventory,InventoryNet,USD,2020,FY,10-K,2020-02-20,,2019-01-27,1575000000.0
1111,inventory,InventoryNet,USD,2020,Q1,10-Q,2019-05-16,,2019-04-28,1426000000.0
1112,inventory,InventoryNet,USD,2020,Q2,10-Q,2019-08-15,,2019-07-28,1204000000.0
1113,inventory,InventoryNet,USD,2020,Q3,10-Q,2019-11-14,,2019-10-27,1047000000.0
1114,inventory,InventoryNet,USD,2020,FY,10-K,2020-02-20,,2020-01-26,979000000.0
1115,inventory,InventoryNet,USD,2020,Q1,10-Q,2020-05-21,,2020-01-26,979000000.0
1116,inventory,InventoryNet,USD,2020,Q2,10-Q,2020-08-19,,2020-01-26,979000000.0
1117,inventory,InventoryNet,USD,2021,Q3,10-Q,2020-11-18,,2020-01-26,979000000.0
1118,inventory,InventoryNet,USD,2021,FY,10-K,2021-02-26,,2020-01-26,979000000.0
1119,inventory,InventoryNet,USD,2020,Q1,10-Q,2020-05-21,,2020-04-26,1128000000.0
1120,inventory,InventoryNet,USD,2020,Q2,10-Q,2020-08-19,,2020-07-26,1401000000.0
1121,inventory,InventoryNet,USD,2021,Q3,10-Q,2020-11-18,,2020-10-25,1495000000.0
1122,inventory,InventoryNet,USD,2021,FY,10-K,2021-02-26,,2021-01-31,1826000000.0
1123,inventory,InventoryNet,USD,2022,Q1,10-Q,2021-05-26,,2021-01-31,1826000000.0
1124,inventory,InventoryNet,USD,2022,Q2,10-Q,2021-08-20,,2021-01-31,1826000000.0
1125,inventory,InventoryNet,USD,2022,Q3,10-Q,2021-11-22,,2021-01-31,1826000000.0
1126,inventory,InventoryNet,USD,2022,FY,10-K,2022-03-18,,2021-01-31,1826000000.0
1127,inventory,InventoryNet,USD,2022,Q1,10-Q,2021-05-26,,2021-05-02,1992000000.0
1128,inventory,InventoryNet,USD,2022,Q2,10-Q,2021-08-20,,2021-08-01,2114000000.0
1129,inventory,InventoryNet,USD,2022,Q3,10-Q,2021-11-22,,2021-10-31,2233000000.0
1130,inventory,InventoryNet,USD,2022,FY,10-K,2022-03-18,,2022-01-30,2605000000.0
1131,inventory,InventoryNet,USD,2023,Q1,10-Q,2022-05-27,,2022-01-30,2605000000.0
1132,inventory,InventoryNet,USD,2023,Q2,10-Q,2022-08-31,,2022-01-30,2605000000.0
1133,inventory,InventoryNet,USD,2023,Q3,10-Q,2022-11-18,,2022-01-30,2605000000.0
1134,inventory,InventoryNet,USD,2023,FY,10-K,2023-02-24,,2022-01-30,2605000000.0
1135,inventory,InventoryNet,USD,2023,Q1,10-Q,2022-05-27,,2022-05-01,3163000000.0
1136,inventory,InventoryNet,USD,2023,Q2,10-Q,2022-08-31,,2022-07-31,3889000000.0
1137,inventory,InventoryNet,USD,2023,Q3,10-Q,2022-11-18,,2022-10-30,4454000000.0
1138,inventory,InventoryNet,USD,2023,FY,10-K,2023-02-24,,2023-01-29,5159000000.0
1139,inventory,InventoryNet,USD,2024,Q1,10-Q,2023-05-26,,2023-01-29,5159000000.0
1140,inventory,InventoryNet,USD,2024,Q2,10-Q,2023-08-28,,2023-01-29,5159000000.0
1141,inventory,InventoryNet,USD,2024,Q3,10-Q,2023-11-21,,2023-01-29,5159000000.0
1142,inventory,InventoryNet,USD,2024,FY,10-K,2024-02-21,,2023-01-29,5159000000.0
1143,inventory,InventoryNet,USD,2024,Q1,10-Q,2023-05-26,,2023-04-30,4611000000.0
1144,inventory,InventoryNet,USD,2024,Q2,10-Q,2023-08-28,,2023-07-30,4319000000.0
1145,inventory,InventoryNet,USD,2024,Q3,10-Q,2023-11-21,,2023-10-29,4779000000.0
1146,inventory,InventoryNet,USD,2024,FY,10-K,2024-02-21,,2024-01-28,5282000000.0
1147,inventory,InventoryNet,USD,2025,Q1,10-Q,2024-05-29,,2024-01-28,5282000000.0
1148,inventory,InventoryNet,USD,2025,Q2,10-Q,2024-08-28,,2024-01-28,5282000000.0
1149,inventory,InventoryNet,USD,2025,Q3,10-Q,2024-11-20,,2024-01-28,5282000000.0
1150,inventory,InventoryNet,USD,2025,FY,10-K,2025-02-26,,2024-01-28,5282000000.0
1151,inventory,InventoryNet,USD,2025,Q1,10-Q,2024-05-29,,2024-04-28,5864000000.0
1152,inventory,InventoryNet,USD,2025,Q2,10-Q,2024-08-28,,2024-07-28,6675000000.0
1153,inventory,InventoryNet,USD,2025,Q3,10-Q,2024-11-20,,2024-10-27,7654000000.0
1154,inventory,InventoryNet,USD,2025,FY,10-K,2025-02-26,,2025-01-26,10080000000.0
1155,inventory,InventoryNet,USD,2026,Q1,10-Q,2025-05-28,,2025-01-26,10080000000.0
1156,inventory,InventoryNet,USD,2026,Q2,10-Q,2025-08-27,,2025-01-26,10080000000.0
1157,inventory,InventoryNet,USD,2026,Q3,10-Q,2025-11-19,,2025-01-26,10080000000.0
1158,inventory,InventoryNet,USD,2026,FY,10-K,2026-02-25,,2025-01-26,10080000000.0
1159,inventory,InventoryNet,USD,2026,Q1,10-Q,2025-05-28,,2025-04-27,11333000000.0
1160,inventory,InventoryNet,USD,2026,Q2,10-Q,2025-08-27,,2025-07-27,14962000000.0
1161,inventory,InventoryNet,USD,2026,Q3,10-Q,2025-11-19,,2025-10-26,19784000000.0
1162,inventory,InventoryNet,USD,2026,FY,10-K,2026-02-25,,2026-01-25,21403000000.0
1163,liabilities,Liabilities,USD,2016,FY,10-K,2016-03-17,,2015-01-25,2783000000.0
1164,liabilities,Liabilities,USD,2016,FY,10-K,2016-03-17,,2016-01-31,2814000000.0
1165,liabilities,Liabilities,USD,2017,Q1,10-Q,2016-05-25,,2016-01-31,2814000000.0
1166,liabilities,Liabilities,USD,2017,Q2,10-Q,2016-08-23,,2016-01-31,2814000000.0
1167,liabilities,Liabilities,USD,2017,Q3,10-Q,2016-11-22,,2016-01-31,2814000000.0
1168,liabilities,Liabilities,USD,2017,FY,10-K,2017-03-01,,2016-01-31,2814000000.0
1169,liabilities,Liabilities,USD,2017,Q1,10-Q,2016-05-25,,2016-05-01,2833000000.0
1170,liabilities,Liabilities,USD,2017,Q2,10-Q,2016-08-23,,2016-07-31,2909000000.0
1171,liabilities,Liabilities,USD,2017,Q3,10-Q,2016-11-22,,2016-10-30,4243000000.0
1172,liabilities,Liabilities,USD,2017,FY,10-K,2017-03-01,,2017-01-29,4048000000.0
1173,liabilities,Liabilities,USD,2018,Q1,10-Q,2017-05-23,,2017-01-29,4048000000.0
1174,liabilities,Liabilities,USD,2018,Q2,10-Q,2017-08-23,,2017-01-29,4048000000.0
1175,liabilities,Liabilities,USD,2018,Q3,10-Q,2017-11-21,,2017-01-29,4048000000.0
1176,liabilities,Liabilities,USD,2018,FY,10-K,2018-02-28,,2017-01-29,4048000000.0
1177,liabilities,Liabilities,USD,2018,Q1,10-Q,2017-05-23,,2017-04-30,3271000000.0
1178,liabilities,Liabilities,USD,2018,Q2,10-Q,2017-08-23,,2017-07-30,3427000000.0
1179,liabilities,Liabilities,USD,2018,Q3,10-Q,2017-11-21,,2017-10-29,3477000000.0
1180,liabilities,Liabilities,USD,2018,FY,10-K,2018-02-28,,2018-01-28,3770000000.0
1181,liabilities,Liabilities,USD,2019,Q1,10-Q,2018-05-22,,2018-01-28,3770000000.0
1182,liabilities,Liabilities,USD,2019,Q2,10-Q,2018-08-16,,2018-01-28,3770000000.0
1183,liabilities,Liabilities,USD,2019,Q3,10-Q,2018-11-15,,2018-01-28,3770000000.0
1184,liabilities,Liabilities,USD,2019,FY,10-K,2019-02-21,,2018-01-28,3770000000.0
1185,liabilities,Liabilities,USD,2019,Q1,10-Q,2018-05-22,,2018-04-29,3743000000.0
1186,liabilities,Liabilities,USD,2019,Q2,10-Q,2018-08-16,,2018-07-29,4087000000.0
1187,liabilities,Liabilities,USD,2019,Q3,10-Q,2018-11-15,,2018-10-28,4182000000.0
1188,liabilities,Liabilities,USD,2019,FY,10-K,2019-02-21,,2019-01-27,3950000000.0
1189,liabilities,Liabilities,USD,2020,Q1,10-Q,2019-05-16,,2019-01-27,3950000000.0
1190,liabilities,Liabilities,USD,2020,Q2,10-Q,2019-08-15,,2019-01-27,3950000000.0
1191,liabilities,Liabilities,USD,2020,Q3,10-Q,2019-11-14,,2019-01-27,3950000000.0
1192,liabilities,Liabilities,USD,2020,FY,10-K,2020-02-20,,2019-01-27,3950000000.0
1193,liabilities,Liabilities,USD,2020,Q1,10-Q,2019-05-16,,2019-04-28,4317000000.0
1194,liabilities,Liabilities,USD,2020,Q2,10-Q,2019-08-15,,2019-07-28,4439000000.0
1195,liabilities,Liabilities,USD,2020,Q3,10-Q,2019-11-14,,2019-10-27,4596000000.0
1196,liabilities,Liabilities,USD,2020,FY,10-K,2020-02-20,,2020-01-26,5111000000.0
1197,liabilities,Liabilities,USD,2020,Q1,10-Q,2020-05-21,,2020-01-26,5111000000.0
1198,liabilities,Liabilities,USD,2020,Q2,10-Q,2020-08-19,,2020-01-26,5111000000.0
1199,liabilities,Liabilities,USD,2021,Q3,10-Q,2020-11-18,,2020-01-26,5111000000.0
1200,liabilities,Liabilities,USD,2021,FY,10-K,2021-02-26,,2020-01-26,5111000000.0
1201,liabilities,Liabilities,USD,2020,Q1,10-Q,2020-05-21,,2020-04-26,10155000000.0
1202,liabilities,Liabilities,USD,2020,Q2,10-Q,2020-08-19,,2020-07-26,11266000000.0
1203,liabilities,Liabilities,USD,2021,Q3,10-Q,2020-11-18,,2020-10-25,11547000000.0
1204,liabilities,Liabilities,USD,2021,FY,10-K,2021-02-26,,2021-01-31,11898000000.0
1205,liabilities,Liabilities,USD,2022,Q1,10-Q,2021-05-26,,2021-01-31,11898000000.0
1206,liabilities,Liabilities,USD,2022,Q2,10-Q,2021-08-20,,2021-01-31,11898000000.0
1207,liabilities,Liabilities,USD,2022,Q3,10-Q,2021-11-22,,2021-01-31,11898000000.0
1208,liabilities,Liabilities,USD,2022,FY,10-K,2022-03-18,,2021-01-31,11898000000.0
1209,liabilities,Liabilities,USD,2022,Q1,10-Q,2021-05-26,,2021-05-02,12022000000.0
1210,liabilities,Liabilities,USD,2022,Q2,10-Q,2021-08-20,,2021-08-01,17503000000.0
1211,liabilities,Liabilities,USD,2022,Q3,10-Q,2021-11-22,,2021-10-31,16834000000.0
1212,liabilities,Liabilities,USD,2022,FY,10-K,2022-03-18,,2022-01-30,17575000000.0
1213,liabilities,Liabilities,USD,2023,Q1,10-Q,2022-05-27,,2022-01-30,17575000000.0
1214,liabilities,Liabilities,USD,2023,Q2,10-Q,2022-08-31,,2022-01-30,17575000000.0
1215,liabilities,Liabilities,USD,2023,Q3,10-Q,2022-11-18,,2022-01-30,17575000000.0
1216,liabilities,Liabilities,USD,2023,FY,10-K,2023-02-24,,2022-01-30,17575000000.0
1217,liabilities,Liabilities,USD,2023,Q1,10-Q,2022-05-27,,2022-05-01,18892000000.0
1218,liabilities,Liabilities,USD,2023,Q2,10-Q,2022-08-31,,2022-07-31,19625000000.0
1219,liabilities,Liabilities,USD,2023,Q3,10-Q,2022-11-18,,2022-10-30,19139000000.0
1220,liabilities,Liabilities,USD,2023,FY,10-K,2023-02-24,,2023-01-29,19081000000.0
1221,liabilities,Liabilities,USD,2024,Q1,10-Q,2023-05-26,,2023-01-29,19081000000.0
1222,liabilities,Liabilities,USD,2024,Q2,10-Q,2023-08-28,,2023-01-29,19081000000.0
1223,liabilities,Liabilities,USD,2024,Q3,10-Q,2023-11-21,,2023-01-29,19081000000.0
1224,liabilities,Liabilities,USD,2024,FY,10-K,2024-02-21,,2023-01-29,19081000000.0
1225,liabilities,Liabilities,USD,2024,Q1,10-Q,2023-05-26,,2023-04-30,19940000000.0
1226,liabilities,Liabilities,USD,2024,Q2,10-Q,2023-08-28,,2023-07-30,22054000000.0
1227,liabilities,Liabilities,USD,2024,Q3,10-Q,2023-11-21,,2023-10-29,20883000000.0
1228,liabilities,Liabilities,USD,2024,FY,10-K,2024-02-21,,2024-01-28,22750000000.0
1229,liabilities,Liabilities,USD,2025,Q1,10-Q,2024-05-29,,2024-01-28,22750000000.0
1230,liabilities,Liabilities,USD,2025,Q2,10-Q,2024-08-28,,2024-01-28,22750000000.0
1231,liabilities,Liabilities,USD,2025,Q3,10-Q,2024-11-20,,2024-01-28,22750000000.0
1232,liabilities,Liabilities,USD,2025,FY,10-K,2025-02-26,,2024-01-28,22750000000.0
1233,liabilities,Liabilities,USD,2025,Q1,10-Q,2024-05-29,,2024-04-28,27930000000.0
1234,liabilities,Liabilities,USD,2025,Q2,10-Q,2024-08-28,,2024-07-28,27070000000.0
1235,liabilities,Liabilities,USD,2025,Q3,10-Q,2024-11-20,,2024-10-27,30114000000.0
1236,liabilities,Liabilities,USD,2025,FY,10-K,2025-02-26,,2025-01-26,32274000000.0
1237,liabilities,Liabilities,USD,2026,Q1,10-Q,2025-05-28,,2025-01-26,32274000000.0
1238,liabilities,Liabilities,USD,2026,Q2,10-Q,2025-08-27,,2025-01-26,32274000000.0
1239,liabilities,Liabilities,USD,2026,Q3,10-Q,2025-11-19,,2025-01-26,32274000000.0
1240,liabilities,Liabilities,USD,2026,FY,10-K,2026-02-25,,2025-01-26,32274000000.0
1241,liabilities,Liabilities,USD,2026,Q1,10-Q,2025-05-28,,2025-04-27,41411000000.0
1242,liabilities,Liabilities,USD,2026,Q2,10-Q,2025-08-27,,2025-07-27,40609000000.0
1243,liabilities,Liabilities,USD,2026,Q3,10-Q,2025-11-19,,2025-10-26,42251000000.0
1244,liabilities,Liabilities,USD,2026,FY,10-K,2026-02-25,,2026-01-25,49510000000.0
1245,net_income,NetIncomeLoss,USD,2010,FY,10-K,2010-03-18,2007-01-29,2008-01-27,797645000.0
1246,net_income,NetIncomeLoss,USD,2009,Q2,10-Q,2009-08-20,2008-01-25,2008-07-27,55876000.0
1247,net_income,NetIncomeLoss,USD,2009,Q2,10-Q,2009-08-20,2008-04-27,2008-07-27,-120929000.0
1248,net_income,NetIncomeLoss,USD,2009,Q3,10-Q,2009-11-19,2008-01-28,2008-10-26,117624000.0
1249,net_income,NetIncomeLoss,USD,2009,Q3,10-Q,2009-11-19,2008-07-28,2008-10-26,61748000.0
1250,net_income,NetIncomeLoss,USD,2010,FY,10-K,2010-03-18,2008-01-28,2009-01-25,-30041000.0
1251,net_income,NetIncomeLoss,USD,2010,FY,10-K,2011-03-16,2008-01-28,2009-01-25,-30041000.0
1252,net_income,NetIncomeLoss,USD,2010,Q2,10-Q,2010-05-21,2009-01-26,2009-04-26,-201338000.0
1253,net_income,NetIncomeLoss,USD,2010,FY,10-K,2011-03-16,2009-01-26,2009-04-26,-201338000.0
1254,net_income,NetIncomeLoss,USD,2009,Q2,10-Q,2009-08-20,2009-01-25,2009-07-26,-306640000.0
1255,net_income,NetIncomeLoss,USD,2009,Q2,10-Q,2009-08-20,2009-04-27,2009-07-26,-105302000.0
1256,net_income,NetIncomeLoss,USD,2010,Q3,10-Q,2010-08-30,2009-01-26,2009-07-26,-306640000.0
1257,net_income,NetIncomeLoss,USD,2010,Q3,10-Q,2010-08-30,2009-04-27,2009-07-26,-105302000.0
1258,net_income,NetIncomeLoss,USD,2010,FY,10-K,2011-03-16,2009-04-27,2009-07-26,-105302000.0
1259,net_income,NetIncomeLoss,USD,2009,Q3,10-Q,2009-11-19,2009-01-26,2009-10-25,-199063000.0
1260,net_income,NetIncomeLoss,USD,2009,Q3,10-Q,2009-11-19,2009-07-27,2009-10-25,107577000.0
1261,net_income,NetIncomeLoss,USD,2010,Q3,10-Q,2010-12-07,2009-01-26,2009-10-25,-199063000.0
1262,net_income,NetIncomeLoss,USD,2010,Q3,10-Q,2010-12-07,2009-07-27,2009-10-25,107577000.0
1263,net_income,NetIncomeLoss,USD,2010,FY,10-K,2011-03-16,2009-07-27,2009-10-25,107577000.0
1264,net_income,NetIncomeLoss,USD,2010,FY,10-K,2010-03-18,2009-01-26,2010-01-31,-67987000.0
1265,net_income,NetIncomeLoss,USD,2010,FY,10-K,2011-03-16,2009-01-26,2010-01-31,-67987000.0
1266,net_income,NetIncomeLoss,USD,2010,FY,10-K,2011-03-16,2009-10-26,2010-01-31,131076000.0
1267,net_income,NetIncomeLoss,USD,2011,FY,10-K,2012-03-13,2009-01-26,2010-01-31,-67987000.0
1268,net_income,NetIncomeLoss,USD,2010,Q2,10-Q,2010-05-21,2010-02-01,2010-05-02,137594000.0
1269,net_income,NetIncomeLoss,USD,2010,FY,10-K,2011-03-16,2010-02-01,2010-05-02,137594000.0
1270,net_income,NetIncomeLoss,USD,2011,Q1,10-Q,2011-05-27,2010-02-01,2010-05-02,137594000.0
1271,net_income,NetIncomeLoss,USD,2011,FY,10-K,2012-03-13,2010-02-01,2010-05-02,137594000.0
1272,net_income,NetIncomeLoss,USD,2011,FY,10-K,2012-03-13,2010-05-03,2010-07-31,-140961000.0
1273,net_income,NetIncomeLoss,USD,2010,Q3,10-Q,2010-08-30,2010-02-01,2010-08-01,-3367000.0
1274,net_income,NetIncomeLoss,USD,2010,Q3,10-Q,2010-08-30,2010-05-03,2010-08-01,-140961000.0
1275,net_income,NetIncomeLoss,USD,2010,FY,10-K,2011-03-16,2010-05-03,2010-08-01,-140961000.0
1276,net_income,NetIncomeLoss,USD,2011,Q2,10-Q,2011-08-25,2010-02-01,2010-08-01,-3367000.0
1277,net_income,NetIncomeLoss,USD,2011,Q2,10-Q,2011-08-25,2010-05-03,2010-08-01,-140961000.0
1278,net_income,NetIncomeLoss,USD,2010,Q3,10-Q,2010-12-07,2010-02-01,2010-10-31,81495000.0
1279,net_income,NetIncomeLoss,USD,2010,Q3,10-Q,2010-12-07,2010-08-02,2010-10-31,84862000.0
1280,net_income,NetIncomeLoss,USD,2010,FY,10-K,2011-03-16,2010-08-02,2010-10-31,84862000.0
1281,net_income,NetIncomeLoss,USD,2011,Q3,10-Q,2011-11-22,2010-02-01,2010-10-31,81495000.0
1282,net_income,NetIncomeLoss,USD,2011,Q3,10-Q,2011-11-22,2010-08-02,2010-10-31,84862000.0
1283,net_income,NetIncomeLoss,USD,2011,FY,10-K,2012-03-13,2010-08-02,2010-10-31,84862000.0
1284,net_income,NetIncomeLoss,USD,2010,FY,10-K,2011-03-16,2010-02-01,2011-01-30,253146000.0
1285,net_income,NetIncomeLoss,USD,2010,FY,10-K,2011-03-16,2010-11-01,2011-01-30,171651000.0
1286,net_income,NetIncomeLoss,USD,2011,FY,10-K,2012-03-13,2010-02-01,2011-01-30,253146000.0
1287,net_income,NetIncomeLoss,USD,2011,FY,10-K,2012-03-13,2010-11-01,2011-01-30,171651000.0
1288,net_income,NetIncomeLoss,USD,2012,FY,10-K,2013-03-12,2010-02-01,2011-01-30,253146000.0
1289,net_income,NetIncomeLoss,USD,2011,Q1,10-Q,2011-05-27,2011-01-31,2011-05-01,135219000.0
1290,net_income,NetIncomeLoss,USD,2011,FY,10-K,2012-03-13,2011-01-31,2011-05-01,135219000.0
1291,net_income,NetIncomeLoss,USD,2012,Q1,10-Q,2012-05-23,2011-01-31,2011-05-01,135219000.0
1292,net_income,NetIncomeLoss,USD,2012,FY,10-K,2013-03-12,2011-01-31,2011-05-01,135219000.0
1293,net_income,NetIncomeLoss,USD,2011,Q2,10-Q,2011-08-25,2011-01-31,2011-07-31,286792000.0
1294,net_income,NetIncomeLoss,USD,2011,Q2,10-Q,2011-08-25,2011-05-02,2011-07-31,151573000.0
1295,net_income,NetIncomeLoss,USD,2011,FY,10-K,2012-03-13,2011-05-02,2011-07-31,151573000.0
1296,net_income,NetIncomeLoss,USD,2012,Q2,10-Q,2012-08-22,2011-01-31,2011-07-31,286792000.0
1297,net_income,NetIncomeLoss,USD,2012,Q2,10-Q,2012-08-22,2011-05-02,2011-07-31,151573000.0
1298,net_income,NetIncomeLoss,USD,2012,FY,10-K,2013-03-12,2011-05-02,2011-07-31,151573000.0
1299,net_income,NetIncomeLoss,USD,2011,Q3,10-Q,2011-11-22,2011-01-31,2011-10-30,465065000.0
1300,net_income,NetIncomeLoss,USD,2011,Q3,10-Q,2011-11-22,2011-08-01,2011-10-30,178273000.0
1301,net_income,NetIncomeLoss,USD,2011,FY,10-K,2012-03-13,2011-08-01,2011-10-30,178273000.0
1302,net_income,NetIncomeLoss,USD,2012,Q3,10-Q,2012-11-19,2011-01-31,2011-10-30,465065000.0
1303,net_income,NetIncomeLoss,USD,2012,Q3,10-Q,2012-11-19,2011-08-01,2011-10-30,178273000.0
1304,net_income,NetIncomeLoss,USD,2012,FY,10-K,2013-03-12,2011-08-01,2011-10-30,178273000.0
1305,net_income,NetIncomeLoss,USD,2011,FY,10-K,2012-03-13,2011-01-31,2012-01-29,581090000.0
1306,net_income,NetIncomeLoss,USD,2011,FY,10-K,2012-03-13,2011-10-31,2012-01-29,116025000.0
1307,net_income,NetIncomeLoss,USD,2012,FY,10-K,2013-03-12,2011-01-31,2012-01-29,581090000.0
1308,net_income,NetIncomeLoss,USD,2012,FY,10-K,2013-03-12,2011-10-31,2012-01-29,116025000.0
1309,net_income,NetIncomeLoss,USD,2013,FY,10-K,2014-03-13,2011-01-31,2012-01-29,581090000.0
1310,net_income,NetIncomeLoss,USD,2012,Q1,10-Q,2012-05-23,2012-01-30,2012-04-29,60437000.0
1311,net_income,NetIncomeLoss,USD,2012,FY,10-K,2013-03-12,2012-01-30,2012-04-29,60437000.0
1312,net_income,NetIncomeLoss,USD,2013,Q1,10-Q,2013-05-22,2012-01-30,2012-04-29,60437000.0
1313,net_income,NetIncomeLoss,USD,2013,FY,10-K,2014-03-13,2012-01-30,2012-04-29,60437000.0
1314,net_income,NetIncomeLoss,USD,2012,Q2,10-Q,2012-08-22,2012-01-30,2012-07-29,179483000.0
1315,net_income,NetIncomeLoss,USD,2012,Q2,10-Q,2012-08-22,2012-04-30,2012-07-29,119046000.0
1316,net_income,NetIncomeLoss,USD,2012,FY,10-K,2013-03-12,2012-04-30,2012-07-29,119046000.0
1317,net_income,NetIncomeLoss,USD,2013,Q2,10-Q,2013-08-21,2012-01-30,2012-07-29,179483000.0
1318,net_income,NetIncomeLoss,USD,2013,Q2,10-Q,2013-08-21,2012-04-30,2012-07-29,119046000.0
1319,net_income,NetIncomeLoss,USD,2013,FY,10-K,2014-03-13,2012-04-30,2012-07-29,119046000.0
1320,net_income,NetIncomeLoss,USD,2012,Q3,10-Q,2012-11-19,2012-01-30,2012-10-28,388563000.0
1321,net_income,NetIncomeLoss,USD,2012,Q3,10-Q,2012-11-19,2012-07-30,2012-10-28,209080000.0
1322,net_income,NetIncomeLoss,USD,2012,FY,10-K,2013-03-12,2012-07-30,2012-10-28,209080000.0
1323,net_income,NetIncomeLoss,USD,2013,Q3,10-Q,2013-11-19,2012-01-30,2012-10-28,388563000.0
1324,net_income,NetIncomeLoss,USD,2013,Q3,10-Q,2013-11-19,2012-07-30,2012-10-28,209080000.0
1325,net_income,NetIncomeLoss,USD,2013,FY,10-K,2014-03-13,2012-07-30,2012-10-28,209080000.0
1326,net_income,NetIncomeLoss,USD,2012,FY,10-K,2013-03-12,2012-01-30,2013-01-27,562536000.0
1327,net_income,NetIncomeLoss,USD,2012,FY,10-K,2013-03-12,2012-10-29,2013-01-27,173973000.0
1328,net_income,NetIncomeLoss,USD,2013,FY,10-K,2014-03-13,2012-01-30,2013-01-27,562536000.0
1329,net_income,NetIncomeLoss,USD,2013,FY,10-K,2014-03-13,2012-10-29,2013-01-27,173973000.0
1330,net_income,NetIncomeLoss,USD,2015,FY,10-K,2015-03-12,2012-01-30,2013-01-27,562536000.0
1331,net_income,NetIncomeLoss,USD,2013,Q1,10-Q,2013-05-22,2013-01-28,2013-04-28,77891000.0
1332,net_income,NetIncomeLoss,USD,2013,FY,10-K,2014-03-13,2013-01-28,2013-04-28,77891000.0
1333,net_income,NetIncomeLoss,USD,2014,Q1,10-Q,2014-05-21,2013-01-28,2013-04-28,77891000.0
1334,net_income,NetIncomeLoss,USD,2015,FY,10-K,2015-03-12,2013-01-28,2013-04-28,77891000.0
1335,net_income,NetIncomeLoss,USD,2013,Q2,10-Q,2013-08-21,2013-01-28,2013-07-28,174339000.0
1336,net_income,NetIncomeLoss,USD,2013,Q2,10-Q,2013-08-21,2013-04-29,2013-07-28,96448000.0
1337,net_income,NetIncomeLoss,USD,2013,FY,10-K,2014-03-13,2013-04-29,2013-07-28,96448000.0
1338,net_income,NetIncomeLoss,USD,2015,Q2,10-Q,2014-08-20,2013-01-28,2013-07-28,174339000.0
1339,net_income,NetIncomeLoss,USD,2015,Q2,10-Q,2014-08-20,2013-04-29,2013-07-28,96448000.0
1340,net_income,NetIncomeLoss,USD,2015,FY,10-K,2015-03-12,2013-04-29,2013-07-28,96448000.0
1341,net_income,NetIncomeLoss,USD,2013,Q3,10-Q,2013-11-19,2013-01-28,2013-10-27,293073000.0
1342,net_income,NetIncomeLoss,USD,2013,Q3,10-Q,2013-11-19,2013-07-29,2013-10-27,118734000.0
1343,net_income,NetIncomeLoss,USD,2013,FY,10-K,2014-03-13,2013-07-29,2013-10-27,118734000.0
1344,net_income,NetIncomeLoss,USD,2015,Q3,10-Q,2014-11-19,2013-01-28,2013-10-27,293073000.0
1345,net_income,NetIncomeLoss,USD,2015,Q3,10-Q,2014-11-19,2013-07-29,2013-10-27,118734000.0
1346,net_income,NetIncomeLoss,USD,2015,FY,10-K,2015-03-12,2013-07-29,2013-10-27,118734000.0
1347,net_income,NetIncomeLoss,USD,2013,FY,10-K,2014-03-13,2013-01-28,2014-01-26,439990000.0
1348,net_income,NetIncomeLoss,USD,2013,FY,10-K,2014-03-13,2013-10-28,2014-01-26,146917000.0
1349,net_income,NetIncomeLoss,USD,2015,FY,10-K,2015-03-12,2013-01-28,2014-01-26,439990000.0
1350,net_income,NetIncomeLoss,USD,2015,FY,10-K,2015-03-12,2013-10-28,2014-01-26,146917000.0
1351,net_income,NetIncomeLoss,USD,2016,FY,10-K,2016-03-17,2013-01-28,2014-01-26,440000000.0
1352,net_income,NetIncomeLoss,USD,2014,Q1,10-Q,2014-05-21,2014-01-27,2014-04-27,136516000.0
1353,net_income,NetIncomeLoss,USD,2015,FY,10-K,2015-03-12,2014-01-27,2014-04-27,136516000.0
1354,net_income,NetIncomeLoss,USD,2016,Q1,10-Q,2015-05-20,2014-01-27,2014-04-27,137000000.0
1355,net_income,NetIncomeLoss,USD,2016,FY,10-K,2016-03-17,2014-01-27,2014-04-27,137000000.0
1356,net_income,NetIncomeLoss,USD,2015,Q2,10-Q,2014-08-20,2014-01-27,2014-07-27,264492000.0
1357,net_income,NetIncomeLoss,USD,2015,Q2,10-Q,2014-08-20,2014-04-28,2014-07-27,127976000.0
1358,net_income,NetIncomeLoss,USD,2015,FY,10-K,2015-03-12,2014-04-28,2014-07-27,127976000.0
1359,net_income,NetIncomeLoss,USD,2016,Q2,10-Q,2015-08-19,2014-01-27,2014-07-27,265000000.0
1360,net_income,NetIncomeLoss,USD,2016,Q2,10-Q,2015-08-19,2014-04-28,2014-07-27,128000000.0
1361,net_income,NetIncomeLoss,USD,2016,FY,10-K,2016-03-17,2014-04-28,2014-07-27,128000000.0
1362,net_income,NetIncomeLoss,USD,2015,Q3,10-Q,2014-11-19,2014-01-27,2014-10-26,437459000.0
1363,net_income,NetIncomeLoss,USD,2015,Q3,10-Q,2014-11-19,2014-07-28,2014-10-26,172967000.0
1364,net_income,NetIncomeLoss,USD,2015,FY,10-K,2015-03-12,2014-07-28,2014-10-26,172967000.0
1365,net_income,NetIncomeLoss,USD,2016,Q3,10-Q,2015-11-18,2014-01-27,2014-10-26,437000000.0
1366,net_income,NetIncomeLoss,USD,2016,Q3,10-Q,2015-11-18,2014-07-28,2014-10-26,173000000.0
1367,net_income,NetIncomeLoss,USD,2016,FY,10-K,2016-03-17,2014-07-28,2014-10-26,173000000.0
1368,net_income,NetIncomeLoss,USD,2015,FY,10-K,2015-03-12,2014-01-27,2015-01-25,630587000.0
1369,net_income,NetIncomeLoss,USD,2015,FY,10-K,2015-03-12,2014-10-27,2015-01-25,193128000.0
1370,net_income,NetIncomeLoss,USD,2016,FY,10-K,2016-03-17,2014-01-27,2015-01-25,631000000.0
1371,net_income,NetIncomeLoss,USD,2016,FY,10-K,2016-03-17,2014-10-27,2015-01-25,193000000.0
1372,net_income,NetIncomeLoss,USD,2017,FY,10-K,2017-03-01,2014-01-27,2015-01-25,631000000.0
1373,net_income,NetIncomeLoss,USD,2016,Q1,10-Q,2015-05-20,2015-01-26,2015-04-26,134000000.0
1374,net_income,NetIncomeLoss,USD,2016,FY,10-K,2016-03-17,2015-01-26,2015-04-26,134000000.0
1375,net_income,NetIncomeLoss,USD,2017,Q1,10-Q,2016-05-25,2015-01-26,2015-04-26,134000000.0
1376,net_income,NetIncomeLoss,USD,2017,FY,10-K,2017-03-01,2015-01-26,2015-04-26,134000000.0
1377,net_income,NetIncomeLoss,USD,2016,Q2,10-Q,2015-08-19,2015-01-26,2015-07-26,160000000.0
1378,net_income,NetIncomeLoss,USD,2016,Q2,10-Q,2015-08-19,2015-04-27,2015-07-26,26000000.0
1379,net_income,NetIncomeLoss,USD,2016,FY,10-K,2016-03-17,2015-04-27,2015-07-26,26000000.0
1380,net_income,NetIncomeLoss,USD,2017,Q2,10-Q,2016-08-23,2015-01-26,2015-07-26,160000000.0
1381,net_income,NetIncomeLoss,USD,2017,Q2,10-Q,2016-08-23,2015-04-27,2015-07-26,26000000.0
1382,net_income,NetIncomeLoss,USD,2017,FY,10-K,2017-03-01,2015-04-27,2015-07-26,26000000.0
1383,net_income,NetIncomeLoss,USD,2016,Q3,10-Q,2015-11-18,2015-01-26,2015-10-25,406000000.0
1384,net_income,NetIncomeLoss,USD,2016,Q3,10-Q,2015-11-18,2015-07-27,2015-10-25,246000000.0
1385,net_income,NetIncomeLoss,USD,2016,FY,10-K,2016-03-17,2015-07-27,2015-10-25,247000000.0
1386,net_income,NetIncomeLoss,USD,2017,Q3,10-Q,2016-11-22,2015-01-26,2015-10-25,406000000.0
1387,net_income,NetIncomeLoss,USD,2017,Q3,10-Q,2016-11-22,2015-07-27,2015-10-25,246000000.0
1388,net_income,NetIncomeLoss,USD,2017,FY,10-K,2017-03-01,2015-07-27,2015-10-25,247000000.0
1389,net_income,NetIncomeLoss,USD,2016,FY,10-K,2016-03-17,2015-01-26,2016-01-31,614000000.0
1390,net_income,NetIncomeLoss,USD,2016,FY,10-K,2016-03-17,2015-10-26,2016-01-31,207000000.0
1391,net_income,NetIncomeLoss,USD,2017,FY,10-K,2017-03-01,2015-01-26,2016-01-31,614000000.0
1392,net_income,NetIncomeLoss,USD,2017,FY,10-K,2017-03-01,2015-10-26,2016-01-31,207000000.0
1393,net_income,NetIncomeLoss,USD,2018,FY,10-K,2018-02-28,2015-01-26,2016-01-31,614000000.0
1394,net_income,NetIncomeLoss,USD,2017,Q1,10-Q,2016-05-25,2016-02-01,2016-05-01,196000000.0
1395,net_income,NetIncomeLoss,USD,2017,Q3,10-Q,2016-11-22,2016-02-01,2016-05-01,208000000.0
1396,net_income,NetIncomeLoss,USD,2017,FY,10-K,2017-03-01,2016-02-01,2016-05-01,208000000.0
1397,net_income,NetIncomeLoss,USD,2018,Q1,10-Q,2017-05-23,2016-02-01,2016-05-01,208000000.0
1398,net_income,NetIncomeLoss,USD,2018,FY,10-K,2018-02-28,2016-02-01,2016-05-01,208000000.0
1399,net_income,NetIncomeLoss,USD,2017,Q2,10-Q,2016-08-23,2016-02-01,2016-07-31,449000000.0
1400,net_income,NetIncomeLoss,USD,2017,Q2,10-Q,2016-08-23,2016-05-02,2016-07-31,253000000.0
1401,net_income,NetIncomeLoss,USD,2017,Q3,10-Q,2016-11-22,2016-02-01,2016-07-31,469000000.0
1402,net_income,NetIncomeLoss,USD,2017,Q3,10-Q,2016-11-22,2016-05-02,2016-07-31,261000000.0
1403,net_income,NetIncomeLoss,USD,2017,FY,10-K,2017-03-01,2016-02-01,2016-07-31,469000000.0
1404,net_income,NetIncomeLoss,USD,2017,FY,10-K,2017-03-01,2016-05-02,2016-07-31,261000000.0
1405,net_income,NetIncomeLoss,USD,2018,Q2,10-Q,2017-08-23,2016-02-01,2016-07-31,469000000.0
1406,net_income,NetIncomeLoss,USD,2018,Q2,10-Q,2017-08-23,2016-05-02,2016-07-31,261000000.0
1407,net_income,NetIncomeLoss,USD,2018,FY,10-K,2018-02-28,2016-05-02,2016-07-31,261000000.0
1408,net_income,NetIncomeLoss,USD,2017,Q3,10-Q,2016-11-22,2016-02-01,2016-10-30,1012000000.0
1409,net_income,NetIncomeLoss,USD,2017,Q3,10-Q,2016-11-22,2016-08-01,2016-10-30,542000000.0
1410,net_income,NetIncomeLoss,USD,2017,FY,10-K,2017-03-01,2016-08-01,2016-10-30,542000000.0
1411,net_income,NetIncomeLoss,USD,2018,Q3,10-Q,2017-11-21,2016-02-01,2016-10-30,1012000000.0
1412,net_income,NetIncomeLoss,USD,2018,Q3,10-Q,2017-11-21,2016-08-01,2016-10-30,542000000.0
1413,net_income,NetIncomeLoss,USD,2018,FY,10-K,2018-02-28,2016-08-01,2016-10-30,542000000.0
1414,net_income,NetIncomeLoss,USD,2017,FY,10-K,2017-03-01,2016-02-01,2017-01-29,1666000000.0
1415,net_income,NetIncomeLoss,USD,2017,FY,10-K,2017-03-01,2016-10-31,2017-01-29,655000000.0
1416,net_income,NetIncomeLoss,USD,2018,FY,10-K,2018-02-28,2016-02-01,2017-01-29,1666000000.0
1417,net_income,NetIncomeLoss,USD,2018,FY,10-K,2018-02-28,2016-10-31,2017-01-29,655000000.0
1418,net_income,NetIncomeLoss,USD,2019,FY,10-K,2019-02-21,2016-02-01,2017-01-29,1666000000.0
1419,net_income,NetIncomeLoss,USD,2018,Q1,10-Q,2017-05-23,2017-01-30,2017-04-30,507000000.0
1420,net_income,NetIncomeLoss,USD,2018,FY,10-K,2018-02-28,2017-01-30,2017-04-30,507000000.0
1421,net_income,NetIncomeLoss,USD,2019,Q1,10-Q,2018-05-22,2017-01-30,2017-04-30,507000000.0
1422,net_income,NetIncomeLoss,USD,2019,FY,10-K,2019-02-21,2017-01-30,2017-04-30,507000000.0
1423,net_income,NetIncomeLoss,USD,2018,Q2,10-Q,2017-08-23,2017-01-30,2017-07-30,1091000000.0
1424,net_income,NetIncomeLoss,USD,2018,Q2,10-Q,2017-08-23,2017-05-01,2017-07-30,583000000.0
1425,net_income,NetIncomeLoss,USD,2018,FY,10-K,2018-02-28,2017-01-30,2017-07-30,583000000.0
1426,net_income,NetIncomeLoss,USD,2019,Q2,10-Q,2018-08-16,2017-01-30,2017-07-30,1091000000.0
1427,net_income,NetIncomeLoss,USD,2019,Q2,10-Q,2018-08-16,2017-05-01,2017-07-30,583000000.0
1428,net_income,NetIncomeLoss,USD,2019,FY,10-K,2019-02-21,2017-05-01,2017-07-30,583000000.0
1429,net_income,NetIncomeLoss,USD,2018,Q3,10-Q,2017-11-21,2017-01-30,2017-10-29,1928000000.0
1430,net_income,NetIncomeLoss,USD,2018,Q3,10-Q,2017-11-21,2017-07-31,2017-10-29,838000000.0
1431,net_income,NetIncomeLoss,USD,2018,FY,10-K,2018-02-28,2017-07-31,2017-10-29,838000000.0
1432,net_income,NetIncomeLoss,USD,2019,Q3,10-Q,2018-11-15,2017-01-30,2017-10-29,1928000000.0
1433,net_income,NetIncomeLoss,USD,2019,Q3,10-Q,2018-11-15,2017-07-31,2017-10-29,838000000.0
1434,net_income,NetIncomeLoss,USD,2019,FY,10-K,2019-02-21,2017-07-31,2017-10-29,838000000.0
1435,net_income,NetIncomeLoss,USD,2018,FY,10-K,2018-02-28,2017-01-30,2018-01-28,3047000000.0
1436,net_income,NetIncomeLoss,USD,2018,FY,10-K,2018-02-28,2017-10-30,2018-01-28,1118000000.0
1437,net_income,NetIncomeLoss,USD,2019,FY,10-K,2019-02-21,2017-01-30,2018-01-28,3047000000.0
1438,net_income,NetIncomeLoss,USD,2019,FY,10-K,2019-02-21,2017-10-30,2018-01-28,1118000000.0
1439,net_income,NetIncomeLoss,USD,2020,FY,10-K,2020-02-20,2017-01-30,2018-01-28,3047000000.0
1440,net_income,NetIncomeLoss,USD,2019,Q1,10-Q,2018-05-22,2018-01-29,2018-04-29,1244000000.0
1441,net_income,NetIncomeLoss,USD,2019,FY,10-K,2019-02-21,2018-01-29,2018-04-29,1244000000.0
1442,net_income,NetIncomeLoss,USD,2020,Q1,10-Q,2019-05-16,2018-01-29,2018-04-29,1244000000.0
1443,net_income,NetIncomeLoss,USD,2020,FY,10-K,2020-02-20,2018-01-29,2018-04-29,1244000000.0
1444,net_income,NetIncomeLoss,USD,2019,Q2,10-Q,2018-08-16,2018-01-29,2018-07-29,2345000000.0
1445,net_income,NetIncomeLoss,USD,2019,Q2,10-Q,2018-08-16,2018-04-30,2018-07-29,1101000000.0
1446,net_income,NetIncomeLoss,USD,2019,FY,10-K,2019-02-21,2018-04-30,2018-07-29,1101000000.0
1447,net_income,NetIncomeLoss,USD,2020,Q2,10-Q,2019-08-15,2018-01-29,2018-07-29,2345000000.0
1448,net_income,NetIncomeLoss,USD,2020,Q2,10-Q,2019-08-15,2018-04-30,2018-07-29,1101000000.0
1449,net_income,NetIncomeLoss,USD,2020,FY,10-K,2020-02-20,2018-04-30,2018-07-29,1101000000.0
1450,net_income,NetIncomeLoss,USD,2019,Q3,10-Q,2018-11-15,2018-01-29,2018-10-28,3575000000.0
1451,net_income,NetIncomeLoss,USD,2019,Q3,10-Q,2018-11-15,2018-07-30,2018-10-28,1230000000.0
1452,net_income,NetIncomeLoss,USD,2019,FY,10-K,2019-02-21,2018-07-30,2018-10-28,1230000000.0
1453,net_income,NetIncomeLoss,USD,2020,Q3,10-Q,2019-11-14,2018-01-29,2018-10-28,3575000000.0
1454,net_income,NetIncomeLoss,USD,2020,Q3,10-Q,2019-11-14,2018-07-30,2018-10-28,1230000000.0
1455,net_income,NetIncomeLoss,USD,2020,FY,10-K,2020-02-20,2018-07-30,2018-10-28,1230000000.0
1456,net_income,NetIncomeLoss,USD,2019,FY,10-K,2019-02-21,2018-01-29,2019-01-27,4141000000.0
1457,net_income,NetIncomeLoss,USD,2019,FY,10-K,2019-02-21,2018-10-29,2019-01-27,567000000.0
1458,net_income,NetIncomeLoss,USD,2020,FY,10-K,2020-02-20,2018-01-29,2019-01-27,4141000000.0
1459,net_income,NetIncomeLoss,USD,2020,FY,10-K,2020-02-20,2018-10-29,2019-01-27,567000000.0
1460,net_income,NetIncomeLoss,USD,2021,FY,10-K,2021-02-26,2018-01-29,2019-01-27,4141000000.0
1461,net_income,NetIncomeLoss,USD,2020,Q1,10-Q,2019-05-16,2019-01-28,2019-04-28,394000000.0
1462,net_income,NetIncomeLoss,USD,2020,FY,10-K,2020-02-20,2019-01-28,2019-04-28,394000000.0
1463,net_income,NetIncomeLoss,USD,2020,Q1,10-Q,2020-05-21,2019-01-28,2019-04-28,394000000.0
1464,net_income,NetIncomeLoss,USD,2020,Q2,10-Q,2019-08-15,2019-01-28,2019-07-28,947000000.0
1465,net_income,NetIncomeLoss,USD,2020,Q2,10-Q,2019-08-15,2019-04-29,2019-07-28,552000000.0
1466,net_income,NetIncomeLoss,USD,2020,FY,10-K,2020-02-20,2019-04-29,2019-07-28,552000000.0
1467,net_income,NetIncomeLoss,USD,2020,Q2,10-Q,2020-08-19,2019-01-28,2019-07-28,947000000.0
1468,net_income,NetIncomeLoss,USD,2020,Q2,10-Q,2020-08-19,2019-04-29,2019-07-28,552000000.0
1469,net_income,NetIncomeLoss,USD,2020,Q3,10-Q,2019-11-14,2019-01-28,2019-10-27,1845000000.0
1470,net_income,NetIncomeLoss,USD,2020,Q3,10-Q,2019-11-14,2019-07-29,2019-10-27,899000000.0
1471,net_income,NetIncomeLoss,USD,2020,FY,10-K,2020-02-20,2019-07-29,2019-10-27,899000000.0
1472,net_income,NetIncomeLoss,USD,2021,Q3,10-Q,2020-11-18,2019-01-28,2019-10-27,1845000000.0
1473,net_income,NetIncomeLoss,USD,2021,Q3,10-Q,2020-11-18,2019-07-29,2019-10-27,899000000.0
1474,net_income,NetIncomeLoss,USD,2020,FY,10-K,2020-02-20,2019-01-28,2020-01-26,2796000000.0
1475,net_income,NetIncomeLoss,USD,2020,FY,10-K,2020-02-20,2019-10-28,2020-01-26,950000000.0
1476,net_income,NetIncomeLoss,USD,2021,FY,10-K,2021-02-26,2019-01-28,2020-01-26,2796000000.0
1477,net_income,NetIncomeLoss,USD,2022,FY,10-K,2022-03-18,2019-01-28,2020-01-26,2796000000.0
1478,net_income,NetIncomeLoss,USD,2020,Q1,10-Q,2020-05-21,2020-01-27,2020-04-26,917000000.0
1479,net_income,NetIncomeLoss,USD,2022,Q1,10-Q,2021-05-26,2020-01-27,2020-04-26,917000000.0
1480,net_income,NetIncomeLoss,USD,2020,Q2,10-Q,2020-08-19,2020-01-27,2020-07-26,1539000000.0
1481,net_income,NetIncomeLoss,USD,2020,Q2,10-Q,2020-08-19,2020-04-27,2020-07-26,622000000.0
1482,net_income,NetIncomeLoss,USD,2022,Q2,10-Q,2021-08-20,2020-01-27,2020-07-26,1539000000.0
1483,net_income,NetIncomeLoss,USD,2022,Q2,10-Q,2021-08-20,2020-04-27,2020-07-26,622000000.0
1484,net_income,NetIncomeLoss,USD,2021,Q3,10-Q,2020-11-18,2020-01-27,2020-10-25,2875000000.0
1485,net_income,NetIncomeLoss,USD,2021,Q3,10-Q,2020-11-18,2020-07-27,2020-10-25,1336000000.0
1486,net_income,NetIncomeLoss,USD,2022,Q3,10-Q,2021-11-22,2020-01-27,2020-10-25,2875000000.0
1487,net_income,NetIncomeLoss,USD,2022,Q3,10-Q,2021-11-22,2020-07-27,2020-10-25,1336000000.0
1488,net_income,NetIncomeLoss,USD,2021,FY,10-K,2021-02-26,2020-01-27,2021-01-31,4332000000.0
1489,net_income,NetIncomeLoss,USD,2022,FY,10-K,2022-03-18,2020-01-27,2021-01-31,4332000000.0
1490,net_income,NetIncomeLoss,USD,2023,FY,10-K,2023-02-24,2020-01-27,2021-01-31,4332000000.0
1491,net_income,NetIncomeLoss,USD,2022,Q1,10-Q,2021-05-26,2021-02-01,2021-05-02,1912000000.0
1492,net_income,NetIncomeLoss,USD,2023,Q1,10-Q,2022-05-27,2021-02-01,2021-05-02,1912000000.0
1493,net_income,NetIncomeLoss,USD,2022,Q2,10-Q,2021-08-20,2021-02-01,2021-08-01,4285000000.0
1494,net_income,NetIncomeLoss,USD,2022,Q2,10-Q,2021-08-20,2021-05-03,2021-08-01,2374000000.0
1495,net_income,NetIncomeLoss,USD,2023,Q2,10-Q,2022-08-31,2021-02-01,2021-08-01,4285000000.0
1496,net_income,NetIncomeLoss,USD,2023,Q2,10-Q,2022-08-31,2021-05-03,2021-08-01,2374000000.0
1497,net_income,NetIncomeLoss,USD,2022,Q3,10-Q,2021-11-22,2021-02-01,2021-10-31,6749000000.0
1498,net_income,NetIncomeLoss,USD,2022,Q3,10-Q,2021-11-22,2021-08-02,2021-10-31,2464000000.0
1499,net_income,NetIncomeLoss,USD,2023,Q3,10-Q,2022-11-18,2021-02-01,2021-10-31,6749000000.0
1500,net_income,NetIncomeLoss,USD,2023,Q3,10-Q,2022-11-18,2021-08-02,2021-10-31,2464000000.0
1501,net_income,NetIncomeLoss,USD,2022,FY,10-K,2022-03-18,2021-02-01,2022-01-30,9752000000.0
1502,net_income,NetIncomeLoss,USD,2023,FY,10-K,2023-02-24,2021-02-01,2022-01-30,9752000000.0
1503,net_income,NetIncomeLoss,USD,2024,FY,10-K,2024-02-21,2021-02-01,2022-01-30,9752000000.0
1504,net_income,NetIncomeLoss,USD,2023,Q1,10-Q,2022-05-27,2022-01-31,2022-05-01,1618000000.0
1505,net_income,NetIncomeLoss,USD,2024,Q1,10-Q,2023-05-26,2022-01-31,2022-05-01,1618000000.0
1506,net_income,NetIncomeLoss,USD,2023,Q2,10-Q,2022-08-31,2022-01-31,2022-07-31,2274000000.0
1507,net_income,NetIncomeLoss,USD,2023,Q2,10-Q,2022-08-31,2022-05-02,2022-07-31,656000000.0
1508,net_income,NetIncomeLoss,USD,2024,Q2,10-Q,2023-08-28,2022-01-31,2022-07-31,2274000000.0
1509,net_income,NetIncomeLoss,USD,2024,Q2,10-Q,2023-08-28,2022-05-02,2022-07-31,656000000.0
1510,net_income,NetIncomeLoss,USD,2023,Q3,10-Q,2022-11-18,2022-01-31,2022-10-30,2954000000.0
1511,net_income,NetIncomeLoss,USD,2023,Q3,10-Q,2022-11-18,2022-08-01,2022-10-30,680000000.0
1512,net_income,NetIncomeLoss,USD,2024,Q3,10-Q,2023-11-21,2022-01-31,2022-10-30,2954000000.0
1513,net_income,NetIncomeLoss,USD,2024,Q3,10-Q,2023-11-21,2022-08-01,2022-10-30,680000000.0
1514,net_income,NetIncomeLoss,USD,2023,FY,10-K,2023-02-24,2022-01-31,2023-01-29,4368000000.0
1515,net_income,NetIncomeLoss,USD,2024,FY,10-K,2024-02-21,2022-01-31,2023-01-29,4368000000.0
1516,net_income,NetIncomeLoss,USD,2025,FY,10-K,2025-02-26,2022-01-31,2023-01-29,4368000000.0
1517,net_income,NetIncomeLoss,USD,2024,Q1,10-Q,2023-05-26,2023-01-30,2023-04-30,2043000000.0
1518,net_income,NetIncomeLoss,USD,2025,Q1,10-Q,2024-05-29,2023-01-30,2023-04-30,2043000000.0
1519,net_income,NetIncomeLoss,USD,2024,Q2,10-Q,2023-08-28,2023-01-30,2023-07-30,8232000000.0
1520,net_income,NetIncomeLoss,USD,2024,Q2,10-Q,2023-08-28,2023-05-01,2023-07-30,6188000000.0
1521,net_income,NetIncomeLoss,USD,2025,Q2,10-Q,2024-08-28,2023-01-30,2023-07-30,8232000000.0
1522,net_income,NetIncomeLoss,USD,2025,Q2,10-Q,2024-08-28,2023-05-01,2023-07-30,6188000000.0
1523,net_income,NetIncomeLoss,USD,2024,Q3,10-Q,2023-11-21,2023-01-30,2023-10-29,17475000000.0
1524,net_income,NetIncomeLoss,USD,2024,Q3,10-Q,2023-11-21,2023-07-31,2023-10-29,9243000000.0
1525,net_income,NetIncomeLoss,USD,2025,Q3,10-Q,2024-11-20,2023-01-30,2023-10-29,17475000000.0
1526,net_income,NetIncomeLoss,USD,2025,Q3,10-Q,2024-11-20,2023-07-31,2023-10-29,9243000000.0
1527,net_income,NetIncomeLoss,USD,2024,FY,10-K,2024-02-21,2023-01-30,2024-01-28,29760000000.0
1528,net_income,NetIncomeLoss,USD,2025,FY,10-K,2025-02-26,2023-01-30,2024-01-28,29760000000.0
1529,net_income,NetIncomeLoss,USD,2026,FY,10-K,2026-02-25,2023-01-30,2024-01-28,29760000000.0
1530,net_income,NetIncomeLoss,USD,2025,Q1,10-Q,2024-05-29,2024-01-29,2024-04-28,14881000000.0
1531,net_income,NetIncomeLoss,USD,2026,Q1,10-Q,2025-05-28,2024-01-29,2024-04-28,14881000000.0
1532,net_income,NetIncomeLoss,USD,2025,Q2,10-Q,2024-08-28,2024-01-29,2024-07-28,31480000000.0
1533,net_income,NetIncomeLoss,USD,2025,Q2,10-Q,2024-08-28,2024-04-29,2024-07-28,16599000000.0
1534,net_income,NetIncomeLoss,USD,2026,Q2,10-Q,2025-08-27,2024-01-29,2024-07-28,31480000000.0
1535,net_income,NetIncomeLoss,USD,2026,Q2,10-Q,2025-08-27,2024-04-29,2024-07-28,16599000000.0
1536,net_income,NetIncomeLoss,USD,2025,Q3,10-Q,2024-11-20,2024-01-29,2024-10-27,50789000000.0
1537,net_income,NetIncomeLoss,USD,2025,Q3,10-Q,2024-11-20,2024-07-29,2024-10-27,19309000000.0
1538,net_income,NetIncomeLoss,USD,2026,Q3,10-Q,2025-11-19,2024-01-29,2024-10-27,50789000000.0
1539,net_income,NetIncomeLoss,USD,2026,Q3,10-Q,2025-11-19,2024-07-29,2024-10-27,19309000000.0
1540,net_income,NetIncomeLoss,USD,2025,FY,10-K,2025-02-26,2024-01-29,2025-01-26,72880000000.0
1541,net_income,NetIncomeLoss,USD,2026,FY,10-K,2026-02-25,2024-01-29,2025-01-26,72880000000.0
1542,net_income,NetIncomeLoss,USD,2026,Q1,10-Q,2025-05-28,2025-01-27,2025-04-27,18775000000.0
1543,net_income,NetIncomeLoss,USD,2026,Q2,10-Q,2025-08-27,2025-01-27,2025-07-27,45197000000.0
1544,net_income,NetIncomeLoss,USD,2026,Q2,10-Q,2025-08-27,2025-04-28,2025-07-27,26422000000.0
1545,net_income,NetIncomeLoss,USD,2026,Q3,10-Q,2025-11-19,2025-01-27,2025-10-26,77107000000.0
1546,net_income,NetIncomeLoss,USD,2026,Q3,10-Q,2025-11-19,2025-07-28,2025-10-26,31910000000.0
1547,net_income,NetIncomeLoss,USD,2026,FY,10-K,2026-02-25,2025-01-27,2026-01-25,120067000000.0
1548,operating_income,OperatingIncomeLoss,USD,2010,FY,10-K,2010-03-18,2007-01-29,2008-01-27,836346000.0
1549,operating_income,OperatingIncomeLoss,USD,2009,Q2,10-Q,2009-08-20,2008-01-25,2008-07-27,47587000.0
1550,operating_income,OperatingIncomeLoss,USD,2009,Q2,10-Q,2009-08-20,2008-04-27,2008-07-27,-155392000.0
1551,operating_income,OperatingIncomeLoss,USD,2009,Q3,10-Q,2009-11-19,2008-01-28,2008-10-26,104383000.0
1552,operating_income,OperatingIncomeLoss,USD,2009,Q3,10-Q,2009-11-19,2008-07-28,2008-10-26,56796000.0
1553,operating_income,OperatingIncomeLoss,USD,2010,FY,10-K,2010-03-18,2008-01-28,2009-01-25,-70700000.0
1554,operating_income,OperatingIncomeLoss,USD,2010,FY,10-K,2011-03-16,2008-01-28,2009-01-25,-70700000.0
1555,operating_income,OperatingIncomeLoss,USD,2010,Q2,10-Q,2010-05-21,2009-01-26,2009-04-26,-230965000.0
1556,operating_income,OperatingIncomeLoss,USD,2009,Q2,10-Q,2009-08-20,2009-01-25,2009-07-26,-341072000.0
1557,operating_income,OperatingIncomeLoss,USD,2009,Q2,10-Q,2009-08-20,2009-04-27,2009-07-26,-110107000.0
1558,operating_income,OperatingIncomeLoss,USD,2010,Q3,10-Q,2010-08-30,2009-01-26,2009-07-26,-341072000.0
1559,operating_income,OperatingIncomeLoss,USD,2010,Q3,10-Q,2010-08-30,2009-04-27,2009-07-26,-110107000.0
1560,operating_income,OperatingIncomeLoss,USD,2009,Q3,10-Q,2009-11-19,2009-01-26,2009-10-25,-233227000.0
1561,operating_income,OperatingIncomeLoss,USD,2009,Q3,10-Q,2009-11-19,2009-07-27,2009-10-25,107845000.0
1562,operating_income,OperatingIncomeLoss,USD,2010,Q3,10-Q,2010-12-07,2009-01-26,2009-10-25,-233227000.0
1563,operating_income,OperatingIncomeLoss,USD,2010,Q3,10-Q,2010-12-07,2009-07-27,2009-10-25,107845000.0
1564,operating_income,OperatingIncomeLoss,USD,2010,FY,10-K,2010-03-18,2009-01-26,2010-01-31,-98945000.0
1565,operating_income,OperatingIncomeLoss,USD,2010,FY,10-K,2011-03-16,2009-01-26,2010-01-31,-98945000.0
1566,operating_income,OperatingIncomeLoss,USD,2011,FY,10-K,2012-03-13,2009-01-26,2010-01-31,-98945000.0
1567,operating_income,OperatingIncomeLoss,USD,2010,Q2,10-Q,2010-05-21,2010-02-01,2010-05-02,147393000.0
1568,operating_income,OperatingIncomeLoss,USD,2011,Q1,10-Q,2011-05-27,2010-02-01,2010-05-02,147393000.0
1569,operating_income,OperatingIncomeLoss,USD,2010,Q3,10-Q,2010-08-30,2010-02-01,2010-08-01,-27814000.0
1570,operating_income,OperatingIncomeLoss,USD,2010,Q3,10-Q,2010-08-30,2010-05-03,2010-08-01,-175207000.0
1571,operating_income,OperatingIncomeLoss,USD,2011,Q2,10-Q,2011-08-25,2010-02-01,2010-08-01,-27814000.0
1572,operating_income,OperatingIncomeLoss,USD,2011,Q2,10-Q,2011-08-25,2010-05-03,2010-08-01,-175207000.0
1573,operating_income,OperatingIncomeLoss,USD,2010,Q3,10-Q,2010-12-07,2010-02-01,2010-10-31,75969000.0
1574,operating_income,OperatingIncomeLoss,USD,2010,Q3,10-Q,2010-12-07,2010-08-02,2010-10-31,103783000.0
1575,operating_income,OperatingIncomeLoss,USD,2011,Q3,10-Q,2011-11-22,2010-02-01,2010-10-31,75969000.0
1576,operating_income,OperatingIncomeLoss,USD,2011,Q3,10-Q,2011-11-22,2010-08-02,2010-10-31,103783000.0
1577,operating_income,OperatingIncomeLoss,USD,2010,FY,10-K,2011-03-16,2010-02-01,2011-01-30,255747000.0
1578,operating_income,OperatingIncomeLoss,USD,2011,FY,10-K,2012-03-13,2010-02-01,2011-01-30,255747000.0
1579,operating_income,OperatingIncomeLoss,USD,2012,FY,10-K,2013-03-12,2010-02-01,2011-01-30,255747000.0
1580,operating_income,OperatingIncomeLoss,USD,2011,Q1,10-Q,2011-05-27,2011-01-31,2011-05-01,154862000.0
1581,operating_income,OperatingIncomeLoss,USD,2012,Q1,10-Q,2012-05-23,2011-01-31,2011-05-01,154862000.0
1582,operating_income,OperatingIncomeLoss,USD,2011,Q2,10-Q,2011-08-25,2011-01-31,2011-07-31,328892000.0
1583,operating_income,OperatingIncomeLoss,USD,2011,Q2,10-Q,2011-08-25,2011-05-02,2011-07-31,174030000.0
1584,operating_income,OperatingIncomeLoss,USD,2012,Q2,10-Q,2012-08-22,2011-01-31,2011-07-31,328892000.0
1585,operating_income,OperatingIncomeLoss,USD,2012,Q2,10-Q,2012-08-22,2011-05-02,2011-07-31,174030000.0
1586,operating_income,OperatingIncomeLoss,USD,2011,Q3,10-Q,2011-11-22,2011-01-31,2011-10-30,525982000.0
1587,operating_income,OperatingIncomeLoss,USD,2011,Q3,10-Q,2011-11-22,2011-08-01,2011-10-30,197090000.0
1588,operating_income,OperatingIncomeLoss,USD,2012,Q3,10-Q,2012-11-19,2011-01-31,2011-10-30,525982000.0
1589,operating_income,OperatingIncomeLoss,USD,2012,Q3,10-Q,2012-11-19,2011-08-01,2011-10-30,197090000.0
1590,operating_income,OperatingIncomeLoss,USD,2011,FY,10-K,2012-03-13,2011-01-31,2012-01-29,648299000.0
1591,operating_income,OperatingIncomeLoss,USD,2012,FY,10-K,2013-03-12,2011-01-31,2012-01-29,648299000.0
1592,operating_income,OperatingIncomeLoss,USD,2013,FY,10-K,2014-03-13,2011-01-31,2012-01-29,648299000.0
1593,operating_income,OperatingIncomeLoss,USD,2012,Q1,10-Q,2012-05-23,2012-01-30,2012-04-29,72826000.0
1594,operating_income,OperatingIncomeLoss,USD,2013,Q1,10-Q,2013-05-22,2012-01-30,2012-04-29,72826000.0
1595,operating_income,OperatingIncomeLoss,USD,2012,Q2,10-Q,2012-08-22,2012-01-30,2012-07-29,212449000.0
1596,operating_income,OperatingIncomeLoss,USD,2012,Q2,10-Q,2012-08-22,2012-04-30,2012-07-29,139623000.0
1597,operating_income,OperatingIncomeLoss,USD,2013,Q2,10-Q,2013-08-21,2012-01-30,2012-07-29,212449000.0
1598,operating_income,OperatingIncomeLoss,USD,2013,Q2,10-Q,2013-08-21,2012-04-30,2012-07-29,139623000.0
1599,operating_income,OperatingIncomeLoss,USD,2012,Q3,10-Q,2012-11-19,2012-01-30,2012-10-28,464666000.0
1600,operating_income,OperatingIncomeLoss,USD,2012,Q3,10-Q,2012-11-19,2012-07-30,2012-10-28,252217000.0
1601,operating_income,OperatingIncomeLoss,USD,2013,Q3,10-Q,2013-11-19,2012-01-30,2012-10-28,464666000.0
1602,operating_income,OperatingIncomeLoss,USD,2013,Q3,10-Q,2013-11-19,2012-07-30,2012-10-28,252217000.0
1603,operating_income,OperatingIncomeLoss,USD,2012,FY,10-K,2013-03-12,2012-01-30,2013-01-27,648239000.0
1604,operating_income,OperatingIncomeLoss,USD,2013,FY,10-K,2014-03-13,2012-01-30,2013-01-27,648239000.0
1605,operating_income,OperatingIncomeLoss,USD,2015,FY,10-K,2015-03-12,2012-01-30,2013-01-27,648239000.0
1606,operating_income,OperatingIncomeLoss,USD,2013,Q1,10-Q,2013-05-22,2013-01-28,2013-04-28,82781000.0
1607,operating_income,OperatingIncomeLoss,USD,2014,Q1,10-Q,2014-05-21,2013-01-28,2013-04-28,82781000.0
1608,operating_income,OperatingIncomeLoss,USD,2013,Q2,10-Q,2013-08-21,2013-01-28,2013-07-28,188315000.0
1609,operating_income,OperatingIncomeLoss,USD,2013,Q2,10-Q,2013-08-21,2013-04-29,2013-07-28,105534000.0
1610,operating_income,OperatingIncomeLoss,USD,2015,Q2,10-Q,2014-08-20,2013-01-28,2013-07-28,188315000.0
1611,operating_income,OperatingIncomeLoss,USD,2015,Q2,10-Q,2014-08-20,2013-04-29,2013-07-28,105534000.0
1612,operating_income,OperatingIncomeLoss,USD,2013,Q3,10-Q,2013-11-19,2013-01-28,2013-10-27,329303000.0
1613,operating_income,OperatingIncomeLoss,USD,2013,Q3,10-Q,2013-11-19,2013-07-29,2013-10-27,140988000.0
1614,operating_income,OperatingIncomeLoss,USD,2015,Q3,10-Q,2014-11-19,2013-01-28,2013-10-27,329303000.0
1615,operating_income,OperatingIncomeLoss,USD,2015,Q3,10-Q,2014-11-19,2013-07-29,2013-10-27,140988000.0
1616,operating_income,OperatingIncomeLoss,USD,2013,FY,10-K,2014-03-13,2013-01-28,2014-01-26,496227000.0
1617,operating_income,OperatingIncomeLoss,USD,2015,FY,10-K,2015-03-12,2013-01-28,2014-01-26,496227000.0
1618,operating_income,OperatingIncomeLoss,USD,2016,FY,10-K,2016-03-17,2013-01-28,2014-01-26,496000000.0
1619,operating_income,OperatingIncomeLoss,USD,2014,Q1,10-Q,2014-05-21,2014-01-27,2014-04-27,151359000.0
1620,operating_income,OperatingIncomeLoss,USD,2016,Q1,10-Q,2015-05-20,2014-01-27,2014-04-27,151000000.0
1621,operating_income,OperatingIncomeLoss,USD,2015,Q2,10-Q,2014-08-20,2014-01-27,2014-07-27,314538000.0
1622,operating_income,OperatingIncomeLoss,USD,2015,Q2,10-Q,2014-08-20,2014-04-28,2014-07-27,163179000.0
1623,operating_income,OperatingIncomeLoss,USD,2016,Q2,10-Q,2015-08-19,2014-01-27,2014-07-27,314000000.0
1624,operating_income,OperatingIncomeLoss,USD,2016,Q2,10-Q,2015-08-19,2014-04-28,2014-07-27,163000000.0
1625,operating_income,OperatingIncomeLoss,USD,2015,Q3,10-Q,2014-11-19,2014-01-27,2014-10-26,527853000.0
1626,operating_income,OperatingIncomeLoss,USD,2015,Q3,10-Q,2014-11-19,2014-07-28,2014-10-26,213315000.0
1627,operating_income,OperatingIncomeLoss,USD,2016,Q3,10-Q,2015-11-18,2014-01-27,2014-10-26,528000000.0
1628,operating_income,OperatingIncomeLoss,USD,2016,Q3,10-Q,2015-11-18,2014-07-28,2014-10-26,213000000.0
1629,operating_income,OperatingIncomeLoss,USD,2015,FY,10-K,2015-03-12,2014-01-27,2015-01-25,758989000.0
1630,operating_income,OperatingIncomeLoss,USD,2016,FY,10-K,2016-03-17,2014-01-27,2015-01-25,759000000.0
1631,operating_income,OperatingIncomeLoss,USD,2017,FY,10-K,2017-03-01,2014-01-27,2015-01-25,759000000.0
1632,operating_income,OperatingIncomeLoss,USD,2016,Q1,10-Q,2015-05-20,2015-01-26,2015-04-26,176000000.0
1633,operating_income,OperatingIncomeLoss,USD,2017,Q1,10-Q,2016-05-25,2015-01-26,2015-04-26,176000000.0
1634,operating_income,OperatingIncomeLoss,USD,2016,Q2,10-Q,2015-08-19,2015-01-26,2015-07-26,250000000.0
1635,operating_income,OperatingIncomeLoss,USD,2016,Q2,10-Q,2015-08-19,2015-04-27,2015-07-26,76000000.0
1636,operating_income,OperatingIncomeLoss,USD,2017,Q2,10-Q,2016-08-23,2015-01-26,2015-07-26,250000000.0
1637,operating_income,OperatingIncomeLoss,USD,2017,Q2,10-Q,2016-08-23,2015-04-27,2015-07-26,76000000.0
1638,operating_income,OperatingIncomeLoss,USD,2016,Q3,10-Q,2015-11-18,2015-01-26,2015-10-25,495000000.0
1639,operating_income,OperatingIncomeLoss,USD,2016,Q3,10-Q,2015-11-18,2015-07-27,2015-10-25,245000000.0
1640,operating_income,OperatingIncomeLoss,USD,2017,Q3,10-Q,2016-11-22,2015-01-26,2015-10-25,495000000.0
1641,operating_income,OperatingIncomeLoss,USD,2017,Q3,10-Q,2016-11-22,2015-07-27,2015-10-25,245000000.0
1642,operating_income,OperatingIncomeLoss,USD,2016,FY,10-K,2016-03-17,2015-01-26,2016-01-31,747000000.0
1643,operating_income,OperatingIncomeLoss,USD,2017,FY,10-K,2017-03-01,2015-01-26,2016-01-31,747000000.0
1644,operating_income,OperatingIncomeLoss,USD,2018,FY,10-K,2018-02-28,2015-01-26,2016-01-31,747000000.0
1645,operating_income,OperatingIncomeLoss,USD,2017,Q1,10-Q,2016-05-25,2016-02-01,2016-05-01,245000000.0
1646,operating_income,OperatingIncomeLoss,USD,2018,Q1,10-Q,2017-05-23,2016-02-01,2016-05-01,245000000.0
1647,operating_income,OperatingIncomeLoss,USD,2017,Q2,10-Q,2016-08-23,2016-02-01,2016-07-31,561000000.0
1648,operating_income,OperatingIncomeLoss,USD,2017,Q2,10-Q,2016-08-23,2016-05-02,2016-07-31,317000000.0
1649,operating_income,OperatingIncomeLoss,USD,2018,Q2,10-Q,2017-08-23,2016-02-01,2016-07-31,561000000.0
1650,operating_income,OperatingIncomeLoss,USD,2018,Q2,10-Q,2017-08-23,2016-05-02,2016-07-31,317000000.0
1651,operating_income,OperatingIncomeLoss,USD,2017,Q3,10-Q,2016-11-22,2016-02-01,2016-10-30,1201000000.0
1652,operating_income,OperatingIncomeLoss,USD,2017,Q3,10-Q,2016-11-22,2016-08-01,2016-10-30,639000000.0
1653,operating_income,OperatingIncomeLoss,USD,2018,Q3,10-Q,2017-11-21,2016-02-01,2016-10-30,1201000000.0
1654,operating_income,OperatingIncomeLoss,USD,2018,Q3,10-Q,2017-11-21,2016-08-01,2016-10-30,639000000.0
1655,operating_income,OperatingIncomeLoss,USD,2017,FY,10-K,2017-03-01,2016-02-01,2017-01-29,1934000000.0
1656,operating_income,OperatingIncomeLoss,USD,2018,FY,10-K,2018-02-28,2016-02-01,2017-01-29,1934000000.0
1657,operating_income,OperatingIncomeLoss,USD,2019,FY,10-K,2019-02-21,2016-02-01,2017-01-29,1934000000.0
1658,operating_income,OperatingIncomeLoss,USD,2018,Q1,10-Q,2017-05-23,2017-01-30,2017-04-30,554000000.0
1659,operating_income,OperatingIncomeLoss,USD,2019,Q1,10-Q,2018-05-22,2017-01-30,2017-04-30,554000000.0
1660,operating_income,OperatingIncomeLoss,USD,2018,Q2,10-Q,2017-08-23,2017-01-30,2017-07-30,1242000000.0
1661,operating_income,OperatingIncomeLoss,USD,2018,Q2,10-Q,2017-08-23,2017-05-01,2017-07-30,688000000.0
1662,operating_income,OperatingIncomeLoss,USD,2019,Q2,10-Q,2018-08-16,2017-01-30,2017-07-30,1242000000.0
1663,operating_income,OperatingIncomeLoss,USD,2019,Q2,10-Q,2018-08-16,2017-05-01,2017-07-30,688000000.0
1664,operating_income,OperatingIncomeLoss,USD,2018,Q3,10-Q,2017-11-21,2017-01-30,2017-10-29,2137000000.0
1665,operating_income,OperatingIncomeLoss,USD,2018,Q3,10-Q,2017-11-21,2017-07-31,2017-10-29,895000000.0
1666,operating_income,OperatingIncomeLoss,USD,2019,Q3,10-Q,2018-11-15,2017-01-30,2017-10-29,2137000000.0
1667,operating_income,OperatingIncomeLoss,USD,2019,Q3,10-Q,2018-11-15,2017-07-31,2017-10-29,895000000.0
1668,operating_income,OperatingIncomeLoss,USD,2018,FY,10-K,2018-02-28,2017-01-30,2018-01-28,3210000000.0
1669,operating_income,OperatingIncomeLoss,USD,2019,FY,10-K,2019-02-21,2017-01-30,2018-01-28,3210000000.0
1670,operating_income,OperatingIncomeLoss,USD,2020,FY,10-K,2020-02-20,2017-01-30,2018-01-28,3210000000.0
1671,operating_income,OperatingIncomeLoss,USD,2019,Q1,10-Q,2018-05-22,2018-01-29,2018-04-29,1295000000.0
1672,operating_income,OperatingIncomeLoss,USD,2020,Q1,10-Q,2019-05-16,2018-01-29,2018-04-29,1295000000.0
1673,operating_income,OperatingIncomeLoss,USD,2019,Q2,10-Q,2018-08-16,2018-01-29,2018-07-29,2452000000.0
1674,operating_income,OperatingIncomeLoss,USD,2019,Q2,10-Q,2018-08-16,2018-04-30,2018-07-29,1157000000.0
1675,operating_income,OperatingIncomeLoss,USD,2020,Q2,10-Q,2019-08-15,2018-01-29,2018-07-29,2452000000.0
1676,operating_income,OperatingIncomeLoss,USD,2020,Q2,10-Q,2019-08-15,2018-04-30,2018-07-29,1157000000.0
1677,operating_income,OperatingIncomeLoss,USD,2019,Q3,10-Q,2018-11-15,2018-01-29,2018-10-28,3510000000.0
1678,operating_income,OperatingIncomeLoss,USD,2019,Q3,10-Q,2018-11-15,2018-07-30,2018-10-28,1058000000.0
1679,operating_income,OperatingIncomeLoss,USD,2020,Q3,10-Q,2019-11-14,2018-01-29,2018-10-28,3510000000.0
1680,operating_income,OperatingIncomeLoss,USD,2020,Q3,10-Q,2019-11-14,2018-07-30,2018-10-28,1058000000.0
1681,operating_income,OperatingIncomeLoss,USD,2019,FY,10-K,2019-02-21,2018-01-29,2019-01-27,3804000000.0
1682,operating_income,OperatingIncomeLoss,USD,2020,FY,10-K,2020-02-20,2018-01-29,2019-01-27,3804000000.0
1683,operating_income,OperatingIncomeLoss,USD,2021,FY,10-K,2021-02-26,2018-01-29,2019-01-27,3804000000.0
1684,operating_income,OperatingIncomeLoss,USD,2020,Q1,10-Q,2019-05-16,2019-01-28,2019-04-28,358000000.0
1685,operating_income,OperatingIncomeLoss,USD,2020,Q1,10-Q,2020-05-21,2019-01-28,2019-04-28,358000000.0
1686,operating_income,OperatingIncomeLoss,USD,2020,Q2,10-Q,2019-08-15,2019-01-28,2019-07-28,929000000.0
1687,operating_income,OperatingIncomeLoss,USD,2020,Q2,10-Q,2019-08-15,2019-04-29,2019-07-28,571000000.0
1688,operating_income,OperatingIncomeLoss,USD,2020,Q2,10-Q,2020-08-19,2019-01-28,2019-07-28,929000000.0
1689,operating_income,OperatingIncomeLoss,USD,2020,Q2,10-Q,2020-08-19,2019-04-29,2019-07-28,571000000.0
1690,operating_income,OperatingIncomeLoss,USD,2020,Q3,10-Q,2019-11-14,2019-01-28,2019-10-27,1856000000.0
1691,operating_income,OperatingIncomeLoss,USD,2020,Q3,10-Q,2019-11-14,2019-07-29,2019-10-27,927000000.0
1692,operating_income,OperatingIncomeLoss,USD,2021,Q3,10-Q,2020-11-18,2019-01-28,2019-10-27,1856000000.0
1693,operating_income,OperatingIncomeLoss,USD,2021,Q3,10-Q,2020-11-18,2019-07-29,2019-10-27,927000000.0
1694,operating_income,OperatingIncomeLoss,USD,2020,FY,10-K,2020-02-20,2019-01-28,2020-01-26,2846000000.0
1695,operating_income,OperatingIncomeLoss,USD,2021,FY,10-K,2021-02-26,2019-01-28,2020-01-26,2846000000.0
1696,operating_income,OperatingIncomeLoss,USD,2022,FY,10-K,2022-03-18,2019-01-28,2020-01-26,2846000000.0
1697,operating_income,OperatingIncomeLoss,USD,2020,Q1,10-Q,2020-05-21,2020-01-27,2020-04-26,976000000.0
1698,operating_income,OperatingIncomeLoss,USD,2022,Q1,10-Q,2021-05-26,2020-01-27,2020-04-26,976000000.0
1699,operating_income,OperatingIncomeLoss,USD,2020,Q2,10-Q,2020-08-19,2020-01-27,2020-07-26,1627000000.0
1700,operating_income,OperatingIncomeLoss,USD,2020,Q2,10-Q,2020-08-19,2020-04-27,2020-07-26,651000000.0
1701,operating_income,OperatingIncomeLoss,USD,2022,Q2,10-Q,2021-08-20,2020-01-27,2020-07-26,1627000000.0
1702,operating_income,OperatingIncomeLoss,USD,2022,Q2,10-Q,2021-08-20,2020-04-27,2020-07-26,651000000.0
1703,operating_income,OperatingIncomeLoss,USD,2021,Q3,10-Q,2020-11-18,2020-01-27,2020-10-25,3025000000.0
1704,operating_income,OperatingIncomeLoss,USD,2021,Q3,10-Q,2020-11-18,2020-07-27,2020-10-25,1398000000.0
1705,operating_income,OperatingIncomeLoss,USD,2022,Q3,10-Q,2021-11-22,2020-01-27,2020-10-25,3025000000.0
1706,operating_income,OperatingIncomeLoss,USD,2022,Q3,10-Q,2021-11-22,2020-07-27,2020-10-25,1398000000.0
1707,operating_income,OperatingIncomeLoss,USD,2021,FY,10-K,2021-02-26,2020-01-27,2021-01-31,4532000000.0
1708,operating_income,OperatingIncomeLoss,USD,2022,FY,10-K,2022-03-18,2020-01-27,2021-01-31,4532000000.0
1709,operating_income,OperatingIncomeLoss,USD,2023,FY,10-K,2023-02-24,2020-01-27,2021-01-31,4532000000.0
1710,operating_income,OperatingIncomeLoss,USD,2022,Q1,10-Q,2021-05-26,2021-02-01,2021-05-02,1956000000.0
1711,operating_income,OperatingIncomeLoss,USD,2023,Q1,10-Q,2022-05-27,2021-02-01,2021-05-02,1956000000.0
1712,operating_income,OperatingIncomeLoss,USD,2022,Q2,10-Q,2021-08-20,2021-02-01,2021-08-01,4400000000.0
1713,operating_income,OperatingIncomeLoss,USD,2022,Q2,10-Q,2021-08-20,2021-05-03,2021-08-01,2444000000.0
1714,operating_income,OperatingIncomeLoss,USD,2023,Q2,10-Q,2022-08-31,2021-02-01,2021-08-01,4400000000.0
1715,operating_income,OperatingIncomeLoss,USD,2023,Q2,10-Q,2022-08-31,2021-05-03,2021-08-01,2444000000.0
1716,operating_income,OperatingIncomeLoss,USD,2022,Q3,10-Q,2021-11-22,2021-02-01,2021-10-31,7071000000.0
1717,operating_income,OperatingIncomeLoss,USD,2022,Q3,10-Q,2021-11-22,2021-08-02,2021-10-31,2671000000.0
1718,operating_income,OperatingIncomeLoss,USD,2023,Q3,10-Q,2022-11-18,2021-02-01,2021-10-31,7071000000.0
1719,operating_income,OperatingIncomeLoss,USD,2023,Q3,10-Q,2022-11-18,2021-08-02,2021-10-31,2671000000.0
1720,operating_income,OperatingIncomeLoss,USD,2022,FY,10-K,2022-03-18,2021-02-01,2022-01-30,10041000000.0
1721,operating_income,OperatingIncomeLoss,USD,2023,FY,10-K,2023-02-24,2021-02-01,2022-01-30,10041000000.0
1722,operating_income,OperatingIncomeLoss,USD,2024,FY,10-K,2024-02-21,2021-02-01,2022-01-30,10041000000.0
1723,operating_income,OperatingIncomeLoss,USD,2023,Q1,10-Q,2022-05-27,2022-01-31,2022-05-01,1868000000.0
1724,operating_income,OperatingIncomeLoss,USD,2024,Q1,10-Q,2023-05-26,2022-01-31,2022-05-01,1868000000.0
1725,operating_income,OperatingIncomeLoss,USD,2023,Q2,10-Q,2022-08-31,2022-01-31,2022-07-31,2367000000.0
1726,operating_income,OperatingIncomeLoss,USD,2023,Q2,10-Q,2022-08-31,2022-05-02,2022-07-31,499000000.0
1727,operating_income,OperatingIncomeLoss,USD,2024,Q2,10-Q,2023-08-28,2022-01-31,2022-07-31,2367000000.0
1728,operating_income,OperatingIncomeLoss,USD,2024,Q2,10-Q,2023-08-28,2022-05-02,2022-07-31,499000000.0
1729,operating_income,OperatingIncomeLoss,USD,2023,Q3,10-Q,2022-11-18,2022-01-31,2022-10-30,2968000000.0
1730,operating_income,OperatingIncomeLoss,USD,2023,Q3,10-Q,2022-11-18,2022-08-01,2022-10-30,601000000.0
1731,operating_income,OperatingIncomeLoss,USD,2024,Q3,10-Q,2023-11-21,2022-01-31,2022-10-30,2968000000.0
1732,operating_income,OperatingIncomeLoss,USD,2024,Q3,10-Q,2023-11-21,2022-08-01,2022-10-30,601000000.0
1733,operating_income,OperatingIncomeLoss,USD,2023,FY,10-K,2023-02-24,2022-01-31,2023-01-29,4224000000.0
1734,operating_income,OperatingIncomeLoss,USD,2024,FY,10-K,2024-02-21,2022-01-31,2023-01-29,4224000000.0
1735,operating_income,OperatingIncomeLoss,USD,2025,FY,10-K,2025-02-26,2022-01-31,2023-01-29,4224000000.0
1736,operating_income,OperatingIncomeLoss,USD,2024,Q1,10-Q,2023-05-26,2023-01-30,2023-04-30,2140000000.0
1737,operating_income,OperatingIncomeLoss,USD,2025,Q1,10-Q,2024-05-29,2023-01-30,2023-04-30,2140000000.0
1738,operating_income,OperatingIncomeLoss,USD,2024,Q2,10-Q,2023-08-28,2023-01-30,2023-07-30,8941000000.0
1739,operating_income,OperatingIncomeLoss,USD,2024,Q2,10-Q,2023-08-28,2023-05-01,2023-07-30,6800000000.0
1740,operating_income,OperatingIncomeLoss,USD,2025,Q2,10-Q,2024-08-28,2023-01-30,2023-07-30,8941000000.0
1741,operating_income,OperatingIncomeLoss,USD,2025,Q2,10-Q,2024-08-28,2023-05-01,2023-07-30,6800000000.0
1742,operating_income,OperatingIncomeLoss,USD,2024,Q3,10-Q,2023-11-21,2023-01-30,2023-10-29,19358000000.0
1743,operating_income,OperatingIncomeLoss,USD,2024,Q3,10-Q,2023-11-21,2023-07-31,2023-10-29,10417000000.0
1744,operating_income,OperatingIncomeLoss,USD,2025,Q3,10-Q,2024-11-20,2023-01-30,2023-10-29,19358000000.0
1745,operating_income,OperatingIncomeLoss,USD,2025,Q3,10-Q,2024-11-20,2023-07-31,2023-10-29,10417000000.0
1746,operating_income,OperatingIncomeLoss,USD,2024,FY,10-K,2024-02-21,2023-01-30,2024-01-28,32972000000.0
1747,operating_income,OperatingIncomeLoss,USD,2025,FY,10-K,2025-02-26,2023-01-30,2024-01-28,32972000000.0
1748,operating_income,OperatingIncomeLoss,USD,2026,FY,10-K,2026-02-25,2023-01-30,2024-01-28,32972000000.0
1749,operating_income,OperatingIncomeLoss,USD,2025,Q1,10-Q,2024-05-29,2024-01-29,2024-04-28,16909000000.0
1750,operating_income,OperatingIncomeLoss,USD,2026,Q1,10-Q,2025-05-28,2024-01-29,2024-04-28,16909000000.0
1751,operating_income,OperatingIncomeLoss,USD,2025,Q2,10-Q,2024-08-28,2024-01-29,2024-07-28,35551000000.0
1752,operating_income,OperatingIncomeLoss,USD,2025,Q2,10-Q,2024-08-28,2024-04-29,2024-07-28,18642000000.0
1753,operating_income,OperatingIncomeLoss,USD,2026,Q2,10-Q,2025-08-27,2024-01-29,2024-07-28,35551000000.0
1754,operating_income,OperatingIncomeLoss,USD,2026,Q2,10-Q,2025-08-27,2024-04-29,2024-07-28,18642000000.0
1755,operating_income,OperatingIncomeLoss,USD,2025,Q3,10-Q,2024-11-20,2024-01-29,2024-10-27,57419000000.0
1756,operating_income,OperatingIncomeLoss,USD,2025,Q3,10-Q,2024-11-20,2024-07-29,2024-10-27,21869000000.0
1757,operating_income,OperatingIncomeLoss,USD,2026,Q3,10-Q,2025-11-19,2024-01-29,2024-10-27,57419000000.0
1758,operating_income,OperatingIncomeLoss,USD,2026,Q3,10-Q,2025-11-19,2024-07-29,2024-10-27,21869000000.0
1759,operating_income,OperatingIncomeLoss,USD,2025,FY,10-K,2025-02-26,2024-01-29,2025-01-26,81453000000.0
1760,operating_income,OperatingIncomeLoss,USD,2026,FY,10-K,2026-02-25,2024-01-29,2025-01-26,81453000000.0
1761,operating_income,OperatingIncomeLoss,USD,2026,Q1,10-Q,2025-05-28,2025-01-27,2025-04-27,21638000000.0
1762,operating_income,OperatingIncomeLoss,USD,2026,Q2,10-Q,2025-08-27,2025-01-27,2025-07-27,50078000000.0
1763,operating_income,OperatingIncomeLoss,USD,2026,Q2,10-Q,2025-08-27,2025-04-28,2025-07-27,28440000000.0
1764,operating_income,OperatingIncomeLoss,USD,2026,Q3,10-Q,2025-11-19,2025-01-27,2025-10-26,86088000000.0
1765,operating_income,OperatingIncomeLoss,USD,2026,Q3,10-Q,2025-11-19,2025-07-28,2025-10-26,36010000000.0
1766,operating_income,OperatingIncomeLoss,USD,2026,FY,10-K,2026-02-25,2025-01-27,2026-01-25,130387000000.0
1767,r_and_d,ResearchAndDevelopmentExpense,USD,2010,FY,10-K,2010-03-18,2007-01-29,2008-01-27,691637000.0
1768,r_and_d,ResearchAndDevelopmentExpense,USD,2009,Q2,10-Q,2009-08-20,2008-01-25,2008-07-27,431740000.0
1769,r_and_d,ResearchAndDevelopmentExpense,USD,2009,Q2,10-Q,2009-08-20,2008-04-27,2008-07-27,212910000.0
1770,r_and_d,ResearchAndDevelopmentExpense,USD,2009,Q3,10-Q,2009-11-19,2008-01-28,2008-10-26,644100000.0
1771,r_and_d,ResearchAndDevelopmentExpense,USD,2009,Q3,10-Q,2009-11-19,2008-07-28,2008-10-26,212360000.0
1772,r_and_d,ResearchAndDevelopmentExpense,USD,2010,FY,10-K,2010-03-18,2008-01-28,2009-01-25,855879000.0
1773,r_and_d,ResearchAndDevelopmentExpense,USD,2010,FY,10-K,2011-03-16,2008-01-28,2009-01-25,855879000.0
1774,r_and_d,ResearchAndDevelopmentExpense,USD,2010,Q2,10-Q,2010-05-21,2009-01-26,2009-04-26,301797000.0
1775,r_and_d,ResearchAndDevelopmentExpense,USD,2009,Q2,10-Q,2009-08-20,2009-01-25,2009-07-26,494652000.0
1776,r_and_d,ResearchAndDevelopmentExpense,USD,2009,Q2,10-Q,2009-08-20,2009-04-27,2009-07-26,192855000.0
1777,r_and_d,ResearchAndDevelopmentExpense,USD,2010,Q3,10-Q,2010-08-30,2009-01-26,2009-07-26,494652000.0
1778,r_and_d,ResearchAndDevelopmentExpense,USD,2010,Q3,10-Q,2010-08-30,2009-04-27,2009-07-26,192855000.0
1779,r_and_d,ResearchAndDevelopmentExpense,USD,2009,Q3,10-Q,2009-11-19,2009-01-26,2009-10-25,692600000.0
1780,r_and_d,ResearchAndDevelopmentExpense,USD,2009,Q3,10-Q,2009-11-19,2009-07-27,2009-10-25,197948000.0
1781,r_and_d,ResearchAndDevelopmentExpense,USD,2010,Q3,10-Q,2010-12-07,2009-01-26,2009-10-25,692600000.0
1782,r_and_d,ResearchAndDevelopmentExpense,USD,2010,Q3,10-Q,2010-12-07,2009-07-27,2009-10-25,197948000.0
1783,r_and_d,ResearchAndDevelopmentExpense,USD,2010,FY,10-K,2010-03-18,2009-01-26,2010-01-31,908851000.0
1784,r_and_d,ResearchAndDevelopmentExpense,USD,2010,FY,10-K,2011-03-16,2009-01-26,2010-01-31,908851000.0
1785,r_and_d,ResearchAndDevelopmentExpense,USD,2011,FY,10-K,2012-03-13,2009-01-26,2010-01-31,908851000.0
1786,r_and_d,ResearchAndDevelopmentExpense,USD,2010,Q2,10-Q,2010-05-21,2010-02-01,2010-05-02,218105000.0
1787,r_and_d,ResearchAndDevelopmentExpense,USD,2011,Q1,10-Q,2011-05-27,2010-02-01,2010-05-02,218105000.0
1788,r_and_d,ResearchAndDevelopmentExpense,USD,2010,Q3,10-Q,2010-08-30,2010-02-01,2010-08-01,428740000.0
1789,r_and_d,ResearchAndDevelopmentExpense,USD,2010,Q3,10-Q,2010-08-30,2010-05-03,2010-08-01,210635000.0
1790,r_and_d,ResearchAndDevelopmentExpense,USD,2011,Q2,10-Q,2011-08-25,2010-02-01,2010-08-01,428740000.0
1791,r_and_d,ResearchAndDevelopmentExpense,USD,2011,Q2,10-Q,2011-08-25,2010-05-03,2010-08-01,210635000.0
1792,r_and_d,ResearchAndDevelopmentExpense,USD,2010,Q3,10-Q,2010-12-07,2010-02-01,2010-10-31,633267000.0
1793,r_and_d,ResearchAndDevelopmentExpense,USD,2010,Q3,10-Q,2010-12-07,2010-08-02,2010-10-31,204527000.0
1794,r_and_d,ResearchAndDevelopmentExpense,USD,2011,Q3,10-Q,2011-11-22,2010-02-01,2010-10-31,633267000.0
1795,r_and_d,ResearchAndDevelopmentExpense,USD,2011,Q3,10-Q,2011-11-22,2010-08-02,2010-10-31,204527000.0
1796,r_and_d,ResearchAndDevelopmentExpense,USD,2010,FY,10-K,2011-03-16,2010-02-01,2011-01-30,848830000.0
1797,r_and_d,ResearchAndDevelopmentExpense,USD,2011,FY,10-K,2012-03-13,2010-02-01,2011-01-30,848830000.0
1798,r_and_d,ResearchAndDevelopmentExpense,USD,2012,FY,10-K,2013-03-12,2010-02-01,2011-01-30,848830000.0
1799,r_and_d,ResearchAndDevelopmentExpense,USD,2011,Q1,10-Q,2011-05-27,2011-01-31,2011-05-01,231524000.0
1800,r_and_d,ResearchAndDevelopmentExpense,USD,2012,Q1,10-Q,2012-05-23,2011-01-31,2011-05-01,231524000.0
1801,r_and_d,ResearchAndDevelopmentExpense,USD,2011,Q2,10-Q,2011-08-25,2011-01-31,2011-07-31,479245000.0
1802,r_and_d,ResearchAndDevelopmentExpense,USD,2011,Q2,10-Q,2011-08-25,2011-05-02,2011-07-31,247721000.0
1803,r_and_d,ResearchAndDevelopmentExpense,USD,2012,Q2,10-Q,2012-08-22,2011-01-31,2011-07-31,479245000.0
1804,r_and_d,ResearchAndDevelopmentExpense,USD,2012,Q2,10-Q,2012-08-22,2011-05-02,2011-07-31,247721000.0
1805,r_and_d,ResearchAndDevelopmentExpense,USD,2011,Q3,10-Q,2011-11-22,2011-01-31,2011-10-30,735743000.0
1806,r_and_d,ResearchAndDevelopmentExpense,USD,2011,Q3,10-Q,2011-11-22,2011-08-01,2011-10-30,256498000.0
1807,r_and_d,ResearchAndDevelopmentExpense,USD,2012,Q3,10-Q,2012-11-19,2011-01-31,2011-10-30,735743000.0
1808,r_and_d,ResearchAndDevelopmentExpense,USD,2012,Q3,10-Q,2012-11-19,2011-08-01,2011-10-30,256498000.0
1809,r_and_d,ResearchAndDevelopmentExpense,USD,2011,FY,10-K,2012-03-13,2011-01-31,2012-01-29,1002605000.0
1810,r_and_d,ResearchAndDevelopmentExpense,USD,2012,FY,10-K,2013-03-12,2011-01-31,2012-01-29,1002605000.0
1811,r_and_d,ResearchAndDevelopmentExpense,USD,2013,FY,10-K,2014-03-13,2011-01-31,2012-01-29,1002605000.0
1812,r_and_d,ResearchAndDevelopmentExpense,USD,2012,Q1,10-Q,2012-05-23,2012-01-30,2012-04-29,283902000.0
1813,r_and_d,ResearchAndDevelopmentExpense,USD,2013,Q1,10-Q,2013-05-22,2012-01-30,2012-04-29,283902000.0
1814,r_and_d,ResearchAndDevelopmentExpense,USD,2012,Q2,10-Q,2012-08-22,2012-01-30,2012-07-29,565095000.0
1815,r_and_d,ResearchAndDevelopmentExpense,USD,2012,Q2,10-Q,2012-08-22,2012-04-30,2012-07-29,281193000.0
1816,r_and_d,ResearchAndDevelopmentExpense,USD,2013,Q2,10-Q,2013-08-21,2012-01-30,2012-07-29,565095000.0
1817,r_and_d,ResearchAndDevelopmentExpense,USD,2013,Q2,10-Q,2013-08-21,2012-04-30,2012-07-29,281193000.0
1818,r_and_d,ResearchAndDevelopmentExpense,USD,2012,Q3,10-Q,2012-11-19,2012-01-30,2012-10-28,849275000.0
1819,r_and_d,ResearchAndDevelopmentExpense,USD,2012,Q3,10-Q,2012-11-19,2012-07-30,2012-10-28,284180000.0
1820,r_and_d,ResearchAndDevelopmentExpense,USD,2013,Q3,10-Q,2013-11-19,2012-01-30,2012-10-28,849275000.0
1821,r_and_d,ResearchAndDevelopmentExpense,USD,2013,Q3,10-Q,2013-11-19,2012-07-30,2012-10-28,284180000.0
1822,r_and_d,ResearchAndDevelopmentExpense,USD,2012,FY,10-K,2013-03-12,2012-01-30,2013-01-27,1147282000.0
1823,r_and_d,ResearchAndDevelopmentExpense,USD,2013,FY,10-K,2014-03-13,2012-01-30,2013-01-27,1147282000.0
1824,r_and_d,ResearchAndDevelopmentExpense,USD,2015,FY,10-K,2015-03-12,2012-01-30,2013-01-27,1147282000.0
1825,r_and_d,ResearchAndDevelopmentExpense,USD,2013,Q1,10-Q,2013-05-22,2013-01-28,2013-04-28,327161000.0
1826,r_and_d,ResearchAndDevelopmentExpense,USD,2014,Q1,10-Q,2014-05-21,2013-01-28,2013-04-28,327161000.0
1827,r_and_d,ResearchAndDevelopmentExpense,USD,2013,Q2,10-Q,2013-08-21,2013-01-28,2013-07-28,658899000.0
1828,r_and_d,ResearchAndDevelopmentExpense,USD,2013,Q2,10-Q,2013-08-21,2013-04-29,2013-07-28,331738000.0
1829,r_and_d,ResearchAndDevelopmentExpense,USD,2015,Q2,10-Q,2014-08-20,2013-01-28,2013-07-28,658899000.0
1830,r_and_d,ResearchAndDevelopmentExpense,USD,2015,Q2,10-Q,2014-08-20,2013-04-29,2013-07-28,331738000.0
1831,r_and_d,ResearchAndDevelopmentExpense,USD,2013,Q3,10-Q,2013-11-19,2013-01-28,2013-10-27,999193000.0
1832,r_and_d,ResearchAndDevelopmentExpense,USD,2013,Q3,10-Q,2013-11-19,2013-07-29,2013-10-27,340294000.0
1833,r_and_d,ResearchAndDevelopmentExpense,USD,2015,Q3,10-Q,2014-11-19,2013-01-28,2013-10-27,999193000.0
1834,r_and_d,ResearchAndDevelopmentExpense,USD,2015,Q3,10-Q,2014-11-19,2013-07-29,2013-10-27,340294000.0
1835,r_and_d,ResearchAndDevelopmentExpense,USD,2013,FY,10-K,2014-03-13,2013-01-28,2014-01-26,1335834000.0
1836,r_and_d,ResearchAndDevelopmentExpense,USD,2015,FY,10-K,2015-03-12,2013-01-28,2014-01-26,1335834000.0
1837,r_and_d,ResearchAndDevelopmentExpense,USD,2016,FY,10-K,2016-03-17,2013-01-28,2014-01-26,1336000000.0
1838,r_and_d,ResearchAndDevelopmentExpense,USD,2014,Q1,10-Q,2014-05-21,2014-01-27,2014-04-27,334263000.0
1839,r_and_d,ResearchAndDevelopmentExpense,USD,2016,Q1,10-Q,2015-05-20,2014-01-27,2014-04-27,334000000.0
1840,r_and_d,ResearchAndDevelopmentExpense,USD,2015,Q2,10-Q,2014-08-20,2014-01-27,2014-07-27,671387000.0
1841,r_and_d,ResearchAndDevelopmentExpense,USD,2015,Q2,10-Q,2014-08-20,2014-04-28,2014-07-27,337124000.0
1842,r_and_d,ResearchAndDevelopmentExpense,USD,2016,Q2,10-Q,2015-08-19,2014-01-27,2014-07-27,672000000.0
1843,r_and_d,ResearchAndDevelopmentExpense,USD,2016,Q2,10-Q,2015-08-19,2014-04-28,2014-07-27,337000000.0
1844,r_and_d,ResearchAndDevelopmentExpense,USD,2015,Q3,10-Q,2014-11-19,2014-01-27,2014-10-26,1011472000.0
1845,r_and_d,ResearchAndDevelopmentExpense,USD,2015,Q3,10-Q,2014-11-19,2014-07-28,2014-10-26,340085000.0
1846,r_and_d,ResearchAndDevelopmentExpense,USD,2016,Q3,10-Q,2015-11-18,2014-01-27,2014-10-26,1011000000.0
1847,r_and_d,ResearchAndDevelopmentExpense,USD,2016,Q3,10-Q,2015-11-18,2014-07-28,2014-10-26,340000000.0
1848,r_and_d,ResearchAndDevelopmentExpense,USD,2015,FY,10-K,2015-03-12,2014-01-27,2015-01-25,1359725000.0
1849,r_and_d,ResearchAndDevelopmentExpense,USD,2016,FY,10-K,2016-03-17,2014-01-27,2015-01-25,1360000000.0
1850,r_and_d,ResearchAndDevelopmentExpense,USD,2017,FY,10-K,2017-03-01,2014-01-27,2015-01-25,1360000000.0
1851,r_and_d,ResearchAndDevelopmentExpense,USD,2016,Q1,10-Q,2015-05-20,2015-01-26,2015-04-26,339000000.0
1852,r_and_d,ResearchAndDevelopmentExpense,USD,2017,Q1,10-Q,2016-05-25,2015-01-26,2015-04-26,339000000.0
1853,r_and_d,ResearchAndDevelopmentExpense,USD,2016,Q2,10-Q,2015-08-19,2015-01-26,2015-07-26,658000000.0
1854,r_and_d,ResearchAndDevelopmentExpense,USD,2016,Q2,10-Q,2015-08-19,2015-04-27,2015-07-26,320000000.0
1855,r_and_d,ResearchAndDevelopmentExpense,USD,2017,Q2,10-Q,2016-08-23,2015-01-26,2015-07-26,658000000.0
1856,r_and_d,ResearchAndDevelopmentExpense,USD,2017,Q2,10-Q,2016-08-23,2015-04-27,2015-07-26,320000000.0
1857,r_and_d,ResearchAndDevelopmentExpense,USD,2016,Q3,10-Q,2015-11-18,2015-01-26,2015-10-25,987000000.0
1858,r_and_d,ResearchAndDevelopmentExpense,USD,2016,Q3,10-Q,2015-11-18,2015-07-27,2015-10-25,329000000.0
1859,r_and_d,ResearchAndDevelopmentExpense,USD,2017,Q3,10-Q,2016-11-22,2015-01-26,2015-10-25,987000000.0
1860,r_and_d,ResearchAndDevelopmentExpense,USD,2017,Q3,10-Q,2016-11-22,2015-07-27,2015-10-25,329000000.0
1861,r_and_d,ResearchAndDevelopmentExpense,USD,2016,FY,10-K,2016-03-17,2015-01-26,2016-01-31,1331000000.0
1862,r_and_d,ResearchAndDevelopmentExpense,USD,2017,FY,10-K,2017-03-01,2015-01-26,2016-01-31,1331000000.0
1863,r_and_d,ResearchAndDevelopmentExpense,USD,2018,FY,10-K,2018-02-28,2015-01-26,2016-01-31,1331000000.0
1864,r_and_d,ResearchAndDevelopmentExpense,USD,2017,Q1,10-Q,2016-05-25,2016-02-01,2016-05-01,346000000.0
1865,r_and_d,ResearchAndDevelopmentExpense,USD,2018,Q1,10-Q,2017-05-23,2016-02-01,2016-05-01,346000000.0
1866,r_and_d,ResearchAndDevelopmentExpense,USD,2017,Q2,10-Q,2016-08-23,2016-02-01,2016-07-31,697000000.0
1867,r_and_d,ResearchAndDevelopmentExpense,USD,2017,Q2,10-Q,2016-08-23,2016-05-02,2016-07-31,350000000.0
1868,r_and_d,ResearchAndDevelopmentExpense,USD,2018,Q2,10-Q,2017-08-23,2016-02-01,2016-07-31,697000000.0
1869,r_and_d,ResearchAndDevelopmentExpense,USD,2018,Q2,10-Q,2017-08-23,2016-05-02,2016-07-31,350000000.0
1870,r_and_d,ResearchAndDevelopmentExpense,USD,2017,Q3,10-Q,2016-11-22,2016-02-01,2016-10-30,1069000000.0
1871,r_and_d,ResearchAndDevelopmentExpense,USD,2017,Q3,10-Q,2016-11-22,2016-08-01,2016-10-30,373000000.0
1872,r_and_d,ResearchAndDevelopmentExpense,USD,2018,Q3,10-Q,2017-11-21,2016-02-01,2016-10-30,1069000000.0
1873,r_and_d,ResearchAndDevelopmentExpense,USD,2018,Q3,10-Q,2017-11-21,2016-08-01,2016-10-30,373000000.0
1874,r_and_d,ResearchAndDevelopmentExpense,USD,2017,FY,10-K,2017-03-01,2016-02-01,2017-01-29,1463000000.0
1875,r_and_d,ResearchAndDevelopmentExpense,USD,2018,FY,10-K,2018-02-28,2016-02-01,2017-01-29,1463000000.0
1876,r_and_d,ResearchAndDevelopmentExpense,USD,2019,FY,10-K,2019-02-21,2016-02-01,2017-01-29,1463000000.0
1877,r_and_d,ResearchAndDevelopmentExpense,USD,2018,Q1,10-Q,2017-05-23,2017-01-30,2017-04-30,411000000.0
1878,r_and_d,ResearchAndDevelopmentExpense,USD,2019,Q1,10-Q,2018-05-22,2017-01-30,2017-04-30,411000000.0
1879,r_and_d,ResearchAndDevelopmentExpense,USD,2018,Q2,10-Q,2017-08-23,2017-01-30,2017-07-30,827000000.0
1880,r_and_d,ResearchAndDevelopmentExpense,USD,2018,Q2,10-Q,2017-08-23,2017-05-01,2017-07-30,416000000.0
1881,r_and_d,ResearchAndDevelopmentExpense,USD,2019,Q2,10-Q,2018-08-16,2017-01-30,2017-07-30,827000000.0
1882,r_and_d,ResearchAndDevelopmentExpense,USD,2019,Q2,10-Q,2018-08-16,2017-05-01,2017-07-30,416000000.0
1883,r_and_d,ResearchAndDevelopmentExpense,USD,2018,Q3,10-Q,2017-11-21,2017-01-30,2017-10-29,1290000000.0
1884,r_and_d,ResearchAndDevelopmentExpense,USD,2018,Q3,10-Q,2017-11-21,2017-07-31,2017-10-29,462000000.0
1885,r_and_d,ResearchAndDevelopmentExpense,USD,2019,Q3,10-Q,2018-11-15,2017-01-30,2017-10-29,1290000000.0
1886,r_and_d,ResearchAndDevelopmentExpense,USD,2019,Q3,10-Q,2018-11-15,2017-07-31,2017-10-29,462000000.0
1887,r_and_d,ResearchAndDevelopmentExpense,USD,2018,FY,10-K,2018-02-28,2017-01-30,2018-01-28,1797000000.0
1888,r_and_d,ResearchAndDevelopmentExpense,USD,2019,FY,10-K,2019-02-21,2017-01-30,2018-01-28,1797000000.0
1889,r_and_d,ResearchAndDevelopmentExpense,USD,2020,FY,10-K,2020-02-20,2017-01-30,2018-01-28,1797000000.0
1890,r_and_d,ResearchAndDevelopmentExpense,USD,2019,Q1,10-Q,2018-05-22,2018-01-29,2018-04-29,542000000.0
1891,r_and_d,ResearchAndDevelopmentExpense,USD,2020,Q1,10-Q,2019-05-16,2018-01-29,2018-04-29,542000000.0
1892,r_and_d,ResearchAndDevelopmentExpense,USD,2019,Q2,10-Q,2018-08-16,2018-01-29,2018-07-29,1124000000.0
1893,r_and_d,ResearchAndDevelopmentExpense,USD,2019,Q2,10-Q,2018-08-16,2018-04-30,2018-07-29,581000000.0
1894,r_and_d,ResearchAndDevelopmentExpense,USD,2020,Q2,10-Q,2019-08-15,2018-01-29,2018-07-29,1124000000.0
1895,r_and_d,ResearchAndDevelopmentExpense,USD,2020,Q2,10-Q,2019-08-15,2018-04-30,2018-07-29,581000000.0
1896,r_and_d,ResearchAndDevelopmentExpense,USD,2019,Q3,10-Q,2018-11-15,2018-01-29,2018-10-28,1729000000.0
1897,r_and_d,ResearchAndDevelopmentExpense,USD,2019,Q3,10-Q,2018-11-15,2018-07-30,2018-10-28,605000000.0
1898,r_and_d,ResearchAndDevelopmentExpense,USD,2020,Q3,10-Q,2019-11-14,2018-01-29,2018-10-28,1729000000.0
1899,r_and_d,ResearchAndDevelopmentExpense,USD,2020,Q3,10-Q,2019-11-14,2018-07-30,2018-10-28,605000000.0
1900,r_and_d,ResearchAndDevelopmentExpense,USD,2019,FY,10-K,2019-02-21,2018-01-29,2019-01-27,2376000000.0
1901,r_and_d,ResearchAndDevelopmentExpense,USD,2020,FY,10-K,2020-02-20,2018-01-29,2019-01-27,2376000000.0
1902,r_and_d,ResearchAndDevelopmentExpense,USD,2021,FY,10-K,2021-02-26,2018-01-29,2019-01-27,2376000000.0
1903,r_and_d,ResearchAndDevelopmentExpense,USD,2020,Q1,10-Q,2019-05-16,2019-01-28,2019-04-28,674000000.0
1904,r_and_d,ResearchAndDevelopmentExpense,USD,2020,Q1,10-Q,2020-05-21,2019-01-28,2019-04-28,674000000.0
1905,r_and_d,ResearchAndDevelopmentExpense,USD,2020,Q2,10-Q,2019-08-15,2019-01-28,2019-07-28,1379000000.0
1906,r_and_d,ResearchAndDevelopmentExpense,USD,2020,Q2,10-Q,2019-08-15,2019-04-29,2019-07-28,704000000.0
1907,r_and_d,ResearchAndDevelopmentExpense,USD,2020,Q2,10-Q,2020-08-19,2019-01-28,2019-07-28,1379000000.0
1908,r_and_d,ResearchAndDevelopmentExpense,USD,2020,Q2,10-Q,2020-08-19,2019-04-29,2019-07-28,704000000.0
1909,r_and_d,ResearchAndDevelopmentExpense,USD,2020,Q3,10-Q,2019-11-14,2019-01-28,2019-10-27,2091000000.0
1910,r_and_d,ResearchAndDevelopmentExpense,USD,2020,Q3,10-Q,2019-11-14,2019-07-29,2019-10-27,712000000.0
1911,r_and_d,ResearchAndDevelopmentExpense,USD,2021,Q3,10-Q,2020-11-18,2019-01-28,2019-10-27,2091000000.0
1912,r_and_d,ResearchAndDevelopmentExpense,USD,2021,Q3,10-Q,2020-11-18,2019-07-29,2019-10-27,712000000.0
1913,r_and_d,ResearchAndDevelopmentExpense,USD,2020,FY,10-K,2020-02-20,2019-01-28,2020-01-26,2829000000.0
1914,r_and_d,ResearchAndDevelopmentExpense,USD,2021,FY,10-K,2021-02-26,2019-01-28,2020-01-26,2829000000.0
1915,r_and_d,ResearchAndDevelopmentExpense,USD,2022,FY,10-K,2022-03-18,2019-01-28,2020-01-26,2829000000.0
1916,r_and_d,ResearchAndDevelopmentExpense,USD,2020,Q1,10-Q,2020-05-21,2020-01-27,2020-04-26,735000000.0
1917,r_and_d,ResearchAndDevelopmentExpense,USD,2022,Q1,10-Q,2021-05-26,2020-01-27,2020-04-26,735000000.0
1918,r_and_d,ResearchAndDevelopmentExpense,USD,2020,Q2,10-Q,2020-08-19,2020-01-27,2020-07-26,1732000000.0
1919,r_and_d,ResearchAndDevelopmentExpense,USD,2020,Q2,10-Q,2020-08-19,2020-04-27,2020-07-26,997000000.0
1920,r_and_d,ResearchAndDevelopmentExpense,USD,2022,Q2,10-Q,2021-08-20,2020-01-27,2020-07-26,1732000000.0
1921,r_and_d,ResearchAndDevelopmentExpense,USD,2022,Q2,10-Q,2021-08-20,2020-04-27,2020-07-26,997000000.0
1922,r_and_d,ResearchAndDevelopmentExpense,USD,2021,Q3,10-Q,2020-11-18,2020-01-27,2020-10-25,2778000000.0
1923,r_and_d,ResearchAndDevelopmentExpense,USD,2021,Q3,10-Q,2020-11-18,2020-07-27,2020-10-25,1047000000.0
1924,r_and_d,ResearchAndDevelopmentExpense,USD,2022,Q3,10-Q,2021-11-22,2020-01-27,2020-10-25,2778000000.0
1925,r_and_d,ResearchAndDevelopmentExpense,USD,2022,Q3,10-Q,2021-11-22,2020-07-27,2020-10-25,1047000000.0
1926,r_and_d,ResearchAndDevelopmentExpense,USD,2021,FY,10-K,2021-02-26,2020-01-27,2021-01-31,3924000000.0
1927,r_and_d,ResearchAndDevelopmentExpense,USD,2022,FY,10-K,2022-03-18,2020-01-27,2021-01-31,3924000000.0
1928,r_and_d,ResearchAndDevelopmentExpense,USD,2023,FY,10-K,2023-02-24,2020-01-27,2021-01-31,3924000000.0
1929,r_and_d,ResearchAndDevelopmentExpense,USD,2022,Q1,10-Q,2021-05-26,2021-02-01,2021-05-02,1153000000.0
1930,r_and_d,ResearchAndDevelopmentExpense,USD,2023,Q1,10-Q,2022-05-27,2021-02-01,2021-05-02,1153000000.0
1931,r_and_d,ResearchAndDevelopmentExpense,USD,2022,Q2,10-Q,2021-08-20,2021-02-01,2021-08-01,2398000000.0
1932,r_and_d,ResearchAndDevelopmentExpense,USD,2022,Q2,10-Q,2021-08-20,2021-05-03,2021-08-01,1245000000.0
1933,r_and_d,ResearchAndDevelopmentExpense,USD,2023,Q2,10-Q,2022-08-31,2021-02-01,2021-08-01,2398000000.0
1934,r_and_d,ResearchAndDevelopmentExpense,USD,2023,Q2,10-Q,2022-08-31,2021-05-03,2021-08-01,1245000000.0
1935,r_and_d,ResearchAndDevelopmentExpense,USD,2022,Q3,10-Q,2021-11-22,2021-02-01,2021-10-31,3802000000.0
1936,r_and_d,ResearchAndDevelopmentExpense,USD,2022,Q3,10-Q,2021-11-22,2021-08-02,2021-10-31,1403000000.0
1937,r_and_d,ResearchAndDevelopmentExpense,USD,2023,Q3,10-Q,2022-11-18,2021-02-01,2021-10-31,3802000000.0
1938,r_and_d,ResearchAndDevelopmentExpense,USD,2023,Q3,10-Q,2022-11-18,2021-08-02,2021-10-31,1403000000.0
1939,r_and_d,ResearchAndDevelopmentExpense,USD,2022,FY,10-K,2022-03-18,2021-02-01,2022-01-30,5268000000.0
1940,r_and_d,ResearchAndDevelopmentExpense,USD,2023,FY,10-K,2023-02-24,2021-02-01,2022-01-30,5268000000.0
1941,r_and_d,ResearchAndDevelopmentExpense,USD,2024,FY,10-K,2024-02-21,2021-02-01,2022-01-30,5268000000.0
1942,r_and_d,ResearchAndDevelopmentExpense,USD,2023,Q1,10-Q,2022-05-27,2022-01-31,2022-05-01,1618000000.0
1943,r_and_d,ResearchAndDevelopmentExpense,USD,2024,Q1,10-Q,2023-05-26,2022-01-31,2022-05-01,1618000000.0
1944,r_and_d,ResearchAndDevelopmentExpense,USD,2023,Q2,10-Q,2022-08-31,2022-01-31,2022-07-31,3443000000.0
1945,r_and_d,ResearchAndDevelopmentExpense,USD,2023,Q2,10-Q,2022-08-31,2022-05-02,2022-07-31,1824000000.0
1946,r_and_d,ResearchAndDevelopmentExpense,USD,2024,Q2,10-Q,2023-08-28,2022-01-31,2022-07-31,3443000000.0
1947,r_and_d,ResearchAndDevelopmentExpense,USD,2024,Q2,10-Q,2023-08-28,2022-05-02,2022-07-31,1824000000.0
1948,r_and_d,ResearchAndDevelopmentExpense,USD,2023,Q3,10-Q,2022-11-18,2022-01-31,2022-10-30,5387000000.0
1949,r_and_d,ResearchAndDevelopmentExpense,USD,2023,Q3,10-Q,2022-11-18,2022-08-01,2022-10-30,1945000000.0
1950,r_and_d,ResearchAndDevelopmentExpense,USD,2024,Q3,10-Q,2023-11-21,2022-01-31,2022-10-30,5387000000.0
1951,r_and_d,ResearchAndDevelopmentExpense,USD,2024,Q3,10-Q,2023-11-21,2022-08-01,2022-10-30,1945000000.0
1952,r_and_d,ResearchAndDevelopmentExpense,USD,2023,FY,10-K,2023-02-24,2022-01-31,2023-01-29,7339000000.0
1953,r_and_d,ResearchAndDevelopmentExpense,USD,2024,FY,10-K,2024-02-21,2022-01-31,2023-01-29,7339000000.0
1954,r_and_d,ResearchAndDevelopmentExpense,USD,2025,FY,10-K,2025-02-26,2022-01-31,2023-01-29,7339000000.0
1955,r_and_d,ResearchAndDevelopmentExpense,USD,2024,Q1,10-Q,2023-05-26,2023-01-30,2023-04-30,1875000000.0
1956,r_and_d,ResearchAndDevelopmentExpense,USD,2025,Q1,10-Q,2024-05-29,2023-01-30,2023-04-30,1875000000.0
1957,r_and_d,ResearchAndDevelopmentExpense,USD,2024,Q2,10-Q,2023-08-28,2023-01-30,2023-07-30,3916000000.0
1958,r_and_d,ResearchAndDevelopmentExpense,USD,2024,Q2,10-Q,2023-08-28,2023-05-01,2023-07-30,2040000000.0
1959,r_and_d,ResearchAndDevelopmentExpense,USD,2025,Q2,10-Q,2024-08-28,2023-01-30,2023-07-30,3916000000.0
1960,r_and_d,ResearchAndDevelopmentExpense,USD,2025,Q2,10-Q,2024-08-28,2023-05-01,2023-07-30,2040000000.0
1961,r_and_d,ResearchAndDevelopmentExpense,USD,2024,Q3,10-Q,2023-11-21,2023-01-30,2023-10-29,6210000000.0
1962,r_and_d,ResearchAndDevelopmentExpense,USD,2024,Q3,10-Q,2023-11-21,2023-07-31,2023-10-29,2294000000.0
1963,r_and_d,ResearchAndDevelopmentExpense,USD,2025,Q3,10-Q,2024-11-20,2023-01-30,2023-10-29,6210000000.0
1964,r_and_d,ResearchAndDevelopmentExpense,USD,2025,Q3,10-Q,2024-11-20,2023-07-31,2023-10-29,2294000000.0
1965,r_and_d,ResearchAndDevelopmentExpense,USD,2024,FY,10-K,2024-02-21,2023-01-30,2024-01-28,8675000000.0
1966,r_and_d,ResearchAndDevelopmentExpense,USD,2025,FY,10-K,2025-02-26,2023-01-30,2024-01-28,8675000000.0
1967,r_and_d,ResearchAndDevelopmentExpense,USD,2026,FY,10-K,2026-02-25,2023-01-30,2024-01-28,8675000000.0
1968,r_and_d,ResearchAndDevelopmentExpense,USD,2025,Q1,10-Q,2024-05-29,2024-01-29,2024-04-28,2720000000.0
1969,r_and_d,ResearchAndDevelopmentExpense,USD,2026,Q1,10-Q,2025-05-28,2024-01-29,2024-04-28,2720000000.0
1970,r_and_d,ResearchAndDevelopmentExpense,USD,2025,Q2,10-Q,2024-08-28,2024-01-29,2024-07-28,5810000000.0
1971,r_and_d,ResearchAndDevelopmentExpense,USD,2025,Q2,10-Q,2024-08-28,2024-04-29,2024-07-28,3090000000.0
1972,r_and_d,ResearchAndDevelopmentExpense,USD,2026,Q2,10-Q,2025-08-27,2024-01-29,2024-07-28,5810000000.0
1973,r_and_d,ResearchAndDevelopmentExpense,USD,2026,Q2,10-Q,2025-08-27,2024-04-29,2024-07-28,3090000000.0
1974,r_and_d,ResearchAndDevelopmentExpense,USD,2025,Q3,10-Q,2024-11-20,2024-01-29,2024-10-27,9200000000.0
1975,r_and_d,ResearchAndDevelopmentExpense,USD,2025,Q3,10-Q,2024-11-20,2024-07-29,2024-10-27,3390000000.0
1976,r_and_d,ResearchAndDevelopmentExpense,USD,2026,Q3,10-Q,2025-11-19,2024-01-29,2024-10-27,9200000000.0
1977,r_and_d,ResearchAndDevelopmentExpense,USD,2026,Q3,10-Q,2025-11-19,2024-07-29,2024-10-27,3390000000.0
1978,r_and_d,ResearchAndDevelopmentExpense,USD,2025,FY,10-K,2025-02-26,2024-01-29,2025-01-26,12914000000.0
1979,r_and_d,ResearchAndDevelopmentExpense,USD,2026,FY,10-K,2026-02-25,2024-01-29,2025-01-26,12914000000.0
1980,r_and_d,ResearchAndDevelopmentExpense,USD,2026,Q1,10-Q,2025-05-28,2025-01-27,2025-04-27,3989000000.0
1981,r_and_d,ResearchAndDevelopmentExpense,USD,2026,Q2,10-Q,2025-08-27,2025-01-27,2025-07-27,8280000000.0
1982,r_and_d,ResearchAndDevelopmentExpense,USD,2026,Q2,10-Q,2025-08-27,2025-04-28,2025-07-27,4291000000.0
1983,r_and_d,ResearchAndDevelopmentExpense,USD,2026,Q3,10-Q,2025-11-19,2025-01-27,2025-10-26,12985000000.0
1984,r_and_d,ResearchAndDevelopmentExpense,USD,2026,Q3,10-Q,2025-11-19,2025-07-28,2025-10-26,4705000000.0
1985,r_and_d,ResearchAndDevelopmentExpense,USD,2026,FY,10-K,2026-02-25,2025-01-27,2026-01-25,18497000000.0
1986,revenue,Revenues,USD,2010,FY,10-K,2010-03-18,2007-01-29,2008-01-27,4097860000.0
1987,revenue,Revenues,USD,2009,Q2,10-Q,2009-08-20,2008-01-25,2008-07-27,2046064000.0
1988,revenue,Revenues,USD,2009,Q2,10-Q,2009-08-20,2008-04-27,2008-07-27,892676000.0
1989,revenue,Revenues,USD,2009,Q3,10-Q,2009-11-19,2008-01-28,2008-10-26,2943719000.0
1990,revenue,Revenues,USD,2009,Q3,10-Q,2009-11-19,2008-07-28,2008-10-26,897655000.0
1991,revenue,Revenues,USD,2010,FY,10-K,2010-03-18,2008-01-28,2009-01-25,3424859000.0
1992,revenue,Revenues,USD,2010,FY,10-K,2011-03-16,2008-01-28,2009-01-25,3424859000.0
1993,revenue,Revenues,USD,2010,Q2,10-Q,2010-05-21,2009-01-26,2009-04-26,664231000.0
1994,revenue,Revenues,USD,2010,FY,10-K,2011-03-16,2009-01-26,2009-04-26,664231000.0
1995,revenue,Revenues,USD,2009,Q2,10-Q,2009-08-20,2009-01-25,2009-07-26,1440751000.0
1996,revenue,Revenues,USD,2009,Q2,10-Q,2009-08-20,2009-04-27,2009-07-26,776520000.0
1997,revenue,Revenues,USD,2010,Q3,10-Q,2010-08-30,2009-01-26,2009-07-26,1440751000.0
1998,revenue,Revenues,USD,2010,Q3,10-Q,2010-08-30,2009-04-27,2009-07-26,776520000.0
1999,revenue,Revenues,USD,2010,FY,10-K,2011-03-16,2009-04-27,2009-07-26,776520000.0
2000,revenue,Revenues,USD,2009,Q3,10-Q,2009-11-19,2009-01-26,2009-10-25,2343957000.0
2001,revenue,Revenues,USD,2009,Q3,10-Q,2009-11-19,2009-07-27,2009-10-25,903206000.0
2002,revenue,Revenues,USD,2010,Q3,10-Q,2010-12-07,2009-01-26,2009-10-25,2343957000.0
2003,revenue,Revenues,USD,2010,Q3,10-Q,2010-12-07,2009-07-27,2009-10-25,903206000.0
2004,revenue,Revenues,USD,2010,FY,10-K,2011-03-16,2009-07-27,2009-10-25,903206000.0
2005,revenue,Revenues,USD,2010,FY,10-K,2010-03-18,2009-01-26,2010-01-31,3326445000.0
2006,revenue,Revenues,USD,2010,FY,10-K,2011-03-16,2009-01-26,2010-01-31,3326445000.0
2007,revenue,Revenues,USD,2010,FY,10-K,2011-03-16,2009-10-26,2010-01-31,982488000.0
2008,revenue,Revenues,USD,2011,FY,10-K,2012-03-13,2009-01-26,2010-01-31,3326445000.0
2009,revenue,Revenues,USD,2010,Q2,10-Q,2010-05-21,2010-02-01,2010-05-02,1001813000.0
2010,revenue,Revenues,USD,2010,FY,10-K,2011-03-16,2010-02-01,2010-05-02,1001813000.0
2011,revenue,Revenues,USD,2011,Q1,10-Q,2011-05-27,2010-02-01,2010-05-02,1001813000.0
2012,revenue,Revenues,USD,2011,FY,10-K,2012-03-13,2010-02-01,2010-05-02,1001813000.0
2013,revenue,Revenues,USD,2011,FY,10-K,2012-03-13,2010-05-03,2010-07-31,811208000.0
2014,revenue,Revenues,USD,2010,Q3,10-Q,2010-08-30,2010-02-01,2010-08-01,1813021000.0
2015,revenue,Revenues,USD,2010,Q3,10-Q,2010-08-30,2010-05-03,2010-08-01,811208000.0
2016,revenue,Revenues,USD,2010,FY,10-K,2011-03-16,2010-05-03,2010-08-01,811208000.0
2017,revenue,Revenues,USD,2011,Q2,10-Q,2011-08-25,2010-02-01,2010-08-01,1813021000.0
2018,revenue,Revenues,USD,2011,Q2,10-Q,2011-08-25,2010-05-03,2010-08-01,811208000.0
2019,revenue,Revenues,USD,2010,Q3,10-Q,2010-12-07,2010-02-01,2010-10-31,2656933000.0
2020,revenue,Revenues,USD,2010,Q3,10-Q,2010-12-07,2010-08-02,2010-10-31,843912000.0
2021,revenue,Revenues,USD,2010,FY,10-K,2011-03-16,2010-08-02,2010-10-31,843912000.0
2022,revenue,Revenues,USD,2011,Q3,10-Q,2011-11-22,2010-02-01,2010-10-31,2656933000.0
2023,revenue,Revenues,USD,2011,Q3,10-Q,2011-11-22,2010-08-02,2010-10-31,843912000.0
2024,revenue,Revenues,USD,2011,FY,10-K,2012-03-13,2010-08-02,2010-10-31,843912000.0
2025,revenue,Revenues,USD,2010,FY,10-K,2011-03-16,2010-02-01,2011-01-30,3543309000.0
2026,revenue,Revenues,USD,2010,FY,10-K,2011-03-16,2010-11-01,2011-01-30,886376000.0
2027,revenue,Revenues,USD,2011,FY,10-K,2012-03-13,2010-02-01,2011-01-30,3543309000.0
2028,revenue,Revenues,USD,2011,FY,10-K,2012-03-13,2010-11-01,2011-01-30,886376000.0
2029,revenue,Revenues,USD,2012,FY,10-K,2013-03-12,2010-02-01,2011-01-30,3543309000.0
2030,revenue,Revenues,USD,2011,Q1,10-Q,2011-05-27,2011-01-31,2011-05-01,962039000.0
2031,revenue,Revenues,USD,2011,FY,10-K,2012-03-13,2011-01-31,2011-05-01,962039000.0
2032,revenue,Revenues,USD,2012,Q1,10-Q,2012-05-23,2011-01-31,2011-05-01,962039000.0
2033,revenue,Revenues,USD,2012,FY,10-K,2013-03-12,2011-01-31,2011-05-01,962039000.0
2034,revenue,Revenues,USD,2011,Q2,10-Q,2011-08-25,2011-01-31,2011-07-31,1978556000.0
2035,revenue,Revenues,USD,2011,Q2,10-Q,2011-08-25,2011-05-02,2011-07-31,1016517000.0
2036,revenue,Revenues,USD,2011,FY,10-K,2012-03-13,2011-05-02,2011-07-31,1016517000.0
2037,revenue,Revenues,USD,2012,Q2,10-Q,2012-08-22,2011-01-31,2011-07-31,1978556000.0
2038,revenue,Revenues,USD,2012,Q2,10-Q,2012-08-22,2011-05-02,2011-07-31,1016517000.0
2039,revenue,Revenues,USD,2012,FY,10-K,2013-03-12,2011-05-02,2011-07-31,1016517000.0
2040,revenue,Revenues,USD,2011,Q3,10-Q,2011-11-22,2011-01-31,2011-10-30,3044736000.0
2041,revenue,Revenues,USD,2011,Q3,10-Q,2011-11-22,2011-08-01,2011-10-30,1066180000.0
2042,revenue,Revenues,USD,2011,FY,10-K,2012-03-13,2011-08-01,2011-10-30,1066180000.0
2043,revenue,Revenues,USD,2012,Q3,10-Q,2012-11-19,2011-01-31,2011-10-30,3044736000.0
2044,revenue,Revenues,USD,2012,Q3,10-Q,2012-11-19,2011-08-01,2011-10-30,1066180000.0
2045,revenue,Revenues,USD,2012,FY,10-K,2013-03-12,2011-08-01,2011-10-30,1066180000.0
2046,revenue,Revenues,USD,2011,FY,10-K,2012-03-13,2011-01-31,2012-01-29,3997930000.0
2047,revenue,Revenues,USD,2011,FY,10-K,2012-03-13,2011-10-31,2012-01-29,953194000.0
2048,revenue,Revenues,USD,2012,FY,10-K,2013-03-12,2011-01-31,2012-01-29,3997930000.0
2049,revenue,Revenues,USD,2012,FY,10-K,2013-03-12,2011-10-31,2012-01-29,953194000.0
2050,revenue,Revenues,USD,2013,FY,10-K,2014-03-13,2011-01-31,2012-01-29,3997930000.0
2051,revenue,Revenues,USD,2012,Q1,10-Q,2012-05-23,2012-01-30,2012-04-29,924877000.0
2052,revenue,Revenues,USD,2012,FY,10-K,2013-03-12,2012-01-30,2012-04-29,924877000.0
2053,revenue,Revenues,USD,2013,Q1,10-Q,2013-05-22,2012-01-30,2012-04-29,924877000.0
2054,revenue,Revenues,USD,2013,FY,10-K,2014-03-13,2012-01-30,2012-04-29,924877000.0
2055,revenue,Revenues,USD,2012,Q2,10-Q,2012-08-22,2012-01-30,2012-07-29,1969147000.0
2056,revenue,Revenues,USD,2012,Q2,10-Q,2012-08-22,2012-04-30,2012-07-29,1044270000.0
2057,revenue,Revenues,USD,2012,FY,10-K,2013-03-12,2012-04-30,2012-07-29,1044270000.0
2058,revenue,Revenues,USD,2013,Q2,10-Q,2013-08-21,2012-01-30,2012-07-29,1969147000.0
2059,revenue,Revenues,USD,2013,Q2,10-Q,2013-08-21,2012-04-30,2012-07-29,1044270000.0
2060,revenue,Revenues,USD,2013,FY,10-K,2014-03-13,2012-04-30,2012-07-29,1044270000.0
2061,revenue,Revenues,USD,2012,Q3,10-Q,2012-11-19,2012-01-30,2012-10-28,3173257000.0
2062,revenue,Revenues,USD,2012,Q3,10-Q,2012-11-19,2012-07-30,2012-10-28,1204110000.0
2063,revenue,Revenues,USD,2012,FY,10-K,2013-03-12,2012-07-30,2012-10-28,1204110000.0
2064,revenue,Revenues,USD,2013,Q3,10-Q,2013-11-19,2012-01-30,2012-10-28,3173257000.0
2065,revenue,Revenues,USD,2013,Q3,10-Q,2013-11-19,2012-07-30,2012-10-28,1204110000.0
2066,revenue,Revenues,USD,2013,FY,10-K,2014-03-13,2012-07-30,2012-10-28,1204110000.0
2067,revenue,Revenues,USD,2012,FY,10-K,2013-03-12,2012-01-30,2013-01-27,4280159000.0
2068,revenue,Revenues,USD,2012,FY,10-K,2013-03-12,2012-10-29,2013-01-27,1106902000.0
2069,revenue,Revenues,USD,2013,FY,10-K,2014-03-13,2012-01-30,2013-01-27,4280159000.0
2070,revenue,Revenues,USD,2013,FY,10-K,2014-03-13,2012-10-29,2013-01-27,1106902000.0
2071,revenue,Revenues,USD,2015,FY,10-K,2015-03-12,2012-01-30,2013-01-27,4280159000.0
2072,revenue,Revenues,USD,2013,Q1,10-Q,2013-05-22,2013-01-28,2013-04-28,954739000.0
2073,revenue,Revenues,USD,2013,FY,10-K,2014-03-13,2013-01-28,2013-04-28,954739000.0
2074,revenue,Revenues,USD,2014,Q1,10-Q,2014-05-21,2013-01-28,2013-04-28,954739000.0
2075,revenue,Revenues,USD,2015,FY,10-K,2015-03-12,2013-01-28,2013-04-28,954739000.0
2076,revenue,Revenues,USD,2013,Q2,10-Q,2013-08-21,2013-01-28,2013-07-28,1931977000.0
2077,revenue,Revenues,USD,2013,Q2,10-Q,2013-08-21,2013-04-29,2013-07-28,977238000.0
2078,revenue,Revenues,USD,2013,FY,10-K,2014-03-13,2013-04-29,2013-07-28,977238000.0
2079,revenue,Revenues,USD,2015,Q2,10-Q,2014-08-20,2013-01-28,2013-07-28,1931977000.0
2080,revenue,Revenues,USD,2015,Q2,10-Q,2014-08-20,2013-04-29,2013-07-28,977238000.0
2081,revenue,Revenues,USD,2015,FY,10-K,2015-03-12,2013-04-29,2013-07-28,977238000.0
2082,revenue,Revenues,USD,2013,Q3,10-Q,2013-11-19,2013-01-28,2013-10-27,2985944000.0
2083,revenue,Revenues,USD,2013,Q3,10-Q,2013-11-19,2013-07-29,2013-10-27,1053967000.0
2084,revenue,Revenues,USD,2013,FY,10-K,2014-03-13,2013-07-29,2013-10-27,1053967000.0
2085,revenue,Revenues,USD,2015,Q3,10-Q,2014-11-19,2013-01-28,2013-10-27,2985944000.0
2086,revenue,Revenues,USD,2015,Q3,10-Q,2014-11-19,2013-07-29,2013-10-27,1053967000.0
2087,revenue,Revenues,USD,2015,FY,10-K,2015-03-12,2013-07-29,2013-10-27,1053967000.0
2088,revenue,Revenues,USD,2013,FY,10-K,2014-03-13,2013-01-28,2014-01-26,4130162000.0
2089,revenue,Revenues,USD,2013,FY,10-K,2014-03-13,2013-10-28,2014-01-26,1144218000.0
2090,revenue,Revenues,USD,2015,FY,10-K,2015-03-12,2013-01-28,2014-01-26,4130162000.0
2091,revenue,Revenues,USD,2015,FY,10-K,2015-03-12,2013-10-28,2014-01-26,1144218000.0
2092,revenue,Revenues,USD,2016,FY,10-K,2016-03-17,2013-01-28,2014-01-26,4130000000.0
2093,revenue,Revenues,USD,2014,Q1,10-Q,2014-05-21,2014-01-27,2014-04-27,1102787000.0
2094,revenue,Revenues,USD,2015,FY,10-K,2015-03-12,2014-01-27,2014-04-27,1102787000.0
2095,revenue,Revenues,USD,2016,Q1,10-Q,2015-05-20,2014-01-27,2014-04-27,1103000000.0
2096,revenue,Revenues,USD,2016,FY,10-K,2016-03-17,2014-01-27,2014-04-27,1103000000.0
2097,revenue,Revenues,USD,2015,Q2,10-Q,2014-08-20,2014-01-27,2014-07-27,2205611000.0
2098,revenue,Revenues,USD,2015,Q2,10-Q,2014-08-20,2014-04-28,2014-07-27,1102824000.0
2099,revenue,Revenues,USD,2015,FY,10-K,2015-03-12,2014-04-28,2014-07-27,1102824000.0
2100,revenue,Revenues,USD,2016,Q2,10-Q,2015-08-19,2014-01-27,2014-07-27,2206000000.0
2101,revenue,Revenues,USD,2016,Q2,10-Q,2015-08-19,2014-04-28,2014-07-27,1103000000.0
2102,revenue,Revenues,USD,2016,FY,10-K,2016-03-17,2014-04-28,2014-07-27,1103000000.0
2103,revenue,Revenues,USD,2015,Q3,10-Q,2014-11-19,2014-01-27,2014-10-26,3430993000.0
2104,revenue,Revenues,USD,2015,Q3,10-Q,2014-11-19,2014-07-28,2014-10-26,1225382000.0
2105,revenue,Revenues,USD,2015,FY,10-K,2015-03-12,2014-07-28,2014-10-26,1225382000.0
2106,revenue,Revenues,USD,2016,Q3,10-Q,2015-11-18,2014-01-27,2014-10-26,3431000000.0
2107,revenue,Revenues,USD,2016,Q3,10-Q,2015-11-18,2014-07-28,2014-10-26,1225000000.0
2108,revenue,Revenues,USD,2016,FY,10-K,2016-03-17,2014-07-28,2014-10-26,1225000000.0
2109,revenue,Revenues,USD,2015,FY,10-K,2015-03-12,2014-01-27,2015-01-25,4681507000.0
2110,revenue,Revenues,USD,2015,FY,10-K,2015-03-12,2014-10-27,2015-01-25,1250514000.0
2111,revenue,Revenues,USD,2016,FY,10-K,2016-03-17,2014-01-27,2015-01-25,4682000000.0
2112,revenue,Revenues,USD,2016,FY,10-K,2016-03-17,2014-10-27,2015-01-25,1251000000.0
2113,revenue,Revenues,USD,2017,FY,10-K,2017-03-01,2014-01-27,2015-01-25,4682000000.0
2114,revenue,Revenues,USD,2016,Q1,10-Q,2015-05-20,2015-01-26,2015-04-26,1151000000.0
2115,revenue,Revenues,USD,2016,FY,10-K,2016-03-17,2015-01-26,2015-04-26,1151000000.0
2116,revenue,Revenues,USD,2017,Q1,10-Q,2016-05-25,2015-01-26,2015-04-26,1151000000.0
2117,revenue,Revenues,USD,2017,FY,10-K,2017-03-01,2015-01-26,2015-04-26,1151000000.0
2118,revenue,Revenues,USD,2016,Q2,10-Q,2015-08-19,2015-01-26,2015-07-26,2304000000.0
2119,revenue,Revenues,USD,2016,Q2,10-Q,2015-08-19,2015-04-27,2015-07-26,1153000000.0
2120,revenue,Revenues,USD,2016,FY,10-K,2016-03-17,2015-04-27,2015-07-26,1153000000.0
2121,revenue,Revenues,USD,2017,Q2,10-Q,2016-08-23,2015-01-26,2015-07-26,2304000000.0
2122,revenue,Revenues,USD,2017,Q2,10-Q,2016-08-23,2015-04-27,2015-07-26,1153000000.0
2123,revenue,Revenues,USD,2017,FY,10-K,2017-03-01,2015-04-27,2015-07-26,1153000000.0
2124,revenue,Revenues,USD,2016,Q3,10-Q,2015-11-18,2015-01-26,2015-10-25,3609000000.0
2125,revenue,Revenues,USD,2016,Q3,10-Q,2015-11-18,2015-07-27,2015-10-25,1305000000.0
2126,revenue,Revenues,USD,2016,FY,10-K,2016-03-17,2015-07-27,2015-10-25,1305000000.0
2127,revenue,Revenues,USD,2017,Q3,10-Q,2016-11-22,2015-01-26,2015-10-25,3609000000.0
2128,revenue,Revenues,USD,2017,Q3,10-Q,2016-11-22,2015-07-27,2015-10-25,1305000000.0
2129,revenue,Revenues,USD,2017,FY,10-K,2017-03-01,2015-07-27,2015-10-25,1305000000.0
2130,revenue,Revenues,USD,2016,FY,10-K,2016-03-17,2015-01-26,2016-01-31,5010000000.0
2131,revenue,Revenues,USD,2016,FY,10-K,2016-03-17,2015-10-26,2016-01-31,1401000000.0
2132,revenue,Revenues,USD,2017,FY,10-K,2017-03-01,2015-01-26,2016-01-31,5010000000.0
2133,revenue,Revenues,USD,2017,FY,10-K,2017-03-01,2015-10-26,2016-01-31,1401000000.0
2134,revenue,Revenues,USD,2018,FY,10-K,2018-02-28,2015-01-26,2016-01-31,5010000000.0
2135,revenue,Revenues,USD,2017,Q1,10-Q,2016-05-25,2016-02-01,2016-05-01,1305000000.0
2136,revenue,Revenues,USD,2017,FY,10-K,2017-03-01,2016-02-01,2016-05-01,1305000000.0
2137,revenue,Revenues,USD,2018,Q1,10-Q,2017-05-23,2016-02-01,2016-05-01,1305000000.0
2138,revenue,Revenues,USD,2018,FY,10-K,2018-02-28,2016-02-01,2016-05-01,1305000000.0
2139,revenue,Revenues,USD,2017,Q2,10-Q,2016-08-23,2016-02-01,2016-07-31,2733000000.0
2140,revenue,Revenues,USD,2017,Q2,10-Q,2016-08-23,2016-05-02,2016-07-31,1428000000.0
2141,revenue,Revenues,USD,2017,FY,10-K,2017-03-01,2016-05-02,2016-07-31,1428000000.0
2142,revenue,Revenues,USD,2018,Q2,10-Q,2017-08-23,2016-02-01,2016-07-31,2733000000.0
2143,revenue,Revenues,USD,2018,Q2,10-Q,2017-08-23,2016-05-02,2016-07-31,1428000000.0
2144,revenue,Revenues,USD,2018,FY,10-K,2018-02-28,2016-05-02,2016-07-31,1428000000.0
2145,revenue,Revenues,USD,2017,Q3,10-Q,2016-11-22,2016-02-01,2016-10-30,4737000000.0
2146,revenue,Revenues,USD,2017,Q3,10-Q,2016-11-22,2016-08-01,2016-10-30,2004000000.0
2147,revenue,Revenues,USD,2017,FY,10-K,2017-03-01,2016-08-01,2016-10-30,2004000000.0
2148,revenue,Revenues,USD,2018,Q3,10-Q,2017-11-21,2016-02-01,2016-10-30,4737000000.0
2149,revenue,Revenues,USD,2018,Q3,10-Q,2017-11-21,2016-08-01,2016-10-30,2004000000.0
2150,revenue,Revenues,USD,2018,FY,10-K,2018-02-28,2016-08-01,2016-10-30,2004000000.0
2151,revenue,Revenues,USD,2017,FY,10-K,2017-03-01,2016-02-01,2017-01-29,6910000000.0
2152,revenue,Revenues,USD,2017,FY,10-K,2017-03-01,2016-10-31,2017-01-29,2173000000.0
2153,revenue,Revenues,USD,2018,FY,10-K,2018-02-28,2016-02-01,2017-01-29,6910000000.0
2154,revenue,Revenues,USD,2018,FY,10-K,2018-02-28,2016-10-31,2017-01-29,2173000000.0
2155,revenue,Revenues,USD,2018,Q1,10-Q,2017-05-23,2017-01-30,2017-04-30,1937000000.0
2156,revenue,Revenues,USD,2018,FY,10-K,2018-02-28,2017-01-30,2017-04-30,1937000000.0
2157,revenue,Revenues,USD,2019,Q1,10-Q,2018-05-22,2017-01-30,2017-04-30,1937000000.0
2158,revenue,Revenues,USD,2018,Q2,10-Q,2017-08-23,2017-01-30,2017-07-30,4167000000.0
2159,revenue,Revenues,USD,2018,Q2,10-Q,2017-08-23,2017-05-01,2017-07-30,2230000000.0
2160,revenue,Revenues,USD,2018,FY,10-K,2018-02-28,2017-01-30,2017-07-30,2230000000.0
2161,revenue,Revenues,USD,2019,Q2,10-Q,2018-08-16,2017-01-30,2017-07-30,4167000000.0
2162,revenue,Revenues,USD,2019,Q2,10-Q,2018-08-16,2017-05-01,2017-07-30,2230000000.0
2163,revenue,Revenues,USD,2018,Q3,10-Q,2017-11-21,2017-01-30,2017-10-29,6803000000.0
2164,revenue,Revenues,USD,2018,Q3,10-Q,2017-11-21,2017-07-31,2017-10-29,2636000000.0
2165,revenue,Revenues,USD,2018,FY,10-K,2018-02-28,2017-07-31,2017-10-29,2636000000.0
2166,revenue,Revenues,USD,2019,Q3,10-Q,2018-11-15,2017-01-30,2017-10-29,6803000000.0
2167,revenue,Revenues,USD,2019,Q3,10-Q,2018-11-15,2017-07-31,2017-10-29,2636000000.0
2168,revenue,Revenues,USD,2018,FY,10-K,2018-02-28,2017-01-30,2018-01-28,9714000000.0
2169,revenue,Revenues,USD,2018,FY,10-K,2018-02-28,2017-10-30,2018-01-28,2911000000.0
2170,revenue,Revenues,USD,2019,Q1,10-Q,2018-05-22,2018-01-29,2018-04-29,3207000000.0
2171,revenue,Revenues,USD,2020,Q1,10-Q,2019-05-16,2018-01-29,2018-04-29,3207000000.0
2172,revenue,Revenues,USD,2019,Q2,10-Q,2018-08-16,2018-01-29,2018-07-29,6330000000.0
2173,revenue,Revenues,USD,2019,Q2,10-Q,2018-08-16,2018-04-30,2018-07-29,3123000000.0
2174,revenue,Revenues,USD,2020,Q2,10-Q,2019-08-15,2018-01-29,2018-07-29,6330000000.0
2175,revenue,Revenues,USD,2020,Q2,10-Q,2019-08-15,2018-04-30,2018-07-29,3123000000.0
2176,revenue,Revenues,USD,2019,Q3,10-Q,2018-11-15,2018-01-29,2018-10-28,9511000000.0
2177,revenue,Revenues,USD,2019,Q3,10-Q,2018-11-15,2018-07-30,2018-10-28,3181000000.0
2178,revenue,Revenues,USD,2020,Q3,10-Q,2019-11-14,2018-01-29,2018-10-28,9511000000.0
2179,revenue,Revenues,USD,2020,Q3,10-Q,2019-11-14,2018-07-30,2018-10-28,3181000000.0
2180,revenue,Revenues,USD,2020,Q1,10-Q,2019-05-16,2019-01-28,2019-04-28,2220000000.0
2181,revenue,Revenues,USD,2020,Q1,10-Q,2020-05-21,2019-01-28,2019-04-28,2220000000.0
2182,revenue,Revenues,USD,2020,Q2,10-Q,2019-08-15,2019-01-28,2019-07-28,4799000000.0
2183,revenue,Revenues,USD,2020,Q2,10-Q,2019-08-15,2019-04-29,2019-07-28,2579000000.0
2184,revenue,Revenues,USD,2020,Q2,10-Q,2020-08-19,2019-01-28,2019-07-28,4799000000.0
2185,revenue,Revenues,USD,2020,Q2,10-Q,2020-08-19,2019-04-29,2019-07-28,2579000000.0
2186,revenue,Revenues,USD,2020,Q3,10-Q,2019-11-14,2019-01-28,2019-10-27,7813000000.0
2187,revenue,Revenues,USD,2020,Q3,10-Q,2019-11-14,2019-07-29,2019-10-27,3014000000.0
2188,revenue,Revenues,USD,2021,Q3,10-Q,2020-11-18,2019-01-28,2019-10-27,7813000000.0
2189,revenue,Revenues,USD,2021,Q3,10-Q,2020-11-18,2019-07-29,2019-10-27,3014000000.0
2190,revenue,Revenues,USD,2022,FY,10-K,2022-03-18,2019-01-28,2020-01-26,10918000000.0
2191,revenue,Revenues,USD,2020,Q1,10-Q,2020-05-21,2020-01-27,2020-04-26,3080000000.0
2192,revenue,Revenues,USD,2022,Q1,10-Q,2021-05-26,2020-01-27,2020-04-26,3080000000.0
2193,revenue,Revenues,USD,2020,Q2,10-Q,2020-08-19,2020-01-27,2020-07-26,6946000000.0
2194,revenue,Revenues,USD,2020,Q2,10-Q,2020-08-19,2020-04-27,2020-07-26,3866000000.0
2195,revenue,Revenues,USD,2022,Q2,10-Q,2021-08-20,2020-01-27,2020-07-26,6946000000.0
2196,revenue,Revenues,USD,2022,Q2,10-Q,2021-08-20,2020-04-27,2020-07-26,3866000000.0
2197,revenue,Revenues,USD,2021,Q3,10-Q,2020-11-18,2020-01-27,2020-10-25,11672000000.0
2198,revenue,Revenues,USD,2021,Q3,10-Q,2020-11-18,2020-07-27,2020-10-25,4726000000.0
2199,revenue,Revenues,USD,2022,Q3,10-Q,2021-11-22,2020-01-27,2020-10-25,11672000000.0
2200,revenue,Revenues,USD,2022,Q3,10-Q,2021-11-22,2020-07-27,2020-10-25,4726000000.0
2201,revenue,Revenues,USD,2022,FY,10-K,2022-03-18,2020-01-27,2021-01-31,16675000000.0
2202,revenue,Revenues,USD,2023,FY,10-K,2023-02-24,2020-01-27,2021-01-31,16675000000.0
2203,revenue,Revenues,USD,2022,Q1,10-Q,2021-05-26,2021-02-01,2021-05-02,5661000000.0
2204,revenue,Revenues,USD,2023,Q1,10-Q,2022-05-27,2021-02-01,2021-05-02,5661000000.0
2205,revenue,Revenues,USD,2022,Q2,10-Q,2021-08-20,2021-02-01,2021-08-01,12168000000.0
2206,revenue,Revenues,USD,2022,Q2,10-Q,2021-08-20,2021-05-03,2021-08-01,6507000000.0
2207,revenue,Revenues,USD,2023,Q2,10-Q,2022-08-31,2021-02-01,2021-08-01,12168000000.0
2208,revenue,Revenues,USD,2023,Q2,10-Q,2022-08-31,2021-05-03,2021-08-01,6507000000.0
2209,revenue,Revenues,USD,2022,Q3,10-Q,2021-11-22,2021-02-01,2021-10-31,19271000000.0
2210,revenue,Revenues,USD,2022,Q3,10-Q,2021-11-22,2021-08-02,2021-10-31,7103000000.0
2211,revenue,Revenues,USD,2023,Q3,10-Q,2022-11-18,2021-02-01,2021-10-31,19271000000.0
2212,revenue,Revenues,USD,2023,Q3,10-Q,2022-11-18,2021-08-02,2021-10-31,7103000000.0
2213,revenue,Revenues,USD,2022,FY,10-K,2022-03-18,2021-02-01,2022-01-30,26914000000.0
2214,revenue,Revenues,USD,2023,FY,10-K,2023-02-24,2021-02-01,2022-01-30,26914000000.0
2215,revenue,Revenues,USD,2024,FY,10-K,2024-02-21,2021-02-01,2022-01-30,26914000000.0
2216,revenue,Revenues,USD,2023,Q1,10-Q,2022-05-27,2022-01-31,2022-05-01,8288000000.0
2217,revenue,Revenues,USD,2024,Q1,10-Q,2023-05-26,2022-01-31,2022-05-01,8288000000.0
2218,revenue,Revenues,USD,2023,Q2,10-Q,2022-08-31,2022-01-31,2022-07-31,14992000000.0
2219,revenue,Revenues,USD,2023,Q2,10-Q,2022-08-31,2022-05-02,2022-07-31,6704000000.0
2220,revenue,Revenues,USD,2024,Q2,10-Q,2023-08-28,2022-01-31,2022-07-31,14992000000.0
2221,revenue,Revenues,USD,2024,Q2,10-Q,2023-08-28,2022-05-02,2022-07-31,6704000000.0
2222,revenue,Revenues,USD,2023,Q3,10-Q,2022-11-18,2022-01-31,2022-10-30,20923000000.0
2223,revenue,Revenues,USD,2023,Q3,10-Q,2022-11-18,2022-08-01,2022-10-30,5931000000.0
2224,revenue,Revenues,USD,2024,Q3,10-Q,2023-11-21,2022-01-31,2022-10-30,20923000000.0
2225,revenue,Revenues,USD,2024,Q3,10-Q,2023-11-21,2022-08-01,2022-10-30,5931000000.0
2226,revenue,Revenues,USD,2023,FY,10-K,2023-02-24,2022-01-31,2023-01-29,26974000000.0
2227,revenue,Revenues,USD,2024,FY,10-K,2024-02-21,2022-01-31,2023-01-29,26974000000.0
2228,revenue,Revenues,USD,2025,FY,10-K,2025-02-26,2022-01-31,2023-01-29,26974000000.0
2229,revenue,Revenues,USD,2024,Q1,10-Q,2023-05-26,2023-01-30,2023-04-30,7192000000.0
2230,revenue,Revenues,USD,2025,Q1,10-Q,2024-05-29,2023-01-30,2023-04-30,7192000000.0
2231,revenue,Revenues,USD,2024,Q2,10-Q,2023-08-28,2023-01-30,2023-07-30,20699000000.0
2232,revenue,Revenues,USD,2024,Q2,10-Q,2023-08-28,2023-05-01,2023-07-30,13507000000.0
2233,revenue,Revenues,USD,2025,Q2,10-Q,2024-08-28,2023-01-30,2023-07-30,20699000000.0
2234,revenue,Revenues,USD,2025,Q2,10-Q,2024-08-28,2023-05-01,2023-07-30,13507000000.0
2235,revenue,Revenues,USD,2024,Q3,10-Q,2023-11-21,2023-01-30,2023-10-29,38819000000.0
2236,revenue,Revenues,USD,2024,Q3,10-Q,2023-11-21,2023-07-31,2023-10-29,18120000000.0
2237,revenue,Revenues,USD,2025,Q3,10-Q,2024-11-20,2023-01-30,2023-10-29,38819000000.0
2238,revenue,Revenues,USD,2025,Q3,10-Q,2024-11-20,2023-07-31,2023-10-29,18120000000.0
2239,revenue,Revenues,USD,2024,FY,10-K,2024-02-21,2023-01-30,2024-01-28,60922000000.0
2240,revenue,Revenues,USD,2025,FY,10-K,2025-02-26,2023-01-30,2024-01-28,60922000000.0
2241,revenue,Revenues,USD,2026,FY,10-K,2026-02-25,2023-01-30,2024-01-28,60922000000.0
2242,revenue,Revenues,USD,2025,Q1,10-Q,2024-05-29,2024-01-29,2024-04-28,26044000000.0
2243,revenue,Revenues,USD,2026,Q1,10-Q,2025-05-28,2024-01-29,2024-04-28,26044000000.0
2244,revenue,Revenues,USD,2025,Q2,10-Q,2024-08-28,2024-01-29,2024-07-28,56084000000.0
2245,revenue,Revenues,USD,2025,Q2,10-Q,2024-08-28,2024-04-29,2024-07-28,30040000000.0
2246,revenue,Revenues,USD,2026,Q2,10-Q,2025-08-27,2024-01-29,2024-07-28,56084000000.0
2247,revenue,Revenues,USD,2026,Q2,10-Q,2025-08-27,2024-04-29,2024-07-28,30040000000.0
2248,revenue,Revenues,USD,2025,Q3,10-Q,2024-11-20,2024-01-29,2024-10-27,91166000000.0
2249,revenue,Revenues,USD,2025,Q3,10-Q,2024-11-20,2024-07-29,2024-10-27,35082000000.0
2250,revenue,Revenues,USD,2026,Q3,10-Q,2025-11-19,2024-01-29,2024-10-27,91166000000.0
2251,revenue,Revenues,USD,2026,Q3,10-Q,2025-11-19,2024-07-29,2024-10-27,35082000000.0
2252,revenue,Revenues,USD,2025,FY,10-K,2025-02-26,2024-01-29,2025-01-26,130497000000.0
2253,revenue,Revenues,USD,2026,FY,10-K,2026-02-25,2024-01-29,2025-01-26,130497000000.0
2254,revenue,Revenues,USD,2026,Q1,10-Q,2025-05-28,2025-01-27,2025-04-27,44062000000.0
2255,revenue,Revenues,USD,2026,Q2,10-Q,2025-08-27,2025-01-27,2025-07-27,90805000000.0
2256,revenue,Revenues,USD,2026,Q2,10-Q,2025-08-27,2025-04-28,2025-07-27,46743000000.0
2257,revenue,Revenues,USD,2026,Q3,10-Q,2025-11-19,2025-01-27,2025-10-26,147811000000.0
2258,revenue,Revenues,USD,2026,Q3,10-Q,2025-11-19,2025-07-28,2025-10-26,57006000000.0
2259,revenue,Revenues,USD,2026,FY,10-K,2026-02-25,2025-01-27,2026-01-25,215938000000.0
2260,revenue_contract,RevenueFromContractWithCustomerExcludingAssessedTax,USD,2019,FY,10-K,2019-02-21,2016-02-01,2017-01-29,6910000000.0
2261,revenue_contract,RevenueFromContractWithCustomerExcludingAssessedTax,USD,2019,FY,10-K,2019-02-21,2017-01-30,2017-04-30,1937000000.0
2262,revenue_contract,RevenueFromContractWithCustomerExcludingAssessedTax,USD,2019,FY,10-K,2019-02-21,2017-05-01,2017-07-30,2230000000.0
2263,revenue_contract,RevenueFromContractWithCustomerExcludingAssessedTax,USD,2019,FY,10-K,2019-02-21,2017-07-31,2017-10-29,2636000000.0
2264,revenue_contract,RevenueFromContractWithCustomerExcludingAssessedTax,USD,2019,FY,10-K,2019-02-21,2017-01-30,2018-01-28,9714000000.0
2265,revenue_contract,RevenueFromContractWithCustomerExcludingAssessedTax,USD,2019,FY,10-K,2019-02-21,2017-10-30,2018-01-28,2911000000.0
2266,revenue_contract,RevenueFromContractWithCustomerExcludingAssessedTax,USD,2020,FY,10-K,2020-02-20,2017-01-30,2018-01-28,9714000000.0
2267,revenue_contract,RevenueFromContractWithCustomerExcludingAssessedTax,USD,2019,FY,10-K,2019-02-21,2018-01-29,2018-04-29,3207000000.0
2268,revenue_contract,RevenueFromContractWithCustomerExcludingAssessedTax,USD,2020,FY,10-K,2020-02-20,2018-01-29,2018-04-29,3207000000.0
2269,revenue_contract,RevenueFromContractWithCustomerExcludingAssessedTax,USD,2019,FY,10-K,2019-02-21,2018-04-30,2018-07-29,3123000000.0
2270,revenue_contract,RevenueFromContractWithCustomerExcludingAssessedTax,USD,2020,FY,10-K,2020-02-20,2018-04-30,2018-07-29,3123000000.0
2271,revenue_contract,RevenueFromContractWithCustomerExcludingAssessedTax,USD,2019,FY,10-K,2019-02-21,2018-07-30,2018-10-28,3181000000.0
2272,revenue_contract,RevenueFromContractWithCustomerExcludingAssessedTax,USD,2020,FY,10-K,2020-02-20,2018-07-30,2018-10-28,3181000000.0
2273,revenue_contract,RevenueFromContractWithCustomerExcludingAssessedTax,USD,2019,FY,10-K,2019-02-21,2018-01-29,2019-01-27,11716000000.0
2274,revenue_contract,RevenueFromContractWithCustomerExcludingAssessedTax,USD,2019,FY,10-K,2019-02-21,2018-10-29,2019-01-27,2205000000.0
2275,revenue_contract,RevenueFromContractWithCustomerExcludingAssessedTax,USD,2020,FY,10-K,2020-02-20,2018-01-29,2019-01-27,11716000000.0
2276,revenue_contract,RevenueFromContractWithCustomerExcludingAssessedTax,USD,2020,FY,10-K,2020-02-20,2018-10-29,2019-01-27,2205000000.0
2277,revenue_contract,RevenueFromContractWithCustomerExcludingAssessedTax,USD,2021,FY,10-K,2021-02-26,2018-01-29,2019-01-27,11716000000.0
2278,revenue_contract,RevenueFromContractWithCustomerExcludingAssessedTax,USD,2020,FY,10-K,2020-02-20,2019-01-28,2019-04-28,2220000000.0
2279,revenue_contract,RevenueFromContractWithCustomerExcludingAssessedTax,USD,2020,FY,10-K,2020-02-20,2019-04-29,2019-07-28,2579000000.0
2280,revenue_contract,RevenueFromContractWithCustomerExcludingAssessedTax,USD,2020,FY,10-K,2020-02-20,2019-07-29,2019-10-27,3014000000.0
2281,revenue_contract,RevenueFromContractWithCustomerExcludingAssessedTax,USD,2020,FY,10-K,2020-02-20,2019-01-28,2020-01-26,10918000000.0
2282,revenue_contract,RevenueFromContractWithCustomerExcludingAssessedTax,USD,2020,FY,10-K,2020-02-20,2019-10-28,2020-01-26,3105000000.0
2283,revenue_contract,RevenueFromContractWithCustomerExcludingAssessedTax,USD,2021,FY,10-K,2021-02-26,2019-01-28,2020-01-26,10918000000.0
2284,revenue_contract,RevenueFromContractWithCustomerExcludingAssessedTax,USD,2022,FY,10-K,2022-03-18,2019-01-28,2020-01-26,10918000000.0
2285,revenue_contract,RevenueFromContractWithCustomerExcludingAssessedTax,USD,2021,FY,10-K,2021-02-26,2020-01-27,2021-01-31,16675000000.0
2286,revenue_contract,RevenueFromContractWithCustomerExcludingAssessedTax,USD,2022,FY,10-K,2022-03-18,2020-01-27,2021-01-31,16675000000.0
2287,revenue_contract,RevenueFromContractWithCustomerExcludingAssessedTax,USD,2022,FY,10-K,2022-03-18,2021-02-01,2022-01-30,26914000000.0
