name,ticker,recipe,feature_family,params,split,rows,accuracy,balanced_accuracy,f1_macro,f1_weighted,log_loss,roc_auc_ovr_weighted,cm_down_down,cm_down_neutral,cm_down_up,cm_neutral_down,cm_neutral_neutral,cm_neutral_up,cm_up_down,cm_up_neutral,cm_up_up,precision_down,recall_down,precision_neutral,recall_neutral,precision_up,recall_up,mean_future_5d_return_pred_down,mean_future_5d_return_pred_neutral,mean_future_5d_return_pred_up,long_short_spread_pred_up_minus_down
nvidia,NVDA,technical_only,technical,baseline_depth3,validation,259,0.3088803088803089,0.2967032967032967,0.285115200008817,0.2945945499136989,1.2585758712338322,0.46814427559769184,15,37,18,31,49,18,25,50,16,0.2112676056338028,0.21428571428571427,0.3602941176470588,0.5,0.3076923076923077,0.17582417582417584,0.025755613884187796,0.029107629201170385,0.0032921972314178807,-0.022463416652769914
nvidia,NVDA,technical_only,technical,shallow_regularized,validation,259,0.30115830115830117,0.2893249607535322,0.28362391033623907,0.29446164720137324,1.2020051046068925,0.4656763018564261,14,36,20,31,45,22,31,41,19,0.18421052631578946,0.2,0.36885245901639346,0.45918367346938777,0.3114754098360656,0.2087912087912088,0.03031747514550415,0.02502029861848352,0.009866817551752968,-0.020450657593751184
nvidia,NVDA,technical_only,technical,depth3_regularized,validation,259,0.3088803088803089,0.29586603872318157,0.2867099705176042,0.2970585245100608,1.245671213085592,0.46478887938515273,14,39,17,29,48,21,26,47,18,0.2028985507246377,0.2,0.3582089552238806,0.4897959183673469,0.32142857142857145,0.1978021978021978,0.02721649506609174,0.027128316899590513,0.007952639090442448,-0.019263855975649294
nvidia,NVDA,technical_only,technical,depth4_slow,validation,259,0.3127413127413127,0.29518576661433804,0.28188799937466213,0.29506689020619076,1.2741305485798176,0.4687462529077436,11,39,20,28,52,18,21,52,18,0.18333333333333332,0.15714285714285714,0.36363636363636365,0.5306122448979592,0.32142857142857145,0.1978021978021978,0.02993837016270197,0.028155588299709502,0.0024273049383867753,-0.027511065224315193
nvidia,NVDA,technical_only,technical,depth2_fast,validation,259,0.2857142857142857,0.2771323914181057,0.2671401248245277,0.27511080203105404,1.2385985920004676,0.46638874899744465,16,35,19,33,44,21,32,45,14,0.19753086419753085,0.22857142857142856,0.3548387096774194,0.4489795918367347,0.25925925925925924,0.15384615384615385,0.030127334256585897,0.028861743567195005,-0.0011238863693593057,-0.0312512206259452
nvidia,NVDA,technical_only,technical,depth3_conservative,validation,259,0.32432432432432434,0.3119309262166405,0.3003750714462065,0.3104251178399658,1.247410998965788,0.4575526058445313,16,39,15,29,51,18,29,45,17,0.21621621621621623,0.22857142857142856,0.37777777777777777,0.5204081632653061,0.34,0.18681318681318682,0.028314279272525764,0.0249478627919905,0.009905245401692249,-0.018409033870833515
nvidia,NVDA,technical_only,technical,baseline_depth3_unweighted,validation,259,0.3359073359073359,0.3156462585034014,0.2883543001907421,0.3010599008795914,1.2739085635283827,0.46113926703988817,12,42,16,20,62,16,21,57,13,0.22641509433962265,0.17142857142857143,0.38509316770186336,0.6326530612244898,0.28888888888888886,0.14285714285714285,0.03068947032974396,0.026791522901073887,0.0004111844137980044,-0.030278285915945957
nvidia,NVDA,technical_only,technical,depth2_fast_unweighted,validation,259,0.3359073359073359,0.3137624280481423,0.27939399049948,0.29248968168775913,1.2507813505533298,0.4609131092050347,11,45,14,17,65,16,20,60,11,0.22916666666666666,0.15714285714285714,0.38235294117647056,0.6632653061224489,0.2682926829268293,0.12087912087912088,0.0300561284791621,0.027087955079196178,-0.0021747833486071974,-0.0322309118277693
nvidia,NVDA,technical_only,technical,depth3_regularized_unweighted,validation,259,0.33204633204633205,0.31088435374149664,0.28224886114657716,0.29528730035184847,1.2632866088279422,0.4584973171929693,11,46,13,20,62,16,19,59,13,0.22,0.15714285714285714,0.3712574850299401,0.6326530612244898,0.30952380952380953,0.14285714285714285,0.028836270738995216,0.025603142360162187,0.005736716716033095,-0.02309955402296212
nvidia,NVDA,technical_only,technical,depth4_slow_unweighted,validation,259,0.3281853281853282,0.3047619047619048,0.2734188113846468,0.2886321820509047,1.292519099429798,0.4613525459798752,9,47,14,19,63,16,20,58,13,0.1875,0.12857142857142856,0.375,0.6428571428571429,0.3023255813953488,0.14285714285714285,0.03548635919128391,0.024688627369362632,0.0024987389287369,-0.03298762026254701
nvidia,NVDA,technical_only,technical,depth3_conservative,test,260,0.3153846153846154,0.32342599009265677,0.31542368350708366,0.31667386342606874,1.2148450509063513,0.4872195699690149,27,30,21,32,27,15,37,43,28,0.28125,0.34615384615384615,0.27,0.36486486486486486,0.4375,0.25925925925925924,0.016991290003677575,0.027269494692419315,0.025922489225155814,0.00893119922147824
nvidia,NVDA,technical_only,technical,depth3_conservative,recent_regime,341,0.34310850439882695,0.3407834257458318,0.3359710671721741,0.3463003731529361,1.1807697899137763,0.5261059381489579,24,30,41,23,52,73,29,28,41,0.3157894736842105,0.25263157894736843,0.4727272727272727,0.35135135135135137,0.2645161290322581,0.41836734693877553,0.012428011742729714,0.006853757511247087,0.007876200209487287,-0.004551811533242427
nvidia,NVDA,technical_core,technical,baseline_depth3,validation,259,0.29343629343629346,0.3264782836211408,0.25186147399294556,0.24215654491222635,1.3308938265722052,0.5204507968483124,49,18,3,74,22,2,65,21,5,0.26063829787234044,0.7,0.36065573770491804,0.22448979591836735,0.5,0.054945054945054944,0.022442419441898762,0.021895066177724166,0.0403706521252095,0.01792823268331074
nvidia,NVDA,technical_core,technical,shallow_regularized,validation,259,0.3204633204633205,0.33877551020408164,0.30688764145059255,0.3036910206116301,1.194046989172759,0.5246500937494727,39,20,11,53,31,14,53,25,13,0.2689655172413793,0.5571428571428572,0.40789473684210525,0.3163265306122449,0.34210526315789475,0.14285714285714285,0.024754299764680573,0.023077000424612647,0.016190918816341892,-0.00856338094833868
nvidia,NVDA,technical_core,technical,depth3_regularized,validation,259,0.2972972972972973,0.31810570381998954,0.2825384665832241,0.2772826324421849,1.2429927517407717,0.5059850222893701,39,20,11,59,26,13,52,27,12,0.26,0.5571428571428572,0.3561643835616438,0.2653061224489796,0.3333333333333333,0.13186813186813187,0.019658077159149776,0.03404877419347667,0.01456134231038814,-0.005096734848761636
nvidia,NVDA,technical_core,technical,depth4_slow,validation,259,0.30115830115830117,0.3207221350078493,0.2804533047626336,0.2757940882644334,1.2671488719932336,0.5035493568102264,39,21,10,58,30,10,52,30,9,0.26174496644295303,0.5571428571428572,0.37037037037037035,0.30612244897959184,0.3103448275862069,0.0989010989010989,0.0218537418272249,0.031355962040565045,0.0056013777802744035,-0.016252364046950497
nvidia,NVDA,technical_core,technical,depth2_fast,validation,259,0.3166023166023166,0.3362114076399791,0.29812101478768144,0.29341264341264345,1.2076298373316416,0.5237470167594391,40,25,5,54,31,13,52,28,11,0.273972602739726,0.5714285714285714,0.36904761904761907,0.3163265306122449,0.3793103448275862,0.12087912087912088,0.021645755342615515,0.021025707276548775,0.03558761110063013,0.013941855758014612
nvidia,NVDA,technical_core,technical,depth3_conservative,validation,259,0.28185328185328185,0.31407639979068547,0.2489504758797476,0.23929367286174855,1.2501409083574322,0.5141259271694055,47,15,8,70,19,9,67,17,7,0.2554347826086957,0.6714285714285714,0.37254901960784315,0.19387755102040816,0.2916666666666667,0.07692307692307693,0.025070070561956738,0.02241590724545249,0.008432340010504953,-0.016637730551451783
nvidia,NVDA,technical_core,technical,baseline_depth3_unweighted,validation,259,0.28185328185328185,0.31491365777080066,0.24109893196803792,0.2308038874040017,1.308533351240728,0.5208088523305915,48,19,3,75,20,3,65,21,5,0.2553191489361702,0.6857142857142857,0.3333333333333333,0.20408163265306123,0.45454545454545453,0.054945054945054944,0.023260170154518273,0.01994246097387344,0.035365524153490355,0.012105353998972081
nvidia,NVDA,technical_core,technical,depth2_fast_unweighted,validation,259,0.3359073359073359,0.3493982208267923,0.3177217361468519,0.3152643121763039,1.2083924177576606,0.514642082188666,37,29,4,51,38,9,43,36,12,0.2824427480916031,0.5285714285714286,0.36893203883495146,0.3877551020408163,0.48,0.13186813186813187,0.019695190887787043,0.02133071960246355,0.047253851512655494,0.02755866062486845
nvidia,NVDA,technical_core,technical,depth3_regularized_unweighted,validation,259,0.3088803088803089,0.3264259549973836,0.28999529220523695,0.2872174032395027,1.2484980574227074,0.5090196674047606,38,24,8,58,32,8,54,27,10,0.25333333333333335,0.5428571428571428,0.3855421686746988,0.32653061224489793,0.38461538461538464,0.10989010989010989,0.02384185393698116,0.023342466054491084,0.017106832311550055,-0.0067350216254311035
nvidia,NVDA,technical_core,technical,depth4_slow_unweighted,validation,259,0.29343629343629346,0.3196232339089482,0.2716109008107442,0.26424760486893367,1.281922163317926,0.5139972492456965,43,18,9,65,23,10,57,24,10,0.2606060606060606,0.6142857142857143,0.35384615384615387,0.23469387755102042,0.3448275862068966,0.10989010989010989,0.023957768365125507,0.023056699585577607,0.017474591719378717,-0.00648317664574679
nvidia,NVDA,technical_core,technical,depth2_fast_unweighted,test,260,0.28846153846153844,0.32143682143682145,0.1781607340712772,0.15910145942094822,1.4598489712546727,0.4513568649147205,71,7,0,70,4,0,94,14,0,0.3021276595744681,0.9102564102564102,0.16,0.05405405405405406,0.0,0.0,0.020095332638040454,0.05178997800261777,,
nvidia,NVDA,technical_core,technical,depth2_fast_unweighted,recent_regime,341,0.2756598240469208,0.3260550023707918,0.1561055526300392,0.13622593977279807,1.3778670424456065,0.449144188808332,91,4,0,145,3,0,91,7,0,0.2782874617737003,0.9578947368421052,0.21428571428571427,0.02027027027027027,0.0,0.0,0.007755815928837891,0.0273643887446555,,
nvidia,NVDA,technical_rates,technical+rates,baseline_depth3,validation,259,0.25868725868725867,0.2691261119832548,0.2514190416629441,0.24896255140157575,1.4576995361870309,0.4420761711134382,28,37,5,62,27,9,36,43,12,0.2222222222222222,0.4,0.2523364485981308,0.2755102040816326,0.46153846153846156,0.13186813186813187,0.023390055068715342,0.01967508944904723,0.03484995782554036,0.011459902756825017
nvidia,NVDA,technical_rates,technical+rates,shallow_regularized,validation,259,0.25868725868725867,0.2719518576661434,0.2542273611206835,0.2518519768455915,1.3720856245950457,0.43720750475408865,27,17,26,64,12,22,50,13,28,0.19148936170212766,0.38571428571428573,0.2857142857142857,0.12244897959183673,0.3684210526315789,0.3076923076923077,0.03232871615678352,0.01026431834357626,0.012750395587283641,-0.019578320569499874
nvidia,NVDA,technical_rates,technical+rates,depth3_regularized,validation,259,0.29343629343629346,0.32386185243328103,0.27638370687906294,0.2668081990063414,1.4814679661630448,0.43546718857277866,44,15,11,75,11,12,58,12,21,0.24858757062146894,0.6285714285714286,0.2894736842105263,0.11224489795918367,0.4772727272727273,0.23076923076923078,0.02370497975383945,0.0179858877751891,0.0245280741200788,0.0008230943662393513
nvidia,NVDA,technical_rates,technical+rates,depth4_slow,validation,259,0.2702702702702703,0.2942438513867085,0.26061458228245393,0.25262333574789436,1.445226686565912,0.4412414854961439,38,22,10,70,15,13,49,25,17,0.24203821656050956,0.5428571428571428,0.24193548387096775,0.15306122448979592,0.425,0.18681318681318682,0.02309063075362009,0.024685163142150506,0.020069281750963758,-0.003021349002656333
nvidia,NVDA,technical_rates,technical+rates,depth2_fast,validation,259,0.2471042471042471,0.2457875457875458,0.24768464698132217,0.25282879950399134,1.4760703877953907,0.4300086466235534,17,39,14,56,28,14,33,39,19,0.16037735849056603,0.24285714285714285,0.2641509433962264,0.2857142857142857,0.40425531914893614,0.2087912087912088,0.031100832416441907,0.015912375860886136,0.020746390122839648,-0.010354442293602259
nvidia,NVDA,technical_rates,technical+rates,depth3_conservative,validation,259,0.277992277992278,0.3223443223443223,0.22605678980682087,0.20974274719090097,1.4246271573997964,0.43936471964422275,55,6,9,82,7,9,74,7,10,0.26066350710900477,0.7857142857142857,0.35,0.07142857142857142,0.35714285714285715,0.10989010989010989,0.026308401374463174,0.017976334120096724,0.001710037169877561,-0.024598364204585613
nvidia,NVDA,technical_rates,technical+rates,baseline_depth3_unweighted,validation,259,0.2277992277992278,0.23019361590790163,0.22589618742996054,0.2285878752403654,1.459207980741412,0.43328210641875237,19,40,11,59,26,13,39,38,14,0.1623931623931624,0.2714285714285714,0.25,0.2653061224489796,0.3684210526315789,0.15384615384615385,0.034106853546724374,0.01280093599782083,0.016754768537634683,-0.01735208500908969
nvidia,NVDA,technical_rates,technical+rates,depth2_fast_unweighted,validation,259,0.23938223938223938,0.23626373626373628,0.2386402940774286,0.24457849633805423,1.5313161596845997,0.4274069988355703,15,40,15,53,28,17,32,40,19,0.15,0.21428571428571427,0.25925925925925924,0.2857142857142857,0.37254901960784315,0.2087912087912088,0.03159439318125104,0.017409504845878537,0.01801597199392647,-0.01357842118732457
nvidia,NVDA,technical_rates,technical+rates,depth3_regularized_unweighted,validation,259,0.28185328185328185,0.3003139717425432,0.2803241558985638,0.2755544515883858,1.4551710266755764,0.43825746776057334,34,26,10,66,17,15,46,23,22,0.2328767123287671,0.4857142857142857,0.25757575757575757,0.17346938775510204,0.46808510638297873,0.24175824175824176,0.02542665732524255,0.015646150226633796,0.025820053802701973,0.0003933964774594234
nvidia,NVDA,technical_rates,technical+rates,depth4_slow_unweighted,validation,259,0.2702702702702703,0.28362114076399786,0.2681864360728166,0.2654749053905591,1.4277179387573355,0.4452682496160757,30,25,15,61,22,15,42,31,18,0.22556390977443608,0.42857142857142855,0.28205128205128205,0.22448979591836735,0.375,0.1978021978021978,0.026099102566733978,0.025032520353206057,0.011140899671761344,-0.014958202894972635
nvidia,NVDA,technical_rates,technical+rates,depth3_regularized_unweighted,test,260,0.2846153846153846,0.3185493185493185,0.20217640320733102,0.17939466032249538,1.456619073176262,0.5047501962579669,64,14,0,63,10,1,86,22,0,0.3004694835680751,0.8205128205128205,0.21739130434782608,0.13513513513513514,0.0,0.0,0.0202340925479974,0.03648590654581815,0.0289392061738695,0.008705113625872101
nvidia,NVDA,technical_rates,technical+rates,depth3_regularized_unweighted,recent_regime,341,0.2785923753665689,0.3295637743006164,0.15689234184239734,0.13699213321138778,1.4382210994660491,0.4684382120398892,92,3,0,145,3,0,93,5,0,0.2787878787878788,0.968421052631579,0.2727272727272727,0.02027027027027027,0.0,0.0,0.007695778694668821,0.03451329835585966,,
nvidia,NVDA,technical_dollar,technical+dollar,baseline_depth3,validation,259,0.2857142857142857,0.31151229722658297,0.25206035058347537,0.2460347055177992,1.3267581036990965,0.5031245753295442,43,21,6,70,26,2,65,21,5,0.24157303370786518,0.6142857142857143,0.38235294117647056,0.2653061224489796,0.38461538461538464,0.054945054945054944,0.025427461261270535,0.018762072636697817,0.012043951489894508,-0.013383509771376027
nvidia,NVDA,technical_dollar,technical+dollar,shallow_regularized,validation,259,0.30115830115830117,0.33082155939298796,0.26485276552965414,0.25665213331836145,1.241545337392177,0.5105173940577667,47,19,4,72,25,1,60,25,6,0.26256983240223464,0.6714285714285714,0.36231884057971014,0.25510204081632654,0.5454545454545454,0.06593406593406594,0.02171068355013234,0.025373444435322103,0.029227308332665656,0.0075166247825333155
nvidia,NVDA,technical_dollar,technical+dollar,depth3_regularized,validation,259,0.2857142857142857,0.31805337519623234,0.24472538385150103,0.23583976612775023,1.3077570303574804,0.5176191053520246,48,13,9,74,22,2,68,19,4,0.25263157894736843,0.6857142857142857,0.4074074074074074,0.22448979591836735,0.26666666666666666,0.04395604395604396,0.024630173173612588,0.02833262514928602,-0.016747616525173394,-0.041377789698785986
nvidia,NVDA,technical_dollar,technical+dollar,depth4_slow,validation,259,0.2972972972972973,0.3225536368393511,0.2567094729514353,0.2512938681073951,1.3281996592179754,0.5043404096199127,44,19,7,67,30,1,66,22,3,0.24858757062146894,0.6285714285714286,0.4225352112676056,0.30612244897959184,0.2727272727272727,0.03296703296703297,0.025125534704584337,0.02309052215600346,-0.011651482056130681,-0.036777016760715014
nvidia,NVDA,technical_dollar,technical+dollar,depth2_fast,validation,259,0.305019305019305,0.3317634746206175,0.27357693503597197,0.2665708649883117,1.2783834546536226,0.5087114621276112,45,19,6,70,27,1,56,28,7,0.2631578947368421,0.6428571428571429,0.36486486486486486,0.2755102040816326,0.5,0.07692307692307693,0.02068346898341831,0.028281666125863393,0.023483137406558153,0.0027996684231398443
nvidia,NVDA,technical_dollar,technical+dollar,depth3_conservative,validation,259,0.2702702702702703,0.3123495552066981,0.2128180637077434,0.19848241271728817,1.3161326792625792,0.5070509728894822,54,7,9,83,13,2,74,14,3,0.2559241706161137,0.7714285714285715,0.38235294117647056,0.1326530612244898,0.21428571428571427,0.03296703296703297,0.024715846522180597,0.03388741210784357,-0.029195372476896516,-0.05391121899907711
nvidia,NVDA,technical_dollar,technical+dollar,baseline_depth3_unweighted,validation,259,0.305019305019305,0.3334379905808477,0.2599160293897136,0.25227583859162805,1.3440114861908758,0.5132235163291065,47,18,5,68,29,1,62,26,3,0.2655367231638418,0.6714285714285714,0.3972602739726027,0.29591836734693877,0.3333333333333333,0.03296703296703297,0.023414580383591406,0.02490791068272553,-0.00046419939604517527,-0.02387877977963658
nvidia,NVDA,technical_dollar,technical+dollar,depth2_fast_unweighted,validation,259,0.305019305019305,0.32799581371009945,0.2603838405438257,0.2532995196384878,1.3027039643306817,0.5039534876491398,43,25,2,64,33,1,52,36,3,0.27044025157232704,0.6142857142857143,0.35106382978723405,0.336734693877551,0.5,0.03296703296703297,0.019908968089966807,0.02769917348618967,0.0315386965272808,0.011629728437313993
nvidia,NVDA,technical_dollar,technical+dollar,depth3_regularized_unweighted,validation,259,0.27413127413127414,0.30402930402930406,0.23810550626832472,0.22970116670355523,1.3315245822125161,0.5029797987872522,45,18,7,75,21,2,66,20,5,0.24193548387096775,0.6428571428571429,0.3559322033898305,0.21428571428571427,0.35714285714285715,0.054945054945054944,0.0257723565286547,0.02019306810637347,-0.0018977799596837785,-0.02767013648833848
nvidia,NVDA,technical_dollar,technical+dollar,depth4_slow_unweighted,validation,259,0.2857142857142857,0.31072736787022504,0.24213481088368574,0.23536677009224263,1.3484194121842203,0.5049353923577525,43,21,6,67,29,2,62,27,2,0.25,0.6142857142857143,0.37662337662337664,0.29591836734693877,0.2,0.02197802197802198,0.024700371436222647,0.026693250034792334,-0.03453637265390697,-0.05923674409012962
nvidia,NVDA,technical_dollar,technical+dollar,depth2_fast,test,260,0.2923076923076923,0.3259413259413259,0.1843079530755163,0.16424049655683537,1.5448661695469843,0.4230107951449533,71,7,0,69,5,0,100,8,0,0.29583333333333334,0.9102564102564102,0.25,0.06756756756756757,0.0,0.0,0.021981975267656117,0.03707392778837412,,
nvidia,NVDA,technical_dollar,technical+dollar,depth2_fast,recent_regime,341,0.28152492668621704,0.3317086151672618,0.16685817089670962,0.14745233246987952,1.3983832904530797,0.4476660387237193,91,3,1,144,4,0,93,4,1,0.2774390243902439,0.9578947368421052,0.36363636363636365,0.02702702702702703,0.5,0.01020408163265306,0.008303634703443169,0.012920105908155318,0.02676995171804965,0.018466317014606482
nvidia,NVDA,technical_semi_etf,technical+semi_etf,baseline_depth3,validation,259,0.3204633204633205,0.35353218210361065,0.28263814577222834,0.2724375693343141,1.30559411193658,0.5167941899308359,51,17,2,67,25,6,58,26,7,0.2897727272727273,0.7285714285714285,0.36764705882352944,0.25510204081632654,0.4666666666666667,0.07692307692307693,0.018104440760335308,0.029474726024183023,0.05118783131378509,0.03308339055344978
nvidia,NVDA,technical_semi_etf,technical+semi_etf,shallow_regularized,validation,259,0.305019305019305,0.33417059131344845,0.28152544382205624,0.27295759349640386,1.2113638861435891,0.5230172497253243,46,20,4,67,22,9,57,23,11,0.27058823529411763,0.6571428571428571,0.3384615384615385,0.22448979591836735,0.4583333333333333,0.12087912087912088,0.021234774642360385,0.02028545956964176,0.04291724383092735,0.021682469188566963
nvidia,NVDA,technical_semi_etf,technical+semi_etf,depth3_regularized,validation,259,0.3127413127413127,0.3425954997383569,0.29026584721672904,0.28239192714260375,1.2626255474263204,0.5133295451618433,47,15,8,68,22,8,59,20,12,0.27011494252873564,0.6714285714285714,0.38596491228070173,0.22448979591836735,0.42857142857142855,0.13186813186813187,0.021473017113889936,0.027661062238667725,0.023053388848190227,0.0015803717343002913
nvidia,NVDA,technical_semi_etf,technical+semi_etf,depth4_slow,validation,259,0.277992277992278,0.2935112506541078,0.2611019593941795,0.2584206910582622,1.264689400315913,0.5023165357016288,34,28,8,58,29,11,55,27,9,0.23129251700680273,0.4857142857142857,0.34523809523809523,0.29591836734693877,0.32142857142857145,0.0989010989010989,0.023577646345279257,0.022255157485242087,0.022254756130494633,-0.0013228902147846243
nvidia,NVDA,technical_semi_etf,technical+semi_etf,depth2_fast,validation,259,0.33204633204633205,0.35253793825222396,0.3111654300441486,0.3067214291470584,1.2168598993301483,0.5248678136876895,42,25,3,56,33,9,52,28,11,0.28,0.6,0.38372093023255816,0.336734693877551,0.4782608695652174,0.12087912087912088,0.02001704179640854,0.02134477548833024,0.04870754137880672,0.028690499582398183
nvidia,NVDA,technical_semi_etf,technical+semi_etf,depth3_conservative,validation,259,0.2702702702702703,0.3087912087912088,0.22310865819317807,0.20971609180909875,1.2708956981684918,0.51458013026336,51,14,5,79,14,5,69,17,5,0.2562814070351759,0.7285714285714285,0.3111111111111111,0.14285714285714285,0.3333333333333333,0.054945054945054944,0.022659041515678158,0.025863816373340055,0.019030627649998702,-0.0036284138656794557
nvidia,NVDA,technical_semi_etf,technical+semi_etf,baseline_depth3_unweighted,validation,259,0.3166023166023166,0.3419675562532705,0.2841243972477226,0.27712283573260976,1.2842473501931355,0.5133317656609582,45,24,1,63,30,5,55,29,7,0.27607361963190186,0.6428571428571429,0.3614457831325301,0.30612244897959184,0.5384615384615384,0.07692307692307693,0.01980371131691718,0.02273299687680981,0.06489513290288623,0.04509142158596905
nvidia,NVDA,technical_semi_etf,technical+semi_etf,depth2_fast_unweighted,validation,259,0.3204633204633205,0.32736787022501307,0.30095696470170524,0.3001170876346192,1.2178404126745228,0.49865493266114386,31,34,5,47,41,10,36,44,11,0.2719298245614035,0.44285714285714284,0.3445378151260504,0.41836734693877553,0.4230769230769231,0.12087912087912088,0.01814699325532973,0.024334053596333328,0.03822964631149925,0.02008265305616952
nvidia,NVDA,technical_semi_etf,technical+semi_etf,depth3_regularized_unweighted,validation,259,0.30115830115830117,0.3250654107796965,0.2800479079970913,0.27392034833051165,1.2684020535997447,0.5002956594571502,42,22,6,63,26,9,56,25,10,0.2608695652173913,0.6,0.3561643835616438,0.2653061224489796,0.4,0.10989010989010989,0.020979743678125714,0.024655278446849317,0.03123625417487983,0.010256510496754117
nvidia,NVDA,technical_semi_etf,technical+semi_etf,depth4_slow_unweighted,validation,259,0.3204633204633205,0.3475143903715332,0.29520145876569437,0.287253960125489,1.2629115050407342,0.5153787327700372,46,21,3,62,27,9,53,28,10,0.2857142857142857,0.6571428571428571,0.35526315789473684,0.2755102040816326,0.45454545454545453,0.10989010989010989,0.018650214339272043,0.02642247320268364,0.04307672459743094,0.0244265102581589
nvidia,NVDA,technical_semi_etf,technical+semi_etf,depth2_fast,test,260,0.28846153846153844,0.32212982212982216,0.19211002533478103,0.17084774075002088,1.4766641220137942,0.479037735587298,68,10,0,67,7,0,94,14,0,0.29694323144104806,0.8717948717948718,0.22580645161290322,0.0945945945945946,0.0,0.0,0.021788899133531006,0.03314499091697904,,
nvidia,NVDA,technical_semi_etf,technical+semi_etf,depth2_fast,recent_regime,341,0.2844574780058651,0.3301913083867971,0.180434037692747,0.16560685054706903,1.3468837907740387,0.45556356675077425,88,6,1,140,8,0,89,8,1,0.277602523659306,0.9263157894736842,0.36363636363636365,0.05405405405405406,0.5,0.01020408163265306,0.008298585921064753,0.014834493275204018,-0.018878668938423947,-0.0271772548594887
nvidia,NVDA,technical_monthly_industry,technical+monthly_industry,baseline_depth3,validation,259,0.3552123552123552,0.39026687598116166,0.3349903140999031,0.32432151952699895,1.2627017721608167,0.5412716398741244,53,9,8,66,19,13,51,20,20,0.31176470588235294,0.7571428571428571,0.3958333333333333,0.19387755102040816,0.4878048780487805,0.21978021978021978,0.016684006288692172,0.030770934333425256,0.04012669502654035,0.023442688737848178
nvidia,NVDA,technical_monthly_industry,technical+monthly_industry,shallow_regularized,validation,259,0.33204633204633205,0.37530088958660385,0.296474358974359,0.2806912681912682,1.2095277761810919,0.5437264016456564,57,9,4,76,9,13,57,14,20,0.3,0.8142857142857143,0.28125,0.09183673469387756,0.5405405405405406,0.21978021978021978,0.01981852211878401,0.016918326153480188,0.04463715604567319,0.024818633926889183
nvidia,NVDA,technical_monthly_industry,technical+monthly_industry,depth3_regularized,validation,259,0.3127413127413127,0.3572475143903715,0.2705268189920596,0.2546268378246988,1.296224864479807,0.5344683636609102,57,7,6,82,8,8,63,12,16,0.28217821782178215,0.8142857142857143,0.2962962962962963,0.08163265306122448,0.5333333333333333,0.17582417582417584,0.020836149946221426,0.01635034464521998,0.043603960620418956,0.02276781067419753
nvidia,NVDA,technical_monthly_industry,technical+monthly_industry,depth4_slow,validation,259,0.3204633204633205,0.3591836734693878,0.2878332116090574,0.2755859168005188,1.3002951187950471,0.5216059004878881,54,9,7,70,16,12,63,15,13,0.2887700534759358,0.7714285714285715,0.4,0.16326530612244897,0.40625,0.14285714285714285,0.02206055359275923,0.025636078113965028,0.025241055211426843,0.0031805016186676124
nvidia,NVDA,technical_monthly_industry,technical+monthly_industry,depth2_fast,validation,259,0.35135135135135137,0.37812663526949236,0.34173475613077536,0.3332639483291508,1.2156501757143403,0.5222452932080262,46,13,11,60,22,16,41,27,23,0.3129251700680272,0.6571428571428571,0.3548387096774194,0.22448979591836735,0.46,0.25274725274725274,0.013750284390607673,0.03965234112113243,0.02957486916481395,0.015824584774206278
nvidia,NVDA,technical_monthly_industry,technical+monthly_industry,depth3_conservative,validation,259,0.2972972972972973,0.3445316588173731,0.24120672249321126,0.22504475246343467,1.2973885693679985,0.5361990206710704,59,5,6,86,9,3,73,9,9,0.2706422018348624,0.8428571428571429,0.391304347826087,0.09183673469387756,0.5,0.0989010989010989,0.022578652310899658,0.017399928166318544,0.035340881198265756,0.012762228887366098
nvidia,NVDA,technical_monthly_industry,technical+monthly_industry,baseline_depth3_unweighted,validation,259,0.3359073359073359,0.36839351125065417,0.31626250900790565,0.30553374917212656,1.261118770438738,0.5311129674483711,50,12,8,64,20,14,49,25,17,0.3067484662576687,0.7142857142857143,0.3508771929824561,0.20408163265306123,0.4358974358974359,0.18681318681318682,0.01725487752090887,0.03781093986766486,0.02540286678987675,0.00814798926896788
nvidia,NVDA,technical_monthly_industry,technical+monthly_industry,depth2_fast_unweighted,validation,259,0.3474903474903475,0.34013605442176864,0.33949967283300614,0.3478019964506451,1.1978914424986276,0.5187511158008052,20,36,14,37,44,17,27,38,26,0.23809523809523808,0.2857142857142857,0.3728813559322034,0.4489795918367347,0.45614035087719296,0.2857142857142857,0.020987767950632768,0.023944772109159414,0.024035522744496014,0.0030477547938632457
nvidia,NVDA,technical_monthly_industry,technical+monthly_industry,depth3_regularized_unweighted,validation,259,0.3281853281853282,0.37085295656724226,0.2932844932844933,0.2791934791934792,1.286321326676646,0.5390534722832859,57,10,3,79,12,7,60,15,16,0.29081632653061223,0.8142857142857143,0.32432432432432434,0.12244897959183673,0.6153846153846154,0.17582417582417584,0.01982618853446835,0.019896912853391974,0.0513985263399591,0.03157233780549075
nvidia,NVDA,technical_monthly_industry,technical+monthly_industry,depth4_slow_unweighted,validation,259,0.3281853281853282,0.36682365253793825,0.2932598223694114,0.2818426020480815,1.2953063567630105,0.5170761933184295,55,11,4,73,19,6,62,18,11,0.2894736842105263,0.7857142857142857,0.3958333333333333,0.19387755102040816,0.5238095238095238,0.12087912087912088,0.019604290597706967,0.0281233759398984,0.04208300735670425,0.02247871675899728
nvidia,NVDA,technical_monthly_industry,technical+monthly_industry,depth2_fast,test,260,0.3076923076923077,0.3411552578219245,0.1773643791992416,0.16095613555034868,1.7402066941896628,0.49547910923041516,77,1,0,72,2,0,106,1,1,0.30196078431372547,0.9871794871794872,0.5,0.02702702702702703,1.0,0.009259259259259259,0.022333789829841657,0.03205592055340533,0.1938125311817067,0.17147874135186503
nvidia,NVDA,technical_monthly_industry,technical+monthly_industry,depth2_fast,recent_regime,341,0.2873900293255132,0.3411317869964487,0.16854683585638264,0.1452760005657632,1.496165514165151,0.5013710171818488,94,0,1,145,2,1,93,3,2,0.28313253012048195,0.9894736842105263,0.4,0.013513513513513514,0.5,0.02040816326530612,0.0076414345594150125,0.042170336248089954,0.04286132404723333,0.03521988948781832
nvidia,NVDA,technical_domestic_alpha,technical+domestic_alpha,baseline_depth3,validation,259,0.29343629343629346,0.3264782836211408,0.25186147399294556,0.24215654491222635,1.3308938265722052,0.5204507968483124,49,18,3,74,22,2,65,21,5,0.26063829787234044,0.7,0.36065573770491804,0.22448979591836735,0.5,0.054945054945054944,0.022442419441898762,0.021895066177724166,0.0403706521252095,0.01792823268331074
nvidia,NVDA,technical_domestic_alpha,technical+domestic_alpha,shallow_regularized,validation,259,0.3204633204633205,0.33877551020408164,0.30688764145059255,0.3036910206116301,1.194046989172759,0.5246500937494727,39,20,11,53,31,14,53,25,13,0.2689655172413793,0.5571428571428572,0.40789473684210525,0.3163265306122449,0.34210526315789475,0.14285714285714285,0.024754299764680573,0.023077000424612647,0.016190918816341892,-0.00856338094833868
nvidia,NVDA,technical_domestic_alpha,technical+domestic_alpha,depth3_regularized,validation,259,0.2972972972972973,0.31810570381998954,0.2825384665832241,0.2772826324421849,1.2429927517407717,0.5059850222893701,39,20,11,59,26,13,52,27,12,0.26,0.5571428571428572,0.3561643835616438,0.2653061224489796,0.3333333333333333,0.13186813186813187,0.019658077159149776,0.03404877419347667,0.01456134231038814,-0.005096734848761636
nvidia,NVDA,technical_domestic_alpha,technical+domestic_alpha,depth4_slow,validation,259,0.30115830115830117,0.3207221350078493,0.2804533047626336,0.2757940882644334,1.2671488719932336,0.5035493568102264,39,21,10,58,30,10,52,30,9,0.26174496644295303,0.5571428571428572,0.37037037037037035,0.30612244897959184,0.3103448275862069,0.0989010989010989,0.0218537418272249,0.031355962040565045,0.0056013777802744035,-0.016252364046950497
nvidia,NVDA,technical_domestic_alpha,technical+domestic_alpha,depth2_fast,validation,259,0.3166023166023166,0.3362114076399791,0.29812101478768144,0.29341264341264345,1.2076298373316416,0.5237470167594391,40,25,5,54,31,13,52,28,11,0.273972602739726,0.5714285714285714,0.36904761904761907,0.3163265306122449,0.3793103448275862,0.12087912087912088,0.021645755342615515,0.021025707276548775,0.03558761110063013,0.013941855758014612
nvidia,NVDA,technical_domestic_alpha,technical+domestic_alpha,depth3_conservative,validation,259,0.28185328185328185,0.31407639979068547,0.2489504758797476,0.23929367286174855,1.2501409083574322,0.5141259271694055,47,15,8,70,19,9,67,17,7,0.2554347826086957,0.6714285714285714,0.37254901960784315,0.19387755102040816,0.2916666666666667,0.07692307692307693,0.025070070561956738,0.02241590724545249,0.008432340010504953,-0.016637730551451783
nvidia,NVDA,technical_domestic_alpha,technical+domestic_alpha,baseline_depth3_unweighted,validation,259,0.28185328185328185,0.31491365777080066,0.24109893196803792,0.2308038874040017,1.308533351240728,0.5208088523305915,48,19,3,75,20,3,65,21,5,0.2553191489361702,0.6857142857142857,0.3333333333333333,0.20408163265306123,0.45454545454545453,0.054945054945054944,0.023260170154518273,0.01994246097387344,0.035365524153490355,0.012105353998972081
nvidia,NVDA,technical_domestic_alpha,technical+domestic_alpha,depth2_fast_unweighted,validation,259,0.3359073359073359,0.3493982208267923,0.3177217361468519,0.3152643121763039,1.2083924177576606,0.514642082188666,37,29,4,51,38,9,43,36,12,0.2824427480916031,0.5285714285714286,0.36893203883495146,0.3877551020408163,0.48,0.13186813186813187,0.019695190887787043,0.02133071960246355,0.047253851512655494,0.02755866062486845
nvidia,NVDA,technical_domestic_alpha,technical+domestic_alpha,depth3_regularized_unweighted,validation,259,0.3088803088803089,0.3264259549973836,0.28999529220523695,0.2872174032395027,1.2484980574227074,0.5090196674047606,38,24,8,58,32,8,54,27,10,0.25333333333333335,0.5428571428571428,0.3855421686746988,0.32653061224489793,0.38461538461538464,0.10989010989010989,0.02384185393698116,0.023342466054491084,0.017106832311550055,-0.0067350216254311035
nvidia,NVDA,technical_domestic_alpha,technical+domestic_alpha,depth4_slow_unweighted,validation,259,0.29343629343629346,0.3196232339089482,0.2716109008107442,0.26424760486893367,1.281922163317926,0.5139972492456965,43,18,9,65,23,10,57,24,10,0.2606060606060606,0.6142857142857143,0.35384615384615387,0.23469387755102042,0.3448275862068966,0.10989010989010989,0.023957768365125507,0.023056699585577607,0.017474591719378717,-0.00648317664574679
nvidia,NVDA,technical_domestic_alpha,technical+domestic_alpha,depth2_fast_unweighted,test,260,0.28846153846153844,0.32143682143682145,0.1781607340712772,0.15910145942094822,1.4598489712546727,0.4513568649147205,71,7,0,70,4,0,94,14,0,0.3021276595744681,0.9102564102564102,0.16,0.05405405405405406,0.0,0.0,0.020095332638040454,0.05178997800261777,,
nvidia,NVDA,technical_domestic_alpha,technical+domestic_alpha,depth2_fast_unweighted,recent_regime,341,0.2756598240469208,0.3260550023707918,0.1561055526300392,0.13622593977279807,1.3778670424456065,0.449144188808332,91,4,0,145,3,0,91,7,0,0.2782874617737003,0.9578947368421052,0.21428571428571427,0.02027027027027027,0.0,0.0,0.007755815928837891,0.0273643887446555,,
nvidia,NVDA,technical_rates_dollar,technical+rates+dollar,baseline_depth3,validation,259,0.25096525096525096,0.2634746206174778,0.22832655074608463,0.225405205427403,1.5248612491576234,0.4346190689358391,30,36,4,68,29,1,44,41,6,0.2112676056338028,0.42857142857142855,0.27358490566037735,0.29591836734693877,0.5454545454545454,0.06593406593406594,0.02450193943398679,0.020252291230410176,0.030223831192784777,0.005721891758797986
nvidia,NVDA,technical_rates_dollar,technical+rates+dollar,shallow_regularized,validation,259,0.26640926640926643,0.2880690737833595,0.2611412617603488,0.2555479932167795,1.4236674599494885,0.43086620338173137,35,23,12,74,12,12,56,13,22,0.21212121212121213,0.5,0.25,0.12244897959183673,0.4782608695652174,0.24175824175824176,0.027932478019435117,0.0024048010508921267,0.026830241076535213,-0.0011022369428999035
nvidia,NVDA,technical_rates_dollar,technical+rates+dollar,depth3_regularized,validation,259,0.26640926640926643,0.30371533228676084,0.22844254783822013,0.21540271556938703,1.5269388753034665,0.4331555379692026,49,14,7,79,11,8,69,13,9,0.24873096446700507,0.7,0.2894736842105263,0.11224489795918367,0.375,0.0989010989010989,0.02576868216626115,0.013204523425215144,0.01584492234410893,-0.009923759822152219
nvidia,NVDA,technical_rates_dollar,technical+rates+dollar,depth4_slow,validation,259,0.23552123552123552,0.26378859236002095,0.19703744734868156,0.18721285245778926,1.5106971857817983,0.4260939066839688,41,21,8,72,18,8,67,22,2,0.22777777777777777,0.5857142857142857,0.29508196721311475,0.1836734693877551,0.1111111111111111,0.02197802197802198,0.029323692183730043,0.016119575774194973,-0.016837683451503632,-0.046161375635233676
nvidia,NVDA,technical_rates_dollar,technical+rates+dollar,depth2_fast,validation,259,0.23938223938223938,0.24965986394557826,0.23573184722446702,0.23458504680384862,1.552910192919141,0.43028065776512986,26,33,11,67,23,8,43,35,13,0.19117647058823528,0.37142857142857144,0.25274725274725274,0.23469387755102042,0.40625,0.14285714285714285,0.02801117211927194,0.01750804942404734,0.017366515855029515,-0.010644656264242425
nvidia,NVDA,technical_rates_dollar,technical+rates+dollar,depth3_conservative,validation,259,0.2702702702702703,0.31831501831501835,0.202557962237535,0.1847498696630873,1.5048878265432992,0.4374381035871719,58,6,6,86,7,5,80,6,5,0.25892857142857145,0.8285714285714286,0.3684210526315789,0.07142857142857142,0.3125,0.054945054945054944,0.026173812065731578,0.012443416092564798,-0.008804899707023042,-0.03497871177275462
nvidia,NVDA,technical_rates_dollar,technical+rates+dollar,baseline_depth3_unweighted,validation,259,0.23166023166023167,0.24207221350078498,0.22319019360704706,0.22157343358598403,1.5257857033477316,0.43396135709800304,26,36,8,66,24,8,45,36,10,0.1897810218978102,0.37142857142857144,0.25,0.24489795918367346,0.38461538461538464,0.10989010989010989,0.031325799709729825,0.012970108437952833,0.01621982472668374,-0.015105974983046083
nvidia,NVDA,technical_rates_dollar,technical+rates+dollar,depth2_fast_unweighted,validation,259,0.24324324324324326,0.23809523809523805,0.23279064450892464,0.23954931666036916,1.5311183724722621,0.4306240579532505,15,44,11,53,35,10,32,46,13,0.15,0.21428571428571427,0.28,0.35714285714285715,0.38235294117647056,0.14285714285714285,0.0323616148703841,0.01752054077563876,0.015654450858146495,-0.016707164012237607
nvidia,NVDA,technical_rates_dollar,technical+rates+dollar,depth3_regularized_unweighted,validation,259,0.29343629343629346,0.32307692307692304,0.2781988317034141,0.2691422544268807,1.4833659449167083,0.4363395116500707,44,19,7,73,14,11,57,16,18,0.25287356321839083,0.6285714285714286,0.2857142857142857,0.14285714285714285,0.5,0.1978021978021978,0.02623651098753864,0.007260558803137133,0.02882111444402204,0.002584603456483401
nvidia,NVDA,technical_rates_dollar,technical+rates+dollar,depth4_slow_unweighted,validation,259,0.22393822393822393,0.23830455259026687,0.2061389477138151,0.20198656428766587,1.49556206658914,0.41980367679125447,29,33,8,66,23,9,50,35,6,0.2,0.4142857142857143,0.25274725274725274,0.23469387755102042,0.2608695652173913,0.06593406593406594,0.02959509149097382,0.016705661482004256,0.006390302265941071,-0.02320478922503275
nvidia,NVDA,technical_rates_dollar,technical+rates+dollar,depth3_regularized_unweighted,test,260,0.27692307692307694,0.30881522548189216,0.20157535148259784,0.18105357566231398,1.442160594623922,0.4703813928551097,61,17,0,64,10,0,84,23,1,0.291866028708134,0.782051282051282,0.2,0.13513513513513514,1.0,0.009259259259259259,0.020439055110711504,0.03339864779757977,0.0754577119872577,0.055018656876546196
nvidia,NVDA,technical_rates_dollar,technical+rates+dollar,depth3_regularized_unweighted,recent_regime,341,0.2785923753665689,0.32705073494547177,0.16407203907203907,0.1463791584759327,1.39838390807962,0.47193429601671205,90,5,0,143,5,0,88,10,0,0.2803738317757009,0.9473684210526315,0.25,0.033783783783783786,0.0,0.0,0.007303350644481074,0.028743884713837115,,
nvidia,NVDA,technical_rates_semi_etf,technical+rates+semi_etf,baseline_depth3,validation,259,0.25096525096525096,0.26185243328100477,0.22524379770849604,0.22249671190621123,1.485117888196456,0.44227657115855873,29,38,3,62,31,5,44,42,5,0.21481481481481482,0.4142857142857143,0.27927927927927926,0.3163265306122449,0.38461538461538464,0.054945054945054944,0.027579596199993006,0.016412052864685136,0.031807466014702336,0.00422786981470933
nvidia,NVDA,technical_rates_semi_etf,technical+rates+semi_etf,shallow_regularized,validation,259,0.25868725868725867,0.2771323914181057,0.2487644896805202,0.2435825138115214,1.4010634628099647,0.43372587316686695,31,15,24,69,9,20,55,9,27,0.2,0.44285714285714284,0.2727272727272727,0.09183673469387756,0.38028169014084506,0.2967032967032967,0.030569066430202897,0.005305373661668932,0.01472109557258749,-0.015847970857615405
nvidia,NVDA,technical_rates_semi_etf,technical+rates+semi_etf,depth3_regularized,validation,259,0.29343629343629346,0.3329147043432758,0.25786399979948366,0.24401956660021176,1.4814161370231957,0.4328579910878047,52,10,8,77,10,11,65,12,14,0.26804123711340205,0.7428571428571429,0.3125,0.10204081632653061,0.42424242424242425,0.15384615384615385,0.02408093726048114,0.019287005006559884,0.020290740134150855,-0.003790197126330285
nvidia,NVDA,technical_rates_semi_etf,technical+rates+semi_etf,depth4_slow,validation,259,0.27413127413127414,0.3012558869701727,0.2523713119141083,0.2442088311306812,1.4187536527205429,0.4528175025069435,42,22,6,72,19,7,58,23,10,0.2441860465116279,0.6,0.296875,0.19387755102040816,0.43478260869565216,0.10989010989010989,0.02428903817452621,0.019114990869528375,0.024235062239213578,-5.3975935312630674e-05
nvidia,NVDA,technical_rates_semi_etf,technical+rates+semi_etf,depth2_fast,validation,259,0.23938223938223938,0.2425431711145997,0.2411485760161108,0.2435968441805891,1.4547399234719973,0.4355087119062274,20,38,12,62,25,11,35,39,17,0.17094017094017094,0.2857142857142857,0.24509803921568626,0.25510204081632654,0.425,0.18681318681318682,0.028511493216267905,0.017238623086592405,0.02160740380086164,-0.006904089415406264
nvidia,NVDA,technical_rates_semi_etf,technical+rates+semi_etf,depth3_conservative,validation,259,0.26640926640926643,0.31794871794871793,0.1814597981537284,0.16191217476624278,1.438172028064164,0.44273910112419423,61,4,5,88,7,3,84,6,1,0.26180257510729615,0.8714285714285714,0.4117647058823529,0.07142857142857142,0.1111111111111111,0.01098901098901099,0.025504979504629113,0.019673104198156686,-0.03540250919744569,-0.060907488702074804
nvidia,NVDA,technical_rates_semi_etf,technical+rates+semi_etf,baseline_depth3_unweighted,validation,259,0.24324324324324326,0.24814233385661957,0.24341637754899317,0.2452708679770094,1.4695036488514366,0.4374584211540734,22,42,6,62,26,10,41,35,15,0.176,0.3142857142857143,0.2524271844660194,0.2653061224489796,0.4838709677419355,0.16483516483516483,0.03256487201805241,0.009471095645306927,0.029430598691841017,-0.003134273326211391
nvidia,NVDA,technical_rates_semi_etf,technical+rates+semi_etf,depth2_fast_unweighted,validation,259,0.22393822393822393,0.22380952380952382,0.21982545074470863,0.22326010776912267,1.5053309044890892,0.4285182476176265,17,43,10,59,28,11,32,46,13,0.1574074074074074,0.24285714285714285,0.23931623931623933,0.2857142857142857,0.38235294117647056,0.14285714285714285,0.02912408232327141,0.019623152444361924,0.01521090253725231,-0.013913179786019098
nvidia,NVDA,technical_rates_semi_etf,technical+rates+semi_etf,depth3_regularized_unweighted,validation,259,0.29343629343629346,0.323600209314495,0.27739415056488226,0.26801701923653143,1.4525019496838882,0.4363294083790978,44,18,8,73,12,13,59,12,20,0.25,0.6285714285714286,0.2857142857142857,0.12244897959183673,0.4878048780487805,0.21978021978021978,0.026041397645082374,0.004802388338171017,0.028621807742257463,0.002580410097175089
nvidia,NVDA,technical_rates_semi_etf,technical+rates+semi_etf,depth4_slow_unweighted,validation,259,0.2625482625482625,0.27629513343799056,0.2597575194758293,0.2577540921202893,1.391894231337223,0.43578938299435194,30,30,10,63,22,13,50,25,16,0.2097902097902098,0.42857142857142855,0.2857142857142857,0.22448979591836735,0.41025641025641024,0.17582417582417584,0.02935741332405824,0.013218271873759875,0.019040086501292238,-0.010317326822766003
nvidia,NVDA,technical_rates_semi_etf,technical+rates+semi_etf,depth3_regularized_unweighted,test,260,0.28846153846153844,0.32212982212982216,0.19242841715364198,0.1712095697925474,1.482273848164053,0.5014534301730658,68,10,0,67,7,0,90,18,0,0.3022222222222222,0.8717948717948718,0.2,0.0945945945945946,0.0,0.0,0.019381649854321396,0.04732232579378962,,
nvidia,NVDA,technical_rates_semi_etf,technical+rates+semi_etf,depth3_regularized_unweighted,recent_regime,341,0.2844574780058651,0.3365813181602655,0.1597630791783047,0.13942855071455995,1.4402524154834946,0.4688408253473137,94,1,0,145,3,0,92,6,0,0.283987915407855,0.9894736842105263,0.3,0.02027027027027027,0.0,0.0,0.006902786995119819,0.06344307557705073,,
nvidia,NVDA,technical_dollar_semi_etf,technical+dollar+semi_etf,baseline_depth3,validation,259,0.29343629343629346,0.33301936159079015,0.24151420213015215,0.2290852236366666,1.3682898668533165,0.5228472705180779,54,10,6,80,18,0,68,19,4,0.26732673267326734,0.7714285714285715,0.3829787234042553,0.1836734693877551,0.4,0.04395604395604396,0.02188381631472302,0.031953285053904164,0.0036145120062690108,-0.01826930430845401
nvidia,NVDA,technical_dollar_semi_etf,technical+dollar+semi_etf,shallow_regularized,validation,259,0.2702702702702703,0.3074306645735217,0.22451391206536384,0.21168775851165442,1.2586058373433142,0.5089759235721969,50,16,4,82,15,1,65,21,5,0.25380710659898476,0.7142857142857143,0.28846153846153844,0.15306122448979592,0.5,0.054945054945054944,0.021594984614965732,0.027217540166039486,0.02889563553879329,0.007300650923827558
nvidia,NVDA,technical_dollar_semi_etf,technical+dollar+semi_etf,depth3_regularized,validation,259,0.28185328185328185,0.31873364730507586,0.23419185442999327,0.22212879301723415,1.327822797028914,0.5117403339453028,51,13,6,78,18,2,66,21,4,0.26153846153846155,0.7285714285714285,0.34615384615384615,0.1836734693877551,0.3333333333333333,0.04395604395604396,0.022507732932926006,0.03084515352542608,-0.0028729576727076337,-0.02538069060563364
nvidia,NVDA,technical_dollar_semi_etf,technical+dollar+semi_etf,depth4_slow,validation,259,0.2702702702702703,0.29466248037676607,0.23294288589222098,0.22666414243472255,1.32854823094508,0.5003888093950206,41,22,7,70,26,2,64,24,3,0.2342857142857143,0.5857142857142857,0.3611111111111111,0.2653061224489796,0.25,0.03296703296703297,0.024229433523771517,0.02565363282115389,-0.01072766805107165,-0.034957101574843163
nvidia,NVDA,technical_dollar_semi_etf,technical+dollar+semi_etf,depth2_fast,validation,259,0.33976833976833976,0.3628990057561487,0.3112109356999182,0.30562507093674446,1.2644239395412136,0.5157803100349685,45,22,3,61,34,3,50,32,9,0.28846153846153844,0.6428571428571429,0.38636363636363635,0.3469387755102041,0.6,0.0989010989010989,0.016456599171223184,0.030192103513427045,0.04895638888518929,0.03249978971396611
nvidia,NVDA,technical_dollar_semi_etf,technical+dollar+semi_etf,depth3_conservative,validation,259,0.26640926640926643,0.3062271062271062,0.21229821225215562,0.1991144070508858,1.3275558919660013,0.5063862664794342,52,11,7,82,14,2,75,13,3,0.24880382775119617,0.7428571428571429,0.3684210526315789,0.14285714285714285,0.25,0.03296703296703297,0.025490899814121715,0.02020920390507327,-0.01142228303116555,-0.036913182845287267
nvidia,NVDA,technical_dollar_semi_etf,technical+dollar+semi_etf,baseline_depth3_unweighted,validation,259,0.29343629343629346,0.3243328100470958,0.24395038005496586,0.23541933580491867,1.3873740754116883,0.5149187563783837,48,18,4,72,26,0,67,22,2,0.25668449197860965,0.6857142857142857,0.3939393939393939,0.2653061224489796,0.3333333333333333,0.02197802197802198,0.024536077623935566,0.021993442088436236,-0.013555546723751083,-0.03809162434768665
nvidia,NVDA,technical_dollar_semi_etf,technical+dollar+semi_etf,depth2_fast_unweighted,validation,259,0.32432432432432434,0.3455259026687598,0.28487416833191687,0.2785987563234502,1.2979917641780803,0.5019026346666099,43,25,2,60,36,2,48,38,5,0.2847682119205298,0.6142857142857143,0.36363636363636365,0.3673469387755102,0.5555555555555556,0.054945054945054944,0.01879716324561439,0.028197414570394742,0.03650719117926485,0.01771002793365046
nvidia,NVDA,technical_dollar_semi_etf,technical+dollar+semi_etf,depth3_regularized_unweighted,validation,259,0.29343629343629346,0.32239665096807957,0.2557065230332557,0.2481174758402481,1.337649277423113,0.5071300226579729,46,20,4,72,25,1,64,22,5,0.25274725274725274,0.6571428571428571,0.373134328358209,0.25510204081632654,0.5,0.054945054945054944,0.023506211637262058,0.02149833472591301,0.02399614685523696,0.0004899352179749024
nvidia,NVDA,technical_dollar_semi_etf,technical+dollar+semi_etf,depth4_slow_unweighted,validation,259,0.29343629343629346,0.31072736787022504,0.2513189382792093,0.24770455703624783,1.3120154561132713,0.49450504186529026,38,25,7,60,36,2,57,32,2,0.24516129032258063,0.5428571428571428,0.3870967741935484,0.3673469387755102,0.18181818181818182,0.02197802197802198,0.02204068455691359,0.029920660864995865,-0.021858832145089647,-0.04389951670200323
nvidia,NVDA,technical_dollar_semi_etf,technical+dollar+semi_etf,depth2_fast,test,260,0.28076923076923077,0.31404481404481405,0.19586828207517862,0.1738941859631515,1.5173981646296828,0.4289807986515247,64,14,0,65,9,0,89,19,0,0.29357798165137616,0.8205128205128205,0.21428571428571427,0.12162162162162163,0.0,0.0,0.021014889741212357,0.03418825372430134,,
nvidia,NVDA,technical_dollar_semi_etf,technical+dollar+semi_etf,depth2_fast,recent_regime,341,0.2903225806451613,0.33469581289130157,0.18877169258508,0.17581198360626485,1.3347803818654473,0.44940269088771145,88,6,1,138,10,0,87,10,1,0.28115015974440893,0.9263157894736842,0.38461538461538464,0.06756756756756757,0.5,0.01020408163265306,0.007576521907198501,0.019010076567920642,0.02676995171804965,0.019193429810851148
nvidia,NVDA,technical_alpha_semi_etf,technical+domestic_alpha+semi_etf,baseline_depth3,validation,259,0.3204633204633205,0.35353218210361065,0.28263814577222834,0.2724375693343141,1.30559411193658,0.5167941899308359,51,17,2,67,25,6,58,26,7,0.2897727272727273,0.7285714285714285,0.36764705882352944,0.25510204081632654,0.4666666666666667,0.07692307692307693,0.018104440760335308,0.029474726024183023,0.05118783131378509,0.03308339055344978
nvidia,NVDA,technical_alpha_semi_etf,technical+domestic_alpha+semi_etf,shallow_regularized,validation,259,0.305019305019305,0.33417059131344845,0.28152544382205624,0.27295759349640386,1.2113638861435891,0.5230172497253243,46,20,4,67,22,9,57,23,11,0.27058823529411763,0.6571428571428571,0.3384615384615385,0.22448979591836735,0.4583333333333333,0.12087912087912088,0.021234774642360385,0.02028545956964176,0.04291724383092735,0.021682469188566963
nvidia,NVDA,technical_alpha_semi_etf,technical+domestic_alpha+semi_etf,depth3_regularized,validation,259,0.3127413127413127,0.3425954997383569,0.29026584721672904,0.28239192714260375,1.2626255474263204,0.5133295451618433,47,15,8,68,22,8,59,20,12,0.27011494252873564,0.6714285714285714,0.38596491228070173,0.22448979591836735,0.42857142857142855,0.13186813186813187,0.021473017113889936,0.027661062238667725,0.023053388848190227,0.0015803717343002913
nvidia,NVDA,technical_alpha_semi_etf,technical+domestic_alpha+semi_etf,depth4_slow,validation,259,0.277992277992278,0.2935112506541078,0.2611019593941795,0.2584206910582622,1.264689400315913,0.5023165357016288,34,28,8,58,29,11,55,27,9,0.23129251700680273,0.4857142857142857,0.34523809523809523,0.29591836734693877,0.32142857142857145,0.0989010989010989,0.023577646345279257,0.022255157485242087,0.022254756130494633,-0.0013228902147846243
nvidia,NVDA,technical_alpha_semi_etf,technical+domestic_alpha+semi_etf,depth2_fast,validation,259,0.33204633204633205,0.35253793825222396,0.3111654300441486,0.3067214291470584,1.2168598993301483,0.5248678136876895,42,25,3,56,33,9,52,28,11,0.28,0.6,0.38372093023255816,0.336734693877551,0.4782608695652174,0.12087912087912088,0.02001704179640854,0.02134477548833024,0.04870754137880672,0.028690499582398183
nvidia,NVDA,technical_alpha_semi_etf,technical+domestic_alpha+semi_etf,depth3_conservative,validation,259,0.2702702702702703,0.3087912087912088,0.22310865819317807,0.20971609180909875,1.2708956981684918,0.51458013026336,51,14,5,79,14,5,69,17,5,0.2562814070351759,0.7285714285714285,0.3111111111111111,0.14285714285714285,0.3333333333333333,0.054945054945054944,0.022659041515678158,0.025863816373340055,0.019030627649998702,-0.0036284138656794557
nvidia,NVDA,technical_alpha_semi_etf,technical+domestic_alpha+semi_etf,baseline_depth3_unweighted,validation,259,0.3166023166023166,0.3419675562532705,0.2841243972477226,0.27712283573260976,1.2842473501931355,0.5133317656609582,45,24,1,63,30,5,55,29,7,0.27607361963190186,0.6428571428571429,0.3614457831325301,0.30612244897959184,0.5384615384615384,0.07692307692307693,0.01980371131691718,0.02273299687680981,0.06489513290288623,0.04509142158596905
nvidia,NVDA,technical_alpha_semi_etf,technical+domestic_alpha+semi_etf,depth2_fast_unweighted,validation,259,0.3204633204633205,0.32736787022501307,0.30095696470170524,0.3001170876346192,1.2178404126745228,0.49865493266114386,31,34,5,47,41,10,36,44,11,0.2719298245614035,0.44285714285714284,0.3445378151260504,0.41836734693877553,0.4230769230769231,0.12087912087912088,0.01814699325532973,0.024334053596333328,0.03822964631149925,0.02008265305616952
nvidia,NVDA,technical_alpha_semi_etf,technical+domestic_alpha+semi_etf,depth3_regularized_unweighted,validation,259,0.30115830115830117,0.3250654107796965,0.2800479079970913,0.27392034833051165,1.2684020535997447,0.5002956594571502,42,22,6,63,26,9,56,25,10,0.2608695652173913,0.6,0.3561643835616438,0.2653061224489796,0.4,0.10989010989010989,0.020979743678125714,0.024655278446849317,0.03123625417487983,0.010256510496754117
nvidia,NVDA,technical_alpha_semi_etf,technical+domestic_alpha+semi_etf,depth4_slow_unweighted,validation,259,0.3204633204633205,0.3475143903715332,0.29520145876569437,0.287253960125489,1.2629115050407342,0.5153787327700372,46,21,3,62,27,9,53,28,10,0.2857142857142857,0.6571428571428571,0.35526315789473684,0.2755102040816326,0.45454545454545453,0.10989010989010989,0.018650214339272043,0.02642247320268364,0.04307672459743094,0.0244265102581589
nvidia,NVDA,technical_alpha_semi_etf,technical+domestic_alpha+semi_etf,depth2_fast,test,260,0.28846153846153844,0.32212982212982216,0.19211002533478103,0.17084774075002088,1.4766641220137942,0.479037735587298,68,10,0,67,7,0,94,14,0,0.29694323144104806,0.8717948717948718,0.22580645161290322,0.0945945945945946,0.0,0.0,0.021788899133531006,0.03314499091697904,,
nvidia,NVDA,technical_alpha_semi_etf,technical+domestic_alpha+semi_etf,depth2_fast,recent_regime,341,0.2844574780058651,0.3301913083867971,0.180434037692747,0.16560685054706903,1.3468837907740387,0.45556356675077425,88,6,1,140,8,0,89,8,1,0.277602523659306,0.9263157894736842,0.36363636363636365,0.05405405405405406,0.5,0.01020408163265306,0.008298585921064753,0.014834493275204018,-0.018878668938423947,-0.0271772548594887
nvidia,NVDA,technical_alpha_rates,technical+domestic_alpha+rates,baseline_depth3,validation,259,0.25868725868725867,0.2691261119832548,0.2514190416629441,0.24896255140157575,1.4576995361870309,0.4420761711134382,28,37,5,62,27,9,36,43,12,0.2222222222222222,0.4,0.2523364485981308,0.2755102040816326,0.46153846153846156,0.13186813186813187,0.023390055068715342,0.01967508944904723,0.03484995782554036,0.011459902756825017
nvidia,NVDA,technical_alpha_rates,technical+domestic_alpha+rates,shallow_regularized,validation,259,0.25868725868725867,0.2719518576661434,0.2542273611206835,0.2518519768455915,1.3720856245950457,0.43720750475408865,27,17,26,64,12,22,50,13,28,0.19148936170212766,0.38571428571428573,0.2857142857142857,0.12244897959183673,0.3684210526315789,0.3076923076923077,0.03232871615678352,0.01026431834357626,0.012750395587283641,-0.019578320569499874
nvidia,NVDA,technical_alpha_rates,technical+domestic_alpha+rates,depth3_regularized,validation,259,0.29343629343629346,0.32386185243328103,0.27638370687906294,0.2668081990063414,1.4814679661630448,0.43546718857277866,44,15,11,75,11,12,58,12,21,0.24858757062146894,0.6285714285714286,0.2894736842105263,0.11224489795918367,0.4772727272727273,0.23076923076923078,0.02370497975383945,0.0179858877751891,0.0245280741200788,0.0008230943662393513
nvidia,NVDA,technical_alpha_rates,technical+domestic_alpha+rates,depth4_slow,validation,259,0.2702702702702703,0.2942438513867085,0.26061458228245393,0.25262333574789436,1.445226686565912,0.4412414854961439,38,22,10,70,15,13,49,25,17,0.24203821656050956,0.5428571428571428,0.24193548387096775,0.15306122448979592,0.425,0.18681318681318682,0.02309063075362009,0.024685163142150506,0.020069281750963758,-0.003021349002656333
nvidia,NVDA,technical_alpha_rates,technical+domestic_alpha+rates,depth2_fast,validation,259,0.2471042471042471,0.2457875457875458,0.24768464698132217,0.25282879950399134,1.4760703877953907,0.4300086466235534,17,39,14,56,28,14,33,39,19,0.16037735849056603,0.24285714285714285,0.2641509433962264,0.2857142857142857,0.40425531914893614,0.2087912087912088,0.031100832416441907,0.015912375860886136,0.020746390122839648,-0.010354442293602259
nvidia,NVDA,technical_alpha_rates,technical+domestic_alpha+rates,depth3_conservative,validation,259,0.277992277992278,0.3223443223443223,0.22605678980682087,0.20974274719090097,1.4246271573997964,0.43936471964422275,55,6,9,82,7,9,74,7,10,0.26066350710900477,0.7857142857142857,0.35,0.07142857142857142,0.35714285714285715,0.10989010989010989,0.026308401374463174,0.017976334120096724,0.001710037169877561,-0.024598364204585613
nvidia,NVDA,technical_alpha_rates,technical+domestic_alpha+rates,baseline_depth3_unweighted,validation,259,0.2277992277992278,0.23019361590790163,0.22589618742996054,0.2285878752403654,1.459207980741412,0.43328210641875237,19,40,11,59,26,13,39,38,14,0.1623931623931624,0.2714285714285714,0.25,0.2653061224489796,0.3684210526315789,0.15384615384615385,0.034106853546724374,0.01280093599782083,0.016754768537634683,-0.01735208500908969
nvidia,NVDA,technical_alpha_rates,technical+domestic_alpha+rates,depth2_fast_unweighted,validation,259,0.23938223938223938,0.23626373626373628,0.2386402940774286,0.24457849633805423,1.5313161596845997,0.4274069988355703,15,40,15,53,28,17,32,40,19,0.15,0.21428571428571427,0.25925925925925924,0.2857142857142857,0.37254901960784315,0.2087912087912088,0.03159439318125104,0.017409504845878537,0.01801597199392647,-0.01357842118732457
nvidia,NVDA,technical_alpha_rates,technical+domestic_alpha+rates,depth3_regularized_unweighted,validation,259,0.28185328185328185,0.3003139717425432,0.2803241558985638,0.2755544515883858,1.4551710266755764,0.43825746776057334,34,26,10,66,17,15,46,23,22,0.2328767123287671,0.4857142857142857,0.25757575757575757,0.17346938775510204,0.46808510638297873,0.24175824175824176,0.02542665732524255,0.015646150226633796,0.025820053802701973,0.0003933964774594234
nvidia,NVDA,technical_alpha_rates,technical+domestic_alpha+rates,depth4_slow_unweighted,validation,259,0.2702702702702703,0.28362114076399786,0.2681864360728166,0.2654749053905591,1.4277179387573355,0.4452682496160757,30,25,15,61,22,15,42,31,18,0.22556390977443608,0.42857142857142855,0.28205128205128205,0.22448979591836735,0.375,0.1978021978021978,0.026099102566733978,0.025032520353206057,0.011140899671761344,-0.014958202894972635
nvidia,NVDA,technical_alpha_rates,technical+domestic_alpha+rates,depth3_regularized_unweighted,test,260,0.2846153846153846,0.3185493185493185,0.20217640320733102,0.17939466032249538,1.456619073176262,0.5047501962579669,64,14,0,63,10,1,86,22,0,0.3004694835680751,0.8205128205128205,0.21739130434782608,0.13513513513513514,0.0,0.0,0.0202340925479974,0.03648590654581815,0.0289392061738695,0.008705113625872101
nvidia,NVDA,technical_alpha_rates,technical+domestic_alpha+rates,depth3_regularized_unweighted,recent_regime,341,0.2785923753665689,0.3295637743006164,0.15689234184239734,0.13699213321138778,1.4382210994660491,0.4684382120398892,92,3,0,145,3,0,93,5,0,0.2787878787878788,0.968421052631579,0.2727272727272727,0.02027027027027027,0.0,0.0,0.007695778694668821,0.03451329835585966,,
nvidia,NVDA,technical_daily_extended,technical+rates+dollar+semi_etf,baseline_depth3,validation,259,0.2548262548262548,0.28351648351648356,0.20978672170622636,0.20053830920703986,1.5748967036002968,0.43387742223145953,43,26,1,76,21,1,66,23,2,0.23243243243243245,0.6142857142857143,0.3,0.21428571428571427,0.5,0.02197802197802198,0.02586495916955702,0.014803049870550597,0.03431236896591115,0.008447409796354131
nvidia,NVDA,technical_daily_extended,technical+rates+dollar+semi_etf,shallow_regularized,validation,259,0.2625482625482625,0.29288330716902145,0.24253596207450814,0.2324354018915455,1.4149585105036766,0.42790372448757547,42,18,10,78,9,11,64,10,17,0.22826086956521738,0.6,0.24324324324324326,0.09183673469387756,0.4473684210526316,0.18681318681318682,0.027715853401289913,-0.0008380069724714685,0.023414990666166736,-0.004300862735123177
nvidia,NVDA,technical_daily_extended,technical+rates+dollar+semi_etf,depth3_regularized,validation,259,0.25868725868725867,0.29748822605965464,0.212613106881033,0.1988860908998307,1.5347229670236864,0.43203762768980164,50,14,6,82,11,5,72,13,6,0.24509803921568626,0.7142857142857143,0.2894736842105263,0.11224489795918367,0.35294117647058826,0.06593406593406594,0.026447978293194577,0.011782003382523531,0.006786865460155785,-0.019661112833038792
nvidia,NVDA,technical_daily_extended,technical+rates+dollar+semi_etf,depth4_slow,validation,259,0.2548262548262548,0.2960230245944532,0.19776666119949704,0.18277819397222383,1.5241408718086833,0.4344000166981533,52,13,5,82,11,5,76,12,3,0.24761904761904763,0.7428571428571429,0.3055555555555556,0.11224489795918367,0.23076923076923078,0.03296703296703297,0.02653561438911821,0.01274114941527905,-0.005590768268817998,-0.03212638265793621
nvidia,NVDA,technical_daily_extended,technical+rates+dollar+semi_etf,depth2_fast,validation,259,0.25868725868725867,0.271847200418629,0.25103001631618765,0.24817616161377268,1.527847999586772,0.4317978137853915,30,34,6,66,25,7,42,37,12,0.21739130434782608,0.42857142857142855,0.2604166666666667,0.25510204081632654,0.48,0.13186813186813187,0.02489835265421627,0.01868524682014183,0.02914896208619101,0.00425060943197474
nvidia,NVDA,technical_daily_extended,technical+rates+dollar+semi_etf,depth3_conservative,validation,259,0.2625482625482625,0.3183673469387755,0.16121587825767889,0.13850715232482852,1.529799559450411,0.438276786102873,64,4,2,91,4,3,86,5,0,0.26556016597510373,0.9142857142857143,0.3076923076923077,0.04081632653061224,0.0,0.0,0.024467220141628453,0.018012756190040613,-0.03445709428654986,-0.05892431442817832
nvidia,NVDA,technical_daily_extended,technical+rates+dollar+semi_etf,baseline_depth3_unweighted,validation,259,0.23938223938223938,0.2609105180533752,0.20884631522929395,0.20118875438024375,1.5449059821419713,0.43120383027215325,36,33,1,73,22,3,52,35,4,0.2236024844720497,0.5142857142857142,0.24444444444444444,0.22448979591836735,0.5,0.04395604395604396,0.02622278802915521,0.01601329692430856,0.036926852161059544,0.010704064131904334
nvidia,NVDA,technical_daily_extended,technical+rates+dollar+semi_etf,depth2_fast_unweighted,validation,259,0.23938223938223938,0.2428571428571428,0.2352187561039005,0.23696425082000883,1.5457297535459902,0.43477616924821894,21,40,9,61,28,9,35,43,13,0.1794871794871795,0.3,0.25225225225225223,0.2857142857142857,0.41935483870967744,0.14285714285714285,0.027856155012382925,0.019246844679493627,0.01815840378379489,-0.009697751228588035
nvidia,NVDA,technical_daily_extended,technical+rates+dollar+semi_etf,depth3_regularized_unweighted,validation,259,0.2857142857142857,0.31711145996860285,0.2665747940593088,0.257203336050759,1.5122975644434873,0.4313000889087846,45,18,7,77,13,8,62,13,16,0.24456521739130435,0.6428571428571429,0.29545454545454547,0.1326530612244898,0.5161290322580645,0.17582417582417584,0.026873096266437007,0.006081792985579663,0.02407199383162327,-0.002801102434813737
nvidia,NVDA,technical_daily_extended,technical+rates+dollar+semi_etf,depth4_slow_unweighted,validation,259,0.2702702702702703,0.30549450549450546,0.23477563543809488,0.22251551785389517,1.497196593947327,0.4369109570972925,48,16,6,74,14,10,66,17,8,0.2553191489361702,0.6857142857142857,0.2978723404255319,0.14285714285714285,0.3333333333333333,0.08791208791208792,0.024962198490555487,0.01838264218873218,0.016733454753141346,-0.00822874373741414
nvidia,NVDA,technical_daily_extended,technical+rates+dollar+semi_etf,depth3_regularized_unweighted,test,260,0.28076923076923077,0.3121647288313955,0.1886592463080622,0.170232148905074,1.4588768511006338,0.47628613251491003,66,12,0,68,6,0,89,18,1,0.29596412556053814,0.8461538461538461,0.16666666666666666,0.08108108108108109,1.0,0.009259259259259259,0.02013898398444739,0.040297263319053485,0.0754577119872577,0.05531872800281031
nvidia,NVDA,technical_daily_extended,technical+rates+dollar+semi_etf,depth3_regularized_unweighted,recent_regime,341,0.2903225806451613,0.3409784112791632,0.1741394440862526,0.15543357074835207,1.4184303733499541,0.4782197664093841,93,2,0,143,5,0,92,5,1,0.28353658536585363,0.9789473684210527,0.4166666666666667,0.033783783783783786,1.0,0.01020408163265306,0.007371029750494327,0.03501552662042596,0.0813691735479162,0.07399814379742188
nvidia,NVDA,technical_all_guarded,technical+rates+dollar+semi_etf+monthly_industry+domestic_alpha,baseline_depth3,validation,259,0.25868725868725867,0.27676609105180533,0.24506143860982568,0.24004408136927757,1.435358519390776,0.4534062678472617,34,34,2,67,23,8,50,31,10,0.2251655629139073,0.4857142857142857,0.26136363636363635,0.23469387755102042,0.5,0.10989010989010989,0.027133503922519734,0.009991530290951818,0.049103332763299805,0.02196982884078007
nvidia,NVDA,technical_all_guarded,technical+rates+dollar+semi_etf+monthly_industry+domestic_alpha,shallow_regularized,validation,259,0.24324324324324326,0.26525379382522235,0.23576603688743694,0.22923694463920444,1.3168410173760865,0.44203398163025487,34,24,12,76,11,11,57,16,18,0.20359281437125748,0.4857142857142857,0.21568627450980393,0.11224489795918367,0.43902439024390244,0.1978021978021978,0.028788579615092395,0.00537429339816009,0.021382894003503447,-0.007405685611588948
nvidia,NVDA,technical_all_guarded,technical+rates+dollar+semi_etf+monthly_industry+domestic_alpha,depth3_regularized,validation,259,0.2702702702702703,0.3065410779696494,0.23763003165988242,0.22502475338296235,1.4303194604592437,0.44438737761719127,48,13,9,80,10,8,66,13,12,0.24742268041237114,0.6857142857142857,0.2777777777777778,0.10204081632653061,0.41379310344827586,0.13186813186813187,0.026684769262577512,0.006744637547869074,0.018580283603686614,-0.008104485658890898
nvidia,NVDA,technical_all_guarded,technical+rates+dollar+semi_etf+monthly_industry+domestic_alpha,depth4_slow,validation,259,0.29343629343629346,0.334850863422292,0.2523871868726543,0.23803457817597642,1.4448460604990088,0.4505985577414149,54,11,5,80,11,7,66,14,11,0.27,0.7714285714285715,0.3055555555555556,0.11224489795918367,0.4782608695652174,0.12087912087912088,0.023586536873224113,0.014180785621496432,0.03176803287615398,0.008181496002929865
nvidia,NVDA,technical_all_guarded,technical+rates+dollar+semi_etf+monthly_industry+domestic_alpha,depth2_fast,validation,259,0.2471042471042471,0.2608058608058608,0.2440064660006009,0.24183086998336265,1.4392312441337294,0.433748966357662,29,32,9,70,21,7,48,29,14,0.19727891156462585,0.4142857142857143,0.25609756097560976,0.21428571428571427,0.4666666666666667,0.15384615384615385,0.02819509709283828,0.012565263756428828,0.026114983749861494,-0.0020801133429767873
nvidia,NVDA,technical_all_guarded,technical+rates+dollar+semi_etf+monthly_industry+domestic_alpha,depth3_conservative,validation,259,0.26640926640926643,0.3132391418105704,0.2047455804261612,0.1861780110418949,1.4293672651017828,0.45291653676746846,56,5,9,87,4,7,75,7,9,0.25688073394495414,0.8,0.25,0.04081632653061224,0.36,0.0989010989010989,0.024887527126563017,0.022180334457082642,0.007124565930647038,-0.01776296119591598
nvidia,NVDA,technical_all_guarded,technical+rates+dollar+semi_etf+monthly_industry+domestic_alpha,baseline_depth3_unweighted,validation,259,0.23938223938223938,0.24992150706436422,0.2376997206265499,0.23689918376800384,1.415424362765326,0.44582404054453745,26,35,9,67,22,9,47,30,14,0.18571428571428572,0.37142857142857144,0.25287356321839083,0.22448979591836735,0.4375,0.15384615384615385,0.030625197627232596,0.010009946681494401,0.02500273075211438,-0.005622466875118217
nvidia,NVDA,technical_all_guarded,technical+rates+dollar+semi_etf+monthly_industry+domestic_alpha,depth2_fast_unweighted,validation,259,0.23166023166023167,0.24395604395604395,0.22688933873144398,0.22407812670970564,1.4499937563707956,0.4250539359235011,27,34,9,69,21,8,42,37,12,0.1956521739130435,0.38571428571428573,0.22826086956521738,0.21428571428571427,0.41379310344827586,0.13186813186813187,0.027560634918371588,0.01711391292950524,0.02002182085932672,-0.0075388140590448675
nvidia,NVDA,technical_all_guarded,technical+rates+dollar+semi_etf+monthly_industry+domestic_alpha,depth3_regularized_unweighted,validation,259,0.29343629343629346,0.33212977498691787,0.2576088978993763,0.2453155875367093,1.4221665738868292,0.4593612023736248,52,14,4,79,13,6,68,12,11,0.2613065326633166,0.7428571428571429,0.3333333333333333,0.1326530612244898,0.5238095238095238,0.12087912087912088,0.02524171348274652,0.002579546712758012,0.03975129087171981,0.01450957738897329
nvidia,NVDA,technical_all_guarded,technical+rates+dollar+semi_etf+monthly_industry+domestic_alpha,depth4_slow_unweighted,validation,259,0.2857142857142857,0.31742543171114596,0.26188849241816764,0.2524811386959819,1.4034844824140698,0.45157035917905486,46,17,7,77,16,5,61,18,12,0.25,0.6571428571428571,0.3137254901960784,0.16326530612244897,0.5,0.13186813186813187,0.02469372441476386,0.014764062082412665,0.027577831443776648,0.002884107029012789
nvidia,NVDA,technical_all_guarded,technical+rates+dollar+semi_etf+monthly_industry+domestic_alpha,depth4_slow_unweighted,test,260,0.2923076923076923,0.3254793254793255,0.1727320954907162,0.15439787798408489,1.6488600169447998,0.49407217222288397,73,5,0,71,3,0,103,5,0,0.29554655870445345,0.9358974358974359,0.23076923076923078,0.04054054054054054,0.0,0.0,0.022437249724259912,0.03655014908559636,,
nvidia,NVDA,technical_all_guarded,technical+rates+dollar+semi_etf+monthly_industry+domestic_alpha,depth4_slow_unweighted,recent_regime,341,0.2844574780058651,0.3365813181602655,0.15949919698483966,0.1392455977937996,1.5641225517983366,0.4827987053533962,94,1,0,145,3,0,93,5,0,0.28313253012048195,0.9894736842105263,0.3333333333333333,0.02027027027027027,0.0,0.0,0.007026237161936877,0.0651713903769027,,
samsung_electronics,005930,technical_only,technical,baseline_depth3,validation,253,0.26877470355731226,0.2886243386243386,0.2580338703743537,0.26411821745793984,1.2817221754774284,0.48199636329208295,31,9,23,71,26,23,38,21,11,0.22142857142857142,0.49206349206349204,0.4642857142857143,0.21666666666666667,0.19298245614035087,0.15714285714285714,0.0032935518583254116,0.011757086123844521,-0.0028833421213931613,-0.006176893979718573
samsung_electronics,005930,technical_only,technical,shallow_regularized,validation,253,0.2845849802371542,0.3103174603174603,0.26891062694530904,0.2730318437531305,1.2140633324030994,0.4935083448269478,36,6,21,70,26,24,39,21,10,0.2482758620689655,0.5714285714285714,0.49056603773584906,0.21666666666666667,0.18181818181818182,0.14285714285714285,0.001830972096670384,0.014382123071669872,-0.0013199980842594234,-0.0031509701809298075
samsung_electronics,005930,technical_only,technical,depth3_regularized,validation,253,0.2885375494071146,0.3130952380952381,0.27241529826365457,0.277127822599134,1.2761473142565722,0.48052524559633386,36,7,20,70,27,23,38,22,10,0.25,0.5714285714285714,0.48214285714285715,0.225,0.18867924528301888,0.14285714285714285,0.0015350802789971482,0.014933869420301707,-0.001928389915680081,-0.003463470194677229
samsung_electronics,005930,technical_only,technical,depth4_slow,validation,253,0.2727272727272727,0.3,0.255896051974013,0.2572983863799326,1.315097793075061,0.4684808307946695,36,6,21,71,24,25,37,24,9,0.25,0.5714285714285714,0.4444444444444444,0.2,0.16363636363636364,0.12857142857142856,0.0017251347165527814,0.01599496258748198,-0.0028546144859306725,-0.004579749202483454
samsung_electronics,005930,technical_only,technical,depth2_fast,validation,253,0.2648221343873518,0.2788359788359788,0.25354809015467067,0.2646463854293284,1.2480892362961817,0.48689125457328936,29,10,24,69,28,23,40,20,10,0.21014492753623187,0.4603174603174603,0.4827586206896552,0.23333333333333334,0.17543859649122806,0.14285714285714285,0.004249375095435323,0.009824959958604381,-0.00352838348399453,-0.007777758579429854
samsung_electronics,005930,technical_only,technical,depth3_conservative,validation,253,0.2766798418972332,0.30423280423280424,0.26340802440324934,0.2641160780085789,1.2728347186843463,0.4821354721606063,35,6,22,73,24,23,36,23,11,0.24305555555555555,0.5555555555555556,0.4528301886792453,0.2,0.19642857142857142,0.15714285714285714,0.001398479735419575,0.01613948308220353,-0.0018148232692100947,-0.0032133030046296697
samsung_electronics,005930,technical_only,technical,baseline_depth3_unweighted,validation,253,0.2885375494071146,0.2809523809523809,0.26763490301781095,0.28913539194483073,1.2628858555172653,0.46389683143256316,24,20,19,59,40,21,29,32,9,0.21428571428571427,0.38095238095238093,0.43478260869565216,0.3333333333333333,0.1836734693877551,0.12857142857142856,0.0022791798966021394,0.00927806909447524,-0.0031368759781575735,-0.005416055874759713
samsung_electronics,005930,technical_only,technical,depth2_fast_unweighted,validation,253,0.31225296442687744,0.2830687830687831,0.2766051142354573,0.3141263728357943,1.2088114205766973,0.48268117322399506,19,24,20,50,52,18,32,30,8,0.18811881188118812,0.30158730158730157,0.49056603773584906,0.43333333333333335,0.17391304347826086,0.11428571428571428,0.004812592261869331,0.006540131330564116,-0.0048735251588512656,-0.009686117420720597
samsung_electronics,005930,technical_only,technical,depth3_regularized_unweighted,validation,253,0.2845849802371542,0.2812169312169312,0.26334526549088244,0.28319740692503453,1.2547974485686126,0.46880805980479606,26,18,19,61,38,21,31,31,8,0.22033898305084745,0.4126984126984127,0.4367816091954023,0.31666666666666665,0.16666666666666666,0.11428571428571428,0.0023603489972616304,0.009182691345267235,-0.002547328052785025,-0.004907677050046655
samsung_electronics,005930,technical_only,technical,depth4_slow_unweighted,validation,253,0.2766798418972332,0.2781746031746032,0.25736744742833273,0.2725712733010384,1.2826800295836611,0.460946037743877,27,17,19,64,35,21,28,34,8,0.226890756302521,0.42857142857142855,0.4069767441860465,0.2916666666666667,0.16666666666666666,0.11428571428571428,0.0008897478505812313,0.011802549572849525,-0.0034532432354746896,-0.004342991086055921
samsung_electronics,005930,technical_only,technical,depth2_fast_unweighted,test,254,0.3543307086614173,0.37227170490328393,0.3380710625468432,0.32838015932927345,1.2637085155956842,0.5007845434667959,16,40,44,9,50,19,19,33,24,0.36363636363636365,0.16,0.4065040650406504,0.6410256410256411,0.27586206896551724,0.3157894736842105,0.008198588340661804,-0.004241883754219466,-0.011679488566133073,-0.019878076906794877
samsung_electronics,005930,technical_only,technical,depth2_fast_unweighted,recent_regime,330,0.34545454545454546,0.3790358808413439,0.3434209922788778,0.3495528142830337,1.2344142068437685,0.5197524943981434,27,33,16,21,41,17,76,53,46,0.21774193548387097,0.35526315789473684,0.3228346456692913,0.5189873417721519,0.5822784810126582,0.26285714285714284,0.029021423256402383,0.017255802820156062,0.038457877417427566,0.009436454161025183
samsung_electronics,005930,technical_core,technical,baseline_depth3,validation,253,0.30039525691699603,0.3628306878306878,0.23143012145569689,0.21921825331548042,1.6676603914126296,0.5025437792628399,58,5,0,101,15,4,54,13,3,0.27230046948356806,0.9206349206349206,0.45454545454545453,0.125,0.42857142857142855,0.04285714285714286,0.0015703684061708037,0.01237776032312075,0.03031271728629637,0.028742348880125567
samsung_electronics,005930,technical_core,technical,shallow_regularized,validation,253,0.26877470355731226,0.3451058201058201,0.19397480746806084,0.16406965261668344,1.4906714957178675,0.5064531671951863,59,4,0,111,5,4,57,9,4,0.2599118942731278,0.9365079365079365,0.2777777777777778,0.041666666666666664,0.5,0.05714285714285714,0.001801036485313209,0.01660951095157282,0.030917137860878914,0.029116101375565705
samsung_electronics,005930,technical_core,technical,depth3_regularized,validation,253,0.2964426877470356,0.355026455026455,0.23124595211100887,0.22053455846602205,1.5583830482007381,0.504080001727899,56,7,0,100,16,4,52,15,3,0.2692307692307692,0.8888888888888888,0.42105263157894735,0.13333333333333333,0.42857142857142855,0.04285714285714286,0.0015642329990673961,0.010867223422754263,0.030975518330108597,0.0294112853310412
samsung_electronics,005930,technical_core,technical,depth4_slow,validation,253,0.30039525691699603,0.35833333333333334,0.22876248612652608,0.22054593856335883,1.5969038927297619,0.5068230415343744,57,6,0,100,17,3,52,16,2,0.2727272727272727,0.9047619047619048,0.4358974358974359,0.14166666666666666,0.4,0.02857142857142857,0.0013940664179221314,0.012142839261531297,0.03804259392719892,0.03664852750927679
samsung_electronics,005930,technical_core,technical,depth2_fast,validation,253,0.2727272727272727,0.3498677248677249,0.20180865449628127,0.17078265679994228,1.7458100874199285,0.4993297895162321,59,4,0,110,5,5,58,7,5,0.2599118942731278,0.9365079365079365,0.3125,0.041666666666666664,0.5,0.07142857142857142,0.002101596689036354,0.010608751890643031,0.03083411035198998,0.028732513662953627
samsung_electronics,005930,technical_core,technical,depth3_conservative,validation,253,0.2766798418972332,0.3486772486772487,0.20066176869771224,0.17729378751161012,1.5169326322034202,0.5042833221848114,59,4,0,109,8,3,56,11,3,0.26339285714285715,0.9365079365079365,0.34782608695652173,0.06666666666666667,0.5,0.04285714285714286,0.001691936686850782,0.015909170515133294,0.03503980707979995,0.03334787039294917
samsung_electronics,005930,technical_core,technical,baseline_depth3_unweighted,validation,253,0.28063241106719367,0.3263227513227513,0.22651598967388442,0.22146569286157386,1.6752318675749185,0.49564277115389394,49,14,0,98,19,3,49,18,3,0.25,0.7777777777777778,0.37254901960784315,0.15833333333333333,0.5,0.04285714285714286,0.002282676117725103,0.006119195445550596,0.032610015897373335,0.03032733977964823
samsung_electronics,005930,technical_core,technical,depth2_fast_unweighted,validation,253,0.25296442687747034,0.3144179894179894,0.1900520061593887,0.17134857608635365,1.6410569342071109,0.49660172266992236,52,11,0,107,9,4,58,9,3,0.23963133640552994,0.8253968253968254,0.3103448275862069,0.075,0.42857142857142855,0.04285714285714286,0.00345610432031133,0.00011939742769907923,0.028815202752944084,0.025359098432632753
samsung_electronics,005930,technical_core,technical,depth3_regularized_unweighted,validation,253,0.30039525691699603,0.3457671957671957,0.23662266918080874,0.23589509170904518,1.5431679673996983,0.5039953444162469,52,11,0,96,22,2,49,19,2,0.2639593908629442,0.8253968253968254,0.4230769230769231,0.18333333333333332,0.5,0.02857142857142857,0.0017089847107259733,0.00836250789162288,0.04590579595100852,0.044196811240282546
samsung_electronics,005930,technical_core,technical,depth4_slow_unweighted,validation,253,0.31225296442687744,0.35859788359788364,0.2524065418802261,0.251347040820725,1.5420659838372204,0.5009551514372012,53,10,0,94,23,3,49,18,3,0.27040816326530615,0.8412698412698413,0.45098039215686275,0.19166666666666668,0.5,0.04285714285714286,0.0015662305273396618,0.008872594185071116,0.032610015897373335,0.03104378537003367
samsung_electronics,005930,technical_core,technical,depth4_slow_unweighted,test,254,0.3425196850393701,0.353625730994152,0.317865549273959,0.3140031414940427,1.5314360881052003,0.47421688558720765,21,66,13,19,52,7,17,45,14,0.3684210526315789,0.21,0.31901840490797545,0.6666666666666666,0.4117647058823529,0.18421052631578946,0.002283277498365244,-0.00909407285108508,0.005148756979017559,0.002865479480652315
samsung_electronics,005930,technical_core,technical,depth4_slow_unweighted,recent_regime,330,0.30606060606060603,0.3387034040798198,0.2496584699453552,0.26934302036761054,1.438732831252932,0.48160734391733184,3,55,18,6,60,13,11,126,38,0.15,0.039473684210526314,0.24896265560165975,0.759493670886076,0.5507246376811594,0.21714285714285714,0.03160414443605473,0.024186681616643616,0.03430786376229403,0.0027037193262392997
samsung_electronics,005930,technical_rates,technical+rates,baseline_depth3,validation,253,0.2490118577075099,0.3333333333333333,0.13548387096774192,0.10121127119724595,1.8740705615694704,0.5055132323129473,63,0,0,120,0,0,64,6,0,0.2550607287449393,1.0,0.0,0.0,0.0,0.0,0.0022696435882784277,0.06575693597944482,,
samsung_electronics,005930,technical_rates,technical+rates,shallow_regularized,validation,253,0.2450592885375494,0.328042328042328,0.1316348195329087,0.09833589285264721,1.8169744742821554,0.49761574284964016,62,1,0,120,0,0,69,1,0,0.24701195219123506,0.9841269841269841,0.0,0.0,0.0,0.0,0.003532615464333402,0.034228550316878395,,
samsung_electronics,005930,technical_rates,technical+rates,depth3_regularized,validation,253,0.2450592885375494,0.328042328042328,0.133764832793959,0.09992708852987452,1.885288398180594,0.5285730200574331,62,1,0,120,0,0,64,6,0,0.25203252032520324,0.9841269841269841,0.0,0.0,0.0,0.0,0.002623001710039068,0.04426930878740425,,
samsung_electronics,005930,technical_rates,technical+rates,depth4_slow,validation,253,0.2608695652173913,0.33664021164021163,0.1600653594771242,0.13614043245756802,1.8255617925425116,0.5375740751476955,61,2,0,115,5,0,61,9,0,0.25738396624472576,0.9682539682539683,0.3125,0.041666666666666664,0.0,0.0,0.0025428375368148604,0.022030692872269917,,
samsung_electronics,005930,technical_rates,technical+rates,depth2_fast,validation,253,0.2490118577075099,0.3333333333333333,0.13333333333333333,0.09960474308300396,1.9893284224828107,0.4938466655201472,63,0,0,120,0,0,69,1,0,0.25,1.0,0.0,0.0,0.0,0.0,0.003418451938443441,0.0936936936936936,,
samsung_electronics,005930,technical_rates,technical+rates,depth3_conservative,validation,253,0.2648221343873518,0.3394179894179894,0.16473483450227636,0.14308913196678616,1.7141304064624021,0.5321172269103394,61,2,0,114,6,0,63,7,0,0.25630252100840334,0.9682539682539683,0.4,0.05,0.0,0.0,0.002694884653285988,0.0209174023132917,,
samsung_electronics,005930,technical_rates,technical+rates,baseline_depth3_unweighted,validation,253,0.2490118577075099,0.3308201058201058,0.14020445785151667,0.10820381664371435,1.9153913627757608,0.5039810372818587,62,1,0,119,1,0,62,8,0,0.2551440329218107,0.9841269841269841,0.1,0.008333333333333333,0.0,0.0,0.0021691338975130597,0.04280440450857671,,
samsung_electronics,005930,technical_rates,technical+rates,depth2_fast_unweighted,validation,253,0.2490118577075099,0.3283068783068783,0.14245129870129872,0.11345670140136545,1.808670230179981,0.48198804858969174,61,2,0,118,2,0,66,4,0,0.24897959183673468,0.9682539682539683,0.25,0.016666666666666666,0.0,0.0,0.00308518425308767,0.024909180021870175,,
samsung_electronics,005930,technical_rates,technical+rates,depth3_regularized_unweighted,validation,253,0.2608695652173913,0.33664021164021163,0.1600653594771242,0.13614043245756802,1.7553562692444193,0.5156875373816514,61,2,0,115,5,0,61,9,0,0.25738396624472576,0.9682539682539683,0.3125,0.041666666666666664,0.0,0.0,0.002372407615804529,0.024555186077235457,,
samsung_electronics,005930,technical_rates,technical+rates,depth4_slow_unweighted,validation,253,0.2766798418972332,0.34775132275132276,0.18075212614461758,0.16338726093343045,1.6989504097375832,0.5194894025707696,61,2,0,111,9,0,58,12,0,0.26521739130434785,0.9682539682539683,0.391304347826087,0.075,0.0,0.0,0.0020634723672024605,0.020893258161951075,,
samsung_electronics,005930,technical_rates,technical+rates,depth4_slow_unweighted,test,254,0.29133858267716534,0.2929194781826361,0.27326039180514156,0.27497409688834346,1.4262122525261476,0.4642679767812476,26,55,19,31,38,9,26,40,10,0.3132530120481928,0.26,0.2857142857142857,0.48717948717948717,0.2631578947368421,0.13157894736842105,0.004956163277907512,-0.008265549638721625,-0.012872967635521041,-0.017829130913428554
samsung_electronics,005930,technical_rates,technical+rates,depth4_slow_unweighted,recent_regime,330,0.3242424242424242,0.32204022715015385,0.3059081685746432,0.3378363800272578,1.2971453950604899,0.4855360387407966,15,34,27,26,35,18,55,63,57,0.15625,0.19736842105263158,0.26515151515151514,0.4430379746835443,0.5588235294117647,0.32571428571428573,0.030673119402747487,0.018772081529841434,0.033390015032624176,0.0027168956298766894
samsung_electronics,005930,technical_dollar,technical+dollar,baseline_depth3,validation,253,0.2924901185770751,0.35330687830687824,0.2136501325255585,0.20479875720808835,1.6384904976021575,0.5042459872223161,58,5,0,100,15,5,57,12,1,0.26976744186046514,0.9206349206349206,0.46875,0.125,0.16666666666666666,0.014285714285714285,0.0021288316544220273,0.012010153074481868,0.01885331301621415,0.016724481361792123
samsung_electronics,005930,technical_dollar,technical+dollar,shallow_regularized,validation,253,0.2885375494071146,0.36600529100529094,0.21595004966652476,0.18810224517370944,1.4334265989339896,0.50918214346207,61,1,1,108,7,5,58,7,5,0.2687224669603524,0.9682539682539683,0.4666666666666667,0.058333333333333334,0.45454545454545453,0.07142857142857142,0.00171503303510436,0.018775194048488927,0.025836652044128817,0.024121619009024455
samsung_electronics,005930,technical_dollar,technical+dollar,depth3_regularized,validation,253,0.308300395256917,0.3658730158730159,0.24225451967387449,0.23542796614325368,1.5225633440442827,0.5070757954953475,57,4,2,99,18,3,54,13,3,0.2714285714285714,0.9047619047619048,0.5142857142857142,0.15,0.375,0.04285714285714286,0.002023998058873084,0.011062313465502903,0.017865377315686427,0.015841379256813344
samsung_electronics,005930,technical_dollar,technical+dollar,depth4_slow,validation,253,0.2845849802371542,0.3497354497354497,0.20965764131537354,0.19431198672744546,1.531135118901045,0.4952902570038782,58,3,2,103,12,5,54,14,2,0.26976744186046514,0.9206349206349206,0.41379310344827586,0.1,0.2222222222222222,0.02857142857142857,0.0016765662186326987,0.01661965569872064,0.012523536656945757,0.010846970438313057
samsung_electronics,005930,technical_dollar,technical+dollar,depth2_fast,validation,253,0.26877470355731226,0.33756613756613757,0.2021525444817718,0.17934749412426026,1.6669605326469268,0.4939510377706724,56,6,1,107,8,5,59,7,4,0.25225225225225223,0.8888888888888888,0.38095238095238093,0.06666666666666667,0.4,0.05714285714285714,0.0028729074660806798,0.005919333397442962,0.01930521233652275,0.01643230487044207
samsung_electronics,005930,technical_dollar,technical+dollar,depth3_conservative,validation,253,0.2885375494071146,0.353968253968254,0.22450077255569245,0.2061209277904134,1.4354164357800197,0.5010696085123065,57,6,0,104,12,4,52,14,4,0.2676056338028169,0.9047619047619048,0.375,0.1,0.5,0.05714285714285714,0.0015119259325771972,0.01252776452173806,0.029026861730859964,0.027514935798282767
samsung_electronics,005930,technical_dollar,technical+dollar,baseline_depth3_unweighted,validation,253,0.31225296442687744,0.35462962962962963,0.2425948307939503,0.24706965211730733,1.5829004449628554,0.4988012050472192,53,8,2,92,25,3,49,20,1,0.27319587628865977,0.8412698412698413,0.4716981132075472,0.20833333333333334,0.16666666666666666,0.014285714285714285,0.0018323208705611914,0.011004744047057554,0.002736983133086517,0.0009046622625253258
samsung_electronics,005930,technical_dollar,technical+dollar,depth2_fast_unweighted,validation,253,0.2608695652173913,0.3029100529100529,0.20644711167114638,0.20420910519573762,1.553451473157664,0.4906582857064907,46,16,1,97,18,5,55,13,2,0.23232323232323232,0.7301587301587301,0.3829787234042553,0.15,0.25,0.02857142857142857,0.0036939682632691124,0.0019593918420100723,0.016455806184960373,0.012761837921691261
samsung_electronics,005930,technical_dollar,technical+dollar,depth3_regularized_unweighted,validation,253,0.31620553359683795,0.3608465608465608,0.2627967555392206,0.26310986825625454,1.4909540257310312,0.4960359169159859,52,9,2,93,24,3,50,16,4,0.26666666666666666,0.8253968253968254,0.4897959183673469,0.2,0.4444444444444444,0.05714285714285714,0.0018665943320338232,0.00872160306627201,0.01819990413194629,0.016333309799912467
samsung_electronics,005930,technical_dollar,technical+dollar,depth4_slow_unweighted,validation,253,0.308300395256917,0.3593915343915344,0.2344867188536125,0.23394986938365905,1.4794065280634157,0.4938288181413814,56,5,2,96,21,3,52,17,1,0.27450980392156865,0.8888888888888888,0.4883720930232558,0.175,0.16666666666666666,0.014285714285714285,0.0017169892000354896,0.01333351732600694,0.005256090059317052,0.0035391008592815625
samsung_electronics,005930,technical_dollar,technical+dollar,depth3_regularized_unweighted,test,254,0.32677165354330706,0.3365317139001349,0.30672579138836803,0.302905678491399,1.4646409639868945,0.473583075002499,21,67,12,21,48,9,21,41,14,0.3333333333333333,0.21,0.3076923076923077,0.6153846153846154,0.4,0.18421052631578946,0.005047525541232774,-0.011100647915486867,0.006759361305280977,0.0017118357640482033
samsung_electronics,005930,technical_dollar,technical+dollar,depth3_regularized_unweighted,recent_regime,330,0.24545454545454545,0.3006252974207671,0.23458118433016392,0.21827785216696266,1.4980829625955394,0.4818618807610669,17,51,8,22,45,12,52,104,19,0.18681318681318682,0.2236842105263158,0.225,0.569620253164557,0.48717948717948717,0.10857142857142857,0.02929421124272199,0.02596105633751544,0.02488028890614629,-0.0044139223365756985
samsung_electronics,005930,technical_semi_etf,technical+semi_etf,baseline_depth3,validation,253,0.2885375494071146,0.353968253968254,0.22420872402458428,0.2065480509657617,1.6500835102175473,0.5065865272265091,57,5,1,103,12,5,54,12,4,0.26635514018691586,0.9047619047619048,0.41379310344827586,0.1,0.4,0.05714285714285714,0.0015145799273420136,0.01501367899897362,0.01956267867600147,0.018048098748659456
samsung_electronics,005930,technical_semi_etf,technical+semi_etf,shallow_regularized,validation,253,0.2648221343873518,0.3423280423280423,0.1879370271928031,0.15661297713069824,1.5383619969408104,0.504469233733592,59,3,1,111,4,5,59,7,4,0.2576419213973799,0.9365079365079365,0.2857142857142857,0.03333333333333333,0.4,0.05714285714285714,0.002338814812718797,0.014634874387462757,0.02146667486443574,0.019127860051716943
samsung_electronics,005930,technical_semi_etf,technical+semi_etf,depth3_regularized,validation,253,0.2924901185770751,0.36177248677248675,0.22456373362848184,0.20363831768273435,1.6063067974448018,0.509378026157859,59,4,0,105,11,4,51,15,4,0.2744186046511628,0.9365079365079365,0.36666666666666664,0.09166666666666666,0.5,0.05714285714285714,0.0008459789680897512,0.01753070003850376,0.030917137860878914,0.030071158892789163
samsung_electronics,005930,technical_semi_etf,technical+semi_etf,depth4_slow,validation,253,0.2964426877470356,0.36005291005291,0.22724926489632372,0.21312231285725822,1.5628802666861608,0.5207608537315557,58,5,0,101,14,5,53,14,3,0.27358490566037735,0.9206349206349206,0.42424242424242425,0.11666666666666667,0.375,0.04285714285714286,0.0013234946321519874,0.014061411870397821,0.026317016055261398,0.02499352142310941
samsung_electronics,005930,technical_semi_etf,technical+semi_etf,depth2_fast,validation,253,0.26877470355731226,0.34761904761904755,0.18922440296486098,0.15795366367131142,1.6912697325021955,0.5062846645545374,60,3,0,112,4,4,62,4,4,0.2564102564102564,0.9523809523809523,0.36363636363636365,0.03333333333333333,0.5,0.05714285714285714,0.0027196266562486524,0.007866913706579654,0.029026861730859964,0.026307235074611312
samsung_electronics,005930,technical_semi_etf,technical+semi_etf,depth3_conservative,validation,253,0.2766798418972332,0.3511904761904762,0.19758015728977618,0.17231336484867615,1.5595922974074983,0.5114101913891838,60,3,0,110,7,3,57,10,3,0.2643171806167401,0.9523809523809523,0.35,0.058333333333333334,0.5,0.04285714285714286,0.0017043779817456281,0.017900546892319163,0.03503980707979995,0.03333542909805432
samsung_electronics,005930,technical_semi_etf,technical+semi_etf,baseline_depth3_unweighted,validation,253,0.31225296442687744,0.3566137566137566,0.24759517192855177,0.25040813304171505,1.6204134499184488,0.508470115871549,53,9,1,93,24,3,52,16,2,0.2676767676767677,0.8412698412698413,0.4897959183673469,0.2,0.3333333333333333,0.02857142857142857,0.002152778389510422,0.00810164476288489,0.02198547794616958,0.01983269955665916
samsung_electronics,005930,technical_semi_etf,technical+semi_etf,depth2_fast_unweighted,validation,253,0.2727272727272727,0.3302910052910053,0.21743541659153473,0.20234383118257634,1.641676695661885,0.502804035943549,52,11,0,103,13,4,52,14,4,0.25120772946859904,0.8253968253968254,0.34210526315789475,0.10833333333333334,0.5,0.05714285714285714,0.0020487600664644856,0.007864088278326643,0.029026861730859964,0.026978101664395477
samsung_electronics,005930,technical_semi_etf,technical+semi_etf,depth3_regularized_unweighted,validation,253,0.2924901185770751,0.34722222222222227,0.23076433438480878,0.22182955220215955,1.5872215534758678,0.5040372102419595,54,9,0,99,17,4,51,16,3,0.2647058823529412,0.8571428571428571,0.40476190476190477,0.14166666666666666,0.42857142857142855,0.04285714285714286,0.0015590783453214231,0.010312982312517609,0.029135191801447243,0.02757611345612582
samsung_electronics,005930,technical_semi_etf,technical+semi_etf,depth4_slow_unweighted,validation,253,0.308300395256917,0.3507936507936508,0.2512613822958651,0.252007880357342,1.5222306594142698,0.515887577428636,51,12,0,92,24,4,49,18,3,0.265625,0.8095238095238095,0.4444444444444444,0.2,0.42857142857142855,0.04285714285714286,0.0015260764432199938,0.009047909418720619,0.024792828067469772,0.02326675162424978
samsung_electronics,005930,technical_semi_etf,technical+semi_etf,depth4_slow_unweighted,test,254,0.3543307086614173,0.3626855600539811,0.3319337786389771,0.33018133782205306,1.4860889246625848,0.4763977009896235,25,63,12,20,51,7,19,43,14,0.390625,0.25,0.3248407643312102,0.6538461538461539,0.42424242424242425,0.18421052631578946,0.0005244857257493332,-0.009124275848230761,0.0067216636876006085,0.006197177961851276
samsung_electronics,005930,technical_semi_etf,technical+semi_etf,depth4_slow_unweighted,recent_regime,330,0.29393939393939394,0.31951111957107964,0.2430564772917714,0.264797903621433,1.3882339502124843,0.48130504344794756,3,53,20,8,55,16,17,119,39,0.10714285714285714,0.039473684210526314,0.2422907488986784,0.6962025316455697,0.52,0.22285714285714286,0.03751201214183753,0.023655518216144426,0.03210902377192344,-0.00540298836991409
samsung_electronics,005930,technical_monthly_industry,technical+monthly_industry,baseline_depth3,validation,253,0.2964426877470356,0.34801587301587295,0.22958214858469683,0.225204432940936,1.5921692327755332,0.5089038120474516,54,8,1,100,19,1,51,17,2,0.2634146341463415,0.8571428571428571,0.4318181818181818,0.15833333333333333,0.5,0.02857142857142857,0.001871097940268862,0.01017391225365795,0.0309790913163435,0.02910799337607464
samsung_electronics,005930,technical_monthly_industry,technical+monthly_industry,shallow_regularized,validation,253,0.2608695652173913,0.3325396825396825,0.18590589333164823,0.1604566746541327,1.4906597531237806,0.49428831912607285,57,5,1,110,6,4,59,8,3,0.252212389380531,0.9047619047619048,0.3157894736842105,0.05,0.375,0.04285714285714286,0.002378962354419409,0.012627873781396232,0.022196061029515723,0.019817098675096314
samsung_electronics,005930,technical_monthly_industry,technical+monthly_industry,depth3_regularized,validation,253,0.2885375494071146,0.355026455026455,0.21081887541251498,0.19549938351597593,1.5635445075814798,0.49399710966653976,59,3,1,106,12,2,55,13,2,0.2681818181818182,0.9365079365079365,0.42857142857142855,0.1,0.4,0.02857142857142857,0.0013218948376910364,0.01892510049813882,0.02688478078830512,0.025562885950614084
samsung_electronics,005930,technical_monthly_industry,technical+monthly_industry,depth4_slow,validation,253,0.2964426877470356,0.3585978835978836,0.2149680876916977,0.20552260863195243,1.5548768219903972,0.5046355602607244,59,4,0,103,15,2,55,14,1,0.271889400921659,0.9365079365079365,0.45454545454545453,0.125,0.3333333333333333,0.014285714285714285,0.0015783481480486855,0.015329265630522759,0.03559208941587493,0.03401374126782625
samsung_electronics,005930,technical_monthly_industry,technical+monthly_industry,depth2_fast,validation,253,0.2727272727272727,0.3428571428571428,0.20461385250117645,0.18107708320924373,1.644955279941195,0.49844446858739544,57,5,1,109,8,3,57,9,4,0.2556053811659193,0.9047619047619048,0.36363636363636365,0.06666666666666667,0.5,0.05714285714285714,0.0023205180643263183,0.007488771788403131,0.03411438431147535,0.031793866247149034
samsung_electronics,005930,technical_monthly_industry,technical+monthly_industry,depth3_conservative,validation,253,0.28063241106719367,0.3439153439153439,0.21298013245033112,0.19712588016647908,1.480850144735402,0.4952726856992153,56,7,0,106,12,2,55,12,3,0.25806451612903225,0.8888888888888888,0.3870967741935484,0.1,0.6,0.04285714285714286,0.0020287830926602017,0.009774384388173988,0.04237834700815662,0.04034956391549642
samsung_electronics,005930,technical_monthly_industry,technical+monthly_industry,baseline_depth3_unweighted,validation,253,0.31225296442687744,0.34960317460317464,0.2431512518104697,0.25037771447778734,1.5550161673074179,0.4927247003662204,51,12,0,92,27,1,49,20,1,0.265625,0.8095238095238095,0.4576271186440678,0.225,0.5,0.014285714285714285,0.0017800380990188203,0.008754809724688803,0.0484212467065939,0.046641208607575084
samsung_electronics,005930,technical_monthly_industry,technical+monthly_industry,depth2_fast_unweighted,validation,253,0.2964426877470356,0.33240740740740743,0.24418820528789834,0.24827377752832816,1.5481380323411205,0.49552485503267657,47,15,1,94,25,1,50,17,3,0.24607329842931938,0.746031746031746,0.43859649122807015,0.20833333333333334,0.6,0.04285714285714286,0.0028356039520477617,0.003475653154518844,0.0430861995065488,0.04025059555450104
samsung_electronics,005930,technical_monthly_industry,technical+monthly_industry,depth3_regularized_unweighted,validation,253,0.3241106719367589,0.3599206349206349,0.2599501137404319,0.2675058035794957,1.4842095400104502,0.4948911675287486,51,12,0,90,29,1,47,21,2,0.2712765957446808,0.8095238095238095,0.46774193548387094,0.24166666666666667,0.6666666666666666,0.02857142857142857,0.0016118763645212298,0.007822847862374997,0.05569808606139984,0.05408620969687861
samsung_electronics,005930,technical_monthly_industry,technical+monthly_industry,depth4_slow_unweighted,validation,253,0.3201581027667984,0.3526455026455026,0.2508311128029438,0.26122826049341663,1.4987001603686576,0.4956563637435453,50,13,0,90,30,0,47,22,1,0.26737967914438504,0.7936507936507936,0.46153846153846156,0.25,1.0,0.014285714285714285,0.0018754201000283869,0.007910574090690846,0.0902527075812273,0.08837728748119891
samsung_electronics,005930,technical_monthly_industry,technical+monthly_industry,depth3_regularized_unweighted,test,254,0.3110236220472441,0.3066531713900135,0.2889834046550464,0.2931133386533551,1.4353075521769738,0.4707794362144977,34,58,8,36,36,6,38,29,9,0.3148148148148148,0.34,0.2926829268292683,0.46153846153846156,0.391304347826087,0.11842105263157894,0.005099026559923273,-0.015342279707974861,0.00692505285111923,0.0018260262911959568
samsung_electronics,005930,technical_monthly_industry,technical+monthly_industry,depth3_regularized_unweighted,recent_regime,330,0.31212121212121213,0.37591732495796454,0.2704428832986529,0.26375961808842885,1.3677916080938535,0.5290197996815165,9,61,6,5,68,6,20,129,26,0.2647058823529412,0.11842105263157894,0.26356589147286824,0.8607594936708861,0.6842105263157895,0.14857142857142858,0.02179035393013087,0.022372085882859327,0.0609327780665352,0.03914242413640433
samsung_electronics,005930,technical_domestic_alpha,technical+domestic_alpha,baseline_depth3,validation,253,0.2964426877470356,0.355026455026455,0.2307081125853689,0.2213754510782236,1.5389356405392394,0.531572013036544,56,7,0,102,16,2,56,11,3,0.2616822429906542,0.8888888888888888,0.47058823529411764,0.13333333333333333,0.6,0.04285714285714286,0.0021297385123341564,0.006872039130606583,0.053146042020261464,0.05101630350792731
samsung_electronics,005930,technical_domestic_alpha,technical+domestic_alpha,shallow_regularized,validation,253,0.2924901185770751,0.3592592592592592,0.2257588367986314,0.2093742918048935,1.4363209467559919,0.5297716038947236,58,5,0,106,12,2,60,6,4,0.25892857142857145,0.9206349206349206,0.5217391304347826,0.1,0.6666666666666666,0.05714285714285714,0.0024175511838462824,0.0052485748256629085,0.048815816001604416,0.046398264817758134
samsung_electronics,005930,technical_domestic_alpha,technical+domestic_alpha,depth3_regularized,validation,253,0.30039525691699603,0.35330687830687824,0.23174164115944937,0.2281432087864488,1.5467134258582174,0.5206217935819917,55,8,0,100,19,1,55,13,2,0.2619047619047619,0.873015873015873,0.475,0.15833333333333333,0.6666666666666666,0.02857142857142857,0.0023065974039348453,0.007426717959638149,0.05789646965653237,0.055589872252597525
samsung_electronics,005930,technical_domestic_alpha,technical+domestic_alpha,depth4_slow,validation,253,0.31225296442687744,0.3636243386243387,0.24942565754159954,0.247316262817208,1.502997156844587,0.5357952485048557,55,8,0,97,21,2,55,12,3,0.26570048309178745,0.873015873015873,0.5121951219512195,0.175,0.6,0.04285714285714286,0.0021390423897328873,0.005732803170951347,0.05546337549954554,0.053324333109812654
samsung_electronics,005930,technical_domestic_alpha,technical+domestic_alpha,depth2_fast,validation,253,0.2845849802371542,0.3537037037037037,0.21617021276595746,0.19639503265775238,1.6175541763484607,0.5160924081732875,58,5,0,109,10,1,60,6,4,0.2555066079295154,0.9206349206349206,0.47619047619047616,0.08333333333333333,0.8,0.05714285714285714,0.0028664945190662,0.0019681488406330236,0.05262364014002394,0.049757145620957746
samsung_electronics,005930,technical_domestic_alpha,technical+domestic_alpha,depth3_conservative,validation,253,0.2964426877470356,0.357010582010582,0.2351140544518028,0.22335069671666274,1.4947436767301863,0.5212762028832855,56,7,0,104,15,1,57,9,4,0.25806451612903225,0.8888888888888888,0.4838709677419355,0.125,0.8,0.05714285714285714,0.0023684615459430222,0.0046947023487666165,0.059130330780007935,0.05676186923406491
samsung_electronics,005930,technical_domestic_alpha,technical+domestic_alpha,baseline_depth3_unweighted,validation,253,0.3201581027667984,0.35608465608465606,0.269458089668616,0.2742994244504542,1.5172989804174213,0.5140776356104413,49,14,0,90,28,2,48,18,4,0.2620320855614973,0.7777777777777778,0.4666666666666667,0.23333333333333334,0.6666666666666666,0.05714285714285714,0.0018607619504421248,0.005240883856613485,0.04878801100865904,0.046927249058216915
samsung_electronics,005930,technical_domestic_alpha,technical+domestic_alpha,depth2_fast_unweighted,validation,253,0.308300395256917,0.3608465608465609,0.2454123080260976,0.2429455304765337,1.5251617533003274,0.5022292334217907,55,8,0,98,20,2,58,9,3,0.26066350710900477,0.873015873015873,0.5405405405405406,0.16666666666666666,0.6,0.04285714285714286,0.0030511967892148484,0.0015907734931208783,0.05049648808232702,0.047445291293112174
samsung_electronics,005930,technical_domestic_alpha,technical+domestic_alpha,depth3_regularized_unweighted,validation,253,0.3241106719367589,0.36746031746031743,0.25697106846385664,0.26159546135588696,1.5203039843061306,0.5079502358566019,54,9,0,93,26,1,51,17,2,0.2727272727272727,0.8571428571428571,0.5,0.21666666666666667,0.6666666666666666,0.02857142857142857,0.001637058481971985,0.008794549880411355,0.05789646965653237,0.05625941117456038
samsung_electronics,005930,technical_domestic_alpha,technical+domestic_alpha,depth4_slow_unweighted,validation,253,0.3359683794466403,0.3697089947089947,0.2831724952043677,0.2920932869313261,1.4751517419803881,0.51707677474643,50,13,0,88,31,1,50,16,4,0.26595744680851063,0.7936507936507936,0.5166666666666667,0.25833333333333336,0.8,0.05714285714285714,0.002014489254074188,0.004642133752932192,0.05957831544791235,0.057563826193838166
samsung_electronics,005930,technical_domestic_alpha,technical+domestic_alpha,depth4_slow_unweighted,test,254,0.30708661417322836,0.31527665317139,0.2951769261757176,0.29149774517240357,1.49822033450971,0.4508248155012288,21,66,13,27,42,9,20,41,15,0.3088235294117647,0.21,0.28187919463087246,0.5384615384615384,0.40540540540540543,0.19736842105263158,0.0027043020844251826,-0.010160193725625917,0.004131000090375589,0.0014266980059504065
samsung_electronics,005930,technical_domestic_alpha,technical+domestic_alpha,depth4_slow_unweighted,recent_regime,330,0.31212121212121213,0.33093969099965104,0.2580071619963439,0.28507477297200084,1.3688358033034809,0.4849019868678394,3,52,21,4,55,20,19,111,45,0.11538461538461539,0.039473684210526314,0.25229357798165136,0.6962025316455697,0.5232558139534884,0.2571428571428571,0.04467034986564582,0.02253295437642593,0.03203142566700989,-0.01263892419863593
samsung_electronics,005930,technical_rates_dollar,technical+rates+dollar,baseline_depth3,validation,253,0.2490118577075099,0.3333333333333333,0.13504823151125403,0.10088583302619371,1.9311091709113122,0.5163329499151235,63,0,0,120,0,0,65,5,0,0.2540322580645161,1.0,0.0,0.0,0.0,0.0,0.002624414007604835,0.06085778165908832,,
samsung_electronics,005930,technical_rates_dollar,technical+rates+dollar,shallow_regularized,validation,253,0.2450592885375494,0.328042328042328,0.1316348195329087,0.09833589285264721,1.7958059155150705,0.5057133210788911,62,1,0,120,0,0,69,1,0,0.24701195219123506,0.9841269841269841,0.0,0.0,0.0,0.0,0.003532615464333402,0.034228550316878395,,
samsung_electronics,005930,technical_rates_dollar,technical+rates+dollar,depth3_regularized,validation,253,0.2450592885375494,0.328042328042328,0.13290460878885316,0.09928447059720652,1.833900655796039,0.5261986041368568,62,1,0,120,0,0,66,4,0,0.25,0.9841269841269841,0.0,0.0,0.0,0.0,0.0031520266946742158,0.034688192380447,,
samsung_electronics,005930,technical_rates_dollar,technical+rates+dollar,depth4_slow,validation,253,0.2608695652173913,0.33915343915343915,0.15616693248272195,0.13031658376988103,1.8072015254146243,0.5326812300627809,62,1,0,116,4,0,63,7,0,0.2572614107883817,0.9841269841269841,0.3333333333333333,0.03333333333333333,0.0,0.0,0.0027656743215721848,0.024051339223545336,,
samsung_electronics,005930,technical_rates_dollar,technical+rates+dollar,depth2_fast,validation,253,0.2490118577075099,0.3333333333333333,0.13333333333333333,0.09960474308300396,1.9907794273452812,0.5026836026760999,63,0,0,120,0,0,69,1,0,0.25,1.0,0.0,0.0,0.0,0.0,0.003418451938443441,0.0936936936936936,,
samsung_electronics,005930,technical_rates_dollar,technical+rates+dollar,depth3_conservative,validation,253,0.2608695652173913,0.33915343915343915,0.15587535977975223,0.13020300011425898,1.7345759411420605,0.5337485000650398,62,1,0,116,4,0,64,6,0,0.256198347107438,0.9841269841269841,0.36363636363636365,0.03333333333333333,0.0,0.0,0.002830652995559019,0.024556868841468914,,
samsung_electronics,005930,technical_rates_dollar,technical+rates+dollar,baseline_depth3_unweighted,validation,253,0.25296442687747034,0.3335978835978836,0.1453326629797218,0.115500867419026,1.8338921430855815,0.5091336843371955,62,1,0,118,2,0,63,7,0,0.2551440329218107,0.9841269841269841,0.2,0.016666666666666666,0.0,0.0,0.0025642310942190255,0.03320354262862174,,
samsung_electronics,005930,technical_rates_dollar,technical+rates+dollar,depth2_fast_unweighted,validation,253,0.2450592885375494,0.328042328042328,0.13205537806176784,0.09865006503428506,1.9153321710477829,0.49481514971255003,62,1,0,120,0,0,68,2,0,0.248,0.9841269841269841,0.0,0.0,0.0,0.0,0.0032791148231165945,0.04512162546743067,,
samsung_electronics,005930,technical_rates_dollar,technical+rates+dollar,depth3_regularized_unweighted,validation,253,0.2608695652173913,0.33664021164021163,0.1597965628973381,0.13606234233130088,1.7743801913894968,0.5294136007419572,61,2,0,115,5,0,62,8,0,0.25630252100840334,0.9682539682539683,0.3333333333333333,0.041666666666666664,0.0,0.0,0.002401899249202973,0.025566104058075533,,
samsung_electronics,005930,technical_rates_dollar,technical+rates+dollar,depth4_slow_unweighted,validation,253,0.2766798418972332,0.34775132275132276,0.1805755165916132,0.16345503853158477,1.7185052713718434,0.529682220844017,61,2,0,111,9,0,59,11,0,0.26406926406926406,0.9682539682539683,0.4090909090909091,0.075,0.0,0.0,0.0022026085084640907,0.02028822803301071,,
samsung_electronics,005930,technical_rates_dollar,technical+rates+dollar,depth4_slow_unweighted,test,254,0.2637795275590551,0.2583040935672514,0.2510567984252195,0.2556012969606007,1.445918814256124,0.453266163965204,31,51,18,42,26,10,36,30,10,0.28440366972477066,0.31,0.24299065420560748,0.3333333333333333,0.2631578947368421,0.13157894736842105,0.004312907850493617,-0.012256926859173721,-0.008835397415938634,-0.01314830526643225
samsung_electronics,005930,technical_rates_dollar,technical+rates+dollar,depth4_slow_unweighted,recent_regime,330,0.24242424242424243,0.29014529995875765,0.2406005075923775,0.22968281342265084,1.4986076984997092,0.46654831954116405,35,29,12,42,22,15,93,59,23,0.20588235294117646,0.4605263157894737,0.2,0.27848101265822783,0.46,0.13142857142857142,0.029235228989256075,0.026093870714709113,0.019760021022779187,-0.009475207966476887
samsung_electronics,005930,technical_rates_semi_etf,technical+rates+semi_etf,baseline_depth3,validation,253,0.25296442687747034,0.3361111111111111,0.1419757762459073,0.1095539234810634,1.9342803255589283,0.499352330154746,63,0,0,119,1,0,62,8,0,0.2581967213114754,1.0,0.1111111111111111,0.008333333333333333,0.0,0.0,0.002119386961051583,0.048668129298317146,,
samsung_electronics,005930,technical_rates_semi_etf,technical+rates+semi_etf,shallow_regularized,validation,253,0.2450592885375494,0.328042328042328,0.1316348195329087,0.09833589285264721,1.8168864894470529,0.503526732986162,62,1,0,120,0,0,69,1,0,0.24701195219123506,0.9841269841269841,0.0,0.0,0.0,0.0,0.003532615464333402,0.034228550316878395,,
samsung_electronics,005930,technical_rates_semi_etf,technical+rates+semi_etf,depth3_regularized,validation,253,0.25296442687747034,0.3335978835978836,0.14461580086580086,0.11507366151634928,1.8507458921455213,0.5186858158160256,62,1,0,118,2,0,65,5,0,0.2530612244897959,0.9841269841269841,0.25,0.016666666666666666,0.0,0.0,0.002815100825732627,0.033180484984618376,,
samsung_electronics,005930,technical_rates_semi_etf,technical+rates+semi_etf,depth4_slow,validation,253,0.25691699604743085,0.33386243386243386,0.15516339869281046,0.1291653103929319,1.7919468285198474,0.5297732278600343,61,2,0,116,4,0,60,10,0,0.25738396624472576,0.9682539682539683,0.25,0.03333333333333333,0.0,0.0,0.002141448179327665,0.027976272730049,,
samsung_electronics,005930,technical_rates_semi_etf,technical+rates+semi_etf,depth2_fast,validation,253,0.2490118577075099,0.3333333333333333,0.13333333333333333,0.09960474308300396,2.0685988669035176,0.4907989211024061,63,0,0,120,0,0,69,1,0,0.25,1.0,0.0,0.0,0.0,0.0,0.003418451938443441,0.0936936936936936,,
samsung_electronics,005930,technical_rates_semi_etf,technical+rates+semi_etf,depth3_conservative,validation,253,0.2648221343873518,0.3394179894179894,0.16428860931205902,0.14305693400330552,1.7446362232581212,0.5370315732959691,61,2,0,114,6,0,65,5,0,0.25416666666666665,0.9682539682539683,0.46153846153846156,0.05,0.0,0.0,0.0030332803872815416,0.01747356071029774,,
samsung_electronics,005930,technical_rates_semi_etf,technical+rates+semi_etf,baseline_depth3_unweighted,validation,253,0.2648221343873518,0.3419312169312169,0.1622875816993464,0.1378005115089514,1.875773232777773,0.49930198723011116,62,1,0,115,5,0,60,10,0,0.2616033755274262,0.9841269841269841,0.3125,0.041666666666666664,0.0,0.0,0.0019288945864370233,0.03112472282474163,,
samsung_electronics,005930,technical_rates_semi_etf,technical+rates+semi_etf,depth2_fast_unweighted,validation,253,0.2608695652173913,0.33915343915343915,0.15558907323613205,0.13009496896964928,1.820086008705812,0.471109787038061,62,1,0,116,4,0,65,5,0,0.2551440329218107,0.9841269841269841,0.4,0.03333333333333333,0.0,0.0,0.0025250571630256106,0.03415546915662172,,
samsung_electronics,005930,technical_rates_semi_etf,technical+rates+semi_etf,depth3_regularized_unweighted,validation,253,0.25691699604743085,0.33386243386243386,0.15426354665541742,0.1287920227132226,1.7799892568053675,0.5221160203041135,61,2,0,116,4,0,63,7,0,0.25416666666666665,0.9682539682539683,0.3076923076923077,0.03333333333333333,0.0,0.0,0.002534860493720844,0.02667515874526446,,
samsung_electronics,005930,technical_rates_semi_etf,technical+rates+semi_etf,depth4_slow_unweighted,validation,253,0.26877470355731226,0.34219576719576716,0.17095003405858075,0.1500756162259165,1.7734128852151019,0.5246619107218575,61,2,0,113,7,0,58,12,0,0.2629310344827586,0.9682539682539683,0.3333333333333333,0.058333333333333334,0.0,0.0,0.001785972749853079,0.0257522811531203,,
samsung_electronics,005930,technical_rates_semi_etf,technical+rates+semi_etf,depth4_slow_unweighted,test,254,0.28346456692913385,0.2826045883940621,0.27179587256671706,0.2730866318443375,1.4390930418681602,0.45238090450644636,28,62,10,39,33,6,32,33,11,0.2828282828282828,0.28,0.2578125,0.4230769230769231,0.4074074074074074,0.14473684210526316,0.006247222060890208,-0.015296225323337657,0.0060115754565050845,-0.0002356466043851235
samsung_electronics,005930,technical_rates_semi_etf,technical+rates+semi_etf,depth4_slow_unweighted,recent_regime,330,0.29393939393939394,0.31225119761428893,0.281036543715847,0.29785806321410835,1.3284369266603684,0.48754354063338085,15,38,23,25,39,15,44,88,43,0.17857142857142858,0.19736842105263158,0.23636363636363636,0.4936708860759494,0.5308641975308642,0.24571428571428572,0.02895108934272123,0.022911488826571423,0.032296649342686744,0.0033455599999655146
samsung_electronics,005930,technical_dollar_semi_etf,technical+dollar+semi_etf,baseline_depth3,validation,253,0.2924901185770751,0.34973544973544973,0.23036449474637968,0.22083564207211406,1.5303242943276656,0.5067072852870204,55,3,5,96,16,8,52,15,3,0.270935960591133,0.873015873015873,0.47058823529411764,0.13333333333333333,0.1875,0.04285714285714286,0.0019428033745374567,0.016496704437235787,-8.34085722999393e-06,-0.0019511442317674506
samsung_electronics,005930,technical_dollar_semi_etf,technical+dollar+semi_etf,shallow_regularized,validation,253,0.2727272727272727,0.3478835978835979,0.1981836242372641,0.17080920819051754,1.4930821333955968,0.50583375434634,59,2,2,109,6,5,59,7,4,0.2599118942731278,0.9365079365079365,0.4,0.05,0.36363636363636365,0.05714285714285714,0.0023275112560572123,0.017125480580312994,0.015446938031978047,0.013119426775920835
samsung_electronics,005930,technical_dollar_semi_etf,technical+dollar+semi_etf,depth3_regularized,validation,253,0.30039525691699603,0.35833333333333334,0.22956471564066502,0.22139339288486237,1.5387596222012845,0.5028636192308024,57,4,2,99,17,4,51,17,2,0.2753623188405797,0.9047619047619048,0.4473684210526316,0.14166666666666666,0.25,0.02857142857142857,0.0012731576556283715,0.015407313246995168,0.013265255510068914,0.011992097854440543
samsung_electronics,005930,technical_dollar_semi_etf,technical+dollar+semi_etf,depth4_slow,validation,253,0.2885375494071146,0.34748677248677245,0.21894417331270088,0.2085482483028324,1.5194997350215838,0.4936383270104244,56,4,3,100,15,5,52,16,2,0.2692307692307692,0.8888888888888888,0.42857142857142855,0.125,0.2,0.02857142857142857,0.0017032122005208885,0.016266095601298484,0.00315620984276488,0.0014529976422439916
samsung_electronics,005930,technical_dollar_semi_etf,technical+dollar+semi_etf,depth2_fast,validation,253,0.2608695652173913,0.3294973544973545,0.19508523080751525,0.17087226518065407,1.6282132497285229,0.5066985645933014,55,6,2,109,7,4,58,8,4,0.24774774774774774,0.873015873015873,0.3333333333333333,0.058333333333333334,0.4,0.05714285714285714,0.0027055423032102347,0.009104126588046215,0.0163326532519798,0.013627110948769566
samsung_electronics,005930,technical_dollar_semi_etf,technical+dollar+semi_etf,depth3_conservative,validation,253,0.2766798418972332,0.3461640211640211,0.20342473239602854,0.18242587022646176,1.498015475571616,0.5108716357731625,58,3,2,107,9,4,56,11,3,0.26244343891402716,0.9206349206349206,0.391304347826087,0.075,0.3333333333333333,0.04285714285714286,0.0020183086770036427,0.016291598662884144,0.014932288368588922,0.01291397969158528
samsung_electronics,005930,technical_dollar_semi_etf,technical+dollar+semi_etf,baseline_depth3_unweighted,validation,253,0.31225296442687744,0.35912698412698413,0.24620861462966723,0.24598886383783408,1.556060758845603,0.508878153395541,54,8,1,94,23,3,48,20,2,0.2755102040816326,0.8571428571428571,0.45098039215686275,0.19166666666666668,0.3333333333333333,0.02857142857142857,0.0015347691911753744,0.011382503745759921,0.0123035216128852,0.010768752421709826
samsung_electronics,005930,technical_dollar_semi_etf,technical+dollar+semi_etf,depth2_fast_unweighted,validation,253,0.2648221343873518,0.3277777777777778,0.19962053922699977,0.1811201791839118,1.5929554485013813,0.49505111187220957,54,9,0,106,10,4,55,12,3,0.25116279069767444,0.8571428571428571,0.3225806451612903,0.08333333333333333,0.42857142857142855,0.04285714285714286,0.002333838879016403,0.008118122707171143,0.028815202752944084,0.02648136387392768
samsung_electronics,005930,technical_dollar_semi_etf,technical+dollar+semi_etf,depth3_regularized_unweighted,validation,253,0.2964426877470356,0.34801587301587295,0.23008493177522285,0.22586093563806683,1.5248554137361436,0.5014648491896494,54,8,1,98,19,3,52,16,2,0.2647058823529412,0.8571428571428571,0.4418604651162791,0.15833333333333333,0.3333333333333333,0.02857142857142857,0.0019013282841507306,0.010124645221806373,0.02198547794616958,0.02008414966201885
samsung_electronics,005930,technical_dollar_semi_etf,technical+dollar+semi_etf,depth4_slow_unweighted,validation,253,0.308300395256917,0.35634920634920625,0.24198024803616988,0.24196060848659762,1.5059042982696595,0.49578337407050316,54,8,1,96,22,2,52,16,2,0.26732673267326734,0.8571428571428571,0.4782608695652174,0.18333333333333332,0.4,0.02857142857142857,0.0019509359230336684,0.009761186362476809,0.02240799061094128,0.02045705468790761
samsung_electronics,005930,technical_dollar_semi_etf,technical+dollar+semi_etf,baseline_depth3_unweighted,test,254,0.32677165354330706,0.33194331983805664,0.31426412176174906,0.3133672273882563,1.5336665707499417,0.46551990708132884,26,60,14,25,42,11,23,38,15,0.35135135135135137,0.26,0.3,0.5384615384615384,0.375,0.19736842105263158,0.0011306952268342531,-0.010165703691616011,0.004059943750176367,0.002929248523342114
samsung_electronics,005930,technical_dollar_semi_etf,technical+dollar+semi_etf,baseline_depth3_unweighted,recent_regime,330,0.2606060606060606,0.31329653247041656,0.2560578097787944,0.24284971836322206,1.5605799967309646,0.4691479532566696,22,45,9,26,41,12,62,90,23,0.2,0.2894736842105263,0.23295454545454544,0.5189873417721519,0.5227272727272727,0.13142857142857142,0.03147001957706017,0.024002990161977645,0.02595653036240476,-0.005513489214655411
samsung_electronics,005930,technical_alpha_semi_etf,technical+domestic_alpha+semi_etf,baseline_depth3,validation,253,0.308300395256917,0.3608465608465609,0.24543623662066535,0.24116266551117466,1.5437005216973734,0.531904731049421,55,7,1,98,20,2,52,15,3,0.2682926829268293,0.873015873015873,0.47619047619047616,0.16666666666666666,0.5,0.04285714285714286,0.0014562760981361672,0.010418221035873063,0.036506949759476263,0.0350506736613401
samsung_electronics,005930,technical_alpha_semi_etf,technical+domestic_alpha+semi_etf,shallow_regularized,validation,253,0.2766798418972332,0.3456349206349206,0.20897934491400916,0.1879941095754242,1.4647946550775282,0.5230653741851551,57,6,0,109,9,2,61,5,4,0.2511013215859031,0.9047619047619048,0.45,0.075,0.6666666666666666,0.05714285714285714,0.002855697227976601,0.0006450775046347952,0.048999793556342715,0.046144096328366115
samsung_electronics,005930,technical_alpha_semi_etf,technical+domestic_alpha+semi_etf,depth3_regularized,validation,253,0.30039525691699603,0.35727513227513225,0.24158469012642667,0.23217508926380942,1.531261739952769,0.5252066698853658,55,8,0,101,17,2,54,12,4,0.2619047619047619,0.873015873015873,0.4594594594594595,0.14166666666666666,0.6666666666666666,0.05714285714285714,0.001939766031253266,0.008567004686422186,0.03846892370343897,0.0365291576721857
samsung_electronics,005930,technical_alpha_semi_etf,technical+domestic_alpha+semi_etf,depth4_slow,validation,253,0.30434782608695654,0.35753968253968255,0.24768160070117004,0.2417091413434934,1.5002318822891567,0.5373243742415067,54,8,1,98,19,3,54,12,4,0.2621359223300971,0.8571428571428571,0.48717948717948717,0.15833333333333333,0.5,0.05714285714285714,0.0021622826508574324,0.006501881977941546,0.03201749487063615,0.029855212219778715
samsung_electronics,005930,technical_alpha_semi_etf,technical+domestic_alpha+semi_etf,depth2_fast,validation,253,0.2924901185770751,0.35727513227513225,0.22160791258270873,0.2089847698631983,1.6248862029880713,0.532066201920274,58,5,0,104,13,3,63,4,3,0.2577777777777778,0.9206349206349206,0.5909090909090909,0.10833333333333334,0.5,0.04285714285714286,0.002991326706305107,0.0004443216967965317,0.045386665988877965,0.04239533928257286
samsung_electronics,005930,technical_alpha_semi_etf,technical+domestic_alpha+semi_etf,depth3_conservative,validation,253,0.308300395256917,0.3673280423280423,0.2526406926406926,0.24206560238180788,1.489095466904655,0.5206300920447299,56,7,0,101,17,2,55,10,5,0.2641509433962264,0.8888888888888888,0.5,0.14166666666666666,0.7142857142857143,0.07142857142857142,0.0021169533945250545,0.005348300783170635,0.046358176559189626,0.04424122316466457
samsung_electronics,005930,technical_alpha_semi_etf,technical+domestic_alpha+semi_etf,baseline_depth3_unweighted,validation,253,0.3241106719367589,0.3734126984126984,0.2724813647890571,0.2684698093028893,1.5392371855324196,0.5232805495888363,54,9,0,95,23,2,48,17,5,0.27411167512690354,0.8571428571428571,0.46938775510204084,0.19166666666666668,0.7142857142857143,0.07142857142857142,0.0008938135355235965,0.009118680597708068,0.047463852342228115,0.04657003880670452
samsung_electronics,005930,technical_alpha_semi_etf,technical+domestic_alpha+semi_etf,depth2_fast_unweighted,validation,253,0.30434782608695654,0.34047619047619043,0.25057935554665833,0.25559391664103887,1.525390434192983,0.5086253831949146,48,15,0,92,26,2,51,16,3,0.2513089005235602,0.7619047619047619,0.45614035087719296,0.21666666666666667,0.6,0.04285714285714286,0.0028779111510503605,0.002451444600517796,0.053146042020261464,0.0502681308692111
samsung_electronics,005930,technical_alpha_semi_etf,technical+domestic_alpha+semi_etf,depth3_regularized_unweighted,validation,253,0.30039525691699603,0.3427248677248677,0.2444940476190476,0.2440799689440994,1.5195714545749073,0.5076790498893511,50,13,0,95,23,2,48,19,3,0.25906735751295334,0.7936507936507936,0.41818181818181815,0.19166666666666668,0.6,0.04285714285714286,0.0018884255152991072,0.007120783370371859,0.03980687447165212,0.03791844895635301
samsung_electronics,005930,technical_alpha_semi_etf,technical+domestic_alpha+semi_etf,depth4_slow_unweighted,validation,253,0.308300395256917,0.34880952380952374,0.2461364522417154,0.24791124055197283,1.4954058539314843,0.5145942839344197,51,12,0,91,25,4,45,23,2,0.2727272727272727,0.8095238095238095,0.4166666666666667,0.20833333333333334,0.3333333333333333,0.02857142857142857,0.0010686494346903537,0.010248310983869423,0.023401246477029833,0.02233259704233948
samsung_electronics,005930,technical_alpha_semi_etf,technical+domestic_alpha+semi_etf,baseline_depth3_unweighted,test,254,0.31496062992125984,0.3149122807017544,0.29702173225507406,0.2993670819506651,1.477956841427065,0.4596555434081976,30,58,12,31,39,8,29,36,11,0.3333333333333333,0.3,0.2932330827067669,0.5,0.3548387096774194,0.14473684210526316,0.003500320767267939,-0.01194125946344117,0.0030977199854873806,-0.0004026007817805586
samsung_electronics,005930,technical_alpha_semi_etf,technical+domestic_alpha+semi_etf,baseline_depth3_unweighted,recent_regime,330,0.3,0.3043209289045398,0.28288310358711977,0.3087881279579462,1.4077551231314596,0.4822848668901491,14,37,25,23,35,21,35,90,50,0.19444444444444445,0.18421052631578946,0.21604938271604937,0.4430379746835443,0.5208333333333334,0.2857142857142857,0.02181843570270865,0.027885170310784493,0.028541570801962332,0.006723135099253683
samsung_electronics,005930,technical_alpha_rates,technical+domestic_alpha+rates,baseline_depth3,validation,253,0.25691699604743085,0.3363756613756614,0.149512864290022,0.12233535469028037,1.8737786864313082,0.5380467627307106,62,1,0,117,3,0,67,3,0,0.25203252032520324,0.9841269841269841,0.42857142857142855,0.025,0.0,0.0,0.0032469630903601645,0.022341523136120027,,
samsung_electronics,005930,technical_alpha_rates,technical+domestic_alpha+rates,shallow_regularized,validation,253,0.25296442687747034,0.3335978835978836,0.14289548646285186,0.11407472520974057,1.722754335917677,0.5109722079448605,62,1,0,118,2,0,70,0,0,0.248,0.9841269841269841,0.6666666666666666,0.016666666666666666,0.0,0.0,0.003906824725258435,-0.007187533044389333,,
samsung_electronics,005930,technical_alpha_rates,technical+domestic_alpha+rates,depth3_regularized,validation,253,0.2727272727272727,0.3424603174603174,0.17745098039215687,0.16238084166472916,1.7533213357605846,0.5426186473115986,60,3,0,111,9,0,66,4,0,0.25316455696202533,0.9523809523809523,0.5625,0.075,0.0,0.0,0.0034601375825082117,0.00844318594543715,,
samsung_electronics,005930,technical_alpha_rates,technical+domestic_alpha+rates,depth4_slow,validation,253,0.2727272727272727,0.344973544973545,0.17461137771215288,0.15714271123775672,1.72384267709142,0.549858901773971,61,2,0,112,8,0,65,5,0,0.25630252100840334,0.9682539682539683,0.5333333333333333,0.06666666666666667,0.0,0.0,0.003291348926466089,0.011453502512167427,,
samsung_electronics,005930,technical_alpha_rates,technical+domestic_alpha+rates,depth2_fast,validation,253,0.25691699604743085,0.33888888888888885,0.14468692353207338,0.11547304745683108,1.8340576592549789,0.5133919974562208,63,0,0,118,2,0,70,0,0,0.250996015936255,1.0,1.0,0.016666666666666666,0.0,0.0,0.0037142580592200995,0.0114324046585978,,
samsung_electronics,005930,technical_alpha_rates,technical+domestic_alpha+rates,depth3_conservative,validation,253,0.2766798418972332,0.34775132275132276,0.1796732026143791,0.16404092071611254,1.6346649102706856,0.5438630432103067,61,2,0,111,9,0,65,5,0,0.25738396624472576,0.9682539682539683,0.5625,0.075,0.0,0.0,0.003273501682149878,0.011207730219494975,,
samsung_electronics,005930,technical_alpha_rates,technical+domestic_alpha+rates,baseline_depth3_unweighted,validation,253,0.2766798418972332,0.34775132275132276,0.1799435852543527,0.16381075186469687,1.7116862042694676,0.5333954175271652,61,2,0,111,9,0,63,7,0,0.25957446808510637,0.9682539682539683,0.5,0.075,0.0,0.0,0.0024960244692802955,0.0204765462166984,,
samsung_electronics,005930,technical_alpha_rates,technical+domestic_alpha+rates,depth2_fast_unweighted,validation,253,0.25691699604743085,0.3363756613756614,0.1501401408984168,0.12263893051580414,1.7529805259900622,0.4783805070896642,62,1,0,117,3,0,65,5,0,0.2540983606557377,0.9841269841269841,0.3333333333333333,0.025,0.0,0.0,0.0027147373682009867,0.03252751826004442,,
samsung_electronics,005930,technical_alpha_rates,technical+domestic_alpha+rates,depth3_regularized_unweighted,validation,253,0.2727272727272727,0.3424603174603174,0.17799227799227801,0.16193324888977062,1.6839335321337803,0.5278738867514798,60,3,0,111,9,0,62,8,0,0.2575107296137339,0.9523809523809523,0.45,0.075,0.0,0.0,0.002518902134664783,0.018411969240227304,,
samsung_electronics,005930,technical_alpha_rates,technical+domestic_alpha+rates,depth4_slow_unweighted,validation,253,0.2727272727272727,0.3424603174603174,0.1777064487890283,0.16213953134316997,1.684187497910194,0.5371946194131736,60,3,0,111,9,0,64,6,0,0.2553191489361702,0.9523809523809523,0.5,0.075,0.0,0.0,0.003089003371679334,0.0127348772131554,,
samsung_electronics,005930,technical_alpha_rates,technical+domestic_alpha+rates,baseline_depth3_unweighted,test,254,0.2559055118110236,0.25069725596041387,0.2446822098700486,0.24882305595631968,1.525560833959696,0.43814106357236504,30,57,13,44,25,9,35,31,10,0.27522935779816515,0.3,0.22123893805309736,0.32051282051282054,0.3125,0.13157894736842105,0.00515752106387113,-0.014303078209769598,-0.003845352446607523,-0.009002873510478652
samsung_electronics,005930,technical_alpha_rates,technical+domestic_alpha+rates,baseline_depth3_unweighted,recent_regime,330,0.2636363636363636,0.2765185114685448,0.2580982857440926,0.2760513370096963,1.421281737748153,0.479198210582827,26,28,22,40,20,19,80,54,41,0.1780821917808219,0.34210526315789475,0.19607843137254902,0.25316455696202533,0.5,0.2342857142857143,0.028099501254003654,0.024623383612626597,0.02700248105314692,-0.0010970202008567347
samsung_electronics,005930,technical_daily_extended,technical+rates+dollar+semi_etf,baseline_depth3,validation,253,0.2490118577075099,0.3333333333333333,0.1346153846153846,0.10056248099726361,1.8658635073305656,0.5232903908186198,63,0,0,120,0,0,66,4,0,0.25301204819277107,1.0,0.0,0.0,0.0,0.0,0.0028825801190945147,0.0593452831317266,,
samsung_electronics,005930,technical_daily_extended,technical+rates+dollar+semi_etf,shallow_regularized,validation,253,0.2450592885375494,0.328042328042328,0.1316348195329087,0.09833589285264721,1.8005432879865444,0.4950135170752644,62,1,0,120,0,0,69,1,0,0.24701195219123506,0.9841269841269841,0.0,0.0,0.0,0.0,0.003532615464333402,0.034228550316878395,,
samsung_electronics,005930,technical_daily_extended,technical+rates+dollar+semi_etf,depth3_regularized,validation,253,0.2490118577075099,0.3308201058201058,0.13862433862433862,0.10713344626388106,1.807387946825523,0.5197932302407674,62,1,0,119,1,0,66,4,0,0.25101214574898784,0.9841269841269841,0.16666666666666666,0.008333333333333333,0.0,0.0,0.0029376419095898157,0.038257671752126014,,
samsung_electronics,005930,technical_daily_extended,technical+rates+dollar+semi_etf,depth4_slow,validation,253,0.2608695652173913,0.33664021164021163,0.16033981886092327,0.13622454429375627,1.7810891633448227,0.5316294202102808,61,2,0,115,5,0,60,10,0,0.2584745762711864,0.9682539682539683,0.29411764705882354,0.041666666666666664,0.0,0.0,0.002337655201292652,0.02373276203978675,,
samsung_electronics,005930,technical_daily_extended,technical+rates+dollar+semi_etf,depth2_fast,validation,253,0.2490118577075099,0.3333333333333333,0.13333333333333333,0.09960474308300396,1.9998712362170254,0.49590042949010577,63,0,0,120,0,0,69,1,0,0.25,1.0,0.0,0.0,0.0,0.0,0.003418451938443441,0.0936936936936936,,
samsung_electronics,005930,technical_daily_extended,technical+rates+dollar+semi_etf,depth3_conservative,validation,253,0.25691699604743085,0.3363756613756614,0.1501401408984168,0.12263893051580414,1.7690423061748681,0.5391930386453402,62,1,0,117,3,0,65,5,0,0.2540983606557377,0.9841269841269841,0.3333333333333333,0.025,0.0,0.0,0.0028374225151371296,0.029201387609775666,,
samsung_electronics,005930,technical_daily_extended,technical+rates+dollar+semi_etf,baseline_depth3_unweighted,validation,253,0.2490118577075099,0.3308201058201058,0.14020445785151667,0.10820381664371435,1.8397525697906034,0.521309055701523,62,1,0,119,1,0,62,8,0,0.2551440329218107,0.9841269841269841,0.1,0.008333333333333333,0.0,0.0,0.0024808259350264663,0.03523028799700093,,
samsung_electronics,005930,technical_daily_extended,technical+rates+dollar+semi_etf,depth2_fast_unweighted,validation,253,0.2450592885375494,0.328042328042328,0.1316348195329087,0.09833589285264721,1.9380736869200923,0.4960817127377506,62,1,0,120,0,0,69,1,0,0.24701195219123506,0.9841269841269841,0.0,0.0,0.0,0.0,0.003532615464333402,0.034228550316878395,,
samsung_electronics,005930,technical_daily_extended,technical+rates+dollar+semi_etf,depth3_regularized_unweighted,validation,253,0.25691699604743085,0.33386243386243386,0.15455833415702944,0.12891110762966573,1.7538805852850046,0.5223199253885378,61,2,0,116,4,0,62,8,0,0.25523012552301255,0.9682539682539683,0.2857142857142857,0.03333333333333333,0.0,0.0,0.002621404797933252,0.02347341681967095,,
samsung_electronics,005930,technical_daily_extended,technical+rates+dollar+semi_etf,depth4_slow_unweighted,validation,253,0.26877470355731226,0.34219576719576716,0.1700721789582469,0.1500729618235448,1.7734961065762478,0.5229171386315852,61,2,0,113,7,0,62,8,0,0.2584745762711864,0.9682539682539683,0.4117647058823529,0.058333333333333334,0.0,0.0,0.0027435537408883764,0.01809793525481081,,
samsung_electronics,005930,technical_daily_extended,technical+rates+dollar+semi_etf,depth4_slow_unweighted,test,254,0.2677165354330709,0.2611470985155196,0.2599170437405732,0.2652385363594257,1.4371362220402883,0.45004777636324567,33,40,27,44,21,13,31,31,14,0.3055555555555556,0.33,0.22826086956521738,0.2692307692307692,0.25925925925925924,0.18421052631578946,0.0015270856892249302,-0.0077579534769149335,-0.011635608418399458,-0.013162694107624388
samsung_electronics,005930,technical_daily_extended,technical+rates+dollar+semi_etf,depth4_slow_unweighted,recent_regime,330,0.26666666666666666,0.29414326956632086,0.25724780373561856,0.2669324906781388,1.4157568689266131,0.46750268282861807,37,20,19,47,15,17,97,42,36,0.20441988950276244,0.4868421052631579,0.19480519480519481,0.189873417721519,0.5,0.2057142857142857,0.029732100448272982,0.01757808684587596,0.02907351235639772,-0.0006585880918752625
samsung_electronics,005930,technical_all_guarded,technical+rates+dollar+semi_etf+monthly_industry+domestic_alpha,baseline_depth3,validation,253,0.25296442687747034,0.3335978835978836,0.14461580086580086,0.11507366151634928,1.730959059885903,0.5352177502006815,62,1,0,118,2,0,65,5,0,0.2530612244897959,0.9841269841269841,0.25,0.016666666666666666,0.0,0.0,0.0026952325269633533,0.036851451634427386,,
samsung_electronics,005930,technical_all_guarded,technical+rates+dollar+semi_etf+monthly_industry+domestic_alpha,shallow_regularized,validation,253,0.25691699604743085,0.3363756613756614,0.14860766473669698,0.12191665277219274,1.625060939674031,0.5237526363046864,62,1,0,117,3,0,70,0,0,0.24899598393574296,0.9841269841269841,0.75,0.025,0.0,0.0,0.003974502671218389,-0.008626895737984525,,
samsung_electronics,005930,technical_all_guarded,technical+rates+dollar+semi_etf+monthly_industry+domestic_alpha,depth3_regularized,validation,253,0.2608695652173913,0.33664021164021163,0.15877862595419848,0.13581148357119152,1.7454253423612776,0.5448883012299751,61,2,0,115,5,0,66,4,0,0.25206611570247933,0.9682539682539683,0.45454545454545453,0.041666666666666664,0.0,0.0,0.0032351180268589156,0.01565863815287119,,
samsung_electronics,005930,technical_all_guarded,technical+rates+dollar+semi_etf+monthly_industry+domestic_alpha,depth4_slow,validation,253,0.26877470355731226,0.34219576719576716,0.16930114064037982,0.150189389648347,1.7914386421704573,0.551833643591906,61,2,0,113,7,0,66,4,0,0.25416666666666665,0.9682539682539683,0.5384615384615384,0.058333333333333334,0.0,0.0,0.003259290121404247,0.013301073311109331,,
samsung_electronics,005930,technical_all_guarded,technical+rates+dollar+semi_etf+monthly_industry+domestic_alpha,depth2_fast,validation,253,0.25296442687747034,0.3361111111111111,0.13884297520661157,0.10744454970110738,1.8474212624257866,0.5182443570859372,63,0,0,119,1,0,70,0,0,0.25,1.0,1.0,0.008333333333333333,0.0,0.0,0.003750832568837316,0.009933774834437,,
samsung_electronics,005930,technical_all_guarded,technical+rates+dollar+semi_etf+monthly_industry+domestic_alpha,depth3_conservative,validation,253,0.26877470355731226,0.34219576719576716,0.16948370729135778,0.15014879272199064,1.6504117328321088,0.5428727654034329,61,2,0,113,7,0,65,5,0,0.25523012552301255,0.9682539682539683,0.5,0.058333333333333334,0.0,0.0,0.003367170168474454,0.010742136565431864,,
samsung_electronics,005930,technical_all_guarded,technical+rates+dollar+semi_etf+monthly_industry+domestic_alpha,baseline_depth3_unweighted,validation,253,0.2648221343873518,0.3419312169312169,0.161217437533227,0.1375030731698092,1.7224370216209337,0.5159230935499833,62,1,0,115,5,0,64,6,0,0.2572614107883817,0.9841269841269841,0.4166666666666667,0.041666666666666664,0.0,0.0,0.002705618351691319,0.02525746328531939,,
samsung_electronics,005930,technical_all_guarded,technical+rates+dollar+semi_etf+monthly_industry+domestic_alpha,depth2_fast_unweighted,validation,253,0.2608695652173913,0.33915343915343915,0.154762208122043,0.12980477674374896,1.8560434277409892,0.5101675493730115,62,1,0,116,4,0,68,2,0,0.25203252032520324,0.9841269841269841,0.5714285714285714,0.03333333333333333,0.0,0.0,0.0036092888304720895,0.009608361412186656,,
samsung_electronics,005930,technical_all_guarded,technical+rates+dollar+semi_etf+monthly_industry+domestic_alpha,depth3_regularized_unweighted,validation,253,0.2648221343873518,0.3369047619047619,0.1676470588235294,0.14843059753545687,1.7396709028768738,0.5267885420153118,60,3,0,113,7,0,64,6,0,0.25316455696202533,0.9523809523809523,0.4375,0.058333333333333334,0.0,0.0,0.002933955339306075,0.016237260422868806,,
samsung_electronics,005930,technical_all_guarded,technical+rates+dollar+semi_etf+monthly_industry+domestic_alpha,depth4_slow_unweighted,validation,253,0.2766798418972332,0.34775132275132276,0.1799435852543527,0.16381075186469687,1.6979594038187804,0.5424084737210745,61,2,0,111,9,0,63,7,0,0.25957446808510637,0.9682539682539683,0.5,0.075,0.0,0.0,0.002809216196399098,0.01638765422375847,,
samsung_electronics,005930,technical_all_guarded,technical+rates+dollar+semi_etf+monthly_industry+domestic_alpha,depth4_slow_unweighted,test,254,0.29133858267716534,0.2816374269005848,0.2735752365363581,0.2796465356432598,1.4657441188442801,0.4466617083040821,38,50,12,46,26,6,42,24,10,0.30158730158730157,0.38,0.26,0.3333333333333333,0.35714285714285715,0.13157894736842105,0.0039533955181019756,-0.01694382945976571,0.0006830639522239251,-0.0032703315658780506
samsung_electronics,005930,technical_all_guarded,technical+rates+dollar+semi_etf+monthly_industry+domestic_alpha,depth4_slow_unweighted,recent_regime,330,0.2696969696969697,0.32826940769645635,0.263219816904717,0.24680800200438113,1.3655486844438325,0.49851097867594746,22,49,5,23,45,11,51,102,22,0.22916666666666666,0.2894736842105263,0.22959183673469388,0.569620253164557,0.5789473684210527,0.12571428571428572,0.03186237179804061,0.02204368503436778,0.038130678910066065,0.006268307112025452
sk_hynix,000660,technical_only,technical,baseline_depth3,validation,253,0.3675889328063241,0.3511813162753372,0.3515948117255623,0.36776648574335313,1.1435779935897805,0.5403299847942004,15,29,19,32,46,29,17,34,32,0.234375,0.23809523809523808,0.42201834862385323,0.42990654205607476,0.4,0.3855421686746988,0.005300971921236667,0.007345689330562742,0.016652275870131118,0.011351303948894451
sk_hynix,000660,technical_only,technical,shallow_regularized,validation,253,0.37549407114624506,0.3543353059173349,0.3541040204922597,0.3738259276035827,1.1279432310693487,0.5284050070011048,14,30,19,26,50,31,20,32,31,0.23333333333333334,0.2222222222222222,0.44642857142857145,0.4672897196261682,0.38271604938271603,0.37349397590361444,0.014958345014470405,0.0033772838730146124,0.014769974258705113,-0.00018837075576529257
sk_hynix,000660,technical_only,technical,depth3_regularized,validation,253,0.383399209486166,0.3623674344313912,0.36232098765432097,0.3828025179329528,1.1402843196081476,0.5374647032170214,14,27,22,30,50,27,18,32,33,0.22580645161290322,0.2222222222222222,0.45871559633027525,0.4672897196261682,0.4024390243902439,0.39759036144578314,0.005447767943845582,0.007207508909390117,0.016448101536085686,0.011000333592240105
sk_hynix,000660,technical_only,technical,depth4_slow,validation,253,0.3715415019762846,0.35864806205984,0.3586576604128162,0.37242339469809044,1.1365674314859469,0.5506202092134306,17,24,22,34,45,28,15,36,32,0.25757575757575757,0.2698412698412698,0.42857142857142855,0.4205607476635514,0.3902439024390244,0.3855421686746988,0.0015721246282617426,0.011446799912781082,0.014225002357240078,0.012652877728978336
sk_hynix,000660,technical_only,technical,depth2_fast,validation,253,0.35968379446640314,0.33444622578729094,0.33347959968858837,0.3576670781798842,1.1350207244657173,0.5335658429898514,11,30,22,25,50,32,23,30,30,0.1864406779661017,0.1746031746031746,0.45454545454545453,0.4672897196261682,0.35714285714285715,0.3614457831325301,0.02078894962095813,0.002529721780860721,0.011515559357973403,-0.009273390262984727
sk_hynix,000660,technical_only,technical,depth3_conservative,validation,253,0.39920948616600793,0.3746759773108157,0.3738212179548177,0.39536121596219154,1.1325857555313894,0.5353040413967879,16,27,20,25,57,25,20,35,28,0.26229508196721313,0.25396825396825395,0.4789915966386555,0.5327102803738317,0.3835616438356164,0.3373493975903614,0.009370662691993464,0.007139457736415904,0.014396144037751793,0.005025481345758328
sk_hynix,000660,technical_only,technical,baseline_depth3_unweighted,validation,253,0.40711462450592883,0.36860034709376,0.3613512387317697,0.38969435112091383,1.1387613084882056,0.5427118355969931,12,33,18,22,67,18,16,43,24,0.24,0.19047619047619047,0.46853146853146854,0.6261682242990654,0.4,0.2891566265060241,0.009665010957630548,0.007855357220650437,0.014425962986107247,0.004760952028476699
sk_hynix,000660,technical_only,technical,depth2_fast_unweighted,validation,253,0.38735177865612647,0.3490466836936829,0.3405567261838749,0.3679133967854307,1.1275506087418412,0.5307892884520576,11,37,15,20,65,22,16,45,22,0.23404255319148937,0.1746031746031746,0.4421768707482993,0.6074766355140186,0.3728813559322034,0.26506024096385544,0.013961394720312043,0.007310941727699352,0.012563227521601768,-0.0013981671987102744
sk_hynix,000660,technical_only,technical,depth3_regularized_unweighted,validation,253,0.41106719367588934,0.3682649303637931,0.3580899483864443,0.3892558155473255,1.1237366409915954,0.5462164446926127,10,33,20,19,69,19,14,44,25,0.23255813953488372,0.15873015873015872,0.4726027397260274,0.6448598130841121,0.390625,0.30120481927710846,0.011868415906100745,0.008357862371542969,0.011586478428021395,-0.0002819374780793499
sk_hynix,000660,technical_only,technical,depth4_slow_unweighted,validation,253,0.42292490118577075,0.3886419435344106,0.3861563187581996,0.41250742935231277,1.1319006129177231,0.5493991018671233,13,32,18,26,64,17,14,39,30,0.24528301886792453,0.20634920634920634,0.4740740740740741,0.5981308411214953,0.46153846153846156,0.3614457831325301,0.005044629954749747,0.007584607894417384,0.01816672240389064,0.013122092449140893
sk_hynix,000660,technical_only,technical,depth4_slow_unweighted,test,254,0.4251968503937008,0.4252779899838723,0.41319855219424256,0.41626231437776373,1.1470629163039907,0.571944220859198,20,25,30,13,46,18,14,46,42,0.425531914893617,0.26666666666666666,0.39316239316239315,0.5974025974025974,0.4666666666666667,0.4117647058823529,-0.013770384882156308,0.013884914431421362,0.012275514080923786,0.026045898963080093
sk_hynix,000660,technical_only,technical,depth4_slow_unweighted,recent_regime,330,0.3090909090909091,0.3446581196581196,0.29601814079307237,0.30749136175088027,1.2990540314856984,0.47895238095238096,15,41,22,12,43,17,24,112,44,0.29411764705882354,0.19230769230769232,0.2193877551020408,0.5972222222222222,0.5301204819277109,0.24444444444444444,0.03320637659338631,0.04344620234503486,0.03197644556587684,-0.0012299310275094705
sk_hynix,000660,technical_core,technical,baseline_depth3,validation,253,0.2727272727272727,0.3521774384289867,0.18948351356874815,0.159607760913572,1.7662029999070303,0.5215619780916461,61,2,0,104,3,0,75,3,5,0.25416666666666665,0.9682539682539683,0.375,0.028037383177570093,1.0,0.060240963855421686,0.007821835438572755,0.007226274077083712,0.10741474234536877,0.09959290690679601
sk_hynix,000660,technical_core,technical,shallow_regularized,validation,253,0.2608695652173913,0.33922844619838194,0.16534998698933126,0.13680863209017166,1.553050623952785,0.5131132630076974,61,2,0,103,4,0,73,9,1,0.25738396624472576,0.9682539682539683,0.26666666666666666,0.037383177570093455,1.0,0.012048192771084338,0.007732678826435899,0.035431968515711114,0.1080000000000001,0.1002673211735642
sk_hynix,000660,technical_core,technical,depth3_regularized,validation,253,0.26877470355731226,0.3481613741719585,0.1827056984111882,0.15259978496078222,1.6081364361352173,0.5140347636328769,61,2,0,104,3,0,73,6,4,0.25630252100840334,0.9682539682539683,0.2727272727272727,0.028037383177570093,1.0,0.04819277108433735,0.007674147433254359,0.0222424560863471,0.10025257588415482,0.09257842845090046
sk_hynix,000660,technical_core,technical,depth4_slow,validation,253,0.2727272727272727,0.3500016979354892,0.19406701567826887,0.16564970920631383,1.6685181210978093,0.5134759827655311,60,3,0,103,4,0,73,5,5,0.2542372881355932,0.9523809523809523,0.3333333333333333,0.037383177570093455,1.0,0.060240963855421686,0.00776561391053026,0.0085304845824158,0.10741474234536877,0.0996491284348385
sk_hynix,000660,technical_core,technical,depth2_fast,validation,253,0.2608695652173913,0.33922844619838194,0.16508028030226762,0.13670140064193662,1.727421802220811,0.5170699056087122,61,2,0,103,4,0,74,8,1,0.25630252100840334,0.9682539682539683,0.2857142857142857,0.037383177570093455,1.0,0.012048192771084338,0.007780904170059425,0.038749388524932434,0.0777777777777777,0.06999687360771827
sk_hynix,000660,technical_core,technical,depth3_conservative,validation,253,0.2766798418972332,0.3552927032264945,0.1960332134908406,0.167217610553177,1.5668267147154142,0.5068479572581418,61,2,0,103,4,0,73,5,5,0.25738396624472576,0.9682539682539683,0.36363636363636365,0.037383177570093455,1.0,0.060240963855421686,0.007422360789911802,0.01808117342880101,0.10282639893501333,0.09540403814510152
sk_hynix,000660,technical_core,technical,baseline_depth3_unweighted,validation,253,0.25691699604743085,0.3339374409073767,0.16260906128455796,0.1349511319853963,1.8066894650584298,0.5285732413799576,60,3,0,103,4,0,76,6,1,0.2510460251046025,0.9523809523809523,0.3076923076923077,0.037383177570093455,1.0,0.012048192771084338,0.008131256327515072,0.032365703640374804,0.1080000000000001,0.09986874367248502
sk_hynix,000660,technical_core,technical,depth2_fast_unweighted,validation,253,0.2727272727272727,0.3442227596039103,0.18869159431902507,0.16710844540002823,1.677869515993532,0.5069894209810532,59,4,0,98,9,0,73,9,1,0.2565217391304348,0.9365079365079365,0.4090909090909091,0.08411214953271028,1.0,0.012048192771084338,0.008242183415555921,0.021291919273777854,0.1080000000000001,0.09975781658444417
sk_hynix,000660,technical_core,technical,depth3_regularized_unweighted,validation,253,0.26877470355731226,0.3450848342189407,0.1845832875339264,0.1577784735868973,1.6020444842709174,0.5247803406494724,60,3,0,102,5,0,74,6,3,0.2542372881355932,0.9523809523809523,0.35714285714285715,0.04672897196261682,1.0,0.03614457831325301,0.008127639694760979,0.02122650230576133,0.08561013645224173,0.07748249675748076
sk_hynix,000660,technical_core,technical,depth4_slow_unweighted,validation,253,0.26877470355731226,0.3432832352999,0.180275135099638,0.15572563126802155,1.6764252279069003,0.5193928341474888,60,3,0,100,7,0,72,10,1,0.25862068965517243,0.9523809523809523,0.35,0.06542056074766354,1.0,0.012048192771084338,0.007658125525463917,0.029371964384667305,0.1080000000000001,0.10034187447453619
sk_hynix,000660,technical_core,technical,depth3_conservative,test,254,0.3464566929133858,0.3510398098633393,0.34281079510717466,0.3457206083573326,1.2350704421822059,0.5313922016391684,35,19,21,40,21,16,41,29,32,0.3017241379310345,0.4666666666666667,0.30434782608695654,0.2727272727272727,0.463768115942029,0.3137254901960784,0.0055186144574479274,0.0075309574240112745,0.01336706995619357,0.007848455498745643
sk_hynix,000660,technical_core,technical,depth3_conservative,recent_regime,330,0.3515151515151515,0.36972934472934477,0.3460086404022464,0.3604926831151782,1.2798101655291556,0.4974019038670201,33,21,24,17,27,28,50,74,56,0.33,0.4230769230769231,0.22131147540983606,0.375,0.5185185185185185,0.3111111111111111,0.038119605363574,0.05347723584949565,0.02339669016538373,-0.01472291519819027
sk_hynix,000660,technical_rates,technical+rates,baseline_depth3,validation,253,0.28063241106719367,0.357133026990025,0.20713578360637183,0.17989252474255962,1.8290540768440162,0.5097568228712928,60,3,0,101,5,1,73,4,6,0.2564102564102564,0.9523809523809523,0.4166666666666667,0.04672897196261682,0.8571428571428571,0.07228915662650602,0.007643345399188395,0.0149598406732702,0.07200907115880685,0.06436572575961845
sk_hynix,000660,technical_rates,technical+rates,shallow_regularized,validation,253,0.2608695652173913,0.34012924565790237,0.166848848394311,0.13720512629528156,1.6678831022981075,0.5068438335378151,61,2,0,104,3,0,75,6,2,0.25416666666666665,0.9682539682539683,0.2727272727272727,0.028037383177570093,1.0,0.024096385542168676,0.007935552911445846,0.034710357552381256,0.0928888888888889,0.08495333597744305
sk_hynix,000660,technical_rates,technical+rates,depth3_regularized,validation,253,0.25691699604743085,0.3370139808603945,0.16085421573037673,0.12982963141463613,1.806603812889238,0.4981662016864676,61,2,0,105,2,0,75,6,2,0.25311203319502074,0.9682539682539683,0.2,0.018691588785046728,1.0,0.024096385542168676,0.007736857885910944,0.04217638813186594,0.0928888888888889,0.08515203100297795
sk_hynix,000660,technical_rates,technical+rates,depth4_slow,validation,253,0.2727272727272727,0.35307823788850695,0.19119585976786144,0.15953787151074172,1.811325035107009,0.5012879585522523,61,2,0,105,2,0,73,4,6,0.25523012552301255,0.9682539682539683,0.25,0.018691588785046728,1.0,0.07228915662650602,0.0071647560698789355,0.02240958098572205,0.09674517683568884,0.08958042076580991
sk_hynix,000660,technical_rates,technical+rates,depth2_fast,validation,253,0.2490118577075099,0.3289818523463383,0.14395896514283577,0.11353946953085495,1.8654651634044261,0.5088423459811411,61,2,0,105,2,0,78,5,0,0.25,0.9682539682539683,0.2222222222222222,0.018691588785046728,0.0,0.0,0.00835798613388905,0.04808619921467187,,
sk_hynix,000660,technical_rates,technical+rates,depth3_conservative,validation,253,0.2727272727272727,0.35307823788850695,0.19018191546281435,0.15894244983155587,1.712035749709551,0.4950788426829193,61,2,0,105,2,0,76,1,6,0.25206611570247933,0.9682539682539683,0.4,0.018691588785046728,1.0,0.07228915662650602,0.007976376998331921,-0.00943611753404916,0.09817029394581595,0.09019391694748402
sk_hynix,000660,technical_rates,technical+rates,baseline_depth3_unweighted,validation,253,0.26877470355731226,0.3450848342189407,0.18503621963633307,0.15788312300724894,1.8690008185509326,0.51655142321155,60,3,0,102,5,0,72,8,3,0.2564102564102564,0.9523809523809523,0.3125,0.04672897196261682,1.0,0.03614457831325301,0.007204497438007951,0.03309009998439933,0.08561013645224173,0.07840563901423378
sk_hynix,000660,technical_rates,technical+rates,depth2_fast_unweighted,validation,253,0.25296442687747034,0.3320971171438461,0.15028248587570622,0.12110939907550078,1.857205654034279,0.5274820647501202,61,2,0,104,3,0,77,6,0,0.25206611570247933,0.9682539682539683,0.2727272727272727,0.028037383177570093,0.0,0.0,0.008157188705873243,0.045280431161786365,,
sk_hynix,000660,technical_rates,technical+rates,depth3_regularized_unweighted,validation,253,0.25691699604743085,0.33176170041387926,0.16658638874969733,0.14046740601676283,1.7749238064159187,0.5129219626159608,59,4,0,102,5,0,75,7,1,0.25,0.9365079365079365,0.3125,0.04672897196261682,1.0,0.012048192771084338,0.0082806552940913,0.025618110012214264,0.1080000000000001,0.09971934470590879
sk_hynix,000660,technical_rates,technical+rates,depth4_slow_unweighted,validation,253,0.2648221343873518,0.3428703688809533,0.1814084545354664,0.15141144880945234,1.8321866444570714,0.5089638783891408,60,3,0,104,3,0,71,8,4,0.2553191489361702,0.9523809523809523,0.21428571428571427,0.028037383177570093,1.0,0.04819277108433735,0.006921070099699369,0.0323413656160481,0.09822345438673742,0.09130238428703805
sk_hynix,000660,technical_rates,technical+rates,baseline_depth3,test,254,0.2952755905511811,0.31713776419658773,0.2732144880917647,0.2661464295837567,1.609281513967533,0.50963086799599,45,29,1,59,18,0,68,22,12,0.2616279069767442,0.6,0.2608695652173913,0.23376623376623376,0.9230769230769231,0.11764705882352941,0.009389893051251902,-0.004684368944847667,0.06079100143671197,0.05140110838546007
sk_hynix,000660,technical_rates,technical+rates,baseline_depth3,recent_regime,330,0.3151515151515151,0.4031339031339032,0.2997692013123441,0.2658003012708512,1.857419093287743,0.538738402854682,64,13,1,43,20,9,136,24,20,0.26337448559670784,0.8205128205128205,0.3508771929824561,0.2777777777777778,0.6666666666666666,0.1111111111111111,0.04186965032943945,0.01871509481262006,0.05406468044947273,0.012195030120033278
sk_hynix,000660,technical_dollar,technical+dollar,baseline_depth3,validation,253,0.28063241106719367,0.35623222753050476,0.205616773798592,0.17983373076797438,1.7605260775233385,0.5149626174694538,60,3,0,101,6,0,73,5,5,0.2564102564102564,0.9523809523809523,0.42857142857142855,0.056074766355140186,1.0,0.060240963855421686,0.007499016167891272,0.014515902259953615,0.10282639893501333,0.09532738276712206
sk_hynix,000660,technical_dollar,technical+dollar,shallow_regularized,validation,253,0.2648221343873518,0.3410687699619126,0.1772481296200461,0.15015596863854205,1.5425766658877538,0.5185047926514633,60,3,0,102,5,0,72,9,2,0.2564102564102564,0.9523809523809523,0.29411764705882354,0.04672897196261682,1.0,0.024096385542168676,0.007758762685223603,0.027693891969463175,0.0928888888888889,0.0851301262036653
sk_hynix,000660,technical_dollar,technical+dollar,depth3_regularized,validation,253,0.25691699604743085,0.3326624998733995,0.1690938078175511,0.1414432887341689,1.697971627283038,0.5130040682344962,59,4,0,103,4,0,74,7,2,0.25,0.9365079365079365,0.26666666666666666,0.037383177570093455,1.0,0.024096385542168676,0.008299510351964913,0.021844145917298507,0.0928888888888889,0.08458937853692398
sk_hynix,000660,technical_dollar,technical+dollar,depth4_slow,validation,253,0.2608695652173913,0.33885430462392513,0.17295290209106898,0.14348590801335698,1.746354454507596,0.5056449540498538,60,3,0,104,3,0,74,6,3,0.25210084033613445,0.9523809523809523,0.25,0.028037383177570093,1.0,0.03614457831325301,0.007819040448603314,0.029530197789721758,0.08561013645224173,0.07779109600363843
sk_hynix,000660,technical_dollar,technical+dollar,depth2_fast,validation,253,0.25296442687747034,0.3329979166033665,0.15266585266585267,0.12187474361387406,1.703745019202128,0.5166139495400794,61,2,0,105,2,0,76,6,1,0.25206611570247933,0.9682539682539683,0.2,0.018691588785046728,1.0,0.012048192771084338,0.008120442960657311,0.039897721312190534,0.1080000000000001,0.09987955703934279
sk_hynix,000660,technical_dollar,technical+dollar,depth3_conservative,validation,253,0.28063241106719367,0.357133026990025,0.20740173268263154,0.18008783935639197,1.582823551878836,0.5122281718156456,60,3,0,102,5,0,72,5,6,0.2564102564102564,0.9523809523809523,0.38461538461538464,0.04672897196261682,1.0,0.07228915662650602,0.007384826989159327,0.0065971542525178235,0.10971864814249348,0.10233382115333416
sk_hynix,000660,technical_dollar,technical+dollar,baseline_depth3_unweighted,validation,253,0.2727272727272727,0.346024358522951,0.19377310543852178,0.16990595929080549,1.7166282899389285,0.5146523158964221,59,4,0,100,7,0,74,6,3,0.2532188841201717,0.9365079365079365,0.4117647058823529,0.06542056074766354,1.0,0.03614457831325301,0.008195514934401772,0.017984648266390388,0.08561013645224173,0.07741462151783995
sk_hynix,000660,technical_dollar,technical+dollar,depth2_fast_unweighted,validation,253,0.2648221343873518,0.3379922300088947,0.17801524809398828,0.15403741528356388,1.6411501950979224,0.5168651947443688,59,4,0,100,7,0,73,9,1,0.2543103448275862,0.9365079365079365,0.35,0.06542056074766354,1.0,0.012048192771084338,0.008162019754102091,0.023526791332464495,0.1080000000000001,0.099837980245898
sk_hynix,000660,technical_dollar,technical+dollar,depth3_regularized_unweighted,validation,253,0.2608695652173913,0.3323270831434327,0.18425354637979222,0.15972231341290996,1.6263170702495615,0.5169015371251333,57,6,0,101,6,0,73,7,3,0.24675324675324675,0.9047619047619048,0.3157894736842105,0.056074766355140186,1.0,0.03614457831325301,0.00824457715240891,0.016357719896725867,0.08561013645224173,0.07736555929983283
sk_hynix,000660,technical_dollar,technical+dollar,depth4_slow_unweighted,validation,253,0.2608695652173913,0.3345028236369301,0.18076816501422652,0.15458070799079965,1.6950986138292456,0.5133715487101053,58,5,0,102,5,0,73,7,3,0.24892703862660945,0.9206349206349206,0.29411764705882354,0.04672897196261682,1.0,0.03614457831325301,0.008278642576567836,0.01684531058258494,0.08561013645224173,0.0773314938756739
sk_hynix,000660,technical_dollar,technical+dollar,depth3_conservative,test,254,0.32677165354330706,0.33317714964773787,0.3262311391145747,0.32786645637957174,1.2813666351921644,0.5199719867590096,31,26,18,38,24,15,41,33,28,0.2818181818181818,0.41333333333333333,0.2891566265060241,0.3116883116883117,0.45901639344262296,0.27450980392156865,0.009456493683657299,0.0006295384795337276,0.016223887988434285,0.006767394304776986
sk_hynix,000660,technical_dollar,technical+dollar,depth3_conservative,recent_regime,330,0.3212121212121212,0.3668091168091168,0.32385264845997835,0.31991825918527483,1.3865892685147032,0.4835659809613298,36,24,18,21,30,21,56,84,40,0.3185840707964602,0.46153846153846156,0.21739130434782608,0.4166666666666667,0.5063291139240507,0.2222222222222222,0.03283823820229024,0.05303924486411044,0.02320112835128195,-0.00963710985100829
sk_hynix,000660,technical_semi_etf,technical+semi_etf,baseline_depth3,validation,253,0.2727272727272727,0.3534523794629638,0.18400755762469642,0.1538030080029675,1.7685736920090938,0.5218893780172514,62,1,0,104,3,0,75,4,4,0.2572614107883817,0.9841269841269841,0.375,0.028037383177570093,1.0,0.04819277108433735,0.007682985392599318,0.028453889054698676,0.09822345438673742,0.0905404689941381
sk_hynix,000660,technical_semi_etf,technical+semi_etf,shallow_regularized,validation,253,0.26877470355731226,0.34635977525291795,0.17925186989730144,0.15176686029065586,1.5135650556050435,0.5118087089955942,61,2,0,102,5,0,72,9,2,0.25957446808510637,0.9682539682539683,0.3125,0.04672897196261682,1.0,0.024096385542168676,0.007373177627066281,0.034603118091413816,0.0928888888888889,0.08551571126182261
sk_hynix,000660,technical_semi_etf,technical+semi_etf,depth3_regularized,validation,253,0.2727272727272727,0.3500016979354892,0.19381099126861837,0.1655575315017936,1.5948399321696474,0.514935880339694,60,3,0,103,4,0,74,4,5,0.25316455696202533,0.9523809523809523,0.36363636363636365,0.037383177570093455,1.0,0.060240963855421686,0.007927942687271428,0.005102570999163891,0.10741474234536877,0.09948679965809734
sk_hynix,000660,technical_semi_etf,technical+semi_etf,depth4_slow,validation,253,0.2608695652173913,0.33885430462392513,0.17325581395348835,0.1436391212427613,1.6666718275384595,0.5047557559005661,60,3,0,104,3,0,73,7,3,0.25316455696202533,0.9523809523809523,0.23076923076923078,0.028037383177570093,1.0,0.03614457831325301,0.0077415034561839485,0.029273667779127224,0.08561013645224173,0.07786863299605778
sk_hynix,000660,technical_semi_etf,technical+semi_etf,depth2_fast,validation,253,0.26877470355731226,0.3454589757933975,0.1768613115279782,0.15069951918963778,1.6972135622759255,0.516673827300269,61,2,0,101,6,0,72,10,1,0.2606837606837607,0.9682539682539683,0.3333333333333333,0.056074766355140186,1.0,0.012048192771084338,0.007468691029427015,0.034247261595280735,0.1080000000000001,0.10053130897057308
sk_hynix,000660,technical_semi_etf,technical+semi_etf,depth3_conservative,validation,253,0.2766798418972332,0.3540177621925173,0.20158097172961634,0.17293840341366779,1.5133566577261754,0.5125106634211088,60,3,0,103,4,0,72,5,6,0.2553191489361702,0.9523809523809523,0.3333333333333333,0.037383177570093455,1.0,0.07228915662650602,0.007282751939391593,0.0085304845824158,0.10971864814249348,0.10243589620310188
sk_hynix,000660,technical_semi_etf,technical+semi_etf,baseline_depth3_unweighted,validation,253,0.26877470355731226,0.34418403475942044,0.1820774590828067,0.15698597865958522,1.76788803302454,0.5167196743534936,60,3,0,101,6,0,76,5,2,0.25316455696202533,0.9523809523809523,0.42857142857142855,0.056074766355140186,1.0,0.024096385542168676,0.00827836862963951,0.02364988662839026,0.08952631578947375,0.08124794715983423
sk_hynix,000660,technical_semi_etf,technical+semi_etf,depth2_fast_unweighted,validation,253,0.2608695652173913,0.3327012247178895,0.17625403515814475,0.15227930695470895,1.6111145097464596,0.5163093306548149,58,5,0,100,7,0,71,11,1,0.25327510917030566,0.9206349206349206,0.30434782608695654,0.06542056074766354,1.0,0.012048192771084338,0.007820413688801497,0.024923898907192685,0.1080000000000001,0.1001795863111986
sk_hynix,000660,technical_semi_etf,technical+semi_etf,depth3_regularized_unweighted,validation,253,0.26877470355731226,0.3407333532319457,0.19152085318626955,0.16822344673872774,1.595200692919098,0.5186546882090264,58,5,0,100,7,0,75,5,3,0.24892703862660945,0.9206349206349206,0.4117647058823529,0.06542056074766354,1.0,0.03614457831325301,0.008544553054054627,0.013200772861736558,0.08561013645224173,0.0770655833981871
sk_hynix,000660,technical_semi_etf,technical+semi_etf,depth4_slow_unweighted,validation,253,0.28063241106719367,0.3531556875774869,0.20722284179975128,0.18415612311156007,1.6568570916025354,0.5241576421170644,59,4,0,99,8,0,72,7,4,0.2565217391304348,0.9365079365079365,0.42105263157894735,0.07476635514018691,1.0,0.04819277108433735,0.008008718702446644,0.012058358131664601,0.10025257588415482,0.09224385718170817
sk_hynix,000660,technical_semi_etf,technical+semi_etf,depth4_slow_unweighted,test,254,0.33858267716535434,0.35368474662592303,0.3324278831798681,0.3309058466267649,1.380631644741842,0.526869195659096,41,27,7,48,23,6,49,31,22,0.2971014492753623,0.5466666666666666,0.2839506172839506,0.2987012987012987,0.6285714285714286,0.21568627450980393,0.004750807624460546,-0.00017463661958633838,0.04116163658025806,0.03641082895579751
sk_hynix,000660,technical_semi_etf,technical+semi_etf,depth4_slow_unweighted,recent_regime,330,0.3484848484848485,0.4087606837606838,0.34919016997997643,0.3436464932645279,1.5101258550781822,0.5130864234817722,43,28,7,28,33,11,63,78,39,0.3208955223880597,0.5512820512820513,0.23741007194244604,0.4583333333333333,0.6842105263157895,0.21666666666666667,0.02761295051322334,0.046304653084461515,0.04783410000605673,0.02022114949283339
sk_hynix,000660,technical_monthly_industry,technical+monthly_industry,baseline_depth3,validation,253,0.2885375494071146,0.36246275712552034,0.21716074837724322,0.19327116073328532,1.6273783840393787,0.510923014332275,60,2,1,98,8,1,70,8,5,0.2631578947368421,0.9523809523809523,0.4444444444444444,0.07476635514018691,0.7142857142857143,0.060240963855421686,0.007351550202516202,0.022239084596798946,0.05652392009784284,0.04917236989532664
sk_hynix,000660,technical_monthly_industry,technical+monthly_industry,shallow_regularized,validation,253,0.2727272727272727,0.3494750400504257,0.18486914261740325,0.15865418553915603,1.4431658247357948,0.5220230133767789,61,2,0,101,6,0,72,9,2,0.2606837606837607,0.9682539682539683,0.35294117647058826,0.056074766355140186,1.0,0.024096385542168676,0.007468691029427015,0.03168664299631033,0.0928888888888889,0.08542019785946188
sk_hynix,000660,technical_monthly_industry,technical+monthly_industry,depth3_regularized,validation,253,0.2845849802371542,0.35679761026005813,0.22112173649058897,0.19667136439231953,1.5574006490805914,0.5013947562034751,58,2,3,97,7,3,70,6,7,0.2577777777777778,0.9206349206349206,0.4666666666666667,0.06542056074766354,0.5384615384615384,0.08433734939759036,0.0075296379186313425,0.014737606035140268,0.04283782979860145,0.035308191879970106
sk_hynix,000660,technical_monthly_industry,technical+monthly_industry,depth4_slow,validation,253,0.28063241106719367,0.3536823454625504,0.215858497870693,0.18974942960892063,1.6159978056076976,0.5023697981405374,58,3,2,97,6,4,69,7,7,0.25892857142857145,0.9206349206349206,0.375,0.056074766355140186,0.5384615384615384,0.08433734939759036,0.007329732138510312,0.017862901172585356,0.041881383985638405,0.03455165184712809
sk_hynix,000660,technical_monthly_industry,technical+monthly_industry,depth2_fast,validation,253,0.2727272727272727,0.34857424059090536,0.18203624092344595,0.1575050669810499,1.576111693959326,0.5223048344586118,61,2,0,100,7,0,74,8,1,0.25957446808510637,0.9682539682539683,0.4117647058823529,0.06542056074766354,1.0,0.012048192771084338,0.007933583596523465,0.029396015553997665,0.1080000000000001,0.10006641640347663
sk_hynix,000660,technical_monthly_industry,technical+monthly_industry,depth3_conservative,validation,253,0.2964426877470356,0.3635935225846272,0.24643283225960397,0.22585495174583595,1.4547116549018773,0.5099645343288821,56,3,4,94,10,3,67,7,9,0.25806451612903225,0.8888888888888888,0.5,0.09345794392523364,0.5625,0.10843373493975904,0.007555051906351874,0.012310445883651796,0.03665432676559889,0.029099274859247015
sk_hynix,000660,technical_monthly_industry,technical+monthly_industry,baseline_depth3_unweighted,validation,253,0.2648221343873518,0.3410687699619126,0.17661498708010337,0.15010724024879737,1.664399328784831,0.5084461503310627,60,2,1,102,5,0,75,6,2,0.25316455696202533,0.9523809523809523,0.38461538461538464,0.04672897196261682,0.6666666666666666,0.024096385542168676,0.008071502463760346,0.03276497761553886,0.04441120556258926,0.03633970309882892
sk_hynix,000660,technical_monthly_industry,technical+monthly_industry,depth2_fast_unweighted,validation,253,0.2766798418972332,0.34733802440141814,0.19399318710721877,0.17335359719906412,1.5274145640087957,0.5180143884313216,59,4,0,97,10,0,72,10,1,0.25877192982456143,0.9365079365079365,0.4166666666666667,0.09345794392523364,1.0,0.012048192771084338,0.008130286795970096,0.02126745917165804,0.1080000000000001,0.09986971320403
sk_hynix,000660,technical_monthly_industry,technical+monthly_industry,depth3_regularized_unweighted,validation,253,0.2964426877470356,0.3605169826316094,0.24795070269776576,0.23062331380897463,1.5049442265886648,0.5126835076499202,55,4,4,93,12,2,69,6,8,0.2534562211981567,0.873015873015873,0.5454545454545454,0.11214953271028037,0.5714285714285714,0.0963855421686747,0.008597367276552297,0.005761857637369683,0.03426677446907096,0.025669407192518666
sk_hynix,000660,technical_monthly_industry,technical+monthly_industry,depth4_slow_unweighted,validation,253,0.26877470355731226,0.3338319901769964,0.2093763986289174,0.18871778830850208,1.6126240441476278,0.4984518782791748,54,5,4,96,9,2,68,10,5,0.24770642201834864,0.8571428571428571,0.375,0.08411214953271028,0.45454545454545453,0.060240963855421686,0.008411743078012218,0.020450872097728685,0.013413044386256635,0.0050013013082444175
sk_hynix,000660,technical_monthly_industry,technical+monthly_industry,depth3_regularized_unweighted,test,254,0.32677165354330706,0.3455411255411256,0.31907520018401114,0.31281464905837475,1.369474867982343,0.5349326004934476,37,31,7,43,29,5,45,40,17,0.296,0.49333333333333335,0.29,0.37662337662337664,0.5862068965517241,0.16666666666666666,0.006513671403876554,0.0031635487586281147,0.032812391894852175,0.02629872049097562
sk_hynix,000660,technical_monthly_industry,technical+monthly_industry,depth3_regularized_unweighted,recent_regime,330,0.3151515151515151,0.32336182336182334,0.2976910101666437,0.3253003184422642,1.3995927425429617,0.5030333791961699,15,38,25,13,34,25,26,99,55,0.2777777777777778,0.19230769230769232,0.19883040935672514,0.4722222222222222,0.5238095238095238,0.3055555555555556,0.04261272428797004,0.04573093980885253,0.026113790752315683,-0.016498933535654358
sk_hynix,000660,technical_domestic_alpha,technical+domestic_alpha,baseline_depth3,validation,253,0.26877470355731226,0.3485355157464154,0.1746987859304375,0.14601698758457926,1.8411465201014763,0.5155987767637411,62,1,0,103,4,0,75,6,2,0.25833333333333336,0.9841269841269841,0.36363636363636365,0.037383177570093455,1.0,0.024096385542168676,0.007650766278661141,0.04153526101303215,0.08952631578947375,0.0818755495108126
sk_hynix,000660,technical_domestic_alpha,technical+domestic_alpha,shallow_regularized,validation,253,0.26877470355731226,0.3454589757933975,0.17646575175737425,0.15067549598878843,1.5090993082787436,0.5203672893763744,61,2,0,101,6,0,74,8,1,0.2584745762711864,0.9682539682539683,0.375,0.056074766355140186,1.0,0.012048192771084338,0.007836505028210462,0.03216932643395662,0.1080000000000001,0.10016349497178964
sk_hynix,000660,technical_domestic_alpha,technical+domestic_alpha,depth3_regularized,validation,253,0.2727272727272727,0.3472992995569282,0.1881547429782724,0.16375661222720048,1.6512909624608985,0.5085671966094302,60,3,0,100,7,0,73,8,2,0.2575107296137339,0.9523809523809523,0.3888888888888889,0.06542056074766354,1.0,0.024096385542168676,0.007931199794331817,0.024354282207993534,0.0928888888888889,0.08495768909455707
sk_hynix,000660,technical_domestic_alpha,technical+domestic_alpha,depth4_slow,validation,253,0.28063241106719367,0.3531556875774869,0.2073342689781046,0.18415675985116672,1.6579747814949,0.49505406683477815,59,4,0,98,8,1,72,7,4,0.2576419213973799,0.9365079365079365,0.42105263157894735,0.07476635514018691,0.8,0.04819277108433735,0.008086364305472755,0.01735528108025026,0.05811932862459179,0.050032964319119036
sk_hynix,000660,technical_domestic_alpha,technical+domestic_alpha,depth2_fast,validation,253,0.2648221343873518,0.3379922300088947,0.17801524809398828,0.15403741528356388,1.667296677603289,0.5149572868065927,59,4,0,100,7,0,73,9,1,0.2543103448275862,0.9365079365079365,0.35,0.06542056074766354,1.0,0.012048192771084338,0.007916488517442968,0.02637495367771031,0.1080000000000001,0.10008351148255713
sk_hynix,000660,technical_domestic_alpha,technical+domestic_alpha,depth3_conservative,validation,253,0.2727272727272727,0.3469251579824713,0.19608276539571437,0.17069274435271858,1.5461947155210056,0.5101115466348347,59,3,1,100,6,1,73,6,4,0.2543103448275862,0.9365079365079365,0.4,0.056074766355140186,0.6666666666666666,0.04819277108433735,0.008297725671627721,0.021535297162758274,0.03733709939032825,0.029039373718700526
sk_hynix,000660,technical_domestic_alpha,technical+domestic_alpha,baseline_depth3_unweighted,validation,253,0.28063241106719367,0.35352982915194375,0.1989847907667004,0.17701787509065436,1.789550969815095,0.5107442192062441,60,3,0,98,9,0,73,8,2,0.2597402597402597,0.9523809523809523,0.45,0.08411214953271028,1.0,0.024096385542168676,0.007821048076348784,0.02432048361927292,0.08952631578947375,0.08170526771312496
sk_hynix,000660,technical_domestic_alpha,technical+domestic_alpha,depth2_fast_unweighted,validation,253,0.28063241106719367,0.3504532891989259,0.19912424740010948,0.17962057932072922,1.6037326097632496,0.5166441566296264,59,4,0,96,11,0,72,10,1,0.2599118942731278,0.9365079365079365,0.44,0.102803738317757,1.0,0.012048192771084338,0.007933404595977982,0.02252966265255891,0.1080000000000001,0.10006659540402212
sk_hynix,000660,technical_domestic_alpha,technical+domestic_alpha,depth3_regularized_unweighted,validation,253,0.2727272727272727,0.3420470191104128,0.19194701097686173,0.17123059181787278,1.6283696572046915,0.5083517406039105,58,5,0,97,10,0,70,12,1,0.2577777777777778,0.9206349206349206,0.37037037037037035,0.09345794392523364,1.0,0.012048192771084338,0.007561884057871846,0.024544462836289242,0.1080000000000001,0.10043811594212824
sk_hynix,000660,technical_domestic_alpha,technical+domestic_alpha,depth4_slow_unweighted,validation,253,0.26877470355731226,0.3367560138194076,0.18954971049307237,0.16963488977377314,1.64113481519432,0.5100153097307898,57,6,0,97,10,0,72,10,1,0.252212389380531,0.9047619047619048,0.38461538461538464,0.09345794392523364,1.0,0.012048192771084338,0.008464314998221608,0.017353431538572738,0.1080000000000001,0.09953568500177849
sk_hynix,000660,technical_domestic_alpha,technical+domestic_alpha,depth4_slow,test,254,0.3110236220472441,0.3245581869111281,0.29805779805779803,0.2959933448122425,1.3403261775944304,0.5049678468239801,42,21,12,48,16,13,55,26,21,0.2896551724137931,0.56,0.25396825396825395,0.2077922077922078,0.45652173913043476,0.20588235294117646,0.006380205880800105,0.004272511469748567,0.019300545456259106,0.012920339575459001
sk_hynix,000660,technical_domestic_alpha,technical+domestic_alpha,depth4_slow,recent_regime,330,0.3242424242424242,0.37407407407407406,0.3114514828800543,0.31000968143825286,1.470374819450017,0.4912987348568744,52,15,11,37,18,17,92,51,37,0.287292817679558,0.6666666666666666,0.21428571428571427,0.25,0.5692307692307692,0.20555555555555555,0.036773284936932375,0.04908266954299808,0.03206333896401098,-0.004709945972921396
sk_hynix,000660,technical_rates_dollar,technical+rates+dollar,baseline_depth3,validation,253,0.2608695652173913,0.33922844619838194,0.16430730781756653,0.13641629447102047,1.9907730799708978,0.5085135211928212,61,2,0,103,4,0,77,5,1,0.25311203319502074,0.9682539682539683,0.36363636363636365,0.037383177570093455,1.0,0.012048192771084338,0.008369139893766588,0.03035668346137368,0.121238177128117,0.11286903723435042
sk_hynix,000660,technical_rates_dollar,technical+rates+dollar,shallow_regularized,validation,253,0.25296442687747034,0.3308221761098689,0.15617806601413156,0.1274713644635241,1.7304628350300182,0.5082087849659215,60,3,0,104,3,0,78,4,1,0.24793388429752067,0.9523809523809523,0.3,0.028037383177570093,1.0,0.012048192771084338,0.008665114356520601,0.02671667353229893,0.1080000000000001,0.09933488564347949
sk_hynix,000660,technical_rates_dollar,technical+rates+dollar,depth3_regularized,validation,253,0.2727272727272727,0.3512766389694663,0.188101200432783,0.15967887094906366,1.8103459679000071,0.5052103541588473,61,2,0,103,4,0,75,4,4,0.25523012552301255,0.9682539682539683,0.4,0.037383177570093455,1.0,0.04819277108433735,0.007690864828889709,0.025593912901149228,0.09451714662121055,0.08682628179232084
sk_hynix,000660,technical_rates_dollar,technical+rates+dollar,depth4_slow,validation,253,0.25691699604743085,0.33446409879244016,0.17229017799924398,0.14192172966759184,1.8311336540075096,0.4981055863502847,59,4,0,105,2,0,75,4,4,0.24686192468619247,0.9365079365079365,0.2,0.018691588785046728,1.0,0.04819277108433735,0.007897036883659888,0.02066640079214193,0.09451714662121055,0.08662010973755066
sk_hynix,000660,technical_rates_dollar,technical+rates+dollar,depth2_fast,validation,253,0.25691699604743085,0.3352123819413539,0.15618089340999558,0.1283643163943339,1.9238773998593153,0.5044481364220557,61,2,0,103,4,0,77,6,0,0.25311203319502074,0.9682539682539683,0.3333333333333333,0.037383177570093455,0.0,0.0,0.00842407008931894,0.03682695983959255,,
sk_hynix,000660,technical_rates_dollar,technical+rates+dollar,depth3_conservative,validation,253,0.26877470355731226,0.3481613741719585,0.18181457516855606,0.15216477209699705,1.7177320587784444,0.5074514452885407,61,2,0,104,3,0,76,3,4,0.25311203319502074,0.9682539682539683,0.375,0.028037383177570093,1.0,0.04819277108433735,0.008078365324906984,0.016543068593930288,0.09822345438673742,0.09014508906183044
sk_hynix,000660,technical_rates_dollar,technical+rates+dollar,baseline_depth3_unweighted,validation,253,0.26877470355731226,0.34418403475942044,0.1822524239697524,0.15697531009221521,1.9622076538097557,0.5269078618392765,60,3,0,101,6,0,75,6,2,0.2542372881355932,0.9523809523809523,0.4,0.056074766355140186,1.0,0.024096385542168676,0.007790792258168757,0.02695061730300208,0.11461908856405856,0.1068282963058898
sk_hynix,000660,technical_rates_dollar,technical+rates+dollar,depth2_fast_unweighted,validation,253,0.25691699604743085,0.3330366414478564,0.16021276982008967,0.13393980582231674,1.8290375376017098,0.5347374824553301,60,3,0,102,5,0,76,7,0,0.25210084033613445,0.9523809523809523,0.3333333333333333,0.04672897196261682,0.0,0.0,0.008210192302920966,0.034539909433719006,,
sk_hynix,000660,technical_rates_dollar,technical+rates+dollar,depth3_regularized_unweighted,validation,253,0.2648221343873518,0.33889302946841515,0.18056915739268678,0.15530730125615036,1.7753001867115086,0.5109116657198315,59,4,0,101,6,0,73,8,2,0.2532188841201717,0.9365079365079365,0.3333333333333333,0.056074766355140186,1.0,0.024096385542168676,0.007701145390799428,0.02491774202314395,0.11461908856405856,0.10691794317325913
sk_hynix,000660,technical_rates_dollar,technical+rates+dollar,depth4_slow_unweighted,validation,253,0.2648221343873518,0.33851888789395823,0.18860650775395973,0.16219010878277748,1.8381466218938913,0.5088308465008807,58,5,0,102,5,0,72,7,4,0.25,0.9206349206349206,0.29411764705882354,0.04672897196261682,1.0,0.04819277108433735,0.0076886029784993815,0.01892580256135221,0.0916574687615327,0.08396886578303332
sk_hynix,000660,technical_rates_dollar,technical+rates+dollar,depth4_slow_unweighted,test,254,0.29133858267716534,0.3138697903403786,0.267165133207875,0.25838297146994754,1.5201282126827962,0.5136472329906553,45,27,3,57,18,2,64,27,11,0.2710843373493976,0.6,0.25,0.23376623376623376,0.6875,0.10784313725490197,0.00895476855938419,-0.001704369885994072,0.04489663857699323,0.03594187001760904
sk_hynix,000660,technical_rates_dollar,technical+rates+dollar,depth4_slow_unweighted,recent_regime,330,0.3212121212121212,0.39957264957264954,0.3080576991132694,0.28519020004619433,1.6989158670358793,0.52132479837131,61,14,3,46,20,6,128,27,25,0.25957446808510637,0.782051282051282,0.32786885245901637,0.2777777777777778,0.7352941176470589,0.1388888888888889,0.041083180317518814,0.021075695157187154,0.05655473731329336,0.015471556995774544
sk_hynix,000660,technical_rates_semi_etf,technical+rates+semi_etf,baseline_depth3,validation,253,0.25691699604743085,0.33573903982641734,0.16735066119471043,0.13637792648082303,1.9029912357650405,0.49915669919320915,60,3,0,105,2,0,73,7,3,0.25210084033613445,0.9523809523809523,0.16666666666666666,0.018691588785046728,1.0,0.03614457831325301,0.0072156975706566765,0.03607893348472364,0.10728039532266742,0.10006469775201074
sk_hynix,000660,technical_rates_semi_etf,technical+rates+semi_etf,shallow_regularized,validation,253,0.2648221343873518,0.3428703688809533,0.18019568921601348,0.15080030030832775,1.6700072601072526,0.5105540754677699,60,3,0,104,3,0,75,4,4,0.2510460251046025,0.9523809523809523,0.3,0.028037383177570093,1.0,0.04819277108433735,0.008042643548592448,0.01570387839404301,0.09822345438673742,0.09018081083814497
sk_hynix,000660,technical_rates_semi_etf,technical+rates+semi_etf,depth3_regularized,validation,253,0.26877470355731226,0.3490621736314789,0.18301153124161973,0.15185544980745933,1.792942550084533,0.49382514788817744,61,2,0,105,2,0,76,2,5,0.25206611570247933,0.9682539682539683,0.3333333333333333,0.018691588785046728,1.0,0.060240963855421686,0.007976376998331921,0.0007945773796343506,0.10741474234536877,0.09943836534703684
sk_hynix,000660,technical_rates_semi_etf,technical+rates+semi_etf,depth4_slow,validation,253,0.2766798418972332,0.3540177621925173,0.20106917635007523,0.17275593103634143,1.8028871710537608,0.5007450690949456,60,3,0,103,4,0,74,3,6,0.25316455696202533,0.9523809523809523,0.4,0.037383177570093455,1.0,0.07228915662650602,0.007676229886642094,-0.0005453962388162189,0.10971864814249348,0.10204241825585138
sk_hynix,000660,technical_rates_semi_etf,technical+rates+semi_etf,depth2_fast,validation,253,0.25296442687747034,0.3329979166033665,0.15300787278931793,0.12207985714268924,1.8809792623666035,0.516619749569482,61,2,0,105,2,0,75,7,1,0.25311203319502074,0.9682539682539683,0.18181818181818182,0.018691588785046728,1.0,0.012048192771084338,0.00788362632434958,0.04494478978681349,0.0777777777777777,0.06989415145342812
sk_hynix,000660,technical_rates_semi_etf,technical+rates+semi_etf,depth3_conservative,validation,253,0.2648221343873518,0.3450461093744508,0.1760174737192807,0.14480955642420104,1.6827241356519747,0.49229648811572296,61,2,0,105,2,0,75,4,4,0.25311203319502074,0.9682539682539683,0.25,0.018691588785046728,1.0,0.04819277108433735,0.00788362632434958,0.02240958098572205,0.09822345438673742,0.09033982806238784
sk_hynix,000660,technical_rates_semi_etf,technical+rates+semi_etf,baseline_depth3_unweighted,validation,253,0.2648221343873518,0.3401679705023923,0.17481767481767482,0.1490403446925186,1.8964929995539686,0.5146142972065817,60,3,0,101,6,0,72,10,1,0.2575107296137339,0.9523809523809523,0.3157894736842105,0.056074766355140186,1.0,0.012048192771084338,0.007292842491103636,0.03499432153546461,0.1080000000000001,0.10070715750889646
sk_hynix,000660,technical_rates_semi_etf,technical+rates+semi_etf,depth2_fast_unweighted,validation,253,0.25691699604743085,0.3352123819413539,0.15669640413770455,0.12855617111113468,1.7255250450340909,0.5262713505200832,61,2,0,103,4,0,75,8,0,0.25523012552301255,0.9682539682539683,0.2857142857142857,0.037383177570093455,0.0,0.0,0.008017349457877992,0.03971270636915249,,
sk_hynix,000660,technical_rates_semi_etf,technical+rates+semi_etf,depth3_regularized_unweighted,validation,253,0.26877470355731226,0.3438098931849636,0.18977365658907241,0.16365130650870133,1.7474930705788514,0.5108136016388939,59,4,0,102,5,0,76,3,4,0.2489451476793249,0.9365079365079365,0.4166666666666667,0.04672897196261682,1.0,0.04819277108433735,0.008522933048511957,0.004941288296390943,0.09822345438673742,0.08970052133822547
sk_hynix,000660,technical_rates_semi_etf,technical+rates+semi_etf,depth4_slow_unweighted,validation,253,0.2608695652173913,0.3366785641304277,0.1768439912570807,0.14912234819718762,1.8248781959946787,0.506416223855655,59,4,0,103,4,0,74,6,3,0.25,0.9365079365079365,0.2857142857142857,0.037383177570093455,1.0,0.03614457831325301,0.008166084309125127,0.016415176634162358,0.10503867992305733,0.0968725956139322
sk_hynix,000660,technical_rates_semi_etf,technical+rates+semi_etf,depth4_slow,test,254,0.2992125984251969,0.3190917579152874,0.26169144112438325,0.258763290534501,1.5518550363056614,0.5203273659813225,52,19,4,65,9,3,77,10,15,0.26804123711340205,0.6933333333333334,0.23684210526315788,0.11688311688311688,0.6818181818181818,0.14705882352941177,0.008660905137702908,-0.012559651908144759,0.03996247009514684,0.031301564957443934
sk_hynix,000660,technical_rates_semi_etf,technical+rates+semi_etf,depth4_slow,recent_regime,330,0.3151515151515151,0.39366096866096867,0.2602205091172435,0.24774221205257071,1.7536272063501828,0.5266493953935815,75,3,0,61,7,4,149,9,22,0.2631578947368421,0.9615384615384616,0.3684210526315789,0.09722222222222222,0.8461538461538461,0.12222222222222222,0.03652820036434792,0.037498898137412924,0.06692344920797352,0.030395248843625607
sk_hynix,000660,technical_dollar_semi_etf,technical+dollar+semi_etf,baseline_depth3,validation,253,0.2608695652173913,0.34103004511742263,0.16818335018537245,0.1372033075290648,1.7463480754345053,0.5297481831743158,61,2,0,105,2,0,76,4,3,0.25206611570247933,0.9682539682539683,0.25,0.018691588785046728,1.0,0.03614457831325301,0.007744786399913341,0.037199411514360216,0.10009693623568816,0.09235214983577482
sk_hynix,000660,technical_dollar_semi_etf,technical+dollar+semi_etf,shallow_regularized,validation,253,0.2648221343873518,0.3432445104554101,0.17328039755847244,0.14466506924201752,1.5300076932146505,0.5189455948860503,61,2,0,103,4,0,73,8,2,0.25738396624472576,0.9682539682539683,0.2857142857142857,0.037383177570093455,1.0,0.024096385542168676,0.007536517761106986,0.03572799446006009,0.0928888888888889,0.0853523711277819
sk_hynix,000660,technical_dollar_semi_etf,technical+dollar+semi_etf,depth3_regularized,validation,253,0.2727272727272727,0.3500016979354892,0.19406701567826887,0.16564970920631383,1.6626384766629274,0.508762302222769,60,3,0,103,4,0,73,5,5,0.2542372881355932,0.9523809523809523,0.3333333333333333,0.037383177570093455,1.0,0.060240963855421686,0.007561084588581778,0.013788330502578251,0.10444969613294726,0.09688861154436548
sk_hynix,000660,technical_dollar_semi_etf,technical+dollar+semi_etf,depth4_slow,validation,253,0.28063241106719367,0.357133026990025,0.20762716472624543,0.18013647028896113,1.6635477124847153,0.513975874895042,60,3,0,102,5,0,71,6,6,0.2575107296137339,0.9523809523809523,0.35714285714285715,0.04672897196261682,1.0,0.07228915662650602,0.007131804502679039,0.010864433687271286,0.10971864814249348,0.10258684363981443
sk_hynix,000660,technical_dollar_semi_etf,technical+dollar+semi_etf,depth2_fast,validation,253,0.2608695652173913,0.3370527057048845,0.16904641628607853,0.1421911077115949,1.6566729035025023,0.518688868151083,60,3,0,102,5,0,73,9,1,0.2553191489361702,0.9523809523809523,0.29411764705882354,0.04672897196261682,1.0,0.012048192771084338,0.008038633338772298,0.02794385735232262,0.1080000000000001,0.09996136666122779
sk_hynix,000660,technical_dollar_semi_etf,technical+dollar+semi_etf,depth3_conservative,validation,253,0.2766798418972332,0.3527428211585401,0.20620639062053947,0.17786378235418637,1.5815490128321483,0.5145346389992971,59,3,1,102,4,1,72,4,7,0.2532188841201717,0.9365079365079365,0.36363636363636365,0.037383177570093455,0.7777777777777778,0.08433734939759036,0.007613169658173657,0.0047269792287725374,0.07180656752555721,0.06419339786738355
sk_hynix,000660,technical_dollar_semi_etf,technical+dollar+semi_etf,baseline_depth3_unweighted,validation,253,0.2766798418972332,0.3531169627329969,0.19925918181732136,0.1727011715291888,1.7494844324917862,0.5294661106461216,60,3,0,102,5,0,76,2,5,0.25210084033613445,0.9523809523809523,0.5,0.04672897196261682,1.0,0.060240963855421686,0.007853210858329074,0.01730435868857614,0.08600332768657883,0.07815011682824975
sk_hynix,000660,technical_dollar_semi_etf,technical+dollar+semi_etf,depth2_fast_unweighted,validation,253,0.2648221343873518,0.33709143054937446,0.17487763353905086,0.15255011788733117,1.672978945537694,0.5225102326096763,59,4,0,99,8,0,75,8,0,0.2532188841201717,0.9365079365079365,0.4,0.07476635514018691,0.0,0.0,0.008141805247266574,0.028754189349393156,,
sk_hynix,000660,technical_dollar_semi_etf,technical+dollar+semi_etf,depth3_regularized_unweighted,validation,253,0.2608695652173913,0.3301513426499351,0.18744306269315095,0.1648021268091779,1.5929726447588526,0.5133459011812447,56,6,1,100,7,0,74,6,3,0.24347826086956523,0.8888888888888888,0.3684210526315789,0.06542056074766354,0.75,0.03614457831325301,0.008908515471726115,0.011166024033601205,0.05275284861638637,0.043844333144660255
sk_hynix,000660,technical_dollar_semi_etf,technical+dollar+semi_etf,depth4_slow_unweighted,validation,253,0.2608695652173913,0.333227882602953,0.18656970834310735,0.16055634520402134,1.6866182180823655,0.501286382821721,57,6,0,102,5,0,72,7,4,0.24675324675324675,0.9047619047619048,0.2777777777777778,0.04672897196261682,1.0,0.04819277108433735,0.00793757359865211,0.014470906768194184,0.09451714662121055,0.08657957302255845
sk_hynix,000660,technical_dollar_semi_etf,technical+dollar+semi_etf,depth4_slow,test,254,0.3110236220472441,0.32102877514642225,0.3021726062687849,0.30352751848483517,1.362904759127104,0.5273447718442273,39,23,13,50,16,11,57,21,24,0.2671232876712329,0.52,0.26666666666666666,0.2077922077922078,0.5,0.23529411764705882,0.00895449273900123,-0.001661315304220654,0.0182176280136907,0.009263135274689471
sk_hynix,000660,technical_dollar_semi_etf,technical+dollar+semi_etf,depth4_slow,recent_regime,330,0.3333333333333333,0.41225071225071225,0.327838533145999,0.3038630195948748,1.5108746372027946,0.5013128181035158,54,19,5,32,28,12,87,65,28,0.31213872832369943,0.6923076923076923,0.25,0.3888888888888889,0.6222222222222222,0.15555555555555556,0.02986323908751047,0.049606012364717976,0.04757360224154637,0.017710363154035902
sk_hynix,000660,technical_alpha_semi_etf,technical+domestic_alpha+semi_etf,baseline_depth3,validation,253,0.2766798418972332,0.3556668448009513,0.18858706273206957,0.16101099875560113,1.753504892422059,0.5189813337955477,62,1,0,102,5,0,74,6,3,0.2605042016806723,0.9841269841269841,0.4166666666666667,0.04672897196261682,1.0,0.03614457831325301,0.0075287362013752085,0.037440375845556324,0.07700022784233314,0.06947149164095794
sk_hynix,000660,technical_alpha_semi_etf,technical+domestic_alpha+semi_etf,shallow_regularized,validation,253,0.26877470355731226,0.3476347162868951,0.17327535196039967,0.14546429948246536,1.5241455147262983,0.5119037389571043,62,1,0,102,5,0,72,10,1,0.2627118644067797,0.9841269841269841,0.3125,0.04672897196261682,1.0,0.012048192771084338,0.007141853681094739,0.04241543380391352,0.1080000000000001,0.10085814631890536
sk_hynix,000660,technical_alpha_semi_etf,technical+domestic_alpha+semi_etf,depth3_regularized,validation,253,0.2766798418972332,0.34876548174600197,0.20705573774277256,0.18319552324151717,1.598501953164652,0.4986265832110605,58,4,1,100,7,0,72,6,5,0.25217391304347825,0.9206349206349206,0.4117647058823529,0.06542056074766354,0.8333333333333334,0.060240963855421686,0.008312015619603774,0.005905288770798883,0.07666181799808768,0.0683498023784839
sk_hynix,000660,technical_alpha_semi_etf,technical+domestic_alpha+semi_etf,depth4_slow,validation,253,0.2845849802371542,0.3580725512940353,0.2169438717067583,0.1920832348586719,1.6334791181858959,0.49529652817950987,59,4,0,99,7,1,70,7,6,0.25877192982456143,0.9365079365079365,0.3888888888888889,0.06542056074766354,0.8571428571428571,0.07228915662650602,0.007741850673544894,0.013409987675704726,0.06651466826715059,0.0587728175936057
sk_hynix,000660,technical_alpha_semi_etf,technical+domestic_alpha+semi_etf,depth2_fast,validation,253,0.2727272727272727,0.3507499810844028,0.17889703330274884,0.1523549181286128,1.6605809557015196,0.5134626896345595,62,1,0,101,6,0,72,10,1,0.26382978723404255,0.9841269841269841,0.35294117647058826,0.056074766355140186,1.0,0.012048192771084338,0.007006980244595302,0.0422049442424164,0.1080000000000001,0.1009930197554048
sk_hynix,000660,technical_alpha_semi_etf,technical+domestic_alpha+semi_etf,depth3_conservative,validation,253,0.2727272727272727,0.3465510164080145,0.2032207565653508,0.17637935185800155,1.5263639022514175,0.50960914004171,58,4,1,100,5,2,71,6,6,0.25327510917030566,0.9206349206349206,0.3333333333333333,0.04672897196261682,0.6666666666666666,0.07228915662650602,0.008009435134619294,0.010125312216192447,0.054009342281141105,0.045999907146521815
sk_hynix,000660,technical_alpha_semi_etf,technical+domestic_alpha+semi_etf,baseline_depth3_unweighted,validation,253,0.2727272727272727,0.34639850009740786,0.185524478931659,0.1623858659323644,1.7378843291096715,0.5130302689453516,60,3,0,99,8,0,73,9,1,0.25862068965517243,0.9523809523809523,0.4,0.07476635514018691,1.0,0.012048192771084338,0.007581328936334159,0.030262804818572502,0.1080000000000001,0.10041867106366593
sk_hynix,000660,technical_alpha_semi_etf,technical+domestic_alpha+semi_etf,depth2_fast_unweighted,validation,253,0.26877470355731226,0.33893175431290506,0.186510445414555,0.16529238083734807,1.628575112793122,0.5061133483318293,58,5,0,98,9,0,73,9,1,0.25327510917030566,0.9206349206349206,0.391304347826087,0.08411214953271028,1.0,0.012048192771084338,0.00833076015505267,0.01984262322147449,0.1080000000000001,0.09966923984494742
sk_hynix,000660,technical_alpha_semi_etf,technical+domestic_alpha+semi_etf,depth3_regularized_unweighted,validation,253,0.2727272727272727,0.33859633758293817,0.20081901567009686,0.18203714185833283,1.5715684587643415,0.49844034527273295,56,6,1,96,11,0,70,11,2,0.25225225225225223,0.8888888888888888,0.39285714285714285,0.102803738317757,0.6666666666666666,0.024096385542168676,0.00853481297976943,0.01698021786612614,0.033983275946876564,0.025448462967107136
sk_hynix,000660,technical_alpha_semi_etf,technical+domestic_alpha+semi_etf,depth4_slow_unweighted,validation,253,0.2648221343873518,0.33544234794094047,0.1898708988726433,0.1664636519072908,1.6610131314344294,0.5052414161660229,57,6,0,99,7,1,73,7,3,0.24890829694323144,0.9047619047619048,0.35,0.06542056074766354,0.75,0.03614457831325301,0.008416866287732435,0.016592158218253307,0.053204716336295324,0.04478785004856289
sk_hynix,000660,technical_alpha_semi_etf,technical+domestic_alpha+semi_etf,depth4_slow,test,254,0.2874015748031496,0.2954010695187166,0.2627961145802359,0.26727864135181134,1.3460921882890713,0.509523752928327,42,20,13,57,7,13,62,16,24,0.2608695652173913,0.56,0.16279069767441862,0.09090909090909091,0.48,0.23529411764705882,0.008865851498359799,-0.009690790554644809,0.021428501378237864,0.012562649879878065
sk_hynix,000660,technical_alpha_semi_etf,technical+domestic_alpha+semi_etf,depth4_slow,recent_regime,330,0.3,0.3678774928774929,0.27942584617476807,0.26170129192181013,1.5215644746864991,0.4904310547333804,59,10,9,42,15,15,113,42,25,0.2757009345794392,0.7564102564102564,0.22388059701492538,0.20833333333333334,0.5102040816326531,0.1388888888888889,0.03797694845890413,0.04936734553639765,0.029149933198228256,-0.008827015260675877
sk_hynix,000660,technical_alpha_rates,technical+domestic_alpha+rates,baseline_depth3,validation,253,0.2727272727272727,0.3469251579824713,0.19624273884563095,0.1706996941411992,1.834311876053893,0.5000248093743227,59,4,0,101,6,0,72,7,4,0.2543103448275862,0.9365079365079365,0.35294117647058826,0.056074766355140186,1.0,0.04819277108433735,0.007806204182092749,0.01729534986107255,0.09176602292930597,0.08395981874721321
sk_hynix,000660,technical_alpha_rates,technical+domestic_alpha+rates,shallow_regularized,validation,253,0.26877470355731226,0.3454589757933975,0.17627894873796512,0.1506750222929838,1.6695073641882399,0.5143779041007046,61,2,0,101,6,0,75,7,1,0.25738396624472576,0.9682539682539683,0.4,0.056074766355140186,1.0,0.012048192771084338,0.00808065683438589,0.029933915990101242,0.1080000000000001,0.09991934316561421
sk_hynix,000660,technical_alpha_rates,technical+domestic_alpha+rates,depth3_regularized,validation,253,0.2727272727272727,0.3478259574419917,0.1976664270671761,0.17103878416442259,1.7427354339245258,0.4968853506846968,59,4,0,101,5,1,74,4,5,0.25213675213675213,0.9365079365079365,0.38461538461538464,0.04672897196261682,0.8333333333333334,0.060240963855421686,0.008146764707464704,0.005593792333764177,0.08217702795254998,0.07403026324508528
sk_hynix,000660,technical_alpha_rates,technical+domestic_alpha+rates,depth4_slow,validation,253,0.26877470355731226,0.34343575161050666,0.19755645826524101,0.1696202695173444,1.8469237223573207,0.4966392852754518,58,5,0,102,4,1,72,5,6,0.25,0.9206349206349206,0.2857142857142857,0.037383177570093455,0.8571428571428571,0.07228915662650602,0.00766747445263131,0.008745027935530959,0.08154856364186823,0.07388108918923691
sk_hynix,000660,technical_alpha_rates,technical+domestic_alpha+rates,depth2_fast,validation,253,0.25691699604743085,0.3352123819413539,0.15643564356435644,0.1284571935454415,1.907032894771702,0.5052810692572124,61,2,0,103,4,0,76,7,0,0.25416666666666665,0.9682539682539683,0.3076923076923077,0.037383177570093455,0.0,0.0,0.008000058264099623,0.04247003278592812,,
sk_hynix,000660,technical_alpha_rates,technical+domestic_alpha+rates,depth3_conservative,validation,253,0.2648221343873518,0.3437711683404736,0.18183780184266748,0.15071848592415196,1.6780932149417338,0.49652755927554615,60,3,0,104,2,1,74,4,5,0.25210084033613445,0.9523809523809523,0.2222222222222222,0.018691588785046728,0.8333333333333334,0.060240963855421686,0.007808552175354888,0.020780993394814245,0.07111000855219725,0.06330145637684235
sk_hynix,000660,technical_alpha_rates,technical+domestic_alpha+rates,baseline_depth3_unweighted,validation,253,0.2648221343873518,0.3336407490218998,0.18442553614967408,0.1633700269109837,1.9058642108514163,0.5082671708110335,57,6,0,98,9,0,72,10,1,0.2511013215859031,0.9047619047619048,0.36,0.08411214953271028,1.0,0.012048192771084338,0.008174114467285038,0.020344017021090847,0.1080000000000001,0.09982588553271506
sk_hynix,000660,technical_alpha_rates,technical+domestic_alpha+rates,depth2_fast_unweighted,validation,253,0.25691699604743085,0.3286851604608614,0.1673760374547776,0.14420737067091055,1.8237880140425191,0.5210552466211057,58,5,0,100,7,0,75,8,0,0.24892703862660945,0.9206349206349206,0.35,0.06542056074766354,0.0,0.0,0.008326336332951888,0.026604402201159245,,
sk_hynix,000660,technical_alpha_rates,technical+domestic_alpha+rates,depth3_regularized_unweighted,validation,253,0.25296442687747034,0.32429495462937646,0.1682461302506678,0.14400074865030563,1.8219615164767984,0.5096668218370101,57,6,0,101,6,0,74,8,1,0.24568965517241378,0.9047619047619048,0.3,0.056074766355140186,1.0,0.012048192771084338,0.008580671217572647,0.01867043435620603,0.1080000000000001,0.09941932878242744
sk_hynix,000660,technical_alpha_rates,technical+domestic_alpha+rates,depth4_slow_unweighted,validation,253,0.25296442687747034,0.3264706951228739,0.16525667342429654,0.13902872997042046,1.8221305816208673,0.5083372405304043,58,5,0,102,5,0,72,10,1,0.25,0.9206349206349206,0.25,0.04672897196261682,1.0,0.012048192771084338,0.008059323106510795,0.024718072444523505,0.1080000000000001,0.0999406768934893
sk_hynix,000660,technical_alpha_rates,technical+domestic_alpha+rates,depth3_regularized,test,254,0.2992125984251969,0.32439691027926326,0.2616710739799373,0.2515211470829069,1.4621402404581043,0.5167437801956987,52,19,4,61,14,2,73,19,10,0.27956989247311825,0.6933333333333334,0.2692307692307692,0.18181818181818182,0.625,0.09803921568627451,0.007702118400069107,0.000676745799520477,0.038396147644385946,0.03069402924431684
sk_hynix,000660,technical_alpha_rates,technical+domestic_alpha+rates,depth3_regularized,recent_regime,330,0.2909090909090909,0.36915954415954416,0.2381656182014608,0.22078152440036689,1.7194092059542183,0.5125326017651599,71,5,2,60,7,5,139,23,18,0.26296296296296295,0.9102564102564102,0.2,0.09722222222222222,0.72,0.1,0.036228042069545816,0.04328110490309656,0.06266463269886247,0.02643659062931665
sk_hynix,000660,technical_daily_extended,technical+rates+dollar+semi_etf,baseline_depth3,validation,253,0.2608695652173913,0.34103004511742263,0.16818335018537245,0.1372033075290648,1.976617409216788,0.49503602974912186,61,2,0,105,2,0,76,4,3,0.25206611570247933,0.9682539682539683,0.25,0.018691588785046728,1.0,0.03614457831325301,0.00792315773646481,0.0291098814260611,0.10728039532266742,0.09935723758620262
sk_hynix,000660,technical_daily_extended,technical+rates+dollar+semi_etf,shallow_regularized,validation,253,0.25296442687747034,0.3308221761098689,0.15675643194571556,0.1277535316556866,1.7073651030351185,0.49975542650583266,60,3,0,104,3,0,76,6,1,0.25,0.9523809523809523,0.25,0.028037383177570093,1.0,0.012048192771084338,0.008337199590658841,0.030266375653571067,0.1080000000000001,0.09966280040934125
sk_hynix,000660,technical_daily_extended,technical+rates+dollar+semi_etf,depth3_regularized,validation,253,0.2608695652173913,0.33975510408344545,0.17382449126314037,0.14317132051823056,1.8078440663843387,0.49541670277715794,60,3,0,105,2,0,76,3,4,0.24896265560165975,0.9523809523809523,0.25,0.018691588785046728,1.0,0.04819277108433735,0.008229516749488082,0.011989631928424664,0.09822345438673742,0.08999393763724933
sk_hynix,000660,technical_daily_extended,technical+rates+dollar+semi_etf,depth4_slow,validation,253,0.2608695652173913,0.33975510408344545,0.175189156122219,0.14398744096248287,1.86827487012924,0.5038590646497092,60,3,0,105,2,0,72,7,4,0.25316455696202533,0.9523809523809523,0.16666666666666666,0.018691588785046728,1.0,0.04819277108433735,0.007126117524622743,0.03376383081504523,0.09451714662121055,0.0873910290965878
sk_hynix,000660,technical_daily_extended,technical+rates+dollar+semi_etf,depth2_fast,validation,253,0.25691699604743085,0.3352123819413539,0.15643564356435644,0.1284571935454415,1.819667727607514,0.5187878374389217,61,2,0,103,4,0,76,7,0,0.25416666666666665,0.9682539682539683,0.3076923076923077,0.037383177570093455,0.0,0.0,0.008361680664926912,0.03579392692450123,,
sk_hynix,000660,technical_daily_extended,technical+rates+dollar+semi_etf,depth3_conservative,validation,253,0.26877470355731226,0.3490621736314789,0.18302452337465916,0.1517642215531239,1.7928811570645555,0.5023508223217987,61,2,0,104,2,1,76,2,5,0.25311203319502074,0.9682539682539683,0.3333333333333333,0.018691588785046728,0.8333333333333334,0.060240963855421686,0.007935754091843968,0.0007945773796343506,0.09247336819812879,0.08453761410628483
sk_hynix,000660,technical_daily_extended,technical+rates+dollar+semi_etf,baseline_depth3_unweighted,validation,253,0.2648221343873518,0.34069462838745573,0.18468095994342024,0.15673072252240097,1.9576565246505726,0.5174429849566347,59,4,0,103,4,0,73,6,4,0.251063829787234,0.9365079365079365,0.2857142857142857,0.037383177570093455,1.0,0.04819277108433735,0.00751295451224084,0.018821481152018444,0.11076984077402982,0.10325688626178899
sk_hynix,000660,technical_daily_extended,technical+rates+dollar+semi_etf,depth2_fast_unweighted,validation,253,0.2490118577075099,0.3246303713593433,0.15279132791327912,0.12545197467784955,1.796946622917263,0.5206293635372938,59,4,0,103,4,0,75,8,0,0.2489451476793249,0.9365079365079365,0.25,0.037383177570093455,0.0,0.0,0.008415583456368546,0.029851945652601845,,
sk_hynix,000660,technical_daily_extended,technical+rates+dollar+semi_etf,depth3_regularized_unweighted,validation,253,0.2490118577075099,0.3255311708188637,0.15484600021023862,0.12625329848191927,1.8543090067694477,0.49965285315348107,59,4,0,104,3,0,76,6,1,0.24686192468619247,0.9365079365079365,0.23076923076923078,0.028037383177570093,1.0,0.012048192771084338,0.008329972781844776,0.028712378056928715,0.1080000000000001,0.09967002721815532
sk_hynix,000660,technical_daily_extended,technical+rates+dollar+semi_etf,depth4_slow_unweighted,validation,253,0.25296442687747034,0.3264706951228739,0.16549744897959184,0.13910161396574441,1.8168626458060118,0.5113576645125536,58,5,0,102,5,0,71,11,1,0.2510822510822511,0.9206349206349206,0.23809523809523808,0.04672897196261682,1.0,0.012048192771084338,0.007488950024617543,0.03019890256734869,0.1080000000000001,0.10051104997538256
sk_hynix,000660,technical_daily_extended,technical+rates+dollar+semi_etf,baseline_depth3_unweighted,test,254,0.2755905511811024,0.29678465325524156,0.2442635873617828,0.23709188677938048,1.7058835287316294,0.5119801374876605,47,25,3,60,12,5,69,22,11,0.26704545454545453,0.6266666666666667,0.2033898305084746,0.15584415584415584,0.5789473684210527,0.10784313725490197,0.008813556837201763,-0.0038714477811440753,0.039965925370425474,0.03115236853322371
sk_hynix,000660,technical_daily_extended,technical+rates+dollar+semi_etf,baseline_depth3_unweighted,recent_regime,330,0.3151515151515151,0.40591168091168095,0.301848677691069,0.2648135704874835,1.9165167024871064,0.5362581406534894,64,12,2,45,21,6,138,23,19,0.2591093117408907,0.8205128205128205,0.375,0.2916666666666667,0.7037037037037037,0.10555555555555556,0.04196342377111749,0.021128979725940435,0.04869767821254176,0.006734254441424274
sk_hynix,000660,technical_all_guarded,technical+rates+dollar+semi_etf+monthly_industry+domestic_alpha,baseline_depth3,validation,253,0.26877470355731226,0.34418403475942044,0.18302552659481872,0.15700979125488207,1.859082404372834,0.49212310746800725,60,3,0,101,6,0,71,10,2,0.25862068965517243,0.9523809523809523,0.3157894736842105,0.056074766355140186,1.0,0.024096385542168676,0.007635650746949237,0.029569857670607942,0.06941307028360055,0.061777419536651314
sk_hynix,000660,technical_all_guarded,technical+rates+dollar+semi_etf+monthly_industry+domestic_alpha,shallow_regularized,validation,253,0.26877470355731226,0.3454589757933975,0.1760995640488241,0.15068238911088772,1.6452640016355915,0.5102717012039418,61,2,0,101,6,0,76,6,1,0.25630252100840334,0.9682539682539683,0.42857142857142855,0.056074766355140186,1.0,0.012048192771084338,0.00828921948137315,0.02794929807386894,0.1080000000000001,0.09971078051862695
sk_hynix,000660,technical_all_guarded,technical+rates+dollar+semi_etf+monthly_industry+domestic_alpha,depth3_regularized,validation,253,0.2648221343873518,0.33889302946841515,0.18056915739268678,0.15530730125615036,1.777318683868544,0.4880786430345084,59,4,0,101,6,0,73,8,2,0.2532188841201717,0.9365079365079365,0.3333333333333333,0.056074766355140186,1.0,0.024096385542168676,0.008234074609104561,0.023042160284022846,0.06941307028360055,0.061178995674495994
sk_hynix,000660,technical_all_guarded,technical+rates+dollar+semi_etf+monthly_industry+domestic_alpha,depth4_slow,validation,253,0.2648221343873518,0.3415954278469761,0.18655531595606503,0.15694128745823024,1.8240212783272318,0.504376122184157,59,4,0,103,3,1,72,6,5,0.25213675213675213,0.9365079365079365,0.23076923076923078,0.028037383177570093,0.8333333333333334,0.060240963855421686,0.007806706588840484,0.02491786800939551,0.05357046394835999,0.04576375735951951
sk_hynix,000660,technical_all_guarded,technical+rates+dollar+semi_etf+monthly_industry+domestic_alpha,depth2_fast,validation,253,0.2648221343873518,0.34144291153636946,0.16846532438478748,0.1425452423269756,1.7887827139164585,0.5110462230493504,61,2,0,101,6,0,73,10,0,0.25957446808510637,0.9682539682539683,0.3333333333333333,0.056074766355140186,0.0,0.0,0.007701039098204892,0.036798901195712524,,
sk_hynix,000660,technical_all_guarded,technical+rates+dollar+semi_etf+monthly_industry+domestic_alpha,depth3_conservative,validation,253,0.26877470355731226,0.34561149210400416,0.19364564952800245,0.16385327190953788,1.7310407844971412,0.5061689347407847,59,4,0,102,3,2,72,5,6,0.2532188841201717,0.9365079365079365,0.25,0.028037383177570093,0.75,0.07228915662650602,0.00791850910402461,0.012654924918410583,0.059406586167789176,0.05148807706376456
sk_hynix,000660,technical_all_guarded,technical+rates+dollar+semi_etf+monthly_industry+domestic_alpha,baseline_depth3_unweighted,validation,253,0.26877470355731226,0.33765681327892794,0.192866575097458,0.17115971116680564,1.7673925829261856,0.5138409320144356,57,6,0,98,9,0,69,12,2,0.2544642857142857,0.9047619047619048,0.3333333333333333,0.08411214953271028,1.0,0.024096385542168676,0.007455846727748705,0.02456254081548384,0.06941307028360055,0.06195722355585185
sk_hynix,000660,technical_all_guarded,technical+rates+dollar+semi_etf+monthly_industry+domestic_alpha,depth2_fast_unweighted,validation,253,0.2648221343873518,0.33491569005587696,0.17844611528822055,0.15684269963446168,1.6951326275879355,0.5264051702736089,58,5,0,98,9,0,71,12,0,0.2555066079295154,0.9206349206349206,0.34615384615384615,0.08411214953271028,0.0,0.0,0.007766209659533054,0.027276723726421988,,
sk_hynix,000660,technical_all_guarded,technical+rates+dollar+semi_etf+monthly_industry+domestic_alpha,depth3_regularized_unweighted,validation,253,0.2727272727272727,0.34077207807643567,0.19784169947556748,0.1774720231248022,1.712248476404013,0.49826103049088866,57,6,0,97,10,0,70,11,2,0.2544642857142857,0.9047619047619048,0.37037037037037035,0.09345794392523364,1.0,0.024096385542168676,0.008108966812228105,0.019144063077580684,0.06941307028360055,0.06130410347137245
sk_hynix,000660,technical_all_guarded,technical+rates+dollar+semi_etf+monthly_industry+domestic_alpha,depth4_slow_unweighted,validation,253,0.26877470355731226,0.33765681327892794,0.1932847118491686,0.170960509517357,1.7606683080100571,0.49546087352130674,57,6,0,98,9,0,66,15,2,0.2579185520361991,0.9047619047619048,0.3,0.08411214953271028,1.0,0.024096385542168676,0.006830411146517678,0.027459246855112227,0.06941307028360055,0.06258265913708287
sk_hynix,000660,technical_all_guarded,technical+rates+dollar+semi_etf+monthly_industry+domestic_alpha,depth3_regularized_unweighted,test,254,0.2992125984251969,0.3253425006366183,0.2631436450658418,0.25163232324352347,1.4936092673032901,0.5210213800579584,51,22,2,59,16,2,75,18,9,0.2756756756756757,0.68,0.2857142857142857,0.2077922077922078,0.6923076923076923,0.08823529411764706,0.00892568784143797,-0.004538689518412179,0.052695194512550114,0.043769506671112145
sk_hynix,000660,technical_all_guarded,technical+rates+dollar+semi_etf+monthly_industry+domestic_alpha,depth3_regularized_unweighted,recent_regime,330,0.3212121212121212,0.40178062678062676,0.31982434923611397,0.29330185800774033,1.5611975200165744,0.49971219392149624,47,23,8,31,33,8,78,76,26,0.30128205128205127,0.6025641025641025,0.25,0.4583333333333333,0.6190476190476191,0.14444444444444443,0.036429584663149855,0.04194427232272779,0.03912777842394923,0.0026981937607993764
